Date,Time,DateTime,Load_kWh,,Price_NTD_kWh
11/1/2024,1:00:00,11/1/2024 1:00,1983,,2
11/1/2024,2:00:00,11/1/2024 2:00,1834,,2
11/1/2024,3:00:00,11/1/2024 3:00,1722,,2
11/1/2024,4:00:00,11/1/2024 4:00,1666,,2
11/1/2024,5:00:00,11/1/2024 5:00,1658,,2
11/1/2024,6:00:00,11/1/2024 6:00,1625,,4.7
11/1/2024,7:00:00,11/1/2024 7:00,1649,,4.7
11/1/2024,8:00:00,11/1/2024 8:00,1993,,4.7
11/1/2024,9:00:00,11/1/2024 9:00,2380,,4.7
11/1/2024,10:00:00,11/1/2024 10:00,2870,,4.7
11/1/2024,11:00:00,11/1/2024 11:00,3072,,2
11/1/2024,12:00:00,11/1/2024 12:00,3284,,2
11/1/2024,13:00:00,11/1/2024 13:00,3592,,2
11/1/2024,14:00:00,11/1/2024 14:00,3600,,4.7
11/1/2024,15:00:00,11/1/2024 15:00,3586,,4.7
11/1/2024,16:00:00,11/1/2024 16:00,3543,,4.7
11/1/2024,17:00:00,11/1/2024 17:00,3367,,4.7
11/1/2024,18:00:00,11/1/2024 18:00,3173,,4.7
11/1/2024,19:00:00,11/1/2024 19:00,2983,,4.7
11/1/2024,20:00:00,11/1/2024 20:00,2819,,4.7
11/1/2024,21:00:00,11/1/2024 21:00,2686,,4.7
11/1/2024,22:00:00,11/1/2024 22:00,2523,,4.7
11/1/2024,23:00:00,11/1/2024 23:00,2265,,4.7
11/2/2024,0:00:00,11/2/2024 0:00,2120,,2
11/2/2024,1:00:00,11/2/2024 1:00,2069,,2
11/2/2024,2:00:00,11/2/2024 2:00,1937,,2
11/2/2024,3:00:00,11/2/2024 3:00,1825,,2
11/2/2024,4:00:00,11/2/2024 4:00,1776,,2
11/2/2024,5:00:00,11/2/2024 5:00,1694,,2
11/2/2024,6:00:00,11/2/2024 6:00,1694,,2.1
11/2/2024,7:00:00,11/2/2024 7:00,1734,,2.1
11/2/2024,8:00:00,11/2/2024 8:00,1915,,2.1
11/2/2024,9:00:00,11/2/2024 9:00,2018,,2.1
11/2/2024,10:00:00,11/2/2024 10:00,2140,,2.1
11/2/2024,11:00:00,11/2/2024 11:00,2166,,2
11/2/2024,12:00:00,11/2/2024 12:00,2192,,2
11/2/2024,13:00:00,11/2/2024 13:00,2264,,2
11/2/2024,14:00:00,11/2/2024 14:00,2424,,2.1
11/2/2024,15:00:00,11/2/2024 15:00,2458,,2.1
11/2/2024,16:00:00,11/2/2024 16:00,2416,,2.1
11/2/2024,17:00:00,11/2/2024 17:00,2478,,2.1
11/2/2024,18:00:00,11/2/2024 18:00,2341,,2.1
11/2/2024,19:00:00,11/2/2024 19:00,2281,,2.1
11/2/2024,20:00:00,11/2/2024 20:00,2251,,2.1
11/2/2024,21:00:00,11/2/2024 21:00,2201,,2.1
11/2/2024,22:00:00,11/2/2024 22:00,2120,,2.1
11/2/2024,23:00:00,11/2/2024 23:00,2004,,2.1
11/3/2024,0:00:00,11/3/2024 0:00,1963,,2
11/3/2024,1:00:00,11/3/2024 1:00,1969,,2
11/3/2024,2:00:00,11/3/2024 2:00,1864,,2
11/3/2024,3:00:00,11/3/2024 3:00,1780,,2
11/3/2024,4:00:00,11/3/2024 4:00,1728,,2
11/3/2024,5:00:00,11/3/2024 5:00,1676,,2
11/3/2024,6:00:00,11/3/2024 6:00,1616,,2
11/3/2024,7:00:00,11/3/2024 7:00,1623,,2
11/3/2024,8:00:00,11/3/2024 8:00,1772,,2
11/3/2024,9:00:00,11/3/2024 9:00,1843,,2
11/3/2024,10:00:00,11/3/2024 10:00,1944,,2
11/3/2024,11:00:00,11/3/2024 11:00,2044,,2
11/3/2024,12:00:00,11/3/2024 12:00,2184,,2
11/3/2024,13:00:00,11/3/2024 13:00,2263,,2
11/3/2024,14:00:00,11/3/2024 14:00,2332,,2
11/3/2024,15:00:00,11/3/2024 15:00,2460,,2
11/3/2024,16:00:00,11/3/2024 16:00,2388,,2
11/3/2024,17:00:00,11/3/2024 17:00,2370,,2
11/3/2024,18:00:00,11/3/2024 18:00,2277,,2
11/3/2024,19:00:00,11/3/2024 19:00,2260,,2
11/3/2024,20:00:00,11/3/2024 20:00,2246,,2
11/3/2024,21:00:00,11/3/2024 21:00,2245,,2
11/3/2024,22:00:00,11/3/2024 22:00,2174,,2
11/3/2024,23:00:00,11/3/2024 23:00,2097,,2
11/4/2024,0:00:00,11/4/2024 0:00,2074,,2
11/4/2024,1:00:00,11/4/2024 1:00,2048,,2
11/4/2024,2:00:00,11/4/2024 2:00,1909,,2
11/4/2024,3:00:00,11/4/2024 3:00,1794,,2
11/4/2024,4:00:00,11/4/2024 4:00,1727,,2
11/4/2024,5:00:00,11/4/2024 5:00,1700,,2
11/4/2024,6:00:00,11/4/2024 6:00,1700,,4.7
11/4/2024,7:00:00,11/4/2024 7:00,1774,,4.7
11/4/2024,8:00:00,11/4/2024 8:00,2136,,4.7
11/4/2024,9:00:00,11/4/2024 9:00,2559,,4.7
11/4/2024,10:00:00,11/4/2024 10:00,3099,,4.7
11/4/2024,11:00:00,11/4/2024 11:00,3336,,2
11/4/2024,12:00:00,11/4/2024 12:00,3541,,2
11/4/2024,13:00:00,11/4/2024 13:00,3652,,2
11/4/2024,14:00:00,11/4/2024 14:00,3631,,4.7
11/4/2024,15:00:00,11/4/2024 15:00,3622,,4.7
11/4/2024,16:00:00,11/4/2024 16:00,3573,,4.7
11/4/2024,17:00:00,11/4/2024 17:00,3413,,4.7
11/4/2024,18:00:00,11/4/2024 18:00,3274,,4.7
11/4/2024,19:00:00,11/4/2024 19:00,3228,,4.7
11/4/2024,20:00:00,11/4/2024 20:00,3059,,4.7
11/4/2024,21:00:00,11/4/2024 21:00,2852,,4.7
11/4/2024,22:00:00,11/4/2024 22:00,2596,,4.7
11/4/2024,23:00:00,11/4/2024 23:00,2369,,4.7
11/5/2024,0:00:00,11/5/2024 0:00,2257,,2
11/5/2024,1:00:00,11/5/2024 1:00,2117,,2
11/5/2024,2:00:00,11/5/2024 2:00,1989,,2
11/5/2024,3:00:00,11/5/2024 3:00,1847,,2
11/5/2024,4:00:00,11/5/2024 4:00,1784,,2
11/5/2024,5:00:00,11/5/2024 5:00,1744,,2
11/5/2024,6:00:00,11/5/2024 6:00,1760,,4.7
11/5/2024,7:00:00,11/5/2024 7:00,1772,,4.7
11/5/2024,8:00:00,11/5/2024 8:00,2090,,4.7
11/5/2024,9:00:00,11/5/2024 9:00,2533,,4.7
11/5/2024,10:00:00,11/5/2024 10:00,2830,,4.7
11/5/2024,11:00:00,11/5/2024 11:00,3027,,2
11/5/2024,12:00:00,11/5/2024 12:00,3212,,2
11/5/2024,13:00:00,11/5/2024 13:00,3424,,2
11/5/2024,14:00:00,11/5/2024 14:00,3486,,4.7
11/5/2024,15:00:00,11/5/2024 15:00,3387,,4.7
11/5/2024,16:00:00,11/5/2024 16:00,3332,,4.7
11/5/2024,17:00:00,11/5/2024 17:00,3284,,4.7
11/5/2024,18:00:00,11/5/2024 18:00,3027,,4.7
11/5/2024,19:00:00,11/5/2024 19:00,2980,,4.7
11/5/2024,20:00:00,11/5/2024 20:00,2786,,4.7
11/5/2024,21:00:00,11/5/2024 21:00,2632,,4.7
11/5/2024,22:00:00,11/5/2024 22:00,2453,,4.7
11/5/2024,23:00:00,11/5/2024 23:00,2236,,4.7
11/6/2024,0:00:00,11/6/2024 0:00,2135,,2
11/6/2024,1:00:00,11/6/2024 1:00,2003,,2
11/6/2024,2:00:00,11/6/2024 2:00,1857,,2
11/6/2024,3:00:00,11/6/2024 3:00,1753,,2
11/6/2024,4:00:00,11/6/2024 4:00,1669,,2
11/6/2024,5:00:00,11/6/2024 5:00,1653,,2
11/6/2024,6:00:00,11/6/2024 6:00,1637,,4.7
11/6/2024,7:00:00,11/6/2024 7:00,1688,,4.7
11/6/2024,8:00:00,11/6/2024 8:00,1987,,4.7
11/6/2024,9:00:00,11/6/2024 9:00,2304,,4.7
11/6/2024,10:00:00,11/6/2024 10:00,2577,,4.7
11/6/2024,11:00:00,11/6/2024 11:00,2778,,2
11/6/2024,12:00:00,11/6/2024 12:00,2891,,2
11/6/2024,13:00:00,11/6/2024 13:00,2950,,2
11/6/2024,14:00:00,11/6/2024 14:00,2943,,4.7
11/6/2024,15:00:00,11/6/2024 15:00,3034,,4.7
11/6/2024,16:00:00,11/6/2024 16:00,3002,,4.7
11/6/2024,17:00:00,11/6/2024 17:00,2943,,4.7
11/6/2024,18:00:00,11/6/2024 18:00,2845,,4.7
11/6/2024,19:00:00,11/6/2024 19:00,2692,,4.7
11/6/2024,20:00:00,11/6/2024 20:00,2557,,4.7
11/6/2024,21:00:00,11/6/2024 21:00,2428,,4.7
11/6/2024,22:00:00,11/6/2024 22:00,2333,,4.7
11/6/2024,23:00:00,11/6/2024 23:00,2159,,4.7
11/7/2024,0:00:00,11/7/2024 0:00,2036,,2
11/7/2024,1:00:00,11/7/2024 1:00,1964,,2
11/7/2024,2:00:00,11/7/2024 2:00,1836,,2
11/7/2024,3:00:00,11/7/2024 3:00,1681,,2
11/7/2024,4:00:00,11/7/2024 4:00,1629,,2
11/7/2024,5:00:00,11/7/2024 5:00,1595,,2
11/7/2024,6:00:00,11/7/2024 6:00,1611,,4.7
11/7/2024,7:00:00,11/7/2024 7:00,1681,,4.7
11/7/2024,8:00:00,11/7/2024 8:00,1931,,4.7
11/7/2024,9:00:00,11/7/2024 9:00,2232,,4.7
11/7/2024,10:00:00,11/7/2024 10:00,2517,,4.7
11/7/2024,11:00:00,11/7/2024 11:00,2671,,2
11/7/2024,12:00:00,11/7/2024 12:00,2764,,2
11/7/2024,13:00:00,11/7/2024 13:00,2879,,2
11/7/2024,14:00:00,11/7/2024 14:00,2961,,4.7
11/7/2024,15:00:00,11/7/2024 15:00,3044,,4.7
11/7/2024,16:00:00,11/7/2024 16:00,3007,,4.7
11/7/2024,17:00:00,11/7/2024 17:00,2880,,4.7
11/7/2024,18:00:00,11/7/2024 18:00,2761,,4.7
11/7/2024,19:00:00,11/7/2024 19:00,2773,,4.7
11/7/2024,20:00:00,11/7/2024 20:00,2680,,4.7
11/7/2024,21:00:00,11/7/2024 21:00,2608,,4.7
11/7/2024,22:00:00,11/7/2024 22:00,2376,,4.7
11/7/2024,23:00:00,11/7/2024 23:00,2131,,4.7
11/8/2024,0:00:00,11/8/2024 0:00,2064,,2
11/8/2024,1:00:00,11/8/2024 1:00,1949,,2
11/8/2024,2:00:00,11/8/2024 2:00,1813,,2
11/8/2024,3:00:00,11/8/2024 3:00,1698,,2
11/8/2024,4:00:00,11/8/2024 4:00,1624,,2
11/8/2024,5:00:00,11/8/2024 5:00,1590,,2
11/8/2024,6:00:00,11/8/2024 6:00,1604,,4.7
11/8/2024,7:00:00,11/8/2024 7:00,1660,,4.7
11/8/2024,8:00:00,11/8/2024 8:00,1913,,4.7
11/8/2024,9:00:00,11/8/2024 9:00,2225,,4.7
11/8/2024,10:00:00,11/8/2024 10:00,2526,,4.7
11/8/2024,11:00:00,11/8/2024 11:00,2694,,2
11/8/2024,12:00:00,11/8/2024 12:00,2840,,2
11/8/2024,13:00:00,11/8/2024 13:00,2972,,2
11/8/2024,14:00:00,11/8/2024 14:00,2985,,4.7
11/8/2024,15:00:00,11/8/2024 15:00,2976,,4.7
11/8/2024,16:00:00,11/8/2024 16:00,2931,,4.7
11/8/2024,17:00:00,11/8/2024 17:00,2874,,4.7
11/8/2024,18:00:00,11/8/2024 18:00,2779,,4.7
11/8/2024,19:00:00,11/8/2024 19:00,2689,,4.7
11/8/2024,20:00:00,11/8/2024 20:00,2537,,4.7
11/8/2024,21:00:00,11/8/2024 21:00,2364,,4.7
11/8/2024,22:00:00,11/8/2024 22:00,2213,,4.7
11/8/2024,23:00:00,11/8/2024 23:00,2063,,4.7
11/9/2024,0:00:00,11/9/2024 0:00,1986,,2
11/9/2024,1:00:00,11/9/2024 1:00,1908,,2
11/9/2024,2:00:00,11/9/2024 2:00,1817,,2
11/9/2024,3:00:00,11/9/2024 3:00,1693,,2
11/9/2024,4:00:00,11/9/2024 4:00,1640,,2
11/9/2024,5:00:00,11/9/2024 5:00,1620,,2
11/9/2024,6:00:00,11/9/2024 6:00,1607,,2.1
11/9/2024,7:00:00,11/9/2024 7:00,1639,,2.1
11/9/2024,8:00:00,11/9/2024 8:00,1914,,2.1
11/9/2024,9:00:00,11/9/2024 9:00,2085,,2.1
11/9/2024,10:00:00,11/9/2024 10:00,2166,,2.1
11/9/2024,11:00:00,11/9/2024 11:00,2279,,2
11/9/2024,12:00:00,11/9/2024 12:00,2477,,2
11/9/2024,13:00:00,11/9/2024 13:00,2549,,2
11/9/2024,14:00:00,11/9/2024 14:00,2572,,2.1
11/9/2024,15:00:00,11/9/2024 15:00,2566,,2.1
11/9/2024,16:00:00,11/9/2024 16:00,2489,,2.1
11/9/2024,17:00:00,11/9/2024 17:00,2426,,2.1
11/9/2024,18:00:00,11/9/2024 18:00,2278,,2.1
11/9/2024,19:00:00,11/9/2024 19:00,2207,,2.1
11/9/2024,20:00:00,11/9/2024 20:00,2175,,2.1
11/9/2024,21:00:00,11/9/2024 21:00,2152,,2.1
11/9/2024,22:00:00,11/9/2024 22:00,2098,,2.1
11/9/2024,23:00:00,11/9/2024 23:00,1997,,2.1
11/10/2024,0:00:00,11/10/2024 0:00,1952,,2
11/10/2024,1:00:00,11/10/2024 1:00,1965,,2
11/10/2024,2:00:00,11/10/2024 2:00,1864,,2
11/10/2024,3:00:00,11/10/2024 3:00,1772,,2
11/10/2024,4:00:00,11/10/2024 4:00,1678,,2
11/10/2024,5:00:00,11/10/2024 5:00,1645,,2
11/10/2024,6:00:00,11/10/2024 6:00,1621,,2
11/10/2024,7:00:00,11/10/2024 7:00,1627,,2
11/10/2024,8:00:00,11/10/2024 8:00,1785,,2
11/10/2024,9:00:00,11/10/2024 9:00,1857,,2
11/10/2024,10:00:00,11/10/2024 10:00,1955,,2
11/10/2024,11:00:00,11/10/2024 11:00,2083,,2
11/10/2024,12:00:00,11/10/2024 12:00,2150,,2
11/10/2024,13:00:00,11/10/2024 13:00,2276,,2
11/10/2024,14:00:00,11/10/2024 14:00,2218,,2
11/10/2024,15:00:00,11/10/2024 15:00,2347,,2
11/10/2024,16:00:00,11/10/2024 16:00,2259,,2
11/10/2024,17:00:00,11/10/2024 17:00,2275,,2
11/10/2024,18:00:00,11/10/2024 18:00,2243,,2
11/10/2024,19:00:00,11/10/2024 19:00,2209,,2
11/10/2024,20:00:00,11/10/2024 20:00,2202,,2
11/10/2024,21:00:00,11/10/2024 21:00,2197,,2
11/10/2024,22:00:00,11/10/2024 22:00,2170,,2
11/10/2024,23:00:00,11/10/2024 23:00,2107,,2
11/11/2024,0:00:00,11/11/2024 0:00,2044,,2
11/11/2024,1:00:00,11/11/2024 1:00,2004,,2
11/11/2024,2:00:00,11/11/2024 2:00,1889,,2
11/11/2024,3:00:00,11/11/2024 3:00,1771,,2
11/11/2024,4:00:00,11/11/2024 4:00,1692,,2
11/11/2024,5:00:00,11/11/2024 5:00,1677,,2
11/11/2024,6:00:00,11/11/2024 6:00,1677,,4.7
11/11/2024,7:00:00,11/11/2024 7:00,1771,,4.7
11/11/2024,8:00:00,11/11/2024 8:00,2097,,4.7
11/11/2024,9:00:00,11/11/2024 9:00,2404,,4.7
11/11/2024,10:00:00,11/11/2024 10:00,2719,,4.7
11/11/2024,11:00:00,11/11/2024 11:00,2968,,2
11/11/2024,12:00:00,11/11/2024 12:00,3119,,2
11/11/2024,13:00:00,11/11/2024 13:00,3272,,2
11/11/2024,14:00:00,11/11/2024 14:00,3324,,4.7
11/11/2024,15:00:00,11/11/2024 15:00,3342,,4.7
11/11/2024,16:00:00,11/11/2024 16:00,3283,,4.7
11/11/2024,17:00:00,11/11/2024 17:00,3175,,4.7
11/11/2024,18:00:00,11/11/2024 18:00,3096,,4.7
11/11/2024,19:00:00,11/11/2024 19:00,3077,,4.7
11/11/2024,20:00:00,11/11/2024 20:00,2945,,4.7
11/11/2024,21:00:00,11/11/2024 21:00,2806,,4.7
11/11/2024,22:00:00,11/11/2024 22:00,2640,,4.7
11/11/2024,23:00:00,11/11/2024 23:00,2393,,4.7
11/12/2024,0:00:00,11/12/2024 0:00,2224,,2
11/12/2024,1:00:00,11/12/2024 1:00,2112,,2
11/12/2024,2:00:00,11/12/2024 2:00,1972,,2
11/12/2024,3:00:00,11/12/2024 3:00,1856,,2
11/12/2024,4:00:00,11/12/2024 4:00,1777,,2
11/12/2024,5:00:00,11/12/2024 5:00,1768,,2
11/12/2024,6:00:00,11/12/2024 6:00,1754,,4.7
11/12/2024,7:00:00,11/12/2024 7:00,1872,,4.7
11/12/2024,8:00:00,11/12/2024 8:00,2216,,4.7
11/12/2024,9:00:00,11/12/2024 9:00,2590,,4.7
11/12/2024,10:00:00,11/12/2024 10:00,2983,,4.7
11/12/2024,11:00:00,11/12/2024 11:00,3201,,2
11/12/2024,12:00:00,11/12/2024 12:00,3363,,2
11/12/2024,13:00:00,11/12/2024 13:00,3534,,2
11/12/2024,14:00:00,11/12/2024 14:00,3508,,4.7
11/12/2024,15:00:00,11/12/2024 15:00,3506,,4.7
11/12/2024,16:00:00,11/12/2024 16:00,3482,,4.7
11/12/2024,17:00:00,11/12/2024 17:00,3375,,4.7
11/12/2024,18:00:00,11/12/2024 18:00,3289,,4.7
11/12/2024,19:00:00,11/12/2024 19:00,3150,,4.7
11/12/2024,20:00:00,11/12/2024 20:00,2929,,4.7
11/12/2024,21:00:00,11/12/2024 21:00,2781,,4.7
11/12/2024,22:00:00,11/12/2024 22:00,2608,,4.7
11/12/2024,23:00:00,11/12/2024 23:00,2401,,4.7
11/13/2024,0:00:00,11/13/2024 0:00,2280,,2
11/13/2024,1:00:00,11/13/2024 1:00,2148,,2
11/13/2024,2:00:00,11/13/2024 2:00,1996,,2
11/13/2024,3:00:00,11/13/2024 3:00,1865,,2
11/13/2024,4:00:00,11/13/2024 4:00,1850,,2
11/13/2024,5:00:00,11/13/2024 5:00,1780,,2
11/13/2024,6:00:00,11/13/2024 6:00,1797,,4.7
11/13/2024,7:00:00,11/13/2024 7:00,1831,,4.7
11/13/2024,8:00:00,11/13/2024 8:00,2250,,4.7
11/13/2024,9:00:00,11/13/2024 9:00,2636,,4.7
11/13/2024,10:00:00,11/13/2024 10:00,3059,,4.7
11/13/2024,11:00:00,11/13/2024 11:00,3205,,2
11/13/2024,12:00:00,11/13/2024 12:00,3368,,2
11/13/2024,13:00:00,11/13/2024 13:00,3547,,2
11/13/2024,14:00:00,11/13/2024 14:00,3601,,4.7
11/13/2024,15:00:00,11/13/2024 15:00,3626,,4.7
11/13/2024,16:00:00,11/13/2024 16:00,3580,,4.7
11/13/2024,17:00:00,11/13/2024 17:00,3514,,4.7
11/13/2024,18:00:00,11/13/2024 18:00,3338,,4.7
11/13/2024,19:00:00,11/13/2024 19:00,3202,,4.7
11/13/2024,20:00:00,11/13/2024 20:00,3055,,4.7
11/13/2024,21:00:00,11/13/2024 21:00,2900,,4.7
11/13/2024,22:00:00,11/13/2024 22:00,2697,,4.7
11/13/2024,23:00:00,11/13/2024 23:00,2454,,4.7
11/14/2024,0:00:00,11/14/2024 0:00,2329,,2
11/14/2024,1:00:00,11/14/2024 1:00,2258,,2
11/14/2024,2:00:00,11/14/2024 2:00,2102,,2
11/14/2024,3:00:00,11/14/2024 3:00,1963,,2
11/14/2024,4:00:00,11/14/2024 4:00,1871,,2
11/14/2024,5:00:00,11/14/2024 5:00,1855,,2
11/14/2024,6:00:00,11/14/2024 6:00,1847,,4.7
11/14/2024,7:00:00,11/14/2024 7:00,1919,,4.7
11/14/2024,8:00:00,11/14/2024 8:00,2315,,4.7
11/14/2024,9:00:00,11/14/2024 9:00,2811,,4.7
11/14/2024,10:00:00,11/14/2024 10:00,3284,,4.7
11/14/2024,11:00:00,11/14/2024 11:00,3515,,2
11/14/2024,12:00:00,11/14/2024 12:00,3665,,2
11/14/2024,13:00:00,11/14/2024 13:00,3841,,2
11/14/2024,14:00:00,11/14/2024 14:00,3831,,4.7
11/14/2024,15:00:00,11/14/2024 15:00,3787,,4.7
11/14/2024,16:00:00,11/14/2024 16:00,3725,,4.7
11/14/2024,17:00:00,11/14/2024 17:00,3676,,4.7
11/14/2024,18:00:00,11/14/2024 18:00,3486,,4.7
11/14/2024,19:00:00,11/14/2024 19:00,3390,,4.7
11/14/2024,20:00:00,11/14/2024 20:00,3230,,4.7
11/14/2024,21:00:00,11/14/2024 21:00,3046,,4.7
11/14/2024,22:00:00,11/14/2024 22:00,2805,,4.7
11/14/2024,23:00:00,11/14/2024 23:00,2557,,4.7
11/15/2024,0:00:00,11/15/2024 0:00,2409,,2
11/15/2024,1:00:00,11/15/2024 1:00,2319,,2
11/15/2024,2:00:00,11/15/2024 2:00,2161,,2
11/15/2024,3:00:00,11/15/2024 3:00,2025,,2
11/15/2024,4:00:00,11/15/2024 4:00,1920,,2
11/15/2024,5:00:00,11/15/2024 5:00,1854,,2
11/15/2024,6:00:00,11/15/2024 6:00,1843,,4.7
11/15/2024,7:00:00,11/15/2024 7:00,1873,,4.7
11/15/2024,8:00:00,11/15/2024 8:00,2230,,4.7
11/15/2024,9:00:00,11/15/2024 9:00,2668,,4.7
11/15/2024,10:00:00,11/15/2024 10:00,3180,,4.7
11/15/2024,11:00:00,11/15/2024 11:00,3513,,2
11/15/2024,12:00:00,11/15/2024 12:00,3822,,2
11/15/2024,13:00:00,11/15/2024 13:00,4018,,2
11/15/2024,14:00:00,11/15/2024 14:00,3902,,4.7
11/15/2024,15:00:00,11/15/2024 15:00,3800,,4.7
11/15/2024,16:00:00,11/15/2024 16:00,3715,,4.7
11/15/2024,17:00:00,11/15/2024 17:00,3565,,4.7
11/15/2024,18:00:00,11/15/2024 18:00,3297,,4.7
11/15/2024,19:00:00,11/15/2024 19:00,3132,,4.7
11/15/2024,20:00:00,11/15/2024 20:00,2900,,4.7
11/15/2024,21:00:00,11/15/2024 21:00,2777,,4.7
11/15/2024,22:00:00,11/15/2024 22:00,2568,,4.7
11/15/2024,23:00:00,11/15/2024 23:00,2395,,4.7
11/16/2024,0:00:00,11/16/2024 0:00,2302,,2
11/16/2024,1:00:00,11/16/2024 1:00,2173,,2
11/16/2024,2:00:00,11/16/2024 2:00,2086,,2
11/16/2024,3:00:00,11/16/2024 3:00,1945,,2
11/16/2024,4:00:00,11/16/2024 4:00,1858,,2
11/16/2024,5:00:00,11/16/2024 5:00,1797,,2
11/16/2024,6:00:00,11/16/2024 6:00,1794,,2.1
11/16/2024,7:00:00,11/16/2024 7:00,1817,,2.1
11/16/2024,8:00:00,11/16/2024 8:00,1927,,2.1
11/16/2024,9:00:00,11/16/2024 9:00,2146,,2.1
11/16/2024,10:00:00,11/16/2024 10:00,2374,,2.1
11/16/2024,11:00:00,11/16/2024 11:00,2526,,2
11/16/2024,12:00:00,11/16/2024 12:00,2643,,2
11/16/2024,13:00:00,11/16/2024 13:00,2793,,2
11/16/2024,14:00:00,11/16/2024 14:00,2750,,2.1
11/16/2024,15:00:00,11/16/2024 15:00,2715,,2.1
11/16/2024,16:00:00,11/16/2024 16:00,2625,,2.1
11/16/2024,17:00:00,11/16/2024 17:00,2539,,2.1
11/16/2024,18:00:00,11/16/2024 18:00,2412,,2.1
11/16/2024,19:00:00,11/16/2024 19:00,2328,,2.1
11/16/2024,20:00:00,11/16/2024 20:00,2289,,2.1
11/16/2024,21:00:00,11/16/2024 21:00,2247,,2.1
11/16/2024,22:00:00,11/16/2024 22:00,2222,,2.1
11/16/2024,23:00:00,11/16/2024 23:00,2158,,2.1
11/17/2024,0:00:00,11/17/2024 0:00,2080,,2
11/17/2024,1:00:00,11/17/2024 1:00,2032,,2
11/17/2024,2:00:00,11/17/2024 2:00,1940,,2
11/17/2024,3:00:00,11/17/2024 3:00,1828,,2
11/17/2024,4:00:00,11/17/2024 4:00,1742,,2
11/17/2024,5:00:00,11/17/2024 5:00,1701,,2
11/17/2024,6:00:00,11/17/2024 6:00,1683,,2
11/17/2024,7:00:00,11/17/2024 7:00,1680,,2
11/17/2024,8:00:00,11/17/2024 8:00,1738,,2
11/17/2024,9:00:00,11/17/2024 9:00,1857,,2
11/17/2024,10:00:00,11/17/2024 10:00,1937,,2
11/17/2024,11:00:00,11/17/2024 11:00,2020,,2
11/17/2024,12:00:00,11/17/2024 12:00,2085,,2
11/17/2024,13:00:00,11/17/2024 13:00,2184,,2
11/17/2024,14:00:00,11/17/2024 14:00,2194,,2
11/17/2024,15:00:00,11/17/2024 15:00,2291,,2
11/17/2024,16:00:00,11/17/2024 16:00,2248,,2
11/17/2024,17:00:00,11/17/2024 17:00,2265,,2
11/17/2024,18:00:00,11/17/2024 18:00,2197,,2
11/17/2024,19:00:00,11/17/2024 19:00,2197,,2
11/17/2024,20:00:00,11/17/2024 20:00,2176,,2
11/17/2024,21:00:00,11/17/2024 21:00,2140,,2
11/17/2024,22:00:00,11/17/2024 22:00,2187,,2
11/17/2024,23:00:00,11/17/2024 23:00,2137,,2
11/18/2024,0:00:00,11/18/2024 0:00,2069,,2
11/18/2024,1:00:00,11/18/2024 1:00,2073,,2
11/18/2024,2:00:00,11/18/2024 2:00,1973,,2
11/18/2024,3:00:00,11/18/2024 3:00,1779,,2
11/18/2024,4:00:00,11/18/2024 4:00,1681,,2
11/18/2024,5:00:00,11/18/2024 5:00,1646,,2
11/18/2024,6:00:00,11/18/2024 6:00,1663,,4.7
11/18/2024,7:00:00,11/18/2024 7:00,1757,,4.7
11/18/2024,8:00:00,11/18/2024 8:00,1957,,4.7
11/18/2024,9:00:00,11/18/2024 9:00,2297,,4.7
11/18/2024,10:00:00,11/18/2024 10:00,2623,,4.7
11/18/2024,11:00:00,11/18/2024 11:00,2757,,2
11/18/2024,12:00:00,11/18/2024 12:00,2889,,2
11/18/2024,13:00:00,11/18/2024 13:00,2943,,2
11/18/2024,14:00:00,11/18/2024 14:00,3008,,4.7
11/18/2024,15:00:00,11/18/2024 15:00,3043,,4.7
11/18/2024,16:00:00,11/18/2024 16:00,2996,,4.7
11/18/2024,17:00:00,11/18/2024 17:00,2930,,4.7
11/18/2024,18:00:00,11/18/2024 18:00,2807,,4.7
11/18/2024,19:00:00,11/18/2024 19:00,2758,,4.7
11/18/2024,20:00:00,11/18/2024 20:00,2581,,4.7
11/18/2024,21:00:00,11/18/2024 21:00,2487,,4.7
11/18/2024,22:00:00,11/18/2024 22:00,2329,,4.7
11/18/2024,23:00:00,11/18/2024 23:00,2081,,4.7
11/19/2024,0:00:00,11/19/2024 0:00,1988,,2
11/19/2024,1:00:00,11/19/2024 1:00,1871,,2
11/19/2024,2:00:00,11/19/2024 2:00,1767,,2
11/19/2024,3:00:00,11/19/2024 3:00,1629,,2
11/19/2024,4:00:00,11/19/2024 4:00,1569,,2
11/19/2024,5:00:00,11/19/2024 5:00,1551,,2
11/19/2024,6:00:00,11/19/2024 6:00,1564,,4.7
11/19/2024,7:00:00,11/19/2024 7:00,1583,,4.7
11/19/2024,8:00:00,11/19/2024 8:00,1854,,4.7
11/19/2024,9:00:00,11/19/2024 9:00,2198,,4.7
11/19/2024,10:00:00,11/19/2024 10:00,2463,,4.7
11/19/2024,11:00:00,11/19/2024 11:00,2610,,2
11/19/2024,12:00:00,11/19/2024 12:00,2753,,2
11/19/2024,13:00:00,11/19/2024 13:00,2923,,2
11/19/2024,14:00:00,11/19/2024 14:00,2903,,4.7
11/19/2024,15:00:00,11/19/2024 15:00,2904,,4.7
11/19/2024,16:00:00,11/19/2024 16:00,2871,,4.7
11/19/2024,17:00:00,11/19/2024 17:00,2851,,4.7
11/19/2024,18:00:00,11/19/2024 18:00,2728,,4.7
11/19/2024,19:00:00,11/19/2024 19:00,2697,,4.7
11/19/2024,20:00:00,11/19/2024 20:00,2563,,4.7
11/19/2024,21:00:00,11/19/2024 21:00,2431,,4.7
11/19/2024,22:00:00,11/19/2024 22:00,2288,,4.7
11/19/2024,23:00:00,11/19/2024 23:00,2126,,4.7
11/20/2024,0:00:00,11/20/2024 0:00,1997,,2
11/20/2024,1:00:00,11/20/2024 1:00,1919,,2
11/20/2024,2:00:00,11/20/2024 2:00,1763,,2
11/20/2024,3:00:00,11/20/2024 3:00,1667,,2
11/20/2024,4:00:00,11/20/2024 4:00,1568,,2
11/20/2024,5:00:00,11/20/2024 5:00,1555,,2
11/20/2024,6:00:00,11/20/2024 6:00,1592,,4.7
11/20/2024,7:00:00,11/20/2024 7:00,1617,,4.7
11/20/2024,8:00:00,11/20/2024 8:00,1879,,4.7
11/20/2024,9:00:00,11/20/2024 9:00,2166,,4.7
11/20/2024,10:00:00,11/20/2024 10:00,2446,,4.7
11/20/2024,11:00:00,11/20/2024 11:00,2652,,2
11/20/2024,12:00:00,11/20/2024 12:00,2734,,2
11/20/2024,13:00:00,11/20/2024 13:00,2829,,2
11/20/2024,14:00:00,11/20/2024 14:00,2862,,4.7
11/20/2024,15:00:00,11/20/2024 15:00,2972,,4.7
11/20/2024,16:00:00,11/20/2024 16:00,2930,,4.7
11/20/2024,17:00:00,11/20/2024 17:00,2848,,4.7
11/20/2024,18:00:00,11/20/2024 18:00,2744,,4.7
11/20/2024,19:00:00,11/20/2024 19:00,2670,,4.7
11/20/2024,20:00:00,11/20/2024 20:00,2517,,4.7
11/20/2024,21:00:00,11/20/2024 21:00,2396,,4.7
11/20/2024,22:00:00,11/20/2024 22:00,2273,,4.7
11/20/2024,23:00:00,11/20/2024 23:00,2120,,4.7
11/21/2024,0:00:00,11/21/2024 0:00,2021,,2
11/21/2024,1:00:00,11/21/2024 1:00,1954,,2
11/21/2024,2:00:00,11/21/2024 2:00,1781,,2
11/21/2024,3:00:00,11/21/2024 3:00,1635,,2
11/21/2024,4:00:00,11/21/2024 4:00,1578,,2
11/21/2024,5:00:00,11/21/2024 5:00,1536,,2
11/21/2024,6:00:00,11/21/2024 6:00,1554,,4.7
11/21/2024,7:00:00,11/21/2024 7:00,1606,,4.7
11/21/2024,8:00:00,11/21/2024 8:00,1854,,4.7
11/21/2024,9:00:00,11/21/2024 9:00,2152,,4.7
11/21/2024,10:00:00,11/21/2024 10:00,2406,,4.7
11/21/2024,11:00:00,11/21/2024 11:00,2554,,2
11/21/2024,12:00:00,11/21/2024 12:00,2696,,2
11/21/2024,13:00:00,11/21/2024 13:00,2837,,2
11/21/2024,14:00:00,11/21/2024 14:00,2819,,4.7
11/21/2024,15:00:00,11/21/2024 15:00,2875,,4.7
11/21/2024,16:00:00,11/21/2024 16:00,2794,,4.7
11/21/2024,17:00:00,11/21/2024 17:00,2773,,4.7
11/21/2024,18:00:00,11/21/2024 18:00,2721,,4.7
11/21/2024,19:00:00,11/21/2024 19:00,2667,,4.7
11/21/2024,20:00:00,11/21/2024 20:00,2535,,4.7
11/21/2024,21:00:00,11/21/2024 21:00,2440,,4.7
11/21/2024,22:00:00,11/21/2024 22:00,2277,,4.7
11/21/2024,23:00:00,11/21/2024 23:00,2086,,4.7
11/22/2024,0:00:00,11/22/2024 0:00,1997,,2
11/22/2024,1:00:00,11/22/2024 1:00,1873,,2
11/22/2024,2:00:00,11/22/2024 2:00,1724,,2
11/22/2024,3:00:00,11/22/2024 3:00,1615,,2
11/22/2024,4:00:00,11/22/2024 4:00,1557,,2
11/22/2024,5:00:00,11/22/2024 5:00,1531,,2
11/22/2024,6:00:00,11/22/2024 6:00,1538,,4.7
11/22/2024,7:00:00,11/22/2024 7:00,1548,,4.7
11/22/2024,8:00:00,11/22/2024 8:00,1830,,4.7
11/22/2024,9:00:00,11/22/2024 9:00,2139,,4.7
11/22/2024,10:00:00,11/22/2024 10:00,2360,,4.7
11/22/2024,11:00:00,11/22/2024 11:00,2460,,2
11/22/2024,12:00:00,11/22/2024 12:00,2603,,2
11/22/2024,13:00:00,11/22/2024 13:00,2732,,2
11/22/2024,14:00:00,11/22/2024 14:00,2700,,4.7
11/22/2024,15:00:00,11/22/2024 15:00,2742,,4.7
11/22/2024,16:00:00,11/22/2024 16:00,2732,,4.7
11/22/2024,17:00:00,11/22/2024 17:00,2681,,4.7
11/22/2024,18:00:00,11/22/2024 18:00,2533,,4.7
11/22/2024,19:00:00,11/22/2024 19:00,2437,,4.7
11/22/2024,20:00:00,11/22/2024 20:00,2314,,4.7
11/22/2024,21:00:00,11/22/2024 21:00,2228,,4.7
11/22/2024,22:00:00,11/22/2024 22:00,2069,,4.7
11/22/2024,23:00:00,11/22/2024 23:00,1926,,4.7
11/23/2024,0:00:00,11/23/2024 0:00,1858,,2
11/23/2024,1:00:00,11/23/2024 1:00,1799,,2
11/23/2024,2:00:00,11/23/2024 2:00,1696,,2
11/23/2024,3:00:00,11/23/2024 3:00,1613,,2
11/23/2024,4:00:00,11/23/2024 4:00,1528,,2
11/23/2024,5:00:00,11/23/2024 5:00,1479,,2
11/23/2024,6:00:00,11/23/2024 6:00,1459,,2.1
11/23/2024,7:00:00,11/23/2024 7:00,1512,,2.1
11/23/2024,8:00:00,11/23/2024 8:00,1657,,2.1
11/23/2024,9:00:00,11/23/2024 9:00,1786,,2.1
11/23/2024,10:00:00,11/23/2024 10:00,1848,,2.1
11/23/2024,11:00:00,11/23/2024 11:00,1885,,2
11/23/2024,12:00:00,11/23/2024 12:00,1975,,2
11/23/2024,13:00:00,11/23/2024 13:00,2072,,2
11/23/2024,14:00:00,11/23/2024 14:00,2062,,2.1
11/23/2024,15:00:00,11/23/2024 15:00,2090,,2.1
11/23/2024,16:00:00,11/23/2024 16:00,2060,,2.1
11/23/2024,17:00:00,11/23/2024 17:00,2056,,2.1
11/23/2024,18:00:00,11/23/2024 18:00,2021,,2.1
11/23/2024,19:00:00,11/23/2024 19:00,1980,,2.1
11/23/2024,20:00:00,11/23/2024 20:00,1928,,2.1
11/23/2024,21:00:00,11/23/2024 21:00,1900,,2.1
11/23/2024,22:00:00,11/23/2024 22:00,1873,,2.1
11/23/2024,23:00:00,11/23/2024 23:00,1807,,2.1
11/24/2024,0:00:00,11/24/2024 0:00,1752,,2
11/24/2024,1:00:00,11/24/2024 1:00,1712,,2
11/24/2024,2:00:00,11/24/2024 2:00,1638,,2
11/24/2024,3:00:00,11/24/2024 3:00,1537,,2
11/24/2024,4:00:00,11/24/2024 4:00,1510,,2
11/24/2024,5:00:00,11/24/2024 5:00,1462,,2
11/24/2024,6:00:00,11/24/2024 6:00,1440,,2
11/24/2024,7:00:00,11/24/2024 7:00,1460,,2
11/24/2024,8:00:00,11/24/2024 8:00,1600,,2
11/24/2024,9:00:00,11/24/2024 9:00,1717,,2
11/24/2024,10:00:00,11/24/2024 10:00,1778,,2
11/24/2024,11:00:00,11/24/2024 11:00,1846,,2
11/24/2024,12:00:00,11/24/2024 12:00,1881,,2
11/24/2024,13:00:00,11/24/2024 13:00,1976,,2
11/24/2024,14:00:00,11/24/2024 14:00,1943,,2
11/24/2024,15:00:00,11/24/2024 15:00,2048,,2
11/24/2024,16:00:00,11/24/2024 16:00,1990,,2
11/24/2024,17:00:00,11/24/2024 17:00,2070,,2
11/24/2024,18:00:00,11/24/2024 18:00,1976,,2
11/24/2024,19:00:00,11/24/2024 19:00,1916,,2
11/24/2024,20:00:00,11/24/2024 20:00,1932,,2
11/24/2024,21:00:00,11/24/2024 21:00,1925,,2
11/24/2024,22:00:00,11/24/2024 22:00,1934,,2
11/24/2024,23:00:00,11/24/2024 23:00,1895,,2
11/25/2024,0:00:00,11/25/2024 0:00,1864,,2
11/25/2024,1:00:00,11/25/2024 1:00,1845,,2
11/25/2024,2:00:00,11/25/2024 2:00,1716,,2
11/25/2024,3:00:00,11/25/2024 3:00,1605,,2
11/25/2024,4:00:00,11/25/2024 4:00,1537,,2
11/25/2024,5:00:00,11/25/2024 5:00,1518,,2
11/25/2024,6:00:00,11/25/2024 6:00,1533,,4.7
11/25/2024,7:00:00,11/25/2024 7:00,1583,,4.7
11/25/2024,8:00:00,11/25/2024 8:00,1802,,4.7
11/25/2024,9:00:00,11/25/2024 9:00,2196,,4.7
11/25/2024,10:00:00,11/25/2024 10:00,2533,,4.7
11/25/2024,11:00:00,11/25/2024 11:00,2746,,2
11/25/2024,12:00:00,11/25/2024 12:00,2906,,2
11/25/2024,13:00:00,11/25/2024 13:00,3138,,2
11/25/2024,14:00:00,11/25/2024 14:00,3229,,4.7
11/25/2024,15:00:00,11/25/2024 15:00,3224,,4.7
11/25/2024,16:00:00,11/25/2024 16:00,3222,,4.7
11/25/2024,17:00:00,11/25/2024 17:00,3111,,4.7
11/25/2024,18:00:00,11/25/2024 18:00,2964,,4.7
11/25/2024,19:00:00,11/25/2024 19:00,2961,,4.7
11/25/2024,20:00:00,11/25/2024 20:00,2771,,4.7
11/25/2024,21:00:00,11/25/2024 21:00,2653,,4.7
11/25/2024,22:00:00,11/25/2024 22:00,2440,,4.7
11/25/2024,23:00:00,11/25/2024 23:00,2261,,4.7
11/26/2024,0:00:00,11/26/2024 0:00,2131,,2
11/26/2024,1:00:00,11/26/2024 1:00,2027,,2
11/26/2024,2:00:00,11/26/2024 2:00,1877,,2
11/26/2024,3:00:00,11/26/2024 3:00,1749,,2
11/26/2024,4:00:00,11/26/2024 4:00,1674,,2
11/26/2024,5:00:00,11/26/2024 5:00,1661,,2
11/26/2024,6:00:00,11/26/2024 6:00,1684,,4.7
11/26/2024,7:00:00,11/26/2024 7:00,1691,,4.7
11/26/2024,8:00:00,11/26/2024 8:00,1980,,4.7
11/26/2024,9:00:00,11/26/2024 9:00,2301,,4.7
11/26/2024,10:00:00,11/26/2024 10:00,2535,,4.7
11/26/2024,11:00:00,11/26/2024 11:00,2668,,2
11/26/2024,12:00:00,11/26/2024 12:00,2742,,2
11/26/2024,13:00:00,11/26/2024 13:00,2868,,2
11/26/2024,14:00:00,11/26/2024 14:00,2861,,4.7
11/26/2024,15:00:00,11/26/2024 15:00,2849,,4.7
11/26/2024,16:00:00,11/26/2024 16:00,2764,,4.7
11/26/2024,17:00:00,11/26/2024 17:00,2745,,4.7
11/26/2024,18:00:00,11/26/2024 18:00,2629,,4.7
11/26/2024,19:00:00,11/26/2024 19:00,2565,,4.7
11/26/2024,20:00:00,11/26/2024 20:00,2467,,4.7
11/26/2024,21:00:00,11/26/2024 21:00,2363,,4.7
11/26/2024,22:00:00,11/26/2024 22:00,2205,,4.7
11/26/2024,23:00:00,11/26/2024 23:00,2063,,4.7
11/27/2024,0:00:00,11/27/2024 0:00,1960,,2
11/27/2024,1:00:00,11/27/2024 1:00,1845,,2
11/27/2024,2:00:00,11/27/2024 2:00,1724,,2
11/27/2024,3:00:00,11/27/2024 3:00,1603,,2
11/27/2024,4:00:00,11/27/2024 4:00,1546,,2
11/27/2024,5:00:00,11/27/2024 5:00,1544,,2
11/27/2024,6:00:00,11/27/2024 6:00,1536,,4.7
11/27/2024,7:00:00,11/27/2024 7:00,1559,,4.7
11/27/2024,8:00:00,11/27/2024 8:00,1858,,4.7
11/27/2024,9:00:00,11/27/2024 9:00,2140,,4.7
11/27/2024,10:00:00,11/27/2024 10:00,2360,,4.7
11/27/2024,11:00:00,11/27/2024 11:00,2601,,2
11/27/2024,12:00:00,11/27/2024 12:00,2613,,2
11/27/2024,13:00:00,11/27/2024 13:00,2681,,2
11/27/2024,14:00:00,11/27/2024 14:00,2711,,4.7
11/27/2024,15:00:00,11/27/2024 15:00,2752,,4.7
11/27/2024,16:00:00,11/27/2024 16:00,2727,,4.7
11/27/2024,17:00:00,11/27/2024 17:00,2669,,4.7
11/27/2024,18:00:00,11/27/2024 18:00,2583,,4.7
11/27/2024,19:00:00,11/27/2024 19:00,2520,,4.7
11/27/2024,20:00:00,11/27/2024 20:00,2400,,4.7
11/27/2024,21:00:00,11/27/2024 21:00,2266,,4.7
11/27/2024,22:00:00,11/27/2024 22:00,2159,,4.7
11/27/2024,23:00:00,11/27/2024 23:00,2050,,4.7
11/28/2024,0:00:00,11/28/2024 0:00,1912,,2
11/28/2024,1:00:00,11/28/2024 1:00,1870,,2
11/28/2024,2:00:00,11/28/2024 2:00,1722,,2
11/28/2024,3:00:00,11/28/2024 3:00,1606,,2
11/28/2024,4:00:00,11/28/2024 4:00,1508,,2
11/28/2024,5:00:00,11/28/2024 5:00,1489,,2
11/28/2024,6:00:00,11/28/2024 6:00,1502,,4.7
11/28/2024,7:00:00,11/28/2024 7:00,1524,,4.7
11/28/2024,8:00:00,11/28/2024 8:00,1780,,4.7
11/28/2024,9:00:00,11/28/2024 9:00,2097,,4.7
11/28/2024,10:00:00,11/28/2024 10:00,2343,,4.7
11/28/2024,11:00:00,11/28/2024 11:00,2513,,2
11/28/2024,12:00:00,11/28/2024 12:00,2572,,2
11/28/2024,13:00:00,11/28/2024 13:00,2626,,2
11/28/2024,14:00:00,11/28/2024 14:00,2669,,4.7
11/28/2024,15:00:00,11/28/2024 15:00,2775,,4.7
11/28/2024,16:00:00,11/28/2024 16:00,2723,,4.7
11/28/2024,17:00:00,11/28/2024 17:00,2705,,4.7
11/28/2024,18:00:00,11/28/2024 18:00,2644,,4.7
11/28/2024,19:00:00,11/28/2024 19:00,2582,,4.7
11/28/2024,20:00:00,11/28/2024 20:00,2438,,4.7
11/28/2024,21:00:00,11/28/2024 21:00,2373,,4.7
11/28/2024,22:00:00,11/28/2024 22:00,2185,,4.7
11/28/2024,23:00:00,11/28/2024 23:00,2009,,4.7
11/29/2024,0:00:00,11/29/2024 0:00,1917,,2
11/29/2024,1:00:00,11/29/2024 1:00,1851,,2
11/29/2024,2:00:00,11/29/2024 2:00,1696,,2
11/29/2024,3:00:00,11/29/2024 3:00,1609,,2
11/29/2024,4:00:00,11/29/2024 4:00,1538,,2
11/29/2024,5:00:00,11/29/2024 5:00,1502,,2
11/29/2024,6:00:00,11/29/2024 6:00,1499,,4.7
11/29/2024,7:00:00,11/29/2024 7:00,1550,,4.7
11/29/2024,8:00:00,11/29/2024 8:00,1755,,4.7
11/29/2024,9:00:00,11/29/2024 9:00,2072,,4.7
11/29/2024,10:00:00,11/29/2024 10:00,2275,,4.7
11/29/2024,11:00:00,11/29/2024 11:00,2482,,2
11/29/2024,12:00:00,11/29/2024 12:00,2547,,2
11/29/2024,13:00:00,11/29/2024 13:00,2642,,2
11/29/2024,14:00:00,11/29/2024 14:00,2643,,4.7
11/29/2024,15:00:00,11/29/2024 15:00,2701,,4.7
11/29/2024,16:00:00,11/29/2024 16:00,2649,,4.7
11/29/2024,17:00:00,11/29/2024 17:00,2626,,4.7
11/29/2024,18:00:00,11/29/2024 18:00,2497,,4.7
11/29/2024,19:00:00,11/29/2024 19:00,2377,,4.7
11/29/2024,20:00:00,11/29/2024 20:00,2265,,4.7
11/29/2024,21:00:00,11/29/2024 21:00,2105,,4.7
11/29/2024,22:00:00,11/29/2024 22:00,2013,,4.7
11/29/2024,23:00:00,11/29/2024 23:00,1866,,4.7
11/30/2024,0:00:00,11/30/2024 0:00,1795,,2
11/30/2024,1:00:00,11/30/2024 1:00,1716,,2
11/30/2024,2:00:00,11/30/2024 2:00,1661,,2
11/30/2024,3:00:00,11/30/2024 3:00,1552,,2
11/30/2024,4:00:00,11/30/2024 4:00,1479,,2
11/30/2024,5:00:00,11/30/2024 5:00,1463,,2
11/30/2024,6:00:00,11/30/2024 6:00,1445,,2.1
11/30/2024,7:00:00,11/30/2024 7:00,1473,,2.1
11/30/2024,8:00:00,11/30/2024 8:00,1623,,2.1
11/30/2024,9:00:00,11/30/2024 9:00,1685,,2.1
11/30/2024,10:00:00,11/30/2024 10:00,1784,,2.1
11/30/2024,11:00:00,11/30/2024 11:00,1909,,2
11/30/2024,12:00:00,11/30/2024 12:00,1952,,2
11/30/2024,13:00:00,11/30/2024 13:00,2028,,2
11/30/2024,14:00:00,11/30/2024 14:00,2048,,2.1
11/30/2024,15:00:00,11/30/2024 15:00,2124,,2.1
11/30/2024,16:00:00,11/30/2024 16:00,2091,,2.1
11/30/2024,17:00:00,11/30/2024 17:00,2080,,2.1
11/30/2024,18:00:00,11/30/2024 18:00,1996,,2.1
11/30/2024,19:00:00,11/30/2024 19:00,1924,,2.1
11/30/2024,20:00:00,11/30/2024 20:00,1896,,2.1
11/30/2024,21:00:00,11/30/2024 21:00,1854,,2.1
11/30/2024,22:00:00,11/30/2024 22:00,1811,,2.1
11/30/2024,23:00:00,11/30/2024 23:00,1770,,2.1
12/1/2024,0:00:00,12/1/2024 0:00,1711,,2
12/1/2024,1:00:00,12/1/2024 1:00,1673,,2
12/1/2024,2:00:00,12/1/2024 2:00,1631,,2
12/1/2024,3:00:00,12/1/2024 3:00,1525,,2
12/1/2024,4:00:00,12/1/2024 4:00,1465,,2
12/1/2024,5:00:00,12/1/2024 5:00,1440,,2
12/1/2024,6:00:00,12/1/2024 6:00,1401,,2
12/1/2024,7:00:00,12/1/2024 7:00,1425,,2
12/1/2024,8:00:00,12/1/2024 8:00,1535,,2
12/1/2024,9:00:00,12/1/2024 9:00,1612,,2
12/1/2024,10:00:00,12/1/2024 10:00,1668,,2
12/1/2024,11:00:00,12/1/2024 11:00,1758,,2
12/1/2024,12:00:00,12/1/2024 12:00,1854,,2
12/1/2024,13:00:00,12/1/2024 13:00,1982,,2
12/1/2024,14:00:00,12/1/2024 14:00,2018,,2
12/1/2024,15:00:00,12/1/2024 15:00,2167,,2
12/1/2024,16:00:00,12/1/2024 16:00,2133,,2
12/1/2024,17:00:00,12/1/2024 17:00,2140,,2
12/1/2024,18:00:00,12/1/2024 18:00,2066,,2
12/1/2024,19:00:00,12/1/2024 19:00,2028,,2
12/1/2024,20:00:00,12/1/2024 20:00,1967,,2
12/1/2024,21:00:00,12/1/2024 21:00,1906,,2
12/1/2024,22:00:00,12/1/2024 22:00,1917,,2
12/1/2024,23:00:00,12/1/2024 23:00,1854,,2
12/2/2024,0:00:00,12/2/2024 0:00,1819,,2
12/2/2024,1:00:00,12/2/2025 1:00,1807,,2
12/2/2024,2:00:00,12/2/2026 2:00,1674,,2
12/2/2024,3:00:00,12/2/2027 3:00,1549,,2
12/2/2024,4:00:00,12/2/2028 4:00,1505,,2
12/2/2024,5:00:00,12/2/2029 5:00,1470,,2
12/2/2024,6:00:00,12/2/2030 6:00,1470,,4.7
12/2/2024,7:00:00,12/2/2031 7:00,1490,,4.7
12/2/2024,8:00:00,12/2/2032 8:00,1708,,4.7
12/2/2024,9:00:00,12/2/2033 9:00,2045,,4.7
12/2/2024,10:00:00,12/2/2034 10:00,2439,,4.7
12/2/2024,11:00:00,12/2/2035 11:00,2634,,2
12/2/2024,12:00:00,12/2/2036 12:00,2777,,2
12/2/2024,13:00:00,12/2/2037 13:00,3009,,2
12/2/2024,14:00:00,12/2/2038 14:00,2996,,4.7
12/2/2024,15:00:00,12/2/2039 15:00,3109,,4.7
12/2/2024,16:00:00,12/2/2040 16:00,3099,,4.7
12/2/2024,17:00:00,12/2/2041 17:00,2989,,4.7
12/2/2024,18:00:00,12/2/2042 18:00,2872,,4.7
12/2/2024,19:00:00,12/2/2043 19:00,2820,,4.7
12/2/2024,20:00:00,12/2/2044 20:00,2656,,4.7
12/2/2024,21:00:00,12/2/2045 21:00,2512,,4.7
12/2/2024,22:00:00,12/2/2046 22:00,2325,,4.7
12/2/2024,23:00:00,12/2/2047 23:00,2147,,4.7
12/3/2024,0:00:00,12/3/2024 0:00,2065,,2
12/3/2024,1:00:00,12/3/2024 1:00,1955,,2
12/3/2024,2:00:00,12/3/2024 2:00,1821,,2
12/3/2024,3:00:00,12/3/2024 3:00,1706,,2
12/3/2024,4:00:00,12/3/2024 4:00,1614,,2
12/3/2024,5:00:00,12/3/2024 5:00,1599,,2
12/3/2024,6:00:00,12/3/2024 6:00,1593,,4.7
12/3/2024,7:00:00,12/3/2024 7:00,1620,,4.7
12/3/2024,8:00:00,12/3/2024 8:00,1831,,4.7
12/3/2024,9:00:00,12/3/2024 9:00,2193,,4.7
12/3/2024,10:00:00,12/3/2024 10:00,2564,,4.7
12/3/2024,11:00:00,12/3/2024 11:00,2785,,2
12/3/2024,12:00:00,12/3/2024 12:00,2891,,2
12/3/2024,13:00:00,12/3/2024 13:00,3074,,2
12/3/2024,14:00:00,12/3/2024 14:00,3039,,4.7
12/3/2024,15:00:00,12/3/2024 15:00,3108,,4.7
12/3/2024,16:00:00,12/3/2024 16:00,3026,,4.7
12/3/2024,17:00:00,12/3/2024 17:00,2968,,4.7
12/3/2024,18:00:00,12/3/2024 18:00,2873,,4.7
12/3/2024,19:00:00,12/3/2024 19:00,2805,,4.7
12/3/2024,20:00:00,12/3/2024 20:00,2618,,4.7
12/3/2024,21:00:00,12/3/2024 21:00,2445,,4.7
12/3/2024,22:00:00,12/3/2024 22:00,2299,,4.7
12/3/2024,23:00:00,12/3/2024 23:00,2151,,4.7
12/4/2024,0:00:00,12/4/2024 0:00,2065,,2
12/4/2024,1:00:00,12/4/2024 1:00,1909,,2
12/4/2024,2:00:00,12/4/2024 2:00,1804,,2
12/4/2024,3:00:00,12/4/2024 3:00,1650,,2
12/4/2024,4:00:00,12/4/2024 4:00,1587,,2
12/4/2024,5:00:00,12/4/2024 5:00,1550,,2
12/4/2024,6:00:00,12/4/2024 6:00,1551,,4.7
12/4/2024,7:00:00,12/4/2024 7:00,1581,,4.7
12/4/2024,8:00:00,12/4/2024 8:00,1841,,4.7
12/4/2024,9:00:00,12/4/2024 9:00,2135,,4.7
12/4/2024,10:00:00,12/4/2024 10:00,2428,,4.7
12/4/2024,11:00:00,12/4/2024 11:00,2665,,2
12/4/2024,12:00:00,12/4/2024 12:00,2808,,2
12/4/2024,13:00:00,12/4/2024 13:00,2996,,2
12/4/2024,14:00:00,12/4/2024 14:00,2990,,4.7
12/4/2024,15:00:00,12/4/2024 15:00,3069,,4.7
12/4/2024,16:00:00,12/4/2024 16:00,3045,,4.7
12/4/2024,17:00:00,12/4/2024 17:00,2963,,4.7
12/4/2024,18:00:00,12/4/2024 18:00,2852,,4.7
12/4/2024,19:00:00,12/4/2024 19:00,2725,,4.7
12/4/2024,20:00:00,12/4/2024 20:00,2568,,4.7
12/4/2024,21:00:00,12/4/2024 21:00,2456,,4.7
12/4/2024,22:00:00,12/4/2024 22:00,2293,,4.7
12/4/2024,23:00:00,12/4/2024 23:00,2162,,4.7
12/5/2024,0:00:00,12/5/2024 0:00,2021,,2
12/5/2024,1:00:00,12/5/2024 1:00,1965,,2
12/5/2024,2:00:00,12/5/2024 2:00,1814,,2
12/5/2024,3:00:00,12/5/2024 3:00,1696,,2
12/5/2024,4:00:00,12/5/2024 4:00,1642,,2
12/5/2024,5:00:00,12/5/2024 5:00,1614,,2
12/5/2024,6:00:00,12/5/2024 6:00,1614,,4.7
12/5/2024,7:00:00,12/5/2024 7:00,1618,,4.7
12/5/2024,8:00:00,12/5/2024 8:00,1865,,4.7
12/5/2024,9:00:00,12/5/2024 9:00,2221,,4.7
12/5/2024,10:00:00,12/5/2024 10:00,2496,,4.7
12/5/2024,11:00:00,12/5/2024 11:00,2626,,2
12/5/2024,12:00:00,12/5/2024 12:00,2733,,2
12/5/2024,13:00:00,12/5/2024 13:00,2786,,2
12/5/2024,14:00:00,12/5/2024 14:00,2787,,4.7
12/5/2024,15:00:00,12/5/2024 15:00,2907,,4.7
12/5/2024,16:00:00,12/5/2024 16:00,2862,,4.7
12/5/2024,17:00:00,12/5/2024 17:00,2832,,4.7
12/5/2024,18:00:00,12/5/2024 18:00,2758,,4.7
12/5/2024,19:00:00,12/5/2024 19:00,2665,,4.7
12/5/2024,20:00:00,12/5/2024 20:00,2537,,4.7
12/5/2024,21:00:00,12/5/2024 21:00,2414,,4.7
12/5/2024,22:00:00,12/5/2024 22:00,2263,,4.7
12/5/2024,23:00:00,12/5/2024 23:00,2076,,4.7
12/6/2024,0:00:00,12/6/2024 0:00,1972,,2
12/6/2024,1:00:00,12/6/2024 1:00,1882,,2
12/6/2024,2:00:00,12/6/2024 2:00,1756,,2
12/6/2024,3:00:00,12/6/2024 3:00,1624,,2
12/6/2024,4:00:00,12/6/2024 4:00,1580,,2
12/6/2024,5:00:00,12/6/2024 5:00,1550,,2
12/6/2024,6:00:00,12/6/2024 6:00,1549,,4.7
12/6/2024,7:00:00,12/6/2024 7:00,1552,,4.7
12/6/2024,8:00:00,12/6/2024 8:00,1810,,4.7
12/6/2024,9:00:00,12/6/2024 9:00,2131,,4.7
12/6/2024,10:00:00,12/6/2024 10:00,2447,,4.7
12/6/2024,11:00:00,12/6/2024 11:00,2597,,2
12/6/2024,12:00:00,12/6/2024 12:00,2715,,2
12/6/2024,13:00:00,12/6/2024 13:00,2804,,2
12/6/2024,14:00:00,12/6/2024 14:00,2941,,4.7
12/6/2024,15:00:00,12/6/2024 15:00,2950,,4.7
12/6/2024,16:00:00,12/6/2024 16:00,2916,,4.7
12/6/2024,17:00:00,12/6/2024 17:00,2879,,4.7
12/6/2024,18:00:00,12/6/2024 18:00,2810,,4.7
12/6/2024,19:00:00,12/6/2024 19:00,2586,,4.7
12/6/2024,20:00:00,12/6/2024 20:00,2420,,4.7
12/6/2024,21:00:00,12/6/2024 21:00,2289,,4.7
12/6/2024,22:00:00,12/6/2024 22:00,2128,,4.7
12/6/2024,23:00:00,12/6/2024 23:00,1998,,4.7
12/7/2024,0:00:00,12/7/2024 0:00,1925,,2
12/7/2024,1:00:00,12/7/2024 1:00,1861,,2
12/7/2024,2:00:00,12/7/2024 2:00,1734,,2
12/7/2024,3:00:00,12/7/2024 3:00,1643,,2
12/7/2024,4:00:00,12/7/2024 4:00,1593,,2
12/7/2024,5:00:00,12/7/2024 5:00,1537,,2
12/7/2024,6:00:00,12/7/2024 6:00,1519,,2.1
12/7/2024,7:00:00,12/7/2024 7:00,1553,,2.1
12/7/2024,8:00:00,12/7/2024 8:00,1725,,2.1
12/7/2024,9:00:00,12/7/2024 9:00,1823,,2.1
12/7/2024,10:00:00,12/7/2024 10:00,1986,,2.1
12/7/2024,11:00:00,12/7/2024 11:00,2054,,2
12/7/2024,12:00:00,12/7/2024 12:00,2122,,2
12/7/2024,13:00:00,12/7/2024 13:00,2232,,2
12/7/2024,14:00:00,12/7/2024 14:00,2251,,2.1
12/7/2024,15:00:00,12/7/2024 15:00,2325,,2.1
12/7/2024,16:00:00,12/7/2024 16:00,2283,,2.1
12/7/2024,17:00:00,12/7/2024 17:00,2257,,2.1
12/7/2024,18:00:00,12/7/2024 18:00,2138,,2.1
12/7/2024,19:00:00,12/7/2024 19:00,2102,,2.1
12/7/2024,20:00:00,12/7/2024 20:00,1999,,2.1
12/7/2024,21:00:00,12/7/2024 21:00,1960,,2.1
12/7/2024,22:00:00,12/7/2024 22:00,1927,,2.1
12/7/2024,23:00:00,12/7/2024 23:00,1852,,2.1
12/8/2024,0:00:00,12/8/2024 0:00,1771,,2
12/8/2024,1:00:00,12/8/2024 1:00,1789,,2
12/8/2024,2:00:00,12/8/2024 2:00,1672,,2
12/8/2024,3:00:00,12/8/2024 3:00,1577,,2
12/8/2024,4:00:00,12/8/2024 4:00,1527,,2
12/8/2024,5:00:00,12/8/2024 5:00,1470,,2
12/8/2024,6:00:00,12/8/2024 6:00,1465,,2
12/8/2024,7:00:00,12/8/2024 7:00,1468,,2
12/8/2024,8:00:00,12/8/2024 8:00,1573,,2
12/8/2024,9:00:00,12/8/2024 9:00,1622,,2
12/8/2024,10:00:00,12/8/2024 10:00,1695,,2
12/8/2024,11:00:00,12/8/2024 11:00,1771,,2
12/8/2024,12:00:00,12/8/2024 12:00,1835,,2
12/8/2024,13:00:00,12/8/2024 13:00,1958,,2
12/8/2024,14:00:00,12/8/2024 14:00,2005,,2
12/8/2024,15:00:00,12/8/2024 15:00,2035,,2
12/8/2024,16:00:00,12/8/2024 16:00,2024,,2
12/8/2024,17:00:00,12/8/2024 17:00,2049,,2
12/8/2024,18:00:00,12/8/2024 18:00,1991,,2
12/8/2024,19:00:00,12/8/2024 19:00,1996,,2
12/8/2024,20:00:00,12/8/2024 20:00,1967,,2
12/8/2024,21:00:00,12/8/2024 21:00,1888,,2
12/8/2024,22:00:00,12/8/2024 22:00,1918,,2
12/8/2024,23:00:00,12/8/2024 23:00,1865,,2
12/9/2024,0:00:00,12/9/2024 0:00,1826,,2
12/9/2024,1:00:00,12/9/2024 1:00,1786,,2
12/9/2024,2:00:00,12/9/2024 2:00,1661,,2
12/9/2024,3:00:00,12/9/2024 3:00,1529,,2
12/9/2024,4:00:00,12/9/2024 4:00,1482,,2
12/9/2024,5:00:00,12/9/2024 5:00,1480,,2
12/9/2024,6:00:00,12/9/2024 6:00,1476,,4.7
12/9/2024,7:00:00,12/9/2024 7:00,1497,,4.7
12/9/2024,8:00:00,12/9/2024 8:00,1686,,4.7
12/9/2024,9:00:00,12/9/2024 9:00,2001,,4.7
12/9/2024,10:00:00,12/9/2024 10:00,2262,,4.7
12/9/2024,11:00:00,12/9/2024 11:00,2397,,2
12/9/2024,12:00:00,12/9/2024 12:00,2495,,2
12/9/2024,13:00:00,12/9/2024 13:00,2636,,2
12/9/2024,14:00:00,12/9/2024 14:00,2613,,4.7
12/9/2024,15:00:00,12/9/2024 15:00,2683,,4.7
12/9/2024,16:00:00,12/9/2024 16:00,2687,,4.7
12/9/2024,17:00:00,12/9/2024 17:00,2664,,4.7
12/9/2024,18:00:00,12/9/2024 18:00,2641,,4.7
12/9/2024,19:00:00,12/9/2024 19:00,2548,,4.7
12/9/2024,20:00:00,12/9/2024 20:00,2451,,4.7
12/9/2024,21:00:00,12/9/2024 21:00,2372,,4.7
12/9/2024,22:00:00,12/9/2024 22:00,2156,,4.7
12/9/2024,23:00:00,12/9/2024 23:00,2018,,4.7
12/10/2024,0:00:00,12/10/2024 0:00,1913,,2
12/10/2024,1:00:00,12/10/2024 1:00,1832,,2
12/10/2024,2:00:00,12/10/2024 2:00,1712,,2
12/10/2024,3:00:00,12/10/2024 3:00,1602,,2
12/10/2024,4:00:00,12/10/2024 4:00,1543,,2
12/10/2024,5:00:00,12/10/2024 5:00,1513,,2
12/10/2024,6:00:00,12/10/2024 6:00,1517,,4.7
12/10/2024,7:00:00,12/10/2024 7:00,1535,,4.7
12/10/2024,8:00:00,12/10/2024 8:00,1754,,4.7
12/10/2024,9:00:00,12/10/2024 9:00,2088,,4.7
12/10/2024,10:00:00,12/10/2024 10:00,2311,,4.7
12/10/2024,11:00:00,12/10/2024 11:00,2479,,2
12/10/2024,12:00:00,12/10/2024 12:00,2585,,2
12/10/2024,13:00:00,12/10/2024 13:00,2692,,2
12/10/2024,14:00:00,12/10/2024 14:00,2671,,4.7
12/10/2024,15:00:00,12/10/2024 15:00,2790,,4.7
12/10/2024,16:00:00,12/10/2024 16:00,2752,,4.7
12/10/2024,17:00:00,12/10/2024 17:00,2770,,4.7
12/10/2024,18:00:00,12/10/2024 18:00,2713,,4.7
12/10/2024,19:00:00,12/10/2024 19:00,2677,,4.7
12/10/2024,20:00:00,12/10/2024 20:00,2495,,4.7
12/10/2024,21:00:00,12/10/2024 21:00,2351,,4.7
12/10/2024,22:00:00,12/10/2024 22:00,2235,,4.7
12/10/2024,23:00:00,12/10/2024 23:00,2117,,4.7
12/11/2024,0:00:00,12/11/2024 0:00,1967,,2
12/11/2024,1:00:00,12/11/2024 1:00,1836,,2
12/11/2024,2:00:00,12/11/2024 2:00,1718,,2
12/11/2024,3:00:00,12/11/2024 3:00,1600,,2
12/11/2024,4:00:00,12/11/2024 4:00,1568,,2
12/11/2024,5:00:00,12/11/2024 5:00,1540,,2
12/11/2024,6:00:00,12/11/2024 6:00,1521,,4.7
12/11/2024,7:00:00,12/11/2024 7:00,1525,,4.7
12/11/2024,8:00:00,12/11/2024 8:00,1779,,4.7
12/11/2024,9:00:00,12/11/2024 9:00,2110,,4.7
12/11/2024,10:00:00,12/11/2024 10:00,2389,,4.7
12/11/2024,11:00:00,12/11/2024 11:00,2570,,2
12/11/2024,12:00:00,12/11/2024 12:00,2743,,2
12/11/2024,13:00:00,12/11/2024 13:00,2823,,2
12/11/2024,14:00:00,12/11/2024 14:00,2809,,4.7
12/11/2024,15:00:00,12/11/2024 15:00,2852,,4.7
12/11/2024,16:00:00,12/11/2024 16:00,2824,,4.7
12/11/2024,17:00:00,12/11/2024 17:00,2811,,4.7
12/11/2024,18:00:00,12/11/2024 18:00,2725,,4.7
12/11/2024,19:00:00,12/11/2024 19:00,2597,,4.7
12/11/2024,20:00:00,12/11/2024 20:00,2509,,4.7
12/11/2024,21:00:00,12/11/2024 21:00,2360,,4.7
12/11/2024,22:00:00,12/11/2024 22:00,2227,,4.7
12/11/2024,23:00:00,12/11/2024 23:00,2070,,4.7
12/12/2024,0:00:00,12/12/2024 0:00,1977,,2
12/12/2024,1:00:00,12/12/2024 1:00,1891,,2
12/12/2024,2:00:00,12/12/2024 2:00,1779,,2
12/12/2024,3:00:00,12/12/2024 3:00,1617,,2
12/12/2024,4:00:00,12/12/2024 4:00,1533,,2
12/12/2024,5:00:00,12/12/2024 5:00,1524,,2
12/12/2024,6:00:00,12/12/2024 6:00,1529,,4.7
12/12/2024,7:00:00,12/12/2024 7:00,1520,,4.7
12/12/2024,8:00:00,12/12/2024 8:00,1742,,4.7
12/12/2024,9:00:00,12/12/2024 9:00,2047,,4.7
12/12/2024,10:00:00,12/12/2024 10:00,2317,,4.7
12/12/2024,11:00:00,12/12/2024 11:00,2476,,2
12/12/2024,12:00:00,12/12/2024 12:00,2603,,2
12/12/2024,13:00:00,12/12/2024 13:00,2736,,2
12/12/2024,14:00:00,12/12/2024 14:00,2757,,4.7
12/12/2024,15:00:00,12/12/2024 15:00,2795,,4.7
12/12/2024,16:00:00,12/12/2024 16:00,2772,,4.7
12/12/2024,17:00:00,12/12/2024 17:00,2732,,4.7
12/12/2024,18:00:00,12/12/2024 18:00,2720,,4.7
12/12/2024,19:00:00,12/12/2024 19:00,2696,,4.7
12/12/2024,20:00:00,12/12/2024 20:00,2528,,4.7
12/12/2024,21:00:00,12/12/2024 21:00,2426,,4.7
12/12/2024,22:00:00,12/12/2024 22:00,2268,,4.7
12/12/2024,23:00:00,12/12/2024 23:00,2053,,4.7
12/13/2024,0:00:00,12/13/2024 0:00,1954,,2
12/13/2024,1:00:00,12/13/2024 1:00,1842,,2
12/13/2024,2:00:00,12/13/2024 2:00,1726,,2
12/13/2024,3:00:00,12/13/2024 3:00,1642,,2
12/13/2024,4:00:00,12/13/2024 4:00,1566,,2
12/13/2024,5:00:00,12/13/2024 5:00,1526,,2
12/13/2024,6:00:00,12/13/2024 6:00,1519,,4.7
12/13/2024,7:00:00,12/13/2024 7:00,1532,,4.7
12/13/2024,8:00:00,12/13/2024 8:00,1760,,4.7
12/13/2024,9:00:00,12/13/2024 9:00,2103,,4.7
12/13/2024,10:00:00,12/13/2024 10:00,2375,,4.7
12/13/2024,11:00:00,12/13/2024 11:00,2531,,2
12/13/2024,12:00:00,12/13/2024 12:00,2651,,2
12/13/2024,13:00:00,12/13/2024 13:00,2721,,2
12/13/2024,14:00:00,12/13/2024 14:00,2712,,4.7
12/13/2024,15:00:00,12/13/2024 15:00,2763,,4.7
12/13/2024,16:00:00,12/13/2024 16:00,2748,,4.7
12/13/2024,17:00:00,12/13/2024 17:00,2705,,4.7
12/13/2024,18:00:00,12/13/2024 18:00,2580,,4.7
12/13/2024,19:00:00,12/13/2024 19:00,2418,,4.7
12/13/2024,20:00:00,12/13/2024 20:00,2281,,4.7
12/13/2024,21:00:00,12/13/2024 21:00,2166,,4.7
12/13/2024,22:00:00,12/13/2024 22:00,2037,,4.7
12/13/2024,23:00:00,12/13/2024 23:00,1897,,4.7
12/14/2024,0:00:00,12/14/2024 0:00,1824,,2
12/14/2024,1:00:00,12/14/2024 1:00,1738,,2
12/14/2024,2:00:00,12/14/2024 2:00,1665,,2
12/14/2024,3:00:00,12/14/2024 3:00,1574,,2
12/14/2024,4:00:00,12/14/2024 4:00,1503,,2
12/14/2024,5:00:00,12/14/2024 5:00,1446,,2
12/14/2024,6:00:00,12/14/2024 6:00,1429,,2.1
12/14/2024,7:00:00,12/14/2024 7:00,1446,,2.1
12/14/2024,8:00:00,12/14/2024 8:00,1552,,2.1
12/14/2024,9:00:00,12/14/2024 9:00,1606,,2.1
12/14/2024,10:00:00,12/14/2024 10:00,1776,,2.1
12/14/2024,11:00:00,12/14/2024 11:00,1859,,2
12/14/2024,12:00:00,12/14/2024 12:00,1927,,2
12/14/2024,13:00:00,12/14/2024 13:00,1979,,2
12/14/2024,14:00:00,12/14/2024 14:00,2027,,2.1
12/14/2024,15:00:00,12/14/2024 15:00,2083,,2.1
12/14/2024,16:00:00,12/14/2024 16:00,2029,,2.1
12/14/2024,17:00:00,12/14/2024 17:00,2054,,2.1
12/14/2024,18:00:00,12/14/2024 18:00,1968,,2.1
12/14/2024,19:00:00,12/14/2024 19:00,1924,,2.1
12/14/2024,20:00:00,12/14/2024 20:00,1897,,2.1
12/14/2024,21:00:00,12/14/2024 21:00,1881,,2.1
12/14/2024,22:00:00,12/14/2024 22:00,1845,,2.1
12/14/2024,23:00:00,12/14/2024 23:00,1769,,2.1
12/15/2024,0:00:00,12/15/2024 0:00,1717,,2
12/15/2024,1:00:00,12/15/2024 1:00,1692,,2
12/15/2024,2:00:00,12/15/2024 2:00,1601,,2
12/15/2024,3:00:00,12/15/2024 3:00,1532,,2
12/15/2024,4:00:00,12/15/2024 4:00,1460,,2
12/15/2024,5:00:00,12/15/2024 5:00,1414,,2
12/15/2024,6:00:00,12/15/2024 6:00,1401,,2
12/15/2024,7:00:00,12/15/2024 7:00,1389,,2
12/15/2024,8:00:00,12/15/2024 8:00,1488,,2
12/15/2024,9:00:00,12/15/2024 9:00,1575,,2
12/15/2024,10:00:00,12/15/2024 10:00,1626,,2
12/15/2024,11:00:00,12/15/2024 11:00,1720,,2
12/15/2024,12:00:00,12/15/2024 12:00,1801,,2
12/15/2024,13:00:00,12/15/2024 13:00,1834,,2
12/15/2024,14:00:00,12/15/2024 14:00,1888,,2
12/15/2024,15:00:00,12/15/2024 15:00,2046,,2
12/15/2024,16:00:00,12/15/2024 16:00,2029,,2
12/15/2024,17:00:00,12/15/2024 17:00,2060,,2
12/15/2024,18:00:00,12/15/2024 18:00,1968,,2
12/15/2024,19:00:00,12/15/2024 19:00,1965,,2
12/15/2024,20:00:00,12/15/2024 20:00,1942,,2
12/15/2024,21:00:00,12/15/2024 21:00,1908,,2
12/15/2024,22:00:00,12/15/2024 22:00,1891,,2
12/15/2024,23:00:00,12/15/2024 23:00,1833,,2
12/16/2024,0:00:00,12/16/2024 0:00,1789,,2
12/16/2024,1:00:00,12/16/2024 1:00,1764,,2
12/16/2024,2:00:00,12/16/2024 2:00,1625,,2
12/16/2024,3:00:00,12/16/2024 3:00,1523,,2
12/16/2024,4:00:00,12/16/2024 4:00,1451,,2
12/16/2024,5:00:00,12/16/2024 5:00,1436,,2
12/16/2024,6:00:00,12/16/2024 6:00,1457,,4.7
12/16/2024,7:00:00,12/16/2024 7:00,1445,,4.7
12/16/2024,8:00:00,12/16/2024 8:00,1658,,4.7
12/16/2024,9:00:00,12/16/2024 9:00,1937,,4.7
12/16/2024,10:00:00,12/16/2024 10:00,2143,,4.7
12/16/2024,11:00:00,12/16/2024 11:00,2336,,2
12/16/2024,12:00:00,12/16/2024 12:00,2433,,2
12/16/2024,13:00:00,12/16/2024 13:00,2483,,2
12/16/2024,14:00:00,12/16/2024 14:00,2514,,4.7
12/16/2024,15:00:00,12/16/2024 15:00,2630,,4.7
12/16/2024,16:00:00,12/16/2024 16:00,2546,,4.7
12/16/2024,17:00:00,12/16/2024 17:00,2560,,4.7
12/16/2024,18:00:00,12/16/2024 18:00,2502,,4.7
12/16/2024,19:00:00,12/16/2024 19:00,2485,,4.7
12/16/2024,20:00:00,12/16/2024 20:00,2383,,4.7
12/16/2024,21:00:00,12/16/2024 21:00,2300,,4.7
12/16/2024,22:00:00,12/16/2024 22:00,2129,,4.7
12/16/2024,23:00:00,12/16/2024 23:00,1981,,4.7
12/17/2024,0:00:00,12/17/2024 0:00,1869,,2
12/17/2024,1:00:00,12/17/2024 1:00,1774,,2
12/17/2024,2:00:00,12/17/2024 2:00,1653,,2
12/17/2024,3:00:00,12/17/2024 3:00,1554,,2
12/17/2024,4:00:00,12/17/2024 4:00,1509,,2
12/17/2024,5:00:00,12/17/2024 5:00,1477,,2
12/17/2024,6:00:00,12/17/2024 6:00,1473,,4.7
12/17/2024,7:00:00,12/17/2024 7:00,1495,,4.7
12/17/2024,8:00:00,12/17/2024 8:00,1710,,4.7
12/17/2024,9:00:00,12/17/2024 9:00,2011,,4.7
12/17/2024,10:00:00,12/17/2024 10:00,2214,,4.7
12/17/2024,11:00:00,12/17/2024 11:00,2372,,2
12/17/2024,12:00:00,12/17/2024 12:00,2501,,2
12/17/2024,13:00:00,12/17/2024 13:00,2520,,2
12/17/2024,14:00:00,12/17/2024 14:00,2567,,4.7
12/17/2024,15:00:00,12/17/2024 15:00,2586,,4.7
12/17/2024,16:00:00,12/17/2024 16:00,2536,,4.7
12/17/2024,17:00:00,12/17/2024 17:00,2546,,4.7
12/17/2024,18:00:00,12/17/2024 18:00,2492,,4.7
12/17/2024,19:00:00,12/17/2024 19:00,2453,,4.7
12/17/2024,20:00:00,12/17/2024 20:00,2333,,4.7
12/17/2024,21:00:00,12/17/2024 21:00,2228,,4.7
12/17/2024,22:00:00,12/17/2024 22:00,2064,,4.7
12/17/2024,23:00:00,12/17/2024 23:00,1992,,4.7
12/18/2024,0:00:00,12/18/2024 0:00,1905,,2
12/18/2024,1:00:00,12/18/2024 1:00,1801,,2
12/18/2024,2:00:00,12/18/2024 2:00,1690,,2
12/18/2024,3:00:00,12/18/2024 3:00,1594,,2
12/18/2024,4:00:00,12/18/2024 4:00,1546,,2
12/18/2024,5:00:00,12/18/2024 5:00,1494,,2
12/18/2024,6:00:00,12/18/2024 6:00,1498,,4.7
12/18/2024,7:00:00,12/18/2024 7:00,1500,,4.7
12/18/2024,8:00:00,12/18/2024 8:00,1705,,4.7
12/18/2024,9:00:00,12/18/2024 9:00,1991,,4.7
12/18/2024,10:00:00,12/18/2024 10:00,2208,,4.7
12/18/2024,11:00:00,12/18/2024 11:00,2345,,2
12/18/2024,12:00:00,12/18/2024 12:00,2470,,2
12/18/2024,13:00:00,12/18/2024 13:00,2511,,2
12/18/2024,14:00:00,12/18/2024 14:00,2531,,4.7
12/18/2024,15:00:00,12/18/2024 15:00,2578,,4.7
12/18/2024,16:00:00,12/18/2024 16:00,2576,,4.7
12/18/2024,17:00:00,12/18/2024 17:00,2552,,4.7
12/18/2024,18:00:00,12/18/2024 18:00,2474,,4.7
12/18/2024,19:00:00,12/18/2024 19:00,2428,,4.7
12/18/2024,20:00:00,12/18/2024 20:00,2335,,4.7
12/18/2024,21:00:00,12/18/2024 21:00,2214,,4.7
12/18/2024,22:00:00,12/18/2024 22:00,2069,,4.7
12/18/2024,23:00:00,12/18/2024 23:00,1936,,4.7
12/19/2024,0:00:00,12/19/2024 0:00,1857,,2
12/19/2024,1:00:00,12/19/2024 1:00,1816,,2
12/19/2024,2:00:00,12/19/2024 2:00,1673,,2
12/19/2024,3:00:00,12/19/2024 3:00,1565,,2
12/19/2024,4:00:00,12/19/2024 4:00,1500,,2
12/19/2024,5:00:00,12/19/2024 5:00,1473,,2
12/19/2024,6:00:00,12/19/2024 6:00,1464,,4.7
12/19/2024,7:00:00,12/19/2024 7:00,1480,,4.7
12/19/2024,8:00:00,12/19/2024 8:00,1679,,4.7
12/19/2024,9:00:00,12/19/2024 9:00,1959,,4.7
12/19/2024,10:00:00,12/19/2024 10:00,2196,,4.7
12/19/2024,11:00:00,12/19/2024 11:00,2352,,2
12/19/2024,12:00:00,12/19/2024 12:00,2468,,2
12/19/2024,13:00:00,12/19/2024 13:00,2548,,2
12/19/2024,14:00:00,12/19/2024 14:00,2565,,4.7
12/19/2024,15:00:00,12/19/2024 15:00,2604,,4.7
12/19/2024,16:00:00,12/19/2024 16:00,2609,,4.7
12/19/2024,17:00:00,12/19/2024 17:00,2586,,4.7
12/19/2024,18:00:00,12/19/2024 18:00,2477,,4.7
12/19/2024,19:00:00,12/19/2024 19:00,2374,,4.7
12/19/2024,20:00:00,12/19/2024 20:00,2299,,4.7
12/19/2024,21:00:00,12/19/2024 21:00,2193,,4.7
12/19/2024,22:00:00,12/19/2024 22:00,2050,,4.7
12/19/2024,23:00:00,12/19/2024 23:00,1925,,4.7
12/20/2024,0:00:00,12/20/2024 0:00,1867,,2
12/20/2024,1:00:00,12/20/2024 1:00,1784,,2
12/20/2024,2:00:00,12/20/2024 2:00,1672,,2
12/20/2024,3:00:00,12/20/2024 3:00,1569,,2
12/20/2024,4:00:00,12/20/2024 4:00,1487,,2
12/20/2024,5:00:00,12/20/2024 5:00,1469,,2
12/20/2024,6:00:00,12/20/2024 6:00,1458,,4.7
12/20/2024,7:00:00,12/20/2024 7:00,1466,,4.7
12/20/2024,8:00:00,12/20/2024 8:00,1659,,4.7
12/20/2024,9:00:00,12/20/2024 9:00,1950,,4.7
12/20/2024,10:00:00,12/20/2024 10:00,2188,,4.7
12/20/2024,11:00:00,12/20/2024 11:00,2300,,2
12/20/2024,12:00:00,12/20/2024 12:00,2436,,2
12/20/2024,13:00:00,12/20/2024 13:00,2478,,2
12/20/2024,14:00:00,12/20/2024 14:00,2479,,4.7
12/20/2024,15:00:00,12/20/2024 15:00,2559,,4.7
12/20/2024,16:00:00,12/20/2024 16:00,2528,,4.7
12/20/2024,17:00:00,12/20/2024 17:00,2504,,4.7
12/20/2024,18:00:00,12/20/2024 18:00,2384,,4.7
12/20/2024,19:00:00,12/20/2024 19:00,2276,,4.7
12/20/2024,20:00:00,12/20/2024 20:00,2172,,4.7
12/20/2024,21:00:00,12/20/2024 21:00,1990,,4.7
12/20/2024,22:00:00,12/20/2024 22:00,1930,,4.7
12/20/2024,23:00:00,12/20/2024 23:00,1833,,4.7
12/21/2024,0:00:00,12/21/2024 0:00,1802,,2
12/21/2024,1:00:00,12/21/2024 1:00,1711,,2
12/21/2024,2:00:00,12/21/2024 2:00,1611,,2
12/21/2024,3:00:00,12/21/2024 3:00,1533,,2
12/21/2024,4:00:00,12/21/2024 4:00,1469,,2
12/21/2024,5:00:00,12/21/2024 5:00,1428,,2
12/21/2024,6:00:00,12/21/2024 6:00,1402,,2.1
12/21/2024,7:00:00,12/21/2024 7:00,1423,,2.1
12/21/2024,8:00:00,12/21/2024 8:00,1538,,2.1
12/21/2024,9:00:00,12/21/2024 9:00,1652,,2.1
12/21/2024,10:00:00,12/21/2024 10:00,1743,,2.1
12/21/2024,11:00:00,12/21/2024 11:00,1797,,2
12/21/2024,12:00:00,12/21/2024 12:00,1871,,2
12/21/2024,13:00:00,12/21/2024 13:00,1886,,2
12/21/2024,14:00:00,12/21/2024 14:00,1905,,2.1
12/21/2024,15:00:00,12/21/2024 15:00,1997,,2.1
12/21/2024,16:00:00,12/21/2024 16:00,1977,,2.1
12/21/2024,17:00:00,12/21/2024 17:00,1980,,2.1
12/21/2024,18:00:00,12/21/2024 18:00,1905,,2.1
12/21/2024,19:00:00,12/21/2024 19:00,1828,,2.1
12/21/2024,20:00:00,12/21/2024 20:00,1765,,2.1
12/21/2024,21:00:00,12/21/2024 21:00,1734,,2.1
12/21/2024,22:00:00,12/21/2024 22:00,1679,,2.1
12/21/2024,23:00:00,12/21/2024 23:00,1669,,2.1
12/22/2024,0:00:00,12/22/2024 0:00,1630,,2
12/22/2024,1:00:00,12/22/2024 1:00,1673,,2
12/22/2024,2:00:00,12/22/2024 2:00,1549,,2
12/22/2024,3:00:00,12/22/2024 3:00,1453,,2
12/22/2024,4:00:00,12/22/2024 4:00,1410,,2
12/22/2024,5:00:00,12/22/2024 5:00,1358,,2
12/22/2024,6:00:00,12/22/2024 6:00,1329,,2
12/22/2024,7:00:00,12/22/2024 7:00,1338,,2
12/22/2024,8:00:00,12/22/2024 8:00,1483,,2
12/22/2024,9:00:00,12/22/2024 9:00,1516,,2
12/22/2024,10:00:00,12/22/2024 10:00,1565,,2
12/22/2024,11:00:00,12/22/2024 11:00,1665,,2
12/22/2024,12:00:00,12/22/2024 12:00,1711,,2
12/22/2024,13:00:00,12/22/2024 13:00,1735,,2
12/22/2024,14:00:00,12/22/2024 14:00,1782,,2
12/22/2024,15:00:00,12/22/2024 15:00,1873,,2
12/22/2024,16:00:00,12/22/2024 16:00,1836,,2
12/22/2024,17:00:00,12/22/2024 17:00,1862,,2
12/22/2024,18:00:00,12/22/2024 18:00,1832,,2
12/22/2024,19:00:00,12/22/2024 19:00,1822,,2
12/22/2024,20:00:00,12/22/2024 20:00,1772,,2
12/22/2024,21:00:00,12/22/2024 21:00,1753,,2
12/22/2024,22:00:00,12/22/2024 22:00,1709,,2
12/22/2024,23:00:00,12/22/2024 23:00,1677,,2
12/23/2024,0:00:00,12/23/2024 0:00,1660,,2
12/23/2024,1:00:00,12/23/2024 1:00,1636,,2
12/23/2024,2:00:00,12/23/2024 2:00,1567,,2
12/23/2024,3:00:00,12/23/2024 3:00,1483,,2
12/23/2024,4:00:00,12/23/2024 4:00,1401,,2
12/23/2024,5:00:00,12/23/2024 5:00,1362,,2
12/23/2024,6:00:00,12/23/2024 6:00,1385,,4.7
12/23/2024,7:00:00,12/23/2024 7:00,1387,,4.7
12/23/2024,8:00:00,12/23/2024 8:00,1590,,4.7
12/23/2024,9:00:00,12/23/2024 9:00,1839,,4.7
12/23/2024,10:00:00,12/23/2024 10:00,2031,,4.7
12/23/2024,11:00:00,12/23/2024 11:00,2188,,2
12/23/2024,12:00:00,12/23/2024 12:00,2267,,2
12/23/2024,13:00:00,12/23/2024 13:00,2299,,2
12/23/2024,14:00:00,12/23/2024 14:00,2335,,4.7
12/23/2024,15:00:00,12/23/2024 15:00,2435,,4.7
12/23/2024,16:00:00,12/23/2024 16:00,2404,,4.7
12/23/2024,17:00:00,12/23/2024 17:00,2372,,4.7
12/23/2024,18:00:00,12/23/2024 18:00,2295,,4.7
12/23/2024,19:00:00,12/23/2024 19:00,2189,,4.7
12/23/2024,20:00:00,12/23/2024 20:00,2057,,4.7
12/23/2024,21:00:00,12/23/2024 21:00,1891,,4.7
12/23/2024,22:00:00,12/23/2024 22:00,1839,,4.7
12/23/2024,23:00:00,12/23/2024 23:00,1775,,4.7
12/24/2024,0:00:00,12/24/2024 0:00,1764,,2
12/24/2024,1:00:00,12/24/2024 1:00,1682,,2
12/24/2024,2:00:00,12/24/2024 2:00,1575,,2
12/24/2024,3:00:00,12/24/2024 3:00,1475,,2
12/24/2024,4:00:00,12/24/2024 4:00,1428,,2
12/24/2024,5:00:00,12/24/2024 5:00,1388,,2
12/24/2024,6:00:00,12/24/2024 6:00,1379,,4.7
12/24/2024,7:00:00,12/24/2024 7:00,1408,,4.7
12/24/2024,8:00:00,12/24/2024 8:00,1619,,4.7
12/24/2024,9:00:00,12/24/2024 9:00,1772,,4.7
12/24/2024,10:00:00,12/24/2024 10:00,1982,,4.7
12/24/2024,11:00:00,12/24/2024 11:00,2126,,2
12/24/2024,12:00:00,12/24/2024 12:00,2255,,2
12/24/2024,13:00:00,12/24/2024 13:00,2296,,2
12/24/2024,14:00:00,12/24/2024 14:00,2272,,4.7
12/24/2024,15:00:00,12/24/2024 15:00,2407,,4.7
12/24/2024,16:00:00,12/24/2024 16:00,2351,,4.7
12/24/2024,17:00:00,12/24/2024 17:00,2353,,4.7
12/24/2024,18:00:00,12/24/2024 18:00,2252,,4.7
12/24/2024,19:00:00,12/24/2024 19:00,2148,,4.7
12/24/2024,20:00:00,12/24/2024 20:00,2024,,4.7
12/24/2024,21:00:00,12/24/2024 21:00,1855,,4.7
12/24/2024,22:00:00,12/24/2024 22:00,1778,,4.7
12/24/2024,23:00:00,12/24/2024 23:00,1748,,4.7
12/25/2024,0:00:00,12/25/2024 0:00,1701,,2
12/25/2024,1:00:00,12/25/2024 1:00,1669,,2
12/25/2024,2:00:00,12/25/2024 2:00,1574,,2
12/25/2024,3:00:00,12/25/2024 3:00,1488,,2
12/25/2024,4:00:00,12/25/2024 4:00,1425,,2
12/25/2024,5:00:00,12/25/2024 5:00,1393,,2
12/25/2024,6:00:00,12/25/2024 6:00,1386,,4.7
12/25/2024,7:00:00,12/25/2024 7:00,1424,,4.7
12/25/2024,8:00:00,12/25/2024 8:00,1604,,4.7
12/25/2024,9:00:00,12/25/2024 9:00,1811,,4.7
12/25/2024,10:00:00,12/25/2024 10:00,1993,,4.7
12/25/2024,11:00:00,12/25/2024 11:00,2141,,2
12/25/2024,12:00:00,12/25/2024 12:00,2280,,2
12/25/2024,13:00:00,12/25/2024 13:00,2353,,2
12/25/2024,14:00:00,12/25/2024 14:00,2343,,4.7
12/25/2024,15:00:00,12/25/2024 15:00,2439,,4.7
12/25/2024,16:00:00,12/25/2024 16:00,2395,,4.7
12/25/2024,17:00:00,12/25/2024 17:00,2352,,4.7
12/25/2024,18:00:00,12/25/2024 18:00,2256,,4.7
12/25/2024,19:00:00,12/25/2024 19:00,2165,,4.7
12/25/2024,20:00:00,12/25/2024 20:00,2006,,4.7
12/25/2024,21:00:00,12/25/2024 21:00,1834,,4.7
12/25/2024,22:00:00,12/25/2024 22:00,1789,,4.7
12/25/2024,23:00:00,12/25/2024 23:00,1782,,4.7
12/26/2024,0:00:00,12/26/2024 0:00,1745,,2
12/26/2024,1:00:00,12/26/2024 1:00,1733,,2
12/26/2024,2:00:00,12/26/2024 2:00,1601,,2
12/26/2024,3:00:00,12/26/2024 3:00,1516,,2
12/26/2024,4:00:00,12/26/2024 4:00,1439,,2
12/26/2024,5:00:00,12/26/2024 5:00,1418,,2
12/26/2024,6:00:00,12/26/2024 6:00,1396,,4.7
12/26/2024,7:00:00,12/26/2024 7:00,1440,,4.7
12/26/2024,8:00:00,12/26/2024 8:00,1629,,4.7
12/26/2024,9:00:00,12/26/2024 9:00,1853,,4.7
12/26/2024,10:00:00,12/26/2024 10:00,2011,,4.7
12/26/2024,11:00:00,12/26/2024 11:00,2195,,2
12/26/2024,12:00:00,12/26/2024 12:00,2319,,2
12/26/2024,13:00:00,12/26/2024 13:00,2316,,2
12/26/2024,14:00:00,12/26/2024 14:00,2341,,4.7
12/26/2024,15:00:00,12/26/2024 15:00,2421,,4.7
12/26/2024,16:00:00,12/26/2024 16:00,2383,,4.7
12/26/2024,17:00:00,12/26/2024 17:00,2348,,4.7
12/26/2024,18:00:00,12/26/2024 18:00,2248,,4.7
12/26/2024,19:00:00,12/26/2024 19:00,2164,,4.7
12/26/2024,20:00:00,12/26/2024 20:00,2025,,4.7
12/26/2024,21:00:00,12/26/2024 21:00,1895,,4.7
12/26/2024,22:00:00,12/26/2024 22:00,1788,,4.7
12/26/2024,23:00:00,12/26/2024 23:00,1783,,4.7
12/27/2024,0:00:00,12/27/2024 0:00,1690,,2
12/27/2024,1:00:00,12/27/2024 1:00,1632,,2
12/27/2024,2:00:00,12/27/2024 2:00,1534,,2
12/27/2024,3:00:00,12/27/2024 3:00,1474,,2
12/27/2024,4:00:00,12/27/2024 4:00,1399,,2
12/27/2024,5:00:00,12/27/2024 5:00,1392,,2
12/27/2024,6:00:00,12/27/2024 6:00,1373,,4.7
12/27/2024,7:00:00,12/27/2024 7:00,1401,,4.7
12/27/2024,8:00:00,12/27/2024 8:00,1598,,4.7
12/27/2024,9:00:00,12/27/2024 9:00,1802,,4.7
12/27/2024,10:00:00,12/27/2024 10:00,1983,,4.7
12/27/2024,11:00:00,12/27/2024 11:00,2143,,2
12/27/2024,12:00:00,12/27/2024 12:00,2231,,2
12/27/2024,13:00:00,12/27/2024 13:00,2247,,2
12/27/2024,14:00:00,12/27/2024 14:00,2259,,4.7
12/27/2024,15:00:00,12/27/2024 15:00,2382,,4.7
12/27/2024,16:00:00,12/27/2024 16:00,2291,,4.7
12/27/2024,17:00:00,12/27/2024 17:00,2265,,4.7
12/27/2024,18:00:00,12/27/2024 18:00,2145,,4.7
12/27/2024,19:00:00,12/27/2024 19:00,2030,,4.7
12/27/2024,20:00:00,12/27/2024 20:00,1923,,4.7
12/27/2024,21:00:00,12/27/2024 21:00,1776,,4.7
12/27/2024,22:00:00,12/27/2024 22:00,1710,,4.7
12/27/2024,23:00:00,12/27/2024 23:00,1655,,4.7
12/28/2024,0:00:00,12/28/2024 0:00,1622,,2
12/28/2024,1:00:00,12/28/2024 1:00,1559,,2
12/28/2024,2:00:00,12/28/2024 2:00,1479,,2
12/28/2024,3:00:00,12/28/2024 3:00,1432,,2
12/28/2024,4:00:00,12/28/2024 4:00,1376,,2
12/28/2024,5:00:00,12/28/2024 5:00,1345,,2
12/28/2024,6:00:00,12/28/2024 6:00,1343,,2.1
12/28/2024,7:00:00,12/28/2024 7:00,1344,,2.1
12/28/2024,8:00:00,12/28/2024 8:00,1445,,2.1
12/28/2024,9:00:00,12/28/2024 9:00,1489,,2.1
12/28/2024,10:00:00,12/28/2024 10:00,1587,,2.1
12/28/2024,11:00:00,12/28/2024 11:00,1662,,2
12/28/2024,12:00:00,12/28/2024 12:00,1693,,2
12/28/2024,13:00:00,12/28/2024 13:00,1717,,2
12/28/2024,14:00:00,12/28/2024 14:00,1789,,2.1
12/28/2024,15:00:00,12/28/2024 15:00,1799,,2.1
12/28/2024,16:00:00,12/28/2024 16:00,1786,,2.1
12/28/2024,17:00:00,12/28/2024 17:00,1812,,2.1
12/28/2024,18:00:00,12/28/2024 18:00,1718,,2.1
12/28/2024,19:00:00,12/28/2024 19:00,1712,,2.1
12/28/2024,20:00:00,12/28/2024 20:00,1666,,2.1
12/28/2024,21:00:00,12/28/2024 21:00,1613,,2.1
12/28/2024,22:00:00,12/28/2024 22:00,1592,,2.1
12/28/2024,23:00:00,12/28/2024 23:00,1605,,2.1
12/29/2024,0:00:00,12/29/2024 0:00,1556,,2
12/29/2024,1:00:00,12/29/2024 1:00,1564,,2
12/29/2024,2:00:00,12/29/2024 2:00,1484,,2
12/29/2024,3:00:00,12/29/2024 3:00,1386,,2
12/29/2024,4:00:00,12/29/2024 4:00,1379,,2
12/29/2024,5:00:00,12/29/2024 5:00,1320,,2
12/29/2024,6:00:00,12/29/2024 6:00,1304,,2
12/29/2024,7:00:00,12/29/2024 7:00,1321,,2
12/29/2024,8:00:00,12/29/2024 8:00,1421,,2
12/29/2024,9:00:00,12/29/2024 9:00,1482,,2
12/29/2024,10:00:00,12/29/2024 10:00,1549,,2
12/29/2024,11:00:00,12/29/2024 11:00,1542,,2
12/29/2024,12:00:00,12/29/2024 12:00,1623,,2
12/29/2024,13:00:00,12/29/2024 13:00,1605,,2
12/29/2024,14:00:00,12/29/2024 14:00,1624,,2
12/29/2024,15:00:00,12/29/2024 15:00,1703,,2
12/29/2024,16:00:00,12/29/2024 16:00,1700,,2
12/29/2024,17:00:00,12/29/2024 17:00,1738,,2
12/29/2024,18:00:00,12/29/2024 18:00,1680,,2
12/29/2024,19:00:00,12/29/2024 19:00,1653,,2
12/29/2024,20:00:00,12/29/2024 20:00,1628,,2
12/29/2024,21:00:00,12/29/2024 21:00,1583,,2
12/29/2024,22:00:00,12/29/2024 22:00,1570,,2
12/29/2024,23:00:00,12/29/2024 23:00,1591,,2
12/30/2024,0:00:00,12/30/2024 0:00,1563,,2
12/30/2024,1:00:00,12/30/2024 1:00,1569,,2
12/30/2024,2:00:00,12/30/2024 2:00,1480,,2
12/30/2024,3:00:00,12/30/2024 3:00,1390,,2
12/30/2024,4:00:00,12/30/2024 4:00,1348,,2
12/30/2024,5:00:00,12/30/2024 5:00,1311,,2
12/30/2024,6:00:00,12/30/2024 6:00,1338,,4.7
12/30/2024,7:00:00,12/30/2024 7:00,1362,,4.7
12/30/2024,8:00:00,12/30/2024 8:00,1551,,4.7
12/30/2024,9:00:00,12/30/2024 9:00,1762,,4.7
12/30/2024,10:00:00,12/30/2024 10:00,1943,,4.7
12/30/2024,11:00:00,12/30/2024 11:00,2073,,2
12/30/2024,12:00:00,12/30/2024 12:00,2183,,2
12/30/2024,13:00:00,12/30/2024 13:00,2210,,2
12/30/2024,14:00:00,12/30/2024 14:00,2195,,4.7
12/30/2024,15:00:00,12/30/2024 15:00,2319,,4.7
12/30/2024,16:00:00,12/30/2024 16:00,2267,,4.7
12/30/2024,17:00:00,12/30/2024 17:00,2267,,4.7
12/30/2024,18:00:00,12/30/2024 18:00,2190,,4.7
12/30/2024,19:00:00,12/30/2024 19:00,2062,,4.7
12/30/2024,20:00:00,12/30/2024 20:00,1956,,4.7
12/30/2024,21:00:00,12/30/2024 21:00,1805,,4.7
12/30/2024,22:00:00,12/30/2024 22:00,1762,,4.7
12/30/2024,23:00:00,12/30/2024 23:00,1716,,4.7
12/31/2024,0:00:00,12/31/2024 0:00,1640,,2
12/31/2024,1:00:00,12/31/2024 1:00,1599,,2
12/31/2024,2:00:00,12/31/2024 2:00,1525,,2
12/31/2024,3:00:00,12/31/2024 3:00,1456,,2
12/31/2024,4:00:00,12/31/2024 4:00,1415,,2
12/31/2024,5:00:00,12/31/2024 5:00,1374,,2
12/31/2024,6:00:00,12/31/2024 6:00,1367,,4.7
12/31/2024,7:00:00,12/31/2024 7:00,1396,,4.7
12/31/2024,8:00:00,12/31/2024 8:00,1602,,4.7
12/31/2024,9:00:00,12/31/2024 9:00,1775,,4.7
12/31/2024,10:00:00,12/31/2024 10:00,1933,,4.7
12/31/2024,11:00:00,12/31/2024 11:00,2053,,2
12/31/2024,12:00:00,12/31/2024 12:00,2170,,2
12/31/2024,13:00:00,12/31/2024 13:00,2175,,2
12/31/2024,14:00:00,12/31/2024 14:00,2158,,4.7
12/31/2024,15:00:00,12/31/2024 15:00,2274,,4.7
12/31/2024,16:00:00,12/31/2024 16:00,2258,,4.7
12/31/2024,17:00:00,12/31/2024 17:00,2200,,4.7
12/31/2024,18:00:00,12/31/2024 18:00,2038,,4.7
12/31/2024,19:00:00,12/31/2024 19:00,1944,,4.7
12/31/2024,20:00:00,12/31/2024 20:00,1788,,4.7
12/31/2024,21:00:00,12/31/2024 21:00,1626,,4.7
12/31/2024,22:00:00,12/31/2024 22:00,1538,,4.7
12/31/2024,23:00:00,12/31/2024 23:00,1476,,4.7
1/1/2025,0:00:00,1/1/2025 0:00,1459,,2
1/1/2025,1:00:00,1/1/2025 1:00,1444,,2
1/1/2025,2:00:00,1/1/2025 2:00,1449,,2
1/1/2025,3:00:00,1/1/2025 3:00,1425,,2
1/1/2025,4:00:00,1/1/2025 4:00,1386,,2
1/1/2025,5:00:00,1/1/2025 5:00,1381,,2
1/1/2025,6:00:00,1/1/2025 6:00,1358,,4.7
1/1/2025,7:00:00,1/1/2025 7:00,1323,,4.7
1/1/2025,8:00:00,1/1/2025 8:00,1410,,4.7
1/1/2025,9:00:00,1/1/2025 9:00,1425,,4.7
1/1/2025,10:00:00,1/1/2025 10:00,1434,,4.7
1/1/2025,11:00:00,1/1/2025 11:00,1471,,2
1/1/2025,12:00:00,1/1/2025 12:00,1497,,2
1/1/2025,13:00:00,1/1/2025 13:00,1532,,2
1/1/2025,14:00:00,1/1/2025 14:00,1555,,4.7
1/1/2025,15:00:00,1/1/2025 15:00,1645,,4.7
1/1/2025,16:00:00,1/1/2025 16:00,1624,,4.7
1/1/2025,17:00:00,1/1/2025 17:00,1652,,4.7
1/1/2025,18:00:00,1/1/2025 18:00,1679,,4.7
1/1/2025,19:00:00,1/1/2025 19:00,1675,,4.7
1/1/2025,20:00:00,1/1/2025 20:00,1659,,4.7
1/1/2025,21:00:00,1/1/2025 21:00,1628,,4.7
1/1/2025,22:00:00,1/1/2025 22:00,1637,,4.7
1/1/2025,23:00:00,1/1/2025 23:00,1623,,4.7
1/2/2025,0:00:00,1/2/2025 0:00,1576,,2
1/2/2025,1:00:00,1/2/2025 1:00,1544,,2
1/2/2025,2:00:00,1/2/2025 2:00,1482,,2
1/2/2025,3:00:00,1/2/2025 3:00,1406,,2
1/2/2025,4:00:00,1/2/2025 4:00,1367,,2
1/2/2025,5:00:00,1/2/2025 5:00,1329,,2
1/2/2025,6:00:00,1/2/2025 6:00,1344,,4.7
1/2/2025,7:00:00,1/2/2025 7:00,1376,,4.7
1/2/2025,8:00:00,1/2/2025 8:00,1581,,4.7
1/2/2025,9:00:00,1/2/2025 9:00,1761,,4.7
1/2/2025,10:00:00,1/2/2025 10:00,1950,,4.7
1/2/2025,11:00:00,1/2/2025 11:00,2106,,2
1/2/2025,12:00:00,1/2/2025 12:00,2194,,2
1/2/2025,13:00:00,1/2/2025 13:00,2208,,2
1/2/2025,14:00:00,1/2/2025 14:00,2229,,4.7
1/2/2025,15:00:00,1/2/2025 15:00,2289,,4.7
1/2/2025,16:00:00,1/2/2025 16:00,2270,,4.7
1/2/2025,17:00:00,1/2/2025 17:00,2259,,4.7
1/2/2025,18:00:00,1/2/2025 18:00,2151,,4.7
1/2/2025,19:00:00,1/2/2025 19:00,2046,,4.7
1/2/2025,20:00:00,1/2/2025 20:00,1931,,4.7
1/2/2025,21:00:00,1/2/2025 21:00,1816,,4.7
1/2/2025,22:00:00,1/2/2025 22:00,1701,,4.7
1/2/2025,23:00:00,1/2/2025 23:00,1684,,4.7
1/3/2025,0:00:00,1/3/2025 0:00,1611,,2
1/3/2025,1:00:00,1/3/2025 1:00,1551,,2
1/3/2025,2:00:00,1/3/2025 2:00,1468,,2
1/3/2025,3:00:00,1/3/2025 3:00,1433,,2
1/3/2025,4:00:00,1/3/2025 4:00,1386,,2
1/3/2025,5:00:00,1/3/2025 5:00,1353,,2
1/3/2025,6:00:00,1/3/2025 6:00,1361,,4.7
1/3/2025,7:00:00,1/3/2025 7:00,1382,,4.7
1/3/2025,8:00:00,1/3/2025 8:00,1543,,4.7
1/3/2025,9:00:00,1/3/2025 9:00,1751,,4.7
1/3/2025,10:00:00,1/3/2025 10:00,1974,,4.7
1/3/2025,11:00:00,1/3/2025 11:00,2102,,2
1/3/2025,12:00:00,1/3/2025 12:00,2185,,2
1/3/2025,13:00:00,1/3/2025 13:00,2162,,2
1/3/2025,14:00:00,1/3/2025 14:00,2181,,4.7
1/3/2025,15:00:00,1/3/2025 15:00,2266,,4.7
1/3/2025,16:00:00,1/3/2025 16:00,2267,,4.7
1/3/2025,17:00:00,1/3/2025 17:00,2223,,4.7
1/3/2025,18:00:00,1/3/2025 18:00,2092,,4.7
1/3/2025,19:00:00,1/3/2025 19:00,1975,,4.7
1/3/2025,20:00:00,1/3/2025 20:00,1885,,4.7
1/3/2025,21:00:00,1/3/2025 21:00,1744,,4.7
1/3/2025,22:00:00,1/3/2025 22:00,1680,,4.7
1/3/2025,23:00:00,1/3/2025 23:00,1614,,4.7
1/4/2025,0:00:00,1/4/2025 0:00,1610,,2
1/4/2025,1:00:00,1/4/2025 1:00,1538,,2
1/4/2025,2:00:00,1/4/2025 2:00,1474,,2
1/4/2025,3:00:00,1/4/2025 3:00,1423,,2
1/4/2025,4:00:00,1/4/2025 4:00,1383,,2
1/4/2025,5:00:00,1/4/2025 5:00,1361,,2
1/4/2025,6:00:00,1/4/2025 6:00,1348,,2.1
1/4/2025,7:00:00,1/4/2025 7:00,1342,,2.1
1/4/2025,8:00:00,1/4/2025 8:00,1432,,2.1
1/4/2025,9:00:00,1/4/2025 9:00,1529,,2.1
1/4/2025,10:00:00,1/4/2025 10:00,1573,,2.1
1/4/2025,11:00:00,1/4/2025 11:00,1647,,2
1/4/2025,12:00:00,1/4/2025 12:00,1703,,2
1/4/2025,13:00:00,1/4/2025 13:00,1711,,2
1/4/2025,14:00:00,1/4/2025 14:00,1728,,2.1
1/4/2025,15:00:00,1/4/2025 15:00,1834,,2.1
1/4/2025,16:00:00,1/4/2025 16:00,1800,,2.1
1/4/2025,17:00:00,1/4/2025 17:00,1794,,2.1
1/4/2025,18:00:00,1/4/2025 18:00,1737,,2.1
1/4/2025,19:00:00,1/4/2025 19:00,1700,,2.1
1/4/2025,20:00:00,1/4/2025 20:00,1681,,2.1
1/4/2025,21:00:00,1/4/2025 21:00,1612,,2.1
1/4/2025,22:00:00,1/4/2025 22:00,1616,,2.1
1/4/2025,23:00:00,1/4/2025 23:00,1601,,2.1
1/5/2025,0:00:00,1/5/2025 0:00,1567,,2
1/5/2025,1:00:00,1/5/2025 1:00,1566,,2
1/5/2025,2:00:00,1/5/2025 2:00,1509,,2
1/5/2025,3:00:00,1/5/2025 3:00,1416,,2
1/5/2025,4:00:00,1/5/2025 4:00,1397,,2
1/5/2025,5:00:00,1/5/2025 5:00,1352,,2
1/5/2025,6:00:00,1/5/2025 6:00,1356,,2
1/5/2025,7:00:00,1/5/2025 7:00,1346,,2
1/5/2025,8:00:00,1/5/2025 8:00,1462,,2
1/5/2025,9:00:00,1/5/2025 9:00,1464,,2
1/5/2025,10:00:00,1/5/2025 10:00,1535,,2
1/5/2025,11:00:00,1/5/2025 11:00,1594,,2
1/5/2025,12:00:00,1/5/2025 12:00,1631,,2
1/5/2025,13:00:00,1/5/2025 13:00,1696,,2
1/5/2025,14:00:00,1/5/2025 14:00,1701,,2
1/5/2025,15:00:00,1/5/2025 15:00,1770,,2
1/5/2025,16:00:00,1/5/2025 16:00,1742,,2
1/5/2025,17:00:00,1/5/2025 17:00,1766,,2
1/5/2025,18:00:00,1/5/2025 18:00,1718,,2
1/5/2025,19:00:00,1/5/2025 19:00,1694,,2
1/5/2025,20:00:00,1/5/2025 20:00,1678,,2
1/5/2025,21:00:00,1/5/2025 21:00,1672,,2
1/5/2025,22:00:00,1/5/2025 22:00,1586,,2
1/5/2025,23:00:00,1/5/2025 23:00,1610,,2
1/6/2025,0:00:00,1/6/2025 0:00,1550,,2
1/6/2025,1:00:00,1/6/2025 1:00,1569,,2
1/6/2025,2:00:00,1/6/2025 2:00,1503,,2
1/6/2025,3:00:00,1/6/2025 3:00,1428,,2
1/6/2025,4:00:00,1/6/2025 4:00,1385,,2
1/6/2025,5:00:00,1/6/2025 5:00,1351,,2
1/6/2025,6:00:00,1/6/2025 6:00,1359,,4.7
1/6/2025,7:00:00,1/6/2025 7:00,1374,,4.7
1/6/2025,8:00:00,1/6/2025 8:00,1564,,4.7
1/6/2025,9:00:00,1/6/2025 9:00,1804,,4.7
1/6/2025,10:00:00,1/6/2025 10:00,1989,,4.7
1/6/2025,11:00:00,1/6/2025 11:00,2087,,2
1/6/2025,12:00:00,1/6/2025 12:00,2173,,2
1/6/2025,13:00:00,1/6/2025 13:00,2156,,2
1/6/2025,14:00:00,1/6/2025 14:00,2210,,4.7
1/6/2025,15:00:00,1/6/2025 15:00,2302,,4.7
1/6/2025,16:00:00,1/6/2025 16:00,2249,,4.7
1/6/2025,17:00:00,1/6/2025 17:00,2261,,4.7
1/6/2025,18:00:00,1/6/2025 18:00,2167,,4.7
1/6/2025,19:00:00,1/6/2025 19:00,2053,,4.7
1/6/2025,20:00:00,1/6/2025 20:00,1957,,4.7
1/6/2025,21:00:00,1/6/2025 21:00,1795,,4.7
1/6/2025,22:00:00,1/6/2025 22:00,1737,,4.7
1/6/2025,23:00:00,1/6/2025 23:00,1689,,4.7
1/7/2025,0:00:00,1/7/2025 0:00,1634,,2
1/7/2025,1:00:00,1/7/2025 1:00,1588,,2
1/7/2025,2:00:00,1/7/2025 2:00,1515,,2
1/7/2025,3:00:00,1/7/2025 3:00,1444,,2
1/7/2025,4:00:00,1/7/2025 4:00,1408,,2
1/7/2025,5:00:00,1/7/2025 5:00,1384,,2
1/7/2025,6:00:00,1/7/2025 6:00,1397,,4.7
1/7/2025,7:00:00,1/7/2025 7:00,1405,,4.7
1/7/2025,8:00:00,1/7/2025 8:00,1595,,4.7
1/7/2025,9:00:00,1/7/2025 9:00,1808,,4.7
1/7/2025,10:00:00,1/7/2025 10:00,1993,,4.7
1/7/2025,11:00:00,1/7/2025 11:00,2133,,2
1/7/2025,12:00:00,1/7/2025 12:00,2184,,2
1/7/2025,13:00:00,1/7/2025 13:00,2200,,2
1/7/2025,14:00:00,1/7/2025 14:00,2235,,4.7
1/7/2025,15:00:00,1/7/2025 15:00,2307,,4.7
1/7/2025,16:00:00,1/7/2025 16:00,2258,,4.7
1/7/2025,17:00:00,1/7/2025 17:00,2281,,4.7
1/7/2025,18:00:00,1/7/2025 18:00,2204,,4.7
1/7/2025,19:00:00,1/7/2025 19:00,2058,,4.7
1/7/2025,20:00:00,1/7/2025 20:00,1941,,4.7
1/7/2025,21:00:00,1/7/2025 21:00,1817,,4.7
1/7/2025,22:00:00,1/7/2025 22:00,1728,,4.7
1/7/2025,23:00:00,1/7/2025 23:00,1670,,4.7
1/8/2025,0:00:00,1/8/2025 0:00,1624,,2
1/8/2025,1:00:00,1/8/2025 1:00,1561,,2
1/8/2025,2:00:00,1/8/2025 2:00,1495,,2
1/8/2025,3:00:00,1/8/2025 3:00,1419,,2
1/8/2025,4:00:00,1/8/2025 4:00,1409,,2
1/8/2025,5:00:00,1/8/2025 5:00,1362,,2
1/8/2025,6:00:00,1/8/2025 6:00,1361,,4.7
1/8/2025,7:00:00,1/8/2025 7:00,1380,,4.7
1/8/2025,8:00:00,1/8/2025 8:00,1563,,4.7
1/8/2025,9:00:00,1/8/2025 9:00,1821,,4.7
1/8/2025,10:00:00,1/8/2025 10:00,1981,,4.7
1/8/2025,11:00:00,1/8/2025 11:00,2127,,2
1/8/2025,12:00:00,1/8/2025 12:00,2208,,2
1/8/2025,13:00:00,1/8/2025 13:00,2168,,2
1/8/2025,14:00:00,1/8/2025 14:00,2218,,4.7
1/8/2025,15:00:00,1/8/2025 15:00,2306,,4.7
1/8/2025,16:00:00,1/8/2025 16:00,2279,,4.7
1/8/2025,17:00:00,1/8/2025 17:00,2254,,4.7
1/8/2025,18:00:00,1/8/2025 18:00,2176,,4.7
1/8/2025,19:00:00,1/8/2025 19:00,2048,,4.7
1/8/2025,20:00:00,1/8/2025 20:00,1984,,4.7
1/8/2025,21:00:00,1/8/2025 21:00,1837,,4.7
1/8/2025,22:00:00,1/8/2025 22:00,1708,,4.7
1/8/2025,23:00:00,1/8/2025 23:00,1679,,4.7
1/9/2025,0:00:00,1/9/2025 0:00,1643,,2
1/9/2025,1:00:00,1/9/2025 1:00,1605,,2
1/9/2025,2:00:00,1/9/2025 2:00,1519,,2
1/9/2025,3:00:00,1/9/2025 3:00,1457,,2
1/9/2025,4:00:00,1/9/2025 4:00,1410,,2
1/9/2025,5:00:00,1/9/2025 5:00,1365,,2
1/9/2025,6:00:00,1/9/2025 6:00,1376,,4.7
1/9/2025,7:00:00,1/9/2025 7:00,1401,,4.7
1/9/2025,8:00:00,1/9/2025 8:00,1588,,4.7
1/9/2025,9:00:00,1/9/2025 9:00,1803,,4.7
1/9/2025,10:00:00,1/9/2025 10:00,1975,,4.7
1/9/2025,11:00:00,1/9/2025 11:00,2133,,2
1/9/2025,12:00:00,1/9/2025 12:00,2233,,2
1/9/2025,13:00:00,1/9/2025 13:00,2199,,2
1/9/2025,14:00:00,1/9/2025 14:00,2213,,4.7
1/9/2025,15:00:00,1/9/2025 15:00,2354,,4.7
1/9/2025,16:00:00,1/9/2025 16:00,2326,,4.7
1/9/2025,17:00:00,1/9/2025 17:00,2253,,4.7
1/9/2025,18:00:00,1/9/2025 18:00,2142,,4.7
1/9/2025,19:00:00,1/9/2025 19:00,2014,,4.7
1/9/2025,20:00:00,1/9/2025 20:00,1908,,4.7
1/9/2025,21:00:00,1/9/2025 21:00,1768,,4.7
1/9/2025,22:00:00,1/9/2025 22:00,1705,,4.7
1/9/2025,23:00:00,1/9/2025 23:00,1661,,4.7
1/10/2025,0:00:00,1/10/2025 0:00,1637,,2
1/10/2025,1:00:00,1/10/2025 1:00,1555,,2
1/10/2025,2:00:00,1/10/2025 2:00,1484,,2
1/10/2025,3:00:00,1/10/2025 3:00,1421,,2
1/10/2025,4:00:00,1/10/2025 4:00,1385,,2
1/10/2025,5:00:00,1/10/2025 5:00,1353,,2
1/10/2025,6:00:00,1/10/2025 6:00,1347,,4.7
1/10/2025,7:00:00,1/10/2025 7:00,1371,,4.7
1/10/2025,8:00:00,1/10/2025 8:00,1560,,4.7
1/10/2025,9:00:00,1/10/2025 9:00,1825,,4.7
1/10/2025,10:00:00,1/10/2025 10:00,2020,,4.7
1/10/2025,11:00:00,1/10/2025 11:00,2140,,2
1/10/2025,12:00:00,1/10/2025 12:00,2208,,2
1/10/2025,13:00:00,1/10/2025 13:00,2223,,2
1/10/2025,14:00:00,1/10/2025 14:00,2228,,4.7
1/10/2025,15:00:00,1/10/2025 15:00,2321,,4.7
1/10/2025,16:00:00,1/10/2025 16:00,2290,,4.7
1/10/2025,17:00:00,1/10/2025 17:00,2225,,4.7
1/10/2025,18:00:00,1/10/2025 18:00,2118,,4.7
1/10/2025,19:00:00,1/10/2025 19:00,2000,,4.7
1/10/2025,20:00:00,1/10/2025 20:00,1888,,4.7
1/10/2025,21:00:00,1/10/2025 21:00,1721,,4.7
1/10/2025,22:00:00,1/10/2025 22:00,1640,,4.7
1/10/2025,23:00:00,1/10/2025 23:00,1621,,4.7
1/11/2025,0:00:00,1/11/2025 0:00,1575,,2
1/11/2025,1:00:00,1/11/2025 1:00,1525,,2
1/11/2025,2:00:00,1/11/2025 2:00,1475,,2
1/11/2025,3:00:00,1/11/2025 3:00,1415,,2
1/11/2025,4:00:00,1/11/2025 4:00,1346,,2
1/11/2025,5:00:00,1/11/2025 5:00,1321,,2
1/11/2025,6:00:00,1/11/2025 6:00,1315,,2.1
1/11/2025,7:00:00,1/11/2025 7:00,1329,,2.1
1/11/2025,8:00:00,1/11/2025 8:00,1428,,2.1
1/11/2025,9:00:00,1/11/2025 9:00,1490,,2.1
1/11/2025,10:00:00,1/11/2025 10:00,1558,,2.1
1/11/2025,11:00:00,1/11/2025 11:00,1648,,2
1/11/2025,12:00:00,1/11/2025 12:00,1686,,2
1/11/2025,13:00:00,1/11/2025 13:00,1701,,2
1/11/2025,14:00:00,1/11/2025 14:00,1769,,2.1
1/11/2025,15:00:00,1/11/2025 15:00,1800,,2.1
1/11/2025,16:00:00,1/11/2025 16:00,1785,,2.1
1/11/2025,17:00:00,1/11/2025 17:00,1824,,2.1
1/11/2025,18:00:00,1/11/2025 18:00,1729,,2.1
1/11/2025,19:00:00,1/11/2025 19:00,1686,,2.1
1/11/2025,20:00:00,1/11/2025 20:00,1688,,2.1
1/11/2025,21:00:00,1/11/2025 21:00,1600,,2.1
1/11/2025,22:00:00,1/11/2025 22:00,1588,,2.1
1/11/2025,23:00:00,1/11/2025 23:00,1581,,2.1
1/12/2025,0:00:00,1/12/2025 0:00,1561,,2
1/12/2025,1:00:00,1/12/2025 1:00,1554,,2
1/12/2025,2:00:00,1/12/2025 2:00,1465,,2
1/12/2025,3:00:00,1/12/2025 3:00,1400,,2
1/12/2025,4:00:00,1/12/2025 4:00,1348,,2
1/12/2025,5:00:00,1/12/2025 5:00,1319,,2
1/12/2025,6:00:00,1/12/2025 6:00,1311,,2
1/12/2025,7:00:00,1/12/2025 7:00,1320,,2
1/12/2025,8:00:00,1/12/2025 8:00,1440,,2
1/12/2025,9:00:00,1/12/2025 9:00,1476,,2
1/12/2025,10:00:00,1/12/2025 10:00,1505,,2
1/12/2025,11:00:00,1/12/2025 11:00,1592,,2
1/12/2025,12:00:00,1/12/2025 12:00,1607,,2
1/12/2025,13:00:00,1/12/2025 13:00,1578,,2
1/12/2025,14:00:00,1/12/2025 14:00,1589,,2
1/12/2025,15:00:00,1/12/2025 15:00,1720,,2
1/12/2025,16:00:00,1/12/2025 16:00,1701,,2
1/12/2025,17:00:00,1/12/2025 17:00,1691,,2
1/12/2025,18:00:00,1/12/2025 18:00,1590,,2
1/12/2025,19:00:00,1/12/2025 19:00,1591,,2
1/12/2025,20:00:00,1/12/2025 20:00,1545,,2
1/12/2025,21:00:00,1/12/2025 21:00,1532,,2
1/12/2025,22:00:00,1/12/2025 22:00,1526,,2
1/12/2025,23:00:00,1/12/2025 23:00,1591,,2
1/13/2025,0:00:00,1/13/2025 0:00,1537,,2
1/13/2025,1:00:00,1/13/2025 1:00,1576,,2
1/13/2025,2:00:00,1/13/2025 2:00,1461,,2
1/13/2025,3:00:00,1/13/2025 3:00,1354,,2
1/13/2025,4:00:00,1/13/2025 4:00,1324,,2
1/13/2025,5:00:00,1/13/2025 5:00,1316,,2
1/13/2025,6:00:00,1/13/2025 6:00,1324,,4.7
1/13/2025,7:00:00,1/13/2025 7:00,1366,,4.7
1/13/2025,8:00:00,1/13/2025 8:00,1529,,4.7
1/13/2025,9:00:00,1/13/2025 9:00,1757,,4.7
1/13/2025,10:00:00,1/13/2025 10:00,1939,,4.7
1/13/2025,11:00:00,1/13/2025 11:00,2068,,2
1/13/2025,12:00:00,1/13/2025 12:00,2125,,2
1/13/2025,13:00:00,1/13/2025 13:00,2179,,2
1/13/2025,14:00:00,1/13/2025 14:00,2232,,4.7
1/13/2025,15:00:00,1/13/2025 15:00,2349,,4.7
1/13/2025,16:00:00,1/13/2025 16:00,2280,,4.7
1/13/2025,17:00:00,1/13/2025 17:00,2303,,4.7
1/13/2025,18:00:00,1/13/2025 18:00,2219,,4.7
1/13/2025,19:00:00,1/13/2025 19:00,2081,,4.7
1/13/2025,20:00:00,1/13/2025 20:00,1959,,4.7
1/13/2025,21:00:00,1/13/2025 21:00,1816,,4.7
1/13/2025,22:00:00,1/13/2025 22:00,1742,,4.7
1/13/2025,23:00:00,1/13/2025 23:00,1708,,4.7
1/14/2025,0:00:00,1/14/2025 0:00,1658,,2
1/14/2025,1:00:00,1/14/2025 1:00,1586,,2
1/14/2025,2:00:00,1/14/2025 2:00,1523,,2
1/14/2025,3:00:00,1/14/2025 3:00,1460,,2
1/14/2025,4:00:00,1/14/2025 4:00,1416,,2
1/14/2025,5:00:00,1/14/2025 5:00,1405,,2
1/14/2025,6:00:00,1/14/2025 6:00,1382,,4.7
1/14/2025,7:00:00,1/14/2025 7:00,1395,,4.7
1/14/2025,8:00:00,1/14/2025 8:00,1542,,4.7
1/14/2025,9:00:00,1/14/2025 9:00,1767,,4.7
1/14/2025,10:00:00,1/14/2025 10:00,1947,,4.7
1/14/2025,11:00:00,1/14/2025 11:00,2078,,2
1/14/2025,12:00:00,1/14/2025 12:00,2169,,2
1/14/2025,13:00:00,1/14/2025 13:00,2166,,2
1/14/2025,14:00:00,1/14/2025 14:00,2186,,4.7
1/14/2025,15:00:00,1/14/2025 15:00,2128,,4.7
1/14/2025,16:00:00,1/14/2025 16:00,1827,,4.7
1/14/2025,17:00:00,1/14/2025 17:00,1969,,4.7
1/14/2025,18:00:00,1/14/2025 18:00,1896,,4.7
1/14/2025,19:00:00,1/14/2025 19:00,1806,,4.7
1/14/2025,20:00:00,1/14/2025 20:00,1750,,4.7
1/14/2025,21:00:00,1/14/2025 21:00,1663,,4.7
1/14/2025,22:00:00,1/14/2025 22:00,1596,,4.7
1/14/2025,23:00:00,1/14/2025 23:00,1554,,4.7
1/15/2025,0:00:00,1/15/2025 0:00,1522,,2
1/15/2025,1:00:00,1/15/2025 1:00,1469,,2
1/15/2025,2:00:00,1/15/2025 2:00,1366,,2
1/15/2025,3:00:00,1/15/2025 3:00,1326,,2
1/15/2025,4:00:00,1/15/2025 4:00,1313,,2
1/15/2025,5:00:00,1/15/2025 5:00,1256,,2
1/15/2025,6:00:00,1/15/2025 6:00,1188,,4.7
1/15/2025,7:00:00,1/15/2025 7:00,1245,,4.7
1/15/2025,8:00:00,1/15/2025 8:00,1412,,4.7
1/15/2025,9:00:00,1/15/2025 9:00,1635,,4.7
1/15/2025,10:00:00,1/15/2025 10:00,1806,,4.7
1/15/2025,11:00:00,1/15/2025 11:00,1917,,2
1/15/2025,12:00:00,1/15/2025 12:00,2055,,2
1/15/2025,13:00:00,1/15/2025 13:00,2053,,2
1/15/2025,14:00:00,1/15/2025 14:00,2107,,4.7
1/15/2025,15:00:00,1/15/2025 15:00,2215,,4.7
1/15/2025,16:00:00,1/15/2025 16:00,2177,,4.7
1/15/2025,17:00:00,1/15/2025 17:00,2128,,4.7
1/15/2025,18:00:00,1/15/2025 18:00,2010,,4.7
1/15/2025,19:00:00,1/15/2025 19:00,1905,,4.7
1/15/2025,20:00:00,1/15/2025 20:00,1893,,4.7
1/15/2025,21:00:00,1/15/2025 21:00,1763,,4.7
1/15/2025,22:00:00,1/15/2025 22:00,1712,,4.7
1/15/2025,23:00:00,1/15/2025 23:00,1623,,4.7
1/16/2025,0:00:00,1/16/2025 0:00,1588,,2
1/16/2025,1:00:00,1/16/2025 1:00,1586,,2
1/16/2025,2:00:00,1/16/2025 2:00,1495,,2
1/16/2025,3:00:00,1/16/2025 3:00,1408,,2
1/16/2025,4:00:00,1/16/2025 4:00,1364,,2
1/16/2025,5:00:00,1/16/2025 5:00,1322,,2
1/16/2025,6:00:00,1/16/2025 6:00,1335,,4.7
1/16/2025,7:00:00,1/16/2025 7:00,1345,,4.7
1/16/2025,8:00:00,1/16/2025 8:00,1461,,4.7
1/16/2025,9:00:00,1/16/2025 9:00,1691,,4.7
1/16/2025,10:00:00,1/16/2025 10:00,1897,,4.7
1/16/2025,11:00:00,1/16/2025 11:00,2005,,2
1/16/2025,12:00:00,1/16/2025 12:00,2070,,2
1/16/2025,13:00:00,1/16/2025 13:00,2099,,2
1/16/2025,14:00:00,1/16/2025 14:00,2070,,4.7
1/16/2025,15:00:00,1/16/2025 15:00,2144,,4.7
1/16/2025,16:00:00,1/16/2025 16:00,2141,,4.7
1/16/2025,17:00:00,1/16/2025 17:00,2151,,4.7
1/16/2025,18:00:00,1/16/2025 18:00,2052,,4.7
1/16/2025,19:00:00,1/16/2025 19:00,1940,,4.7
1/16/2025,20:00:00,1/16/2025 20:00,1879,,4.7
1/16/2025,21:00:00,1/16/2025 21:00,1766,,4.7
1/16/2025,22:00:00,1/16/2025 22:00,1671,,4.7
1/16/2025,23:00:00,1/16/2025 23:00,1676,,4.7
1/17/2025,0:00:00,1/17/2025 0:00,1595,,2
1/17/2025,1:00:00,1/17/2025 1:00,1546,,2
1/17/2025,2:00:00,1/17/2025 2:00,1450,,2
1/17/2025,3:00:00,1/17/2025 3:00,1378,,2
1/17/2025,4:00:00,1/17/2025 4:00,1351,,2
1/17/2025,5:00:00,1/17/2025 5:00,1325,,2
1/17/2025,6:00:00,1/17/2025 6:00,1341,,4.7
1/17/2025,7:00:00,1/17/2025 7:00,1311,,4.7
1/17/2025,8:00:00,1/17/2025 8:00,1453,,4.7
1/17/2025,9:00:00,1/17/2025 9:00,1700,,4.7
1/17/2025,10:00:00,1/17/2025 10:00,1890,,4.7
1/17/2025,11:00:00,1/17/2025 11:00,2005,,2
1/17/2025,12:00:00,1/17/2025 12:00,2090,,2
1/17/2025,13:00:00,1/17/2025 13:00,2019,,2
1/17/2025,14:00:00,1/17/2025 14:00,2041,,4.7
1/17/2025,15:00:00,1/17/2025 15:00,2142,,4.7
1/17/2025,16:00:00,1/17/2025 16:00,2051,,4.7
1/17/2025,17:00:00,1/17/2025 17:00,2054,,4.7
1/17/2025,18:00:00,1/17/2025 18:00,1935,,4.7
1/17/2025,19:00:00,1/17/2025 19:00,1779,,4.7
1/17/2025,20:00:00,1/17/2025 20:00,1717,,4.7
1/17/2025,21:00:00,1/17/2025 21:00,1596,,4.7
1/17/2025,22:00:00,1/17/2025 22:00,1601,,4.7
1/17/2025,23:00:00,1/17/2025 23:00,1626,,4.7
1/18/2025,0:00:00,1/18/2025 0:00,1609,,2
1/18/2025,1:00:00,1/18/2025 1:00,1537,,2
1/18/2025,2:00:00,1/18/2025 2:00,1483,,2
1/18/2025,3:00:00,1/18/2025 3:00,1398,,2
1/18/2025,4:00:00,1/18/2025 4:00,1364,,2
1/18/2025,5:00:00,1/18/2025 5:00,1282,,2
1/18/2025,6:00:00,1/18/2025 6:00,1239,,2.1
1/18/2025,7:00:00,1/18/2025 7:00,1219,,2.1
1/18/2025,8:00:00,1/18/2025 8:00,1296,,2.1
1/18/2025,9:00:00,1/18/2025 9:00,1392,,2.1
1/18/2025,10:00:00,1/18/2025 10:00,1461,,2.1
1/18/2025,11:00:00,1/18/2025 11:00,1531,,2
1/18/2025,12:00:00,1/18/2025 12:00,1564,,2
1/18/2025,13:00:00,1/18/2025 13:00,1605,,2
1/18/2025,14:00:00,1/18/2025 14:00,1590,,2.1
1/18/2025,15:00:00,1/18/2025 15:00,1662,,2.1
1/18/2025,16:00:00,1/18/2025 16:00,1639,,2.1
1/18/2025,17:00:00,1/18/2025 17:00,1698,,2.1
1/18/2025,18:00:00,1/18/2025 18:00,1585,,2.1
1/18/2025,19:00:00,1/18/2025 19:00,1557,,2.1
1/18/2025,20:00:00,1/18/2025 20:00,1532,,2.1
1/18/2025,21:00:00,1/18/2025 21:00,1462,,2.1
1/18/2025,22:00:00,1/18/2025 22:00,1488,,2.1
1/18/2025,23:00:00,1/18/2025 23:00,1482,,2.1
1/19/2025,0:00:00,1/19/2025 0:00,1461,,2
1/19/2025,1:00:00,1/19/2025 1:00,1465,,2
1/19/2025,2:00:00,1/19/2025 2:00,1404,,2
1/19/2025,3:00:00,1/19/2025 3:00,1320,,2
1/19/2025,4:00:00,1/19/2025 4:00,1297,,2
1/19/2025,5:00:00,1/19/2025 5:00,1278,,2
1/19/2025,6:00:00,1/19/2025 6:00,1226,,2
1/19/2025,7:00:00,1/19/2025 7:00,1219,,2
1/19/2025,8:00:00,1/19/2025 8:00,1310,,2
1/19/2025,9:00:00,1/19/2025 9:00,1378,,2
1/19/2025,10:00:00,1/19/2025 10:00,1419,,2
1/19/2025,11:00:00,1/19/2025 11:00,1473,,2
1/19/2025,12:00:00,1/19/2025 12:00,1523,,2
1/19/2025,13:00:00,1/19/2025 13:00,1554,,2
1/19/2025,14:00:00,1/19/2025 14:00,1591,,2
1/19/2025,15:00:00,1/19/2025 15:00,1664,,2
1/19/2025,16:00:00,1/19/2025 16:00,1634,,2
1/19/2025,17:00:00,1/19/2025 17:00,1665,,2
1/19/2025,18:00:00,1/19/2025 18:00,1549,,2
1/19/2025,19:00:00,1/19/2025 19:00,1553,,2
1/19/2025,20:00:00,1/19/2025 20:00,1533,,2
1/19/2025,21:00:00,1/19/2025 21:00,1490,,2
1/19/2025,22:00:00,1/19/2025 22:00,1525,,2
1/19/2025,23:00:00,1/19/2025 23:00,1526,,2
1/20/2025,0:00:00,1/20/2025 0:00,1499,,2
1/20/2025,1:00:00,1/20/2025 1:00,1534,,2
1/20/2025,2:00:00,1/20/2025 2:00,1444,,2
1/20/2025,3:00:00,1/20/2025 3:00,1335,,2
1/20/2025,4:00:00,1/20/2025 4:00,1316,,2
1/20/2025,5:00:00,1/20/2025 5:00,1286,,2
1/20/2025,6:00:00,1/20/2025 6:00,1282,,4.7
1/20/2025,7:00:00,1/20/2025 7:00,1289,,4.7
1/20/2025,8:00:00,1/20/2025 8:00,1476,,4.7
1/20/2025,9:00:00,1/20/2025 9:00,1668,,4.7
1/20/2025,10:00:00,1/20/2025 10:00,1824,,4.7
1/20/2025,11:00:00,1/20/2025 11:00,1899,,2
1/20/2025,12:00:00,1/20/2025 12:00,1946,,2
1/20/2025,13:00:00,1/20/2025 13:00,1950,,2
1/20/2025,14:00:00,1/20/2025 14:00,2008,,4.7
1/20/2025,15:00:00,1/20/2025 15:00,2092,,4.7
1/20/2025,16:00:00,1/20/2025 16:00,2102,,4.7
1/20/2025,17:00:00,1/20/2025 17:00,2127,,4.7
1/20/2025,18:00:00,1/20/2025 18:00,2024,,4.7
1/20/2025,19:00:00,1/20/2025 19:00,1875,,4.7
1/20/2025,20:00:00,1/20/2025 20:00,1792,,4.7
1/20/2025,21:00:00,1/20/2025 21:00,1661,,4.7
1/20/2025,22:00:00,1/20/2025 22:00,1642,,4.7
1/20/2025,23:00:00,1/20/2025 23:00,1625,,4.7
1/21/2025,0:00:00,1/21/2025 0:00,1551,,2
1/21/2025,1:00:00,1/21/2025 1:00,1523,,2
1/21/2025,2:00:00,1/21/2025 2:00,1461,,2
1/21/2025,3:00:00,1/21/2025 3:00,1381,,2
1/21/2025,4:00:00,1/21/2025 4:00,1341,,2
1/21/2025,5:00:00,1/21/2025 5:00,1314,,2
1/21/2025,6:00:00,1/21/2025 6:00,1304,,4.7
1/21/2025,7:00:00,1/21/2025 7:00,1300,,4.7
1/21/2025,8:00:00,1/21/2025 8:00,1506,,4.7
1/21/2025,9:00:00,1/21/2025 9:00,1695,,4.7
1/21/2025,10:00:00,1/21/2025 10:00,1824,,4.7
1/21/2025,11:00:00,1/21/2025 11:00,1929,,2
1/21/2025,12:00:00,1/21/2025 12:00,1987,,2
1/21/2025,13:00:00,1/21/2025 13:00,1996,,2
1/21/2025,14:00:00,1/21/2025 14:00,2003,,4.7
1/21/2025,15:00:00,1/21/2025 15:00,2062,,4.7
1/21/2025,16:00:00,1/21/2025 16:00,2069,,4.7
1/21/2025,17:00:00,1/21/2025 17:00,2066,,4.7
1/21/2025,18:00:00,1/21/2025 18:00,1927,,4.7
1/21/2025,19:00:00,1/21/2025 19:00,1816,,4.7
1/21/2025,20:00:00,1/21/2025 20:00,1716,,4.7
1/21/2025,21:00:00,1/21/2025 21:00,1629,,4.7
1/21/2025,22:00:00,1/21/2025 22:00,1671,,4.7
1/21/2025,23:00:00,1/21/2025 23:00,1606,,4.7
1/22/2025,0:00:00,1/22/2025 0:00,1590,,2
1/22/2025,1:00:00,1/22/2025 1:00,1516,,2
1/22/2025,2:00:00,1/22/2025 2:00,1449,,2
1/22/2025,3:00:00,1/22/2025 3:00,1382,,2
1/22/2025,4:00:00,1/22/2025 4:00,1348,,2
1/22/2025,5:00:00,1/22/2025 5:00,1331,,2
1/22/2025,6:00:00,1/22/2025 6:00,1301,,4.7
1/22/2025,7:00:00,1/22/2025 7:00,1335,,4.7
1/22/2025,8:00:00,1/22/2025 8:00,1513,,4.7
1/22/2025,9:00:00,1/22/2025 9:00,1687,,4.7
1/22/2025,10:00:00,1/22/2025 10:00,1817,,4.7
1/22/2025,11:00:00,1/22/2025 11:00,1966,,2
1/22/2025,12:00:00,1/22/2025 12:00,2052,,2
1/22/2025,13:00:00,1/22/2025 13:00,2018,,2
1/22/2025,14:00:00,1/22/2025 14:00,2010,,4.7
1/22/2025,15:00:00,1/22/2025 15:00,2105,,4.7
1/22/2025,16:00:00,1/22/2025 16:00,2118,,4.7
1/22/2025,17:00:00,1/22/2025 17:00,2061,,4.7
1/22/2025,18:00:00,1/22/2025 18:00,1949,,4.7
1/22/2025,19:00:00,1/22/2025 19:00,1833,,4.7
1/22/2025,20:00:00,1/22/2025 20:00,1751,,4.7
1/22/2025,21:00:00,1/22/2025 21:00,1623,,4.7
1/22/2025,22:00:00,1/22/2025 22:00,1609,,4.7
1/22/2025,23:00:00,1/22/2025 23:00,1592,,4.7
1/23/2025,0:00:00,1/23/2025 0:00,1582,,2
1/23/2025,1:00:00,1/23/2025 1:00,1550,,2
1/23/2025,2:00:00,1/23/2025 2:00,1458,,2
1/23/2025,3:00:00,1/23/2025 3:00,1376,,2
1/23/2025,4:00:00,1/23/2025 4:00,1330,,2
1/23/2025,5:00:00,1/23/2025 5:00,1304,,2
1/23/2025,6:00:00,1/23/2025 6:00,1276,,4.7
1/23/2025,7:00:00,1/23/2025 7:00,1310,,4.7
1/23/2025,8:00:00,1/23/2025 8:00,1481,,4.7
1/23/2025,9:00:00,1/23/2025 9:00,1653,,4.7
1/23/2025,10:00:00,1/23/2025 10:00,1805,,4.7
1/23/2025,11:00:00,1/23/2025 11:00,1924,,2
1/23/2025,12:00:00,1/23/2025 12:00,1947,,2
1/23/2025,13:00:00,1/23/2025 13:00,1947,,2
1/23/2025,14:00:00,1/23/2025 14:00,1967,,4.7
1/23/2025,15:00:00,1/23/2025 15:00,1985,,4.7
1/23/2025,16:00:00,1/23/2025 16:00,1921,,4.7
1/23/2025,17:00:00,1/23/2025 17:00,1906,,4.7
1/23/2025,18:00:00,1/23/2025 18:00,1746,,4.7
1/23/2025,19:00:00,1/23/2025 19:00,1635,,4.7
1/23/2025,20:00:00,1/23/2025 20:00,1567,,4.7
1/23/2025,21:00:00,1/23/2025 21:00,1449,,4.7
1/23/2025,22:00:00,1/23/2025 22:00,1402,,4.7
1/23/2025,23:00:00,1/23/2025 23:00,1372,,4.7
1/24/2025,0:00:00,1/24/2025 0:00,1359,,2
1/24/2025,1:00:00,1/24/2025 1:00,1316,,2
1/24/2025,2:00:00,1/24/2025 2:00,1287,,2
1/24/2025,3:00:00,1/24/2025 3:00,1230,,2
1/24/2025,4:00:00,1/24/2025 4:00,1152,,2
1/24/2025,5:00:00,1/24/2025 5:00,1088,,2
1/24/2025,6:00:00,1/24/2025 6:00,1045,,4.7
1/24/2025,7:00:00,1/24/2025 7:00,1054,,4.7
1/24/2025,8:00:00,1/24/2025 8:00,1090,,4.7
1/24/2025,9:00:00,1/24/2025 9:00,1177,,4.7
1/24/2025,10:00:00,1/24/2025 10:00,1200,,4.7
1/24/2025,11:00:00,1/24/2025 11:00,1289,,2
1/24/2025,12:00:00,1/24/2025 12:00,1321,,2
1/24/2025,13:00:00,1/24/2025 13:00,1289,,2
1/24/2025,14:00:00,1/24/2025 14:00,1314,,4.7
1/24/2025,15:00:00,1/24/2025 15:00,1425,,4.7
1/24/2025,16:00:00,1/24/2025 16:00,1360,,4.7
1/24/2025,17:00:00,1/24/2025 17:00,1340,,4.7
1/24/2025,18:00:00,1/24/2025 18:00,1326,,4.7
1/24/2025,19:00:00,1/24/2025 19:00,1280,,4.7
1/24/2025,20:00:00,1/24/2025 20:00,1258,,4.7
1/24/2025,21:00:00,1/24/2025 21:00,1249,,4.7
1/24/2025,22:00:00,1/24/2025 22:00,1245,,4.7
1/24/2025,23:00:00,1/24/2025 23:00,1253,,4.7
1/25/2025,0:00:00,1/25/2025 0:00,1226,,2
1/25/2025,1:00:00,1/25/2025 1:00,1198,,2
1/25/2025,2:00:00,1/25/2025 2:00,1159,,2
1/25/2025,3:00:00,1/25/2025 3:00,1115,,2
1/25/2025,4:00:00,1/25/2025 4:00,1096,,2
1/25/2025,5:00:00,1/25/2025 5:00,1052,,2
1/25/2025,6:00:00,1/25/2025 6:00,1038,,2.1
1/25/2025,7:00:00,1/25/2025 7:00,1049,,2.1
1/25/2025,8:00:00,1/25/2025 8:00,1057,,2.1
1/25/2025,9:00:00,1/25/2025 9:00,1089,,2.1
1/25/2025,10:00:00,1/25/2025 10:00,1109,,2.1
1/25/2025,11:00:00,1/25/2025 11:00,1108,,2
1/25/2025,12:00:00,1/25/2025 12:00,1137,,2
1/25/2025,13:00:00,1/25/2025 13:00,1144,,2
1/25/2025,14:00:00,1/25/2025 14:00,1138,,2.1
1/25/2025,15:00:00,1/25/2025 15:00,1215,,2.1
1/25/2025,16:00:00,1/25/2025 16:00,1151,,2.1
1/25/2025,17:00:00,1/25/2025 17:00,1170,,2.1
1/25/2025,18:00:00,1/25/2025 18:00,1182,,2.1
1/25/2025,19:00:00,1/25/2025 19:00,1155,,2.1
1/25/2025,20:00:00,1/25/2025 20:00,1143,,2.1
1/25/2025,21:00:00,1/25/2025 21:00,1148,,2.1
1/25/2025,22:00:00,1/25/2025 22:00,1158,,2.1
1/25/2025,23:00:00,1/25/2025 23:00,1153,,2.1
1/26/2025,0:00:00,1/26/2025 0:00,1159,,2
1/26/2025,1:00:00,1/26/2025 1:00,1170,,2
1/26/2025,2:00:00,1/26/2025 2:00,1136,,2
1/26/2025,3:00:00,1/26/2025 3:00,1084,,2
1/26/2025,4:00:00,1/26/2025 4:00,1060,,2
1/26/2025,5:00:00,1/26/2025 5:00,1035,,2
1/26/2025,6:00:00,1/26/2025 6:00,1029,,2
1/26/2025,7:00:00,1/26/2025 7:00,1022,,2
1/26/2025,8:00:00,1/26/2025 8:00,1037,,2
1/26/2025,9:00:00,1/26/2025 9:00,1049,,2
1/26/2025,10:00:00,1/26/2025 10:00,1068,,2
1/26/2025,11:00:00,1/26/2025 11:00,1056,,2
1/26/2025,12:00:00,1/26/2025 12:00,1118,,2
1/26/2025,13:00:00,1/26/2025 13:00,1087,,2
1/26/2025,14:00:00,1/26/2025 14:00,1116,,2
1/26/2025,15:00:00,1/26/2025 15:00,1167,,2
1/26/2025,16:00:00,1/26/2025 16:00,1120,,2
1/26/2025,17:00:00,1/26/2025 17:00,1133,,2
1/26/2025,18:00:00,1/26/2025 18:00,1118,,2
1/26/2025,19:00:00,1/26/2025 19:00,1146,,2
1/26/2025,20:00:00,1/26/2025 20:00,1156,,2
1/26/2025,21:00:00,1/26/2025 21:00,1138,,2
1/26/2025,22:00:00,1/26/2025 22:00,1162,,2
1/26/2025,23:00:00,1/26/2025 23:00,1170,,2
1/27/2025,0:00:00,1/27/2025 0:00,1154,,2
1/27/2025,1:00:00,1/27/2025 1:00,1161,,2
1/27/2025,2:00:00,1/27/2025 2:00,1130,,2
1/27/2025,3:00:00,1/27/2025 3:00,1057,,2
1/27/2025,4:00:00,1/27/2025 4:00,1046,,2
1/27/2025,5:00:00,1/27/2025 5:00,1034,,2
1/27/2025,6:00:00,1/27/2025 6:00,1014,,4.7
1/27/2025,7:00:00,1/27/2025 7:00,1021,,4.7
1/27/2025,8:00:00,1/27/2025 8:00,1042,,4.7
1/27/2025,9:00:00,1/27/2025 9:00,1062,,4.7
1/27/2025,10:00:00,1/27/2025 10:00,1056,,4.7
1/27/2025,11:00:00,1/27/2025 11:00,1089,,2
1/27/2025,12:00:00,1/27/2025 12:00,1092,,2
1/27/2025,13:00:00,1/27/2025 13:00,1095,,2
1/27/2025,14:00:00,1/27/2025 14:00,1079,,4.7
1/27/2025,15:00:00,1/27/2025 15:00,1154,,4.7
1/27/2025,16:00:00,1/27/2025 16:00,1083,,4.7
1/27/2025,17:00:00,1/27/2025 17:00,1126,,4.7
1/27/2025,18:00:00,1/27/2025 18:00,1140,,4.7
1/27/2025,19:00:00,1/27/2025 19:00,1128,,4.7
1/27/2025,20:00:00,1/27/2025 20:00,1120,,4.7
1/27/2025,21:00:00,1/27/2025 21:00,1125,,4.7
1/27/2025,22:00:00,1/27/2025 22:00,1108,,4.7
1/27/2025,23:00:00,1/27/2025 23:00,1155,,4.7
1/28/2025,0:00:00,1/28/2025 0:00,1136,,2
1/28/2025,1:00:00,1/28/2025 1:00,1127,,2
1/28/2025,2:00:00,1/28/2025 2:00,1110,,2
1/28/2025,3:00:00,1/28/2025 3:00,1046,,2
1/28/2025,4:00:00,1/28/2025 4:00,1045,,2
1/28/2025,5:00:00,1/28/2025 5:00,1058,,2
1/28/2025,6:00:00,1/28/2025 6:00,1019,,4.7
1/28/2025,7:00:00,1/28/2025 7:00,1013,,4.7
1/28/2025,8:00:00,1/28/2025 8:00,1028,,4.7
1/28/2025,9:00:00,1/28/2025 9:00,1043,,4.7
1/28/2025,10:00:00,1/28/2025 10:00,1017,,4.7
1/28/2025,11:00:00,1/28/2025 11:00,1022,,2
1/28/2025,12:00:00,1/28/2025 12:00,1017,,2
1/28/2025,13:00:00,1/28/2025 13:00,1039,,2
1/28/2025,14:00:00,1/28/2025 14:00,1045,,4.7
1/28/2025,15:00:00,1/28/2025 15:00,1071,,4.7
1/28/2025,16:00:00,1/28/2025 16:00,1068,,4.7
1/28/2025,17:00:00,1/28/2025 17:00,1055,,4.7
1/28/2025,18:00:00,1/28/2025 18:00,1064,,4.7
1/28/2025,19:00:00,1/28/2025 19:00,1084,,4.7
1/28/2025,20:00:00,1/28/2025 20:00,1075,,4.7
1/28/2025,21:00:00,1/28/2025 21:00,1084,,4.7
1/28/2025,22:00:00,1/28/2025 22:00,1064,,4.7
1/28/2025,23:00:00,1/28/2025 23:00,1083,,4.7
1/29/2025,0:00:00,1/29/2025 0:00,1067,,2
1/29/2025,1:00:00,1/29/2025 1:00,1058,,2
1/29/2025,2:00:00,1/29/2025 2:00,1024,,2
1/29/2025,3:00:00,1/29/2025 3:00,1001,,2
1/29/2025,4:00:00,1/29/2025 4:00,999,,2
1/29/2025,5:00:00,1/29/2025 5:00,988,,2
1/29/2025,6:00:00,1/29/2025 6:00,988,,4.7
1/29/2025,7:00:00,1/29/2025 7:00,963,,4.7
1/29/2025,8:00:00,1/29/2025 8:00,984,,4.7
1/29/2025,9:00:00,1/29/2025 9:00,986,,4.7
1/29/2025,10:00:00,1/29/2025 10:00,963,,4.7
1/29/2025,11:00:00,1/29/2025 11:00,1011,,2
1/29/2025,12:00:00,1/29/2025 12:00,999,,2
1/29/2025,13:00:00,1/29/2025 13:00,1003,,2
1/29/2025,14:00:00,1/29/2025 14:00,1025,,4.7
1/29/2025,15:00:00,1/29/2025 15:00,1093,,4.7
1/29/2025,16:00:00,1/29/2025 16:00,1055,,4.7
1/29/2025,17:00:00,1/29/2025 17:00,1048,,4.7
1/29/2025,18:00:00,1/29/2025 18:00,1071,,4.7
1/29/2025,19:00:00,1/29/2025 19:00,1068,,4.7
1/29/2025,20:00:00,1/29/2025 20:00,1068,,4.7
1/29/2025,21:00:00,1/29/2025 21:00,1067,,4.7
1/29/2025,22:00:00,1/29/2025 22:00,1074,,4.7
1/29/2025,23:00:00,1/29/2025 23:00,1086,,4.7
1/30/2025,0:00:00,1/30/2025 0:00,1043,,2
1/30/2025,1:00:00,1/30/2025 1:00,1084,,2
1/30/2025,2:00:00,1/30/2025 2:00,1060,,2
1/30/2025,3:00:00,1/30/2025 3:00,1008,,2
1/30/2025,4:00:00,1/30/2025 4:00,988,,2
1/30/2025,5:00:00,1/30/2025 5:00,975,,2
1/30/2025,6:00:00,1/30/2025 6:00,969,,4.7
1/30/2025,7:00:00,1/30/2025 7:00,973,,4.7
1/30/2025,8:00:00,1/30/2025 8:00,995,,4.7
1/30/2025,9:00:00,1/30/2025 9:00,986,,4.7
1/30/2025,10:00:00,1/30/2025 10:00,963,,4.7
1/30/2025,11:00:00,1/30/2025 11:00,964,,2
1/30/2025,12:00:00,1/30/2025 12:00,1004,,2
1/30/2025,13:00:00,1/30/2025 13:00,985,,2
1/30/2025,14:00:00,1/30/2025 14:00,1011,,4.7
1/30/2025,15:00:00,1/30/2025 15:00,1063,,4.7
1/30/2025,16:00:00,1/30/2025 16:00,1029,,4.7
1/30/2025,17:00:00,1/30/2025 17:00,1035,,4.7
1/30/2025,18:00:00,1/30/2025 18:00,1065,,4.7
1/30/2025,19:00:00,1/30/2025 19:00,1056,,4.7
1/30/2025,20:00:00,1/30/2025 20:00,1051,,4.7
1/30/2025,21:00:00,1/30/2025 21:00,1058,,4.7
1/30/2025,22:00:00,1/30/2025 22:00,1061,,4.7
1/30/2025,23:00:00,1/30/2025 23:00,1062,,4.7
1/31/2025,0:00:00,1/31/2025 0:00,1080,,2
1/31/2025,1:00:00,1/31/2025 1:00,1067,,2
1/31/2025,2:00:00,1/31/2025 2:00,1052,,2
1/31/2025,3:00:00,1/31/2025 3:00,1004,,2
1/31/2025,4:00:00,1/31/2025 4:00,1021,,2
1/31/2025,5:00:00,1/31/2025 5:00,993,,2
1/31/2025,6:00:00,1/31/2025 6:00,981,,4.7
1/31/2025,7:00:00,1/31/2025 7:00,986,,4.7
1/31/2025,8:00:00,1/31/2025 8:00,1014,,4.7
1/31/2025,9:00:00,1/31/2025 9:00,1021,,4.7
1/31/2025,10:00:00,1/31/2025 10:00,997,,4.7
1/31/2025,11:00:00,1/31/2025 11:00,1031,,2
1/31/2025,12:00:00,1/31/2025 12:00,1046,,2
1/31/2025,13:00:00,1/31/2025 13:00,1042,,2
1/31/2025,14:00:00,1/31/2025 14:00,1043,,4.7
1/31/2025,15:00:00,1/31/2025 15:00,1125,,4.7
1/31/2025,16:00:00,1/31/2025 16:00,1070,,4.7
1/31/2025,17:00:00,1/31/2025 17:00,1092,,4.7
1/31/2025,18:00:00,1/31/2025 18:00,1097,,4.7
1/31/2025,19:00:00,1/31/2025 19:00,1098,,4.7
1/31/2025,20:00:00,1/31/2025 20:00,1105,,4.7
1/31/2025,21:00:00,1/31/2025 21:00,1117,,4.7
1/31/2025,22:00:00,1/31/2025 22:00,1095,,4.7
1/31/2025,23:00:00,1/31/2025 23:00,1094,,4.7
2/1/2025,0:00:00,2/1/2025 0:00,1074,,2
2/1/2025,1:00:00,2/1/2025 1:00,1072,,2
2/1/2025,2:00:00,2/1/2025 2:00,1076,,2
2/1/2025,3:00:00,2/1/2025 3:00,1022,,2
2/1/2025,4:00:00,2/1/2025 4:00,1015,,2
2/1/2025,5:00:00,2/1/2025 5:00,1018,,2
2/1/2025,6:00:00,2/1/2025 6:00,1002,,2.1
2/1/2025,7:00:00,2/1/2025 7:00,993,,2.1
2/1/2025,8:00:00,2/1/2025 8:00,1012,,2.1
2/1/2025,9:00:00,2/1/2025 9:00,1012,,2.1
2/1/2025,10:00:00,2/1/2025 10:00,1013,,2.1
2/1/2025,11:00:00,2/1/2025 11:00,1036,,2
2/1/2025,12:00:00,2/1/2025 12:00,1056,,2
2/1/2025,13:00:00,2/1/2025 13:00,1066,,2
2/1/2025,14:00:00,2/1/2025 14:00,1098,,2.1
2/1/2025,15:00:00,2/1/2025 15:00,1144,,2.1
2/1/2025,16:00:00,2/1/2025 16:00,1107,,2.1
2/1/2025,17:00:00,2/1/2025 17:00,1115,,2.1
2/1/2025,18:00:00,2/1/2025 18:00,1121,,2.1
2/1/2025,19:00:00,2/1/2025 19:00,1117,,2.1
2/1/2025,20:00:00,2/1/2025 20:00,1129,,2.1
2/1/2025,21:00:00,2/1/2025 21:00,1164,,2.1
2/1/2025,22:00:00,2/1/2025 22:00,1149,,2.1
2/1/2025,23:00:00,2/1/2025 23:00,1146,,2.1
2/2/2025,0:00:00,2/2/2025 0:00,1132,,2
2/2/2025,1:00:00,2/2/2025 1:00,1145,,2
2/2/2025,2:00:00,2/2/2025 2:00,1101,,2
2/2/2025,3:00:00,2/2/2025 3:00,1065,,2
2/2/2025,4:00:00,2/2/2025 4:00,1045,,2
2/2/2025,5:00:00,2/2/2025 5:00,1030,,2
2/2/2025,6:00:00,2/2/2025 6:00,1015,,2
2/2/2025,7:00:00,2/2/2025 7:00,1019,,2
2/2/2025,8:00:00,2/2/2025 8:00,1043,,2
2/2/2025,9:00:00,2/2/2025 9:00,1041,,2
2/2/2025,10:00:00,2/2/2025 10:00,1048,,2
2/2/2025,11:00:00,2/2/2025 11:00,1072,,2
2/2/2025,12:00:00,2/2/2025 12:00,1080,,2
2/2/2025,13:00:00,2/2/2025 13:00,1126,,2
2/2/2025,14:00:00,2/2/2025 14:00,1117,,2
2/2/2025,15:00:00,2/2/2025 15:00,1190,,2
2/2/2025,16:00:00,2/2/2025 16:00,1164,,2
2/2/2025,17:00:00,2/2/2025 17:00,1161,,2
2/2/2025,18:00:00,2/2/2025 18:00,1179,,2
2/2/2025,19:00:00,2/2/2025 19:00,1188,,2
2/2/2025,20:00:00,2/2/2025 20:00,1166,,2
2/2/2025,21:00:00,2/2/2025 21:00,1182,,2
2/2/2025,22:00:00,2/2/2025 22:00,1193,,2
2/2/2025,23:00:00,2/2/2025 23:00,1211,,2
2/3/2025,0:00:00,2/3/2025 0:00,1206,,2
2/3/2025,1:00:00,2/3/2025 1:00,1228,,2
2/3/2025,2:00:00,2/3/2025 2:00,1153,,2
2/3/2025,3:00:00,2/3/2025 3:00,1076,,2
2/3/2025,4:00:00,2/3/2025 4:00,1053,,2
2/3/2025,5:00:00,2/3/2025 5:00,1041,,2
2/3/2025,6:00:00,2/3/2025 6:00,1043,,4.7
2/3/2025,7:00:00,2/3/2025 7:00,1026,,4.7
2/3/2025,8:00:00,2/3/2025 8:00,1088,,4.7
2/3/2025,9:00:00,2/3/2025 9:00,1165,,4.7
2/3/2025,10:00:00,2/3/2025 10:00,1217,,4.7
2/3/2025,11:00:00,2/3/2025 11:00,1294,,2
2/3/2025,12:00:00,2/3/2025 12:00,1382,,2
2/3/2025,13:00:00,2/3/2025 13:00,1405,,2
2/3/2025,14:00:00,2/3/2025 14:00,1422,,4.7
2/3/2025,15:00:00,2/3/2025 15:00,1502,,4.7
2/3/2025,16:00:00,2/3/2025 16:00,1463,,4.7
2/3/2025,17:00:00,2/3/2025 17:00,1433,,4.7
2/3/2025,18:00:00,2/3/2025 18:00,1465,,4.7
2/3/2025,19:00:00,2/3/2025 19:00,1446,,4.7
2/3/2025,20:00:00,2/3/2025 20:00,1418,,4.7
2/3/2025,21:00:00,2/3/2025 21:00,1357,,4.7
2/3/2025,22:00:00,2/3/2025 22:00,1336,,4.7
2/3/2025,23:00:00,2/3/2025 23:00,1380,,4.7
2/4/2025,0:00:00,2/4/2025 0:00,1301,,2
2/4/2025,1:00:00,2/4/2025 1:00,1304,,2
2/4/2025,2:00:00,2/4/2025 2:00,1272,,2
2/4/2025,3:00:00,2/4/2025 3:00,1191,,2
2/4/2025,4:00:00,2/4/2025 4:00,1204,,2
2/4/2025,5:00:00,2/4/2025 5:00,1146,,2
2/4/2025,6:00:00,2/4/2025 6:00,1143,,4.7
2/4/2025,7:00:00,2/4/2025 7:00,1155,,4.7
2/4/2025,8:00:00,2/4/2025 8:00,1348,,4.7
2/4/2025,9:00:00,2/4/2025 9:00,1562,,4.7
2/4/2025,10:00:00,2/4/2025 10:00,1735,,4.7
2/4/2025,11:00:00,2/4/2025 11:00,1872,,2
2/4/2025,12:00:00,2/4/2025 12:00,1974,,2
2/4/2025,13:00:00,2/4/2025 13:00,1950,,2
2/4/2025,14:00:00,2/4/2025 14:00,1893,,4.7
2/4/2025,15:00:00,2/4/2025 15:00,1974,,4.7
2/4/2025,16:00:00,2/4/2025 16:00,1965,,4.7
2/4/2025,17:00:00,2/4/2025 17:00,1944,,4.7
2/4/2025,18:00:00,2/4/2025 18:00,1830,,4.7
2/4/2025,19:00:00,2/4/2025 19:00,1759,,4.7
2/4/2025,20:00:00,2/4/2025 20:00,1676,,4.7
2/4/2025,21:00:00,2/4/2025 21:00,1537,,4.7
2/4/2025,22:00:00,2/4/2025 22:00,1515,,4.7
2/4/2025,23:00:00,2/4/2025 23:00,1471,,4.7
2/5/2025,0:00:00,2/5/2025 0:00,1424,,2
2/5/2025,1:00:00,2/5/2025 1:00,1368,,2
2/5/2025,2:00:00,2/5/2025 2:00,1331,,2
2/5/2025,3:00:00,2/5/2025 3:00,1292,,2
2/5/2025,4:00:00,2/5/2025 4:00,1256,,2
2/5/2025,5:00:00,2/5/2025 5:00,1217,,2
2/5/2025,6:00:00,2/5/2025 6:00,1225,,4.7
2/5/2025,7:00:00,2/5/2025 7:00,1248,,4.7
2/5/2025,8:00:00,2/5/2025 8:00,1411,,4.7
2/5/2025,9:00:00,2/5/2025 9:00,1618,,4.7
2/5/2025,10:00:00,2/5/2025 10:00,1774,,4.7
2/5/2025,11:00:00,2/5/2025 11:00,1935,,2
2/5/2025,12:00:00,2/5/2025 12:00,1973,,2
2/5/2025,13:00:00,2/5/2025 13:00,1934,,2
2/5/2025,14:00:00,2/5/2025 14:00,1993,,4.7
2/5/2025,15:00:00,2/5/2025 15:00,2072,,4.7
2/5/2025,16:00:00,2/5/2025 16:00,2016,,4.7
2/5/2025,17:00:00,2/5/2025 17:00,2016,,4.7
2/5/2025,18:00:00,2/5/2025 18:00,1904,,4.7
2/5/2025,19:00:00,2/5/2025 19:00,1833,,4.7
2/5/2025,20:00:00,2/5/2025 20:00,1737,,4.7
2/5/2025,21:00:00,2/5/2025 21:00,1601,,4.7
2/5/2025,22:00:00,2/5/2025 22:00,1595,,4.7
2/5/2025,23:00:00,2/5/2025 23:00,1561,,4.7
2/6/2025,0:00:00,2/6/2025 0:00,1531,,2
2/6/2025,1:00:00,2/6/2025 1:00,1488,,2
2/6/2025,2:00:00,2/6/2025 2:00,1412,,2
2/6/2025,3:00:00,2/6/2025 3:00,1330,,2
2/6/2025,4:00:00,2/6/2025 4:00,1300,,2
2/6/2025,5:00:00,2/6/2025 5:00,1275,,2
2/6/2025,6:00:00,2/6/2025 6:00,1253,,4.7
2/6/2025,7:00:00,2/6/2025 7:00,1269,,4.7
2/6/2025,8:00:00,2/6/2025 8:00,1448,,4.7
2/6/2025,9:00:00,2/6/2025 9:00,1656,,4.7
2/6/2025,10:00:00,2/6/2025 10:00,1829,,4.7
2/6/2025,11:00:00,2/6/2025 11:00,1950,,2
2/6/2025,12:00:00,2/6/2025 12:00,2034,,2
2/6/2025,13:00:00,2/6/2025 13:00,2002,,2
2/6/2025,14:00:00,2/6/2025 14:00,2026,,4.7
2/6/2025,15:00:00,2/6/2025 15:00,2097,,4.7
2/6/2025,16:00:00,2/6/2025 16:00,2080,,4.7
2/6/2025,17:00:00,2/6/2025 17:00,2076,,4.7
2/6/2025,18:00:00,2/6/2025 18:00,1952,,4.7
2/6/2025,19:00:00,2/6/2025 19:00,1829,,4.7
2/6/2025,20:00:00,2/6/2025 20:00,1774,,4.7
2/6/2025,21:00:00,2/6/2025 21:00,1621,,4.7
2/6/2025,22:00:00,2/6/2025 22:00,1620,,4.7
2/6/2025,23:00:00,2/6/2025 23:00,1539,,4.7
2/7/2025,0:00:00,2/7/2025 0:00,1520,,2
2/7/2025,1:00:00,2/7/2025 1:00,1473,,2
2/7/2025,2:00:00,2/7/2025 2:00,1404,,2
2/7/2025,3:00:00,2/7/2025 3:00,1336,,2
2/7/2025,4:00:00,2/7/2025 4:00,1320,,2
2/7/2025,5:00:00,2/7/2025 5:00,1268,,2
2/7/2025,6:00:00,2/7/2025 6:00,1281,,4.7
2/7/2025,7:00:00,2/7/2025 7:00,1316,,4.7
2/7/2025,8:00:00,2/7/2025 8:00,1535,,4.7
2/7/2025,9:00:00,2/7/2025 9:00,1647,,4.7
2/7/2025,10:00:00,2/7/2025 10:00,1838,,4.7
2/7/2025,11:00:00,2/7/2025 11:00,1951,,2
2/7/2025,12:00:00,2/7/2025 12:00,2065,,2
2/7/2025,13:00:00,2/7/2025 13:00,2103,,2
2/7/2025,14:00:00,2/7/2025 14:00,2132,,4.7
2/7/2025,15:00:00,2/7/2025 15:00,2156,,4.7
2/7/2025,16:00:00,2/7/2025 16:00,2144,,4.7
2/7/2025,17:00:00,2/7/2025 17:00,2117,,4.7
2/7/2025,18:00:00,2/7/2025 18:00,2036,,4.7
2/7/2025,19:00:00,2/7/2025 19:00,1904,,4.7
2/7/2025,20:00:00,2/7/2025 20:00,1777,,4.7
2/7/2025,21:00:00,2/7/2025 21:00,1608,,4.7
2/7/2025,22:00:00,2/7/2025 22:00,1557,,4.7
2/7/2025,23:00:00,2/7/2025 23:00,1555,,4.7
2/8/2025,0:00:00,2/8/2025 0:00,1495,,2
2/8/2025,1:00:00,2/8/2025 1:00,1445,,2
2/8/2025,2:00:00,2/8/2025 2:00,1380,,2
2/8/2025,3:00:00,2/8/2025 3:00,1356,,2
2/8/2025,4:00:00,2/8/2025 4:00,1323,,2
2/8/2025,5:00:00,2/8/2025 5:00,1300,,2
2/8/2025,6:00:00,2/8/2025 6:00,1270,,2.1
2/8/2025,7:00:00,2/8/2025 7:00,1300,,2.1
2/8/2025,8:00:00,2/8/2025 8:00,1459,,2.1
2/8/2025,9:00:00,2/8/2025 9:00,1640,,2.1
2/8/2025,10:00:00,2/8/2025 10:00,1759,,2.1
2/8/2025,11:00:00,2/8/2025 11:00,1849,,2
2/8/2025,12:00:00,2/8/2025 12:00,1911,,2
2/8/2025,13:00:00,2/8/2025 13:00,1926,,2
2/8/2025,14:00:00,2/8/2025 14:00,1940,,2.1
2/8/2025,15:00:00,2/8/2025 15:00,1995,,2.1
2/8/2025,16:00:00,2/8/2025 16:00,1987,,2.1
2/8/2025,17:00:00,2/8/2025 17:00,1953,,2.1
2/8/2025,18:00:00,2/8/2025 18:00,1746,,2.1
2/8/2025,19:00:00,2/8/2025 19:00,1644,,2.1
2/8/2025,20:00:00,2/8/2025 20:00,1554,,2.1
2/8/2025,21:00:00,2/8/2025 21:00,1493,,2.1
2/8/2025,22:00:00,2/8/2025 22:00,1554,,2.1
2/8/2025,23:00:00,2/8/2025 23:00,1527,,2.1
2/9/2025,0:00:00,2/9/2025 0:00,1495,,2
2/9/2025,1:00:00,2/9/2025 1:00,1484,,2
2/9/2025,2:00:00,2/9/2025 2:00,1444,,2
2/9/2025,3:00:00,2/9/2025 3:00,1372,,2
2/9/2025,4:00:00,2/9/2025 4:00,1338,,2
2/9/2025,5:00:00,2/9/2025 5:00,1319,,2
2/9/2025,6:00:00,2/9/2025 6:00,1311,,2
2/9/2025,7:00:00,2/9/2025 7:00,1276,,2
2/9/2025,8:00:00,2/9/2025 8:00,1349,,2
2/9/2025,9:00:00,2/9/2025 9:00,1443,,2
2/9/2025,10:00:00,2/9/2025 10:00,1472,,2
2/9/2025,11:00:00,2/9/2025 11:00,1510,,2
2/9/2025,12:00:00,2/9/2025 12:00,1540,,2
2/9/2025,13:00:00,2/9/2025 13:00,1578,,2
2/9/2025,14:00:00,2/9/2025 14:00,1584,,2
2/9/2025,15:00:00,2/9/2025 15:00,1697,,2
2/9/2025,16:00:00,2/9/2025 16:00,1686,,2
2/9/2025,17:00:00,2/9/2025 17:00,1725,,2
2/9/2025,18:00:00,2/9/2025 18:00,1606,,2
2/9/2025,19:00:00,2/9/2025 19:00,1605,,2
2/9/2025,20:00:00,2/9/2025 20:00,1583,,2
2/9/2025,21:00:00,2/9/2025 21:00,1546,,2
2/9/2025,22:00:00,2/9/2025 22:00,1560,,2
2/9/2025,23:00:00,2/9/2025 23:00,1583,,2
2/10/2025,0:00:00,2/10/2025 0:00,1574,,2
2/10/2025,1:00:00,2/10/2025 1:00,1548,,2
2/10/2025,2:00:00,2/10/2025 2:00,1480,,2
2/10/2025,3:00:00,2/10/2025 3:00,1382,,2
2/10/2025,4:00:00,2/10/2025 4:00,1354,,2
2/10/2025,5:00:00,2/10/2025 5:00,1334,,2
2/10/2025,6:00:00,2/10/2025 6:00,1306,,4.7
2/10/2025,7:00:00,2/10/2025 7:00,1346,,4.7
2/10/2025,8:00:00,2/10/2025 8:00,1600,,4.7
2/10/2025,9:00:00,2/10/2025 9:00,1772,,4.7
2/10/2025,10:00:00,2/10/2025 10:00,1907,,4.7
2/10/2025,11:00:00,2/10/2025 11:00,2017,,2
2/10/2025,12:00:00,2/10/2025 12:00,2096,,2
2/10/2025,13:00:00,2/10/2025 13:00,2087,,2
2/10/2025,14:00:00,2/10/2025 14:00,2142,,4.7
2/10/2025,15:00:00,2/10/2025 15:00,2230,,4.7
2/10/2025,16:00:00,2/10/2025 16:00,2193,,4.7
2/10/2025,17:00:00,2/10/2025 17:00,2195,,4.7
2/10/2025,18:00:00,2/10/2025 18:00,2064,,4.7
2/10/2025,19:00:00,2/10/2025 19:00,1910,,4.7
2/10/2025,20:00:00,2/10/2025 20:00,1828,,4.7
2/10/2025,21:00:00,2/10/2025 21:00,1745,,4.7
2/10/2025,22:00:00,2/10/2025 22:00,1687,,4.7
2/10/2025,23:00:00,2/10/2025 23:00,1640,,4.7
2/11/2025,0:00:00,2/11/2025 0:00,1574,,2
2/11/2025,1:00:00,2/11/2025 1:00,1528,,2
2/11/2025,2:00:00,2/11/2025 2:00,1444,,2
2/11/2025,3:00:00,2/11/2025 3:00,1381,,2
2/11/2025,4:00:00,2/11/2025 4:00,1372,,2
2/11/2025,5:00:00,2/11/2025 5:00,1316,,2
2/11/2025,6:00:00,2/11/2025 6:00,1310,,4.7
2/11/2025,7:00:00,2/11/2025 7:00,1316,,4.7
2/11/2025,8:00:00,2/11/2025 8:00,1525,,4.7
2/11/2025,9:00:00,2/11/2025 9:00,1713,,4.7
2/11/2025,10:00:00,2/11/2025 10:00,1886,,4.7
2/11/2025,11:00:00,2/11/2025 11:00,2025,,2
2/11/2025,12:00:00,2/11/2025 12:00,2167,,2
2/11/2025,13:00:00,2/11/2025 13:00,2143,,2
2/11/2025,14:00:00,2/11/2025 14:00,2137,,4.7
2/11/2025,15:00:00,2/11/2025 15:00,2206,,4.7
2/11/2025,16:00:00,2/11/2025 16:00,2273,,4.7
2/11/2025,17:00:00,2/11/2025 17:00,2271,,4.7
2/11/2025,18:00:00,2/11/2025 18:00,2156,,4.7
2/11/2025,19:00:00,2/11/2025 19:00,2006,,4.7
2/11/2025,20:00:00,2/11/2025 20:00,1893,,4.7
2/11/2025,21:00:00,2/11/2025 21:00,1751,,4.7
2/11/2025,22:00:00,2/11/2025 22:00,1710,,4.7
2/11/2025,23:00:00,2/11/2025 23:00,1669,,4.7
2/12/2025,0:00:00,2/12/2025 0:00,1613,,2
2/12/2025,1:00:00,2/12/2025 1:00,1543,,2
2/12/2025,2:00:00,2/12/2025 2:00,1492,,2
2/12/2025,3:00:00,2/12/2025 3:00,1396,,2
2/12/2025,4:00:00,2/12/2025 4:00,1357,,2
2/12/2025,5:00:00,2/12/2025 5:00,1322,,2
2/12/2025,6:00:00,2/12/2025 6:00,1316,,4.7
2/12/2025,7:00:00,2/12/2025 7:00,1335,,4.7
2/12/2025,8:00:00,2/12/2025 8:00,1536,,4.7
2/12/2025,9:00:00,2/12/2025 9:00,1745,,4.7
2/12/2025,10:00:00,2/12/2025 10:00,1869,,4.7
2/12/2025,11:00:00,2/12/2025 11:00,1996,,2
2/12/2025,12:00:00,2/12/2025 12:00,2126,,2
2/12/2025,13:00:00,2/12/2025 13:00,2132,,2
2/12/2025,14:00:00,2/12/2025 14:00,2139,,4.7
2/12/2025,15:00:00,2/12/2025 15:00,2255,,4.7
2/12/2025,16:00:00,2/12/2025 16:00,2250,,4.7
2/12/2025,17:00:00,2/12/2025 17:00,2242,,4.7
2/12/2025,18:00:00,2/12/2025 18:00,2170,,4.7
2/12/2025,19:00:00,2/12/2025 19:00,1983,,4.7
2/12/2025,20:00:00,2/12/2025 20:00,1895,,4.7
2/12/2025,21:00:00,2/12/2025 21:00,1787,,4.7
2/12/2025,22:00:00,2/12/2025 22:00,1787,,4.7
2/12/2025,23:00:00,2/12/2025 23:00,1753,,4.7
2/13/2025,0:00:00,2/13/2025 0:00,1654,,2
2/13/2025,1:00:00,2/13/2025 1:00,1637,,2
2/13/2025,2:00:00,2/13/2025 2:00,1533,,2
2/13/2025,3:00:00,2/13/2025 3:00,1432,,2
2/13/2025,4:00:00,2/13/2025 4:00,1370,,2
2/13/2025,5:00:00,2/13/2025 5:00,1341,,2
2/13/2025,6:00:00,2/13/2025 6:00,1338,,4.7
2/13/2025,7:00:00,2/13/2025 7:00,1347,,4.7
2/13/2025,8:00:00,2/13/2025 8:00,1545,,4.7
2/13/2025,9:00:00,2/13/2025 9:00,1768,,4.7
2/13/2025,10:00:00,2/13/2025 10:00,1943,,4.7
2/13/2025,11:00:00,2/13/2025 11:00,2096,,2
2/13/2025,12:00:00,2/13/2025 12:00,2211,,2
2/13/2025,13:00:00,2/13/2025 13:00,2211,,2
2/13/2025,14:00:00,2/13/2025 14:00,2219,,4.7
2/13/2025,15:00:00,2/13/2025 15:00,2311,,4.7
2/13/2025,16:00:00,2/13/2025 16:00,2280,,4.7
2/13/2025,17:00:00,2/13/2025 17:00,2281,,4.7
2/13/2025,18:00:00,2/13/2025 18:00,2116,,4.7
2/13/2025,19:00:00,2/13/2025 19:00,1993,,4.7
2/13/2025,20:00:00,2/13/2025 20:00,1905,,4.7
2/13/2025,21:00:00,2/13/2025 21:00,1781,,4.7
2/13/2025,22:00:00,2/13/2025 22:00,1737,,4.7
2/13/2025,23:00:00,2/13/2025 23:00,1693,,4.7
2/14/2025,0:00:00,2/14/2025 0:00,1632,,2
2/14/2025,1:00:00,2/14/2025 1:00,1588,,2
2/14/2025,2:00:00,2/14/2025 2:00,1513,,2
2/14/2025,3:00:00,2/14/2025 3:00,1430,,2
2/14/2025,4:00:00,2/14/2025 4:00,1396,,2
2/14/2025,5:00:00,2/14/2025 5:00,1368,,2
2/14/2025,6:00:00,2/14/2025 6:00,1337,,4.7
2/14/2025,7:00:00,2/14/2025 7:00,1328,,4.7
2/14/2025,8:00:00,2/14/2025 8:00,1512,,4.7
2/14/2025,9:00:00,2/14/2025 9:00,1733,,4.7
2/14/2025,10:00:00,2/14/2025 10:00,1888,,4.7
2/14/2025,11:00:00,2/14/2025 11:00,2067,,2
2/14/2025,12:00:00,2/14/2025 12:00,2157,,2
2/14/2025,13:00:00,2/14/2025 13:00,2116,,2
2/14/2025,14:00:00,2/14/2025 14:00,2107,,4.7
2/14/2025,15:00:00,2/14/2025 15:00,2197,,4.7
2/14/2025,16:00:00,2/14/2025 16:00,2204,,4.7
2/14/2025,17:00:00,2/14/2025 17:00,2143,,4.7
2/14/2025,18:00:00,2/14/2025 18:00,2012,,4.7
2/14/2025,19:00:00,2/14/2025 19:00,1917,,4.7
2/14/2025,20:00:00,2/14/2025 20:00,1816,,4.7
2/14/2025,21:00:00,2/14/2025 21:00,1703,,4.7
2/14/2025,22:00:00,2/14/2025 22:00,1696,,4.7
2/14/2025,23:00:00,2/14/2025 23:00,1674,,4.7
2/15/2025,0:00:00,2/15/2025 0:00,1618,,2
2/15/2025,1:00:00,2/15/2025 1:00,1561,,2
2/15/2025,2:00:00,2/15/2025 2:00,1481,,2
2/15/2025,3:00:00,2/15/2025 3:00,1417,,2
2/15/2025,4:00:00,2/15/2025 4:00,1377,,2
2/15/2025,5:00:00,2/15/2025 5:00,1337,,2
2/15/2025,6:00:00,2/15/2025 6:00,1307,,2.1
2/15/2025,7:00:00,2/15/2025 7:00,1301,,2.1
2/15/2025,8:00:00,2/15/2025 8:00,1453,,2.1
2/15/2025,9:00:00,2/15/2025 9:00,1497,,2.1
2/15/2025,10:00:00,2/15/2025 10:00,1583,,2.1
2/15/2025,11:00:00,2/15/2025 11:00,1704,,2
2/15/2025,12:00:00,2/15/2025 12:00,1702,,2
2/15/2025,13:00:00,2/15/2025 13:00,1735,,2
2/15/2025,14:00:00,2/15/2025 14:00,1737,,2.1
2/15/2025,15:00:00,2/15/2025 15:00,1830,,2.1
2/15/2025,16:00:00,2/15/2025 16:00,1861,,2.1
2/15/2025,17:00:00,2/15/2025 17:00,1850,,2.1
2/15/2025,18:00:00,2/15/2025 18:00,1724,,2.1
2/15/2025,19:00:00,2/15/2025 19:00,1712,,2.1
2/15/2025,20:00:00,2/15/2025 20:00,1675,,2.1
2/15/2025,21:00:00,2/15/2025 21:00,1662,,2.1
2/15/2025,22:00:00,2/15/2025 22:00,1682,,2.1
2/15/2025,23:00:00,2/15/2025 23:00,1700,,2.1
2/16/2025,0:00:00,2/16/2025 0:00,1666,,2
2/16/2025,1:00:00,2/16/2025 1:00,1628,,2
2/16/2025,2:00:00,2/16/2025 2:00,1552,,2
2/16/2025,3:00:00,2/16/2025 3:00,1443,,2
2/16/2025,4:00:00,2/16/2025 4:00,1418,,2
2/16/2025,5:00:00,2/16/2025 5:00,1341,,2
2/16/2025,6:00:00,2/16/2025 6:00,1329,,2
2/16/2025,7:00:00,2/16/2025 7:00,1326,,2
2/16/2025,8:00:00,2/16/2025 8:00,1430,,2
2/16/2025,9:00:00,2/16/2025 9:00,1547,,2
2/16/2025,10:00:00,2/16/2025 10:00,1562,,2
2/16/2025,11:00:00,2/16/2025 11:00,1647,,2
2/16/2025,12:00:00,2/16/2025 12:00,1697,,2
2/16/2025,13:00:00,2/16/2025 13:00,1690,,2
2/16/2025,14:00:00,2/16/2025 14:00,1733,,2
2/16/2025,15:00:00,2/16/2025 15:00,1810,,2
2/16/2025,16:00:00,2/16/2025 16:00,1803,,2
2/16/2025,17:00:00,2/16/2025 17:00,1846,,2
2/16/2025,18:00:00,2/16/2025 18:00,1821,,2
2/16/2025,19:00:00,2/16/2025 19:00,1746,,2
2/16/2025,20:00:00,2/16/2025 20:00,1722,,2
2/16/2025,21:00:00,2/16/2025 21:00,1766,,2
2/16/2025,22:00:00,2/16/2025 22:00,1762,,2
2/16/2025,23:00:00,2/16/2025 23:00,1781,,2
2/17/2025,0:00:00,2/17/2025 0:00,1745,,2
2/17/2025,1:00:00,2/17/2025 1:00,1694,,2
2/17/2025,2:00:00,2/17/2025 2:00,1548,,2
2/17/2025,3:00:00,2/17/2025 3:00,1429,,2
2/17/2025,4:00:00,2/17/2025 4:00,1373,,2
2/17/2025,5:00:00,2/17/2025 5:00,1362,,2
2/17/2025,6:00:00,2/17/2025 6:00,1400,,4.7
2/17/2025,7:00:00,2/17/2025 7:00,1378,,4.7
2/17/2025,8:00:00,2/17/2025 8:00,1551,,4.7
2/17/2025,9:00:00,2/17/2025 9:00,1887,,4.7
2/17/2025,10:00:00,2/17/2025 10:00,2112,,4.7
2/17/2025,11:00:00,2/17/2025 11:00,2256,,2
2/17/2025,12:00:00,2/17/2025 12:00,2324,,2
2/17/2025,13:00:00,2/17/2025 13:00,2380,,2
2/17/2025,14:00:00,2/17/2025 14:00,2380,,4.7
2/17/2025,15:00:00,2/17/2025 15:00,2468,,4.7
2/17/2025,16:00:00,2/17/2025 16:00,2448,,4.7
2/17/2025,17:00:00,2/17/2025 17:00,2474,,4.7
2/17/2025,18:00:00,2/17/2025 18:00,2424,,4.7
2/17/2025,19:00:00,2/17/2025 19:00,2295,,4.7
2/17/2025,20:00:00,2/17/2025 20:00,2267,,4.7
2/17/2025,21:00:00,2/17/2025 21:00,2260,,4.7
2/17/2025,22:00:00,2/17/2025 22:00,2097,,4.7
2/17/2025,23:00:00,2/17/2025 23:00,1960,,4.7
2/18/2025,0:00:00,2/18/2025 0:00,1864,,2
2/18/2025,1:00:00,2/18/2025 1:00,1723,,2
2/18/2025,2:00:00,2/18/2025 2:00,1572,,2
2/18/2025,3:00:00,2/18/2025 3:00,1479,,2
2/18/2025,4:00:00,2/18/2025 4:00,1427,,2
2/18/2025,5:00:00,2/18/2025 5:00,1413,,2
2/18/2025,6:00:00,2/18/2025 6:00,1429,,4.7
2/18/2025,7:00:00,2/18/2025 7:00,1441,,4.7
2/18/2025,8:00:00,2/18/2025 8:00,1594,,4.7
2/18/2025,9:00:00,2/18/2025 9:00,1990,,4.7
2/18/2025,10:00:00,2/18/2025 10:00,2199,,4.7
2/18/2025,11:00:00,2/18/2025 11:00,2366,,2
2/18/2025,12:00:00,2/18/2025 12:00,2451,,2
2/18/2025,13:00:00,2/18/2025 13:00,2447,,2
2/18/2025,14:00:00,2/18/2025 14:00,2469,,4.7
2/18/2025,15:00:00,2/18/2025 15:00,2544,,4.7
2/18/2025,16:00:00,2/18/2025 16:00,2563,,4.7
2/18/2025,17:00:00,2/18/2025 17:00,2571,,4.7
2/18/2025,18:00:00,2/18/2025 18:00,2458,,4.7
2/18/2025,19:00:00,2/18/2025 19:00,2372,,4.7
2/18/2025,20:00:00,2/18/2025 20:00,2351,,4.7
2/18/2025,21:00:00,2/18/2025 21:00,2206,,4.7
2/18/2025,22:00:00,2/18/2025 22:00,2115,,4.7
2/18/2025,23:00:00,2/18/2025 23:00,1973,,4.7
2/19/2025,0:00:00,2/19/2025 0:00,1833,,2
2/19/2025,1:00:00,2/19/2025 1:00,1726,,2
2/19/2025,2:00:00,2/19/2025 2:00,1564,,2
2/19/2025,3:00:00,2/19/2025 3:00,1473,,2
2/19/2025,4:00:00,2/19/2025 4:00,1419,,2
2/19/2025,5:00:00,2/19/2025 5:00,1405,,2
2/19/2025,6:00:00,2/19/2025 6:00,1434,,4.7
2/19/2025,7:00:00,2/19/2025 7:00,1489,,4.7
2/19/2025,8:00:00,2/19/2025 8:00,1650,,4.7
2/19/2025,9:00:00,2/19/2025 9:00,1966,,4.7
2/19/2025,10:00:00,2/19/2025 10:00,2236,,4.7
2/19/2025,11:00:00,2/19/2025 11:00,2364,,2
2/19/2025,12:00:00,2/19/2025 12:00,2484,,2
2/19/2025,13:00:00,2/19/2025 13:00,2485,,2
2/19/2025,14:00:00,2/19/2025 14:00,2592,,4.7
2/19/2025,15:00:00,2/19/2025 15:00,2625,,4.7
2/19/2025,16:00:00,2/19/2025 16:00,2593,,4.7
2/19/2025,17:00:00,2/19/2025 17:00,2550,,4.7
2/19/2025,18:00:00,2/19/2025 18:00,2526,,4.7
2/19/2025,19:00:00,2/19/2025 19:00,2346,,4.7
2/19/2025,20:00:00,2/19/2025 20:00,2309,,4.7
2/19/2025,21:00:00,2/19/2025 21:00,2192,,4.7
2/19/2025,22:00:00,2/19/2025 22:00,2100,,4.7
2/19/2025,23:00:00,2/19/2025 23:00,1957,,4.7
2/20/2025,0:00:00,2/20/2025 0:00,1881,,2
2/20/2025,1:00:00,2/20/2025 1:00,1770,,2
2/20/2025,2:00:00,2/20/2025 2:00,1618,,2
2/20/2025,3:00:00,2/20/2025 3:00,1500,,2
2/20/2025,4:00:00,2/20/2025 4:00,1427,,2
2/20/2025,5:00:00,2/20/2025 5:00,1397,,2
2/20/2025,6:00:00,2/20/2025 6:00,1417,,4.7
2/20/2025,7:00:00,2/20/2025 7:00,1445,,4.7
2/20/2025,8:00:00,2/20/2025 8:00,1673,,4.7
2/20/2025,9:00:00,2/20/2025 9:00,1961,,4.7
2/20/2025,10:00:00,2/20/2025 10:00,2217,,4.7
2/20/2025,11:00:00,2/20/2025 11:00,2384,,2
2/20/2025,12:00:00,2/20/2025 12:00,2457,,2
2/20/2025,13:00:00,2/20/2025 13:00,2482,,2
2/20/2025,14:00:00,2/20/2025 14:00,2604,,4.7
2/20/2025,15:00:00,2/20/2025 15:00,2623,,4.7
2/20/2025,16:00:00,2/20/2025 16:00,2617,,4.7
2/20/2025,17:00:00,2/20/2025 17:00,2611,,4.7
2/20/2025,18:00:00,2/20/2025 18:00,2538,,4.7
2/20/2025,19:00:00,2/20/2025 19:00,2470,,4.7
2/20/2025,20:00:00,2/20/2025 20:00,2376,,4.7
2/20/2025,21:00:00,2/20/2025 21:00,2236,,4.7
2/20/2025,22:00:00,2/20/2025 22:00,2095,,4.7
2/20/2025,23:00:00,2/20/2025 23:00,1981,,4.7
2/21/2025,0:00:00,2/21/2025 0:00,1900,,2
2/21/2025,1:00:00,2/21/2025 1:00,1756,,2
2/21/2025,2:00:00,2/21/2025 2:00,1577,,2
2/21/2025,3:00:00,2/21/2025 3:00,1497,,2
2/21/2025,4:00:00,2/21/2025 4:00,1441,,2
2/21/2025,5:00:00,2/21/2025 5:00,1409,,2
2/21/2025,6:00:00,2/21/2025 6:00,1429,,4.7
2/21/2025,7:00:00,2/21/2025 7:00,1441,,4.7
2/21/2025,8:00:00,2/21/2025 8:00,1631,,4.7
2/21/2025,9:00:00,2/21/2025 9:00,1957,,4.7
2/21/2025,10:00:00,2/21/2025 10:00,2210,,4.7
2/21/2025,11:00:00,2/21/2025 11:00,2325,,2
2/21/2025,12:00:00,2/21/2025 12:00,2458,,2
2/21/2025,13:00:00,2/21/2025 13:00,2435,,2
2/21/2025,14:00:00,2/21/2025 14:00,2479,,4.7
2/21/2025,15:00:00,2/21/2025 15:00,2574,,4.7
2/21/2025,16:00:00,2/21/2025 16:00,2542,,4.7
2/21/2025,17:00:00,2/21/2025 17:00,2521,,4.7
2/21/2025,18:00:00,2/21/2025 18:00,2398,,4.7
2/21/2025,19:00:00,2/21/2025 19:00,2306,,4.7
2/21/2025,20:00:00,2/21/2025 20:00,2172,,4.7
2/21/2025,21:00:00,2/21/2025 21:00,2063,,4.7
2/21/2025,22:00:00,2/21/2025 22:00,1977,,4.7
2/21/2025,23:00:00,2/21/2025 23:00,1872,,4.7
2/22/2025,0:00:00,2/22/2025 0:00,1738,,2
2/22/2025,1:00:00,2/22/2025 1:00,1643,,2
2/22/2025,2:00:00,2/22/2025 2:00,1552,,2
2/22/2025,3:00:00,2/22/2025 3:00,1436,,2
2/22/2025,4:00:00,2/22/2025 4:00,1385,,2
2/22/2025,5:00:00,2/22/2025 5:00,1349,,2
2/22/2025,6:00:00,2/22/2025 6:00,1341,,2.1
2/22/2025,7:00:00,2/22/2025 7:00,1379,,2.1
2/22/2025,8:00:00,2/22/2025 8:00,1482,,2.1
2/22/2025,9:00:00,2/22/2025 9:00,1604,,2.1
2/22/2025,10:00:00,2/22/2025 10:00,1709,,2.1
2/22/2025,11:00:00,2/22/2025 11:00,1743,,2
2/22/2025,12:00:00,2/22/2025 12:00,1840,,2
2/22/2025,13:00:00,2/22/2025 13:00,1829,,2
2/22/2025,14:00:00,2/22/2025 14:00,1901,,2.1
2/22/2025,15:00:00,2/22/2025 15:00,1935,,2.1
2/22/2025,16:00:00,2/22/2025 16:00,1932,,2.1
2/22/2025,17:00:00,2/22/2025 17:00,1916,,2.1
2/22/2025,18:00:00,2/22/2025 18:00,1871,,2.1
2/22/2025,19:00:00,2/22/2025 19:00,1808,,2.1
2/22/2025,20:00:00,2/22/2025 20:00,1783,,2.1
2/22/2025,21:00:00,2/22/2025 21:00,1734,,2.1
2/22/2025,22:00:00,2/22/2025 22:00,1722,,2.1
2/22/2025,23:00:00,2/22/2025 23:00,1751,,2.1
2/23/2025,0:00:00,2/23/2025 0:00,1670,,2
2/23/2025,1:00:00,2/23/2025 1:00,1611,,2
2/23/2025,2:00:00,2/23/2025 2:00,1546,,2
2/23/2025,3:00:00,2/23/2025 3:00,1429,,2
2/23/2025,4:00:00,2/23/2025 4:00,1381,,2
2/23/2025,5:00:00,2/23/2025 5:00,1333,,2
2/23/2025,6:00:00,2/23/2025 6:00,1319,,2
2/23/2025,7:00:00,2/23/2025 7:00,1349,,2
2/23/2025,8:00:00,2/23/2025 8:00,1435,,2
2/23/2025,9:00:00,2/23/2025 9:00,1555,,2
2/23/2025,10:00:00,2/23/2025 10:00,1583,,2
2/23/2025,11:00:00,2/23/2025 11:00,1690,,2
2/23/2025,12:00:00,2/23/2025 12:00,1738,,2
2/23/2025,13:00:00,2/23/2025 13:00,1771,,2
2/23/2025,14:00:00,2/23/2025 14:00,1791,,2
2/23/2025,15:00:00,2/23/2025 15:00,1877,,2
2/23/2025,16:00:00,2/23/2025 16:00,1858,,2
2/23/2025,17:00:00,2/23/2025 17:00,1876,,2
2/23/2025,18:00:00,2/23/2025 18:00,1828,,2
2/23/2025,19:00:00,2/23/2025 19:00,1776,,2
2/23/2025,20:00:00,2/23/2025 20:00,1738,,2
2/23/2025,21:00:00,2/23/2025 21:00,1747,,2
2/23/2025,22:00:00,2/23/2025 22:00,1768,,2
2/23/2025,23:00:00,2/23/2025 23:00,1785,,2
2/24/2025,0:00:00,2/24/2025 0:00,1750,,2
2/24/2025,1:00:00,2/24/2025 1:00,1684,,2
2/24/2025,2:00:00,2/24/2025 2:00,1548,,2
2/24/2025,3:00:00,2/24/2025 3:00,1404,,2
2/24/2025,4:00:00,2/24/2025 4:00,1346,,2
2/24/2025,5:00:00,2/24/2025 5:00,1323,,2
2/24/2025,6:00:00,2/24/2025 6:00,1336,,4.7
2/24/2025,7:00:00,2/24/2025 7:00,1377,,4.7
2/24/2025,8:00:00,2/24/2025 8:00,1576,,4.7
2/24/2025,9:00:00,2/24/2025 9:00,1885,,4.7
2/24/2025,10:00:00,2/24/2025 10:00,2118,,4.7
2/24/2025,11:00:00,2/24/2025 11:00,2284,,2
2/24/2025,12:00:00,2/24/2025 12:00,2355,,2
2/24/2025,13:00:00,2/24/2025 13:00,2455,,2
2/24/2025,14:00:00,2/24/2025 14:00,2529,,4.7
2/24/2025,15:00:00,2/24/2025 15:00,2508,,4.7
2/24/2025,16:00:00,2/24/2025 16:00,2514,,4.7
2/24/2025,17:00:00,2/24/2025 17:00,2530,,4.7
2/24/2025,18:00:00,2/24/2025 18:00,2415,,4.7
2/24/2025,19:00:00,2/24/2025 19:00,2320,,4.7
2/24/2025,20:00:00,2/24/2025 20:00,2244,,4.7
2/24/2025,21:00:00,2/24/2025 21:00,2173,,4.7
2/24/2025,22:00:00,2/24/2025 22:00,2040,,4.7
2/24/2025,23:00:00,2/24/2025 23:00,1904,,4.7
2/25/2025,0:00:00,2/25/2025 0:00,1809,,2
2/25/2025,1:00:00,2/25/2025 1:00,1684,,2
2/25/2025,2:00:00,2/25/2025 2:00,1542,,2
2/25/2025,3:00:00,2/25/2025 3:00,1430,,2
2/25/2025,4:00:00,2/25/2025 4:00,1366,,2
2/25/2025,5:00:00,2/25/2025 5:00,1344,,2
2/25/2025,6:00:00,2/25/2025 6:00,1348,,4.7
2/25/2025,7:00:00,2/25/2025 7:00,1376,,4.7
2/25/2025,8:00:00,2/25/2025 8:00,1561,,4.7
2/25/2025,9:00:00,2/25/2025 9:00,1926,,4.7
2/25/2025,10:00:00,2/25/2025 10:00,2137,,4.7
2/25/2025,11:00:00,2/25/2025 11:00,2313,,2
2/25/2025,12:00:00,2/25/2025 12:00,2349,,2
2/25/2025,13:00:00,2/25/2025 13:00,2357,,2
2/25/2025,14:00:00,2/25/2025 14:00,2466,,4.7
2/25/2025,15:00:00,2/25/2025 15:00,2504,,4.7
2/25/2025,16:00:00,2/25/2025 16:00,2497,,4.7
2/25/2025,17:00:00,2/25/2025 17:00,2538,,4.7
2/25/2025,18:00:00,2/25/2025 18:00,2471,,4.7
2/25/2025,19:00:00,2/25/2025 19:00,2368,,4.7
2/25/2025,20:00:00,2/25/2025 20:00,2297,,4.7
2/25/2025,21:00:00,2/25/2025 21:00,2254,,4.7
2/25/2025,22:00:00,2/25/2025 22:00,2108,,4.7
2/25/2025,23:00:00,2/25/2025 23:00,1976,,4.7
2/26/2025,0:00:00,2/26/2025 0:00,1865,,2
2/26/2025,1:00:00,2/26/2025 1:00,1748,,2
2/26/2025,2:00:00,2/26/2025 2:00,1578,,2
2/26/2025,3:00:00,2/26/2025 3:00,1505,,2
2/26/2025,4:00:00,2/26/2025 4:00,1422,,2
2/26/2025,5:00:00,2/26/2025 5:00,1395,,2
2/26/2025,6:00:00,2/26/2025 6:00,1409,,4.7
2/26/2025,7:00:00,2/26/2025 7:00,1446,,4.7
2/26/2025,8:00:00,2/26/2025 8:00,1672,,4.7
2/26/2025,9:00:00,2/26/2025 9:00,1955,,4.7
2/26/2025,10:00:00,2/26/2025 10:00,2174,,4.7
2/26/2025,11:00:00,2/26/2025 11:00,2336,,2
2/26/2025,12:00:00,2/26/2025 12:00,2411,,2
2/26/2025,13:00:00,2/26/2025 13:00,2401,,2
2/26/2025,14:00:00,2/26/2025 14:00,2496,,4.7
2/26/2025,15:00:00,2/26/2025 15:00,2588,,4.7
2/26/2025,16:00:00,2/26/2025 16:00,2587,,4.7
2/26/2025,17:00:00,2/26/2025 17:00,2607,,4.7
2/26/2025,18:00:00,2/26/2025 18:00,2515,,4.7
2/26/2025,19:00:00,2/26/2025 19:00,2400,,4.7
2/26/2025,20:00:00,2/26/2025 20:00,2364,,4.7
2/26/2025,21:00:00,2/26/2025 21:00,2264,,4.7
2/26/2025,22:00:00,2/26/2025 22:00,2161,,4.7
2/26/2025,23:00:00,2/26/2025 23:00,2035,,4.7
2/27/2025,0:00:00,2/27/2025 0:00,1920,,2
2/27/2025,1:00:00,2/27/2025 1:00,1856,,2
2/27/2025,2:00:00,2/27/2025 2:00,1713,,2
2/27/2025,3:00:00,2/27/2025 3:00,1537,,2
2/27/2025,4:00:00,2/27/2025 4:00,1473,,2
2/27/2025,5:00:00,2/27/2025 5:00,1424,,2
2/27/2025,6:00:00,2/27/2025 6:00,1435,,4.7
2/27/2025,7:00:00,2/27/2025 7:00,1482,,4.7
2/27/2025,8:00:00,2/27/2025 8:00,1675,,4.7
2/27/2025,9:00:00,2/27/2025 9:00,2021,,4.7
2/27/2025,10:00:00,2/27/2025 10:00,2303,,4.7
2/27/2025,11:00:00,2/27/2025 11:00,2431,,2
2/27/2025,12:00:00,2/27/2025 12:00,2493,,2
2/27/2025,13:00:00,2/27/2025 13:00,2561,,2
2/27/2025,14:00:00,2/27/2025 14:00,2526,,4.7
2/27/2025,15:00:00,2/27/2025 15:00,2560,,4.7
2/27/2025,16:00:00,2/27/2025 16:00,2538,,4.7
2/27/2025,17:00:00,2/27/2025 17:00,2482,,4.7
2/27/2025,18:00:00,2/27/2025 18:00,2371,,4.7
2/27/2025,19:00:00,2/27/2025 19:00,2313,,4.7
2/27/2025,20:00:00,2/27/2025 20:00,2189,,4.7
2/27/2025,21:00:00,2/27/2025 21:00,2089,,4.7
2/27/2025,22:00:00,2/27/2025 22:00,1972,,4.7
2/27/2025,23:00:00,2/27/2025 23:00,1832,,4.7
2/28/2025,0:00:00,2/28/2025 0:00,1748,,2
2/28/2025,1:00:00,2/28/2025 1:00,1691,,2
2/28/2025,2:00:00,2/28/2025 2:00,1588,,2
2/28/2025,3:00:00,2/28/2025 3:00,1503,,2
2/28/2025,4:00:00,2/28/2025 4:00,1431,,2
2/28/2025,5:00:00,2/28/2025 5:00,1395,,2
2/28/2025,6:00:00,2/28/2025 6:00,1405,,4.7
2/28/2025,7:00:00,2/28/2025 7:00,1393,,4.7
2/28/2025,8:00:00,2/28/2025 8:00,1506,,4.7
2/28/2025,9:00:00,2/28/2025 9:00,1622,,4.7
2/28/2025,10:00:00,2/28/2025 10:00,1696,,4.7
2/28/2025,11:00:00,2/28/2025 11:00,1771,,2
2/28/2025,12:00:00,2/28/2025 12:00,1814,,2
2/28/2025,13:00:00,2/28/2025 13:00,1878,,2
2/28/2025,14:00:00,2/28/2025 14:00,1892,,4.7
2/28/2025,15:00:00,2/28/2025 15:00,1918,,4.7
2/28/2025,16:00:00,2/28/2025 16:00,1934,,4.7
2/28/2025,17:00:00,2/28/2025 17:00,1938,,4.7
2/28/2025,18:00:00,2/28/2025 18:00,1853,,4.7
2/28/2025,19:00:00,2/28/2025 19:00,1829,,4.7
2/28/2025,20:00:00,2/28/2025 20:00,1785,,4.7
2/28/2025,21:00:00,2/28/2025 21:00,1749,,4.7
2/28/2025,22:00:00,2/28/2025 22:00,1711,,4.7
2/28/2025,23:00:00,2/28/2025 23:00,1680,,4.7
3/1/2025,0:00:00,3/1/2025 0:00,1623,,2
3/1/2025,1:00:00,3/1/2025 1:00,1591,,2
3/1/2025,2:00:00,3/1/2025 2:00,1533,,2
3/1/2025,3:00:00,3/1/2025 3:00,1449,,2
3/1/2025,4:00:00,3/1/2025 4:00,1405,,2
3/1/2025,5:00:00,3/1/2025 5:00,1392,,2
3/1/2025,6:00:00,3/1/2025 6:00,1364,,2.1
3/1/2025,7:00:00,3/1/2025 7:00,1403,,2.1
3/1/2025,8:00:00,3/1/2025 8:00,1490,,2.1
3/1/2025,9:00:00,3/1/2025 9:00,1600,,2.1
3/1/2025,10:00:00,3/1/2025 10:00,1643,,2.1
3/1/2025,11:00:00,3/1/2025 11:00,1709,,2
3/1/2025,12:00:00,3/1/2025 12:00,1758,,2
3/1/2025,13:00:00,3/1/2025 13:00,1829,,2
3/1/2025,14:00:00,3/1/2025 14:00,1830,,2.1
3/1/2025,15:00:00,3/1/2025 15:00,1955,,2.1
3/1/2025,16:00:00,3/1/2025 16:00,1928,,2.1
3/1/2025,17:00:00,3/1/2025 17:00,1925,,2.1
3/1/2025,18:00:00,3/1/2025 18:00,1843,,2.1
3/1/2025,19:00:00,3/1/2025 19:00,1792,,2.1
3/1/2025,20:00:00,3/1/2025 20:00,1774,,2.1
3/1/2025,21:00:00,3/1/2025 21:00,1723,,2.1
3/1/2025,22:00:00,3/1/2025 22:00,1702,,2.1
3/1/2025,23:00:00,3/1/2025 23:00,1714,,2.1
3/2/2025,0:00:00,3/2/2025 0:00,1663,,2
3/2/2025,1:00:00,3/2/2025 1:00,1667,,2
3/2/2025,2:00:00,3/2/2025 2:00,1569,,2
3/2/2025,3:00:00,3/2/2025 3:00,1505,,2
3/2/2025,4:00:00,3/2/2025 4:00,1466,,2
3/2/2025,5:00:00,3/2/2025 5:00,1450,,2
3/2/2025,6:00:00,3/2/2025 6:00,1421,,2
3/2/2025,7:00:00,3/2/2025 7:00,1419,,2
3/2/2025,8:00:00,3/2/2025 8:00,1522,,2
3/2/2025,9:00:00,3/2/2025 9:00,1625,,2
3/2/2025,10:00:00,3/2/2025 10:00,1659,,2
3/2/2025,11:00:00,3/2/2025 11:00,1724,,2
3/2/2025,12:00:00,3/2/2025 12:00,1752,,2
3/2/2025,13:00:00,3/2/2025 13:00,1798,,2
3/2/2025,14:00:00,3/2/2025 14:00,1873,,2
3/2/2025,15:00:00,3/2/2025 15:00,1938,,2
3/2/2025,16:00:00,3/2/2025 16:00,1961,,2
3/2/2025,17:00:00,3/2/2025 17:00,2062,,2
3/2/2025,18:00:00,3/2/2025 18:00,1970,,2
3/2/2025,19:00:00,3/2/2025 19:00,1867,,2
3/2/2025,20:00:00,3/2/2025 20:00,1813,,2
3/2/2025,21:00:00,3/2/2025 21:00,1827,,2
3/2/2025,22:00:00,3/2/2025 22:00,1792,,2
3/2/2025,23:00:00,3/2/2025 23:00,1766,,2
3/3/2025,0:00:00,3/3/2025 0:00,1759,,2
3/3/2025,1:00:00,3/3/2025 1:00,1704,,2
3/3/2025,2:00:00,3/3/2025 2:00,1634,,2
3/3/2025,3:00:00,3/3/2025 3:00,1536,,2
3/3/2025,4:00:00,3/3/2025 4:00,1482,,2
3/3/2025,5:00:00,3/3/2025 5:00,1465,,2
3/3/2025,6:00:00,3/3/2025 6:00,1433,,4.7
3/3/2025,7:00:00,3/3/2025 7:00,1454,,4.7
3/3/2025,8:00:00,3/3/2025 8:00,1598,,4.7
3/3/2025,9:00:00,3/3/2025 9:00,1768,,4.7
3/3/2025,10:00:00,3/3/2025 10:00,1923,,4.7
3/3/2025,11:00:00,3/3/2025 11:00,2120,,2
3/3/2025,12:00:00,3/3/2025 12:00,2279,,2
3/3/2025,13:00:00,3/3/2025 13:00,2407,,2
3/3/2025,14:00:00,3/3/2025 14:00,2469,,4.7
3/3/2025,15:00:00,3/3/2025 15:00,2514,,4.7
3/3/2025,16:00:00,3/3/2025 16:00,2511,,4.7
3/3/2025,17:00:00,3/3/2025 17:00,2521,,4.7
3/3/2025,18:00:00,3/3/2025 18:00,2455,,4.7
3/3/2025,19:00:00,3/3/2025 19:00,2456,,4.7
3/3/2025,20:00:00,3/3/2025 20:00,2432,,4.7
3/3/2025,21:00:00,3/3/2025 21:00,2340,,4.7
3/3/2025,22:00:00,3/3/2025 22:00,2230,,4.7
3/3/2025,23:00:00,3/3/2025 23:00,2189,,4.7
3/4/2025,0:00:00,3/4/2025 0:00,2097,,2
3/4/2025,1:00:00,3/4/2025 1:00,1959,,2
3/4/2025,2:00:00,3/4/2025 2:00,1847,,2
3/4/2025,3:00:00,3/4/2025 3:00,1721,,2
3/4/2025,4:00:00,3/4/2025 4:00,1668,,2
3/4/2025,5:00:00,3/4/2025 5:00,1638,,2
3/4/2025,6:00:00,3/4/2025 6:00,1619,,4.7
3/4/2025,7:00:00,3/4/2025 7:00,1643,,4.7
3/4/2025,8:00:00,3/4/2025 8:00,1853,,4.7
3/4/2025,9:00:00,3/4/2025 9:00,2231,,4.7
3/4/2025,10:00:00,3/4/2025 10:00,2557,,4.7
3/4/2025,11:00:00,3/4/2025 11:00,2653,,2
3/4/2025,12:00:00,3/4/2025 12:00,2712,,2
3/4/2025,13:00:00,3/4/2025 13:00,2878,,2
3/4/2025,14:00:00,3/4/2025 14:00,3004,,4.7
3/4/2025,15:00:00,3/4/2025 15:00,3211,,4.7
3/4/2025,16:00:00,3/4/2025 16:00,3200,,4.7
3/4/2025,17:00:00,3/4/2025 17:00,3045,,4.7
3/4/2025,18:00:00,3/4/2025 18:00,2942,,4.7
3/4/2025,19:00:00,3/4/2025 19:00,2825,,4.7
3/4/2025,20:00:00,3/4/2025 20:00,2724,,4.7
3/4/2025,21:00:00,3/4/2025 21:00,2601,,4.7
3/4/2025,22:00:00,3/4/2025 22:00,2394,,4.7
3/4/2025,23:00:00,3/4/2025 23:00,2197,,4.7
3/5/2025,0:00:00,3/5/2025 0:00,2095,,2
3/5/2025,1:00:00,3/5/2025 1:00,1939,,2
3/5/2025,2:00:00,3/5/2025 2:00,1809,,2
3/5/2025,3:00:00,3/5/2025 3:00,1673,,2
3/5/2025,4:00:00,3/5/2025 4:00,1618,,2
3/5/2025,5:00:00,3/5/2025 5:00,1581,,2
3/5/2025,6:00:00,3/5/2025 6:00,1569,,4.7
3/5/2025,7:00:00,3/5/2025 7:00,1603,,4.7
3/5/2025,8:00:00,3/5/2025 8:00,1820,,4.7
3/5/2025,9:00:00,3/5/2025 9:00,2122,,4.7
3/5/2025,10:00:00,3/5/2025 10:00,2391,,4.7
3/5/2025,11:00:00,3/5/2025 11:00,2624,,2
3/5/2025,12:00:00,3/5/2025 12:00,2644,,2
3/5/2025,13:00:00,3/5/2025 13:00,2664,,2
3/5/2025,14:00:00,3/5/2025 14:00,2724,,4.7
3/5/2025,15:00:00,3/5/2025 15:00,2805,,4.7
3/5/2025,16:00:00,3/5/2025 16:00,2751,,4.7
3/5/2025,17:00:00,3/5/2025 17:00,2693,,4.7
3/5/2025,18:00:00,3/5/2025 18:00,2599,,4.7
3/5/2025,19:00:00,3/5/2025 19:00,2519,,4.7
3/5/2025,20:00:00,3/5/2025 20:00,2415,,4.7
3/5/2025,21:00:00,3/5/2025 21:00,2353,,4.7
3/5/2025,22:00:00,3/5/2025 22:00,2263,,4.7
3/5/2025,23:00:00,3/5/2025 23:00,2165,,4.7
3/6/2025,0:00:00,3/6/2025 0:00,2061,,2
3/6/2025,1:00:00,3/6/2025 1:00,1929,,2
3/6/2025,2:00:00,3/6/2025 2:00,1790,,2
3/6/2025,3:00:00,3/6/2025 3:00,1661,,2
3/6/2025,4:00:00,3/6/2025 4:00,1604,,2
3/6/2025,5:00:00,3/6/2025 5:00,1595,,2
3/6/2025,6:00:00,3/6/2025 6:00,1586,,4.7
3/6/2025,7:00:00,3/6/2025 7:00,1563,,4.7
3/6/2025,8:00:00,3/6/2025 8:00,1780,,4.7
3/6/2025,9:00:00,3/6/2025 9:00,2053,,4.7
3/6/2025,10:00:00,3/6/2025 10:00,2327,,4.7
3/6/2025,11:00:00,3/6/2025 11:00,2516,,2
3/6/2025,12:00:00,3/6/2025 12:00,2594,,2
3/6/2025,13:00:00,3/6/2025 13:00,2643,,2
3/6/2025,14:00:00,3/6/2025 14:00,2669,,4.7
3/6/2025,15:00:00,3/6/2025 15:00,2724,,4.7
3/6/2025,16:00:00,3/6/2025 16:00,2714,,4.7
3/6/2025,17:00:00,3/6/2025 17:00,2655,,4.7
3/6/2025,18:00:00,3/6/2025 18:00,2545,,4.7
3/6/2025,19:00:00,3/6/2025 19:00,2511,,4.7
3/6/2025,20:00:00,3/6/2025 20:00,2399,,4.7
3/6/2025,21:00:00,3/6/2025 21:00,2376,,4.7
3/6/2025,22:00:00,3/6/2025 22:00,2244,,4.7
3/6/2025,23:00:00,3/6/2025 23:00,2106,,4.7
3/7/2025,0:00:00,3/7/2025 0:00,2007,,2
3/7/2025,1:00:00,3/7/2025 1:00,1858,,2
3/7/2025,2:00:00,3/7/2025 2:00,1760,,2
3/7/2025,3:00:00,3/7/2025 3:00,1593,,2
3/7/2025,4:00:00,3/7/2025 4:00,1552,,2
3/7/2025,5:00:00,3/7/2025 5:00,1513,,2
3/7/2025,6:00:00,3/7/2025 6:00,1520,,4.7
3/7/2025,7:00:00,3/7/2025 7:00,1565,,4.7
3/7/2025,8:00:00,3/7/2025 8:00,1781,,4.7
3/7/2025,9:00:00,3/7/2025 9:00,2097,,4.7
3/7/2025,10:00:00,3/7/2025 10:00,2293,,4.7
3/7/2025,11:00:00,3/7/2025 11:00,2473,,2
3/7/2025,12:00:00,3/7/2025 12:00,2548,,2
3/7/2025,13:00:00,3/7/2025 13:00,2578,,2
3/7/2025,14:00:00,3/7/2025 14:00,2593,,4.7
3/7/2025,15:00:00,3/7/2025 15:00,2589,,4.7
3/7/2025,16:00:00,3/7/2025 16:00,2596,,4.7
3/7/2025,17:00:00,3/7/2025 17:00,2612,,4.7
3/7/2025,18:00:00,3/7/2025 18:00,2528,,4.7
3/7/2025,19:00:00,3/7/2025 19:00,2372,,4.7
3/7/2025,20:00:00,3/7/2025 20:00,2256,,4.7
3/7/2025,21:00:00,3/7/2025 21:00,2202,,4.7
3/7/2025,22:00:00,3/7/2025 22:00,2119,,4.7
3/7/2025,23:00:00,3/7/2025 23:00,2023,,4.7
3/8/2025,0:00:00,3/8/2025 0:00,1909,,2
3/8/2025,1:00:00,3/8/2025 1:00,1784,,2
3/8/2025,2:00:00,3/8/2025 2:00,1703,,2
3/8/2025,3:00:00,3/8/2025 3:00,1594,,2
3/8/2025,4:00:00,3/8/2025 4:00,1546,,2
3/8/2025,5:00:00,3/8/2025 5:00,1504,,2
3/8/2025,6:00:00,3/8/2025 6:00,1486,,2.1
3/8/2025,7:00:00,3/8/2025 7:00,1496,,2.1
3/8/2025,8:00:00,3/8/2025 8:00,1573,,2.1
3/8/2025,9:00:00,3/8/2025 9:00,1688,,2.1
3/8/2025,10:00:00,3/8/2025 10:00,1776,,2.1
3/8/2025,11:00:00,3/8/2025 11:00,1859,,2
3/8/2025,12:00:00,3/8/2025 12:00,1947,,2
3/8/2025,13:00:00,3/8/2025 13:00,1946,,2
3/8/2025,14:00:00,3/8/2025 14:00,1987,,2.1
3/8/2025,15:00:00,3/8/2025 15:00,2009,,2.1
3/8/2025,16:00:00,3/8/2025 16:00,2022,,2.1
3/8/2025,17:00:00,3/8/2025 17:00,1987,,2.1
3/8/2025,18:00:00,3/8/2025 18:00,1936,,2.1
3/8/2025,19:00:00,3/8/2025 19:00,1893,,2.1
3/8/2025,20:00:00,3/8/2025 20:00,1875,,2.1
3/8/2025,21:00:00,3/8/2025 21:00,1840,,2.1
3/8/2025,22:00:00,3/8/2025 22:00,1856,,2.1
3/8/2025,23:00:00,3/8/2025 23:00,1852,,2.1
3/9/2025,0:00:00,3/9/2025 0:00,1795,,2
3/9/2025,1:00:00,3/9/2025 1:00,1750,,2
3/9/2025,2:00:00,3/9/2025 2:00,1644,,2
3/9/2025,3:00:00,3/9/2025 3:00,1568,,2
3/9/2025,4:00:00,3/9/2025 4:00,1533,,2
3/9/2025,5:00:00,3/9/2025 5:00,1480,,2
3/9/2025,6:00:00,3/9/2025 6:00,1467,,2
3/9/2025,7:00:00,3/9/2025 7:00,1461,,2
3/9/2025,8:00:00,3/9/2025 8:00,1544,,2
3/9/2025,9:00:00,3/9/2025 9:00,1632,,2
3/9/2025,10:00:00,3/9/2025 10:00,1699,,2
3/9/2025,11:00:00,3/9/2025 11:00,1763,,2
3/9/2025,12:00:00,3/9/2025 12:00,1795,,2
3/9/2025,13:00:00,3/9/2025 13:00,1873,,2
3/9/2025,14:00:00,3/9/2025 14:00,1871,,2
3/9/2025,15:00:00,3/9/2025 15:00,1948,,2
3/9/2025,16:00:00,3/9/2025 16:00,1966,,2
3/9/2025,17:00:00,3/9/2025 17:00,1976,,2
3/9/2025,18:00:00,3/9/2025 18:00,1893,,2
3/9/2025,19:00:00,3/9/2025 19:00,1876,,2
3/9/2025,20:00:00,3/9/2025 20:00,1876,,2
3/9/2025,21:00:00,3/9/2025 21:00,1892,,2
3/9/2025,22:00:00,3/9/2025 22:00,1892,,2
3/9/2025,23:00:00,3/9/2025 23:00,1889,,2
3/10/2025,0:00:00,3/10/2025 0:00,1883,,2
3/10/2025,1:00:00,3/10/2025 1:00,1814,,2
3/10/2025,2:00:00,3/10/2025 2:00,1688,,2
3/10/2025,3:00:00,3/10/2025 3:00,1558,,2
3/10/2025,4:00:00,3/10/2025 4:00,1507,,2
3/10/2025,5:00:00,3/10/2025 5:00,1488,,2
3/10/2025,6:00:00,3/10/2025 6:00,1471,,4.7
3/10/2025,7:00:00,3/10/2025 7:00,1474,,4.7
3/10/2025,8:00:00,3/10/2025 8:00,1654,,4.7
3/10/2025,9:00:00,3/10/2025 9:00,2048,,4.7
3/10/2025,10:00:00,3/10/2025 10:00,2250,,4.7
3/10/2025,11:00:00,3/10/2025 11:00,2430,,2
3/10/2025,12:00:00,3/10/2025 12:00,2494,,2
3/10/2025,13:00:00,3/10/2025 13:00,2630,,2
3/10/2025,14:00:00,3/10/2025 14:00,2658,,4.7
3/10/2025,15:00:00,3/10/2025 15:00,2698,,4.7
3/10/2025,16:00:00,3/10/2025 16:00,2780,,4.7
3/10/2025,17:00:00,3/10/2025 17:00,2704,,4.7
3/10/2025,18:00:00,3/10/2025 18:00,2585,,4.7
3/10/2025,19:00:00,3/10/2025 19:00,2528,,4.7
3/10/2025,20:00:00,3/10/2025 20:00,2459,,4.7
3/10/2025,21:00:00,3/10/2025 21:00,2345,,4.7
3/10/2025,22:00:00,3/10/2025 22:00,2213,,4.7
3/10/2025,23:00:00,3/10/2025 23:00,2065,,4.7
3/11/2025,0:00:00,3/11/2025 0:00,2002,,2
3/11/2025,1:00:00,3/11/2025 1:00,1840,,2
3/11/2025,2:00:00,3/11/2025 2:00,1727,,2
3/11/2025,3:00:00,3/11/2025 3:00,1609,,2
3/11/2025,4:00:00,3/11/2025 4:00,1573,,2
3/11/2025,5:00:00,3/11/2025 5:00,1542,,2
3/11/2025,6:00:00,3/11/2025 6:00,1549,,4.7
3/11/2025,7:00:00,3/11/2025 7:00,1533,,4.7
3/11/2025,8:00:00,3/11/2025 8:00,1713,,4.7
3/11/2025,9:00:00,3/11/2025 9:00,2108,,4.7
3/11/2025,10:00:00,3/11/2025 10:00,2335,,4.7
3/11/2025,11:00:00,3/11/2025 11:00,2522,,2
3/11/2025,12:00:00,3/11/2025 12:00,2587,,2
3/11/2025,13:00:00,3/11/2025 13:00,2784,,2
3/11/2025,14:00:00,3/11/2025 14:00,2892,,4.7
3/11/2025,15:00:00,3/11/2025 15:00,3003,,4.7
3/11/2025,16:00:00,3/11/2025 16:00,3031,,4.7
3/11/2025,17:00:00,3/11/2025 17:00,3039,,4.7
3/11/2025,18:00:00,3/11/2025 18:00,2911,,4.7
3/11/2025,19:00:00,3/11/2025 19:00,2712,,4.7
3/11/2025,20:00:00,3/11/2025 20:00,2592,,4.7
3/11/2025,21:00:00,3/11/2025 21:00,2544,,4.7
3/11/2025,22:00:00,3/11/2025 22:00,2362,,4.7
3/11/2025,23:00:00,3/11/2025 23:00,2229,,4.7
3/12/2025,0:00:00,3/12/2025 0:00,2141,,2
3/12/2025,1:00:00,3/12/2025 1:00,1974,,2
3/12/2025,2:00:00,3/12/2025 2:00,1829,,2
3/12/2025,3:00:00,3/12/2025 3:00,1740,,2
3/12/2025,4:00:00,3/12/2025 4:00,1640,,2
3/12/2025,5:00:00,3/12/2025 5:00,1621,,2
3/12/2025,6:00:00,3/12/2025 6:00,1600,,4.7
3/12/2025,7:00:00,3/12/2025 7:00,1602,,4.7
3/12/2025,8:00:00,3/12/2025 8:00,1855,,4.7
3/12/2025,9:00:00,3/12/2025 9:00,2255,,4.7
3/12/2025,10:00:00,3/12/2025 10:00,2524,,4.7
3/12/2025,11:00:00,3/12/2025 11:00,2716,,2
3/12/2025,12:00:00,3/12/2025 12:00,2810,,2
3/12/2025,13:00:00,3/12/2025 13:00,3022,,2
3/12/2025,14:00:00,3/12/2025 14:00,3131,,4.7
3/12/2025,15:00:00,3/12/2025 15:00,3272,,4.7
3/12/2025,16:00:00,3/12/2025 16:00,3259,,4.7
3/12/2025,17:00:00,3/12/2025 17:00,3250,,4.7
3/12/2025,18:00:00,3/12/2025 18:00,3076,,4.7
3/12/2025,19:00:00,3/12/2025 19:00,2930,,4.7
3/12/2025,20:00:00,3/12/2025 20:00,2724,,4.7
3/12/2025,21:00:00,3/12/2025 21:00,2612,,4.7
3/12/2025,22:00:00,3/12/2025 22:00,2482,,4.7
3/12/2025,23:00:00,3/12/2025 23:00,2366,,4.7
3/13/2025,0:00:00,3/13/2025 0:00,2249,,2
3/13/2025,1:00:00,3/13/2025 1:00,2125,,2
3/13/2025,2:00:00,3/13/2025 2:00,1975,,2
3/13/2025,3:00:00,3/13/2025 3:00,1831,,2
3/13/2025,4:00:00,3/13/2025 4:00,1760,,2
3/13/2025,5:00:00,3/13/2025 5:00,1706,,2
3/13/2025,6:00:00,3/13/2025 6:00,1671,,4.7
3/13/2025,7:00:00,3/13/2025 7:00,1690,,4.7
3/13/2025,8:00:00,3/13/2025 8:00,1926,,4.7
3/13/2025,9:00:00,3/13/2025 9:00,2374,,4.7
3/13/2025,10:00:00,3/13/2025 10:00,2691,,4.7
3/13/2025,11:00:00,3/13/2025 11:00,2777,,2
3/13/2025,12:00:00,3/13/2025 12:00,2910,,2
3/13/2025,13:00:00,3/13/2025 13:00,2966,,2
3/13/2025,14:00:00,3/13/2025 14:00,3083,,4.7
3/13/2025,15:00:00,3/13/2025 15:00,3140,,4.7
3/13/2025,16:00:00,3/13/2025 16:00,3141,,4.7
3/13/2025,17:00:00,3/13/2025 17:00,3013,,4.7
3/13/2025,18:00:00,3/13/2025 18:00,2801,,4.7
3/13/2025,19:00:00,3/13/2025 19:00,2694,,4.7
3/13/2025,20:00:00,3/13/2025 20:00,2592,,4.7
3/13/2025,21:00:00,3/13/2025 21:00,2538,,4.7
3/13/2025,22:00:00,3/13/2025 22:00,2412,,4.7
3/13/2025,23:00:00,3/13/2025 23:00,2233,,4.7
3/14/2025,0:00:00,3/14/2025 0:00,2138,,2
3/14/2025,1:00:00,3/14/2025 1:00,2046,,2
3/14/2025,2:00:00,3/14/2025 2:00,1918,,2
3/14/2025,3:00:00,3/14/2025 3:00,1769,,2
3/14/2025,4:00:00,3/14/2025 4:00,1699,,2
3/14/2025,5:00:00,3/14/2025 5:00,1666,,2
3/14/2025,6:00:00,3/14/2025 6:00,1620,,4.7
3/14/2025,7:00:00,3/14/2025 7:00,1636,,4.7
3/14/2025,8:00:00,3/14/2025 8:00,1803,,4.7
3/14/2025,9:00:00,3/14/2025 9:00,2138,,4.7
3/14/2025,10:00:00,3/14/2025 10:00,2420,,4.7
3/14/2025,11:00:00,3/14/2025 11:00,2611,,2
3/14/2025,12:00:00,3/14/2025 12:00,2691,,2
3/14/2025,13:00:00,3/14/2025 13:00,2826,,2
3/14/2025,14:00:00,3/14/2025 14:00,2801,,4.7
3/14/2025,15:00:00,3/14/2025 15:00,2840,,4.7
3/14/2025,16:00:00,3/14/2025 16:00,2878,,4.7
3/14/2025,17:00:00,3/14/2025 17:00,2800,,4.7
3/14/2025,18:00:00,3/14/2025 18:00,2638,,4.7
3/14/2025,19:00:00,3/14/2025 19:00,2603,,4.7
3/14/2025,20:00:00,3/14/2025 20:00,2452,,4.7
3/14/2025,21:00:00,3/14/2025 21:00,2332,,4.7
3/14/2025,22:00:00,3/14/2025 22:00,2218,,4.7
3/14/2025,23:00:00,3/14/2025 23:00,2087,,4.7
3/15/2025,0:00:00,3/15/2025 0:00,2000,,2
3/15/2025,1:00:00,3/15/2025 1:00,1898,,2
3/15/2025,2:00:00,3/15/2025 2:00,1808,,2
3/15/2025,3:00:00,3/15/2025 3:00,1720,,2
3/15/2025,4:00:00,3/15/2025 4:00,1631,,2
3/15/2025,5:00:00,3/15/2025 5:00,1602,,2
3/15/2025,6:00:00,3/15/2025 6:00,1530,,2.1
3/15/2025,7:00:00,3/15/2025 7:00,1543,,2.1
3/15/2025,8:00:00,3/15/2025 8:00,1632,,2.1
3/15/2025,9:00:00,3/15/2025 9:00,1763,,2.1
3/15/2025,10:00:00,3/15/2025 10:00,1870,,2.1
3/15/2025,11:00:00,3/15/2025 11:00,1998,,2
3/15/2025,12:00:00,3/15/2025 12:00,2026,,2
3/15/2025,13:00:00,3/15/2025 13:00,2055,,2
3/15/2025,14:00:00,3/15/2025 14:00,2041,,2.1
3/15/2025,15:00:00,3/15/2025 15:00,2115,,2.1
3/15/2025,16:00:00,3/15/2025 16:00,2060,,2.1
3/15/2025,17:00:00,3/15/2025 17:00,2083,,2.1
3/15/2025,18:00:00,3/15/2025 18:00,2015,,2.1
3/15/2025,19:00:00,3/15/2025 19:00,1963,,2.1
3/15/2025,20:00:00,3/15/2025 20:00,1932,,2.1
3/15/2025,21:00:00,3/15/2025 21:00,1925,,2.1
3/15/2025,22:00:00,3/15/2025 22:00,1936,,2.1
3/15/2025,23:00:00,3/15/2025 23:00,1865,,2.1
3/16/2025,0:00:00,3/16/2025 0:00,1808,,2
3/16/2025,1:00:00,3/16/2025 1:00,1791,,2
3/16/2025,2:00:00,3/16/2025 2:00,1694,,2
3/16/2025,3:00:00,3/16/2025 3:00,1610,,2
3/16/2025,4:00:00,3/16/2025 4:00,1558,,2
3/16/2025,5:00:00,3/16/2025 5:00,1536,,2
3/16/2025,6:00:00,3/16/2025 6:00,1490,,2
3/16/2025,7:00:00,3/16/2025 7:00,1472,,2
3/16/2025,8:00:00,3/16/2025 8:00,1534,,2
3/16/2025,9:00:00,3/16/2025 9:00,1666,,2
3/16/2025,10:00:00,3/16/2025 10:00,1757,,2
3/16/2025,11:00:00,3/16/2025 11:00,1803,,2
3/16/2025,12:00:00,3/16/2025 12:00,1826,,2
3/16/2025,13:00:00,3/16/2025 13:00,1913,,2
3/16/2025,14:00:00,3/16/2025 14:00,1944,,2
3/16/2025,15:00:00,3/16/2025 15:00,2023,,2
3/16/2025,16:00:00,3/16/2025 16:00,1969,,2
3/16/2025,17:00:00,3/16/2025 17:00,2012,,2
3/16/2025,18:00:00,3/16/2025 18:00,1969,,2
3/16/2025,19:00:00,3/16/2025 19:00,1881,,2
3/16/2025,20:00:00,3/16/2025 20:00,1892,,2
3/16/2025,21:00:00,3/16/2025 21:00,1886,,2
3/16/2025,22:00:00,3/16/2025 22:00,1911,,2
3/16/2025,23:00:00,3/16/2025 23:00,1917,,2
3/17/2025,0:00:00,3/17/2025 0:00,1869,,2
3/17/2025,1:00:00,3/17/2025 1:00,1819,,2
3/17/2025,2:00:00,3/17/2025 2:00,1673,,2
3/17/2025,3:00:00,3/17/2025 3:00,1552,,2
3/17/2025,4:00:00,3/17/2025 4:00,1525,,2
3/17/2025,5:00:00,3/17/2025 5:00,1491,,2
3/17/2025,6:00:00,3/17/2025 6:00,1501,,4.7
3/17/2025,7:00:00,3/17/2025 7:00,1550,,4.7
3/17/2025,8:00:00,3/17/2025 8:00,1715,,4.7
3/17/2025,9:00:00,3/17/2025 9:00,1982,,4.7
3/17/2025,10:00:00,3/17/2025 10:00,2201,,4.7
3/17/2025,11:00:00,3/17/2025 11:00,2382,,2
3/17/2025,12:00:00,3/17/2025 12:00,2468,,2
3/17/2025,13:00:00,3/17/2025 13:00,2541,,2
3/17/2025,14:00:00,3/17/2025 14:00,2612,,4.7
3/17/2025,15:00:00,3/17/2025 15:00,2639,,4.7
3/17/2025,16:00:00,3/17/2025 16:00,2700,,4.7
3/17/2025,17:00:00,3/17/2025 17:00,2622,,4.7
3/17/2025,18:00:00,3/17/2025 18:00,2459,,4.7
3/17/2025,19:00:00,3/17/2025 19:00,2426,,4.7
3/17/2025,20:00:00,3/17/2025 20:00,2376,,4.7
3/17/2025,21:00:00,3/17/2025 21:00,2280,,4.7
3/17/2025,22:00:00,3/17/2025 22:00,2160,,4.7
3/17/2025,23:00:00,3/17/2025 23:00,2072,,4.7
3/18/2025,0:00:00,3/18/2025 0:00,1988,,2
3/18/2025,1:00:00,3/18/2025 1:00,1876,,2
3/18/2025,2:00:00,3/18/2025 2:00,1708,,2
3/18/2025,3:00:00,3/18/2025 3:00,1590,,2
3/18/2025,4:00:00,3/18/2025 4:00,1536,,2
3/18/2025,5:00:00,3/18/2025 5:00,1533,,2
3/18/2025,6:00:00,3/18/2025 6:00,1528,,4.7
3/18/2025,7:00:00,3/18/2025 7:00,1554,,4.7
3/18/2025,8:00:00,3/18/2025 8:00,1710,,4.7
3/18/2025,9:00:00,3/18/2025 9:00,2070,,4.7
3/18/2025,10:00:00,3/18/2025 10:00,2339,,4.7
3/18/2025,11:00:00,3/18/2025 11:00,2474,,2
3/18/2025,12:00:00,3/18/2025 12:00,2536,,2
3/18/2025,13:00:00,3/18/2025 13:00,2652,,2
3/18/2025,14:00:00,3/18/2025 14:00,2673,,4.7
3/18/2025,15:00:00,3/18/2025 15:00,2686,,4.7
3/18/2025,16:00:00,3/18/2025 16:00,2680,,4.7
3/18/2025,17:00:00,3/18/2025 17:00,2643,,4.7
3/18/2025,18:00:00,3/18/2025 18:00,2532,,4.7
3/18/2025,19:00:00,3/18/2025 19:00,2433,,4.7
3/18/2025,20:00:00,3/18/2025 20:00,2407,,4.7
3/18/2025,21:00:00,3/18/2025 21:00,2297,,4.7
3/18/2025,22:00:00,3/18/2025 22:00,2183,,4.7
3/18/2025,23:00:00,3/18/2025 23:00,2100,,4.7
3/19/2025,0:00:00,3/19/2025 0:00,2001,,2
3/19/2025,1:00:00,3/19/2025 1:00,1858,,2
3/19/2025,2:00:00,3/19/2025 2:00,1732,,2
3/19/2025,3:00:00,3/19/2025 3:00,1645,,2
3/19/2025,4:00:00,3/19/2025 4:00,1556,,2
3/19/2025,5:00:00,3/19/2025 5:00,1539,,2
3/19/2025,6:00:00,3/19/2025 6:00,1558,,4.7
3/19/2025,7:00:00,3/19/2025 7:00,1572,,4.7
3/19/2025,8:00:00,3/19/2025 8:00,1770,,4.7
3/19/2025,9:00:00,3/19/2025 9:00,2099,,4.7
3/19/2025,10:00:00,3/19/2025 10:00,2310,,4.7
3/19/2025,11:00:00,3/19/2025 11:00,2460,,2
3/19/2025,12:00:00,3/19/2025 12:00,2504,,2
3/19/2025,13:00:00,3/19/2025 13:00,2572,,2
3/19/2025,14:00:00,3/19/2025 14:00,2626,,4.7
3/19/2025,15:00:00,3/19/2025 15:00,2667,,4.7
3/19/2025,16:00:00,3/19/2025 16:00,2682,,4.7
3/19/2025,17:00:00,3/19/2025 17:00,2636,,4.7
3/19/2025,18:00:00,3/19/2025 18:00,2495,,4.7
3/19/2025,19:00:00,3/19/2025 19:00,2367,,4.7
3/19/2025,20:00:00,3/19/2025 20:00,2315,,4.7
3/19/2025,21:00:00,3/19/2025 21:00,2233,,4.7
3/19/2025,22:00:00,3/19/2025 22:00,2148,,4.7
3/19/2025,23:00:00,3/19/2025 23:00,2085,,4.7
3/20/2025,0:00:00,3/20/2025 0:00,1978,,2
3/20/2025,1:00:00,3/20/2025 1:00,1911,,2
3/20/2025,2:00:00,3/20/2025 2:00,1771,,2
3/20/2025,3:00:00,3/20/2025 3:00,1616,,2
3/20/2025,4:00:00,3/20/2025 4:00,1542,,2
3/20/2025,5:00:00,3/20/2025 5:00,1524,,2
3/20/2025,6:00:00,3/20/2025 6:00,1519,,4.7
3/20/2025,7:00:00,3/20/2025 7:00,1551,,4.7
3/20/2025,8:00:00,3/20/2025 8:00,1712,,4.7
3/20/2025,9:00:00,3/20/2025 9:00,2062,,4.7
3/20/2025,10:00:00,3/20/2025 10:00,2287,,4.7
3/20/2025,11:00:00,3/20/2025 11:00,2461,,2
3/20/2025,12:00:00,3/20/2025 12:00,2529,,2
3/20/2025,13:00:00,3/20/2025 13:00,2615,,2
3/20/2025,14:00:00,3/20/2025 14:00,2590,,4.7
3/20/2025,15:00:00,3/20/2025 15:00,2666,,4.7
3/20/2025,16:00:00,3/20/2025 16:00,2652,,4.7
3/20/2025,17:00:00,3/20/2025 17:00,2626,,4.7
3/20/2025,18:00:00,3/20/2025 18:00,2522,,4.7
3/20/2025,19:00:00,3/20/2025 19:00,2448,,4.7
3/20/2025,20:00:00,3/20/2025 20:00,2434,,4.7
3/20/2025,21:00:00,3/20/2025 21:00,2349,,4.7
3/20/2025,22:00:00,3/20/2025 22:00,2242,,4.7
3/20/2025,23:00:00,3/20/2025 23:00,2080,,4.7
3/21/2025,0:00:00,3/21/2025 0:00,2001,,2
3/21/2025,1:00:00,3/21/2025 1:00,1885,,2
3/21/2025,2:00:00,3/21/2025 2:00,1728,,2
3/21/2025,3:00:00,3/21/2025 3:00,1659,,2
3/21/2025,4:00:00,3/21/2025 4:00,1572,,2
3/21/2025,5:00:00,3/21/2025 5:00,1532,,2
3/21/2025,6:00:00,3/21/2025 6:00,1541,,4.7
3/21/2025,7:00:00,3/21/2025 7:00,1566,,4.7
3/21/2025,8:00:00,3/21/2025 8:00,1740,,4.7
3/21/2025,9:00:00,3/21/2025 9:00,2043,,4.7
3/21/2025,10:00:00,3/21/2025 10:00,2264,,4.7
3/21/2025,11:00:00,3/21/2025 11:00,2409,,2
3/21/2025,12:00:00,3/21/2025 12:00,2500,,2
3/21/2025,13:00:00,3/21/2025 13:00,2556,,2
3/21/2025,14:00:00,3/21/2025 14:00,2604,,4.7
3/21/2025,15:00:00,3/21/2025 15:00,2642,,4.7
3/21/2025,16:00:00,3/21/2025 16:00,2663,,4.7
3/21/2025,17:00:00,3/21/2025 17:00,2604,,4.7
3/21/2025,18:00:00,3/21/2025 18:00,2446,,4.7
3/21/2025,19:00:00,3/21/2025 19:00,2341,,4.7
3/21/2025,20:00:00,3/21/2025 20:00,2225,,4.7
3/21/2025,21:00:00,3/21/2025 21:00,2201,,4.7
3/21/2025,22:00:00,3/21/2025 22:00,2082,,4.7
3/21/2025,23:00:00,3/21/2025 23:00,2023,,4.7
3/22/2025,0:00:00,3/22/2025 0:00,1933,,2
3/22/2025,1:00:00,3/22/2025 1:00,1836,,2
3/22/2025,2:00:00,3/22/2025 2:00,1742,,2
3/22/2025,3:00:00,3/22/2025 3:00,1628,,2
3/22/2025,4:00:00,3/22/2025 4:00,1550,,2
3/22/2025,5:00:00,3/22/2025 5:00,1545,,2
3/22/2025,6:00:00,3/22/2025 6:00,1527,,2.1
3/22/2025,7:00:00,3/22/2025 7:00,1551,,2.1
3/22/2025,8:00:00,3/22/2025 8:00,1732,,2.1
3/22/2025,9:00:00,3/22/2025 9:00,1911,,2.1
3/22/2025,10:00:00,3/22/2025 10:00,1948,,2.1
3/22/2025,11:00:00,3/22/2025 11:00,2044,,2
3/22/2025,12:00:00,3/22/2025 12:00,2108,,2
3/22/2025,13:00:00,3/22/2025 13:00,2184,,2
3/22/2025,14:00:00,3/22/2025 14:00,2217,,2.1
3/22/2025,15:00:00,3/22/2025 15:00,2211,,2.1
3/22/2025,16:00:00,3/22/2025 16:00,2215,,2.1
3/22/2025,17:00:00,3/22/2025 17:00,2210,,2.1
3/22/2025,18:00:00,3/22/2025 18:00,2038,,2.1
3/22/2025,19:00:00,3/22/2025 19:00,1979,,2.1
3/22/2025,20:00:00,3/22/2025 20:00,1924,,2.1
3/22/2025,21:00:00,3/22/2025 21:00,1915,,2.1
3/22/2025,22:00:00,3/22/2025 22:00,1919,,2.1
3/22/2025,23:00:00,3/22/2025 23:00,1898,,2.1
3/23/2025,0:00:00,3/23/2025 0:00,1837,,2
3/23/2025,1:00:00,3/23/2025 1:00,1788,,2
3/23/2025,2:00:00,3/23/2025 2:00,1664,,2
3/23/2025,3:00:00,3/23/2025 3:00,1600,,2
3/23/2025,4:00:00,3/23/2025 4:00,1516,,2
3/23/2025,5:00:00,3/23/2025 5:00,1496,,2
3/23/2025,6:00:00,3/23/2025 6:00,1480,,2
3/23/2025,7:00:00,3/23/2025 7:00,1468,,2
3/23/2025,8:00:00,3/23/2025 8:00,1461,,2
3/23/2025,9:00:00,3/23/2025 9:00,1565,,2
3/23/2025,10:00:00,3/23/2025 10:00,1674,,2
3/23/2025,11:00:00,3/23/2025 11:00,1767,,2
3/23/2025,12:00:00,3/23/2025 12:00,1826,,2
3/23/2025,13:00:00,3/23/2025 13:00,1931,,2
3/23/2025,14:00:00,3/23/2025 14:00,1978,,2
3/23/2025,15:00:00,3/23/2025 15:00,2004,,2
3/23/2025,16:00:00,3/23/2025 16:00,2080,,2
3/23/2025,17:00:00,3/23/2025 17:00,2071,,2
3/23/2025,18:00:00,3/23/2025 18:00,1993,,2
3/23/2025,19:00:00,3/23/2025 19:00,1933,,2
3/23/2025,20:00:00,3/23/2025 20:00,1965,,2
3/23/2025,21:00:00,3/23/2025 21:00,1995,,2
3/23/2025,22:00:00,3/23/2025 22:00,1996,,2
3/23/2025,23:00:00,3/23/2025 23:00,1987,,2
3/24/2025,0:00:00,3/24/2025 0:00,1924,,2
3/24/2025,1:00:00,3/24/2025 1:00,1893,,2
3/24/2025,2:00:00,3/24/2025 2:00,1738,,2
3/24/2025,3:00:00,3/24/2025 3:00,1604,,2
3/24/2025,4:00:00,3/24/2025 4:00,1560,,2
3/24/2025,5:00:00,3/24/2025 5:00,1521,,2
3/24/2025,6:00:00,3/24/2025 6:00,1541,,4.7
3/24/2025,7:00:00,3/24/2025 7:00,1507,,4.7
3/24/2025,8:00:00,3/24/2025 8:00,1713,,4.7
3/24/2025,9:00:00,3/24/2025 9:00,2101,,4.7
3/24/2025,10:00:00,3/24/2025 10:00,2342,,4.7
3/24/2025,11:00:00,3/24/2025 11:00,2566,,2
3/24/2025,12:00:00,3/24/2025 12:00,2692,,2
3/24/2025,13:00:00,3/24/2025 13:00,2757,,2
3/24/2025,14:00:00,3/24/2025 14:00,2830,,4.7
3/24/2025,15:00:00,3/24/2025 15:00,2913,,4.7
3/24/2025,16:00:00,3/24/2025 16:00,2970,,4.7
3/24/2025,17:00:00,3/24/2025 17:00,2978,,4.7
3/24/2025,18:00:00,3/24/2025 18:00,2782,,4.7
3/24/2025,19:00:00,3/24/2025 19:00,2749,,4.7
3/24/2025,20:00:00,3/24/2025 20:00,2683,,4.7
3/24/2025,21:00:00,3/24/2025 21:00,2589,,4.7
3/24/2025,22:00:00,3/24/2025 22:00,2345,,4.7
3/24/2025,23:00:00,3/24/2025 23:00,2209,,4.7
3/25/2025,0:00:00,3/25/2025 0:00,2090,,2
3/25/2025,1:00:00,3/25/2025 1:00,1976,,2
3/25/2025,2:00:00,3/25/2025 2:00,1827,,2
3/25/2025,3:00:00,3/25/2025 3:00,1706,,2
3/25/2025,4:00:00,3/25/2025 4:00,1667,,2
3/25/2025,5:00:00,3/25/2025 5:00,1640,,2
3/25/2025,6:00:00,3/25/2025 6:00,1609,,4.7
3/25/2025,7:00:00,3/25/2025 7:00,1620,,4.7
3/25/2025,8:00:00,3/25/2025 8:00,1837,,4.7
3/25/2025,9:00:00,3/25/2025 9:00,2239,,4.7
3/25/2025,10:00:00,3/25/2025 10:00,2558,,4.7
3/25/2025,11:00:00,3/25/2025 11:00,2784,,2
3/25/2025,12:00:00,3/25/2025 12:00,2977,,2
3/25/2025,13:00:00,3/25/2025 13:00,3185,,2
3/25/2025,14:00:00,3/25/2025 14:00,3300,,4.7
3/25/2025,15:00:00,3/25/2025 15:00,3346,,4.7
3/25/2025,16:00:00,3/25/2025 16:00,3387,,4.7
3/25/2025,17:00:00,3/25/2025 17:00,3230,,4.7
3/25/2025,18:00:00,3/25/2025 18:00,3099,,4.7
3/25/2025,19:00:00,3/25/2025 19:00,3015,,4.7
3/25/2025,20:00:00,3/25/2025 20:00,2886,,4.7
3/25/2025,21:00:00,3/25/2025 21:00,2719,,4.7
3/25/2025,22:00:00,3/25/2025 22:00,2514,,4.7
3/25/2025,23:00:00,3/25/2025 23:00,2296,,4.7
3/26/2025,0:00:00,3/26/2025 0:00,2189,,2
3/26/2025,1:00:00,3/26/2025 1:00,2045,,2
3/26/2025,2:00:00,3/26/2025 2:00,1901,,2
3/26/2025,3:00:00,3/26/2025 3:00,1781,,2
3/26/2025,4:00:00,3/26/2025 4:00,1698,,2
3/26/2025,5:00:00,3/26/2025 5:00,1666,,2
3/26/2025,6:00:00,3/26/2025 6:00,1673,,4.7
3/26/2025,7:00:00,3/26/2025 7:00,1667,,4.7
3/26/2025,8:00:00,3/26/2025 8:00,1892,,4.7
3/26/2025,9:00:00,3/26/2025 9:00,2310,,4.7
3/26/2025,10:00:00,3/26/2025 10:00,2666,,4.7
3/26/2025,11:00:00,3/26/2025 11:00,2940,,2
3/26/2025,12:00:00,3/26/2025 12:00,3105,,2
3/26/2025,13:00:00,3/26/2025 13:00,3275,,2
3/26/2025,14:00:00,3/26/2025 14:00,3409,,4.7
3/26/2025,15:00:00,3/26/2025 15:00,3465,,4.7
3/26/2025,16:00:00,3/26/2025 16:00,3485,,4.7
3/26/2025,17:00:00,3/26/2025 17:00,3412,,4.7
3/26/2025,18:00:00,3/26/2025 18:00,3180,,4.7
3/26/2025,19:00:00,3/26/2025 19:00,3085,,4.7
3/26/2025,20:00:00,3/26/2025 20:00,2967,,4.7
3/26/2025,21:00:00,3/26/2025 21:00,2834,,4.7
3/26/2025,22:00:00,3/26/2025 22:00,2689,,4.7
3/26/2025,23:00:00,3/26/2025 23:00,2449,,4.7
3/27/2025,0:00:00,3/27/2025 0:00,2335,,2
3/27/2025,1:00:00,3/27/2025 1:00,2223,,2
3/27/2025,2:00:00,3/27/2025 2:00,2074,,2
3/27/2025,3:00:00,3/27/2025 3:00,1926,,2
3/27/2025,4:00:00,3/27/2025 4:00,1838,,2
3/27/2025,5:00:00,3/27/2025 5:00,1794,,2
3/27/2025,6:00:00,3/27/2025 6:00,1765,,4.7
3/27/2025,7:00:00,3/27/2025 7:00,1762,,4.7
3/27/2025,8:00:00,3/27/2025 8:00,2012,,4.7
3/27/2025,9:00:00,3/27/2025 9:00,2488,,4.7
3/27/2025,10:00:00,3/27/2025 10:00,3004,,4.7
3/27/2025,11:00:00,3/27/2025 11:00,3367,,2
3/27/2025,12:00:00,3/27/2025 12:00,3589,,2
3/27/2025,13:00:00,3/27/2025 13:00,3880,,2
3/27/2025,14:00:00,3/27/2025 14:00,3988,,4.7
3/27/2025,15:00:00,3/27/2025 15:00,4135,,4.7
3/27/2025,16:00:00,3/27/2025 16:00,4113,,4.7
3/27/2025,17:00:00,3/27/2025 17:00,3886,,4.7
3/27/2025,18:00:00,3/27/2025 18:00,3546,,4.7
3/27/2025,19:00:00,3/27/2025 19:00,3525,,4.7
3/27/2025,20:00:00,3/27/2025 20:00,3403,,4.7
3/27/2025,21:00:00,3/27/2025 21:00,3195,,4.7
3/27/2025,22:00:00,3/27/2025 22:00,2969,,4.7
3/27/2025,23:00:00,3/27/2025 23:00,2695,,4.7
3/28/2025,0:00:00,3/28/2025 0:00,2548,,2
3/28/2025,1:00:00,3/28/2025 1:00,2396,,2
3/28/2025,2:00:00,3/28/2025 2:00,2250,,2
3/28/2025,3:00:00,3/28/2025 3:00,2083,,2
3/28/2025,4:00:00,3/28/2025 4:00,1973,,2
3/28/2025,5:00:00,3/28/2025 5:00,1884,,2
3/28/2025,6:00:00,3/28/2025 6:00,1802,,4.7
3/28/2025,7:00:00,3/28/2025 7:00,1789,,4.7
3/28/2025,8:00:00,3/28/2025 8:00,1935,,4.7
3/28/2025,9:00:00,3/28/2025 9:00,2316,,4.7
3/28/2025,10:00:00,3/28/2025 10:00,2609,,4.7
3/28/2025,11:00:00,3/28/2025 11:00,2726,,2
3/28/2025,12:00:00,3/28/2025 12:00,2765,,2
3/28/2025,13:00:00,3/28/2025 13:00,2811,,2
3/28/2025,14:00:00,3/28/2025 14:00,2807,,4.7
3/28/2025,15:00:00,3/28/2025 15:00,2817,,4.7
3/28/2025,16:00:00,3/28/2025 16:00,2757,,4.7
3/28/2025,17:00:00,3/28/2025 17:00,2711,,4.7
3/28/2025,18:00:00,3/28/2025 18:00,2582,,4.7
3/28/2025,19:00:00,3/28/2025 19:00,2511,,4.7
3/28/2025,20:00:00,3/28/2025 20:00,2354,,4.7
3/28/2025,21:00:00,3/28/2025 21:00,2283,,4.7
3/28/2025,22:00:00,3/28/2025 22:00,2135,,4.7
3/28/2025,23:00:00,3/28/2025 23:00,2055,,4.7
3/29/2025,0:00:00,3/29/2025 0:00,1959,,2
3/29/2025,1:00:00,3/29/2025 1:00,1885,,2
3/29/2025,2:00:00,3/29/2025 2:00,1753,,2
3/29/2025,3:00:00,3/29/2025 3:00,1677,,2
3/29/2025,4:00:00,3/29/2025 4:00,1601,,2
3/29/2025,5:00:00,3/29/2025 5:00,1585,,2
3/29/2025,6:00:00,3/29/2025 6:00,1545,,2.1
3/29/2025,7:00:00,3/29/2025 7:00,1547,,2.1
3/29/2025,8:00:00,3/29/2025 8:00,1589,,2.1
3/29/2025,9:00:00,3/29/2025 9:00,1712,,2.1
3/29/2025,10:00:00,3/29/2025 10:00,1823,,2.1
3/29/2025,11:00:00,3/29/2025 11:00,1914,,2
3/29/2025,12:00:00,3/29/2025 12:00,1935,,2
3/29/2025,13:00:00,3/29/2025 13:00,2002,,2
3/29/2025,14:00:00,3/29/2025 14:00,2035,,2.1
3/29/2025,15:00:00,3/29/2025 15:00,2069,,2.1
3/29/2025,16:00:00,3/29/2025 16:00,2108,,2.1
3/29/2025,17:00:00,3/29/2025 17:00,2111,,2.1
3/29/2025,18:00:00,3/29/2025 18:00,2033,,2.1
3/29/2025,19:00:00,3/29/2025 19:00,1962,,2.1
3/29/2025,20:00:00,3/29/2025 20:00,1960,,2.1
3/29/2025,21:00:00,3/29/2025 21:00,1967,,2.1
3/29/2025,22:00:00,3/29/2025 22:00,1950,,2.1
3/29/2025,23:00:00,3/29/2025 23:00,1890,,2.1
3/30/2025,0:00:00,3/30/2025 0:00,1849,,2
3/30/2025,1:00:00,3/30/2025 1:00,1802,,2
3/30/2025,2:00:00,3/30/2025 2:00,1690,,2
3/30/2025,3:00:00,3/30/2025 3:00,1607,,2
3/30/2025,4:00:00,3/30/2025 4:00,1532,,2
3/30/2025,5:00:00,3/30/2025 5:00,1501,,2
3/30/2025,6:00:00,3/30/2025 6:00,1478,,2
3/30/2025,7:00:00,3/30/2025 7:00,1451,,2
3/30/2025,8:00:00,3/30/2025 8:00,1513,,2
3/30/2025,9:00:00,3/30/2025 9:00,1652,,2
3/30/2025,10:00:00,3/30/2025 10:00,1713,,2
3/30/2025,11:00:00,3/30/2025 11:00,1767,,2
3/30/2025,12:00:00,3/30/2025 12:00,1809,,2
3/30/2025,13:00:00,3/30/2025 13:00,1861,,2
3/30/2025,14:00:00,3/30/2025 14:00,1892,,2
3/30/2025,15:00:00,3/30/2025 15:00,1937,,2
3/30/2025,16:00:00,3/30/2025 16:00,1973,,2
3/30/2025,17:00:00,3/30/2025 17:00,1962,,2
3/30/2025,18:00:00,3/30/2025 18:00,1892,,2
3/30/2025,19:00:00,3/30/2025 19:00,1926,,2
3/30/2025,20:00:00,3/30/2025 20:00,1936,,2
3/30/2025,21:00:00,3/30/2025 21:00,1957,,2
3/30/2025,22:00:00,3/30/2025 22:00,1956,,2
3/30/2025,23:00:00,3/30/2025 23:00,1924,,2
3/31/2025,0:00:00,3/31/2025 0:00,1911,,2
3/31/2025,1:00:00,3/31/2025 1:00,1884,,2
3/31/2025,2:00:00,3/31/2025 2:00,1740,,2
3/31/2025,3:00:00,3/31/2025 3:00,1632,,2
3/31/2025,4:00:00,3/31/2025 4:00,1562,,2
3/31/2025,5:00:00,3/31/2025 5:00,1535,,2
3/31/2025,6:00:00,3/31/2025 6:00,1537,,4.7
3/31/2025,7:00:00,3/31/2025 7:00,1512,,4.7
3/31/2025,8:00:00,3/31/2025 8:00,1643,,4.7
3/31/2025,9:00:00,3/31/2025 9:00,1969,,4.7
3/31/2025,10:00:00,3/31/2025 10:00,2198,,4.7
3/31/2025,11:00:00,3/31/2025 11:00,2364,,2
3/31/2025,12:00:00,3/31/2025 12:00,2453,,2
3/31/2025,13:00:00,3/31/2025 13:00,2559,,2
3/31/2025,14:00:00,3/31/2025 14:00,2584,,4.7
3/31/2025,15:00:00,3/31/2025 15:00,2603,,4.7
3/31/2025,16:00:00,3/31/2025 16:00,2614,,4.7
3/31/2025,17:00:00,3/31/2025 17:00,2553,,4.7
3/31/2025,18:00:00,3/31/2025 18:00,2471,,4.7
3/31/2025,19:00:00,3/31/2025 19:00,2447,,4.7
3/31/2025,20:00:00,3/31/2025 20:00,2406,,4.7
3/31/2025,21:00:00,3/31/2025 21:00,2365,,4.7
3/31/2025,22:00:00,3/31/2025 22:00,2211,,4.7
3/31/2025,23:00:00,3/31/2025 23:00,2076,,4.7
4/1/2025,0:00:00,4/1/2025 0:00,2011,,2
4/1/2025,1:00:00,4/1/2025 1:00,1862,,2
4/1/2025,2:00:00,4/1/2025 2:00,1737,,2
4/1/2025,3:00:00,4/1/2025 3:00,1618,,2
4/1/2025,4:00:00,4/1/2025 4:00,1566,,2
4/1/2025,5:00:00,4/1/2025 5:00,1520,,2
4/1/2025,6:00:00,4/1/2025 6:00,1555,,4.7
4/1/2025,7:00:00,4/1/2025 7:00,1536,,4.7
4/1/2025,8:00:00,4/1/2025 8:00,1649,,4.7
4/1/2025,9:00:00,4/1/2025 9:00,2010,,4.7
4/1/2025,10:00:00,4/1/2025 10:00,2301,,4.7
4/1/2025,11:00:00,4/1/2025 11:00,2436,,2
4/1/2025,12:00:00,4/1/2025 12:00,2544,,2
4/1/2025,13:00:00,4/1/2025 13:00,2617,,2
4/1/2025,14:00:00,4/1/2025 14:00,2671,,4.7
4/1/2025,15:00:00,4/1/2025 15:00,2733,,4.7
4/1/2025,16:00:00,4/1/2025 16:00,2670,,4.7
4/1/2025,17:00:00,4/1/2025 17:00,2552,,4.7
4/1/2025,18:00:00,4/1/2025 18:00,2505,,4.7
4/1/2025,19:00:00,4/1/2025 19:00,2404,,4.7
4/1/2025,20:00:00,4/1/2025 20:00,2375,,4.7
4/1/2025,21:00:00,4/1/2025 21:00,2266,,4.7
4/1/2025,22:00:00,4/1/2025 22:00,2173,,4.7
4/1/2025,23:00:00,4/1/2025 23:00,2024,,4.7
4/2/2025,0:00:00,4/2/2025 0:00,1938,,2
4/2/2025,1:00:00,4/2/2025 1:00,1818,,2
4/2/2025,2:00:00,4/2/2025 2:00,1658,,2
4/2/2025,3:00:00,4/2/2025 3:00,1590,,2
4/2/2025,4:00:00,4/2/2025 4:00,1531,,2
4/2/2025,5:00:00,4/2/2025 5:00,1476,,2
4/2/2025,6:00:00,4/2/2025 6:00,1500,,4.7
4/2/2025,7:00:00,4/2/2025 7:00,1488,,4.7
4/2/2025,8:00:00,4/2/2025 8:00,1677,,4.7
4/2/2025,9:00:00,4/2/2025 9:00,2094,,4.7
4/2/2025,10:00:00,4/2/2025 10:00,2277,,4.7
4/2/2025,11:00:00,4/2/2025 11:00,2357,,2
4/2/2025,12:00:00,4/2/2025 12:00,2412,,2
4/2/2025,13:00:00,4/2/2025 13:00,2473,,2
4/2/2025,14:00:00,4/2/2025 14:00,2476,,4.7
4/2/2025,15:00:00,4/2/2025 15:00,2513,,4.7
4/2/2025,16:00:00,4/2/2025 16:00,2452,,4.7
4/2/2025,17:00:00,4/2/2025 17:00,2439,,4.7
4/2/2025,18:00:00,4/2/2025 18:00,2303,,4.7
4/2/2025,19:00:00,4/2/2025 19:00,2252,,4.7
4/2/2025,20:00:00,4/2/2025 20:00,2128,,4.7
4/2/2025,21:00:00,4/2/2025 21:00,1988,,4.7
4/2/2025,22:00:00,4/2/2025 22:00,1900,,4.7
4/2/2025,23:00:00,4/2/2025 23:00,1832,,4.7
4/3/2025,0:00:00,4/3/2025 0:00,1787,,2
4/3/2025,1:00:00,4/3/2025 1:00,1722,,2
4/3/2025,2:00:00,4/3/2025 2:00,1625,,2
4/3/2025,3:00:00,4/3/2025 3:00,1526,,2
4/3/2025,4:00:00,4/3/2025 4:00,1486,,2
4/3/2025,5:00:00,4/3/2025 5:00,1417,,2
4/3/2025,6:00:00,4/3/2025 6:00,1411,,4.7
4/3/2025,7:00:00,4/3/2025 7:00,1389,,4.7
4/3/2025,8:00:00,4/3/2025 8:00,1420,,4.7
4/3/2025,9:00:00,4/3/2025 9:00,1518,,4.7
4/3/2025,10:00:00,4/3/2025 10:00,1556,,4.7
4/3/2025,11:00:00,4/3/2025 11:00,1613,,2
4/3/2025,12:00:00,4/3/2025 12:00,1648,,2
4/3/2025,13:00:00,4/3/2025 13:00,1717,,2
4/3/2025,14:00:00,4/3/2025 14:00,1710,,4.7
4/3/2025,15:00:00,4/3/2025 15:00,1740,,4.7
4/3/2025,16:00:00,4/3/2025 16:00,1736,,4.7
4/3/2025,17:00:00,4/3/2025 17:00,1771,,4.7
4/3/2025,18:00:00,4/3/2025 18:00,1757,,4.7
4/3/2025,19:00:00,4/3/2025 19:00,1733,,4.7
4/3/2025,20:00:00,4/3/2025 20:00,1704,,4.7
4/3/2025,21:00:00,4/3/2025 21:00,1681,,4.7
4/3/2025,22:00:00,4/3/2025 22:00,1656,,4.7
4/3/2025,23:00:00,4/3/2025 23:00,1636,,4.7
4/4/2025,0:00:00,4/4/2025 0:00,1622,,2
4/4/2025,1:00:00,4/4/2025 1:00,1573,,2
4/4/2025,2:00:00,4/4/2025 2:00,1507,,2
4/4/2025,3:00:00,4/4/2025 3:00,1469,,2
4/4/2025,4:00:00,4/4/2025 4:00,1446,,2
4/4/2025,5:00:00,4/4/2025 5:00,1414,,2
4/4/2025,6:00:00,4/4/2025 6:00,1391,,4.7
4/4/2025,7:00:00,4/4/2025 7:00,1375,,4.7
4/4/2025,8:00:00,4/4/2025 8:00,1393,,4.7
4/4/2025,9:00:00,4/4/2025 9:00,1441,,4.7
4/4/2025,10:00:00,4/4/2025 10:00,1534,,4.7
4/4/2025,11:00:00,4/4/2025 11:00,1607,,2
4/4/2025,12:00:00,4/4/2025 12:00,1674,,2
4/4/2025,13:00:00,4/4/2025 13:00,1657,,2
4/4/2025,14:00:00,4/4/2025 14:00,1681,,4.7
4/4/2025,15:00:00,4/4/2025 15:00,1724,,4.7
4/4/2025,16:00:00,4/4/2025 16:00,1749,,4.7
4/4/2025,17:00:00,4/4/2025 17:00,1763,,4.7
4/4/2025,18:00:00,4/4/2025 18:00,1719,,4.7
4/4/2025,19:00:00,4/4/2025 19:00,1684,,4.7
4/4/2025,20:00:00,4/4/2025 20:00,1698,,4.7
4/4/2025,21:00:00,4/4/2025 21:00,1688,,4.7
4/4/2025,22:00:00,4/4/2025 22:00,1674,,4.7
4/4/2025,23:00:00,4/4/2025 23:00,1643,,4.7
4/5/2025,0:00:00,4/5/2025 0:00,1637,,2
4/5/2025,1:00:00,4/5/2025 1:00,1604,,2
4/5/2025,2:00:00,4/5/2025 2:00,1526,,2
4/5/2025,3:00:00,4/5/2025 3:00,1477,,2
4/5/2025,4:00:00,4/5/2025 4:00,1460,,2
4/5/2025,5:00:00,4/5/2025 5:00,1432,,2
4/5/2025,6:00:00,4/5/2025 6:00,1415,,2.1
4/5/2025,7:00:00,4/5/2025 7:00,1419,,2.1
4/5/2025,8:00:00,4/5/2025 8:00,1465,,2.1
4/5/2025,9:00:00,4/5/2025 9:00,1597,,2.1
4/5/2025,10:00:00,4/5/2025 10:00,1672,,2.1
4/5/2025,11:00:00,4/5/2025 11:00,1710,,2
4/5/2025,12:00:00,4/5/2025 12:00,1692,,2
4/5/2025,13:00:00,4/5/2025 13:00,1750,,2
4/5/2025,14:00:00,4/5/2025 14:00,1764,,2.1
4/5/2025,15:00:00,4/5/2025 15:00,1772,,2.1
4/5/2025,16:00:00,4/5/2025 16:00,1801,,2.1
4/5/2025,17:00:00,4/5/2025 17:00,1821,,2.1
4/5/2025,18:00:00,4/5/2025 18:00,1799,,2.1
4/5/2025,19:00:00,4/5/2025 19:00,1769,,2.1
4/5/2025,20:00:00,4/5/2025 20:00,1754,,2.1
4/5/2025,21:00:00,4/5/2025 21:00,1702,,2.1
4/5/2025,22:00:00,4/5/2025 22:00,1693,,2.1
4/5/2025,23:00:00,4/5/2025 23:00,1675,,2.1
4/6/2025,0:00:00,4/6/2025 0:00,1651,,2
4/6/2025,1:00:00,4/6/2025 1:00,1653,,2
4/6/2025,2:00:00,4/6/2025 2:00,1576,,2
4/6/2025,3:00:00,4/6/2025 3:00,1480,,2
4/6/2025,4:00:00,4/6/2025 4:00,1456,,2
4/6/2025,5:00:00,4/6/2025 5:00,1436,,2
4/6/2025,6:00:00,4/6/2025 6:00,1413,,2
4/6/2025,7:00:00,4/6/2025 7:00,1418,,2
4/6/2025,8:00:00,4/6/2025 8:00,1458,,2
4/6/2025,9:00:00,4/6/2025 9:00,1542,,2
4/6/2025,10:00:00,4/6/2025 10:00,1603,,2
4/6/2025,11:00:00,4/6/2025 11:00,1649,,2
4/6/2025,12:00:00,4/6/2025 12:00,1717,,2
4/6/2025,13:00:00,4/6/2025 13:00,1750,,2
4/6/2025,14:00:00,4/6/2025 14:00,1813,,2
4/6/2025,15:00:00,4/6/2025 15:00,1854,,2
4/6/2025,16:00:00,4/6/2025 16:00,1890,,2
4/6/2025,17:00:00,4/6/2025 17:00,1909,,2
4/6/2025,18:00:00,4/6/2025 18:00,1886,,2
4/6/2025,19:00:00,4/6/2025 19:00,1828,,2
4/6/2025,20:00:00,4/6/2025 20:00,1858,,2
4/6/2025,21:00:00,4/6/2025 21:00,1838,,2
4/6/2025,22:00:00,4/6/2025 22:00,1830,,2
4/6/2025,23:00:00,4/6/2025 23:00,1803,,2
4/7/2025,0:00:00,4/7/2025 0:00,1762,,2
4/7/2025,1:00:00,4/7/2025 1:00,1764,,2
4/7/2025,2:00:00,4/7/2025 2:00,1649,,2
4/7/2025,3:00:00,4/7/2025 3:00,1534,,2
4/7/2025,4:00:00,4/7/2025 4:00,1460,,2
4/7/2025,5:00:00,4/7/2025 5:00,1459,,2
4/7/2025,6:00:00,4/7/2025 6:00,1466,,4.7
4/7/2025,7:00:00,4/7/2025 7:00,1481,,4.7
4/7/2025,8:00:00,4/7/2025 8:00,1681,,4.7
4/7/2025,9:00:00,4/7/2025 9:00,2060,,4.7
4/7/2025,10:00:00,4/7/2025 10:00,2256,,4.7
4/7/2025,11:00:00,4/7/2025 11:00,2432,,2
4/7/2025,12:00:00,4/7/2025 12:00,2627,,2
4/7/2025,13:00:00,4/7/2025 13:00,2707,,2
4/7/2025,14:00:00,4/7/2025 14:00,2695,,4.7
4/7/2025,15:00:00,4/7/2025 15:00,2741,,4.7
4/7/2025,16:00:00,4/7/2025 16:00,2780,,4.7
4/7/2025,17:00:00,4/7/2025 17:00,2803,,4.7
4/7/2025,18:00:00,4/7/2025 18:00,2674,,4.7
4/7/2025,19:00:00,4/7/2025 19:00,2672,,4.7
4/7/2025,20:00:00,4/7/2025 20:00,2483,,4.7
4/7/2025,21:00:00,4/7/2025 21:00,2405,,4.7
4/7/2025,22:00:00,4/7/2025 22:00,2230,,4.7
4/7/2025,23:00:00,4/7/2025 23:00,2121,,4.7
4/8/2025,0:00:00,4/8/2025 0:00,2008,,2
4/8/2025,1:00:00,4/8/2025 1:00,1903,,2
4/8/2025,2:00:00,4/8/2025 2:00,1776,,2
4/8/2025,3:00:00,4/8/2025 3:00,1712,,2
4/8/2025,4:00:00,4/8/2025 4:00,1619,,2
4/8/2025,5:00:00,4/8/2025 5:00,1577,,2
4/8/2025,6:00:00,4/8/2025 6:00,1602,,4.7
4/8/2025,7:00:00,4/8/2025 7:00,1599,,4.7
4/8/2025,8:00:00,4/8/2025 8:00,1804,,4.7
4/8/2025,9:00:00,4/8/2025 9:00,2221,,4.7
4/8/2025,10:00:00,4/8/2025 10:00,2502,,4.7
4/8/2025,11:00:00,4/8/2025 11:00,2748,,2
4/8/2025,12:00:00,4/8/2025 12:00,2954,,2
4/8/2025,13:00:00,4/8/2025 13:00,3163,,2
4/8/2025,14:00:00,4/8/2025 14:00,3184,,4.7
4/8/2025,15:00:00,4/8/2025 15:00,3296,,4.7
4/8/2025,16:00:00,4/8/2025 16:00,3201,,4.7
4/8/2025,17:00:00,4/8/2025 17:00,3089,,4.7
4/8/2025,18:00:00,4/8/2025 18:00,2917,,4.7
4/8/2025,19:00:00,4/8/2025 19:00,2868,,4.7
4/8/2025,20:00:00,4/8/2025 20:00,2847,,4.7
4/8/2025,21:00:00,4/8/2025 21:00,2716,,4.7
4/8/2025,22:00:00,4/8/2025 22:00,2511,,4.7
4/8/2025,23:00:00,4/8/2025 23:00,2353,,4.7
4/9/2025,0:00:00,4/9/2025 0:00,2265,,2
4/9/2025,1:00:00,4/9/2025 1:00,2120,,2
4/9/2025,2:00:00,4/9/2025 2:00,1978,,2
4/9/2025,3:00:00,4/9/2025 3:00,1872,,2
4/9/2025,4:00:00,4/9/2025 4:00,1804,,2
4/9/2025,5:00:00,4/9/2025 5:00,1737,,2
4/9/2025,6:00:00,4/9/2025 6:00,1726,,4.7
4/9/2025,7:00:00,4/9/2025 7:00,1697,,4.7
4/9/2025,8:00:00,4/9/2025 8:00,1933,,4.7
4/9/2025,9:00:00,4/9/2025 9:00,2407,,4.7
4/9/2025,10:00:00,4/9/2025 10:00,2718,,4.7
4/9/2025,11:00:00,4/9/2025 11:00,3034,,2
4/9/2025,12:00:00,4/9/2025 12:00,3202,,2
4/9/2025,13:00:00,4/9/2025 13:00,3364,,2
4/9/2025,14:00:00,4/9/2025 14:00,3432,,4.7
4/9/2025,15:00:00,4/9/2025 15:00,3464,,4.7
4/9/2025,16:00:00,4/9/2025 16:00,3397,,4.7
4/9/2025,17:00:00,4/9/2025 17:00,3314,,4.7
4/9/2025,18:00:00,4/9/2025 18:00,3156,,4.7
4/9/2025,19:00:00,4/9/2025 19:00,3054,,4.7
4/9/2025,20:00:00,4/9/2025 20:00,2993,,4.7
4/9/2025,21:00:00,4/9/2025 21:00,2865,,4.7
4/9/2025,22:00:00,4/9/2025 22:00,2773,,4.7
4/9/2025,23:00:00,4/9/2025 23:00,2533,,4.7
4/10/2025,0:00:00,4/10/2025 0:00,2412,,2
4/10/2025,1:00:00,4/10/2025 1:00,2348,,2
4/10/2025,2:00:00,4/10/2025 2:00,2126,,2
4/10/2025,3:00:00,4/10/2025 3:00,1984,,2
4/10/2025,4:00:00,4/10/2025 4:00,1884,,2
4/10/2025,5:00:00,4/10/2025 5:00,1819,,2
4/10/2025,6:00:00,4/10/2025 6:00,1797,,4.7
4/10/2025,7:00:00,4/10/2025 7:00,1805,,4.7
4/10/2025,8:00:00,4/10/2025 8:00,2006,,4.7
4/10/2025,9:00:00,4/10/2025 9:00,2449,,4.7
4/10/2025,10:00:00,4/10/2025 10:00,2810,,4.7
4/10/2025,11:00:00,4/10/2025 11:00,2919,,2
4/10/2025,12:00:00,4/10/2025 12:00,3015,,2
4/10/2025,13:00:00,4/10/2025 13:00,3121,,2
4/10/2025,14:00:00,4/10/2025 14:00,3137,,4.7
4/10/2025,15:00:00,4/10/2025 15:00,3180,,4.7
4/10/2025,16:00:00,4/10/2025 16:00,3106,,4.7
4/10/2025,17:00:00,4/10/2025 17:00,3034,,4.7
4/10/2025,18:00:00,4/10/2025 18:00,2923,,4.7
4/10/2025,19:00:00,4/10/2025 19:00,2889,,4.7
4/10/2025,20:00:00,4/10/2025 20:00,2801,,4.7
4/10/2025,21:00:00,4/10/2025 21:00,2718,,4.7
4/10/2025,22:00:00,4/10/2025 22:00,2573,,4.7
4/10/2025,23:00:00,4/10/2025 23:00,2325,,4.7
4/11/2025,0:00:00,4/11/2025 0:00,2254,,2
4/11/2025,1:00:00,4/11/2025 1:00,2112,,2
4/11/2025,2:00:00,4/11/2025 2:00,1993,,2
4/11/2025,3:00:00,4/11/2025 3:00,1870,,2
4/11/2025,4:00:00,4/11/2025 4:00,1747,,2
4/11/2025,5:00:00,4/11/2025 5:00,1717,,2
4/11/2025,6:00:00,4/11/2025 6:00,1705,,4.7
4/11/2025,7:00:00,4/11/2025 7:00,1717,,4.7
4/11/2025,8:00:00,4/11/2025 8:00,1908,,4.7
4/11/2025,9:00:00,4/11/2025 9:00,2391,,4.7
4/11/2025,10:00:00,4/11/2025 10:00,2758,,4.7
4/11/2025,11:00:00,4/11/2025 11:00,3091,,2
4/11/2025,12:00:00,4/11/2025 12:00,3267,,2
4/11/2025,13:00:00,4/11/2025 13:00,3522,,2
4/11/2025,14:00:00,4/11/2025 14:00,3610,,4.7
4/11/2025,15:00:00,4/11/2025 15:00,3629,,4.7
4/11/2025,16:00:00,4/11/2025 16:00,3489,,4.7
4/11/2025,17:00:00,4/11/2025 17:00,3310,,4.7
4/11/2025,18:00:00,4/11/2025 18:00,3165,,4.7
4/11/2025,19:00:00,4/11/2025 19:00,3047,,4.7
4/11/2025,20:00:00,4/11/2025 20:00,2854,,4.7
4/11/2025,21:00:00,4/11/2025 21:00,2759,,4.7
4/11/2025,22:00:00,4/11/2025 22:00,2553,,4.7
4/11/2025,23:00:00,4/11/2025 23:00,2387,,4.7
4/12/2025,0:00:00,4/12/2025 0:00,2295,,2
4/12/2025,1:00:00,4/12/2025 1:00,2230,,2
4/12/2025,2:00:00,4/12/2025 2:00,2118,,2
4/12/2025,3:00:00,4/12/2025 3:00,1981,,2
4/12/2025,4:00:00,4/12/2025 4:00,1875,,2
4/12/2025,5:00:00,4/12/2025 5:00,1810,,2
4/12/2025,6:00:00,4/12/2025 6:00,1774,,2.1
4/12/2025,7:00:00,4/12/2025 7:00,1783,,2.1
4/12/2025,8:00:00,4/12/2025 8:00,1961,,2.1
4/12/2025,9:00:00,4/12/2025 9:00,2199,,2.1
4/12/2025,10:00:00,4/12/2025 10:00,2345,,2.1
4/12/2025,11:00:00,4/12/2025 11:00,2475,,2
4/12/2025,12:00:00,4/12/2025 12:00,2590,,2
4/12/2025,13:00:00,4/12/2025 13:00,2578,,2
4/12/2025,14:00:00,4/12/2025 14:00,2718,,2.1
4/12/2025,15:00:00,4/12/2025 15:00,2784,,2.1
4/12/2025,16:00:00,4/12/2025 16:00,2860,,2.1
4/12/2025,17:00:00,4/12/2025 17:00,2846,,2.1
4/12/2025,18:00:00,4/12/2025 18:00,2704,,2.1
4/12/2025,19:00:00,4/12/2025 19:00,2515,,2.1
4/12/2025,20:00:00,4/12/2025 20:00,2429,,2.1
4/12/2025,21:00:00,4/12/2025 21:00,2394,,2.1
4/12/2025,22:00:00,4/12/2025 22:00,2358,,2.1
4/12/2025,23:00:00,4/12/2025 23:00,2250,,2.1
4/13/2025,0:00:00,4/13/2025 0:00,2112,,2
4/13/2025,1:00:00,4/13/2025 1:00,2070,,2
4/13/2025,2:00:00,4/13/2025 2:00,1922,,2
4/13/2025,3:00:00,4/13/2025 3:00,1806,,2
4/13/2025,4:00:00,4/13/2025 4:00,1710,,2
4/13/2025,5:00:00,4/13/2025 5:00,1640,,2
4/13/2025,6:00:00,4/13/2025 6:00,1598,,2
4/13/2025,7:00:00,4/13/2025 7:00,1588,,2
4/13/2025,8:00:00,4/13/2025 8:00,1671,,2
4/13/2025,9:00:00,4/13/2025 9:00,1761,,2
4/13/2025,10:00:00,4/13/2025 10:00,1822,,2
4/13/2025,11:00:00,4/13/2025 11:00,1890,,2
4/13/2025,12:00:00,4/13/2025 12:00,1962,,2
4/13/2025,13:00:00,4/13/2025 13:00,1979,,2
4/13/2025,14:00:00,4/13/2025 14:00,1988,,2
4/13/2025,15:00:00,4/13/2025 15:00,2025,,2
4/13/2025,16:00:00,4/13/2025 16:00,2064,,2
4/13/2025,17:00:00,4/13/2025 17:00,2093,,2
4/13/2025,18:00:00,4/13/2025 18:00,2036,,2
4/13/2025,19:00:00,4/13/2025 19:00,1983,,2
4/13/2025,20:00:00,4/13/2025 20:00,1997,,2
4/13/2025,21:00:00,4/13/2025 21:00,1979,,2
4/13/2025,22:00:00,4/13/2025 22:00,2017,,2
4/13/2025,23:00:00,4/13/2025 23:00,2013,,2
4/14/2025,0:00:00,4/14/2025 0:00,1943,,2
4/14/2025,1:00:00,4/14/2025 1:00,1925,,2
4/14/2025,2:00:00,4/14/2025 2:00,1763,,2
4/14/2025,3:00:00,4/14/2025 3:00,1654,,2
4/14/2025,4:00:00,4/14/2025 4:00,1594,,2
4/14/2025,5:00:00,4/14/2025 5:00,1579,,2
4/14/2025,6:00:00,4/14/2025 6:00,1594,,4.7
4/14/2025,7:00:00,4/14/2025 7:00,1554,,4.7
4/14/2025,8:00:00,4/14/2025 8:00,1758,,4.7
4/14/2025,9:00:00,4/14/2025 9:00,2147,,4.7
4/14/2025,10:00:00,4/14/2025 10:00,2431,,4.7
4/14/2025,11:00:00,4/14/2025 11:00,2633,,2
4/14/2025,12:00:00,4/14/2025 12:00,2824,,2
4/14/2025,13:00:00,4/14/2025 13:00,3065,,2
4/14/2025,14:00:00,4/14/2025 14:00,3131,,4.7
4/14/2025,15:00:00,4/14/2025 15:00,3220,,4.7
4/14/2025,16:00:00,4/14/2025 16:00,3291,,4.7
4/14/2025,17:00:00,4/14/2025 17:00,3237,,4.7
4/14/2025,18:00:00,4/14/2025 18:00,3091,,4.7
4/14/2025,19:00:00,4/14/2025 19:00,3009,,4.7
4/14/2025,20:00:00,4/14/2025 20:00,2768,,4.7
4/14/2025,21:00:00,4/14/2025 21:00,2711,,4.7
4/14/2025,22:00:00,4/14/2025 22:00,2445,,4.7
4/14/2025,23:00:00,4/14/2025 23:00,2270,,4.7
4/15/2025,0:00:00,4/15/2025 0:00,2185,,2
4/15/2025,1:00:00,4/15/2025 1:00,2092,,2
4/15/2025,2:00:00,4/15/2025 2:00,1930,,2
4/15/2025,3:00:00,4/15/2025 3:00,1810,,2
4/15/2025,4:00:00,4/15/2025 4:00,1735,,2
4/15/2025,5:00:00,4/15/2025 5:00,1708,,2
4/15/2025,6:00:00,4/15/2025 6:00,1720,,4.7
4/15/2025,7:00:00,4/15/2025 7:00,1697,,4.7
4/15/2025,8:00:00,4/15/2025 8:00,1908,,4.7
4/15/2025,9:00:00,4/15/2025 9:00,2356,,4.7
4/15/2025,10:00:00,4/15/2025 10:00,2648,,4.7
4/15/2025,11:00:00,4/15/2025 11:00,2830,,2
4/15/2025,12:00:00,4/15/2025 12:00,2980,,2
4/15/2025,13:00:00,4/15/2025 13:00,3187,,2
4/15/2025,14:00:00,4/15/2025 14:00,3210,,4.7
4/15/2025,15:00:00,4/15/2025 15:00,3321,,4.7
4/15/2025,16:00:00,4/15/2025 16:00,3331,,4.7
4/15/2025,17:00:00,4/15/2025 17:00,3227,,4.7
4/15/2025,18:00:00,4/15/2025 18:00,3059,,4.7
4/15/2025,19:00:00,4/15/2025 19:00,2960,,4.7
4/15/2025,20:00:00,4/15/2025 20:00,2822,,4.7
4/15/2025,21:00:00,4/15/2025 21:00,2688,,4.7
4/15/2025,22:00:00,4/15/2025 22:00,2549,,4.7
4/15/2025,23:00:00,4/15/2025 23:00,2365,,4.7
4/16/2025,0:00:00,4/16/2025 0:00,2221,,2
4/16/2025,1:00:00,4/16/2025 1:00,2108,,2
4/16/2025,2:00:00,4/16/2025 2:00,1955,,2
4/16/2025,3:00:00,4/16/2025 3:00,1821,,2
4/16/2025,4:00:00,4/16/2025 4:00,1760,,2
4/16/2025,5:00:00,4/16/2025 5:00,1712,,2
4/16/2025,6:00:00,4/16/2025 6:00,1688,,4.7
4/16/2025,7:00:00,4/16/2025 7:00,1707,,4.7
4/16/2025,8:00:00,4/16/2025 8:00,1938,,4.7
4/16/2025,9:00:00,4/16/2025 9:00,2437,,4.7
4/16/2025,10:00:00,4/16/2025 10:00,2784,,4.7
4/16/2025,11:00:00,4/16/2025 11:00,3089,,2
4/16/2025,12:00:00,4/16/2025 12:00,3286,,2
4/16/2025,13:00:00,4/16/2025 13:00,3389,,2
4/16/2025,14:00:00,4/16/2025 14:00,3444,,4.7
4/16/2025,15:00:00,4/16/2025 15:00,3612,,4.7
4/16/2025,16:00:00,4/16/2025 16:00,3575,,4.7
4/16/2025,17:00:00,4/16/2025 17:00,3460,,4.7
4/16/2025,18:00:00,4/16/2025 18:00,3257,,4.7
4/16/2025,19:00:00,4/16/2025 19:00,3067,,4.7
4/16/2025,20:00:00,4/16/2025 20:00,2959,,4.7
4/16/2025,21:00:00,4/16/2025 21:00,2835,,4.7
4/16/2025,22:00:00,4/16/2025 22:00,2717,,4.7
4/16/2025,23:00:00,4/16/2025 23:00,2467,,4.7
4/17/2025,0:00:00,4/17/2025 0:00,2340,,2
4/17/2025,1:00:00,4/17/2025 1:00,2202,,2
4/17/2025,2:00:00,4/17/2025 2:00,2052,,2
4/17/2025,3:00:00,4/17/2025 3:00,1911,,2
4/17/2025,4:00:00,4/17/2025 4:00,1818,,2
4/17/2025,5:00:00,4/17/2025 5:00,1806,,2
4/17/2025,6:00:00,4/17/2025 6:00,1790,,4.7
4/17/2025,7:00:00,4/17/2025 7:00,1792,,4.7
4/17/2025,8:00:00,4/17/2025 8:00,2033,,4.7
4/17/2025,9:00:00,4/17/2025 9:00,2485,,4.7
4/17/2025,10:00:00,4/17/2025 10:00,2951,,4.7
4/17/2025,11:00:00,4/17/2025 11:00,3198,,2
4/17/2025,12:00:00,4/17/2025 12:00,3420,,2
4/17/2025,13:00:00,4/17/2025 13:00,3658,,2
4/17/2025,14:00:00,4/17/2025 14:00,3677,,4.7
4/17/2025,15:00:00,4/17/2025 15:00,3722,,4.7
4/17/2025,16:00:00,4/17/2025 16:00,3675,,4.7
4/17/2025,17:00:00,4/17/2025 17:00,3488,,4.7
4/17/2025,18:00:00,4/17/2025 18:00,3283,,4.7
4/17/2025,19:00:00,4/17/2025 19:00,3223,,4.7
4/17/2025,20:00:00,4/17/2025 20:00,3035,,4.7
4/17/2025,21:00:00,4/17/2025 21:00,2919,,4.7
4/17/2025,22:00:00,4/17/2025 22:00,2735,,4.7
4/17/2025,23:00:00,4/17/2025 23:00,2485,,4.7
4/18/2025,0:00:00,4/18/2025 0:00,2376,,2
4/18/2025,1:00:00,4/18/2025 1:00,2246,,2
4/18/2025,2:00:00,4/18/2025 2:00,2113,,2
4/18/2025,3:00:00,4/18/2025 3:00,1958,,2
4/18/2025,4:00:00,4/18/2025 4:00,1850,,2
4/18/2025,5:00:00,4/18/2025 5:00,1824,,2
4/18/2025,6:00:00,4/18/2025 6:00,1807,,4.7
4/18/2025,7:00:00,4/18/2025 7:00,1831,,4.7
4/18/2025,8:00:00,4/18/2025 8:00,2067,,4.7
4/18/2025,9:00:00,4/18/2025 9:00,2603,,4.7
4/18/2025,10:00:00,4/18/2025 10:00,3045,,4.7
4/18/2025,11:00:00,4/18/2025 11:00,3444,,2
4/18/2025,12:00:00,4/18/2025 12:00,3698,,2
4/18/2025,13:00:00,4/18/2025 13:00,3777,,2
4/18/2025,14:00:00,4/18/2025 14:00,3760,,4.7
4/18/2025,15:00:00,4/18/2025 15:00,3820,,4.7
4/18/2025,16:00:00,4/18/2025 16:00,3729,,4.7
4/18/2025,17:00:00,4/18/2025 17:00,3602,,4.7
4/18/2025,18:00:00,4/18/2025 18:00,3331,,4.7
4/18/2025,19:00:00,4/18/2025 19:00,3157,,4.7
4/18/2025,20:00:00,4/18/2025 20:00,2909,,4.7
4/18/2025,21:00:00,4/18/2025 21:00,2714,,4.7
4/18/2025,22:00:00,4/18/2025 22:00,2574,,4.7
4/18/2025,23:00:00,4/18/2025 23:00,2394,,4.7
4/19/2025,0:00:00,4/19/2025 0:00,2311,,2
4/19/2025,1:00:00,4/19/2025 1:00,2194,,2
4/19/2025,2:00:00,4/19/2025 2:00,2092,,2
4/19/2025,3:00:00,4/19/2025 3:00,1965,,2
4/19/2025,4:00:00,4/19/2025 4:00,1881,,2
4/19/2025,5:00:00,4/19/2025 5:00,1825,,2
4/19/2025,6:00:00,4/19/2025 6:00,1807,,2.1
4/19/2025,7:00:00,4/19/2025 7:00,1820,,2.1
4/19/2025,8:00:00,4/19/2025 8:00,1991,,2.1
4/19/2025,9:00:00,4/19/2025 9:00,2271,,2.1
4/19/2025,10:00:00,4/19/2025 10:00,2523,,2.1
4/19/2025,11:00:00,4/19/2025 11:00,2690,,2
4/19/2025,12:00:00,4/19/2025 12:00,2846,,2
4/19/2025,13:00:00,4/19/2025 13:00,2997,,2
4/19/2025,14:00:00,4/19/2025 14:00,1338,,2.1
4/19/2025,15:00:00,4/19/2025 15:00,0,,2.1
4/19/2025,16:00:00,4/19/2025 16:00,0,,2.1
4/19/2025,17:00:00,4/19/2025 17:00,0,,2.1
4/19/2025,18:00:00,4/19/2025 18:00,57,,2.1
4/19/2025,19:00:00,4/19/2025 19:00,2046,,2.1
4/19/2025,20:00:00,4/19/2025 20:00,2117,,2.1
4/19/2025,21:00:00,4/19/2025 21:00,2073,,2.1
4/19/2025,22:00:00,4/19/2025 22:00,2130,,2.1
4/19/2025,23:00:00,4/19/2025 23:00,2106,,2.1
4/20/2025,0:00:00,4/20/2025 0:00,1969,,2
4/20/2025,1:00:00,4/20/2025 1:00,1909,,2
4/20/2025,2:00:00,4/20/2025 2:00,1738,,2
4/20/2025,3:00:00,4/20/2025 3:00,1643,,2
4/20/2025,4:00:00,4/20/2025 4:00,1557,,2
4/20/2025,5:00:00,4/20/2025 5:00,1519,,2
4/20/2025,6:00:00,4/20/2025 6:00,1490,,2
4/20/2025,7:00:00,4/20/2025 7:00,1497,,2
4/20/2025,8:00:00,4/20/2025 8:00,1585,,2
4/20/2025,9:00:00,4/20/2025 9:00,1697,,2
4/20/2025,10:00:00,4/20/2025 10:00,1911,,2
4/20/2025,11:00:00,4/20/2025 11:00,2109,,2
4/20/2025,12:00:00,4/20/2025 12:00,2234,,2
4/20/2025,13:00:00,4/20/2025 13:00,2416,,2
4/20/2025,14:00:00,4/20/2025 14:00,2448,,2
4/20/2025,15:00:00,4/20/2025 15:00,2465,,2
4/20/2025,16:00:00,4/20/2025 16:00,2528,,2
4/20/2025,17:00:00,4/20/2025 17:00,2477,,2
4/20/2025,18:00:00,4/20/2025 18:00,2333,,2
4/20/2025,19:00:00,4/20/2025 19:00,2344,,2
4/20/2025,20:00:00,4/20/2025 20:00,2299,,2
4/20/2025,21:00:00,4/20/2025 21:00,2166,,2
4/20/2025,22:00:00,4/20/2025 22:00,2078,,2
4/20/2025,23:00:00,4/20/2025 23:00,2048,,2
4/21/2025,0:00:00,4/21/2025 0:00,1998,,2
4/21/2025,1:00:00,4/21/2025 1:00,1958,,2
4/21/2025,2:00:00,4/21/2025 2:00,1820,,2
4/21/2025,3:00:00,4/21/2025 3:00,1673,,2
4/21/2025,4:00:00,4/21/2025 4:00,1581,,2
4/21/2025,5:00:00,4/21/2025 5:00,1558,,2
4/21/2025,6:00:00,4/21/2025 6:00,1579,,4.7
4/21/2025,7:00:00,4/21/2025 7:00,1588,,4.7
4/21/2025,8:00:00,4/21/2025 8:00,1849,,4.7
4/21/2025,9:00:00,4/21/2025 9:00,2408,,4.7
4/21/2025,10:00:00,4/21/2025 10:00,2899,,4.7
4/21/2025,11:00:00,4/21/2025 11:00,3307,,2
4/21/2025,12:00:00,4/21/2025 12:00,3605,,2
4/21/2025,13:00:00,4/21/2025 13:00,624,,2
4/21/2025,14:00:00,4/21/2025 14:00,3101,,4.7
4/21/2025,15:00:00,4/21/2025 15:00,3630,,4.7
4/21/2025,16:00:00,4/21/2025 16:00,3765,,4.7
4/21/2025,17:00:00,4/21/2025 17:00,3605,,4.7
4/21/2025,18:00:00,4/21/2025 18:00,3501,,4.7
4/21/2025,19:00:00,4/21/2025 19:00,3512,,4.7
4/21/2025,20:00:00,4/21/2025 20:00,3283,,4.7
4/21/2025,21:00:00,4/21/2025 21:00,3033,,4.7
4/21/2025,22:00:00,4/21/2025 22:00,2808,,4.7
4/21/2025,23:00:00,4/21/2025 23:00,2561,,4.7
4/22/2025,0:00:00,4/22/2025 0:00,2385,,2
4/22/2025,1:00:00,4/22/2025 1:00,2240,,2
4/22/2025,2:00:00,4/22/2025 2:00,2080,,2
4/22/2025,3:00:00,4/22/2025 3:00,1926,,2
4/22/2025,4:00:00,4/22/2025 4:00,1825,,2
4/22/2025,5:00:00,4/22/2025 5:00,1776,,2
4/22/2025,6:00:00,4/22/2025 6:00,1773,,4.7
4/22/2025,7:00:00,4/22/2025 7:00,1789,,4.7
4/22/2025,8:00:00,4/22/2025 8:00,2119,,4.7
4/22/2025,9:00:00,4/22/2025 9:00,2808,,4.7
4/22/2025,10:00:00,4/22/2025 10:00,3294,,4.7
4/22/2025,11:00:00,4/22/2025 11:00,3670,,2
4/22/2025,12:00:00,4/22/2025 12:00,4039,,2
4/22/2025,13:00:00,4/22/2025 13:00,4271,,2
4/22/2025,14:00:00,4/22/2025 14:00,4423,,4.7
4/22/2025,15:00:00,4/22/2025 15:00,4539,,4.7
4/22/2025,16:00:00,4/22/2025 16:00,4566,,4.7
4/22/2025,17:00:00,4/22/2025 17:00,4462,,4.7
4/22/2025,18:00:00,4/22/2025 18:00,4176,,4.7
4/22/2025,19:00:00,4/22/2025 19:00,3879,,4.7
4/22/2025,20:00:00,4/22/2025 20:00,3556,,4.7
4/22/2025,21:00:00,4/22/2025 21:00,3284,,4.7
4/22/2025,22:00:00,4/22/2025 22:00,2998,,4.7
4/22/2025,23:00:00,4/22/2025 23:00,2764,,4.7
4/23/2025,0:00:00,4/23/2025 0:00,2643,,2
4/23/2025,1:00:00,4/23/2025 1:00,2468,,2
4/23/2025,2:00:00,4/23/2025 2:00,2256,,2
4/23/2025,3:00:00,4/23/2025 3:00,2083,,2
4/23/2025,4:00:00,4/23/2025 4:00,1964,,2
4/23/2025,5:00:00,4/23/2025 5:00,1905,,2
4/23/2025,6:00:00,4/23/2025 6:00,1907,,4.7
4/23/2025,7:00:00,4/23/2025 7:00,1947,,4.7
4/23/2025,8:00:00,4/23/2025 8:00,2239,,4.7
4/23/2025,9:00:00,4/23/2025 9:00,2794,,4.7
4/23/2025,10:00:00,4/23/2025 10:00,3190,,4.7
4/23/2025,11:00:00,4/23/2025 11:00,3461,,2
4/23/2025,12:00:00,4/23/2025 12:00,3689,,2
4/23/2025,13:00:00,4/23/2025 13:00,3915,,2
4/23/2025,14:00:00,4/23/2025 14:00,3980,,4.7
4/23/2025,15:00:00,4/23/2025 15:00,3989,,4.7
4/23/2025,16:00:00,4/23/2025 16:00,3865,,4.7
4/23/2025,17:00:00,4/23/2025 17:00,3697,,4.7
4/23/2025,18:00:00,4/23/2025 18:00,3519,,4.7
4/23/2025,19:00:00,4/23/2025 19:00,3448,,4.7
4/23/2025,20:00:00,4/23/2025 20:00,3213,,4.7
4/23/2025,21:00:00,4/23/2025 21:00,2982,,4.7
4/23/2025,22:00:00,4/23/2025 22:00,2774,,4.7
4/23/2025,23:00:00,4/23/2025 23:00,2559,,4.7
4/24/2025,0:00:00,4/24/2025 0:00,2347,,2
4/24/2025,1:00:00,4/24/2025 1:00,2234,,2
4/24/2025,2:00:00,4/24/2025 2:00,2034,,2
4/24/2025,3:00:00,4/24/2025 3:00,1912,,2
4/24/2025,4:00:00,4/24/2025 4:00,1794,,2
4/24/2025,5:00:00,4/24/2025 5:00,1749,,2
4/24/2025,6:00:00,4/24/2025 6:00,1754,,4.7
4/24/2025,7:00:00,4/24/2025 7:00,1799,,4.7
4/24/2025,8:00:00,4/24/2025 8:00,2027,,4.7
4/24/2025,9:00:00,4/24/2025 9:00,2556,,4.7
4/24/2025,10:00:00,4/24/2025 10:00,2986,,4.7
4/24/2025,11:00:00,4/24/2025 11:00,3235,,2
4/24/2025,12:00:00,4/24/2025 12:00,3372,,2
4/24/2025,13:00:00,4/24/2025 13:00,3495,,2
4/24/2025,14:00:00,4/24/2025 14:00,3501,,4.7
4/24/2025,15:00:00,4/24/2025 15:00,3500,,4.7
4/24/2025,16:00:00,4/24/2025 16:00,3447,,4.7
4/24/2025,17:00:00,4/24/2025 17:00,3284,,4.7
4/24/2025,18:00:00,4/24/2025 18:00,3093,,4.7
4/24/2025,19:00:00,4/24/2025 19:00,3037,,4.7
4/24/2025,20:00:00,4/24/2025 20:00,2887,,4.7
4/24/2025,21:00:00,4/24/2025 21:00,2709,,4.7
4/24/2025,22:00:00,4/24/2025 22:00,2540,,4.7
4/24/2025,23:00:00,4/24/2025 23:00,2372,,4.7
4/25/2025,0:00:00,4/25/2025 0:00,2260,,2
4/25/2025,1:00:00,4/25/2025 1:00,2136,,2
4/25/2025,2:00:00,4/25/2025 2:00,2011,,2
4/25/2025,3:00:00,4/25/2025 3:00,1867,,2
4/25/2025,4:00:00,4/25/2025 4:00,1797,,2
4/25/2025,5:00:00,4/25/2025 5:00,1752,,2
4/25/2025,6:00:00,4/25/2025 6:00,1761,,4.7
4/25/2025,7:00:00,4/25/2025 7:00,1773,,4.7
4/25/2025,8:00:00,4/25/2025 8:00,1995,,4.7
4/25/2025,9:00:00,4/25/2025 9:00,2405,,4.7
4/25/2025,10:00:00,4/25/2025 10:00,2692,,4.7
4/25/2025,11:00:00,4/25/2025 11:00,2915,,2
4/25/2025,12:00:00,4/25/2025 12:00,2983,,2
4/25/2025,13:00:00,4/25/2025 13:00,3102,,2
4/25/2025,14:00:00,4/25/2025 14:00,3006,,4.7
4/25/2025,15:00:00,4/25/2025 15:00,3023,,4.7
4/25/2025,16:00:00,4/25/2025 16:00,2995,,4.7
4/25/2025,17:00:00,4/25/2025 17:00,2900,,4.7
4/25/2025,18:00:00,4/25/2025 18:00,2849,,4.7
4/25/2025,19:00:00,4/25/2025 19:00,2722,,4.7
4/25/2025,20:00:00,4/25/2025 20:00,2580,,4.7
4/25/2025,21:00:00,4/25/2025 21:00,2375,,4.7
4/25/2025,22:00:00,4/25/2025 22:00,2178,,4.7
4/25/2025,23:00:00,4/25/2025 23:00,2065,,4.7
4/26/2025,0:00:00,4/26/2025 0:00,2001,,2
4/26/2025,1:00:00,4/26/2025 1:00,1913,,2
4/26/2025,2:00:00,4/26/2025 2:00,1823,,2
4/26/2025,3:00:00,4/26/2025 3:00,1712,,2
4/26/2025,4:00:00,4/26/2025 4:00,1645,,2
4/26/2025,5:00:00,4/26/2025 5:00,1600,,2
4/26/2025,6:00:00,4/26/2025 6:00,1608,,2.1
4/26/2025,7:00:00,4/26/2025 7:00,1639,,2.1
4/26/2025,8:00:00,4/26/2025 8:00,1791,,2.1
4/26/2025,9:00:00,4/26/2025 9:00,1946,,2.1
4/26/2025,10:00:00,4/26/2025 10:00,2132,,2.1
4/26/2025,11:00:00,4/26/2025 11:00,2196,,2
4/26/2025,12:00:00,4/26/2025 12:00,2214,,2
4/26/2025,13:00:00,4/26/2025 13:00,2263,,2
4/26/2025,14:00:00,4/26/2025 14:00,2377,,2.1
4/26/2025,15:00:00,4/26/2025 15:00,2369,,2.1
4/26/2025,16:00:00,4/26/2025 16:00,2405,,2.1
4/26/2025,17:00:00,4/26/2025 17:00,2304,,2.1
4/26/2025,18:00:00,4/26/2025 18:00,2229,,2.1
4/26/2025,19:00:00,4/26/2025 19:00,2112,,2.1
4/26/2025,20:00:00,4/26/2025 20:00,2056,,2.1
4/26/2025,21:00:00,4/26/2025 21:00,1983,,2.1
4/26/2025,22:00:00,4/26/2025 22:00,1953,,2.1
4/26/2025,23:00:00,4/26/2025 23:00,1913,,2.1
4/27/2025,0:00:00,4/27/2025 0:00,1842,,2
4/27/2025,1:00:00,4/27/2025 1:00,1827,,2
4/27/2025,2:00:00,4/27/2025 2:00,1768,,2
4/27/2025,3:00:00,4/27/2025 3:00,1661,,2
4/27/2025,4:00:00,4/27/2025 4:00,1624,,2
4/27/2025,5:00:00,4/27/2025 5:00,1568,,2
4/27/2025,6:00:00,4/27/2025 6:00,1543,,2
4/27/2025,7:00:00,4/27/2025 7:00,1561,,2
4/27/2025,8:00:00,4/27/2025 8:00,1707,,2
4/27/2025,9:00:00,4/27/2025 9:00,1836,,2
4/27/2025,10:00:00,4/27/2025 10:00,1986,,2
4/27/2025,11:00:00,4/27/2025 11:00,2128,,2
4/27/2025,12:00:00,4/27/2025 12:00,2287,,2
4/27/2025,13:00:00,4/27/2025 13:00,2422,,2
4/27/2025,14:00:00,4/27/2025 14:00,2422,,2
4/27/2025,15:00:00,4/27/2025 15:00,2491,,2
4/27/2025,16:00:00,4/27/2025 16:00,2553,,2
4/27/2025,17:00:00,4/27/2025 17:00,2408,,2
4/27/2025,18:00:00,4/27/2025 18:00,2277,,2
4/27/2025,19:00:00,4/27/2025 19:00,2273,,2
4/27/2025,20:00:00,4/27/2025 20:00,2265,,2
4/27/2025,21:00:00,4/27/2025 21:00,2223,,2
4/27/2025,22:00:00,4/27/2025 22:00,2179,,2
4/27/2025,23:00:00,4/27/2025 23:00,2169,,2
4/28/2025,0:00:00,4/28/2025 0:00,2136,,2
4/28/2025,1:00:00,4/28/2025 1:00,2125,,2
4/28/2025,2:00:00,4/28/2025 2:00,1973,,2
4/28/2025,3:00:00,4/28/2025 3:00,1862,,2
4/28/2025,4:00:00,4/28/2025 4:00,1766,,2
4/28/2025,5:00:00,4/28/2025 5:00,1715,,2
4/28/2025,6:00:00,4/28/2025 6:00,1722,,4.7
4/28/2025,7:00:00,4/28/2025 7:00,1724,,4.7
4/28/2025,8:00:00,4/28/2025 8:00,1946,,4.7
4/28/2025,9:00:00,4/28/2025 9:00,2369,,4.7
4/28/2025,10:00:00,4/28/2025 10:00,2578,,4.7
4/28/2025,11:00:00,4/28/2025 11:00,2820,,2
4/28/2025,12:00:00,4/28/2025 12:00,3016,,2
4/28/2025,13:00:00,4/28/2025 13:00,3176,,2
4/28/2025,14:00:00,4/28/2025 14:00,3242,,4.7
4/28/2025,15:00:00,4/28/2025 15:00,3229,,4.7
4/28/2025,16:00:00,4/28/2025 16:00,3162,,4.7
4/28/2025,17:00:00,4/28/2025 17:00,3086,,4.7
4/28/2025,18:00:00,4/28/2025 18:00,2956,,4.7
4/28/2025,19:00:00,4/28/2025 19:00,2879,,4.7
4/28/2025,20:00:00,4/28/2025 20:00,2672,,4.7
4/28/2025,21:00:00,4/28/2025 21:00,2568,,4.7
4/28/2025,22:00:00,4/28/2025 22:00,2386,,4.7
4/28/2025,23:00:00,4/28/2025 23:00,2229,,4.7
4/29/2025,0:00:00,4/29/2025 0:00,2113,,2
4/29/2025,1:00:00,4/29/2025 1:00,1986,,2
4/29/2025,2:00:00,4/29/2025 2:00,1829,,2
4/29/2025,3:00:00,4/29/2025 3:00,1699,,2
4/29/2025,4:00:00,4/29/2025 4:00,1622,,2
4/29/2025,5:00:00,4/29/2025 5:00,1614,,2
4/29/2025,6:00:00,4/29/2025 6:00,1640,,4.7
4/29/2025,7:00:00,4/29/2025 7:00,1633,,4.7
4/29/2025,8:00:00,4/29/2025 8:00,1859,,4.7
4/29/2025,9:00:00,4/29/2025 9:00,2347,,4.7
4/29/2025,10:00:00,4/29/2025 10:00,2662,,4.7
4/29/2025,11:00:00,4/29/2025 11:00,2884,,2
4/29/2025,12:00:00,4/29/2025 12:00,3078,,2
4/29/2025,13:00:00,4/29/2025 13:00,3251,,2
4/29/2025,14:00:00,4/29/2025 14:00,3281,,4.7
4/29/2025,15:00:00,4/29/2025 15:00,3344,,4.7
4/29/2025,16:00:00,4/29/2025 16:00,3303,,4.7
4/29/2025,17:00:00,4/29/2025 17:00,3273,,4.7
4/29/2025,18:00:00,4/29/2025 18:00,3133,,4.7
4/29/2025,19:00:00,4/29/2025 19:00,2921,,4.7
4/29/2025,20:00:00,4/29/2025 20:00,2806,,4.7
4/29/2025,21:00:00,4/29/2025 21:00,2700,,4.7
4/29/2025,22:00:00,4/29/2025 22:00,2432,,4.7
4/29/2025,23:00:00,4/29/2025 23:00,2236,,4.7
4/30/2025,0:00:00,4/30/2025 0:00,2137,,2
4/30/2025,1:00:00,4/30/2025 1:00,2008,,2
4/30/2025,2:00:00,4/30/2025 2:00,1862,,2
4/30/2025,3:00:00,4/30/2025 3:00,1742,,2
4/30/2025,4:00:00,4/30/2025 4:00,1658,,2
4/30/2025,5:00:00,4/30/2025 5:00,1644,,2
4/30/2025,6:00:00,4/30/2025 6:00,1652,,4.7
4/30/2025,7:00:00,4/30/2025 7:00,1656,,4.7
4/30/2025,8:00:00,4/30/2025 8:00,1949,,4.7
4/30/2025,9:00:00,4/30/2025 9:00,2461,,4.7
4/30/2025,10:00:00,4/30/2025 10:00,2818,,4.7
4/30/2025,11:00:00,4/30/2025 11:00,3090,,2
4/30/2025,12:00:00,4/30/2025 12:00,3272,,2
4/30/2025,13:00:00,4/30/2025 13:00,3499,,2
4/30/2025,14:00:00,4/30/2025 14:00,3695,,4.7
4/30/2025,15:00:00,4/30/2025 15:00,3713,,4.7
4/30/2025,16:00:00,4/30/2025 16:00,3629,,4.7
4/30/2025,17:00:00,4/30/2025 17:00,3479,,4.7
4/30/2025,18:00:00,4/30/2025 18:00,3338,,4.7
4/30/2025,19:00:00,4/30/2025 19:00,3181,,4.7
4/30/2025,20:00:00,4/30/2025 20:00,3010,,4.7
4/30/2025,21:00:00,4/30/2025 21:00,2820,,4.7
4/30/2025,22:00:00,4/30/2025 22:00,2668,,4.7
4/30/2025,23:00:00,4/30/2025 23:00,2443,,4.7
5/1/2025,0:00:00,5/1/2025 0:00,2319,,2
5/1/2025,1:00:00,5/1/2025 1:00,2230,,2
5/1/2025,2:00:00,5/1/2025 2:00,2043,,2
5/1/2025,3:00:00,5/1/2025 3:00,1877,,2
5/1/2025,4:00:00,5/1/2025 4:00,1796,,2
5/1/2025,5:00:00,5/1/2025 5:00,1761,,2
5/1/2025,6:00:00,5/1/2025 6:00,1773,,4.7
5/1/2025,7:00:00,5/1/2025 7:00,1775,,4.7
5/1/2025,8:00:00,5/1/2025 8:00,2004,,4.7
5/1/2025,9:00:00,5/1/2025 9:00,2485,,4.7
5/1/2025,10:00:00,5/1/2025 10:00,2810,,4.7
5/1/2025,11:00:00,5/1/2025 11:00,3059,,2
5/1/2025,12:00:00,5/1/2025 12:00,3229,,2
5/1/2025,13:00:00,5/1/2025 13:00,3465,,2
5/1/2025,14:00:00,5/1/2025 14:00,3489,,4.7
5/1/2025,15:00:00,5/1/2025 15:00,3495,,4.7
5/1/2025,16:00:00,5/1/2025 16:00,3493,,4.7
5/1/2025,17:00:00,5/1/2025 17:00,3416,,4.7
5/1/2025,18:00:00,5/1/2025 18:00,3242,,4.7
5/1/2025,19:00:00,5/1/2025 19:00,3174,,4.7
5/1/2025,20:00:00,5/1/2025 20:00,2961,,4.7
5/1/2025,21:00:00,5/1/2025 21:00,2799,,4.7
5/1/2025,22:00:00,5/1/2025 22:00,2637,,4.7
5/1/2025,23:00:00,5/1/2025 23:00,2409,,4.7
5/2/2025,0:00:00,5/2/2025 0:00,2290,,2
5/2/2025,1:00:00,5/2/2025 1:00,2168,,2
5/2/2025,2:00:00,5/2/2025 2:00,2017,,2
5/2/2025,3:00:00,5/2/2025 3:00,1871,,2
5/2/2025,4:00:00,5/2/2025 4:00,1785,,2
5/2/2025,5:00:00,5/2/2025 5:00,1746,,2
5/2/2025,6:00:00,5/2/2025 6:00,1747,,4.7
5/2/2025,7:00:00,5/2/2025 7:00,1794,,4.7
5/2/2025,8:00:00,5/2/2025 8:00,2070,,4.7
5/2/2025,9:00:00,5/2/2025 9:00,2701,,4.7
5/2/2025,10:00:00,5/2/2025 10:00,3143,,4.7
5/2/2025,11:00:00,5/2/2025 11:00,3428,,2
5/2/2025,12:00:00,5/2/2025 12:00,3629,,2
5/2/2025,13:00:00,5/2/2025 13:00,3732,,2
5/2/2025,14:00:00,5/2/2025 14:00,3675,,4.7
5/2/2025,15:00:00,5/2/2025 15:00,3727,,4.7
5/2/2025,16:00:00,5/2/2025 16:00,3653,,4.7
5/2/2025,17:00:00,5/2/2025 17:00,3516,,4.7
5/2/2025,18:00:00,5/2/2025 18:00,3227,,4.7
5/2/2025,19:00:00,5/2/2025 19:00,2979,,4.7
5/2/2025,20:00:00,5/2/2025 20:00,2699,,4.7
5/2/2025,21:00:00,5/2/2025 21:00,2575,,4.7
5/2/2025,22:00:00,5/2/2025 22:00,2425,,4.7
5/2/2025,23:00:00,5/2/2025 23:00,2269,,4.7
5/3/2025,0:00:00,5/3/2025 0:00,2167,,2
5/3/2025,1:00:00,5/3/2025 1:00,2060,,2
5/3/2025,2:00:00,5/3/2025 2:00,1945,,2
5/3/2025,3:00:00,5/3/2025 3:00,1817,,2
5/3/2025,4:00:00,5/3/2025 4:00,1765,,2
5/3/2025,5:00:00,5/3/2025 5:00,1714,,2
5/3/2025,6:00:00,5/3/2025 6:00,1683,,2.1
5/3/2025,7:00:00,5/3/2025 7:00,1718,,2.1
5/3/2025,8:00:00,5/3/2025 8:00,1840,,2.1
5/3/2025,9:00:00,5/3/2025 9:00,2091,,2.1
5/3/2025,10:00:00,5/3/2025 10:00,2412,,2.1
5/3/2025,11:00:00,5/3/2025 11:00,2550,,2
5/3/2025,12:00:00,5/3/2025 12:00,2626,,2
5/3/2025,13:00:00,5/3/2025 13:00,2798,,2
5/3/2025,14:00:00,5/3/2025 14:00,2791,,2.1
5/3/2025,15:00:00,5/3/2025 15:00,2924,,2.1
5/3/2025,16:00:00,5/3/2025 16:00,2901,,2.1
5/3/2025,17:00:00,5/3/2025 17:00,2913,,2.1
5/3/2025,18:00:00,5/3/2025 18:00,2764,,2.1
5/3/2025,19:00:00,5/3/2025 19:00,2585,,2.1
5/3/2025,20:00:00,5/3/2025 20:00,2444,,2.1
5/3/2025,21:00:00,5/3/2025 21:00,2338,,2.1
5/3/2025,22:00:00,5/3/2025 22:00,2240,,2.1
5/3/2025,23:00:00,5/3/2025 23:00,2215,,2.1
5/4/2025,0:00:00,5/4/2025 0:00,2184,,2
5/4/2025,1:00:00,5/4/2025 1:00,2176,,2
5/4/2025,2:00:00,5/4/2025 2:00,2044,,2
5/4/2025,3:00:00,5/4/2025 3:00,1924,,2
5/4/2025,4:00:00,5/4/2025 4:00,1845,,2
5/4/2025,5:00:00,5/4/2025 5:00,1792,,2
5/4/2025,6:00:00,5/4/2025 6:00,1751,,2
5/4/2025,7:00:00,5/4/2025 7:00,1772,,2
5/4/2025,8:00:00,5/4/2025 8:00,1874,,2
5/4/2025,9:00:00,5/4/2025 9:00,2130,,2
5/4/2025,10:00:00,5/4/2025 10:00,2220,,2
5/4/2025,11:00:00,5/4/2025 11:00,2369,,2
5/4/2025,12:00:00,5/4/2025 12:00,2406,,2
5/4/2025,13:00:00,5/4/2025 13:00,2577,,2
5/4/2025,14:00:00,5/4/2025 14:00,2651,,2
5/4/2025,15:00:00,5/4/2025 15:00,2723,,2
5/4/2025,16:00:00,5/4/2025 16:00,2791,,2
5/4/2025,17:00:00,5/4/2025 17:00,2690,,2
5/4/2025,18:00:00,5/4/2025 18:00,2549,,2
5/4/2025,19:00:00,5/4/2025 19:00,2521,,2
5/4/2025,20:00:00,5/4/2025 20:00,2441,,2
5/4/2025,21:00:00,5/4/2025 21:00,2398,,2
5/4/2025,22:00:00,5/4/2025 22:00,2369,,2
5/4/2025,23:00:00,5/4/2025 23:00,2377,,2
5/5/2025,0:00:00,5/5/2025 0:00,2311,,2
5/5/2025,1:00:00,5/5/2025 1:00,2224,,2
5/5/2025,2:00:00,5/5/2025 2:00,2041,,2
5/5/2025,3:00:00,5/5/2025 3:00,1945,,2
5/5/2025,4:00:00,5/5/2025 4:00,1853,,2
5/5/2025,5:00:00,5/5/2025 5:00,1816,,2
5/5/2025,6:00:00,5/5/2025 6:00,1817,,4.7
5/5/2025,7:00:00,5/5/2025 7:00,1848,,4.7
5/5/2025,8:00:00,5/5/2025 8:00,2149,,4.7
5/5/2025,9:00:00,5/5/2025 9:00,2813,,4.7
5/5/2025,10:00:00,5/5/2025 10:00,3300,,4.7
5/5/2025,11:00:00,5/5/2025 11:00,3700,,2
5/5/2025,12:00:00,5/5/2025 12:00,3955,,2
5/5/2025,13:00:00,5/5/2025 13:00,4231,,2
5/5/2025,14:00:00,5/5/2025 14:00,4256,,4.7
5/5/2025,15:00:00,5/5/2025 15:00,4187,,4.7
5/5/2025,16:00:00,5/5/2025 16:00,4089,,4.7
5/5/2025,17:00:00,5/5/2025 17:00,3879,,4.7
5/5/2025,18:00:00,5/5/2025 18:00,3730,,4.7
5/5/2025,19:00:00,5/5/2025 19:00,3683,,4.7
5/5/2025,20:00:00,5/5/2025 20:00,3458,,4.7
5/5/2025,21:00:00,5/5/2025 21:00,3268,,4.7
5/5/2025,22:00:00,5/5/2025 22:00,3054,,4.7
5/5/2025,23:00:00,5/5/2025 23:00,2796,,4.7
5/6/2025,0:00:00,5/6/2025 0:00,2597,,2
5/6/2025,1:00:00,5/6/2025 1:00,2441,,2
5/6/2025,2:00:00,5/6/2025 2:00,2240,,2
5/6/2025,3:00:00,5/6/2025 3:00,2133,,2
5/6/2025,4:00:00,5/6/2025 4:00,2033,,2
5/6/2025,5:00:00,5/6/2025 5:00,2031,,2
5/6/2025,6:00:00,5/6/2025 6:00,2021,,4.7
5/6/2025,7:00:00,5/6/2025 7:00,2035,,4.7
5/6/2025,8:00:00,5/6/2025 8:00,2364,,4.7
5/6/2025,9:00:00,5/6/2025 9:00,3095,,4.7
5/6/2025,10:00:00,5/6/2025 10:00,3585,,4.7
5/6/2025,11:00:00,5/6/2025 11:00,3944,,2
5/6/2025,12:00:00,5/6/2025 12:00,4155,,2
5/6/2025,13:00:00,5/6/2025 13:00,4236,,2
5/6/2025,14:00:00,5/6/2025 14:00,4172,,4.7
5/6/2025,15:00:00,5/6/2025 15:00,4190,,4.7
5/6/2025,16:00:00,5/6/2025 16:00,4145,,4.7
5/6/2025,17:00:00,5/6/2025 17:00,3999,,4.7
5/6/2025,18:00:00,5/6/2025 18:00,3778,,4.7
5/6/2025,19:00:00,5/6/2025 19:00,3609,,4.7
5/6/2025,20:00:00,5/6/2025 20:00,3451,,4.7
5/6/2025,21:00:00,5/6/2025 21:00,3218,,4.7
5/6/2025,22:00:00,5/6/2025 22:00,2911,,4.7
5/6/2025,23:00:00,5/6/2025 23:00,2707,,4.7
5/7/2025,0:00:00,5/7/2025 0:00,2558,,2
5/7/2025,1:00:00,5/7/2025 1:00,2366,,2
5/7/2025,2:00:00,5/7/2025 2:00,2152,,2
5/7/2025,3:00:00,5/7/2025 3:00,2019,,2
5/7/2025,4:00:00,5/7/2025 4:00,1920,,2
5/7/2025,5:00:00,5/7/2025 5:00,1873,,2
5/7/2025,6:00:00,5/7/2025 6:00,1848,,4.7
5/7/2025,7:00:00,5/7/2025 7:00,1829,,4.7
5/7/2025,8:00:00,5/7/2025 8:00,2038,,4.7
5/7/2025,9:00:00,5/7/2025 9:00,2476,,4.7
5/7/2025,10:00:00,5/7/2025 10:00,2767,,4.7
5/7/2025,11:00:00,5/7/2025 11:00,2959,,2
5/7/2025,12:00:00,5/7/2025 12:00,2979,,2
5/7/2025,13:00:00,5/7/2025 13:00,3060,,2
5/7/2025,14:00:00,5/7/2025 14:00,3152,,4.7
5/7/2025,15:00:00,5/7/2025 15:00,3243,,4.7
5/7/2025,16:00:00,5/7/2025 16:00,3254,,4.7
5/7/2025,17:00:00,5/7/2025 17:00,3180,,4.7
5/7/2025,18:00:00,5/7/2025 18:00,3022,,4.7
5/7/2025,19:00:00,5/7/2025 19:00,2882,,4.7
5/7/2025,20:00:00,5/7/2025 20:00,2758,,4.7
5/7/2025,21:00:00,5/7/2025 21:00,2760,,4.7
5/7/2025,22:00:00,5/7/2025 22:00,2568,,4.7
5/7/2025,23:00:00,5/7/2025 23:00,2369,,4.7
5/8/2025,0:00:00,5/8/2025 0:00,2240,,2
5/8/2025,1:00:00,5/8/2025 1:00,2147,,2
5/8/2025,2:00:00,5/8/2025 2:00,1985,,2
5/8/2025,3:00:00,5/8/2025 3:00,1844,,2
5/8/2025,4:00:00,5/8/2025 4:00,1777,,2
5/8/2025,5:00:00,5/8/2025 5:00,1751,,2
5/8/2025,6:00:00,5/8/2025 6:00,1755,,4.7
5/8/2025,7:00:00,5/8/2025 7:00,1767,,4.7
5/8/2025,8:00:00,5/8/2025 8:00,2032,,4.7
5/8/2025,9:00:00,5/8/2025 9:00,2513,,4.7
5/8/2025,10:00:00,5/8/2025 10:00,3023,,4.7
5/8/2025,11:00:00,5/8/2025 11:00,3325,,2
5/8/2025,12:00:00,5/8/2025 12:00,3554,,2
5/8/2025,13:00:00,5/8/2025 13:00,3754,,2
5/8/2025,14:00:00,5/8/2025 14:00,3878,,4.7
5/8/2025,15:00:00,5/8/2025 15:00,3924,,4.7
5/8/2025,16:00:00,5/8/2025 16:00,3944,,4.7
5/8/2025,17:00:00,5/8/2025 17:00,3771,,4.7
5/8/2025,18:00:00,5/8/2025 18:00,3638,,4.7
5/8/2025,19:00:00,5/8/2025 19:00,3578,,4.7
5/8/2025,20:00:00,5/8/2025 20:00,3346,,4.7
5/8/2025,21:00:00,5/8/2025 21:00,3201,,4.7
5/8/2025,22:00:00,5/8/2025 22:00,2913,,4.7
5/8/2025,23:00:00,5/8/2025 23:00,2664,,4.7
5/9/2025,0:00:00,5/9/2025 0:00,2512,,2
5/9/2025,1:00:00,5/9/2025 1:00,2325,,2
5/9/2025,2:00:00,5/9/2025 2:00,2190,,2
5/9/2025,3:00:00,5/9/2025 3:00,2032,,2
5/9/2025,4:00:00,5/9/2025 4:00,1944,,2
5/9/2025,5:00:00,5/9/2025 5:00,1892,,2
5/9/2025,6:00:00,5/9/2025 6:00,1868,,4.7
5/9/2025,7:00:00,5/9/2025 7:00,1900,,4.7
5/9/2025,8:00:00,5/9/2025 8:00,2137,,4.7
5/9/2025,9:00:00,5/9/2025 9:00,2797,,4.7
5/9/2025,10:00:00,5/9/2025 10:00,3327,,4.7
5/9/2025,11:00:00,5/9/2025 11:00,3663,,2
5/9/2025,12:00:00,5/9/2025 12:00,3854,,2
5/9/2025,13:00:00,5/9/2025 13:00,4171,,2
5/9/2025,14:00:00,5/9/2025 14:00,4212,,4.7
5/9/2025,15:00:00,5/9/2025 15:00,4133,,4.7
5/9/2025,16:00:00,5/9/2025 16:00,3951,,4.7
5/9/2025,17:00:00,5/9/2025 17:00,3715,,4.7
5/9/2025,18:00:00,5/9/2025 18:00,3545,,4.7
5/9/2025,19:00:00,5/9/2025 19:00,3396,,4.7
5/9/2025,20:00:00,5/9/2025 20:00,3078,,4.7
5/9/2025,21:00:00,5/9/2025 21:00,2911,,4.7
5/9/2025,22:00:00,5/9/2025 22:00,2728,,4.7
5/9/2025,23:00:00,5/9/2025 23:00,2539,,4.7
5/10/2025,0:00:00,5/10/2025 0:00,2417,,2
5/10/2025,1:00:00,5/10/2025 1:00,2307,,2
5/10/2025,2:00:00,5/10/2025 2:00,2189,,2
5/10/2025,3:00:00,5/10/2025 3:00,2086,,2
5/10/2025,4:00:00,5/10/2025 4:00,1998,,2
5/10/2025,5:00:00,5/10/2025 5:00,1912,,2
5/10/2025,6:00:00,5/10/2025 6:00,1878,,2.1
5/10/2025,7:00:00,5/10/2025 7:00,1978,,2.1
5/10/2025,8:00:00,5/10/2025 8:00,2149,,2.1
5/10/2025,9:00:00,5/10/2025 9:00,2358,,2.1
5/10/2025,10:00:00,5/10/2025 10:00,2305,,2.1
5/10/2025,11:00:00,5/10/2025 11:00,2307,,2
5/10/2025,12:00:00,5/10/2025 12:00,2402,,2
5/10/2025,13:00:00,5/10/2025 13:00,2490,,2
5/10/2025,14:00:00,5/10/2025 14:00,2609,,2.1
5/10/2025,15:00:00,5/10/2025 15:00,2631,,2.1
5/10/2025,16:00:00,5/10/2025 16:00,2655,,2.1
5/10/2025,17:00:00,5/10/2025 17:00,2658,,2.1
5/10/2025,18:00:00,5/10/2025 18:00,2414,,2.1
5/10/2025,19:00:00,5/10/2025 19:00,2288,,2.1
5/10/2025,20:00:00,5/10/2025 20:00,2259,,2.1
5/10/2025,21:00:00,5/10/2025 21:00,2189,,2.1
5/10/2025,22:00:00,5/10/2025 22:00,2148,,2.1
5/10/2025,23:00:00,5/10/2025 23:00,2101,,2.1
5/11/2025,0:00:00,5/11/2025 0:00,2087,,2
5/11/2025,1:00:00,5/11/2025 1:00,2036,,2
5/11/2025,2:00:00,5/11/2025 2:00,1970,,2
5/11/2025,3:00:00,5/11/2025 3:00,1855,,2
5/11/2025,4:00:00,5/11/2025 4:00,1767,,2
5/11/2025,5:00:00,5/11/2025 5:00,1694,,2
5/11/2025,6:00:00,5/11/2025 6:00,1688,,2
5/11/2025,7:00:00,5/11/2025 7:00,1688,,2
5/11/2025,8:00:00,5/11/2025 8:00,1704,,2
5/11/2025,9:00:00,5/11/2025 9:00,1888,,2
5/11/2025,10:00:00,5/11/2025 10:00,1949,,2
5/11/2025,11:00:00,5/11/2025 11:00,1991,,2
5/11/2025,12:00:00,5/11/2025 12:00,2027,,2
5/11/2025,13:00:00,5/11/2025 13:00,2049,,2
5/11/2025,14:00:00,5/11/2025 14:00,2119,,2
5/11/2025,15:00:00,5/11/2025 15:00,2131,,2
5/11/2025,16:00:00,5/11/2025 16:00,2153,,2
5/11/2025,17:00:00,5/11/2025 17:00,2115,,2
5/11/2025,18:00:00,5/11/2025 18:00,2120,,2
5/11/2025,19:00:00,5/11/2025 19:00,2111,,2
5/11/2025,20:00:00,5/11/2025 20:00,2141,,2
5/11/2025,21:00:00,5/11/2025 21:00,2039,,2
5/11/2025,22:00:00,5/11/2025 22:00,2032,,2
5/11/2025,23:00:00,5/11/2025 23:00,1980,,2
5/12/2025,0:00:00,5/12/2025 0:00,1957,,2
5/12/2025,1:00:00,5/12/2025 1:00,1943,,2
5/12/2025,2:00:00,5/12/2025 2:00,1839,,2
5/12/2025,3:00:00,5/12/2025 3:00,1712,,2
5/12/2025,4:00:00,5/12/2025 4:00,1639,,2
5/12/2025,5:00:00,5/12/2025 5:00,1605,,2
5/12/2025,6:00:00,5/12/2025 6:00,1618,,4.7
5/12/2025,7:00:00,5/12/2025 7:00,1656,,4.7
5/12/2025,8:00:00,5/12/2025 8:00,1887,,4.7
5/12/2025,9:00:00,5/12/2025 9:00,2273,,4.7
5/12/2025,10:00:00,5/12/2025 10:00,2539,,4.7
5/12/2025,11:00:00,5/12/2025 11:00,2826,,2
5/12/2025,12:00:00,5/12/2025 12:00,3015,,2
5/12/2025,13:00:00,5/12/2025 13:00,3245,,2
5/12/2025,14:00:00,5/12/2025 14:00,3255,,4.7
5/12/2025,15:00:00,5/12/2025 15:00,3312,,4.7
5/12/2025,16:00:00,5/12/2025 16:00,3286,,4.7
5/12/2025,17:00:00,5/12/2025 17:00,3182,,4.7
5/12/2025,18:00:00,5/12/2025 18:00,3070,,4.7
5/12/2025,19:00:00,5/12/2025 19:00,3014,,4.7
5/12/2025,20:00:00,5/12/2025 20:00,2837,,4.7
5/12/2025,21:00:00,5/12/2025 21:00,2741,,4.7
5/12/2025,22:00:00,5/12/2025 22:00,2562,,4.7
5/12/2025,23:00:00,5/12/2025 23:00,2362,,4.7
5/13/2025,0:00:00,5/13/2025 0:00,2236,,2
5/13/2025,1:00:00,5/13/2025 1:00,2129,,2
5/13/2025,2:00:00,5/13/2025 2:00,1996,,2
5/13/2025,3:00:00,5/13/2025 3:00,1878,,2
5/13/2025,4:00:00,5/13/2025 4:00,1793,,2
5/13/2025,5:00:00,5/13/2025 5:00,1746,,2
5/13/2025,6:00:00,5/13/2025 6:00,1745,,4.7
5/13/2025,7:00:00,5/13/2025 7:00,1783,,4.7
5/13/2025,8:00:00,5/13/2025 8:00,2035,,4.7
5/13/2025,9:00:00,5/13/2025 9:00,2571,,4.7
5/13/2025,10:00:00,5/13/2025 10:00,3014,,4.7
5/13/2025,11:00:00,5/13/2025 11:00,3354,,2
5/13/2025,12:00:00,5/13/2025 12:00,3703,,2
5/13/2025,13:00:00,5/13/2025 13:00,3877,,2
5/13/2025,14:00:00,5/13/2025 14:00,3934,,4.7
5/13/2025,15:00:00,5/13/2025 15:00,4027,,4.7
5/13/2025,16:00:00,5/13/2025 16:00,3951,,4.7
5/13/2025,17:00:00,5/13/2025 17:00,3831,,4.7
5/13/2025,18:00:00,5/13/2025 18:00,3601,,4.7
5/13/2025,19:00:00,5/13/2025 19:00,3477,,4.7
5/13/2025,20:00:00,5/13/2025 20:00,3298,,4.7
5/13/2025,21:00:00,5/13/2025 21:00,3030,,4.7
5/13/2025,22:00:00,5/13/2025 22:00,2797,,4.7
5/13/2025,23:00:00,5/13/2025 23:00,2602,,4.7
5/14/2025,0:00:00,5/14/2025 0:00,2479,,2
5/14/2025,1:00:00,5/14/2025 1:00,2327,,2
5/14/2025,2:00:00,5/14/2025 2:00,2181,,2
5/14/2025,3:00:00,5/14/2025 3:00,2009,,2
5/14/2025,4:00:00,5/14/2025 4:00,1923,,2
5/14/2025,5:00:00,5/14/2025 5:00,1873,,2
5/14/2025,6:00:00,5/14/2025 6:00,1854,,4.7
5/14/2025,7:00:00,5/14/2025 7:00,1911,,4.7
5/14/2025,8:00:00,5/14/2025 8:00,2282,,4.7
5/14/2025,9:00:00,5/14/2025 9:00,2876,,4.7
5/14/2025,10:00:00,5/14/2025 10:00,3375,,4.7
5/14/2025,11:00:00,5/14/2025 11:00,3771,,2
5/14/2025,12:00:00,5/14/2025 12:00,3977,,2
5/14/2025,13:00:00,5/14/2025 13:00,4132,,2
5/14/2025,14:00:00,5/14/2025 14:00,4261,,4.7
5/14/2025,15:00:00,5/14/2025 15:00,4383,,4.7
5/14/2025,16:00:00,5/14/2025 16:00,4294,,4.7
5/14/2025,17:00:00,5/14/2025 17:00,4115,,4.7
5/14/2025,18:00:00,5/14/2025 18:00,3895,,4.7
5/14/2025,19:00:00,5/14/2025 19:00,3734,,4.7
5/14/2025,20:00:00,5/14/2025 20:00,3485,,4.7
5/14/2025,21:00:00,5/14/2025 21:00,3285,,4.7
5/14/2025,22:00:00,5/14/2025 22:00,3129,,4.7
5/14/2025,23:00:00,5/14/2025 23:00,2849,,4.7
5/15/2025,0:00:00,5/15/2025 0:00,2710,,2
5/15/2025,1:00:00,5/15/2025 1:00,2553,,2
5/15/2025,2:00:00,5/15/2025 2:00,2377,,2
5/15/2025,3:00:00,5/15/2025 3:00,2187,,2
5/15/2025,4:00:00,5/15/2025 4:00,2098,,2
5/15/2025,5:00:00,5/15/2025 5:00,2021,,2
5/15/2025,6:00:00,5/15/2025 6:00,2004,,4.7
5/15/2025,7:00:00,5/15/2025 7:00,2026,,4.7
5/15/2025,8:00:00,5/15/2025 8:00,2389,,4.7
5/15/2025,9:00:00,5/15/2025 9:00,3023,,4.7
5/15/2025,10:00:00,5/15/2025 10:00,3629,,4.7
5/15/2025,11:00:00,5/15/2025 11:00,3950,,2
5/15/2025,12:00:00,5/15/2025 12:00,4162,,2
5/15/2025,13:00:00,5/15/2025 13:00,4456,,2
5/15/2025,14:00:00,5/15/2025 14:00,4504,,4.7
5/15/2025,15:00:00,5/15/2025 15:00,4550,,4.7
5/15/2025,16:00:00,5/15/2025 16:00,4361,,4.7
5/15/2025,17:00:00,5/15/2025 17:00,4291,,4.7
5/15/2025,18:00:00,5/15/2025 18:00,4109,,4.7
5/15/2025,19:00:00,5/15/2025 19:00,3960,,4.7
5/15/2025,20:00:00,5/15/2025 20:00,3715,,4.7
5/15/2025,21:00:00,5/15/2025 21:00,3469,,4.7
5/15/2025,22:00:00,5/15/2025 22:00,3221,,4.7
5/15/2025,23:00:00,5/15/2025 23:00,2928,,4.7
5/16/2025,0:00:00,5/16/2025 0:00,2729,,2.18
5/16/2025,1:00:00,5/16/2025 1:00,2554,,2.18
5/16/2025,2:00:00,5/16/2025 2:00,2375,,2.18
5/16/2025,3:00:00,5/16/2025 3:00,2220,,2.18
5/16/2025,4:00:00,5/16/2025 4:00,2082,,2.18
5/16/2025,5:00:00,5/16/2025 5:00,2032,,2.18
5/16/2025,6:00:00,5/16/2025 6:00,2020,,2.18
5/16/2025,7:00:00,5/16/2025 7:00,2059,,2.18
5/16/2025,8:00:00,5/16/2025 8:00,2355,,2.18
5/16/2025,9:00:00,5/16/2025 9:00,3229,,5.02
5/16/2025,10:00:00,5/16/2025 10:00,3742,,5.02
5/16/2025,11:00:00,5/16/2025 11:00,4030,,5.02
5/16/2025,12:00:00,5/16/2025 12:00,4339,,5.02
5/16/2025,13:00:00,5/16/2025 13:00,4501,,5.02
5/16/2025,14:00:00,5/16/2025 14:00,4476,,5.02
5/16/2025,15:00:00,5/16/2025 15:00,4418,,5.02
5/16/2025,16:00:00,5/16/2025 16:00,4313,,8.05
5/16/2025,17:00:00,5/16/2025 17:00,4202,,8.05
5/16/2025,18:00:00,5/16/2025 18:00,3853,,8.05
5/16/2025,19:00:00,5/16/2025 19:00,3702,,8.05
5/16/2025,20:00:00,5/16/2025 20:00,3289,,8.05
5/16/2025,21:00:00,5/16/2025 21:00,3089,,8.05
5/16/2025,22:00:00,5/16/2025 22:00,2913,,5.02
5/16/2025,23:00:00,5/16/2025 23:00,2655,,5.02
5/17/2025,0:00:00,5/17/2025 0:00,2521,,2.18
5/17/2025,1:00:00,5/17/2025 1:00,2411,,2.18
5/17/2025,2:00:00,5/17/2025 2:00,2280,,2.18
5/17/2025,3:00:00,5/17/2025 3:00,2159,,2.18
5/17/2025,4:00:00,5/17/2025 4:00,2046,,2.18
5/17/2025,5:00:00,5/17/2025 5:00,1968,,2.18
5/17/2025,6:00:00,5/17/2025 6:00,1955,,2.18
5/17/2025,7:00:00,5/17/2025 7:00,2036,,2.18
5/17/2025,8:00:00,5/17/2025 8:00,2301,,2.18
5/17/2025,9:00:00,5/17/2025 9:00,2525,,2.27
5/17/2025,10:00:00,5/17/2025 10:00,2782,,2.27
5/17/2025,11:00:00,5/17/2025 11:00,2942,,2.27
5/17/2025,12:00:00,5/17/2025 12:00,3137,,2.27
5/17/2025,13:00:00,5/17/2025 13:00,3310,,2.27
5/17/2025,14:00:00,5/17/2025 14:00,3343,,2.27
5/17/2025,15:00:00,5/17/2025 15:00,3228,,2.27
5/17/2025,16:00:00,5/17/2025 16:00,3273,,2.27
5/17/2025,17:00:00,5/17/2025 17:00,3278,,2.27
5/17/2025,18:00:00,5/17/2025 18:00,3168,,2.27
5/17/2025,19:00:00,5/17/2025 19:00,2956,,2.27
5/17/2025,20:00:00,5/17/2025 20:00,2743,,2.27
5/17/2025,21:00:00,5/17/2025 21:00,2624,,2.27
5/17/2025,22:00:00,5/17/2025 22:00,2590,,2.27
5/17/2025,23:00:00,5/17/2025 23:00,2498,,2.27
5/18/2025,0:00:00,5/18/2025 0:00,2429,,2.18
5/18/2025,1:00:00,5/18/2025 1:00,2356,,2.18
5/18/2025,2:00:00,5/18/2025 2:00,2254,,2.18
5/18/2025,3:00:00,5/18/2025 3:00,2100,,2.18
5/18/2025,4:00:00,5/18/2025 4:00,2036,,2.18
5/18/2025,5:00:00,5/18/2025 5:00,1971,,2.18
5/18/2025,6:00:00,5/18/2025 6:00,1945,,2.18
5/18/2025,7:00:00,5/18/2025 7:00,1939,,2.18
5/18/2025,8:00:00,5/18/2025 8:00,1987,,2.18
5/18/2025,9:00:00,5/18/2025 9:00,2204,,2.18
5/18/2025,10:00:00,5/18/2025 10:00,2401,,2.18
5/18/2025,11:00:00,5/18/2025 11:00,2568,,2.18
5/18/2025,12:00:00,5/18/2025 12:00,2700,,2.18
5/18/2025,13:00:00,5/18/2025 13:00,2843,,2.18
5/18/2025,14:00:00,5/18/2025 14:00,2787,,2.18
5/18/2025,15:00:00,5/18/2025 15:00,2912,,2.18
5/18/2025,16:00:00,5/18/2025 16:00,2807,,2.18
5/18/2025,17:00:00,5/18/2025 17:00,2817,,2.18
5/18/2025,18:00:00,5/18/2025 18:00,2751,,2.18
5/18/2025,19:00:00,5/18/2025 19:00,2674,,2.18
5/18/2025,20:00:00,5/18/2025 20:00,2624,,2.18
5/18/2025,21:00:00,5/18/2025 21:00,2519,,2.18
5/18/2025,22:00:00,5/18/2025 22:00,2532,,2.18
5/18/2025,23:00:00,5/18/2025 23:00,2473,,2.18
5/19/2025,0:00:00,5/19/2025 0:00,2411,,2.18
5/19/2025,1:00:00,5/19/2025 1:00,2371,,2.18
5/19/2025,2:00:00,5/19/2025 2:00,2216,,2.18
5/19/2025,3:00:00,5/19/2025 3:00,2066,,2.18
5/19/2025,4:00:00,5/19/2025 4:00,1965,,2.18
5/19/2025,5:00:00,5/19/2025 5:00,1920,,2.18
5/19/2025,6:00:00,5/19/2025 6:00,1913,,2.18
5/19/2025,7:00:00,5/19/2025 7:00,1949,,2.18
5/19/2025,8:00:00,5/19/2025 8:00,2333,,2.18
5/19/2025,9:00:00,5/19/2025 9:00,2979,,5.02
5/19/2025,10:00:00,5/19/2025 10:00,3552,,5.02
5/19/2025,11:00:00,5/19/2025 11:00,4027,,5.02
5/19/2025,12:00:00,5/19/2025 12:00,4252,,5.02
5/19/2025,13:00:00,5/19/2025 13:00,4520,,5.02
5/19/2025,14:00:00,5/19/2025 14:00,4446,,5.02
5/19/2025,15:00:00,5/19/2025 15:00,4409,,5.02
5/19/2025,16:00:00,5/19/2025 16:00,4478,,8.05
5/19/2025,17:00:00,5/19/2025 17:00,4299,,8.05
5/19/2025,18:00:00,5/19/2025 18:00,4039,,8.05
5/19/2025,19:00:00,5/19/2025 19:00,3951,,8.05
5/19/2025,20:00:00,5/19/2025 20:00,3640,,8.05
5/19/2025,21:00:00,5/19/2025 21:00,3470,,8.05
5/19/2025,22:00:00,5/19/2025 22:00,3212,,5.02
5/19/2025,23:00:00,5/19/2025 23:00,2978,,5.02
5/20/2025,0:00:00,5/20/2025 0:00,2778,,2.18
5/20/2025,1:00:00,5/20/2025 1:00,2593,,2.18
5/20/2025,2:00:00,5/20/2025 2:00,2441,,2.18
5/20/2025,3:00:00,5/20/2025 3:00,2232,,2.18
5/20/2025,4:00:00,5/20/2025 4:00,2158,,2.18
5/20/2025,5:00:00,5/20/2025 5:00,2103,,2.18
5/20/2025,6:00:00,5/20/2025 6:00,2086,,2.18
5/20/2025,7:00:00,5/20/2025 7:00,2102,,2.18
5/20/2025,8:00:00,5/20/2025 8:00,2440,,2.18
5/20/2025,9:00:00,5/20/2025 9:00,3281,,5.02
5/20/2025,10:00:00,5/20/2025 10:00,3779,,5.02
5/20/2025,11:00:00,5/20/2025 11:00,4168,,5.02
5/20/2025,12:00:00,5/20/2025 12:00,4443,,5.02
5/20/2025,13:00:00,5/20/2025 13:00,4696,,5.02
5/20/2025,14:00:00,5/20/2025 14:00,4650,,5.02
5/20/2025,15:00:00,5/20/2025 15:00,4732,,5.02
5/20/2025,16:00:00,5/20/2025 16:00,4572,,8.05
5/20/2025,17:00:00,5/20/2025 17:00,4425,,8.05
5/20/2025,18:00:00,5/20/2025 18:00,4190,,8.05
5/20/2025,19:00:00,5/20/2025 19:00,3991,,8.05
5/20/2025,20:00:00,5/20/2025 20:00,3729,,8.05
5/20/2025,21:00:00,5/20/2025 21:00,3585,,8.05
5/20/2025,22:00:00,5/20/2025 22:00,3233,,5.02
5/20/2025,23:00:00,5/20/2025 23:00,2931,,5.02
5/21/2025,0:00:00,5/21/2025 0:00,2805,,2.18
5/21/2025,1:00:00,5/21/2025 1:00,2615,,2.18
5/21/2025,2:00:00,5/21/2025 2:00,2441,,2.18
5/21/2025,3:00:00,5/21/2025 3:00,2286,,2.18
5/21/2025,4:00:00,5/21/2025 4:00,2140,,2.18
5/21/2025,5:00:00,5/21/2025 5:00,2095,,2.18
5/21/2025,6:00:00,5/21/2025 6:00,2073,,2.18
5/21/2025,7:00:00,5/21/2025 7:00,2097,,2.18
5/21/2025,8:00:00,5/21/2025 8:00,2358,,2.18
5/21/2025,9:00:00,5/21/2025 9:00,3093,,5.02
5/21/2025,10:00:00,5/21/2025 10:00,3785,,5.02
5/21/2025,11:00:00,5/21/2025 11:00,4143,,5.02
5/21/2025,12:00:00,5/21/2025 12:00,4419,,5.02
5/21/2025,13:00:00,5/21/2025 13:00,4574,,5.02
5/21/2025,14:00:00,5/21/2025 14:00,4625,,5.02
5/21/2025,15:00:00,5/21/2025 15:00,4685,,5.02
5/21/2025,16:00:00,5/21/2025 16:00,4696,,8.05
5/21/2025,17:00:00,5/21/2025 17:00,4572,,8.05
5/21/2025,18:00:00,5/21/2025 18:00,4314,,8.05
5/21/2025,19:00:00,5/21/2025 19:00,4149,,8.05
5/21/2025,20:00:00,5/21/2025 20:00,3860,,8.05
5/21/2025,21:00:00,5/21/2025 21:00,3597,,8.05
5/21/2025,22:00:00,5/21/2025 22:00,3361,,5.02
5/21/2025,23:00:00,5/21/2025 23:00,3029,,5.02
5/22/2025,0:00:00,5/22/2025 0:00,2865,,2.18
5/22/2025,1:00:00,5/22/2025 1:00,2706,,2.18
5/22/2025,2:00:00,5/22/2025 2:00,2478,,2.18
5/22/2025,3:00:00,5/22/2025 3:00,2310,,2.18
5/22/2025,4:00:00,5/22/2025 4:00,2208,,2.18
5/22/2025,5:00:00,5/22/2025 5:00,2112,,2.18
5/22/2025,6:00:00,5/22/2025 6:00,2094,,2.18
5/22/2025,7:00:00,5/22/2025 7:00,2153,,2.18
5/22/2025,8:00:00,5/22/2025 8:00,2582,,2.18
5/22/2025,9:00:00,5/22/2025 9:00,3332,,5.02
5/22/2025,10:00:00,5/22/2025 10:00,3998,,5.02
5/22/2025,11:00:00,5/22/2025 11:00,4343,,5.02
5/22/2025,12:00:00,5/22/2025 12:00,4583,,5.02
5/22/2025,13:00:00,5/22/2025 13:00,4753,,5.02
5/22/2025,14:00:00,5/22/2025 14:00,4875,,5.02
5/22/2025,15:00:00,5/22/2025 15:00,4831,,5.02
5/22/2025,16:00:00,5/22/2025 16:00,4779,,8.05
5/22/2025,17:00:00,5/22/2025 17:00,4718,,8.05
5/22/2025,18:00:00,5/22/2025 18:00,4394,,8.05
5/22/2025,19:00:00,5/22/2025 19:00,4186,,8.05
5/22/2025,20:00:00,5/22/2025 20:00,3741,,8.05
5/22/2025,21:00:00,5/22/2025 21:00,3451,,8.05
5/22/2025,22:00:00,5/22/2025 22:00,3130,,5.02
5/22/2025,23:00:00,5/22/2025 23:00,2851,,5.02
5/23/2025,0:00:00,5/23/2025 0:00,2736,,2.18
5/23/2025,1:00:00,5/23/2025 1:00,2573,,2.18
5/23/2025,2:00:00,5/23/2025 2:00,2415,,2.18
5/23/2025,3:00:00,5/23/2025 3:00,2250,,2.18
5/23/2025,4:00:00,5/23/2025 4:00,2148,,2.18
5/23/2025,5:00:00,5/23/2025 5:00,2108,,2.18
5/23/2025,6:00:00,5/23/2025 6:00,2095,,2.18
5/23/2025,7:00:00,5/23/2025 7:00,2096,,2.18
5/23/2025,8:00:00,5/23/2025 8:00,2393,,2.18
5/23/2025,9:00:00,5/23/2025 9:00,3252,,5.02
5/23/2025,10:00:00,5/23/2025 10:00,3839,,5.02
5/23/2025,11:00:00,5/23/2025 11:00,4273,,5.02
5/23/2025,12:00:00,5/23/2025 12:00,4577,,5.02
5/23/2025,13:00:00,5/23/2025 13:00,4776,,5.02
5/23/2025,14:00:00,5/23/2025 14:00,4770,,5.02
5/23/2025,15:00:00,5/23/2025 15:00,4861,,5.02
5/23/2025,16:00:00,5/23/2025 16:00,4828,,8.05
5/23/2025,17:00:00,5/23/2025 17:00,4659,,8.05
5/23/2025,18:00:00,5/23/2025 18:00,4419,,8.05
5/23/2025,19:00:00,5/23/2025 19:00,4087,,8.05
5/23/2025,20:00:00,5/23/2025 20:00,3581,,8.05
5/23/2025,21:00:00,5/23/2025 21:00,3374,,8.05
5/23/2025,22:00:00,5/23/2025 22:00,3145,,5.02
5/23/2025,23:00:00,5/23/2025 23:00,2937,,5.02
5/24/2025,0:00:00,5/24/2025 0:00,2853,,2.18
5/24/2025,1:00:00,5/24/2025 1:00,2657,,2.18
5/24/2025,2:00:00,5/24/2025 2:00,2473,,2.18
5/24/2025,3:00:00,5/24/2025 3:00,2340,,2.18
5/24/2025,4:00:00,5/24/2025 4:00,2235,,2.18
5/24/2025,5:00:00,5/24/2025 5:00,2184,,2.18
5/24/2025,6:00:00,5/24/2025 6:00,2160,,2.18
5/24/2025,7:00:00,5/24/2025 7:00,2133,,2.18
5/24/2025,8:00:00,5/24/2025 8:00,2233,,2.18
5/24/2025,9:00:00,5/24/2025 9:00,2856,,2.27
5/24/2025,10:00:00,5/24/2025 10:00,2896,,2.27
5/24/2025,11:00:00,5/24/2025 11:00,2980,,2.27
5/24/2025,12:00:00,5/24/2025 12:00,3026,,2.27
5/24/2025,13:00:00,5/24/2025 13:00,3131,,2.27
5/24/2025,14:00:00,5/24/2025 14:00,3184,,2.27
5/24/2025,15:00:00,5/24/2025 15:00,3013,,2.27
5/24/2025,16:00:00,5/24/2025 16:00,3040,,2.27
5/24/2025,17:00:00,5/24/2025 17:00,3008,,2.27
5/24/2025,18:00:00,5/24/2025 18:00,2811,,2.27
5/24/2025,19:00:00,5/24/2025 19:00,2690,,2.27
5/24/2025,20:00:00,5/24/2025 20:00,2566,,2.27
5/24/2025,21:00:00,5/24/2025 21:00,2444,,2.27
5/24/2025,22:00:00,5/24/2025 22:00,2324,,2.27
5/24/2025,23:00:00,5/24/2025 23:00,2249,,2.27
5/25/2025,0:00:00,5/25/2025 0:00,2202,,2.18
5/25/2025,1:00:00,5/25/2025 1:00,2170,,2.18
5/25/2025,2:00:00,5/25/2025 2:00,2026,,2.18
5/25/2025,3:00:00,5/25/2025 3:00,1924,,2.18
5/25/2025,4:00:00,5/25/2025 4:00,1842,,2.18
5/25/2025,5:00:00,5/25/2025 5:00,1764,,2.18
5/25/2025,6:00:00,5/25/2025 6:00,1706,,2.18
5/25/2025,7:00:00,5/25/2025 7:00,1721,,2.18
5/25/2025,8:00:00,5/25/2025 8:00,1861,,2.18
5/25/2025,9:00:00,5/25/2025 9:00,1989,,2.18
5/25/2025,10:00:00,5/25/2025 10:00,2130,,2.18
5/25/2025,11:00:00,5/25/2025 11:00,2181,,2.18
5/25/2025,12:00:00,5/25/2025 12:00,2222,,2.18
5/25/2025,13:00:00,5/25/2025 13:00,2276,,2.18
5/25/2025,14:00:00,5/25/2025 14:00,2334,,2.18
5/25/2025,15:00:00,5/25/2025 15:00,2414,,2.18
5/25/2025,16:00:00,5/25/2025 16:00,2416,,2.18
5/25/2025,17:00:00,5/25/2025 17:00,2389,,2.18
5/25/2025,18:00:00,5/25/2025 18:00,2329,,2.18
5/25/2025,19:00:00,5/25/2025 19:00,2267,,2.18
5/25/2025,20:00:00,5/25/2025 20:00,2287,,2.18
5/25/2025,21:00:00,5/25/2025 21:00,2242,,2.18
5/25/2025,22:00:00,5/25/2025 22:00,2174,,2.18
5/25/2025,23:00:00,5/25/2025 23:00,2128,,2.18
5/26/2025,0:00:00,5/26/2025 0:00,2085,,2.18
5/26/2025,1:00:00,5/26/2025 1:00,2050,,2.18
5/26/2025,2:00:00,5/26/2025 2:00,1928,,2.18
5/26/2025,3:00:00,5/26/2025 3:00,1780,,2.18
5/26/2025,4:00:00,5/26/2025 4:00,1697,,2.18
5/26/2025,5:00:00,5/26/2025 5:00,1673,,2.18
5/26/2025,6:00:00,5/26/2025 6:00,1681,,2.18
5/26/2025,7:00:00,5/26/2025 7:00,1677,,2.18
5/26/2025,8:00:00,5/26/2025 8:00,1935,,2.18
5/26/2025,9:00:00,5/26/2025 9:00,2285,,5.02
5/26/2025,10:00:00,5/26/2025 10:00,2512,,5.02
5/26/2025,11:00:00,5/26/2025 11:00,2696,,5.02
5/26/2025,12:00:00,5/26/2025 12:00,2811,,5.02
5/26/2025,13:00:00,5/26/2025 13:00,2876,,5.02
5/26/2025,14:00:00,5/26/2025 14:00,2920,,5.02
5/26/2025,15:00:00,5/26/2025 15:00,3058,,5.02
5/26/2025,16:00:00,5/26/2025 16:00,3060,,8.05
5/26/2025,17:00:00,5/26/2025 17:00,3032,,8.05
5/26/2025,18:00:00,5/26/2025 18:00,2900,,8.05
5/26/2025,19:00:00,5/26/2025 19:00,2876,,8.05
5/26/2025,20:00:00,5/26/2025 20:00,2717,,8.05
5/26/2025,21:00:00,5/26/2025 21:00,2588,,8.05
5/26/2025,22:00:00,5/26/2025 22:00,2453,,5.02
5/26/2025,23:00:00,5/26/2025 23:00,2279,,5.02
5/27/2025,0:00:00,5/27/2025 0:00,2134,,2.18
5/27/2025,1:00:00,5/27/2025 1:00,2048,,2.18
5/27/2025,2:00:00,5/27/2025 2:00,1921,,2.18
5/27/2025,3:00:00,5/27/2025 3:00,1786,,2.18
5/27/2025,4:00:00,5/27/2025 4:00,1722,,2.18
5/27/2025,5:00:00,5/27/2025 5:00,1712,,2.18
5/27/2025,6:00:00,5/27/2025 6:00,1707,,2.18
5/27/2025,7:00:00,5/27/2025 7:00,1712,,2.18
5/27/2025,8:00:00,5/27/2025 8:00,1926,,2.18
5/27/2025,9:00:00,5/27/2025 9:00,2453,,5.02
5/27/2025,10:00:00,5/27/2025 10:00,2904,,5.02
5/27/2025,11:00:00,5/27/2025 11:00,3145,,5.02
5/27/2025,12:00:00,5/27/2025 12:00,3317,,5.02
5/27/2025,13:00:00,5/27/2025 13:00,3512,,5.02
5/27/2025,14:00:00,5/27/2025 14:00,3609,,5.02
5/27/2025,15:00:00,5/27/2025 15:00,3704,,5.02
5/27/2025,16:00:00,5/27/2025 16:00,3620,,8.05
5/27/2025,17:00:00,5/27/2025 17:00,3453,,8.05
5/27/2025,18:00:00,5/27/2025 18:00,3328,,8.05
5/27/2025,19:00:00,5/27/2025 19:00,3200,,8.05
5/27/2025,20:00:00,5/27/2025 20:00,2994,,8.05
5/27/2025,21:00:00,5/27/2025 21:00,2841,,8.05
5/27/2025,22:00:00,5/27/2025 22:00,2633,,5.02
5/27/2025,23:00:00,5/27/2025 23:00,2462,,5.02
5/28/2025,0:00:00,5/28/2025 0:00,2387,,2.18
5/28/2025,1:00:00,5/28/2025 1:00,2268,,2.18
5/28/2025,2:00:00,5/28/2025 2:00,2111,,2.18
5/28/2025,3:00:00,5/28/2025 3:00,1978,,2.18
5/28/2025,4:00:00,5/28/2025 4:00,1878,,2.18
5/28/2025,5:00:00,5/28/2025 5:00,1856,,2.18
5/28/2025,6:00:00,5/28/2025 6:00,1838,,2.18
5/28/2025,7:00:00,5/28/2025 7:00,1877,,2.18
5/28/2025,8:00:00,5/28/2025 8:00,2158,,2.18
5/28/2025,9:00:00,5/28/2025 9:00,2736,,5.02
5/28/2025,10:00:00,5/28/2025 10:00,3152,,5.02
5/28/2025,11:00:00,5/28/2025 11:00,3418,,5.02
5/28/2025,12:00:00,5/28/2025 12:00,3599,,5.02
5/28/2025,13:00:00,5/28/2025 13:00,3700,,5.02
5/28/2025,14:00:00,5/28/2025 14:00,3657,,5.02
5/28/2025,15:00:00,5/28/2025 15:00,3756,,5.02
5/28/2025,16:00:00,5/28/2025 16:00,3691,,8.05
5/28/2025,17:00:00,5/28/2025 17:00,3619,,8.05
5/28/2025,18:00:00,5/28/2025 18:00,3466,,8.05
5/28/2025,19:00:00,5/28/2025 19:00,3340,,8.05
5/28/2025,20:00:00,5/28/2025 20:00,3132,,8.05
5/28/2025,21:00:00,5/28/2025 21:00,2933,,8.05
5/28/2025,22:00:00,5/28/2025 22:00,2733,,5.02
5/28/2025,23:00:00,5/28/2025 23:00,2516,,5.02
5/29/2025,0:00:00,5/29/2025 0:00,2360,,2.18
5/29/2025,1:00:00,5/29/2025 1:00,2285,,2.18
5/29/2025,2:00:00,5/29/2025 2:00,2144,,2.18
5/29/2025,3:00:00,5/29/2025 3:00,2018,,2.18
5/29/2025,4:00:00,5/29/2025 4:00,1915,,2.18
5/29/2025,5:00:00,5/29/2025 5:00,1862,,2.18
5/29/2025,6:00:00,5/29/2025 6:00,1834,,2.18
5/29/2025,7:00:00,5/29/2025 7:00,1827,,2.18
5/29/2025,8:00:00,5/29/2025 8:00,2132,,2.18
5/29/2025,9:00:00,5/29/2025 9:00,2614,,5.02
5/29/2025,10:00:00,5/29/2025 10:00,3010,,5.02
5/29/2025,11:00:00,5/29/2025 11:00,3154,,5.02
5/29/2025,12:00:00,5/29/2025 12:00,3215,,5.02
5/29/2025,13:00:00,5/29/2025 13:00,3291,,5.02
5/29/2025,14:00:00,5/29/2025 14:00,3258,,5.02
5/29/2025,15:00:00,5/29/2025 15:00,3224,,5.02
5/29/2025,16:00:00,5/29/2025 16:00,3177,,8.05
5/29/2025,17:00:00,5/29/2025 17:00,3073,,8.05
5/29/2025,18:00:00,5/29/2025 18:00,2911,,8.05
5/29/2025,19:00:00,5/29/2025 19:00,2930,,8.05
5/29/2025,20:00:00,5/29/2025 20:00,2773,,8.05
5/29/2025,21:00:00,5/29/2025 21:00,2644,,8.05
5/29/2025,22:00:00,5/29/2025 22:00,2424,,5.02
5/29/2025,23:00:00,5/29/2025 23:00,2248,,5.02
5/30/2025,0:00:00,5/30/2025 0:00,2098,,2.18
5/30/2025,1:00:00,5/30/2025 1:00,2018,,2.18
5/30/2025,2:00:00,5/30/2025 2:00,1912,,2.18
5/30/2025,3:00:00,5/30/2025 3:00,1817,,2.18
5/30/2025,4:00:00,5/30/2025 4:00,1745,,2.18
5/30/2025,5:00:00,5/30/2025 5:00,1709,,2.18
5/30/2025,6:00:00,5/30/2025 6:00,1691,,2.18
5/30/2025,7:00:00,5/30/2025 7:00,1647,,2.18
5/30/2025,8:00:00,5/30/2025 8:00,1706,,2.18
5/30/2025,9:00:00,5/30/2025 9:00,1841,,5.02
5/30/2025,10:00:00,5/30/2025 10:00,1910,,5.02
5/30/2025,11:00:00,5/30/2025 11:00,2039,,5.02
5/30/2025,12:00:00,5/30/2025 12:00,2112,,5.02
5/30/2025,13:00:00,5/30/2025 13:00,2196,,5.02
5/30/2025,14:00:00,5/30/2025 14:00,2316,,5.02
5/30/2025,15:00:00,5/30/2025 15:00,2374,,5.02
5/30/2025,16:00:00,5/30/2025 16:00,2375,,8.05
5/30/2025,17:00:00,5/30/2025 17:00,2409,,8.05
5/30/2025,18:00:00,5/30/2025 18:00,2383,,8.05
5/30/2025,19:00:00,5/30/2025 19:00,2272,,8.05
5/30/2025,20:00:00,5/30/2025 20:00,2168,,8.05
5/30/2025,21:00:00,5/30/2025 21:00,2153,,8.05
5/30/2025,22:00:00,5/30/2025 22:00,2118,,5.02
5/30/2025,23:00:00,5/30/2025 23:00,2076,,5.02
5/31/2025,0:00:00,5/31/2025 0:00,2037,,2.18
5/31/2025,1:00:00,5/31/2025 1:00,2017,,2.18
5/31/2025,2:00:00,5/31/2025 2:00,1914,,2.18
5/31/2025,3:00:00,5/31/2025 3:00,1840,,2.18
5/31/2025,4:00:00,5/31/2025 4:00,1795,,2.18
5/31/2025,5:00:00,5/31/2025 5:00,1725,,2.18
5/31/2025,6:00:00,5/31/2025 6:00,1673,,2.18
5/31/2025,7:00:00,5/31/2025 7:00,1695,,2.18
5/31/2025,8:00:00,5/31/2025 8:00,1791,,2.18
5/31/2025,9:00:00,5/31/2025 9:00,1937,,2.27
5/31/2025,10:00:00,5/31/2025 10:00,1970,,2.27
5/31/2025,11:00:00,5/31/2025 11:00,2033,,2.27
5/31/2025,12:00:00,5/31/2025 12:00,2174,,2.27
5/31/2025,13:00:00,5/31/2025 13:00,2355,,2.27
5/31/2025,14:00:00,5/31/2025 14:00,2420,,2.27
5/31/2025,15:00:00,5/31/2025 15:00,2455,,2.27
5/31/2025,16:00:00,5/31/2025 16:00,2522,,2.27
5/31/2025,17:00:00,5/31/2025 17:00,2520,,2.27
5/31/2025,18:00:00,5/31/2025 18:00,2513,,2.27
5/31/2025,19:00:00,5/31/2025 19:00,2460,,2.27
5/31/2025,20:00:00,5/31/2025 20:00,2429,,2.27
5/31/2025,21:00:00,5/31/2025 21:00,2359,,2.27
5/31/2025,22:00:00,5/31/2025 22:00,2321,,2.27
5/31/2025,23:00:00,5/31/2025 23:00,2278,,2.27
6/1/2025,0:00:00,6/1/2025 0:00,2256,,2.18
6/1/2025,1:00:00,6/1/2025 1:00,2176,,2.18
6/1/2025,2:00:00,6/1/2025 2:00,2098,,2.18
6/1/2025,3:00:00,6/1/2025 3:00,2009,,2.18
6/1/2025,4:00:00,6/1/2025 4:00,1937,,2.18
6/1/2025,5:00:00,6/1/2025 5:00,1848,,2.18
6/1/2025,6:00:00,6/1/2025 6:00,1806,,2.18
6/1/2025,7:00:00,6/1/2025 7:00,1826,,2.18
6/1/2025,8:00:00,6/1/2025 8:00,1854,,2.18
6/1/2025,9:00:00,6/1/2025 9:00,2141,,2.18
6/1/2025,10:00:00,6/1/2025 10:00,2201,,2.18
6/1/2025,11:00:00,6/1/2025 11:00,2344,,2.18
6/1/2025,12:00:00,6/1/2025 12:00,2503,,2.18
6/1/2025,13:00:00,6/1/2025 13:00,2720,,2.18
6/1/2025,14:00:00,6/1/2025 14:00,2767,,2.18
6/1/2025,15:00:00,6/1/2025 15:00,2825,,2.18
6/1/2025,16:00:00,6/1/2025 16:00,2844,,2.18
6/1/2025,17:00:00,6/1/2025 17:00,2843,,2.18
6/1/2025,18:00:00,6/1/2025 18:00,2770,,2.18
6/1/2025,19:00:00,6/1/2025 19:00,2761,,2.18
6/1/2025,20:00:00,6/1/2025 20:00,2670,,2.18
6/1/2025,21:00:00,6/1/2025 21:00,2693,,2.18
6/1/2025,22:00:00,6/1/2025 22:00,2610,,2.18
6/1/2025,23:00:00,6/1/2025 23:00,2536,,2.18
6/2/2025,0:00:00,6/2/2025 0:00,2464,,2.18
6/2/2025,1:00:00,6/2/2025 1:00,2409,,2.18
6/2/2025,2:00:00,6/2/2025 2:00,2259,,2.18
6/2/2025,3:00:00,6/2/2025 3:00,2140,,2.18
6/2/2025,4:00:00,6/2/2025 4:00,2074,,2.18
6/2/2025,5:00:00,6/2/2025 5:00,2020,,2.18
6/2/2025,6:00:00,6/2/2025 6:00,2028,,2.18
6/2/2025,7:00:00,6/2/2025 7:00,2039,,2.18
6/2/2025,8:00:00,6/2/2025 8:00,2440,,2.18
6/2/2025,9:00:00,6/2/2025 9:00,3184,,5.02
6/2/2025,10:00:00,6/2/2025 10:00,3711,,5.02
6/2/2025,11:00:00,6/2/2025 11:00,4092,,5.02
6/2/2025,12:00:00,6/2/2025 12:00,4525,,5.02
6/2/2025,13:00:00,6/2/2025 13:00,4803,,5.02
6/2/2025,14:00:00,6/2/2025 14:00,4868,,5.02
6/2/2025,15:00:00,6/2/2025 15:00,4873,,5.02
6/2/2025,16:00:00,6/2/2025 16:00,4932,,8.05
6/2/2025,17:00:00,6/2/2025 17:00,4827,,8.05
6/2/2025,18:00:00,6/2/2025 18:00,4704,,8.05
6/2/2025,19:00:00,6/2/2025 19:00,4418,,8.05
6/2/2025,20:00:00,6/2/2025 20:00,4097,,8.05
6/2/2025,21:00:00,6/2/2025 21:00,3848,,8.05
6/2/2025,22:00:00,6/2/2025 22:00,3509,,5.02
6/2/2025,23:00:00,6/2/2025 23:00,3168,,5.02
6/3/2025,0:00:00,6/3/2025 0:00,2978,,2.18
6/3/2025,1:00:00,6/3/2025 1:00,2829,,2.18
6/3/2025,2:00:00,6/3/2025 2:00,2642,,2.18
6/3/2025,3:00:00,6/3/2025 3:00,2494,,2.18
6/3/2025,4:00:00,6/3/2025 4:00,2342,,2.18
6/3/2025,5:00:00,6/3/2025 5:00,2272,,2.18
6/3/2025,6:00:00,6/3/2025 6:00,2273,,2.18
6/3/2025,7:00:00,6/3/2025 7:00,2294,,2.18
6/3/2025,8:00:00,6/3/2025 8:00,2751,,2.18
6/3/2025,9:00:00,6/3/2025 9:00,3505,,5.02
6/3/2025,10:00:00,6/3/2025 10:00,4055,,5.02
6/3/2025,11:00:00,6/3/2025 11:00,4269,,5.02
6/3/2025,12:00:00,6/3/2025 12:00,4248,,5.02
6/3/2025,13:00:00,6/3/2025 13:00,4251,,5.02
6/3/2025,14:00:00,6/3/2025 14:00,4073,,5.02
6/3/2025,15:00:00,6/3/2025 15:00,3934,,5.02
6/3/2025,16:00:00,6/3/2025 16:00,3805,,8.05
6/3/2025,17:00:00,6/3/2025 17:00,3684,,8.05
6/3/2025,18:00:00,6/3/2025 18:00,3585,,8.05
6/3/2025,19:00:00,6/3/2025 19:00,3434,,8.05
6/3/2025,20:00:00,6/3/2025 20:00,3136,,8.05
6/3/2025,21:00:00,6/3/2025 21:00,2988,,8.05
6/3/2025,22:00:00,6/3/2025 22:00,2754,,5.02
6/3/2025,23:00:00,6/3/2025 23:00,2608,,5.02
6/4/2025,0:00:00,6/4/2025 0:00,2475,,2.18
6/4/2025,1:00:00,6/4/2025 1:00,2354,,2.18
6/4/2025,2:00:00,6/4/2025 2:00,2231,,2.18
6/4/2025,3:00:00,6/4/2025 3:00,2090,,2.18
6/4/2025,4:00:00,6/4/2025 4:00,2015,,2.18
6/4/2025,5:00:00,6/4/2025 5:00,1943,,2.18
6/4/2025,6:00:00,6/4/2025 6:00,1927,,2.18
6/4/2025,7:00:00,6/4/2025 7:00,1929,,2.18
6/4/2025,8:00:00,6/4/2025 8:00,2257,,2.18
6/4/2025,9:00:00,6/4/2025 9:00,2775,,5.02
6/4/2025,10:00:00,6/4/2025 10:00,3270,,5.02
6/4/2025,11:00:00,6/4/2025 11:00,3409,,5.02
6/4/2025,12:00:00,6/4/2025 12:00,3547,,5.02
6/4/2025,13:00:00,6/4/2025 13:00,3664,,5.02
6/4/2025,14:00:00,6/4/2025 14:00,3661,,5.02
6/4/2025,15:00:00,6/4/2025 15:00,3784,,5.02
6/4/2025,16:00:00,6/4/2025 16:00,3767,,8.05
6/4/2025,17:00:00,6/4/2025 17:00,3664,,8.05
6/4/2025,18:00:00,6/4/2025 18:00,3558,,8.05
6/4/2025,19:00:00,6/4/2025 19:00,3370,,8.05
6/4/2025,20:00:00,6/4/2025 20:00,3131,,8.05
6/4/2025,21:00:00,6/4/2025 21:00,3005,,8.05
6/4/2025,22:00:00,6/4/2025 22:00,2837,,5.02
6/4/2025,23:00:00,6/4/2025 23:00,2542,,5.02
6/5/2025,0:00:00,6/5/2025 0:00,2401,,2.18
6/5/2025,1:00:00,6/5/2025 1:00,2363,,2.18
6/5/2025,2:00:00,6/5/2025 2:00,2184,,2.18
6/5/2025,3:00:00,6/5/2025 3:00,2070,,2.18
6/5/2025,4:00:00,6/5/2025 4:00,1977,,2.18
6/5/2025,5:00:00,6/5/2025 5:00,1961,,2.18
6/5/2025,6:00:00,6/5/2025 6:00,1932,,2.18
6/5/2025,7:00:00,6/5/2025 7:00,1956,,2.18
6/5/2025,8:00:00,6/5/2025 8:00,2322,,2.18
6/5/2025,9:00:00,6/5/2025 9:00,2740,,5.02
6/5/2025,10:00:00,6/5/2025 10:00,3137,,5.02
6/5/2025,11:00:00,6/5/2025 11:00,3378,,5.02
6/5/2025,12:00:00,6/5/2025 12:00,3581,,5.02
6/5/2025,13:00:00,6/5/2025 13:00,3686,,5.02
6/5/2025,14:00:00,6/5/2025 14:00,3632,,5.02
6/5/2025,15:00:00,6/5/2025 15:00,3681,,5.02
6/5/2025,16:00:00,6/5/2025 16:00,3666,,8.05
6/5/2025,17:00:00,6/5/2025 17:00,3566,,8.05
6/5/2025,18:00:00,6/5/2025 18:00,3446,,8.05
6/5/2025,19:00:00,6/5/2025 19:00,3307,,8.05
6/5/2025,20:00:00,6/5/2025 20:00,3113,,8.05
6/5/2025,21:00:00,6/5/2025 21:00,2984,,8.05
6/5/2025,22:00:00,6/5/2025 22:00,2776,,5.02
6/5/2025,23:00:00,6/5/2025 23:00,2557,,5.02
6/6/2025,0:00:00,6/6/2025 0:00,2434,,2.18
6/6/2025,1:00:00,6/6/2025 1:00,2364,,2.18
6/6/2025,2:00:00,6/6/2025 2:00,2220,,2.18
6/6/2025,3:00:00,6/6/2025 3:00,2102,,2.18
6/6/2025,4:00:00,6/6/2025 4:00,2023,,2.18
6/6/2025,5:00:00,6/6/2025 5:00,1968,,2.18
6/6/2025,6:00:00,6/6/2025 6:00,1946,,2.18
6/6/2025,7:00:00,6/6/2025 7:00,1975,,2.18
6/6/2025,8:00:00,6/6/2025 8:00,2388,,2.18
6/6/2025,9:00:00,6/6/2025 9:00,2907,,5.02
6/6/2025,10:00:00,6/6/2025 10:00,3316,,5.02
6/6/2025,11:00:00,6/6/2025 11:00,3685,,5.02
6/6/2025,12:00:00,6/6/2025 12:00,4075,,5.02
6/6/2025,13:00:00,6/6/2025 13:00,4247,,5.02
6/6/2025,14:00:00,6/6/2025 14:00,4182,,5.02
6/6/2025,15:00:00,6/6/2025 15:00,4075,,5.02
6/6/2025,16:00:00,6/6/2025 16:00,3948,,8.05
6/6/2025,17:00:00,6/6/2025 17:00,3890,,8.05
6/6/2025,18:00:00,6/6/2025 18:00,3632,,8.05
6/6/2025,19:00:00,6/6/2025 19:00,3404,,8.05
6/6/2025,20:00:00,6/6/2025 20:00,3192,,8.05
6/6/2025,21:00:00,6/6/2025 21:00,3103,,8.05
6/6/2025,22:00:00,6/6/2025 22:00,2882,,5.02
6/6/2025,23:00:00,6/6/2025 23:00,2645,,5.02
6/7/2025,0:00:00,6/7/2025 0:00,2553,,2.18
6/7/2025,1:00:00,6/7/2025 1:00,2481,,2.18
6/7/2025,2:00:00,6/7/2025 2:00,2336,,2.18
6/7/2025,3:00:00,6/7/2025 3:00,2222,,2.18
6/7/2025,4:00:00,6/7/2025 4:00,2140,,2.18
6/7/2025,5:00:00,6/7/2025 5:00,2038,,2.18
6/7/2025,6:00:00,6/7/2025 6:00,2007,,2.18
6/7/2025,7:00:00,6/7/2025 7:00,2047,,2.18
6/7/2025,8:00:00,6/7/2025 8:00,2296,,2.18
6/7/2025,9:00:00,6/7/2025 9:00,2580,,2.27
6/7/2025,10:00:00,6/7/2025 10:00,2853,,2.27
6/7/2025,11:00:00,6/7/2025 11:00,2964,,2.27
6/7/2025,12:00:00,6/7/2025 12:00,3143,,2.27
6/7/2025,13:00:00,6/7/2025 13:00,3317,,2.27
6/7/2025,14:00:00,6/7/2025 14:00,3379,,2.27
6/7/2025,15:00:00,6/7/2025 15:00,3295,,2.27
6/7/2025,16:00:00,6/7/2025 16:00,3291,,2.27
6/7/2025,17:00:00,6/7/2025 17:00,3164,,2.27
6/7/2025,18:00:00,6/7/2025 18:00,2914,,2.27
6/7/2025,19:00:00,6/7/2025 19:00,2808,,2.27
6/7/2025,20:00:00,6/7/2025 20:00,2669,,2.27
6/7/2025,21:00:00,6/7/2025 21:00,2645,,2.27
6/7/2025,22:00:00,6/7/2025 22:00,2584,,2.27
6/7/2025,23:00:00,6/7/2025 23:00,2528,,2.27
6/8/2025,0:00:00,6/8/2025 0:00,2465,,2.18
6/8/2025,1:00:00,6/8/2025 1:00,2407,,2.18
6/8/2025,2:00:00,6/8/2025 2:00,2260,,2.18
6/8/2025,3:00:00,6/8/2025 3:00,2170,,2.18
6/8/2025,4:00:00,6/8/2025 4:00,2113,,2.18
6/8/2025,5:00:00,6/8/2025 5:00,2038,,2.18
6/8/2025,6:00:00,6/8/2025 6:00,1980,,2.18
6/8/2025,7:00:00,6/8/2025 7:00,2023,,2.18
6/8/2025,8:00:00,6/8/2025 8:00,2255,,2.18
6/8/2025,9:00:00,6/8/2025 9:00,2446,,2.18
6/8/2025,10:00:00,6/8/2025 10:00,2601,,2.18
6/8/2025,11:00:00,6/8/2025 11:00,2654,,2.18
6/8/2025,12:00:00,6/8/2025 12:00,2830,,2.18
6/8/2025,13:00:00,6/8/2025 13:00,2935,,2.18
6/8/2025,14:00:00,6/8/2025 14:00,2901,,2.18
6/8/2025,15:00:00,6/8/2025 15:00,3027,,2.18
6/8/2025,16:00:00,6/8/2025 16:00,3037,,2.18
6/8/2025,17:00:00,6/8/2025 17:00,3032,,2.18
6/8/2025,18:00:00,6/8/2025 18:00,2929,,2.18
6/8/2025,19:00:00,6/8/2025 19:00,2840,,2.18
6/8/2025,20:00:00,6/8/2025 20:00,2791,,2.18
6/8/2025,21:00:00,6/8/2025 21:00,2731,,2.18
6/8/2025,22:00:00,6/8/2025 22:00,2630,,2.18
6/8/2025,23:00:00,6/8/2025 23:00,2589,,2.18
6/9/2025,0:00:00,6/9/2025 0:00,2514,,2.18
6/9/2025,1:00:00,6/9/2025 1:00,2490,,2.18
6/9/2025,2:00:00,6/9/2025 2:00,2342,,2.18
6/9/2025,3:00:00,6/9/2025 3:00,2243,,2.18
6/9/2025,4:00:00,6/9/2025 4:00,2156,,2.18
6/9/2025,5:00:00,6/9/2025 5:00,2083,,2.18
6/9/2025,6:00:00,6/9/2025 6:00,2079,,2.18
6/9/2025,7:00:00,6/9/2025 7:00,2115,,2.18
6/9/2025,8:00:00,6/9/2025 8:00,2462,,2.18
6/9/2025,9:00:00,6/9/2025 9:00,3103,,5.02
6/9/2025,10:00:00,6/9/2025 10:00,3574,,5.02
6/9/2025,11:00:00,6/9/2025 11:00,4036,,5.02
6/9/2025,12:00:00,6/9/2025 12:00,4295,,5.02
6/9/2025,13:00:00,6/9/2025 13:00,4399,,5.02
6/9/2025,14:00:00,6/9/2025 14:00,4277,,5.02
6/9/2025,15:00:00,6/9/2025 15:00,4221,,5.02
6/9/2025,16:00:00,6/9/2025 16:00,4027,,8.05
6/9/2025,17:00:00,6/9/2025 17:00,3904,,8.05
6/9/2025,18:00:00,6/9/2025 18:00,3696,,8.05
6/9/2025,19:00:00,6/9/2025 19:00,3469,,8.05
6/9/2025,20:00:00,6/9/2025 20:00,3203,,8.05
6/9/2025,21:00:00,6/9/2025 21:00,2977,,8.05
6/9/2025,22:00:00,6/9/2025 22:00,2844,,5.02
6/9/2025,23:00:00,6/9/2025 23:00,2746,,5.02
6/10/2025,0:00:00,6/10/2025 0:00,2612,,2.18
6/10/2025,1:00:00,6/10/2025 1:00,2470,,2.18
6/10/2025,2:00:00,6/10/2025 2:00,2342,,2.18
6/10/2025,3:00:00,6/10/2025 3:00,2236,,2.18
6/10/2025,4:00:00,6/10/2025 4:00,2130,,2.18
6/10/2025,5:00:00,6/10/2025 5:00,2100,,2.18
6/10/2025,6:00:00,6/10/2025 6:00,2065,,2.18
6/10/2025,7:00:00,6/10/2025 7:00,2099,,2.18
6/10/2025,8:00:00,6/10/2025 8:00,2474,,2.18
6/10/2025,9:00:00,6/10/2025 9:00,3067,,5.02
6/10/2025,10:00:00,6/10/2025 10:00,3632,,5.02
6/10/2025,11:00:00,6/10/2025 11:00,4087,,5.02
6/10/2025,12:00:00,6/10/2025 12:00,4388,,5.02
6/10/2025,13:00:00,6/10/2025 13:00,4502,,5.02
6/10/2025,14:00:00,6/10/2025 14:00,4506,,5.02
6/10/2025,15:00:00,6/10/2025 15:00,4580,,5.02
6/10/2025,16:00:00,6/10/2025 16:00,4527,,8.05
6/10/2025,17:00:00,6/10/2025 17:00,4550,,8.05
6/10/2025,18:00:00,6/10/2025 18:00,4198,,8.05
6/10/2025,19:00:00,6/10/2025 19:00,3865,,8.05
6/10/2025,20:00:00,6/10/2025 20:00,3528,,8.05
6/10/2025,21:00:00,6/10/2025 21:00,3238,,8.05
6/10/2025,22:00:00,6/10/2025 22:00,3064,,5.02
6/10/2025,23:00:00,6/10/2025 23:00,2911,,5.02
6/11/2025,0:00:00,6/11/2025 0:00,2782,,2.18
6/11/2025,1:00:00,6/11/2025 1:00,2649,,2.18
6/11/2025,2:00:00,6/11/2025 2:00,2499,,2.18
6/11/2025,3:00:00,6/11/2025 3:00,2370,,2.18
6/11/2025,4:00:00,6/11/2025 4:00,2279,,2.18
6/11/2025,5:00:00,6/11/2025 5:00,2204,,2.18
6/11/2025,6:00:00,6/11/2025 6:00,2177,,2.18
6/11/2025,7:00:00,6/11/2025 7:00,2217,,2.18
6/11/2025,8:00:00,6/11/2025 8:00,2574,,2.18
6/11/2025,9:00:00,6/11/2025 9:00,3198,,5.02
6/11/2025,10:00:00,6/11/2025 10:00,3874,,5.02
6/11/2025,11:00:00,6/11/2025 11:00,4232,,5.02
6/11/2025,12:00:00,6/11/2025 12:00,4585,,5.02
6/11/2025,13:00:00,6/11/2025 13:00,4622,,5.02
6/11/2025,14:00:00,6/11/2025 14:00,4662,,5.02
6/11/2025,15:00:00,6/11/2025 15:00,4765,,5.02
6/11/2025,16:00:00,6/11/2025 16:00,4783,,8.05
6/11/2025,17:00:00,6/11/2025 17:00,4599,,8.05
6/11/2025,18:00:00,6/11/2025 18:00,4293,,8.05
6/11/2025,19:00:00,6/11/2025 19:00,3948,,8.05
6/11/2025,20:00:00,6/11/2025 20:00,3615,,8.05
6/11/2025,21:00:00,6/11/2025 21:00,3313,,8.05
6/11/2025,22:00:00,6/11/2025 22:00,3202,,5.02
6/11/2025,23:00:00,6/11/2025 23:00,3014,,5.02
6/12/2025,0:00:00,6/12/2025 0:00,2915,,2.18
6/12/2025,1:00:00,6/12/2025 1:00,2863,,2.18
6/12/2025,2:00:00,6/12/2025 2:00,2669,,2.18
6/12/2025,3:00:00,6/12/2025 3:00,2541,,2.18
6/12/2025,4:00:00,6/12/2025 4:00,2431,,2.18
6/12/2025,5:00:00,6/12/2025 5:00,2379,,2.18
6/12/2025,6:00:00,6/12/2025 6:00,2336,,2.18
6/12/2025,7:00:00,6/12/2025 7:00,2347,,2.18
6/12/2025,8:00:00,6/12/2025 8:00,2671,,2.18
6/12/2025,9:00:00,6/12/2025 9:00,3050,,5.02
6/12/2025,10:00:00,6/12/2025 10:00,3408,,5.02
6/12/2025,11:00:00,6/12/2025 11:00,3731,,5.02
6/12/2025,12:00:00,6/12/2025 12:00,3994,,5.02
6/12/2025,13:00:00,6/12/2025 13:00,3983,,5.02
6/12/2025,14:00:00,6/12/2025 14:00,3829,,5.02
6/12/2025,15:00:00,6/12/2025 15:00,3870,,5.02
6/12/2025,16:00:00,6/12/2025 16:00,3793,,8.05
6/12/2025,17:00:00,6/12/2025 17:00,3813,,8.05
6/12/2025,18:00:00,6/12/2025 18:00,3585,,8.05
6/12/2025,19:00:00,6/12/2025 19:00,3395,,8.05
6/12/2025,20:00:00,6/12/2025 20:00,3134,,8.05
6/12/2025,21:00:00,6/12/2025 21:00,2805,,8.05
6/12/2025,22:00:00,6/12/2025 22:00,2667,,5.02
6/12/2025,23:00:00,6/12/2025 23:00,2568,,5.02
6/13/2025,0:00:00,6/13/2025 0:00,2496,,2.18
6/13/2025,1:00:00,6/13/2025 1:00,2386,,2.18
6/13/2025,2:00:00,6/13/2025 2:00,2291,,2.18
6/13/2025,3:00:00,6/13/2025 3:00,2156,,2.18
6/13/2025,4:00:00,6/13/2025 4:00,2089,,2.18
6/13/2025,5:00:00,6/13/2025 5:00,2027,,2.18
6/13/2025,6:00:00,6/13/2025 6:00,2012,,2.18
6/13/2025,7:00:00,6/13/2025 7:00,2058,,2.18
6/13/2025,8:00:00,6/13/2025 8:00,2376,,2.18
6/13/2025,9:00:00,6/13/2025 9:00,2944,,5.02
6/13/2025,10:00:00,6/13/2025 10:00,3451,,5.02
6/13/2025,11:00:00,6/13/2025 11:00,3708,,5.02
6/13/2025,12:00:00,6/13/2025 12:00,3797,,5.02
6/13/2025,13:00:00,6/13/2025 13:00,3933,,5.02
6/13/2025,14:00:00,6/13/2025 14:00,3878,,5.02
6/13/2025,15:00:00,6/13/2025 15:00,3817,,5.02
6/13/2025,16:00:00,6/13/2025 16:00,3765,,8.05
6/13/2025,17:00:00,6/13/2025 17:00,3706,,8.05
6/13/2025,18:00:00,6/13/2025 18:00,3533,,8.05
6/13/2025,19:00:00,6/13/2025 19:00,3358,,8.05
6/13/2025,20:00:00,6/13/2025 20:00,3099,,8.05
6/13/2025,21:00:00,6/13/2025 21:00,2865,,8.05
6/13/2025,22:00:00,6/13/2025 22:00,2771,,5.02
6/13/2025,23:00:00,6/13/2025 23:00,2589,,5.02
6/14/2025,0:00:00,6/14/2025 0:00,2413,,2.18
6/14/2025,1:00:00,6/14/2025 1:00,2324,,2.18
6/14/2025,2:00:00,6/14/2025 2:00,2208,,2.18
6/14/2025,3:00:00,6/14/2025 3:00,2113,,2.18
6/14/2025,4:00:00,6/14/2025 4:00,2026,,2.18
6/14/2025,5:00:00,6/14/2025 5:00,1989,,2.18
6/14/2025,6:00:00,6/14/2025 6:00,1954,,2.18
6/14/2025,7:00:00,6/14/2025 7:00,1895,,2.18
6/14/2025,8:00:00,6/14/2025 8:00,2117,,2.18
6/14/2025,9:00:00,6/14/2025 9:00,2432,,2.27
6/14/2025,10:00:00,6/14/2025 10:00,2613,,2.27
6/14/2025,11:00:00,6/14/2025 11:00,2729,,2.27
6/14/2025,12:00:00,6/14/2025 12:00,2899,,2.27
6/14/2025,13:00:00,6/14/2025 13:00,3008,,2.27
6/14/2025,14:00:00,6/14/2025 14:00,3049,,2.27
6/14/2025,15:00:00,6/14/2025 15:00,3043,,2.27
6/14/2025,16:00:00,6/14/2025 16:00,3065,,2.27
6/14/2025,17:00:00,6/14/2025 17:00,2941,,2.27
6/14/2025,18:00:00,6/14/2025 18:00,2759,,2.27
6/14/2025,19:00:00,6/14/2025 19:00,2703,,2.27
6/14/2025,20:00:00,6/14/2025 20:00,2609,,2.27
6/14/2025,21:00:00,6/14/2025 21:00,2533,,2.27
6/14/2025,22:00:00,6/14/2025 22:00,2484,,2.27
6/14/2025,23:00:00,6/14/2025 23:00,2430,,2.27
6/15/2025,0:00:00,6/15/2025 0:00,2339,,2.18
6/15/2025,1:00:00,6/15/2025 1:00,2310,,2.18
6/15/2025,2:00:00,6/15/2025 2:00,2236,,2.18
6/15/2025,3:00:00,6/15/2025 3:00,2150,,2.18
6/15/2025,4:00:00,6/15/2025 4:00,2063,,2.18
6/15/2025,5:00:00,6/15/2025 5:00,2018,,2.18
6/15/2025,6:00:00,6/15/2025 6:00,1957,,2.18
6/15/2025,7:00:00,6/15/2025 7:00,1949,,2.18
6/15/2025,8:00:00,6/15/2025 8:00,2093,,2.18
6/15/2025,9:00:00,6/15/2025 9:00,2375,,2.18
6/15/2025,10:00:00,6/15/2025 10:00,2485,,2.18
6/15/2025,11:00:00,6/15/2025 11:00,2647,,2.18
6/15/2025,12:00:00,6/15/2025 12:00,2742,,2.18
6/15/2025,13:00:00,6/15/2025 13:00,2943,,2.18
6/15/2025,14:00:00,6/15/2025 14:00,3025,,2.18
6/15/2025,15:00:00,6/15/2025 15:00,3065,,2.18
6/15/2025,16:00:00,6/15/2025 16:00,3086,,2.18
6/15/2025,17:00:00,6/15/2025 17:00,3171,,2.18
6/15/2025,18:00:00,6/15/2025 18:00,2991,,2.18
6/15/2025,19:00:00,6/15/2025 19:00,2866,,2.18
6/15/2025,20:00:00,6/15/2025 20:00,2742,,2.18
6/15/2025,21:00:00,6/15/2025 21:00,2694,,2.18
6/15/2025,22:00:00,6/15/2025 22:00,2678,,2.18
6/15/2025,23:00:00,6/15/2025 23:00,2592,,2.18
6/16/2025,0:00:00,6/16/2025 0:00,2474,,2.18
6/16/2025,1:00:00,6/16/2025 1:00,2465,,2.18
6/16/2025,2:00:00,6/16/2025 2:00,2361,,2.18
6/16/2025,3:00:00,6/16/2025 3:00,2201,,2.18
6/16/2025,4:00:00,6/16/2025 4:00,2135,,2.18
6/16/2025,5:00:00,6/16/2025 5:00,2076,,2.18
6/16/2025,6:00:00,6/16/2025 6:00,2046,,2.18
6/16/2025,7:00:00,6/16/2025 7:00,2130,,2.18
6/16/2025,8:00:00,6/16/2025 8:00,2470,,2.18
6/16/2025,9:00:00,6/16/2025 9:00,3119,,5.02
6/16/2025,10:00:00,6/16/2025 10:00,3630,,5.02
6/16/2025,11:00:00,6/16/2025 11:00,4053,,5.02
6/16/2025,12:00:00,6/16/2025 12:00,4306,,5.02
6/16/2025,13:00:00,6/16/2025 13:00,4362,,5.02
6/16/2025,14:00:00,6/16/2025 14:00,4333,,5.02
6/16/2025,15:00:00,6/16/2025 15:00,4476,,5.02
6/16/2025,16:00:00,6/16/2025 16:00,4394,,8.05
6/16/2025,17:00:00,6/16/2025 17:00,4202,,8.05
6/16/2025,18:00:00,6/16/2025 18:00,3988,,8.05
6/16/2025,19:00:00,6/16/2025 19:00,3652,,8.05
6/16/2025,20:00:00,6/16/2025 20:00,3328,,8.05
6/16/2025,21:00:00,6/16/2025 21:00,2997,,8.05
6/16/2025,22:00:00,6/16/2025 22:00,2893,,5.02
6/16/2025,23:00:00,6/16/2025 23:00,2717,,5.02
6/17/2025,0:00:00,6/17/2025 0:00,2548,,2.18
6/17/2025,1:00:00,6/17/2025 1:00,2418,,2.18
6/17/2025,2:00:00,6/17/2025 2:00,2289,,2.18
6/17/2025,3:00:00,6/17/2025 3:00,2214,,2.18
6/17/2025,4:00:00,6/17/2025 4:00,2092,,2.18
6/17/2025,5:00:00,6/17/2025 5:00,2045,,2.18
6/17/2025,6:00:00,6/17/2025 6:00,2015,,2.18
6/17/2025,7:00:00,6/17/2025 7:00,2063,,2.18
6/17/2025,8:00:00,6/17/2025 8:00,2441,,2.18
6/17/2025,9:00:00,6/17/2025 9:00,3124,,5.02
6/17/2025,10:00:00,6/17/2025 10:00,3600,,5.02
6/17/2025,11:00:00,6/17/2025 11:00,4025,,5.02
6/17/2025,12:00:00,6/17/2025 12:00,4262,,5.02
6/17/2025,13:00:00,6/17/2025 13:00,4299,,5.02
6/17/2025,14:00:00,6/17/2025 14:00,4068,,5.02
6/17/2025,15:00:00,6/17/2025 15:00,3930,,5.02
6/17/2025,16:00:00,6/17/2025 16:00,3954,,8.05
6/17/2025,17:00:00,6/17/2025 17:00,3919,,8.05
6/17/2025,18:00:00,6/17/2025 18:00,3685,,8.05
6/17/2025,19:00:00,6/17/2025 19:00,3376,,8.05
6/17/2025,20:00:00,6/17/2025 20:00,3038,,8.05
6/17/2025,21:00:00,6/17/2025 21:00,2751,,8.05
6/17/2025,22:00:00,6/17/2025 22:00,2634,,5.02
6/17/2025,23:00:00,6/17/2025 23:00,2544,,5.02
6/18/2025,0:00:00,6/18/2025 0:00,2411,,2.18
6/18/2025,1:00:00,6/18/2025 1:00,2285,,2.18
6/18/2025,2:00:00,6/18/2025 2:00,2185,,2.18
6/18/2025,3:00:00,6/18/2025 3:00,2112,,2.18
6/18/2025,4:00:00,6/18/2025 4:00,2035,,2.18
6/18/2025,5:00:00,6/18/2025 5:00,1979,,2.18
6/18/2025,6:00:00,6/18/2025 6:00,1942,,2.18
6/18/2025,7:00:00,6/18/2025 7:00,1976,,2.18
6/18/2025,8:00:00,6/18/2025 8:00,2359,,2.18
6/18/2025,9:00:00,6/18/2025 9:00,3005,,5.02
6/18/2025,10:00:00,6/18/2025 10:00,3531,,5.02
6/18/2025,11:00:00,6/18/2025 11:00,3900,,5.02
6/18/2025,12:00:00,6/18/2025 12:00,4197,,5.02
6/18/2025,13:00:00,6/18/2025 13:00,4267,,5.02
6/18/2025,14:00:00,6/18/2025 14:00,4199,,5.02
6/18/2025,15:00:00,6/18/2025 15:00,4200,,5.02
6/18/2025,16:00:00,6/18/2025 16:00,4115,,8.05
6/18/2025,17:00:00,6/18/2025 17:00,3935,,8.05
6/18/2025,18:00:00,6/18/2025 18:00,3674,,8.05
6/18/2025,19:00:00,6/18/2025 19:00,3405,,8.05
6/18/2025,20:00:00,6/18/2025 20:00,3140,,8.05
6/18/2025,21:00:00,6/18/2025 21:00,2849,,8.05
6/18/2025,22:00:00,6/18/2025 22:00,2731,,5.02
6/18/2025,23:00:00,6/18/2025 23:00,2590,,5.02
6/19/2025,0:00:00,6/19/2025 0:00,2411,,2.18
6/19/2025,1:00:00,6/19/2025 1:00,2361,,2.18
6/19/2025,2:00:00,6/19/2025 2:00,2219,,2.18
6/19/2025,3:00:00,6/19/2025 3:00,2114,,2.18
6/19/2025,4:00:00,6/19/2025 4:00,2046,,2.18
6/19/2025,5:00:00,6/19/2025 5:00,2012,,2.18
6/19/2025,6:00:00,6/19/2025 6:00,1965,,2.18
6/19/2025,7:00:00,6/19/2025 7:00,2026,,2.18
6/19/2025,8:00:00,6/19/2025 8:00,2370,,2.18
6/19/2025,9:00:00,6/19/2025 9:00,3075,,5.02
6/19/2025,10:00:00,6/19/2025 10:00,3573,,5.02
6/19/2025,11:00:00,6/19/2025 11:00,3996,,5.02
6/19/2025,12:00:00,6/19/2025 12:00,4206,,5.02
6/19/2025,13:00:00,6/19/2025 13:00,4346,,5.02
6/19/2025,14:00:00,6/19/2025 14:00,4275,,5.02
6/19/2025,15:00:00,6/19/2025 15:00,4248,,5.02
6/19/2025,16:00:00,6/19/2025 16:00,4146,,8.05
6/19/2025,17:00:00,6/19/2025 17:00,4160,,8.05
6/19/2025,18:00:00,6/19/2025 18:00,3842,,8.05
6/19/2025,19:00:00,6/19/2025 19:00,3609,,8.05
6/19/2025,20:00:00,6/19/2025 20:00,3331,,8.05
6/19/2025,21:00:00,6/19/2025 21:00,2980,,8.05
6/19/2025,22:00:00,6/19/2025 22:00,2813,,5.02
6/19/2025,23:00:00,6/19/2025 23:00,2644,,5.02
6/20/2025,0:00:00,6/20/2025 0:00,2435,,2.18
6/20/2025,1:00:00,6/20/2025 1:00,2325,,2.18
6/20/2025,2:00:00,6/20/2025 2:00,2210,,2.18
6/20/2025,3:00:00,6/20/2025 3:00,2128,,2.18
6/20/2025,4:00:00,6/20/2025 4:00,2068,,2.18
6/20/2025,5:00:00,6/20/2025 5:00,2028,,2.18
6/20/2025,6:00:00,6/20/2025 6:00,1995,,2.18
6/20/2025,7:00:00,6/20/2025 7:00,2011,,2.18
6/20/2025,8:00:00,6/20/2025 8:00,2369,,2.18
6/20/2025,9:00:00,6/20/2025 9:00,2933,,5.02
6/20/2025,10:00:00,6/20/2025 10:00,3494,,5.02
6/20/2025,11:00:00,6/20/2025 11:00,3956,,5.02
6/20/2025,12:00:00,6/20/2025 12:00,4265,,5.02
6/20/2025,13:00:00,6/20/2025 13:00,4268,,5.02
6/20/2025,14:00:00,6/20/2025 14:00,4189,,5.02
6/20/2025,15:00:00,6/20/2025 15:00,4124,,5.02
6/20/2025,16:00:00,6/20/2025 16:00,3953,,8.05
6/20/2025,17:00:00,6/20/2025 17:00,3686,,8.05
6/20/2025,18:00:00,6/20/2025 18:00,3598,,8.05
6/20/2025,19:00:00,6/20/2025 19:00,3329,,8.05
6/20/2025,20:00:00,6/20/2025 20:00,3038,,8.05
6/20/2025,21:00:00,6/20/2025 21:00,2784,,8.05
6/20/2025,22:00:00,6/20/2025 22:00,2709,,5.02
6/20/2025,23:00:00,6/20/2025 23:00,2597,,5.02
6/21/2025,0:00:00,6/21/2025 0:00,2430,,2.18
6/21/2025,1:00:00,6/21/2025 1:00,2380,,2.18
6/21/2025,2:00:00,6/21/2025 2:00,2277,,2.18
6/21/2025,3:00:00,6/21/2025 3:00,2175,,2.18
6/21/2025,4:00:00,6/21/2025 4:00,2108,,2.18
6/21/2025,5:00:00,6/21/2025 5:00,2064,,2.18
6/21/2025,6:00:00,6/21/2025 6:00,1983,,2.18
6/21/2025,7:00:00,6/21/2025 7:00,2036,,2.18
6/21/2025,8:00:00,6/21/2025 8:00,2160,,2.18
6/21/2025,9:00:00,6/21/2025 9:00,2423,,2.27
6/21/2025,10:00:00,6/21/2025 10:00,2709,,2.27
6/21/2025,11:00:00,6/21/2025 11:00,2768,,2.27
6/21/2025,12:00:00,6/21/2025 12:00,2887,,2.27
6/21/2025,13:00:00,6/21/2025 13:00,2979,,2.27
6/21/2025,14:00:00,6/21/2025 14:00,3042,,2.27
6/21/2025,15:00:00,6/21/2025 15:00,2996,,2.27
6/21/2025,16:00:00,6/21/2025 16:00,3010,,2.27
6/21/2025,17:00:00,6/21/2025 17:00,2984,,2.27
6/21/2025,18:00:00,6/21/2025 18:00,2762,,2.27
6/21/2025,19:00:00,6/21/2025 19:00,2608,,2.27
6/21/2025,20:00:00,6/21/2025 20:00,2545,,2.27
6/21/2025,21:00:00,6/21/2025 21:00,2456,,2.27
6/21/2025,22:00:00,6/21/2025 22:00,2424,,2.27
6/21/2025,23:00:00,6/21/2025 23:00,2385,,2.27
6/22/2025,0:00:00,6/22/2025 0:00,2240,,2.18
6/22/2025,1:00:00,6/22/2025 1:00,2178,,2.18
6/22/2025,2:00:00,6/22/2025 2:00,2103,,2.18
6/22/2025,3:00:00,6/22/2025 3:00,2041,,2.18
6/22/2025,4:00:00,6/22/2025 4:00,2007,,2.18
6/22/2025,5:00:00,6/22/2025 5:00,1995,,2.18
6/22/2025,6:00:00,6/22/2025 6:00,1955,,2.18
6/22/2025,7:00:00,6/22/2025 7:00,1931,,2.18
6/22/2025,8:00:00,6/22/2025 8:00,2083,,2.18
6/22/2025,9:00:00,6/22/2025 9:00,2261,,2.18
6/22/2025,10:00:00,6/22/2025 10:00,2410,,2.18
6/22/2025,11:00:00,6/22/2025 11:00,2469,,2.18
6/22/2025,12:00:00,6/22/2025 12:00,2603,,2.18
6/22/2025,13:00:00,6/22/2025 13:00,2773,,2.18
6/22/2025,14:00:00,6/22/2025 14:00,2848,,2.18
6/22/2025,15:00:00,6/22/2025 15:00,2861,,2.18
6/22/2025,16:00:00,6/22/2025 16:00,2844,,2.18
6/22/2025,17:00:00,6/22/2025 17:00,2885,,2.18
6/22/2025,18:00:00,6/22/2025 18:00,2757,,2.18
6/22/2025,19:00:00,6/22/2025 19:00,2704,,2.18
6/22/2025,20:00:00,6/22/2025 20:00,2649,,2.18
6/22/2025,21:00:00,6/22/2025 21:00,2575,,2.18
6/22/2025,22:00:00,6/22/2025 22:00,2531,,2.18
6/22/2025,23:00:00,6/22/2025 23:00,2527,,2.18
6/23/2025,0:00:00,6/23/2025 0:00,2368,,2.18
6/23/2025,1:00:00,6/23/2025 1:00,2312,,2.18
6/23/2025,2:00:00,6/23/2025 2:00,2183,,2.18
6/23/2025,3:00:00,6/23/2025 3:00,2082,,2.18
6/23/2025,4:00:00,6/23/2025 4:00,2068,,2.18
6/23/2025,5:00:00,6/23/2025 5:00,2025,,2.18
6/23/2025,6:00:00,6/23/2025 6:00,2027,,2.18
6/23/2025,7:00:00,6/23/2025 7:00,2038,,2.18
6/23/2025,8:00:00,6/23/2025 8:00,2431,,2.18
6/23/2025,9:00:00,6/23/2025 9:00,3101,,5.02
6/23/2025,10:00:00,6/23/2025 10:00,3636,,5.02
6/23/2025,11:00:00,6/23/2025 11:00,3987,,5.02
6/23/2025,12:00:00,6/23/2025 12:00,4142,,5.02
6/23/2025,13:00:00,6/23/2025 13:00,4289,,5.02
6/23/2025,14:00:00,6/23/2025 14:00,4221,,5.02
6/23/2025,15:00:00,6/23/2025 15:00,4238,,5.02
6/23/2025,16:00:00,6/23/2025 16:00,4166,,8.05
6/23/2025,17:00:00,6/23/2025 17:00,3949,,8.05
6/23/2025,18:00:00,6/23/2025 18:00,3768,,8.05
6/23/2025,19:00:00,6/23/2025 19:00,3425,,8.05
6/23/2025,20:00:00,6/23/2025 20:00,3178,,8.05
6/23/2025,21:00:00,6/23/2025 21:00,2901,,8.05
6/23/2025,22:00:00,6/23/2025 22:00,2781,,5.02
6/23/2025,23:00:00,6/23/2025 23:00,2642,,5.02
6/24/2025,0:00:00,6/24/2025 0:00,2470,,2.18
6/24/2025,1:00:00,6/24/2025 1:00,2372,,2.18
6/24/2025,2:00:00,6/24/2025 2:00,2235,,2.18
6/24/2025,3:00:00,6/24/2025 3:00,2127,,2.18
6/24/2025,4:00:00,6/24/2025 4:00,2053,,2.18
6/24/2025,5:00:00,6/24/2025 5:00,2021,,2.18
6/24/2025,6:00:00,6/24/2025 6:00,1970,,2.18
6/24/2025,7:00:00,6/24/2025 7:00,2038,,2.18
6/24/2025,8:00:00,6/24/2025 8:00,2410,,2.18
6/24/2025,9:00:00,6/24/2025 9:00,3098,,5.02
6/24/2025,10:00:00,6/24/2025 10:00,3678,,5.02
6/24/2025,11:00:00,6/24/2025 11:00,4036,,5.02
6/24/2025,12:00:00,6/24/2025 12:00,4401,,5.02
6/24/2025,13:00:00,6/24/2025 13:00,4439,,5.02
6/24/2025,14:00:00,6/24/2025 14:00,4471,,5.02
6/24/2025,15:00:00,6/24/2025 15:00,4431,,5.02
6/24/2025,16:00:00,6/24/2025 16:00,4401,,8.05
6/24/2025,17:00:00,6/24/2025 17:00,4151,,8.05
6/24/2025,18:00:00,6/24/2025 18:00,3928,,8.05
6/24/2025,19:00:00,6/24/2025 19:00,3536,,8.05
6/24/2025,20:00:00,6/24/2025 20:00,3261,,8.05
6/24/2025,21:00:00,6/24/2025 21:00,2973,,8.05
6/24/2025,22:00:00,6/24/2025 22:00,2785,,5.02
6/24/2025,23:00:00,6/24/2025 23:00,2652,,5.02
6/25/2025,0:00:00,6/25/2025 0:00,2495,,2.18
6/25/2025,1:00:00,6/25/2025 1:00,2373,,2.18
6/25/2025,2:00:00,6/25/2025 2:00,2265,,2.18
6/25/2025,3:00:00,6/25/2025 3:00,2153,,2.18
6/25/2025,4:00:00,6/25/2025 4:00,2085,,2.18
6/25/2025,5:00:00,6/25/2025 5:00,1994,,2.18
6/25/2025,6:00:00,6/25/2025 6:00,2004,,2.18
6/25/2025,7:00:00,6/25/2025 7:00,2003,,2.18
6/25/2025,8:00:00,6/25/2025 8:00,2358,,2.18
6/25/2025,9:00:00,6/25/2025 9:00,2954,,5.02
6/25/2025,10:00:00,6/25/2025 10:00,3498,,5.02
6/25/2025,11:00:00,6/25/2025 11:00,3957,,5.02
6/25/2025,12:00:00,6/25/2025 12:00,4289,,5.02
6/25/2025,13:00:00,6/25/2025 13:00,4416,,5.02
6/25/2025,14:00:00,6/25/2025 14:00,4415,,5.02
6/25/2025,15:00:00,6/25/2025 15:00,4156,,5.02
6/25/2025,16:00:00,6/25/2025 16:00,4074,,8.05
6/25/2025,17:00:00,6/25/2025 17:00,3997,,8.05
6/25/2025,18:00:00,6/25/2025 18:00,3706,,8.05
6/25/2025,19:00:00,6/25/2025 19:00,3403,,8.05
6/25/2025,20:00:00,6/25/2025 20:00,3100,,8.05
6/25/2025,21:00:00,6/25/2025 21:00,2809,,8.05
6/25/2025,22:00:00,6/25/2025 22:00,2693,,5.02
6/25/2025,23:00:00,6/25/2025 23:00,2580,,5.02
6/26/2025,0:00:00,6/26/2025 0:00,2424,,2.18
6/26/2025,1:00:00,6/26/2025 1:00,2367,,2.18
6/26/2025,2:00:00,6/26/2025 2:00,2225,,2.18
6/26/2025,3:00:00,6/26/2025 3:00,2097,,2.18
6/26/2025,4:00:00,6/26/2025 4:00,2018,,2.18
6/26/2025,5:00:00,6/26/2025 5:00,1987,,2.18
6/26/2025,6:00:00,6/26/2025 6:00,1952,,2.18
6/26/2025,7:00:00,6/26/2025 7:00,2008,,2.18
6/26/2025,8:00:00,6/26/2025 8:00,2395,,2.18
6/26/2025,9:00:00,6/26/2025 9:00,3054,,5.02
6/26/2025,10:00:00,6/26/2025 10:00,3563,,5.02
6/26/2025,11:00:00,6/26/2025 11:00,3933,,5.02
6/26/2025,12:00:00,6/26/2025 12:00,4094,,5.02
6/26/2025,13:00:00,6/26/2025 13:00,4196,,5.02
6/26/2025,14:00:00,6/26/2025 14:00,4042,,5.02
6/26/2025,15:00:00,6/26/2025 15:00,4046,,5.02
6/26/2025,16:00:00,6/26/2025 16:00,3986,,8.05
6/26/2025,17:00:00,6/26/2025 17:00,3910,,8.05
6/26/2025,18:00:00,6/26/2025 18:00,3681,,8.05
6/26/2025,19:00:00,6/26/2025 19:00,3477,,8.05
6/26/2025,20:00:00,6/26/2025 20:00,3193,,8.05
6/26/2025,21:00:00,6/26/2025 21:00,2854,,8.05
6/26/2025,22:00:00,6/26/2025 22:00,2664,,5.02
6/26/2025,23:00:00,6/26/2025 23:00,2572,,5.02
6/27/2025,0:00:00,6/27/2025 0:00,2386,,2.18
6/27/2025,1:00:00,6/27/2025 1:00,2304,,2.18
6/27/2025,2:00:00,6/27/2025 2:00,2206,,2.18
6/27/2025,3:00:00,6/27/2025 3:00,2106,,2.18
6/27/2025,4:00:00,6/27/2025 4:00,2018,,2.18
6/27/2025,5:00:00,6/27/2025 5:00,1969,,2.18
6/27/2025,6:00:00,6/27/2025 6:00,1956,,2.18
6/27/2025,7:00:00,6/27/2025 7:00,1967,,2.18
6/27/2025,8:00:00,6/27/2025 8:00,2323,,2.18
6/27/2025,9:00:00,6/27/2025 9:00,2932,,5.02
6/27/2025,10:00:00,6/27/2025 10:00,3501,,5.02
6/27/2025,11:00:00,6/27/2025 11:00,3852,,5.02
6/27/2025,12:00:00,6/27/2025 12:00,4102,,5.02
6/27/2025,13:00:00,6/27/2025 13:00,4161,,5.02
6/27/2025,14:00:00,6/27/2025 14:00,4163,,5.02
6/27/2025,15:00:00,6/27/2025 15:00,4113,,5.02
6/27/2025,16:00:00,6/27/2025 16:00,3995,,8.05
6/27/2025,17:00:00,6/27/2025 17:00,3511,,8.05
6/27/2025,18:00:00,6/27/2025 18:00,3315,,8.05
6/27/2025,19:00:00,6/27/2025 19:00,3100,,8.05
6/27/2025,20:00:00,6/27/2025 20:00,2807,,8.05
6/27/2025,21:00:00,6/27/2025 21:00,2527,,8.05
6/27/2025,22:00:00,6/27/2025 22:00,2403,,5.02
6/27/2025,23:00:00,6/27/2025 23:00,2300,,5.02
6/28/2025,0:00:00,6/28/2025 0:00,2212,,2.18
6/28/2025,1:00:00,6/28/2025 1:00,2112,,2.18
6/28/2025,2:00:00,6/28/2025 2:00,1994,,2.18
6/28/2025,3:00:00,6/28/2025 3:00,1953,,2.18
6/28/2025,4:00:00,6/28/2025 4:00,1913,,2.18
6/28/2025,5:00:00,6/28/2025 5:00,1868,,2.18
6/28/2025,6:00:00,6/28/2025 6:00,1814,,2.18
6/28/2025,7:00:00,6/28/2025 7:00,1886,,2.18
6/28/2025,8:00:00,6/28/2025 8:00,2063,,2.18
6/28/2025,9:00:00,6/28/2025 9:00,2353,,2.27
6/28/2025,10:00:00,6/28/2025 10:00,2556,,2.27
6/28/2025,11:00:00,6/28/2025 11:00,2576,,2.27
6/28/2025,12:00:00,6/28/2025 12:00,2749,,2.27
6/28/2025,13:00:00,6/28/2025 13:00,2911,,2.27
6/28/2025,14:00:00,6/28/2025 14:00,3006,,2.27
6/28/2025,15:00:00,6/28/2025 15:00,3020,,2.27
6/28/2025,16:00:00,6/28/2025 16:00,3035,,2.27
6/28/2025,17:00:00,6/28/2025 17:00,2939,,2.27
6/28/2025,18:00:00,6/28/2025 18:00,2729,,2.27
6/28/2025,19:00:00,6/28/2025 19:00,2671,,2.27
6/28/2025,20:00:00,6/28/2025 20:00,2548,,2.27
6/28/2025,21:00:00,6/28/2025 21:00,2515,,2.27
6/28/2025,22:00:00,6/28/2025 22:00,2425,,2.27
6/28/2025,23:00:00,6/28/2025 23:00,2378,,2.27
6/29/2025,0:00:00,6/29/2025 0:00,2320,,2.18
6/29/2025,1:00:00,6/29/2025 1:00,2241,,2.18
6/29/2025,2:00:00,6/29/2025 2:00,2117,,2.18
6/29/2025,3:00:00,6/29/2025 3:00,2039,,2.18
6/29/2025,4:00:00,6/29/2025 4:00,1937,,2.18
6/29/2025,5:00:00,6/29/2025 5:00,1897,,2.18
6/29/2025,6:00:00,6/29/2025 6:00,1897,,2.18
6/29/2025,7:00:00,6/29/2025 7:00,1884,,2.18
6/29/2025,8:00:00,6/29/2025 8:00,2190,,2.18
6/29/2025,9:00:00,6/29/2025 9:00,2429,,2.18
6/29/2025,10:00:00,6/29/2025 10:00,2562,,2.18
6/29/2025,11:00:00,6/29/2025 11:00,2658,,2.18
6/29/2025,12:00:00,6/29/2025 12:00,2804,,2.18
6/29/2025,13:00:00,6/29/2025 13:00,2739,,2.18
6/29/2025,14:00:00,6/29/2025 14:00,2838,,2.18
6/29/2025,15:00:00,6/29/2025 15:00,2868,,2.18
6/29/2025,16:00:00,6/29/2025 16:00,2938,,2.18
6/29/2025,17:00:00,6/29/2025 17:00,2849,,2.18
6/29/2025,18:00:00,6/29/2025 18:00,2691,,2.18
6/29/2025,19:00:00,6/29/2025 19:00,2622,,2.18
6/29/2025,20:00:00,6/29/2025 20:00,2555,,2.18
6/29/2025,21:00:00,6/29/2025 21:00,2502,,2.18
6/29/2025,22:00:00,6/29/2025 22:00,2458,,2.18
6/29/2025,23:00:00,6/29/2025 23:00,2403,,2.18
6/30/2025,0:00:00,6/30/2025 0:00,2284,,2.18
6/30/2025,1:00:00,6/30/2025 1:00,2253,,2.18
6/30/2025,2:00:00,6/30/2025 2:00,2144,,2.18
6/30/2025,3:00:00,6/30/2025 3:00,2033,,2.18
6/30/2025,4:00:00,6/30/2025 4:00,1998,,2.18
6/30/2025,5:00:00,6/30/2025 5:00,1957,,2.18
6/30/2025,6:00:00,6/30/2025 6:00,1945,,2.18
6/30/2025,7:00:00,6/30/2025 7:00,1982,,2.18
6/30/2025,8:00:00,6/30/2025 8:00,2335,,2.18
6/30/2025,9:00:00,6/30/2025 9:00,3126,,5.02
6/30/2025,10:00:00,6/30/2025 10:00,3702,,5.02
6/30/2025,11:00:00,6/30/2025 11:00,4043,,5.02
6/30/2025,12:00:00,6/30/2025 12:00,4271,,5.02
6/30/2025,13:00:00,6/30/2025 13:00,4335,,5.02
6/30/2025,14:00:00,6/30/2025 14:00,4286,,5.02
6/30/2025,15:00:00,6/30/2025 15:00,4310,,5.02
6/30/2025,16:00:00,6/30/2025 16:00,4307,,8.05
6/30/2025,17:00:00,6/30/2025 17:00,4283,,8.05
6/30/2025,18:00:00,6/30/2025 18:00,4040,,8.05
6/30/2025,19:00:00,6/30/2025 19:00,3717,,8.05
6/30/2025,20:00:00,6/30/2025 20:00,3317,,8.05
6/30/2025,21:00:00,6/30/2025 21:00,3027,,8.05
6/30/2025,22:00:00,6/30/2025 22:00,2895,,5.02
6/30/2025,23:00:00,6/30/2025 23:00,2684,,5.02
7/1/2025,0:00:00,7/1/2025 0:00,2515,,2.18
7/1/2025,1:00:00,7/1/2025 1:00,2424,,2.18
7/1/2025,2:00:00,7/1/2025 2:00,2320,,2.18
7/1/2025,3:00:00,7/1/2025 3:00,2216,,2.18
7/1/2025,4:00:00,7/1/2025 4:00,2152,,2.18
7/1/2025,5:00:00,7/1/2025 5:00,2126,,2.18
7/1/2025,6:00:00,7/1/2025 6:00,2064,,2.18
7/1/2025,7:00:00,7/1/2025 7:00,2126,,2.18
7/1/2025,8:00:00,7/1/2025 8:00,2611,,2.18
7/1/2025,9:00:00,7/1/2025 9:00,3276,,5.02
7/1/2025,10:00:00,7/1/2025 10:00,3872,,5.02
7/1/2025,11:00:00,7/1/2025 11:00,4216,,5.02
7/1/2025,12:00:00,7/1/2025 12:00,4547,,5.02
7/1/2025,13:00:00,7/1/2025 13:00,4596,,5.02
7/1/2025,14:00:00,7/1/2025 14:00,4543,,5.02
7/1/2025,15:00:00,7/1/2025 15:00,4548,,5.02
7/1/2025,16:00:00,7/1/2025 16:00,4528,,8.05
7/1/2025,17:00:00,7/1/2025 17:00,4387,,8.05
7/1/2025,18:00:00,7/1/2025 18:00,4115,,8.05
7/1/2025,19:00:00,7/1/2025 19:00,3692,,8.05
7/1/2025,20:00:00,7/1/2025 20:00,3321,,8.05
7/1/2025,21:00:00,7/1/2025 21:00,2978,,8.05
7/1/2025,22:00:00,7/1/2025 22:00,2911,,5.02
7/1/2025,23:00:00,7/1/2025 23:00,2810,,5.02
7/2/2025,0:00:00,7/2/2025 0:00,2606,,2.18
7/2/2025,1:00:00,7/2/2025 1:00,2497,,2.18
7/2/2025,2:00:00,7/2/2025 2:00,2337,,2.18
7/2/2025,3:00:00,7/2/2025 3:00,2225,,2.18
7/2/2025,4:00:00,7/2/2025 4:00,2149,,2.18
7/2/2025,5:00:00,7/2/2025 5:00,2107,,2.18
7/2/2025,6:00:00,7/2/2025 6:00,2079,,2.18
7/2/2025,7:00:00,7/2/2025 7:00,2115,,2.18
7/2/2025,8:00:00,7/2/2025 8:00,2504,,2.18
7/2/2025,9:00:00,7/2/2025 9:00,3205,,5.02
7/2/2025,10:00:00,7/2/2025 10:00,3775,,5.02
7/2/2025,11:00:00,7/2/2025 11:00,4191,,5.02
7/2/2025,12:00:00,7/2/2025 12:00,4425,,5.02
7/2/2025,13:00:00,7/2/2025 13:00,4507,,5.02
7/2/2025,14:00:00,7/2/2025 14:00,4530,,5.02
7/2/2025,15:00:00,7/2/2025 15:00,4541,,5.02
7/2/2025,16:00:00,7/2/2025 16:00,4582,,8.05
7/2/2025,17:00:00,7/2/2025 17:00,4447,,8.05
7/2/2025,18:00:00,7/2/2025 18:00,4111,,8.05
7/2/2025,19:00:00,7/2/2025 19:00,3683,,8.05
7/2/2025,20:00:00,7/2/2025 20:00,3289,,8.05
7/2/2025,21:00:00,7/2/2025 21:00,3032,,8.05
7/2/2025,22:00:00,7/2/2025 22:00,2975,,5.02
7/2/2025,23:00:00,7/2/2025 23:00,2888,,5.02
7/3/2025,0:00:00,7/3/2025 0:00,2614,,2.18
7/3/2025,1:00:00,7/3/2025 1:00,2528,,2.18
7/3/2025,2:00:00,7/3/2025 2:00,2359,,2.18
7/3/2025,3:00:00,7/3/2025 3:00,2258,,2.18
7/3/2025,4:00:00,7/3/2025 4:00,2173,,2.18
7/3/2025,5:00:00,7/3/2025 5:00,2121,,2.18
7/3/2025,6:00:00,7/3/2025 6:00,2095,,2.18
7/3/2025,7:00:00,7/3/2025 7:00,2111,,2.18
7/3/2025,8:00:00,7/3/2025 8:00,2558,,2.18
7/3/2025,9:00:00,7/3/2025 9:00,3266,,5.02
7/3/2025,10:00:00,7/3/2025 10:00,3768,,5.02
7/3/2025,11:00:00,7/3/2025 11:00,4035,,5.02
7/3/2025,12:00:00,7/3/2025 12:00,4291,,5.02
7/3/2025,13:00:00,7/3/2025 13:00,4372,,5.02
7/3/2025,14:00:00,7/3/2025 14:00,4339,,5.02
7/3/2025,15:00:00,7/3/2025 15:00,4357,,5.02
7/3/2025,16:00:00,7/3/2025 16:00,4387,,8.05
7/3/2025,17:00:00,7/3/2025 17:00,4340,,8.05
7/3/2025,18:00:00,7/3/2025 18:00,4135,,8.05
7/3/2025,19:00:00,7/3/2025 19:00,3789,,8.05
7/3/2025,20:00:00,7/3/2025 20:00,3427,,8.05
7/3/2025,21:00:00,7/3/2025 21:00,3121,,8.05
7/3/2025,22:00:00,7/3/2025 22:00,2915,,5.02
7/3/2025,23:00:00,7/3/2025 23:00,2749,,5.02
7/4/2025,0:00:00,7/4/2025 0:00,2565,,2.18
7/4/2025,1:00:00,7/4/2025 1:00,2451,,2.18
7/4/2025,2:00:00,7/4/2025 2:00,2330,,2.18
7/4/2025,3:00:00,7/4/2025 3:00,2243,,2.18
7/4/2025,4:00:00,7/4/2025 4:00,2161,,2.18
7/4/2025,5:00:00,7/4/2025 5:00,2090,,2.18
7/4/2025,6:00:00,7/4/2025 6:00,2079,,2.18
7/4/2025,7:00:00,7/4/2025 7:00,2127,,2.18
7/4/2025,8:00:00,7/4/2025 8:00,2456,,2.18
7/4/2025,9:00:00,7/4/2025 9:00,3114,,5.02
7/4/2025,10:00:00,7/4/2025 10:00,3615,,5.02
7/4/2025,11:00:00,7/4/2025 11:00,3989,,5.02
7/4/2025,12:00:00,7/4/2025 12:00,4233,,5.02
7/4/2025,13:00:00,7/4/2025 13:00,4365,,5.02
7/4/2025,14:00:00,7/4/2025 14:00,4315,,5.02
7/4/2025,15:00:00,7/4/2025 15:00,4430,,5.02
7/4/2025,16:00:00,7/4/2025 16:00,4452,,8.05
7/4/2025,17:00:00,7/4/2025 17:00,4168,,8.05
7/4/2025,18:00:00,7/4/2025 18:00,3821,,8.05
7/4/2025,19:00:00,7/4/2025 19:00,3361,,8.05
7/4/2025,20:00:00,7/4/2025 20:00,3045,,8.05
7/4/2025,21:00:00,7/4/2025 21:00,2738,,8.05
7/4/2025,22:00:00,7/4/2025 22:00,2647,,5.02
7/4/2025,23:00:00,7/4/2025 23:00,2537,,5.02
7/5/2025,0:00:00,7/5/2025 0:00,2382,,2.18
7/5/2025,1:00:00,7/5/2025 1:00,2278,,2.18
7/5/2025,2:00:00,7/5/2025 2:00,2203,,2.18
7/5/2025,3:00:00,7/5/2025 3:00,2102,,2.18
7/5/2025,4:00:00,7/5/2025 4:00,2009,,2.18
7/5/2025,5:00:00,7/5/2025 5:00,1946,,2.18
7/5/2025,6:00:00,7/5/2025 6:00,1895,,2.18
7/5/2025,7:00:00,7/5/2025 7:00,1908,,2.18
7/5/2025,8:00:00,7/5/2025 8:00,2159,,2.18
7/5/2025,9:00:00,7/5/2025 9:00,2524,,2.27
7/5/2025,10:00:00,7/5/2025 10:00,2740,,2.27
7/5/2025,11:00:00,7/5/2025 11:00,2874,,2.27
7/5/2025,12:00:00,7/5/2025 12:00,3056,,2.27
7/5/2025,13:00:00,7/5/2025 13:00,2990,,2.27
7/5/2025,14:00:00,7/5/2025 14:00,3093,,2.27
7/5/2025,15:00:00,7/5/2025 15:00,3094,,2.27
7/5/2025,16:00:00,7/5/2025 16:00,3159,,2.27
7/5/2025,17:00:00,7/5/2025 17:00,3146,,2.27
7/5/2025,18:00:00,7/5/2025 18:00,2880,,2.27
7/5/2025,19:00:00,7/5/2025 19:00,2721,,2.27
7/5/2025,20:00:00,7/5/2025 20:00,2596,,2.27
7/5/2025,21:00:00,7/5/2025 21:00,2484,,2.27
7/5/2025,22:00:00,7/5/2025 22:00,2433,,2.27
7/5/2025,23:00:00,7/5/2025 23:00,2426,,2.27
7/6/2025,0:00:00,7/6/2025 0:00,2321,,2.18
7/6/2025,1:00:00,7/6/2025 1:00,2280,,2.18
7/6/2025,2:00:00,7/6/2025 2:00,2160,,2.18
7/6/2025,3:00:00,7/6/2025 3:00,2088,,2.18
7/6/2025,4:00:00,7/6/2025 4:00,2006,,2.18
7/6/2025,5:00:00,7/6/2025 5:00,1909,,2.18
7/6/2025,6:00:00,7/6/2025 6:00,1866,,2.18
7/6/2025,7:00:00,7/6/2025 7:00,1887,,2.18
7/6/2025,8:00:00,7/6/2025 8:00,2144,,2.18
7/6/2025,9:00:00,7/6/2025 9:00,2419,,2.18
7/6/2025,10:00:00,7/6/2025 10:00,2507,,2.18
7/6/2025,11:00:00,7/6/2025 11:00,2612,,2.18
7/6/2025,12:00:00,7/6/2025 12:00,2763,,2.18
7/6/2025,13:00:00,7/6/2025 13:00,2947,,2.18
7/6/2025,14:00:00,7/6/2025 14:00,2886,,2.18
7/6/2025,15:00:00,7/6/2025 15:00,2888,,2.18
7/6/2025,16:00:00,7/6/2025 16:00,2862,,2.18
7/6/2025,17:00:00,7/6/2025 17:00,2869,,2.18
7/6/2025,18:00:00,7/6/2025 18:00,2604,,2.18
7/6/2025,19:00:00,7/6/2025 19:00,2514,,2.18
7/6/2025,20:00:00,7/6/2025 20:00,2421,,2.18
7/6/2025,21:00:00,7/6/2025 21:00,2393,,2.18
7/6/2025,22:00:00,7/6/2025 22:00,2356,,2.18
7/6/2025,23:00:00,7/6/2025 23:00,2273,,2.18
7/7/2025,0:00:00,7/7/2025 0:00,2200,,2.18
7/7/2025,1:00:00,7/7/2025 1:00,2240,,2.18
7/7/2025,2:00:00,7/7/2025 2:00,2136,,2.18
7/7/2025,3:00:00,7/7/2025 3:00,2014,,2.18
7/7/2025,4:00:00,7/7/2025 4:00,1938,,2.18
7/7/2025,5:00:00,7/7/2025 5:00,1889,,2.18
7/7/2025,6:00:00,7/7/2025 6:00,1856,,2.18
7/7/2025,7:00:00,7/7/2025 7:00,1902,,2.18
7/7/2025,8:00:00,7/7/2025 8:00,2249,,2.18
7/7/2025,9:00:00,7/7/2025 9:00,2926,,5.02
7/7/2025,10:00:00,7/7/2025 10:00,3394,,5.02
7/7/2025,11:00:00,7/7/2025 11:00,3629,,5.02
7/7/2025,12:00:00,7/7/2025 12:00,3727,,5.02
7/7/2025,13:00:00,7/7/2025 13:00,3647,,5.02
7/7/2025,14:00:00,7/7/2025 14:00,3586,,5.02
7/7/2025,15:00:00,7/7/2025 15:00,3572,,5.02
7/7/2025,16:00:00,7/7/2025 16:00,3591,,8.05
7/7/2025,17:00:00,7/7/2025 17:00,3520,,8.05
7/7/2025,18:00:00,7/7/2025 18:00,3374,,8.05
7/7/2025,19:00:00,7/7/2025 19:00,3161,,8.05
7/7/2025,20:00:00,7/7/2025 20:00,2877,,8.05
7/7/2025,21:00:00,7/7/2025 21:00,2645,,8.05
7/7/2025,22:00:00,7/7/2025 22:00,2492,,5.02
7/7/2025,23:00:00,7/7/2025 23:00,2332,,5.02
7/8/2025,0:00:00,7/8/2025 0:00,2237,,2.18
7/8/2025,1:00:00,7/8/2025 1:00,2125,,2.18
7/8/2025,2:00:00,7/8/2025 2:00,2056,,2.18
7/8/2025,3:00:00,7/8/2025 3:00,1952,,2.18
7/8/2025,4:00:00,7/8/2025 4:00,1863,,2.18
7/8/2025,5:00:00,7/8/2025 5:00,1845,,2.18
7/8/2025,6:00:00,7/8/2025 6:00,1835,,2.18
7/8/2025,7:00:00,7/8/2025 7:00,1865,,2.18
7/8/2025,8:00:00,7/8/2025 8:00,2259,,2.18
7/8/2025,9:00:00,7/8/2025 9:00,2807,,5.02
7/8/2025,10:00:00,7/8/2025 10:00,3317,,5.02
7/8/2025,11:00:00,7/8/2025 11:00,3681,,5.02
7/8/2025,12:00:00,7/8/2025 12:00,3980,,5.02
7/8/2025,13:00:00,7/8/2025 13:00,4118,,5.02
7/8/2025,14:00:00,7/8/2025 14:00,4198,,5.02
7/8/2025,15:00:00,7/8/2025 15:00,4180,,5.02
7/8/2025,16:00:00,7/8/2025 16:00,4132,,8.05
7/8/2025,17:00:00,7/8/2025 17:00,4030,,8.05
7/8/2025,18:00:00,7/8/2025 18:00,3856,,8.05
7/8/2025,19:00:00,7/8/2025 19:00,3455,,8.05
7/8/2025,20:00:00,7/8/2025 20:00,3127,,8.05
7/8/2025,21:00:00,7/8/2025 21:00,2839,,8.05
7/8/2025,22:00:00,7/8/2025 22:00,2687,,5.02
7/8/2025,23:00:00,7/8/2025 23:00,2604,,5.02
7/9/2025,0:00:00,7/9/2025 0:00,2273,,2.18
7/9/2025,1:00:00,7/9/2025 1:00,2192,,2.18
7/9/2025,2:00:00,7/9/2025 2:00,2133,,2.18
7/9/2025,3:00:00,7/9/2025 3:00,2019,,2.18
7/9/2025,4:00:00,7/9/2025 4:00,1940,,2.18
7/9/2025,5:00:00,7/9/2025 5:00,1885,,2.18
7/9/2025,6:00:00,7/9/2025 6:00,1854,,2.18
7/9/2025,7:00:00,7/9/2025 7:00,1864,,2.18
7/9/2025,8:00:00,7/9/2025 8:00,2180,,2.18
7/9/2025,9:00:00,7/9/2025 9:00,2677,,5.02
7/9/2025,10:00:00,7/9/2025 10:00,3065,,5.02
7/9/2025,11:00:00,7/9/2025 11:00,3287,,5.02
7/9/2025,12:00:00,7/9/2025 12:00,3412,,5.02
7/9/2025,13:00:00,7/9/2025 13:00,3525,,5.02
7/9/2025,14:00:00,7/9/2025 14:00,3541,,5.02
7/9/2025,15:00:00,7/9/2025 15:00,3576,,5.02
7/9/2025,16:00:00,7/9/2025 16:00,3524,,8.05
7/9/2025,17:00:00,7/9/2025 17:00,3446,,8.05
7/9/2025,18:00:00,7/9/2025 18:00,3220,,8.05
7/9/2025,19:00:00,7/9/2025 19:00,3038,,8.05
7/9/2025,20:00:00,7/9/2025 20:00,2749,,8.05
7/9/2025,21:00:00,7/9/2025 21:00,2502,,8.05
7/9/2025,22:00:00,7/9/2025 22:00,2408,,5.02
7/9/2025,23:00:00,7/9/2025 23:00,2320,,5.02
7/10/2025,0:00:00,7/10/2025 0:00,2148,,2.18
7/10/2025,1:00:00,7/10/2025 1:00,2142,,2.18
7/10/2025,2:00:00,7/10/2025 2:00,2030,,2.18
7/10/2025,3:00:00,7/10/2025 3:00,1911,,2.18
7/10/2025,4:00:00,7/10/2025 4:00,1876,,2.18
7/10/2025,5:00:00,7/10/2025 5:00,1843,,2.18
7/10/2025,6:00:00,7/10/2025 6:00,1837,,2.18
7/10/2025,7:00:00,7/10/2025 7:00,1838,,2.18
7/10/2025,8:00:00,7/10/2025 8:00,2165,,2.18
7/10/2025,9:00:00,7/10/2025 9:00,2631,,5.02
7/10/2025,10:00:00,7/10/2025 10:00,3028,,5.02
7/10/2025,11:00:00,7/10/2025 11:00,3248,,5.02
7/10/2025,12:00:00,7/10/2025 12:00,3512,,5.02
7/10/2025,13:00:00,7/10/2025 13:00,3613,,5.02
7/10/2025,14:00:00,7/10/2025 14:00,3588,,5.02
7/10/2025,15:00:00,7/10/2025 15:00,3505,,5.02
7/10/2025,16:00:00,7/10/2025 16:00,3486,,8.05
7/10/2025,17:00:00,7/10/2025 17:00,3372,,8.05
7/10/2025,18:00:00,7/10/2025 18:00,3265,,8.05
7/10/2025,19:00:00,7/10/2025 19:00,3099,,8.05
7/10/2025,20:00:00,7/10/2025 20:00,2851,,8.05
7/10/2025,21:00:00,7/10/2025 21:00,2625,,8.05
7/10/2025,22:00:00,7/10/2025 22:00,2411,,5.02
7/10/2025,23:00:00,7/10/2025 23:00,2280,,5.02
7/11/2025,0:00:00,7/11/2025 0:00,2099,,2.18
7/11/2025,1:00:00,7/11/2025 1:00,2021,,2.18
7/11/2025,2:00:00,7/11/2025 2:00,1953,,2.18
7/11/2025,3:00:00,7/11/2025 3:00,1888,,2.18
7/11/2025,4:00:00,7/11/2025 4:00,1828,,2.18
7/11/2025,5:00:00,7/11/2025 5:00,1812,,2.18
7/11/2025,6:00:00,7/11/2025 6:00,1807,,2.18
7/11/2025,7:00:00,7/11/2025 7:00,1799,,2.18
7/11/2025,8:00:00,7/11/2025 8:00,2060,,2.18
7/11/2025,9:00:00,7/11/2025 9:00,2633,,5.02
7/11/2025,10:00:00,7/11/2025 10:00,2946,,5.02
7/11/2025,11:00:00,7/11/2025 11:00,3248,,5.02
7/11/2025,12:00:00,7/11/2025 12:00,3422,,5.02
7/11/2025,13:00:00,7/11/2025 13:00,3470,,5.02
7/11/2025,14:00:00,7/11/2025 14:00,3397,,5.02
7/11/2025,15:00:00,7/11/2025 15:00,3456,,5.02
7/11/2025,16:00:00,7/11/2025 16:00,3439,,8.05
7/11/2025,17:00:00,7/11/2025 17:00,3388,,8.05
7/11/2025,18:00:00,7/11/2025 18:00,3176,,8.05
7/11/2025,19:00:00,7/11/2025 19:00,2969,,8.05
7/11/2025,20:00:00,7/11/2025 20:00,2640,,8.05
7/11/2025,21:00:00,7/11/2025 21:00,2403,,8.05
7/11/2025,22:00:00,7/11/2025 22:00,2301,,5.02
7/11/2025,23:00:00,7/11/2025 23:00,2214,,5.02
7/12/2025,0:00:00,7/12/2025 0:00,2157,,2.18
7/12/2025,1:00:00,7/12/2025 1:00,2044,,2.18
7/12/2025,2:00:00,7/12/2025 2:00,1981,,2.18
7/12/2025,3:00:00,7/12/2025 3:00,1911,,2.18
7/12/2025,4:00:00,7/12/2025 4:00,1859,,2.18
7/12/2025,5:00:00,7/12/2025 5:00,1828,,2.18
7/12/2025,6:00:00,7/12/2025 6:00,1749,,2.18
7/12/2025,7:00:00,7/12/2025 7:00,1789,,2.18
7/12/2025,8:00:00,7/12/2025 8:00,2084,,2.18
7/12/2025,9:00:00,7/12/2025 9:00,2221,,2.27
7/12/2025,10:00:00,7/12/2025 10:00,2412,,2.27
7/12/2025,11:00:00,7/12/2025 11:00,2471,,2.27
7/12/2025,12:00:00,7/12/2025 12:00,2640,,2.27
7/12/2025,13:00:00,7/12/2025 13:00,2734,,2.27
7/12/2025,14:00:00,7/12/2025 14:00,2794,,2.27
7/12/2025,15:00:00,7/12/2025 15:00,2792,,2.27
7/12/2025,16:00:00,7/12/2025 16:00,2846,,2.27
7/12/2025,17:00:00,7/12/2025 17:00,2760,,2.27
7/12/2025,18:00:00,7/12/2025 18:00,2625,,2.27
7/12/2025,19:00:00,7/12/2025 19:00,2456,,2.27
7/12/2025,20:00:00,7/12/2025 20:00,2356,,2.27
7/12/2025,21:00:00,7/12/2025 21:00,2276,,2.27
7/12/2025,22:00:00,7/12/2025 22:00,2216,,2.27
7/12/2025,23:00:00,7/12/2025 23:00,2184,,2.27
7/13/2025,0:00:00,7/13/2025 0:00,2051,,2.18
7/13/2025,1:00:00,7/13/2025 1:00,2072,,2.18
7/13/2025,2:00:00,7/13/2025 2:00,2026,,2.18
7/13/2025,3:00:00,7/13/2025 3:00,1920,,2.18
7/13/2025,4:00:00,7/13/2025 4:00,1872,,2.18
7/13/2025,5:00:00,7/13/2025 5:00,1820,,2.18
7/13/2025,6:00:00,7/13/2025 6:00,1758,,2.18
7/13/2025,7:00:00,7/13/2025 7:00,1757,,2.18
7/13/2025,8:00:00,7/13/2025 8:00,2000,,2.18
7/13/2025,9:00:00,7/13/2025 9:00,2136,,2.18
7/13/2025,10:00:00,7/13/2025 10:00,2276,,2.18
7/13/2025,11:00:00,7/13/2025 11:00,2397,,2.18
7/13/2025,12:00:00,7/13/2025 12:00,2498,,2.18
7/13/2025,13:00:00,7/13/2025 13:00,2652,,2.18
7/13/2025,14:00:00,7/13/2025 14:00,2708,,2.18
7/13/2025,15:00:00,7/13/2025 15:00,2758,,2.18
7/13/2025,16:00:00,7/13/2025 16:00,2837,,2.18
7/13/2025,17:00:00,7/13/2025 17:00,2836,,2.18
7/13/2025,18:00:00,7/13/2025 18:00,2710,,2.18
7/13/2025,19:00:00,7/13/2025 19:00,2607,,2.18
7/13/2025,20:00:00,7/13/2025 20:00,2605,,2.18
7/13/2025,21:00:00,7/13/2025 21:00,2501,,2.18
7/13/2025,22:00:00,7/13/2025 22:00,2466,,2.18
7/13/2025,23:00:00,7/13/2025 23:00,2445,,2.18
7/14/2025,0:00:00,7/14/2025 0:00,2350,,2.18
7/14/2025,1:00:00,7/14/2025 1:00,2336,,2.18
7/14/2025,2:00:00,7/14/2025 2:00,2232,,2.18
7/14/2025,3:00:00,7/14/2025 3:00,2093,,2.18
7/14/2025,4:00:00,7/14/2025 4:00,2007,,2.18
7/14/2025,5:00:00,7/14/2025 5:00,1957,,2.18
7/14/2025,6:00:00,7/14/2025 6:00,1937,,2.18
7/14/2025,7:00:00,7/14/2025 7:00,1969,,2.18
7/14/2025,8:00:00,7/14/2025 8:00,2311,,2.18
7/14/2025,9:00:00,7/14/2025 9:00,2930,,5.02
7/14/2025,10:00:00,7/14/2025 10:00,3454,,5.02
7/14/2025,11:00:00,7/14/2025 11:00,3706,,5.02
7/14/2025,12:00:00,7/14/2025 12:00,3964,,5.02
7/14/2025,13:00:00,7/14/2025 13:00,3928,,5.02
7/14/2025,14:00:00,7/14/2025 14:00,3935,,5.02
7/14/2025,15:00:00,7/14/2025 15:00,4055,,5.02
7/14/2025,16:00:00,7/14/2025 16:00,3992,,8.05
7/14/2025,17:00:00,7/14/2025 17:00,3857,,8.05
7/14/2025,18:00:00,7/14/2025 18:00,3627,,8.05
7/14/2025,19:00:00,7/14/2025 19:00,3330,,8.05
7/14/2025,20:00:00,7/14/2025 20:00,3017,,8.05
7/14/2025,21:00:00,7/14/2025 21:00,2729,,8.05
7/14/2025,22:00:00,7/14/2025 22:00,2605,,5.02
7/14/2025,23:00:00,7/14/2025 23:00,2501,,5.02
7/15/2025,0:00:00,7/15/2025 0:00,2367,,2.18
7/15/2025,1:00:00,7/15/2025 1:00,2279,,2.18
7/15/2025,2:00:00,7/15/2025 2:00,2157,,2.18
7/15/2025,3:00:00,7/15/2025 3:00,2076,,2.18
7/15/2025,4:00:00,7/15/2025 4:00,2004,,2.18
7/15/2025,5:00:00,7/15/2025 5:00,1950,,2.18
7/15/2025,6:00:00,7/15/2025 6:00,1903,,2.18
7/15/2025,7:00:00,7/15/2025 7:00,1927,,2.18
7/15/2025,8:00:00,7/15/2025 8:00,2372,,2.18
7/15/2025,9:00:00,7/15/2025 9:00,2985,,5.02
7/15/2025,10:00:00,7/15/2025 10:00,3631,,5.02
7/15/2025,11:00:00,7/15/2025 11:00,3966,,5.02
7/15/2025,12:00:00,7/15/2025 12:00,4243,,5.02
7/15/2025,13:00:00,7/15/2025 13:00,4248,,5.02
7/15/2025,14:00:00,7/15/2025 14:00,4211,,5.02
7/15/2025,15:00:00,7/15/2025 15:00,4254,,5.02
7/15/2025,16:00:00,7/15/2025 16:00,4304,,8.05
7/15/2025,17:00:00,7/15/2025 17:00,4136,,8.05
7/15/2025,18:00:00,7/15/2025 18:00,3800,,8.05
7/15/2025,19:00:00,7/15/2025 19:00,3537,,8.05
7/15/2025,20:00:00,7/15/2025 20:00,3222,,8.05
7/15/2025,21:00:00,7/15/2025 21:00,2912,,8.05
7/15/2025,22:00:00,7/15/2025 22:00,2782,,5.02
7/15/2025,23:00:00,7/15/2025 23:00,2617,,5.02
7/16/2025,0:00:00,7/16/2025 0:00,2456,,2.18
7/16/2025,1:00:00,7/16/2025 1:00,2325,,2.18
7/16/2025,2:00:00,7/16/2025 2:00,2226,,2.18
7/16/2025,3:00:00,7/16/2025 3:00,2132,,2.18
7/16/2025,4:00:00,7/16/2025 4:00,2037,,2.18
7/16/2025,5:00:00,7/16/2025 5:00,1990,,2.18
7/16/2025,6:00:00,7/16/2025 6:00,1968,,2.18
7/16/2025,7:00:00,7/16/2025 7:00,2000,,2.18
7/16/2025,8:00:00,7/16/2025 8:00,2376,,2.18
7/16/2025,9:00:00,7/16/2025 9:00,3163,,5.02
7/16/2025,10:00:00,7/16/2025 10:00,3762,,5.02
7/16/2025,11:00:00,7/16/2025 11:00,4182,,5.02
7/16/2025,12:00:00,7/16/2025 12:00,4382,,5.02
7/16/2025,13:00:00,7/16/2025 13:00,4265,,5.02
7/16/2025,14:00:00,7/16/2025 14:00,4220,,5.02
7/16/2025,15:00:00,7/16/2025 15:00,4028,,5.02
7/16/2025,16:00:00,7/16/2025 16:00,3847,,8.05
7/16/2025,17:00:00,7/16/2025 17:00,3776,,8.05
7/16/2025,18:00:00,7/16/2025 18:00,3510,,8.05
7/16/2025,19:00:00,7/16/2025 19:00,3249,,8.05
7/16/2025,20:00:00,7/16/2025 20:00,2957,,8.05
7/16/2025,21:00:00,7/16/2025 21:00,2711,,8.05
7/16/2025,22:00:00,7/16/2025 22:00,2572,,5.02
7/16/2025,23:00:00,7/16/2025 23:00,2473,,5.02
7/17/2025,0:00:00,7/17/2025 0:00,2304,,2.18
7/17/2025,1:00:00,7/17/2025 1:00,2276,,2.18
7/17/2025,2:00:00,7/17/2025 2:00,2142,,2.18
7/17/2025,3:00:00,7/17/2025 3:00,2021,,2.18
7/17/2025,4:00:00,7/17/2025 4:00,1965,,2.18
7/17/2025,5:00:00,7/17/2025 5:00,1889,,2.18
7/17/2025,6:00:00,7/17/2025 6:00,1903,,2.18
7/17/2025,7:00:00,7/17/2025 7:00,1946,,2.18
7/17/2025,8:00:00,7/17/2025 8:00,2305,,2.18
7/17/2025,9:00:00,7/17/2025 9:00,3096,,5.02
7/17/2025,10:00:00,7/17/2025 10:00,3712,,5.02
7/17/2025,11:00:00,7/17/2025 11:00,4056,,5.02
7/17/2025,12:00:00,7/17/2025 12:00,4437,,5.02
7/17/2025,13:00:00,7/17/2025 13:00,4353,,5.02
7/17/2025,14:00:00,7/17/2025 14:00,4241,,5.02
7/17/2025,15:00:00,7/17/2025 15:00,4194,,5.02
7/17/2025,16:00:00,7/17/2025 16:00,4125,,8.05
7/17/2025,17:00:00,7/17/2025 17:00,4073,,8.05
7/17/2025,18:00:00,7/17/2025 18:00,3844,,8.05
7/17/2025,19:00:00,7/17/2025 19:00,3569,,8.05
7/17/2025,20:00:00,7/17/2025 20:00,3285,,8.05
7/17/2025,21:00:00,7/17/2025 21:00,2920,,8.05
7/17/2025,22:00:00,7/17/2025 22:00,2697,,5.02
7/17/2025,23:00:00,7/17/2025 23:00,2578,,5.02
7/18/2025,0:00:00,7/18/2025 0:00,2448,,2.18
7/18/2025,1:00:00,7/18/2025 1:00,2331,,2.18
7/18/2025,2:00:00,7/18/2025 2:00,2212,,2.18
7/18/2025,3:00:00,7/18/2025 3:00,2083,,2.18
7/18/2025,4:00:00,7/18/2025 4:00,2047,,2.18
7/18/2025,5:00:00,7/18/2025 5:00,2010,,2.18
7/18/2025,6:00:00,7/18/2025 6:00,2005,,2.18
7/18/2025,7:00:00,7/18/2025 7:00,2021,,2.18
7/18/2025,8:00:00,7/18/2025 8:00,2416,,2.18
7/18/2025,9:00:00,7/18/2025 9:00,3245,,5.02
7/18/2025,10:00:00,7/18/2025 10:00,3795,,5.02
7/18/2025,11:00:00,7/18/2025 11:00,4093,,5.02
7/18/2025,12:00:00,7/18/2025 12:00,4289,,5.02
7/18/2025,13:00:00,7/18/2025 13:00,4227,,5.02
7/18/2025,14:00:00,7/18/2025 14:00,4250,,5.02
7/18/2025,15:00:00,7/18/2025 15:00,4189,,5.02
7/18/2025,16:00:00,7/18/2025 16:00,4077,,8.05
7/18/2025,17:00:00,7/18/2025 17:00,3893,,8.05
7/18/2025,18:00:00,7/18/2025 18:00,3534,,8.05
7/18/2025,19:00:00,7/18/2025 19:00,3284,,8.05
7/18/2025,20:00:00,7/18/2025 20:00,2971,,8.05
7/18/2025,21:00:00,7/18/2025 21:00,2722,,8.05
7/18/2025,22:00:00,7/18/2025 22:00,2581,,5.02
7/18/2025,23:00:00,7/18/2025 23:00,2420,,5.02
7/19/2025,0:00:00,7/19/2025 0:00,2254,,2.18
7/19/2025,1:00:00,7/19/2025 1:00,2196,,2.18
7/19/2025,2:00:00,7/19/2025 2:00,2119,,2.18
7/19/2025,3:00:00,7/19/2025 3:00,2039,,2.18
7/19/2025,4:00:00,7/19/2025 4:00,1985,,2.18
7/19/2025,5:00:00,7/19/2025 5:00,1972,,2.18
7/19/2025,6:00:00,7/19/2025 6:00,1922,,2.18
7/19/2025,7:00:00,7/19/2025 7:00,1924,,2.18
7/19/2025,8:00:00,7/19/2025 8:00,2062,,2.18
7/19/2025,9:00:00,7/19/2025 9:00,2410,,2.27
7/19/2025,10:00:00,7/19/2025 10:00,2530,,2.27
7/19/2025,11:00:00,7/19/2025 11:00,2629,,2.27
7/19/2025,12:00:00,7/19/2025 12:00,2818,,2.27
7/19/2025,13:00:00,7/19/2025 13:00,2868,,2.27
7/19/2025,14:00:00,7/19/2025 14:00,2856,,2.27
7/19/2025,15:00:00,7/19/2025 15:00,2817,,2.27
7/19/2025,16:00:00,7/19/2025 16:00,2875,,2.27
7/19/2025,17:00:00,7/19/2025 17:00,2883,,2.27
7/19/2025,18:00:00,7/19/2025 18:00,2682,,2.27
7/19/2025,19:00:00,7/19/2025 19:00,2564,,2.27
7/19/2025,20:00:00,7/19/2025 20:00,2484,,2.27
7/19/2025,21:00:00,7/19/2025 21:00,2340,,2.27
7/19/2025,22:00:00,7/19/2025 22:00,2279,,2.27
7/19/2025,23:00:00,7/19/2025 23:00,2204,,2.27
7/20/2025,0:00:00,7/20/2025 0:00,2133,,2.18
7/20/2025,1:00:00,7/20/2025 1:00,2106,,2.18
7/20/2025,2:00:00,7/20/2025 2:00,2054,,2.18
7/20/2025,3:00:00,7/20/2025 3:00,1964,,2.18
7/20/2025,4:00:00,7/20/2025 4:00,1927,,2.18
7/20/2025,5:00:00,7/20/2025 5:00,1892,,2.18
7/20/2025,6:00:00,7/20/2025 6:00,1873,,2.18
7/20/2025,7:00:00,7/20/2025 7:00,1870,,2.18
7/20/2025,8:00:00,7/20/2025 8:00,2083,,2.18
7/20/2025,9:00:00,7/20/2025 9:00,2193,,2.18
7/20/2025,10:00:00,7/20/2025 10:00,2286,,2.18
7/20/2025,11:00:00,7/20/2025 11:00,2379,,2.18
7/20/2025,12:00:00,7/20/2025 12:00,2498,,2.18
7/20/2025,13:00:00,7/20/2025 13:00,2604,,2.18
7/20/2025,14:00:00,7/20/2025 14:00,2618,,2.18
7/20/2025,15:00:00,7/20/2025 15:00,2606,,2.18
7/20/2025,16:00:00,7/20/2025 16:00,2633,,2.18
7/20/2025,17:00:00,7/20/2025 17:00,2668,,2.18
7/20/2025,18:00:00,7/20/2025 18:00,2588,,2.18
7/20/2025,19:00:00,7/20/2025 19:00,2482,,2.18
7/20/2025,20:00:00,7/20/2025 20:00,2389,,2.18
7/20/2025,21:00:00,7/20/2025 21:00,2304,,2.18
7/20/2025,22:00:00,7/20/2025 22:00,2313,,2.18
7/20/2025,23:00:00,7/20/2025 23:00,2250,,2.18
7/21/2025,0:00:00,7/21/2025 0:00,2155,,2.18
7/21/2025,1:00:00,7/21/2025 1:00,2132,,2.18
7/21/2025,2:00:00,7/21/2025 2:00,2028,,2.18
7/21/2025,3:00:00,7/21/2025 3:00,1923,,2.18
7/21/2025,4:00:00,7/21/2025 4:00,1868,,2.18
7/21/2025,5:00:00,7/21/2025 5:00,1845,,2.18
7/21/2025,6:00:00,7/21/2025 6:00,1816,,2.18
7/21/2025,7:00:00,7/21/2025 7:00,1868,,2.18
7/21/2025,8:00:00,7/21/2025 8:00,2190,,2.18
7/21/2025,9:00:00,7/21/2025 9:00,2776,,5.02
7/21/2025,10:00:00,7/21/2025 10:00,3167,,5.02
7/21/2025,11:00:00,7/21/2025 11:00,3470,,5.02
7/21/2025,12:00:00,7/21/2025 12:00,3719,,5.02
7/21/2025,13:00:00,7/21/2025 13:00,3748,,5.02
7/21/2025,14:00:00,7/21/2025 14:00,3633,,5.02
7/21/2025,15:00:00,7/21/2025 15:00,3636,,5.02
7/21/2025,16:00:00,7/21/2025 16:00,3619,,8.05
7/21/2025,17:00:00,7/21/2025 17:00,3441,,8.05
7/21/2025,18:00:00,7/21/2025 18:00,3288,,8.05
7/21/2025,19:00:00,7/21/2025 19:00,3032,,8.05
7/21/2025,20:00:00,7/21/2025 20:00,2768,,8.05
7/21/2025,21:00:00,7/21/2025 21:00,2498,,8.05
7/21/2025,22:00:00,7/21/2025 22:00,2365,,5.02
7/21/2025,23:00:00,7/21/2025 23:00,2283,,5.02
7/22/2025,0:00:00,7/22/2025 0:00,2174,,2.18
7/22/2025,1:00:00,7/22/2025 1:00,2087,,2.18
7/22/2025,2:00:00,7/22/2025 2:00,1935,,2.18
7/22/2025,3:00:00,7/22/2025 3:00,1889,,2.18
7/22/2025,4:00:00,7/22/2025 4:00,1853,,2.18
7/22/2025,5:00:00,7/22/2025 5:00,1849,,2.18
7/22/2025,6:00:00,7/22/2025 6:00,1824,,2.18
7/22/2025,7:00:00,7/22/2025 7:00,1879,,2.18
7/22/2025,8:00:00,7/22/2025 8:00,2244,,2.18
7/22/2025,9:00:00,7/22/2025 9:00,2935,,5.02
7/22/2025,10:00:00,7/22/2025 10:00,3315,,5.02
7/22/2025,11:00:00,7/22/2025 11:00,3622,,5.02
7/22/2025,12:00:00,7/22/2025 12:00,3819,,5.02
7/22/2025,13:00:00,7/22/2025 13:00,3855,,5.02
7/22/2025,14:00:00,7/22/2025 14:00,3850,,5.02
7/22/2025,15:00:00,7/22/2025 15:00,3850,,5.02
7/22/2025,16:00:00,7/22/2025 16:00,3849,,8.05
7/22/2025,17:00:00,7/22/2025 17:00,3715,,8.05
7/22/2025,18:00:00,7/22/2025 18:00,3553,,8.05
7/22/2025,19:00:00,7/22/2025 19:00,3232,,8.05
7/22/2025,20:00:00,7/22/2025 20:00,2888,,8.05
7/22/2025,21:00:00,7/22/2025 21:00,2612,,8.05
7/22/2025,22:00:00,7/22/2025 22:00,2472,,5.02
7/22/2025,23:00:00,7/22/2025 23:00,2367,,5.02
7/23/2025,0:00:00,7/23/2025 0:00,2226,,2.18
7/23/2025,1:00:00,7/23/2025 1:00,2142,,2.18
7/23/2025,2:00:00,7/23/2025 2:00,2040,,2.18
7/23/2025,3:00:00,7/23/2025 3:00,1945,,2.18
7/23/2025,4:00:00,7/23/2025 4:00,1877,,2.18
7/23/2025,5:00:00,7/23/2025 5:00,1852,,2.18
7/23/2025,6:00:00,7/23/2025 6:00,1845,,2.18
7/23/2025,7:00:00,7/23/2025 7:00,1880,,2.18
7/23/2025,8:00:00,7/23/2025 8:00,2258,,2.18
7/23/2025,9:00:00,7/23/2025 9:00,2879,,5.02
7/23/2025,10:00:00,7/23/2025 10:00,3427,,5.02
7/23/2025,11:00:00,7/23/2025 11:00,3728,,5.02
7/23/2025,12:00:00,7/23/2025 12:00,3955,,5.02
7/23/2025,13:00:00,7/23/2025 13:00,3938,,5.02
7/23/2025,14:00:00,7/23/2025 14:00,3929,,5.02
7/23/2025,15:00:00,7/23/2025 15:00,3977,,5.02
7/23/2025,16:00:00,7/23/2025 16:00,3995,,8.05
7/23/2025,17:00:00,7/23/2025 17:00,3814,,8.05
7/23/2025,18:00:00,7/23/2025 18:00,3572,,8.05
7/23/2025,19:00:00,7/23/2025 19:00,3255,,8.05
7/23/2025,20:00:00,7/23/2025 20:00,2914,,8.05
7/23/2025,21:00:00,7/23/2025 21:00,2640,,8.05
7/23/2025,22:00:00,7/23/2025 22:00,2514,,5.02
7/23/2025,23:00:00,7/23/2025 23:00,2394,,5.02
7/24/2025,0:00:00,7/24/2025 0:00,2237,,2.18
7/24/2025,1:00:00,7/24/2025 1:00,2173,,2.18
7/24/2025,2:00:00,7/24/2025 2:00,2048,,2.18
7/24/2025,3:00:00,7/24/2025 3:00,1945,,2.18
7/24/2025,4:00:00,7/24/2025 4:00,1909,,2.18
7/24/2025,5:00:00,7/24/2025 5:00,1858,,2.18
7/24/2025,6:00:00,7/24/2025 6:00,1840,,2.18
7/24/2025,7:00:00,7/24/2025 7:00,1902,,2.18
7/24/2025,8:00:00,7/24/2025 8:00,2247,,2.18
7/24/2025,9:00:00,7/24/2025 9:00,2924,,5.02
7/24/2025,10:00:00,7/24/2025 10:00,3369,,5.02
7/24/2025,11:00:00,7/24/2025 11:00,3695,,5.02
7/24/2025,12:00:00,7/24/2025 12:00,3956,,5.02
7/24/2025,13:00:00,7/24/2025 13:00,3988,,5.02
7/24/2025,14:00:00,7/24/2025 14:00,3990,,5.02
7/24/2025,15:00:00,7/24/2025 15:00,4018,,5.02
7/24/2025,16:00:00,7/24/2025 16:00,4006,,8.05
7/24/2025,17:00:00,7/24/2025 17:00,3709,,8.05
7/24/2025,18:00:00,7/24/2025 18:00,3485,,8.05
7/24/2025,19:00:00,7/24/2025 19:00,3300,,8.05
7/24/2025,20:00:00,7/24/2025 20:00,2953,,8.05
7/24/2025,21:00:00,7/24/2025 21:00,2618,,8.05
7/24/2025,22:00:00,7/24/2025 22:00,2436,,5.02
7/24/2025,23:00:00,7/24/2025 23:00,2327,,5.02
7/25/2025,0:00:00,7/25/2025 0:00,2221,,2.18
7/25/2025,1:00:00,7/25/2025 1:00,2121,,2.18
7/25/2025,2:00:00,7/25/2025 2:00,1991,,2.18
7/25/2025,3:00:00,7/25/2025 3:00,1912,,2.18
7/25/2025,4:00:00,7/25/2025 4:00,1864,,2.18
7/25/2025,5:00:00,7/25/2025 5:00,1843,,2.18
7/25/2025,6:00:00,7/25/2025 6:00,1828,,2.18
7/25/2025,7:00:00,7/25/2025 7:00,1864,,2.18
7/25/2025,8:00:00,7/25/2025 8:00,2155,,2.18
7/25/2025,9:00:00,7/25/2025 9:00,2665,,5.02
7/25/2025,10:00:00,7/25/2025 10:00,3147,,5.02
7/25/2025,11:00:00,7/25/2025 11:00,3380,,5.02
7/25/2025,12:00:00,7/25/2025 12:00,3558,,5.02
7/25/2025,13:00:00,7/25/2025 13:00,3485,,5.02
7/25/2025,14:00:00,7/25/2025 14:00,3427,,5.02
7/25/2025,15:00:00,7/25/2025 15:00,3610,,5.02
7/25/2025,16:00:00,7/25/2025 16:00,3611,,8.05
7/25/2025,17:00:00,7/25/2025 17:00,3249,,8.05
7/25/2025,18:00:00,7/25/2025 18:00,3097,,8.05
7/25/2025,19:00:00,7/25/2025 19:00,2908,,8.05
7/25/2025,20:00:00,7/25/2025 20:00,2699,,8.05
7/25/2025,21:00:00,7/25/2025 21:00,2486,,8.05
7/25/2025,22:00:00,7/25/2025 22:00,2309,,5.02
7/25/2025,23:00:00,7/25/2025 23:00,2200,,5.02
7/26/2025,0:00:00,7/26/2025 0:00,2099,,2.18
7/26/2025,1:00:00,7/26/2025 1:00,2041,,2.18
7/26/2025,2:00:00,7/26/2025 2:00,1962,,2.18
7/26/2025,3:00:00,7/26/2025 3:00,1884,,2.18
7/26/2025,4:00:00,7/26/2025 4:00,1826,,2.18
7/26/2025,5:00:00,7/26/2025 5:00,1803,,2.18
7/26/2025,6:00:00,7/26/2025 6:00,1784,,2.18
7/26/2025,7:00:00,7/26/2025 7:00,1795,,2.18
7/26/2025,8:00:00,7/26/2025 8:00,2124,,2.18
7/26/2025,9:00:00,7/26/2025 9:00,2289,,2.27
7/26/2025,10:00:00,7/26/2025 10:00,2409,,2.27
7/26/2025,11:00:00,7/26/2025 11:00,2463,,2.27
7/26/2025,12:00:00,7/26/2025 12:00,2630,,2.27
7/26/2025,13:00:00,7/26/2025 13:00,2716,,2.27
7/26/2025,14:00:00,7/26/2025 14:00,2840,,2.27
7/26/2025,15:00:00,7/26/2025 15:00,2903,,2.27
7/26/2025,16:00:00,7/26/2025 16:00,2935,,2.27
7/26/2025,17:00:00,7/26/2025 17:00,2792,,2.27
7/26/2025,18:00:00,7/26/2025 18:00,2664,,2.27
7/26/2025,19:00:00,7/26/2025 19:00,2531,,2.27
7/26/2025,20:00:00,7/26/2025 20:00,2418,,2.27
7/26/2025,21:00:00,7/26/2025 21:00,2330,,2.27
7/26/2025,22:00:00,7/26/2025 22:00,2292,,2.27
7/26/2025,23:00:00,7/26/2025 23:00,2212,,2.27
7/27/2025,0:00:00,7/27/2025 0:00,2145,,2.18
7/27/2025,1:00:00,7/27/2025 1:00,2129,,2.18
7/27/2025,2:00:00,7/27/2025 2:00,2037,,2.18
7/27/2025,3:00:00,7/27/2025 3:00,1957,,2.18
7/27/2025,4:00:00,7/27/2025 4:00,1909,,2.18
7/27/2025,5:00:00,7/27/2025 5:00,1866,,2.18
7/27/2025,6:00:00,7/27/2025 6:00,1839,,2.18
7/27/2025,7:00:00,7/27/2025 7:00,1826,,2.18
7/27/2025,8:00:00,7/27/2025 8:00,2128,,2.18
7/27/2025,9:00:00,7/27/2025 9:00,2302,,2.18
7/27/2025,10:00:00,7/27/2025 10:00,2399,,2.18
7/27/2025,11:00:00,7/27/2025 11:00,2511,,2.18
7/27/2025,12:00:00,7/27/2025 12:00,2548,,2.18
7/27/2025,13:00:00,7/27/2025 13:00,2605,,2.18
7/27/2025,14:00:00,7/27/2025 14:00,2567,,2.18
7/27/2025,15:00:00,7/27/2025 15:00,2594,,2.18
7/27/2025,16:00:00,7/27/2025 16:00,2596,,2.18
7/27/2025,17:00:00,7/27/2025 17:00,2610,,2.18
7/27/2025,18:00:00,7/27/2025 18:00,2465,,2.18
7/27/2025,19:00:00,7/27/2025 19:00,2491,,2.18
7/27/2025,20:00:00,7/27/2025 20:00,2421,,2.18
7/27/2025,21:00:00,7/27/2025 21:00,2368,,2.18
7/27/2025,22:00:00,7/27/2025 22:00,2341,,2.18
7/27/2025,23:00:00,7/27/2025 23:00,2230,,2.18
7/28/2025,0:00:00,7/28/2025 0:00,2167,,2.18
7/28/2025,1:00:00,7/28/2025 1:00,2158,,2.18
7/28/2025,2:00:00,7/28/2025 2:00,2029,,2.18
7/28/2025,3:00:00,7/28/2025 3:00,1924,,2.18
7/28/2025,4:00:00,7/28/2025 4:00,1868,,2.18
7/28/2025,5:00:00,7/28/2025 5:00,1822,,2.18
7/28/2025,6:00:00,7/28/2025 6:00,1835,,2.18
7/28/2025,7:00:00,7/28/2025 7:00,1860,,2.18
7/28/2025,8:00:00,7/28/2025 8:00,2192,,2.18
7/28/2025,9:00:00,7/28/2025 9:00,2835,,5.02
7/28/2025,10:00:00,7/28/2025 10:00,3231,,5.02
7/28/2025,11:00:00,7/28/2025 11:00,3609,,5.02
7/28/2025,12:00:00,7/28/2025 12:00,3864,,5.02
7/28/2025,13:00:00,7/28/2025 13:00,3849,,5.02
7/28/2025,14:00:00,7/28/2025 14:00,3883,,5.02
7/28/2025,15:00:00,7/28/2025 15:00,3888,,5.02
7/28/2025,16:00:00,7/28/2025 16:00,3772,,8.05
7/28/2025,17:00:00,7/28/2025 17:00,3741,,8.05
7/28/2025,18:00:00,7/28/2025 18:00,3579,,8.05
7/28/2025,19:00:00,7/28/2025 19:00,3344,,8.05
7/28/2025,20:00:00,7/28/2025 20:00,3003,,8.05
7/28/2025,21:00:00,7/28/2025 21:00,2662,,8.05
7/28/2025,22:00:00,7/28/2025 22:00,2470,,5.02
7/28/2025,23:00:00,7/28/2025 23:00,2311,,5.02
7/29/2025,0:00:00,7/29/2025 0:00,2173,,2.18
7/29/2025,1:00:00,7/29/2025 1:00,2097,,2.18
7/29/2025,2:00:00,7/29/2025 2:00,1999,,2.18
7/29/2025,3:00:00,7/29/2025 3:00,1923,,2.18
7/29/2025,4:00:00,7/29/2025 4:00,1869,,2.18
7/29/2025,5:00:00,7/29/2025 5:00,1844,,2.18
7/29/2025,6:00:00,7/29/2025 6:00,1831,,2.18
7/29/2025,7:00:00,7/29/2025 7:00,1861,,2.18
7/29/2025,8:00:00,7/29/2025 8:00,2155,,2.18
7/29/2025,9:00:00,7/29/2025 9:00,2706,,5.02
7/29/2025,10:00:00,7/29/2025 10:00,3103,,5.02
7/29/2025,11:00:00,7/29/2025 11:00,3471,,5.02
7/29/2025,12:00:00,7/29/2025 12:00,3812,,5.02
7/29/2025,13:00:00,7/29/2025 13:00,3856,,5.02
7/29/2025,14:00:00,7/29/2025 14:00,3859,,5.02
7/29/2025,15:00:00,7/29/2025 15:00,3924,,5.02
7/29/2025,16:00:00,7/29/2025 16:00,3876,,8.05
7/29/2025,17:00:00,7/29/2025 17:00,3826,,8.05
7/29/2025,18:00:00,7/29/2025 18:00,3596,,8.05
7/29/2025,19:00:00,7/29/2025 19:00,3260,,8.05
7/29/2025,20:00:00,7/29/2025 20:00,2968,,8.05
7/29/2025,21:00:00,7/29/2025 21:00,2694,,8.05
7/29/2025,22:00:00,7/29/2025 22:00,2571,,5.02
7/29/2025,23:00:00,7/29/2025 23:00,2407,,5.02
7/30/2025,0:00:00,7/30/2025 0:00,2229,,2.18
7/30/2025,1:00:00,7/30/2025 1:00,2175,,2.18
7/30/2025,2:00:00,7/30/2025 2:00,2049,,2.18
7/30/2025,3:00:00,7/30/2025 3:00,1933,,2.18
7/30/2025,4:00:00,7/30/2025 4:00,1893,,2.18
7/30/2025,5:00:00,7/30/2025 5:00,1856,,2.18
7/30/2025,6:00:00,7/30/2025 6:00,1843,,2.18
7/30/2025,7:00:00,7/30/2025 7:00,1901,,2.18
7/30/2025,8:00:00,7/30/2025 8:00,2185,,2.18
7/30/2025,9:00:00,7/30/2025 9:00,2767,,5.02
7/30/2025,10:00:00,7/30/2025 10:00,3372,,5.02
7/30/2025,11:00:00,7/30/2025 11:00,3816,,5.02
7/30/2025,12:00:00,7/30/2025 12:00,4122,,5.02
7/30/2025,13:00:00,7/30/2025 13:00,4166,,5.02
7/30/2025,14:00:00,7/30/2025 14:00,4157,,5.02
7/30/2025,15:00:00,7/30/2025 15:00,4190,,5.02
7/30/2025,16:00:00,7/30/2025 16:00,4374,,8.05
7/30/2025,17:00:00,7/30/2025 17:00,4154,,8.05
7/30/2025,18:00:00,7/30/2025 18:00,3867,,8.05
7/30/2025,19:00:00,7/30/2025 19:00,3449,,8.05
7/30/2025,20:00:00,7/30/2025 20:00,3122,,8.05
7/30/2025,21:00:00,7/30/2025 21:00,2828,,8.05
7/30/2025,22:00:00,7/30/2025 22:00,2709,,5.02
7/30/2025,23:00:00,7/30/2025 23:00,2548,,5.02
7/31/2025,0:00:00,7/31/2025 0:00,2413,,2.18
7/31/2025,1:00:00,7/31/2025 1:00,2297,,2.18
7/31/2025,2:00:00,7/31/2025 2:00,2183,,2.18
7/31/2025,3:00:00,7/31/2025 3:00,2079,,2.18
7/31/2025,4:00:00,7/31/2025 4:00,2020,,2.18
7/31/2025,5:00:00,7/31/2025 5:00,1976,,2.18
7/31/2025,6:00:00,7/31/2025 6:00,1962,,2.18
7/31/2025,7:00:00,7/31/2025 7:00,2025,,2.18
7/31/2025,8:00:00,7/31/2025 8:00,2417,,2.18
7/31/2025,9:00:00,7/31/2025 9:00,3131,,5.02
7/31/2025,10:00:00,7/31/2025 10:00,3605,,5.02
7/31/2025,11:00:00,7/31/2025 11:00,3920,,5.02
7/31/2025,12:00:00,7/31/2025 12:00,4192,,5.02
7/31/2025,13:00:00,7/31/2025 13:00,4217,,5.02
7/31/2025,14:00:00,7/31/2025 14:00,4243,,5.02
7/31/2025,15:00:00,7/31/2025 15:00,4347,,5.02
7/31/2025,16:00:00,7/31/2025 16:00,4262,,8.05
7/31/2025,17:00:00,7/31/2025 17:00,4191,,8.05
7/31/2025,18:00:00,7/31/2025 18:00,3994,,8.05
7/31/2025,19:00:00,7/31/2025 19:00,3655,,8.05
7/31/2025,20:00:00,7/31/2025 20:00,3270,,8.05
7/31/2025,21:00:00,7/31/2025 21:00,2839,,8.05
7/31/2025,22:00:00,7/31/2025 22:00,2620,,5.02
7/31/2025,23:00:00,7/31/2025 23:00,2461,,5.02
8/1/2025,0:00:00,8/1/2025 0:00,2316,,2.18
8/1/2025,1:00:00,8/1/2025 1:00,2201,,2.18
8/1/2025,2:00:00,8/1/2025 2:00,2097,,2.18
8/1/2025,3:00:00,8/1/2025 3:00,1991,,2.18
8/1/2025,4:00:00,8/1/2025 4:00,1937,,2.18
8/1/2025,5:00:00,8/1/2025 5:00,1899,,2.18
8/1/2025,6:00:00,8/1/2025 6:00,1893,,2.18
8/1/2025,7:00:00,8/1/2025 7:00,1918,,2.18
8/1/2025,8:00:00,8/1/2025 8:00,2208,,2.18
8/1/2025,9:00:00,8/1/2025 9:00,2734,,5.02
8/1/2025,10:00:00,8/1/2025 10:00,3245,,5.02
8/1/2025,11:00:00,8/1/2025 11:00,3583,,5.02
8/1/2025,12:00:00,8/1/2025 12:00,3767,,5.02
8/1/2025,13:00:00,8/1/2025 13:00,3792,,5.02
8/1/2025,14:00:00,8/1/2025 14:00,3702,,5.02
8/1/2025,15:00:00,8/1/2025 15:00,3818,,5.02
8/1/2025,16:00:00,8/1/2025 16:00,3732,,8.05
8/1/2025,17:00:00,8/1/2025 17:00,3549,,8.05
8/1/2025,18:00:00,8/1/2025 18:00,3301,,8.05
8/1/2025,19:00:00,8/1/2025 19:00,3032,,8.05
8/1/2025,20:00:00,8/1/2025 20:00,2736,,8.05
8/1/2025,21:00:00,8/1/2025 21:00,2451,,8.05
8/1/2025,22:00:00,8/1/2025 22:00,2291,,5.02
8/1/2025,23:00:00,8/1/2025 23:00,2153,,5.02
8/2/2025,0:00:00,8/2/2025 0:00,1990,,2.18
8/2/2025,1:00:00,8/2/2025 1:00,1925,,2.18
8/2/2025,2:00:00,8/2/2025 2:00,1845,,2.18
8/2/2025,3:00:00,8/2/2025 3:00,1758,,2.18
8/2/2025,4:00:00,8/2/2025 4:00,1686,,2.18
8/2/2025,5:00:00,8/2/2025 5:00,1633,,2.18
8/2/2025,6:00:00,8/2/2025 6:00,1626,,2.18
8/2/2025,7:00:00,8/2/2025 7:00,1703,,2.18
8/2/2025,8:00:00,8/2/2025 8:00,1793,,2.18
8/2/2025,9:00:00,8/2/2025 9:00,691,,2.27
8/2/2025,10:00:00,8/2/2025 10:00,0,,2.27
8/2/2025,11:00:00,8/2/2025 11:00,0,,2.27
8/2/2025,12:00:00,8/2/2025 12:00,0,,2.27
8/2/2025,13:00:00,8/2/2025 13:00,0,,2.27
8/2/2025,14:00:00,8/2/2025 14:00,0,,2.27
8/2/2025,15:00:00,8/2/2025 15:00,0,,2.27
8/2/2025,16:00:00,8/2/2025 16:00,0,,2.27
8/2/2025,17:00:00,8/2/2025 17:00,42,,2.27
8/2/2025,18:00:00,8/2/2025 18:00,1684,,2.27
8/2/2025,19:00:00,8/2/2025 19:00,1578,,2.27
8/2/2025,20:00:00,8/2/2025 20:00,1557,,2.27
8/2/2025,21:00:00,8/2/2025 21:00,1572,,2.27
8/2/2025,22:00:00,8/2/2025 22:00,1650,,2.27
8/2/2025,23:00:00,8/2/2025 23:00,1572,,2.27
8/3/2025,0:00:00,8/3/2025 0:00,1508,,2.18
8/3/2025,1:00:00,8/3/2025 1:00,1536,,2.18
8/3/2025,2:00:00,8/3/2025 2:00,1431,,2.18
8/3/2025,3:00:00,8/3/2025 3:00,1364,,2.18
8/3/2025,4:00:00,8/3/2025 4:00,1316,,2.18
8/3/2025,5:00:00,8/3/2025 5:00,1314,,2.18
8/3/2025,6:00:00,8/3/2025 6:00,1298,,2.18
8/3/2025,7:00:00,8/3/2025 7:00,1270,,2.18
8/3/2025,8:00:00,8/3/2025 8:00,1418,,2.18
8/3/2025,9:00:00,8/3/2025 9:00,1745,,2.18
8/3/2025,10:00:00,8/3/2025 10:00,1752,,2.18
8/3/2025,11:00:00,8/3/2025 11:00,1878,,2.18
8/3/2025,12:00:00,8/3/2025 12:00,2042,,2.18
8/3/2025,13:00:00,8/3/2025 13:00,2141,,2.18
8/3/2025,14:00:00,8/3/2025 14:00,2236,,2.18
8/3/2025,15:00:00,8/3/2025 15:00,2327,,2.18
8/3/2025,16:00:00,8/3/2025 16:00,2356,,2.18
8/3/2025,17:00:00,8/3/2025 17:00,2360,,2.18
8/3/2025,18:00:00,8/3/2025 18:00,2267,,2.18
8/3/2025,19:00:00,8/3/2025 19:00,2164,,2.18
8/3/2025,20:00:00,8/3/2025 20:00,2075,,2.18
8/3/2025,21:00:00,8/3/2025 21:00,2005,,2.18
8/3/2025,22:00:00,8/3/2025 22:00,1958,,2.18
8/3/2025,23:00:00,8/3/2025 23:00,1885,,2.18
8/4/2025,0:00:00,8/4/2025 0:00,1817,,2.18
8/4/2025,1:00:00,8/4/2025 1:00,1766,,2.18
8/4/2025,2:00:00,8/4/2025 2:00,1691,,2.18
8/4/2025,3:00:00,8/4/2025 3:00,1570,,2.18
8/4/2025,4:00:00,8/4/2025 4:00,1508,,2.18
8/4/2025,5:00:00,8/4/2025 5:00,1432,,2.18
8/4/2025,6:00:00,8/4/2025 6:00,1437,,2.18
8/4/2025,7:00:00,8/4/2025 7:00,1484,,2.18
8/4/2025,8:00:00,8/4/2025 8:00,1890,,2.18
8/4/2025,9:00:00,8/4/2025 9:00,2554,,5.02
8/4/2025,10:00:00,8/4/2025 10:00,3164,,5.02
8/4/2025,11:00:00,8/4/2025 11:00,3639,,5.02
8/4/2025,12:00:00,8/4/2025 12:00,3933,,5.02
8/4/2025,13:00:00,8/4/2025 13:00,4027,,5.02
8/4/2025,14:00:00,8/4/2025 14:00,3937,,5.02
8/4/2025,15:00:00,8/4/2025 15:00,4001,,5.02
8/4/2025,16:00:00,8/4/2025 16:00,3933,,8.05
8/4/2025,17:00:00,8/4/2025 17:00,3885,,8.05
8/4/2025,18:00:00,8/4/2025 18:00,3760,,8.05
8/4/2025,19:00:00,8/4/2025 19:00,3361,,8.05
8/4/2025,20:00:00,8/4/2025 20:00,3044,,8.05
8/4/2025,21:00:00,8/4/2025 21:00,2643,,8.05
8/4/2025,22:00:00,8/4/2025 22:00,2499,,5.02
8/4/2025,23:00:00,8/4/2025 23:00,2361,,5.02
8/5/2025,0:00:00,8/5/2025 0:00,2237,,2.18
8/5/2025,1:00:00,8/5/2025 1:00,2097,,2.18
8/5/2025,2:00:00,8/5/2025 2:00,1991,,2.18
8/5/2025,3:00:00,8/5/2025 3:00,1887,,2.18
8/5/2025,4:00:00,8/5/2025 4:00,1821,,2.18
8/5/2025,5:00:00,8/5/2025 5:00,1765,,2.18
8/5/2025,6:00:00,8/5/2025 6:00,1782,,2.18
8/5/2025,7:00:00,8/5/2025 7:00,1803,,2.18
8/5/2025,8:00:00,8/5/2025 8:00,2260,,2.18
8/5/2025,9:00:00,8/5/2025 9:00,2950,,5.02
8/5/2025,10:00:00,8/5/2025 10:00,3582,,5.02
8/5/2025,11:00:00,8/5/2025 11:00,3946,,5.02
8/5/2025,12:00:00,8/5/2025 12:00,4230,,5.02
8/5/2025,13:00:00,8/5/2025 13:00,4044,,5.02
8/5/2025,14:00:00,8/5/2025 14:00,3695,,5.02
8/5/2025,15:00:00,8/5/2025 15:00,3732,,5.02
8/5/2025,16:00:00,8/5/2025 16:00,3704,,8.05
8/5/2025,17:00:00,8/5/2025 17:00,3573,,8.05
8/5/2025,18:00:00,8/5/2025 18:00,3415,,8.05
8/5/2025,19:00:00,8/5/2025 19:00,3181,,8.05
8/5/2025,20:00:00,8/5/2025 20:00,2860,,8.05
8/5/2025,21:00:00,8/5/2025 21:00,2524,,8.05
8/5/2025,22:00:00,8/5/2025 22:00,2407,,5.02
8/5/2025,23:00:00,8/5/2025 23:00,2272,,5.02
8/6/2025,0:00:00,8/6/2025 0:00,2109,,2.18
8/6/2025,1:00:00,8/6/2025 1:00,2017,,2.18
8/6/2025,2:00:00,8/6/2025 2:00,1915,,2.18
8/6/2025,3:00:00,8/6/2025 3:00,1853,,2.18
8/6/2025,4:00:00,8/6/2025 4:00,1785,,2.18
8/6/2025,5:00:00,8/6/2025 5:00,1753,,2.18
8/6/2025,6:00:00,8/6/2025 6:00,1726,,2.18
8/6/2025,7:00:00,8/6/2025 7:00,1760,,2.18
8/6/2025,8:00:00,8/6/2025 8:00,2190,,2.18
8/6/2025,9:00:00,8/6/2025 9:00,2772,,5.02
8/6/2025,10:00:00,8/6/2025 10:00,3175,,5.02
8/6/2025,11:00:00,8/6/2025 11:00,3659,,5.02
8/6/2025,12:00:00,8/6/2025 12:00,3932,,5.02
8/6/2025,13:00:00,8/6/2025 13:00,4033,,5.02
8/6/2025,14:00:00,8/6/2025 14:00,4086,,5.02
8/6/2025,15:00:00,8/6/2025 15:00,4057,,5.02
8/6/2025,16:00:00,8/6/2025 16:00,3939,,8.05
8/6/2025,17:00:00,8/6/2025 17:00,3891,,8.05
8/6/2025,18:00:00,8/6/2025 18:00,3590,,8.05
8/6/2025,19:00:00,8/6/2025 19:00,3270,,8.05
8/6/2025,20:00:00,8/6/2025 20:00,2936,,8.05
8/6/2025,21:00:00,8/6/2025 21:00,2578,,8.05
8/6/2025,22:00:00,8/6/2025 22:00,2420,,5.02
8/6/2025,23:00:00,8/6/2025 23:00,2346,,5.02
8/7/2025,0:00:00,8/7/2025 0:00,2229,,2.18
8/7/2025,1:00:00,8/7/2025 1:00,2108,,2.18
8/7/2025,2:00:00,8/7/2025 2:00,1975,,2.18
8/7/2025,3:00:00,8/7/2025 3:00,1882,,2.18
8/7/2025,4:00:00,8/7/2025 4:00,1844,,2.18
8/7/2025,5:00:00,8/7/2025 5:00,1799,,2.18
8/7/2025,6:00:00,8/7/2025 6:00,1767,,2.18
8/7/2025,7:00:00,8/7/2025 7:00,1804,,2.18
8/7/2025,8:00:00,8/7/2025 8:00,2193,,2.18
8/7/2025,9:00:00,8/7/2025 9:00,2813,,5.02
8/7/2025,10:00:00,8/7/2025 10:00,3355,,5.02
8/7/2025,11:00:00,8/7/2025 11:00,3643,,5.02
8/7/2025,12:00:00,8/7/2025 12:00,3903,,5.02
8/7/2025,13:00:00,8/7/2025 13:00,3909,,5.02
8/7/2025,14:00:00,8/7/2025 14:00,3984,,5.02
8/7/2025,15:00:00,8/7/2025 15:00,4096,,5.02
8/7/2025,16:00:00,8/7/2025 16:00,4127,,8.05
8/7/2025,17:00:00,8/7/2025 17:00,4009,,8.05
8/7/2025,18:00:00,8/7/2025 18:00,3802,,8.05
8/7/2025,19:00:00,8/7/2025 19:00,3500,,8.05
8/7/2025,20:00:00,8/7/2025 20:00,3141,,8.05
8/7/2025,21:00:00,8/7/2025 21:00,2819,,8.05
8/7/2025,22:00:00,8/7/2025 22:00,2617,,5.02
8/7/2025,23:00:00,8/7/2025 23:00,2425,,5.02
8/8/2025,0:00:00,8/8/2025 0:00,2293,,2.18
8/8/2025,1:00:00,8/8/2025 1:00,2159,,2.18
8/8/2025,2:00:00,8/8/2025 2:00,2056,,2.18
8/8/2025,3:00:00,8/8/2025 3:00,1988,,2.18
8/8/2025,4:00:00,8/8/2025 4:00,1924,,2.18
8/8/2025,5:00:00,8/8/2025 5:00,1845,,2.18
8/8/2025,6:00:00,8/8/2025 6:00,1841,,2.18
8/8/2025,7:00:00,8/8/2025 7:00,1887,,2.18
8/8/2025,8:00:00,8/8/2025 8:00,2183,,2.18
8/8/2025,9:00:00,8/8/2025 9:00,2660,,5.02
8/8/2025,10:00:00,8/8/2025 10:00,3036,,5.02
8/8/2025,11:00:00,8/8/2025 11:00,3376,,5.02
8/8/2025,12:00:00,8/8/2025 12:00,3645,,5.02
8/8/2025,13:00:00,8/8/2025 13:00,3634,,5.02
8/8/2025,14:00:00,8/8/2025 14:00,3611,,5.02
8/8/2025,15:00:00,8/8/2025 15:00,3598,,5.02
8/8/2025,16:00:00,8/8/2025 16:00,3661,,8.05
8/8/2025,17:00:00,8/8/2025 17:00,3584,,8.05
8/8/2025,18:00:00,8/8/2025 18:00,3429,,8.05
8/8/2025,19:00:00,8/8/2025 19:00,3202,,8.05
8/8/2025,20:00:00,8/8/2025 20:00,2856,,8.05
8/8/2025,21:00:00,8/8/2025 21:00,2479,,8.05
8/8/2025,22:00:00,8/8/2025 22:00,2336,,5.02
8/8/2025,23:00:00,8/8/2025 23:00,2239,,5.02
8/9/2025,0:00:00,8/9/2025 0:00,2123,,2.18
8/9/2025,1:00:00,8/9/2025 1:00,2047,,2.18
8/9/2025,2:00:00,8/9/2025 2:00,1976,,2.18
8/9/2025,3:00:00,8/9/2025 3:00,1909,,2.18
8/9/2025,4:00:00,8/9/2025 4:00,1853,,2.18
8/9/2025,5:00:00,8/9/2025 5:00,1811,,2.18
8/9/2025,6:00:00,8/9/2025 6:00,1772,,2.18
8/9/2025,7:00:00,8/9/2025 7:00,1800,,2.18
8/9/2025,8:00:00,8/9/2025 8:00,1968,,2.18
8/9/2025,9:00:00,8/9/2025 9:00,2217,,2.27
8/9/2025,10:00:00,8/9/2025 10:00,2379,,2.27
8/9/2025,11:00:00,8/9/2025 11:00,2648,,2.27
8/9/2025,12:00:00,8/9/2025 12:00,2754,,2.27
8/9/2025,13:00:00,8/9/2025 13:00,2890,,2.27
8/9/2025,14:00:00,8/9/2025 14:00,2997,,2.27
8/9/2025,15:00:00,8/9/2025 15:00,2998,,2.27
8/9/2025,16:00:00,8/9/2025 16:00,3003,,2.27
8/9/2025,17:00:00,8/9/2025 17:00,2843,,2.27
8/9/2025,18:00:00,8/9/2025 18:00,2623,,2.27
8/9/2025,19:00:00,8/9/2025 19:00,2504,,2.27
8/9/2025,20:00:00,8/9/2025 20:00,2388,,2.27
8/9/2025,21:00:00,8/9/2025 21:00,2281,,2.27
8/9/2025,22:00:00,8/9/2025 22:00,2227,,2.27
8/9/2025,23:00:00,8/9/2025 23:00,2168,,2.27
8/10/2025,0:00:00,8/10/2025 0:00,2184,,2.18
8/10/2025,1:00:00,8/10/2025 1:00,2150,,2.18
8/10/2025,2:00:00,8/10/2025 2:00,2056,,2.18
8/10/2025,3:00:00,8/10/2025 3:00,2000,,2.18
8/10/2025,4:00:00,8/10/2025 4:00,1938,,2.18
8/10/2025,5:00:00,8/10/2025 5:00,1892,,2.18
8/10/2025,6:00:00,8/10/2025 6:00,1829,,2.18
8/10/2025,7:00:00,8/10/2025 7:00,1828,,2.18
8/10/2025,8:00:00,8/10/2025 8:00,1927,,2.18
8/10/2025,9:00:00,8/10/2025 9:00,2121,,2.18
8/10/2025,10:00:00,8/10/2025 10:00,2330,,2.18
8/10/2025,11:00:00,8/10/2025 11:00,2453,,2.18
8/10/2025,12:00:00,8/10/2025 12:00,2633,,2.18
8/10/2025,13:00:00,8/10/2025 13:00,2714,,2.18
8/10/2025,14:00:00,8/10/2025 14:00,2671,,2.18
8/10/2025,15:00:00,8/10/2025 15:00,2661,,2.18
8/10/2025,16:00:00,8/10/2025 16:00,2678,,2.18
8/10/2025,17:00:00,8/10/2025 17:00,2674,,2.18
8/10/2025,18:00:00,8/10/2025 18:00,2552,,2.18
8/10/2025,19:00:00,8/10/2025 19:00,2466,,2.18
8/10/2025,20:00:00,8/10/2025 20:00,2409,,2.18
8/10/2025,21:00:00,8/10/2025 21:00,2320,,2.18
8/10/2025,22:00:00,8/10/2025 22:00,2274,,2.18
8/10/2025,23:00:00,8/10/2025 23:00,2252,,2.18
8/11/2025,0:00:00,8/11/2025 0:00,2176,,2.18
8/11/2025,1:00:00,8/11/2025 1:00,2151,,2.18
8/11/2025,2:00:00,8/11/2025 2:00,2002,,2.18
8/11/2025,3:00:00,8/11/2025 3:00,1952,,2.18
8/11/2025,4:00:00,8/11/2025 4:00,1905,,2.18
8/11/2025,5:00:00,8/11/2025 5:00,1861,,2.18
8/11/2025,6:00:00,8/11/2025 6:00,1847,,2.18
8/11/2025,7:00:00,8/11/2025 7:00,1878,,2.18
8/11/2025,8:00:00,8/11/2025 8:00,2202,,2.18
8/11/2025,9:00:00,8/11/2025 9:00,2780,,5.02
8/11/2025,10:00:00,8/11/2025 10:00,3407,,5.02
8/11/2025,11:00:00,8/11/2025 11:00,3840,,5.02
8/11/2025,12:00:00,8/11/2025 12:00,4035,,5.02
8/11/2025,13:00:00,8/11/2025 13:00,3988,,5.02
8/11/2025,14:00:00,8/11/2025 14:00,3917,,5.02
8/11/2025,15:00:00,8/11/2025 15:00,3889,,5.02
8/11/2025,16:00:00,8/11/2025 16:00,3749,,8.05
8/11/2025,17:00:00,8/11/2025 17:00,3732,,8.05
8/11/2025,18:00:00,8/11/2025 18:00,3567,,8.05
8/11/2025,19:00:00,8/11/2025 19:00,3302,,8.05
8/11/2025,20:00:00,8/11/2025 20:00,2933,,8.05
8/11/2025,21:00:00,8/11/2025 21:00,2625,,8.05
8/11/2025,22:00:00,8/11/2025 22:00,2485,,5.02
8/11/2025,23:00:00,8/11/2025 23:00,2387,,5.02
8/12/2025,0:00:00,8/12/2025 0:00,2290,,2.18
8/12/2025,1:00:00,8/12/2025 1:00,2183,,2.18
8/12/2025,2:00:00,8/12/2025 2:00,2043,,2.18
8/12/2025,3:00:00,8/12/2025 3:00,1997,,2.18
8/12/2025,4:00:00,8/12/2025 4:00,1937,,2.18
8/12/2025,5:00:00,8/12/2025 5:00,1881,,2.18
8/12/2025,6:00:00,8/12/2025 6:00,1842,,2.18
8/12/2025,7:00:00,8/12/2025 7:00,1919,,2.18
8/12/2025,8:00:00,8/12/2025 8:00,2315,,2.18
8/12/2025,9:00:00,8/12/2025 9:00,2843,,5.02
8/12/2025,10:00:00,8/12/2025 10:00,3449,,5.02
8/12/2025,11:00:00,8/12/2025 11:00,3896,,5.02
8/12/2025,12:00:00,8/12/2025 12:00,4152,,5.02
8/12/2025,13:00:00,8/12/2025 13:00,4154,,5.02
8/12/2025,14:00:00,8/12/2025 14:00,4153,,5.02
8/12/2025,15:00:00,8/12/2025 15:00,4108,,5.02
8/12/2025,16:00:00,8/12/2025 16:00,4095,,8.05
8/12/2025,17:00:00,8/12/2025 17:00,3990,,8.05
8/12/2025,18:00:00,8/12/2025 18:00,3758,,8.05
8/12/2025,19:00:00,8/12/2025 19:00,3399,,8.05
8/12/2025,20:00:00,8/12/2025 20:00,2991,,8.05
8/12/2025,21:00:00,8/12/2025 21:00,2651,,8.05
8/12/2025,22:00:00,8/12/2025 22:00,2499,,5.02
8/12/2025,23:00:00,8/12/2025 23:00,2425,,5.02
8/13/2025,0:00:00,8/13/2025 0:00,2323,,2.18
8/13/2025,1:00:00,8/13/2025 1:00,2249,,2.18
8/13/2025,2:00:00,8/13/2025 2:00,2141,,2.18
8/13/2025,3:00:00,8/13/2025 3:00,2050,,2.18
8/13/2025,4:00:00,8/13/2025 4:00,2031,,2.18
8/13/2025,5:00:00,8/13/2025 5:00,2025,,2.18
8/13/2025,6:00:00,8/13/2025 6:00,1955,,2.18
8/13/2025,7:00:00,8/13/2025 7:00,1958,,2.18
8/13/2025,8:00:00,8/13/2025 8:00,2224,,2.18
8/13/2025,9:00:00,8/13/2025 9:00,2731,,5.02
8/13/2025,10:00:00,8/13/2025 10:00,3298,,5.02
8/13/2025,11:00:00,8/13/2025 11:00,3728,,5.02
8/13/2025,12:00:00,8/13/2025 12:00,3864,,5.02
8/13/2025,13:00:00,8/13/2025 13:00,3868,,5.02
8/13/2025,14:00:00,8/13/2025 14:00,3843,,5.02
8/13/2025,15:00:00,8/13/2025 15:00,3815,,5.02
8/13/2025,16:00:00,8/13/2025 16:00,3767,,8.05
8/13/2025,17:00:00,8/13/2025 17:00,3698,,8.05
8/13/2025,18:00:00,8/13/2025 18:00,3464,,8.05
8/13/2025,19:00:00,8/13/2025 19:00,3100,,8.05
8/13/2025,20:00:00,8/13/2025 20:00,2786,,8.05
8/13/2025,21:00:00,8/13/2025 21:00,2517,,8.05
8/13/2025,22:00:00,8/13/2025 22:00,2462,,5.02
8/13/2025,23:00:00,8/13/2025 23:00,2364,,5.02
8/14/2025,0:00:00,8/14/2025 0:00,2232,,2.18
8/14/2025,1:00:00,8/14/2025 1:00,2149,,2.18
8/14/2025,2:00:00,8/14/2025 2:00,2057,,2.18
8/14/2025,3:00:00,8/14/2025 3:00,1957,,2.18
8/14/2025,4:00:00,8/14/2025 4:00,1893,,2.18
8/14/2025,5:00:00,8/14/2025 5:00,1862,,2.18
8/14/2025,6:00:00,8/14/2025 6:00,1836,,2.18
8/14/2025,7:00:00,8/14/2025 7:00,1878,,2.18
8/14/2025,8:00:00,8/14/2025 8:00,2272,,2.18
8/14/2025,9:00:00,8/14/2025 9:00,2828,,5.02
8/14/2025,10:00:00,8/14/2025 10:00,3264,,5.02
8/14/2025,11:00:00,8/14/2025 11:00,3766,,5.02
8/14/2025,12:00:00,8/14/2025 12:00,3971,,5.02
8/14/2025,13:00:00,8/14/2025 13:00,3908,,5.02
8/14/2025,14:00:00,8/14/2025 14:00,3877,,5.02
8/14/2025,15:00:00,8/14/2025 15:00,3938,,5.02
8/14/2025,16:00:00,8/14/2025 16:00,3887,,8.05
8/14/2025,17:00:00,8/14/2025 17:00,3932,,8.05
8/14/2025,18:00:00,8/14/2025 18:00,3688,,8.05
8/14/2025,19:00:00,8/14/2025 19:00,3409,,8.05
8/14/2025,20:00:00,8/14/2025 20:00,3075,,8.05
8/14/2025,21:00:00,8/14/2025 21:00,2767,,8.05
8/14/2025,22:00:00,8/14/2025 22:00,2576,,5.02
8/14/2025,23:00:00,8/14/2025 23:00,2443,,5.02
8/15/2025,0:00:00,8/15/2025 0:00,2273,,2.18
8/15/2025,1:00:00,8/15/2025 1:00,2194,,2.18
8/15/2025,2:00:00,8/15/2025 2:00,2102,,2.18
8/15/2025,3:00:00,8/15/2025 3:00,2005,,2.18
8/15/2025,4:00:00,8/15/2025 4:00,1946,,2.18
8/15/2025,5:00:00,8/15/2025 5:00,1894,,2.18
8/15/2025,6:00:00,8/15/2025 6:00,1858,,2.18
8/15/2025,7:00:00,8/15/2025 7:00,1940,,2.18
8/15/2025,8:00:00,8/15/2025 8:00,2172,,2.18
8/15/2025,9:00:00,8/15/2025 9:00,2661,,5.02
8/15/2025,10:00:00,8/15/2025 10:00,3096,,5.02
8/15/2025,11:00:00,8/15/2025 11:00,3468,,5.02
8/15/2025,12:00:00,8/15/2025 12:00,3621,,5.02
8/15/2025,13:00:00,8/15/2025 13:00,3644,,5.02
8/15/2025,14:00:00,8/15/2025 14:00,3603,,5.02
8/15/2025,15:00:00,8/15/2025 15:00,3614,,5.02
8/15/2025,16:00:00,8/15/2025 16:00,3630,,8.05
8/15/2025,17:00:00,8/15/2025 17:00,3536,,8.05
8/15/2025,18:00:00,8/15/2025 18:00,3298,,8.05
8/15/2025,19:00:00,8/15/2025 19:00,3119,,8.05
8/15/2025,20:00:00,8/15/2025 20:00,2797,,8.05
8/15/2025,21:00:00,8/15/2025 21:00,2537,,8.05
8/15/2025,22:00:00,8/15/2025 22:00,2450,,5.02
8/15/2025,23:00:00,8/15/2025 23:00,2336,,5.02
8/16/2025,0:00:00,8/16/2025 0:00,2167,,2.18
8/16/2025,1:00:00,8/16/2025 1:00,2108,,2.18
8/16/2025,2:00:00,8/16/2025 2:00,2040,,2.18
8/16/2025,3:00:00,8/16/2025 3:00,1980,,2.18
8/16/2025,4:00:00,8/16/2025 4:00,1941,,2.18
8/16/2025,5:00:00,8/16/2025 5:00,1888,,2.18
8/16/2025,6:00:00,8/16/2025 6:00,1879,,2.18
8/16/2025,7:00:00,8/16/2025 7:00,1969,,2.18
8/16/2025,8:00:00,8/16/2025 8:00,2182,,2.18
8/16/2025,9:00:00,8/16/2025 9:00,2429,,2.27
8/16/2025,10:00:00,8/16/2025 10:00,2666,,2.27
8/16/2025,11:00:00,8/16/2025 11:00,2712,,2.27
8/16/2025,12:00:00,8/16/2025 12:00,2883,,2.27
8/16/2025,13:00:00,8/16/2025 13:00,3005,,2.27
8/16/2025,14:00:00,8/16/2025 14:00,3075,,2.27
8/16/2025,15:00:00,8/16/2025 15:00,3117,,2.27
8/16/2025,16:00:00,8/16/2025 16:00,3092,,2.27
8/16/2025,17:00:00,8/16/2025 17:00,3079,,2.27
8/16/2025,18:00:00,8/16/2025 18:00,2864,,2.27
8/16/2025,19:00:00,8/16/2025 19:00,2663,,2.27
8/16/2025,20:00:00,8/16/2025 20:00,2489,,2.27
8/16/2025,21:00:00,8/16/2025 21:00,2409,,2.27
8/16/2025,22:00:00,8/16/2025 22:00,2366,,2.27
8/16/2025,23:00:00,8/16/2025 23:00,2345,,2.27
8/17/2025,0:00:00,8/17/2025 0:00,2260,,2.18
8/17/2025,1:00:00,8/17/2025 1:00,2195,,2.18
8/17/2025,2:00:00,8/17/2025 2:00,2141,,2.18
8/17/2025,3:00:00,8/17/2025 3:00,2036,,2.18
8/17/2025,4:00:00,8/17/2025 4:00,1973,,2.18
8/17/2025,5:00:00,8/17/2025 5:00,1916,,2.18
8/17/2025,6:00:00,8/17/2025 6:00,1846,,2.18
8/17/2025,7:00:00,8/17/2025 7:00,1851,,2.18
8/17/2025,8:00:00,8/17/2025 8:00,2041,,2.18
8/17/2025,9:00:00,8/17/2025 9:00,2309,,2.18
8/17/2025,10:00:00,8/17/2025 10:00,2446,,2.18
8/17/2025,11:00:00,8/17/2025 11:00,2547,,2.18
8/17/2025,12:00:00,8/17/2025 12:00,2726,,2.18
8/17/2025,13:00:00,8/17/2025 13:00,2809,,2.18
8/17/2025,14:00:00,8/17/2025 14:00,2825,,2.18
8/17/2025,15:00:00,8/17/2025 15:00,2836,,2.18
8/17/2025,16:00:00,8/17/2025 16:00,2831,,2.18
8/17/2025,17:00:00,8/17/2025 17:00,2829,,2.18
8/17/2025,18:00:00,8/17/2025 18:00,2740,,2.18
8/17/2025,19:00:00,8/17/2025 19:00,2612,,2.18
8/17/2025,20:00:00,8/17/2025 20:00,2476,,2.18
8/17/2025,21:00:00,8/17/2025 21:00,2370,,2.18
8/17/2025,22:00:00,8/17/2025 22:00,2340,,2.18
8/17/2025,23:00:00,8/17/2025 23:00,2292,,2.18
8/18/2025,0:00:00,8/18/2025 0:00,2224,,2.18
8/18/2025,1:00:00,8/18/2025 1:00,2205,,2.18
8/18/2025,2:00:00,8/18/2025 2:00,2085,,2.18
8/18/2025,3:00:00,8/18/2025 3:00,1973,,2.18
8/18/2025,4:00:00,8/18/2025 4:00,1909,,2.18
8/18/2025,5:00:00,8/18/2025 5:00,1847,,2.18
8/18/2025,6:00:00,8/18/2025 6:00,1838,,2.18
8/18/2025,7:00:00,8/18/2025 7:00,1879,,2.18
8/18/2025,8:00:00,8/18/2025 8:00,2228,,2.18
8/18/2025,9:00:00,8/18/2025 9:00,2962,,5.02
8/18/2025,10:00:00,8/18/2025 10:00,3460,,5.02
8/18/2025,11:00:00,8/18/2025 11:00,3789,,5.02
8/18/2025,12:00:00,8/18/2025 12:00,4072,,5.02
8/18/2025,13:00:00,8/18/2025 13:00,4128,,5.02
8/18/2025,14:00:00,8/18/2025 14:00,3793,,5.02
8/18/2025,15:00:00,8/18/2025 15:00,3898,,5.02
8/18/2025,16:00:00,8/18/2025 16:00,3931,,8.05
8/18/2025,17:00:00,8/18/2025 17:00,3764,,8.05
8/18/2025,18:00:00,8/18/2025 18:00,3601,,8.05
8/18/2025,19:00:00,8/18/2025 19:00,3336,,8.05
8/18/2025,20:00:00,8/18/2025 20:00,2990,,8.05
8/18/2025,21:00:00,8/18/2025 21:00,2605,,8.05
8/18/2025,22:00:00,8/18/2025 22:00,2406,,5.02
8/18/2025,23:00:00,8/18/2025 23:00,2302,,5.02
8/19/2025,0:00:00,8/19/2025 0:00,2160,,2.18
8/19/2025,1:00:00,8/19/2025 1:00,2055,,2.18
8/19/2025,2:00:00,8/19/2025 2:00,1985,,2.18
8/19/2025,3:00:00,8/19/2025 3:00,1913,,2.18
8/19/2025,4:00:00,8/19/2025 4:00,1845,,2.18
8/19/2025,5:00:00,8/19/2025 5:00,1789,,2.18
8/19/2025,6:00:00,8/19/2025 6:00,1777,,2.18
8/19/2025,7:00:00,8/19/2025 7:00,1847,,2.18
8/19/2025,8:00:00,8/19/2025 8:00,2245,,2.18
8/19/2025,9:00:00,8/19/2025 9:00,2902,,5.02
8/19/2025,10:00:00,8/19/2025 10:00,3433,,5.02
8/19/2025,11:00:00,8/19/2025 11:00,3794,,5.02
8/19/2025,12:00:00,8/19/2025 12:00,4101,,5.02
8/19/2025,13:00:00,8/19/2025 13:00,4039,,5.02
8/19/2025,14:00:00,8/19/2025 14:00,4011,,5.02
8/19/2025,15:00:00,8/19/2025 15:00,3929,,5.02
8/19/2025,16:00:00,8/19/2025 16:00,3992,,8.05
8/19/2025,17:00:00,8/19/2025 17:00,3902,,8.05
8/19/2025,18:00:00,8/19/2025 18:00,3687,,8.05
8/19/2025,19:00:00,8/19/2025 19:00,3273,,8.05
8/19/2025,20:00:00,8/19/2025 20:00,2973,,8.05
8/19/2025,21:00:00,8/19/2025 21:00,2637,,8.05
8/19/2025,22:00:00,8/19/2025 22:00,2502,,5.02
8/19/2025,23:00:00,8/19/2025 23:00,2376,,5.02
8/20/2025,0:00:00,8/20/2025 0:00,2160,,2.18
8/20/2025,1:00:00,8/20/2025 1:00,2137,,2.18
8/20/2025,2:00:00,8/20/2025 2:00,2028,,2.18
8/20/2025,3:00:00,8/20/2025 3:00,1984,,2.18
8/20/2025,4:00:00,8/20/2025 4:00,1897,,2.18
8/20/2025,5:00:00,8/20/2025 5:00,1846,,2.18
8/20/2025,6:00:00,8/20/2025 6:00,1798,,2.18
8/20/2025,7:00:00,8/20/2025 7:00,1877,,2.18
8/20/2025,8:00:00,8/20/2025 8:00,2250,,2.18
8/20/2025,9:00:00,8/20/2025 9:00,2823,,5.02
8/20/2025,10:00:00,8/20/2025 10:00,3325,,5.02
8/20/2025,11:00:00,8/20/2025 11:00,3712,,5.02
8/20/2025,12:00:00,8/20/2025 12:00,4113,,5.02
8/20/2025,13:00:00,8/20/2025 13:00,4113,,5.02
8/20/2025,14:00:00,8/20/2025 14:00,4004,,5.02
8/20/2025,15:00:00,8/20/2025 15:00,3638,,5.02
8/20/2025,16:00:00,8/20/2025 16:00,3470,,8.05
8/20/2025,17:00:00,8/20/2025 17:00,3413,,8.05
8/20/2025,18:00:00,8/20/2025 18:00,3320,,8.05
8/20/2025,19:00:00,8/20/2025 19:00,3028,,8.05
8/20/2025,20:00:00,8/20/2025 20:00,2732,,8.05
8/20/2025,21:00:00,8/20/2025 21:00,2461,,8.05
8/20/2025,22:00:00,8/20/2025 22:00,2396,,5.02
8/20/2025,23:00:00,8/20/2025 23:00,2200,,5.02
8/21/2025,0:00:00,8/21/2025 0:00,2026,,2.18
8/21/2025,1:00:00,8/21/2025 1:00,2001,,2.18
8/21/2025,2:00:00,8/21/2025 2:00,1888,,2.18
8/21/2025,3:00:00,8/21/2025 3:00,1797,,2.18
8/21/2025,4:00:00,8/21/2025 4:00,1732,,2.18
8/21/2025,5:00:00,8/21/2025 5:00,1714,,2.18
8/21/2025,6:00:00,8/21/2025 6:00,1717,,2.18
8/21/2025,7:00:00,8/21/2025 7:00,1765,,2.18
8/21/2025,8:00:00,8/21/2025 8:00,2093,,2.18
8/21/2025,9:00:00,8/21/2025 9:00,2726,,5.02
8/21/2025,10:00:00,8/21/2025 10:00,3249,,5.02
8/21/2025,11:00:00,8/21/2025 11:00,3555,,5.02
8/21/2025,12:00:00,8/21/2025 12:00,3873,,5.02
8/21/2025,13:00:00,8/21/2025 13:00,3881,,5.02
8/21/2025,14:00:00,8/21/2025 14:00,3818,,5.02
8/21/2025,15:00:00,8/21/2025 15:00,3864,,5.02
8/21/2025,16:00:00,8/21/2025 16:00,3765,,8.05
8/21/2025,17:00:00,8/21/2025 17:00,3576,,8.05
8/21/2025,18:00:00,8/21/2025 18:00,3460,,8.05
8/21/2025,19:00:00,8/21/2025 19:00,3227,,8.05
8/21/2025,20:00:00,8/21/2025 20:00,2947,,8.05
8/21/2025,21:00:00,8/21/2025 21:00,2633,,8.05
8/21/2025,22:00:00,8/21/2025 22:00,2489,,5.02
8/21/2025,23:00:00,8/21/2025 23:00,2305,,5.02
8/22/2025,0:00:00,8/22/2025 0:00,2178,,2.18
8/22/2025,1:00:00,8/22/2025 1:00,2107,,2.18
8/22/2025,2:00:00,8/22/2025 2:00,2017,,2.18
8/22/2025,3:00:00,8/22/2025 3:00,1915,,2.18
8/22/2025,4:00:00,8/22/2025 4:00,1874,,2.18
8/22/2025,5:00:00,8/22/2025 5:00,1836,,2.18
8/22/2025,6:00:00,8/22/2025 6:00,1845,,2.18
8/22/2025,7:00:00,8/22/2025 7:00,1887,,2.18
8/22/2025,8:00:00,8/22/2025 8:00,2130,,2.18
8/22/2025,9:00:00,8/22/2025 9:00,2471,,5.02
8/22/2025,10:00:00,8/22/2025 10:00,2788,,5.02
8/22/2025,11:00:00,8/22/2025 11:00,3147,,5.02
8/22/2025,12:00:00,8/22/2025 12:00,3393,,5.02
8/22/2025,13:00:00,8/22/2025 13:00,3431,,5.02
8/22/2025,14:00:00,8/22/2025 14:00,3482,,5.02
8/22/2025,15:00:00,8/22/2025 15:00,3514,,5.02
8/22/2025,16:00:00,8/22/2025 16:00,3526,,8.05
8/22/2025,17:00:00,8/22/2025 17:00,3388,,8.05
8/22/2025,18:00:00,8/22/2025 18:00,3245,,8.05
8/22/2025,19:00:00,8/22/2025 19:00,3015,,8.05
8/22/2025,20:00:00,8/22/2025 20:00,2736,,8.05
8/22/2025,21:00:00,8/22/2025 21:00,2536,,8.05
8/22/2025,22:00:00,8/22/2025 22:00,2392,,5.02
8/22/2025,23:00:00,8/22/2025 23:00,2249,,5.02
8/23/2025,0:00:00,8/23/2025 0:00,2106,,2.18
8/23/2025,1:00:00,8/23/2025 1:00,2022,,2.18
8/23/2025,2:00:00,8/23/2025 2:00,1951,,2.18
8/23/2025,3:00:00,8/23/2025 3:00,1876,,2.18
8/23/2025,4:00:00,8/23/2025 4:00,1812,,2.18
8/23/2025,5:00:00,8/23/2025 5:00,1798,,2.18
8/23/2025,6:00:00,8/23/2025 6:00,1785,,2.18
8/23/2025,7:00:00,8/23/2025 7:00,1841,,2.18
8/23/2025,8:00:00,8/23/2025 8:00,1969,,2.18
8/23/2025,9:00:00,8/23/2025 9:00,2122,,2.27
8/23/2025,10:00:00,8/23/2025 10:00,2310,,2.27
8/23/2025,11:00:00,8/23/2025 11:00,2490,,2.27
8/23/2025,12:00:00,8/23/2025 12:00,2772,,2.27
8/23/2025,13:00:00,8/23/2025 13:00,2747,,2.27
8/23/2025,14:00:00,8/23/2025 14:00,2924,,2.27
8/23/2025,15:00:00,8/23/2025 15:00,2879,,2.27
8/23/2025,16:00:00,8/23/2025 16:00,2907,,2.27
8/23/2025,17:00:00,8/23/2025 17:00,2951,,2.27
8/23/2025,18:00:00,8/23/2025 18:00,2834,,2.27
8/23/2025,19:00:00,8/23/2025 19:00,2657,,2.27
8/23/2025,20:00:00,8/23/2025 20:00,2579,,2.27
8/23/2025,21:00:00,8/23/2025 21:00,2492,,2.27
8/23/2025,22:00:00,8/23/2025 22:00,2487,,2.27
8/23/2025,23:00:00,8/23/2025 23:00,2336,,2.27
8/24/2025,0:00:00,8/24/2025 0:00,2226,,2.18
8/24/2025,1:00:00,8/24/2025 1:00,2178,,2.18
8/24/2025,2:00:00,8/24/2025 2:00,2069,,2.18
8/24/2025,3:00:00,8/24/2025 3:00,1966,,2.18
8/24/2025,4:00:00,8/24/2025 4:00,1912,,2.18
8/24/2025,5:00:00,8/24/2025 5:00,1878,,2.18
8/24/2025,6:00:00,8/24/2025 6:00,1842,,2.18
8/24/2025,7:00:00,8/24/2025 7:00,1876,,2.18
8/24/2025,8:00:00,8/24/2025 8:00,2101,,2.18
8/24/2025,9:00:00,8/24/2025 9:00,2338,,2.18
8/24/2025,10:00:00,8/24/2025 10:00,2525,,2.18
8/24/2025,11:00:00,8/24/2025 11:00,2661,,2.18
8/24/2025,12:00:00,8/24/2025 12:00,2837,,2.18
8/24/2025,13:00:00,8/24/2025 13:00,2889,,2.18
8/24/2025,14:00:00,8/24/2025 14:00,2942,,2.18
8/24/2025,15:00:00,8/24/2025 15:00,2956,,2.18
8/24/2025,16:00:00,8/24/2025 16:00,3000,,2.18
8/24/2025,17:00:00,8/24/2025 17:00,2934,,2.18
8/24/2025,18:00:00,8/24/2025 18:00,2778,,2.18
8/24/2025,19:00:00,8/24/2025 19:00,2645,,2.18
8/24/2025,20:00:00,8/24/2025 20:00,2561,,2.18
8/24/2025,21:00:00,8/24/2025 21:00,2516,,2.18
8/24/2025,22:00:00,8/24/2025 22:00,2472,,2.18
8/24/2025,23:00:00,8/24/2025 23:00,2429,,2.18
8/25/2025,0:00:00,8/25/2025 0:00,2297,,2.18
8/25/2025,1:00:00,8/25/2025 1:00,2280,,2.18
8/25/2025,2:00:00,8/25/2025 2:00,2126,,2.18
8/25/2025,3:00:00,8/25/2025 3:00,1985,,2.18
8/25/2025,4:00:00,8/25/2025 4:00,1942,,2.18
8/25/2025,5:00:00,8/25/2025 5:00,1891,,2.18
8/25/2025,6:00:00,8/25/2025 6:00,1916,,2.18
8/25/2025,7:00:00,8/25/2025 7:00,1959,,2.18
8/25/2025,8:00:00,8/25/2025 8:00,2318,,2.18
8/25/2025,9:00:00,8/25/2025 9:00,2929,,5.02
8/25/2025,10:00:00,8/25/2025 10:00,3552,,5.02
8/25/2025,11:00:00,8/25/2025 11:00,3978,,5.02
8/25/2025,12:00:00,8/25/2025 12:00,4300,,5.02
8/25/2025,13:00:00,8/25/2025 13:00,4292,,5.02
8/25/2025,14:00:00,8/25/2025 14:00,4185,,5.02
8/25/2025,15:00:00,8/25/2025 15:00,4256,,5.02
8/25/2025,16:00:00,8/25/2025 16:00,4279,,8.05
8/25/2025,17:00:00,8/25/2025 17:00,4155,,8.05
8/25/2025,18:00:00,8/25/2025 18:00,3774,,8.05
8/25/2025,19:00:00,8/25/2025 19:00,3453,,8.05
8/25/2025,20:00:00,8/25/2025 20:00,3146,,8.05
8/25/2025,21:00:00,8/25/2025 21:00,2892,,8.05
8/25/2025,22:00:00,8/25/2025 22:00,2770,,5.02
8/25/2025,23:00:00,8/25/2025 23:00,2607,,5.02
8/26/2025,0:00:00,8/26/2025 0:00,2436,,2.18
8/26/2025,1:00:00,8/26/2025 1:00,2314,,2.18
8/26/2025,2:00:00,8/26/2025 2:00,2173,,2.18
8/26/2025,3:00:00,8/26/2025 3:00,2045,,2.18
8/26/2025,4:00:00,8/26/2025 4:00,1995,,2.18
8/26/2025,5:00:00,8/26/2025 5:00,1968,,2.18
8/26/2025,6:00:00,8/26/2025 6:00,1953,,2.18
8/26/2025,7:00:00,8/26/2025 7:00,2007,,2.18
8/26/2025,8:00:00,8/26/2025 8:00,2393,,2.18
8/26/2025,9:00:00,8/26/2025 9:00,3118,,5.02
8/26/2025,10:00:00,8/26/2025 10:00,3672,,5.02
8/26/2025,11:00:00,8/26/2025 11:00,4151,,5.02
8/26/2025,12:00:00,8/26/2025 12:00,4346,,5.02
8/26/2025,13:00:00,8/26/2025 13:00,4352,,5.02
8/26/2025,14:00:00,8/26/2025 14:00,4287,,5.02
8/26/2025,15:00:00,8/26/2025 15:00,4293,,5.02
8/26/2025,16:00:00,8/26/2025 16:00,4290,,8.05
8/26/2025,17:00:00,8/26/2025 17:00,4092,,8.05
8/26/2025,18:00:00,8/26/2025 18:00,3787,,8.05
8/26/2025,19:00:00,8/26/2025 19:00,3481,,8.05
8/26/2025,20:00:00,8/26/2025 20:00,3179,,8.05
8/26/2025,21:00:00,8/26/2025 21:00,2909,,8.05
8/26/2025,22:00:00,8/26/2025 22:00,2790,,5.02
8/26/2025,23:00:00,8/26/2025 23:00,2596,,5.02
8/27/2025,0:00:00,8/27/2025 0:00,2449,,2.18
8/27/2025,1:00:00,8/27/2025 1:00,2281,,2.18
8/27/2025,2:00:00,8/27/2025 2:00,2160,,2.18
8/27/2025,3:00:00,8/27/2025 3:00,2050,,2.18
8/27/2025,4:00:00,8/27/2025 4:00,1970,,2.18
8/27/2025,5:00:00,8/27/2025 5:00,1937,,2.18
8/27/2025,6:00:00,8/27/2025 6:00,1958,,2.18
8/27/2025,7:00:00,8/27/2025 7:00,1998,,2.18
8/27/2025,8:00:00,8/27/2025 8:00,2363,,2.18
8/27/2025,9:00:00,8/27/2025 9:00,2960,,5.02
8/27/2025,10:00:00,8/27/2025 10:00,3461,,5.02
8/27/2025,11:00:00,8/27/2025 11:00,3893,,5.02
8/27/2025,12:00:00,8/27/2025 12:00,4040,,5.02
8/27/2025,13:00:00,8/27/2025 13:00,4023,,5.02
8/27/2025,14:00:00,8/27/2025 14:00,3963,,5.02
8/27/2025,15:00:00,8/27/2025 15:00,3954,,5.02
8/27/2025,16:00:00,8/27/2025 16:00,3890,,8.05
8/27/2025,17:00:00,8/27/2025 17:00,3835,,8.05
8/27/2025,18:00:00,8/27/2025 18:00,3653,,8.05
8/27/2025,19:00:00,8/27/2025 19:00,3375,,8.05
8/27/2025,20:00:00,8/27/2025 20:00,3125,,8.05
8/27/2025,21:00:00,8/27/2025 21:00,2801,,8.05
8/27/2025,22:00:00,8/27/2025 22:00,2693,,5.02
8/27/2025,23:00:00,8/27/2025 23:00,2602,,5.02
8/28/2025,0:00:00,8/28/2025 0:00,2469,,2.18
8/28/2025,1:00:00,8/28/2025 1:00,2398,,2.18
8/28/2025,2:00:00,8/28/2025 2:00,2257,,2.18
8/28/2025,3:00:00,8/28/2025 3:00,2129,,2.18
8/28/2025,4:00:00,8/28/2025 4:00,2023,,2.18
8/28/2025,5:00:00,8/28/2025 5:00,2022,,2.18
8/28/2025,6:00:00,8/28/2025 6:00,2011,,2.18
8/28/2025,7:00:00,8/28/2025 7:00,2042,,2.18
8/28/2025,8:00:00,8/28/2025 8:00,2412,,2.18
8/28/2025,9:00:00,8/28/2025 9:00,2991,,5.02
8/28/2025,10:00:00,8/28/2025 10:00,3545,,5.02
8/28/2025,11:00:00,8/28/2025 11:00,3952,,5.02
8/28/2025,12:00:00,8/28/2025 12:00,4232,,5.02
8/28/2025,13:00:00,8/28/2025 13:00,4309,,5.02
8/28/2025,14:00:00,8/28/2025 14:00,4268,,5.02
8/28/2025,15:00:00,8/28/2025 15:00,4335,,5.02
8/28/2025,16:00:00,8/28/2025 16:00,4363,,8.05
8/28/2025,17:00:00,8/28/2025 17:00,4241,,8.05
8/28/2025,18:00:00,8/28/2025 18:00,3940,,8.05
8/28/2025,19:00:00,8/28/2025 19:00,3549,,8.05
8/28/2025,20:00:00,8/28/2025 20:00,3259,,8.05
8/28/2025,21:00:00,8/28/2025 21:00,3005,,8.05
8/28/2025,22:00:00,8/28/2025 22:00,2885,,5.02
8/28/2025,23:00:00,8/28/2025 23:00,2692,,5.02
8/29/2025,0:00:00,8/29/2025 0:00,2525,,2.18
8/29/2025,1:00:00,8/29/2025 1:00,2409,,2.18
8/29/2025,2:00:00,8/29/2025 2:00,2271,,2.18
8/29/2025,3:00:00,8/29/2025 3:00,2169,,2.18
8/29/2025,4:00:00,8/29/2025 4:00,2084,,2.18
8/29/2025,5:00:00,8/29/2025 5:00,2001,,2.18
8/29/2025,6:00:00,8/29/2025 6:00,2002,,2.18
8/29/2025,7:00:00,8/29/2025 7:00,2048,,2.18
8/29/2025,8:00:00,8/29/2025 8:00,2461,,2.18
8/29/2025,9:00:00,8/29/2025 9:00,3215,,5.02
8/29/2025,10:00:00,8/29/2025 10:00,3628,,5.02
8/29/2025,11:00:00,8/29/2025 11:00,4000,,5.02
8/29/2025,12:00:00,8/29/2025 12:00,4265,,5.02
8/29/2025,13:00:00,8/29/2025 13:00,4384,,5.02
8/29/2025,14:00:00,8/29/2025 14:00,4342,,5.02
8/29/2025,15:00:00,8/29/2025 15:00,4302,,5.02
8/29/2025,16:00:00,8/29/2025 16:00,4397,,8.05
8/29/2025,17:00:00,8/29/2025 17:00,4306,,8.05
8/29/2025,18:00:00,8/29/2025 18:00,3906,,8.05
8/29/2025,19:00:00,8/29/2025 19:00,3548,,8.05
8/29/2025,20:00:00,8/29/2025 20:00,3213,,8.05
8/29/2025,21:00:00,8/29/2025 21:00,2945,,8.05
8/29/2025,22:00:00,8/29/2025 22:00,2820,,5.02
8/29/2025,23:00:00,8/29/2025 23:00,2597,,5.02
8/30/2025,0:00:00,8/30/2025 0:00,2455,,2.18
8/30/2025,1:00:00,8/30/2025 1:00,2360,,2.18
8/30/2025,2:00:00,8/30/2025 2:00,2210,,2.18
8/30/2025,3:00:00,8/30/2025 3:00,2136,,2.18
8/30/2025,4:00:00,8/30/2025 4:00,2077,,2.18
8/30/2025,5:00:00,8/30/2025 5:00,2047,,2.18
8/30/2025,6:00:00,8/30/2025 6:00,1978,,2.18
8/30/2025,7:00:00,8/30/2025 7:00,2116,,2.18
8/30/2025,8:00:00,8/30/2025 8:00,2395,,2.18
8/30/2025,9:00:00,8/30/2025 9:00,2645,,2.27
8/30/2025,10:00:00,8/30/2025 10:00,2865,,2.27
8/30/2025,11:00:00,8/30/2025 11:00,3045,,2.27
8/30/2025,12:00:00,8/30/2025 12:00,3265,,2.27
8/30/2025,13:00:00,8/30/2025 13:00,3375,,2.27
8/30/2025,14:00:00,8/30/2025 14:00,3440,,2.27
8/30/2025,15:00:00,8/30/2025 15:00,3414,,2.27
8/30/2025,16:00:00,8/30/2025 16:00,3388,,2.27
8/30/2025,17:00:00,8/30/2025 17:00,3372,,2.27
8/30/2025,18:00:00,8/30/2025 18:00,3036,,2.27
8/30/2025,19:00:00,8/30/2025 19:00,2821,,2.27
8/30/2025,20:00:00,8/30/2025 20:00,2702,,2.27
8/30/2025,21:00:00,8/30/2025 21:00,2625,,2.27
8/30/2025,22:00:00,8/30/2025 22:00,2576,,2.27
8/30/2025,23:00:00,8/30/2025 23:00,2537,,2.27
8/31/2025,0:00:00,8/31/2025 0:00,2422,,2.18
8/31/2025,1:00:00,8/31/2025 1:00,2338,,2.18
8/31/2025,2:00:00,8/31/2025 2:00,2206,,2.18
8/31/2025,3:00:00,8/31/2025 3:00,2077,,2.18
8/31/2025,4:00:00,8/31/2025 4:00,2017,,2.18
8/31/2025,5:00:00,8/31/2025 5:00,1931,,2.18
8/31/2025,6:00:00,8/31/2025 6:00,1913,,2.18
8/31/2025,7:00:00,8/31/2025 7:00,1929,,2.18
8/31/2025,8:00:00,8/31/2025 8:00,2442,,2.18
8/31/2025,9:00:00,8/31/2025 9:00,2719,,2.18
8/31/2025,10:00:00,8/31/2025 10:00,2955,,2.18
8/31/2025,11:00:00,8/31/2025 11:00,3043,,2.18
8/31/2025,12:00:00,8/31/2025 12:00,3191,,2.18
8/31/2025,13:00:00,8/31/2025 13:00,3223,,2.18
8/31/2025,14:00:00,8/31/2025 14:00,3186,,2.18
8/31/2025,15:00:00,8/31/2025 15:00,3190,,2.18
8/31/2025,16:00:00,8/31/2025 16:00,3238,,2.18
8/31/2025,17:00:00,8/31/2025 17:00,3168,,2.18
8/31/2025,18:00:00,8/31/2025 18:00,3053,,2.18
8/31/2025,19:00:00,8/31/2025 19:00,2904,,2.18
8/31/2025,20:00:00,8/31/2025 20:00,2757,,2.18
8/31/2025,21:00:00,8/31/2025 21:00,2724,,2.18
8/31/2025,22:00:00,8/31/2025 22:00,2688,,2.18
8/31/2025,23:00:00,8/31/2025 23:00,2584,,2.18
9/1/2025,0:00:00,9/1/2025 0:00,2450,,2.18
9/1/2025,1:00:00,9/1/2025 1:00,2363,,2.18
9/1/2025,2:00:00,9/1/2025 2:00,2189,,2.18
9/1/2025,3:00:00,9/1/2025 3:00,2077,,2.18
9/1/2025,4:00:00,9/1/2025 4:00,2020,,2.18
9/1/2025,5:00:00,9/1/2025 5:00,1983,,2.18
9/1/2025,6:00:00,9/1/2025 6:00,1975,,2.18
9/1/2025,7:00:00,9/1/2025 7:00,2069,,2.18
9/1/2025,8:00:00,9/1/2025 8:00,2528,,2.18
9/1/2025,9:00:00,9/1/2025 9:00,3303,,5.02
9/1/2025,10:00:00,9/1/2025 10:00,4000,,5.02
9/1/2025,11:00:00,9/1/2025 11:00,4518,,5.02
9/1/2025,12:00:00,9/1/2025 12:00,4807,,5.02
9/1/2025,13:00:00,9/1/2025 13:00,4752,,5.02
9/1/2025,14:00:00,9/1/2025 14:00,4675,,5.02
9/1/2025,15:00:00,9/1/2025 15:00,4581,,5.02
9/1/2025,16:00:00,9/1/2025 16:00,4543,,8.05
9/1/2025,17:00:00,9/1/2025 17:00,4437,,8.05
9/1/2025,18:00:00,9/1/2025 18:00,4206,,8.05
9/1/2025,19:00:00,9/1/2025 19:00,3946,,8.05
9/1/2025,20:00:00,9/1/2025 20:00,3712,,8.05
9/1/2025,21:00:00,9/1/2025 21:00,3463,,8.05
9/1/2025,22:00:00,9/1/2025 22:00,3153,,5.02
9/1/2025,23:00:00,9/1/2025 23:00,2742,,5.02
9/2/2025,0:00:00,9/2/2025 0:00,2529,,2.18
9/2/2025,1:00:00,9/2/2025 1:00,2320,,2.18
9/2/2025,2:00:00,9/2/2025 2:00,2173,,2.18
9/2/2025,3:00:00,9/2/2025 3:00,2069,,2.18
9/2/2025,4:00:00,9/2/2025 4:00,2006,,2.18
9/2/2025,5:00:00,9/2/2025 5:00,1981,,2.18
9/2/2025,6:00:00,9/2/2025 6:00,1972,,2.18
9/2/2025,7:00:00,9/2/2025 7:00,2014,,2.18
9/2/2025,8:00:00,9/2/2025 8:00,2532,,2.18
9/2/2025,9:00:00,9/2/2025 9:00,3299,,5.02
9/2/2025,10:00:00,9/2/2025 10:00,3947,,5.02
9/2/2025,11:00:00,9/2/2025 11:00,4307,,5.02
9/2/2025,12:00:00,9/2/2025 12:00,4684,,5.02
9/2/2025,13:00:00,9/2/2025 13:00,4748,,5.02
9/2/2025,14:00:00,9/2/2025 14:00,4565,,5.02
9/2/2025,15:00:00,9/2/2025 15:00,4347,,5.02
9/2/2025,16:00:00,9/2/2025 16:00,4504,,8.05
9/2/2025,17:00:00,9/2/2025 17:00,4417,,8.05
9/2/2025,18:00:00,9/2/2025 18:00,4341,,8.05
9/2/2025,19:00:00,9/2/2025 19:00,3925,,8.05
9/2/2025,20:00:00,9/2/2025 20:00,3497,,8.05
9/2/2025,21:00:00,9/2/2025 21:00,3208,,8.05
9/2/2025,22:00:00,9/2/2025 22:00,2883,,5.02
9/2/2025,23:00:00,9/2/2025 23:00,2616,,5.02
9/3/2025,0:00:00,9/3/2025 0:00,2409,,2.18
9/3/2025,1:00:00,9/3/2025 1:00,2257,,2.18
9/3/2025,2:00:00,9/3/2025 2:00,2121,,2.18
9/3/2025,3:00:00,9/3/2025 3:00,2022,,2.18
9/3/2025,4:00:00,9/3/2025 4:00,1970,,2.18
9/3/2025,5:00:00,9/3/2025 5:00,1939,,2.18
9/3/2025,6:00:00,9/3/2025 6:00,1909,,2.18
9/3/2025,7:00:00,9/3/2025 7:00,2037,,2.18
9/3/2025,8:00:00,9/3/2025 8:00,2573,,2.18
9/3/2025,9:00:00,9/3/2025 9:00,3308,,5.02
9/3/2025,10:00:00,9/3/2025 10:00,3967,,5.02
9/3/2025,11:00:00,9/3/2025 11:00,4327,,5.02
9/3/2025,12:00:00,9/3/2025 12:00,4670,,5.02
9/3/2025,13:00:00,9/3/2025 13:00,4761,,5.02
9/3/2025,14:00:00,9/3/2025 14:00,4774,,5.02
9/3/2025,15:00:00,9/3/2025 15:00,4654,,5.02
9/3/2025,16:00:00,9/3/2025 16:00,4292,,8.05
9/3/2025,17:00:00,9/3/2025 17:00,4122,,8.05
9/3/2025,18:00:00,9/3/2025 18:00,4020,,8.05
9/3/2025,19:00:00,9/3/2025 19:00,3890,,8.05
9/3/2025,20:00:00,9/3/2025 20:00,3679,,8.05
9/3/2025,21:00:00,9/3/2025 21:00,3326,,8.05
9/3/2025,22:00:00,9/3/2025 22:00,3033,,5.02
9/3/2025,23:00:00,9/3/2025 23:00,2677,,5.02
9/4/2025,0:00:00,9/4/2025 0:00,2493,,2.18
9/4/2025,1:00:00,9/4/2025 1:00,2350,,2.18
9/4/2025,2:00:00,9/4/2025 2:00,2166,,2.18
9/4/2025,3:00:00,9/4/2025 3:00,2020,,2.18
9/4/2025,4:00:00,9/4/2025 4:00,1959,,2.18
9/4/2025,5:00:00,9/4/2025 5:00,1945,,2.18
9/4/2025,6:00:00,9/4/2025 6:00,1942,,2.18
9/4/2025,7:00:00,9/4/2025 7:00,2055,,2.18
9/4/2025,8:00:00,9/4/2025 8:00,2514,,2.18
9/4/2025,9:00:00,9/4/2025 9:00,3325,,5.02
9/4/2025,10:00:00,9/4/2025 10:00,4099,,5.02
9/4/2025,11:00:00,9/4/2025 11:00,4434,,5.02
9/4/2025,12:00:00,9/4/2025 12:00,4709,,5.02
9/4/2025,13:00:00,9/4/2025 13:00,4803,,5.02
9/4/2025,14:00:00,9/4/2025 14:00,4803,,5.02
9/4/2025,15:00:00,9/4/2025 15:00,4657,,5.02
9/4/2025,16:00:00,9/4/2025 16:00,4245,,8.05
9/4/2025,17:00:00,9/4/2025 17:00,4119,,8.05
9/4/2025,18:00:00,9/4/2025 18:00,4095,,8.05
9/4/2025,19:00:00,9/4/2025 19:00,3941,,8.05
9/4/2025,20:00:00,9/4/2025 20:00,3592,,8.05
9/4/2025,21:00:00,9/4/2025 21:00,3349,,8.05
9/4/2025,22:00:00,9/4/2025 22:00,3041,,5.02
9/4/2025,23:00:00,9/4/2025 23:00,2653,,5.02
9/5/2025,0:00:00,9/5/2025 0:00,2486,,2.18
9/5/2025,1:00:00,9/5/2025 1:00,2322,,2.18
9/5/2025,2:00:00,9/5/2025 2:00,2141,,2.18
9/5/2025,3:00:00,9/5/2025 3:00,2060,,2.18
9/5/2025,4:00:00,9/5/2025 4:00,1970,,2.18
9/5/2025,5:00:00,9/5/2025 5:00,1945,,2.18
9/5/2025,6:00:00,9/5/2025 6:00,1916,,2.18
9/5/2025,7:00:00,9/5/2025 7:00,2013,,2.18
9/5/2025,8:00:00,9/5/2025 8:00,2488,,2.18
9/5/2025,9:00:00,9/5/2025 9:00,3255,,5.02
9/5/2025,10:00:00,9/5/2025 10:00,3770,,5.02
9/5/2025,11:00:00,9/5/2025 11:00,4223,,5.02
9/5/2025,12:00:00,9/5/2025 12:00,4595,,5.02
9/5/2025,13:00:00,9/5/2025 13:00,4720,,5.02
9/5/2025,14:00:00,9/5/2025 14:00,4716,,5.02
9/5/2025,15:00:00,9/5/2025 15:00,4692,,5.02
9/5/2025,16:00:00,9/5/2025 16:00,4582,,8.05
9/5/2025,17:00:00,9/5/2025 17:00,4367,,8.05
9/5/2025,18:00:00,9/5/2025 18:00,4103,,8.05
9/5/2025,19:00:00,9/5/2025 19:00,3852,,8.05
9/5/2025,20:00:00,9/5/2025 20:00,3478,,8.05
9/5/2025,21:00:00,9/5/2025 21:00,3258,,8.05
9/5/2025,22:00:00,9/5/2025 22:00,2945,,5.02
9/5/2025,23:00:00,9/5/2025 23:00,2646,,5.02
9/6/2025,0:00:00,9/6/2025 0:00,2491,,2.18
9/6/2025,1:00:00,9/6/2025 1:00,2418,,2.18
9/6/2025,2:00:00,9/6/2025 2:00,2272,,2.18
9/6/2025,3:00:00,9/6/2025 3:00,2161,,2.18
9/6/2025,4:00:00,9/6/2025 4:00,2105,,2.18
9/6/2025,5:00:00,9/6/2025 5:00,2079,,2.18
9/6/2025,6:00:00,9/6/2025 6:00,2029,,2.18
9/6/2025,7:00:00,9/6/2025 7:00,2101,,2.18
9/6/2025,8:00:00,9/6/2025 8:00,2390,,2.18
9/6/2025,9:00:00,9/6/2025 9:00,2789,,2.27
9/6/2025,10:00:00,9/6/2025 10:00,3024,,2.27
9/6/2025,11:00:00,9/6/2025 11:00,3206,,2.27
9/6/2025,12:00:00,9/6/2025 12:00,3226,,2.27
9/6/2025,13:00:00,9/6/2025 13:00,3278,,2.27
9/6/2025,14:00:00,9/6/2025 14:00,3425,,2.27
9/6/2025,15:00:00,9/6/2025 15:00,3439,,2.27
9/6/2025,16:00:00,9/6/2025 16:00,3425,,2.27
9/6/2025,17:00:00,9/6/2025 17:00,3330,,2.27
9/6/2025,18:00:00,9/6/2025 18:00,3115,,2.27
9/6/2025,19:00:00,9/6/2025 19:00,2981,,2.27
9/6/2025,20:00:00,9/6/2025 20:00,2814,,2.27
9/6/2025,21:00:00,9/6/2025 21:00,2770,,2.27
9/6/2025,22:00:00,9/6/2025 22:00,2685,,2.27
9/6/2025,23:00:00,9/6/2025 23:00,2563,,2.27
9/7/2025,0:00:00,9/7/2025 0:00,2476,,2.18
9/7/2025,1:00:00,9/7/2025 1:00,2414,,2.18
9/7/2025,2:00:00,9/7/2025 2:00,2277,,2.18
9/7/2025,3:00:00,9/7/2025 3:00,2156,,2.18
9/7/2025,4:00:00,9/7/2025 4:00,2088,,2.18
9/7/2025,5:00:00,9/7/2025 5:00,2019,,2.18
9/7/2025,6:00:00,9/7/2025 6:00,1989,,2.18
9/7/2025,7:00:00,9/7/2025 7:00,2000,,2.18
9/7/2025,8:00:00,9/7/2025 8:00,2092,,2.18
9/7/2025,9:00:00,9/7/2025 9:00,2333,,2.18
9/7/2025,10:00:00,9/7/2025 10:00,2573,,2.18
9/7/2025,11:00:00,9/7/2025 11:00,2742,,2.18
9/7/2025,12:00:00,9/7/2025 12:00,2917,,2.18
9/7/2025,13:00:00,9/7/2025 13:00,3033,,2.18
9/7/2025,14:00:00,9/7/2025 14:00,3026,,2.18
9/7/2025,15:00:00,9/7/2025 15:00,3045,,2.18
9/7/2025,16:00:00,9/7/2025 16:00,3054,,2.18
9/7/2025,17:00:00,9/7/2025 17:00,3098,,2.18
9/7/2025,18:00:00,9/7/2025 18:00,2856,,2.18
9/7/2025,19:00:00,9/7/2025 19:00,2913,,2.18
9/7/2025,20:00:00,9/7/2025 20:00,2818,,2.18
9/7/2025,21:00:00,9/7/2025 21:00,2760,,2.18
9/7/2025,22:00:00,9/7/2025 22:00,2681,,2.18
9/7/2025,23:00:00,9/7/2025 23:00,2574,,2.18
9/8/2025,0:00:00,9/8/2025 0:00,2440,,2.18
9/8/2025,1:00:00,9/8/2025 1:00,2342,,2.18
9/8/2025,2:00:00,9/8/2025 2:00,2194,,2.18
9/8/2025,3:00:00,9/8/2025 3:00,2088,,2.18
9/8/2025,4:00:00,9/8/2025 4:00,2052,,2.18
9/8/2025,5:00:00,9/8/2025 5:00,1995,,2.18
9/8/2025,6:00:00,9/8/2025 6:00,1995,,2.18
9/8/2025,7:00:00,9/8/2025 7:00,2127,,2.18
9/8/2025,8:00:00,9/8/2025 8:00,2572,,2.18
9/8/2025,9:00:00,9/8/2025 9:00,3267,,5.02
9/8/2025,10:00:00,9/8/2025 10:00,3957,,5.02
9/8/2025,11:00:00,9/8/2025 11:00,4373,,5.02
9/8/2025,12:00:00,9/8/2025 12:00,4725,,5.02
9/8/2025,13:00:00,9/8/2025 13:00,4921,,5.02
9/8/2025,14:00:00,9/8/2025 14:00,4834,,5.02
9/8/2025,15:00:00,9/8/2025 15:00,4727,,5.02
9/8/2025,16:00:00,9/8/2025 16:00,4773,,8.05
9/8/2025,17:00:00,9/8/2025 17:00,4582,,8.05
9/8/2025,18:00:00,9/8/2025 18:00,4376,,8.05
9/8/2025,19:00:00,9/8/2025 19:00,4194,,8.05
9/8/2025,20:00:00,9/8/2025 20:00,3857,,8.05
9/8/2025,21:00:00,9/8/2025 21:00,3625,,8.05
9/8/2025,22:00:00,9/8/2025 22:00,3320,,5.02
9/8/2025,23:00:00,9/8/2025 23:00,2854,,5.02
9/9/2025,0:00:00,9/9/2025 0:00,2621,,2.18
9/9/2025,1:00:00,9/9/2025 1:00,2444,,2.18
9/9/2025,2:00:00,9/9/2025 2:00,2297,,2.18
9/9/2025,3:00:00,9/9/2025 3:00,2173,,2.18
9/9/2025,4:00:00,9/9/2025 4:00,2091,,2.18
9/9/2025,5:00:00,9/9/2025 5:00,2059,,2.18
9/9/2025,6:00:00,9/9/2025 6:00,2027,,2.18
9/9/2025,7:00:00,9/9/2025 7:00,2075,,2.18
9/9/2025,8:00:00,9/9/2025 8:00,2642,,2.18
9/9/2025,9:00:00,9/9/2025 9:00,3463,,5.02
9/9/2025,10:00:00,9/9/2025 10:00,4192,,5.02
9/9/2025,11:00:00,9/9/2025 11:00,4558,,5.02
9/9/2025,12:00:00,9/9/2025 12:00,4840,,5.02
9/9/2025,13:00:00,9/9/2025 13:00,4979,,5.02
9/9/2025,14:00:00,9/9/2025 14:00,4950,,5.02
9/9/2025,15:00:00,9/9/2025 15:00,4817,,5.02
9/9/2025,16:00:00,9/9/2025 16:00,4769,,8.05
9/9/2025,17:00:00,9/9/2025 17:00,4703,,8.05
9/9/2025,18:00:00,9/9/2025 18:00,4425,,8.05
9/9/2025,19:00:00,9/9/2025 19:00,4113,,8.05
9/9/2025,20:00:00,9/9/2025 20:00,3741,,8.05
9/9/2025,21:00:00,9/9/2025 21:00,3593,,8.05
9/9/2025,22:00:00,9/9/2025 22:00,3221,,5.02
9/9/2025,23:00:00,9/9/2025 23:00,2842,,5.02
9/10/2025,0:00:00,9/10/2025 0:00,2630,,2.18
9/10/2025,1:00:00,9/10/2025 1:00,2437,,2.18
9/10/2025,2:00:00,9/10/2025 2:00,2305,,2.18
9/10/2025,3:00:00,9/10/2025 3:00,2190,,2.18
9/10/2025,4:00:00,9/10/2025 4:00,2107,,2.18
9/10/2025,5:00:00,9/10/2025 5:00,2059,,2.18
9/10/2025,6:00:00,9/10/2025 6:00,2051,,2.18
9/10/2025,7:00:00,9/10/2025 7:00,2106,,2.18
9/10/2025,8:00:00,9/10/2025 8:00,2625,,2.18
9/10/2025,9:00:00,9/10/2025 9:00,3461,,5.02
9/10/2025,10:00:00,9/10/2025 10:00,4185,,5.02
9/10/2025,11:00:00,9/10/2025 11:00,4526,,5.02
9/10/2025,12:00:00,9/10/2025 12:00,4834,,5.02
9/10/2025,13:00:00,9/10/2025 13:00,4936,,5.02
9/10/2025,14:00:00,9/10/2025 14:00,4863,,5.02
9/10/2025,15:00:00,9/10/2025 15:00,4765,,5.02
9/10/2025,16:00:00,9/10/2025 16:00,4569,,8.05
9/10/2025,17:00:00,9/10/2025 17:00,4340,,8.05
9/10/2025,18:00:00,9/10/2025 18:00,4197,,8.05
9/10/2025,19:00:00,9/10/2025 19:00,3996,,8.05
9/10/2025,20:00:00,9/10/2025 20:00,3581,,8.05
9/10/2025,21:00:00,9/10/2025 21:00,3395,,8.05
9/10/2025,22:00:00,9/10/2025 22:00,3096,,5.02
9/10/2025,23:00:00,9/10/2025 23:00,2726,,5.02
9/11/2025,0:00:00,9/11/2025 0:00,2560,,2.18
9/11/2025,1:00:00,9/11/2025 1:00,2480,,2.18
9/11/2025,2:00:00,9/11/2025 2:00,2252,,2.18
9/11/2025,3:00:00,9/11/2025 3:00,2132,,2.18
9/11/2025,4:00:00,9/11/2025 4:00,2050,,2.18
9/11/2025,5:00:00,9/11/2025 5:00,2049,,2.18
9/11/2025,6:00:00,9/11/2025 6:00,2012,,2.18
9/11/2025,7:00:00,9/11/2025 7:00,2152,,2.18
9/11/2025,8:00:00,9/11/2025 8:00,2629,,2.18
9/11/2025,9:00:00,9/11/2025 9:00,3439,,5.02
9/11/2025,10:00:00,9/11/2025 10:00,4181,,5.02
9/11/2025,11:00:00,9/11/2025 11:00,4468,,5.02
9/11/2025,12:00:00,9/11/2025 12:00,4677,,5.02
9/11/2025,13:00:00,9/11/2025 13:00,4834,,5.02
9/11/2025,14:00:00,9/11/2025 14:00,4815,,5.02
9/11/2025,15:00:00,9/11/2025 15:00,4829,,5.02
9/11/2025,16:00:00,9/11/2025 16:00,4863,,8.05
9/11/2025,17:00:00,9/11/2025 17:00,4694,,8.05
9/11/2025,18:00:00,9/11/2025 18:00,4478,,8.05
9/11/2025,19:00:00,9/11/2025 19:00,4253,,8.05
9/11/2025,20:00:00,9/11/2025 20:00,3936,,8.05
9/11/2025,21:00:00,9/11/2025 21:00,3674,,8.05
9/11/2025,22:00:00,9/11/2025 22:00,3313,,5.02
9/11/2025,23:00:00,9/11/2025 23:00,2844,,5.02
9/12/2025,0:00:00,9/12/2025 0:00,2653,,2.18
9/12/2025,1:00:00,9/12/2025 1:00,2472,,2.18
9/12/2025,2:00:00,9/12/2025 2:00,2326,,2.18
9/12/2025,3:00:00,9/12/2025 3:00,2181,,2.18
9/12/2025,4:00:00,9/12/2025 4:00,2094,,2.18
9/12/2025,5:00:00,9/12/2025 5:00,2068,,2.18
9/12/2025,6:00:00,9/12/2025 6:00,2043,,2.18
9/12/2025,7:00:00,9/12/2025 7:00,2123,,2.18
9/12/2025,8:00:00,9/12/2025 8:00,2633,,2.18
9/12/2025,9:00:00,9/12/2025 9:00,3445,,5.02
9/12/2025,10:00:00,9/12/2025 10:00,4039,,5.02
9/12/2025,11:00:00,9/12/2025 11:00,4383,,5.02
9/12/2025,12:00:00,9/12/2025 12:00,4693,,5.02
9/12/2025,13:00:00,9/12/2025 13:00,4820,,5.02
9/12/2025,14:00:00,9/12/2025 14:00,4795,,5.02
9/12/2025,15:00:00,9/12/2025 15:00,4615,,5.02
9/12/2025,16:00:00,9/12/2025 16:00,4462,,8.05
9/12/2025,17:00:00,9/12/2025 17:00,4298,,8.05
9/12/2025,18:00:00,9/12/2025 18:00,4157,,8.05
9/12/2025,19:00:00,9/12/2025 19:00,3926,,8.05
9/12/2025,20:00:00,9/12/2025 20:00,3431,,8.05
9/12/2025,21:00:00,9/12/2025 21:00,3202,,8.05
9/12/2025,22:00:00,9/12/2025 22:00,2951,,5.02
9/12/2025,23:00:00,9/12/2025 23:00,2583,,5.02
9/13/2025,0:00:00,9/13/2025 0:00,2451,,2.18
9/13/2025,1:00:00,9/13/2025 1:00,2322,,2.18
9/13/2025,2:00:00,9/13/2025 2:00,2199,,2.18
9/13/2025,3:00:00,9/13/2025 3:00,2096,,2.18
9/13/2025,4:00:00,9/13/2025 4:00,2016,,2.18
9/13/2025,5:00:00,9/13/2025 5:00,1973,,2.18
9/13/2025,6:00:00,9/13/2025 6:00,1932,,2.18
9/13/2025,7:00:00,9/13/2025 7:00,1952,,2.18
9/13/2025,8:00:00,9/13/2025 8:00,2211,,2.18
9/13/2025,9:00:00,9/13/2025 9:00,2583,,2.27
9/13/2025,10:00:00,9/13/2025 10:00,2827,,2.27
9/13/2025,11:00:00,9/13/2025 11:00,2979,,2.27
9/13/2025,12:00:00,9/13/2025 12:00,3194,,2.27
9/13/2025,13:00:00,9/13/2025 13:00,3346,,2.27
9/13/2025,14:00:00,9/13/2025 14:00,3294,,2.27
9/13/2025,15:00:00,9/13/2025 15:00,3298,,2.27
9/13/2025,16:00:00,9/13/2025 16:00,3254,,2.27
9/13/2025,17:00:00,9/13/2025 17:00,3292,,2.27
9/13/2025,18:00:00,9/13/2025 18:00,3175,,2.27
9/13/2025,19:00:00,9/13/2025 19:00,3012,,2.27
9/13/2025,20:00:00,9/13/2025 20:00,2882,,2.27
9/13/2025,21:00:00,9/13/2025 21:00,2760,,2.27
9/13/2025,22:00:00,9/13/2025 22:00,2628,,2.27
9/13/2025,23:00:00,9/13/2025 23:00,2478,,2.27
9/14/2025,0:00:00,9/14/2025 0:00,2366,,2.18
9/14/2025,1:00:00,9/14/2025 1:00,2324,,2.18
9/14/2025,2:00:00,9/14/2025 2:00,2238,,2.18
9/14/2025,3:00:00,9/14/2025 3:00,2125,,2.18
9/14/2025,4:00:00,9/14/2025 4:00,2040,,2.18
9/14/2025,5:00:00,9/14/2025 5:00,1967,,2.18
9/14/2025,6:00:00,9/14/2025 6:00,1947,,2.18
9/14/2025,7:00:00,9/14/2025 7:00,1957,,2.18
9/14/2025,8:00:00,9/14/2025 8:00,2171,,2.18
9/14/2025,9:00:00,9/14/2025 9:00,2412,,2.18
9/14/2025,10:00:00,9/14/2025 10:00,2635,,2.18
9/14/2025,11:00:00,9/14/2025 11:00,2827,,2.18
9/14/2025,12:00:00,9/14/2025 12:00,3032,,2.18
9/14/2025,13:00:00,9/14/2025 13:00,3241,,2.18
9/14/2025,14:00:00,9/14/2025 14:00,3171,,2.18
9/14/2025,15:00:00,9/14/2025 15:00,3248,,2.18
9/14/2025,16:00:00,9/14/2025 16:00,3239,,2.18
9/14/2025,17:00:00,9/14/2025 17:00,3266,,2.18
9/14/2025,18:00:00,9/14/2025 18:00,3014,,2.18
9/14/2025,19:00:00,9/14/2025 19:00,2997,,2.18
9/14/2025,20:00:00,9/14/2025 20:00,2821,,2.18
9/14/2025,21:00:00,9/14/2025 21:00,2740,,2.18
9/14/2025,22:00:00,9/14/2025 22:00,2717,,2.18
9/14/2025,23:00:00,9/14/2025 23:00,2636,,2.18
9/15/2025,0:00:00,9/15/2025 0:00,2533,,2.18
9/15/2025,1:00:00,9/15/2025 1:00,2458,,2.18
9/15/2025,2:00:00,9/15/2025 2:00,2258,,2.18
9/15/2025,3:00:00,9/15/2025 3:00,2132,,2.18
9/15/2025,4:00:00,9/15/2025 4:00,2076,,2.18
9/15/2025,5:00:00,9/15/2025 5:00,2044,,2.18
9/15/2025,6:00:00,9/15/2025 6:00,2007,,2.18
9/15/2025,7:00:00,9/15/2025 7:00,2056,,2.18
9/15/2025,8:00:00,9/15/2025 8:00,2533,,2.18
9/15/2025,9:00:00,9/15/2025 9:00,3384,,5.02
9/15/2025,10:00:00,9/15/2025 10:00,4114,,5.02
9/15/2025,11:00:00,9/15/2025 11:00,4585,,5.02
9/15/2025,12:00:00,9/15/2025 12:00,4891,,5.02
9/15/2025,13:00:00,9/15/2025 13:00,5021,,5.02
9/15/2025,14:00:00,9/15/2025 14:00,5043,,5.02
9/15/2025,15:00:00,9/15/2025 15:00,4987,,5.02
9/15/2025,16:00:00,9/15/2025 16:00,5080,,8.05
9/15/2025,17:00:00,9/15/2025 17:00,4895,,8.05
9/15/2025,18:00:00,9/15/2025 18:00,4608,,8.05
9/15/2025,19:00:00,9/15/2025 19:00,4298,,8.05
9/15/2025,20:00:00,9/15/2025 20:00,3938,,8.05
9/15/2025,21:00:00,9/15/2025 21:00,3693,,8.05
9/15/2025,22:00:00,9/15/2025 22:00,3373,,5.02
9/15/2025,23:00:00,9/15/2025 23:00,3039,,5.02
9/16/2025,0:00:00,9/16/2025 0:00,2750,,2.18
9/16/2025,1:00:00,9/16/2025 1:00,2567,,2.18
9/16/2025,2:00:00,9/16/2025 2:00,2390,,2.18
9/16/2025,3:00:00,9/16/2025 3:00,2242,,2.18
9/16/2025,4:00:00,9/16/2025 4:00,2197,,2.18
9/16/2025,5:00:00,9/16/2025 5:00,2159,,2.18
9/16/2025,6:00:00,9/16/2025 6:00,2104,,2.18
9/16/2025,7:00:00,9/16/2025 7:00,2153,,2.18
9/16/2025,8:00:00,9/16/2025 8:00,2632,,2.18
9/16/2025,9:00:00,9/16/2025 9:00,3524,,5.02
9/16/2025,10:00:00,9/16/2025 10:00,4304,,5.02
9/16/2025,11:00:00,9/16/2025 11:00,4757,,5.02
9/16/2025,12:00:00,9/16/2025 12:00,5048,,5.02
9/16/2025,13:00:00,9/16/2025 13:00,5179,,5.02
9/16/2025,14:00:00,9/16/2025 14:00,5177,,5.02
9/16/2025,15:00:00,9/16/2025 15:00,5018,,5.02
9/16/2025,16:00:00,9/16/2025 16:00,4950,,8.05
9/16/2025,17:00:00,9/16/2025 17:00,4817,,8.05
9/16/2025,18:00:00,9/16/2025 18:00,4632,,8.05
9/16/2025,19:00:00,9/16/2025 19:00,4331,,8.05
9/16/2025,20:00:00,9/16/2025 20:00,4014,,8.05
9/16/2025,21:00:00,9/16/2025 21:00,3693,,8.05
9/16/2025,22:00:00,9/16/2025 22:00,3335,,5.02
9/16/2025,23:00:00,9/16/2025 23:00,2988,,5.02
9/17/2025,0:00:00,9/17/2025 0:00,2801,,2.18
9/17/2025,1:00:00,9/17/2025 1:00,2601,,2.18
9/17/2025,2:00:00,9/17/2025 2:00,2446,,2.18
9/17/2025,3:00:00,9/17/2025 3:00,2339,,2.18
9/17/2025,4:00:00,9/17/2025 4:00,2251,,2.18
9/17/2025,5:00:00,9/17/2025 5:00,2228,,2.18
9/17/2025,6:00:00,9/17/2025 6:00,2143,,2.18
9/17/2025,7:00:00,9/17/2025 7:00,2243,,2.18
9/17/2025,8:00:00,9/17/2025 8:00,2801,,2.18
9/17/2025,9:00:00,9/17/2025 9:00,3605,,5.02
9/17/2025,10:00:00,9/17/2025 10:00,4344,,5.02
9/17/2025,11:00:00,9/17/2025 11:00,4785,,5.02
9/17/2025,12:00:00,9/17/2025 12:00,5044,,5.02
9/17/2025,13:00:00,9/17/2025 13:00,5143,,5.02
9/17/2025,14:00:00,9/17/2025 14:00,5170,,5.02
9/17/2025,15:00:00,9/17/2025 15:00,5094,,5.02
9/17/2025,16:00:00,9/17/2025 16:00,5008,,8.05
9/17/2025,17:00:00,9/17/2025 17:00,4767,,8.05
9/17/2025,18:00:00,9/17/2025 18:00,4590,,8.05
9/17/2025,19:00:00,9/17/2025 19:00,4334,,8.05
9/17/2025,20:00:00,9/17/2025 20:00,4001,,8.05
9/17/2025,21:00:00,9/17/2025 21:00,3697,,8.05
9/17/2025,22:00:00,9/17/2025 22:00,3443,,5.02
9/17/2025,23:00:00,9/17/2025 23:00,3056,,5.02
9/18/2025,0:00:00,9/18/2025 0:00,2809,,2.18
9/18/2025,1:00:00,9/18/2025 1:00,2665,,2.18
9/18/2025,2:00:00,9/18/2025 2:00,2472,,2.18
9/18/2025,3:00:00,9/18/2025 3:00,2353,,2.18
9/18/2025,4:00:00,9/18/2025 4:00,2242,,2.18
9/18/2025,5:00:00,9/18/2025 5:00,2200,,2.18
9/18/2025,6:00:00,9/18/2025 6:00,2163,,2.18
9/18/2025,7:00:00,9/18/2025 7:00,2211,,2.18
9/18/2025,8:00:00,9/18/2025 8:00,2680,,2.18
9/18/2025,9:00:00,9/18/2025 9:00,3616,,5.02
9/18/2025,10:00:00,9/18/2025 10:00,4350,,5.02
9/18/2025,11:00:00,9/18/2025 11:00,4793,,5.02
9/18/2025,12:00:00,9/18/2025 12:00,4987,,5.02
9/18/2025,13:00:00,9/18/2025 13:00,5140,,5.02
9/18/2025,14:00:00,9/18/2025 14:00,5073,,5.02
9/18/2025,15:00:00,9/18/2025 15:00,4941,,5.02
9/18/2025,16:00:00,9/18/2025 16:00,4908,,8.05
9/18/2025,17:00:00,9/18/2025 17:00,4724,,8.05
9/18/2025,18:00:00,9/18/2025 18:00,4552,,8.05
9/18/2025,19:00:00,9/18/2025 19:00,4351,,8.05
9/18/2025,20:00:00,9/18/2025 20:00,4031,,8.05
9/18/2025,21:00:00,9/18/2025 21:00,3739,,8.05
9/18/2025,22:00:00,9/18/2025 22:00,3391,,5.02
9/18/2025,23:00:00,9/18/2025 23:00,2957,,5.02
9/19/2025,0:00:00,9/19/2025 0:00,2737,,2.18
9/19/2025,1:00:00,9/19/2025 1:00,2577,,2.18
9/19/2025,2:00:00,9/19/2025 2:00,2409,,2.18
9/19/2025,3:00:00,9/19/2025 3:00,2262,,2.18
9/19/2025,4:00:00,9/19/2025 4:00,2192,,2.18
9/19/2025,5:00:00,9/19/2025 5:00,2194,,2.18
9/19/2025,6:00:00,9/19/2025 6:00,2167,,2.18
9/19/2025,7:00:00,9/19/2025 7:00,2201,,2.18
9/19/2025,8:00:00,9/19/2025 8:00,2688,,2.18
9/19/2025,9:00:00,9/19/2025 9:00,3512,,5.02
9/19/2025,10:00:00,9/19/2025 10:00,4085,,5.02
9/19/2025,11:00:00,9/19/2025 11:00,4495,,5.02
9/19/2025,12:00:00,9/19/2025 12:00,4797,,5.02
9/19/2025,13:00:00,9/19/2025 13:00,5020,,5.02
9/19/2025,14:00:00,9/19/2025 14:00,5014,,5.02
9/19/2025,15:00:00,9/19/2025 15:00,4889,,5.02
9/19/2025,16:00:00,9/19/2025 16:00,4793,,8.05
9/19/2025,17:00:00,9/19/2025 17:00,4558,,8.05
9/19/2025,18:00:00,9/19/2025 18:00,4283,,8.05
9/19/2025,19:00:00,9/19/2025 19:00,3978,,8.05
9/19/2025,20:00:00,9/19/2025 20:00,3568,,8.05
9/19/2025,21:00:00,9/19/2025 21:00,3318,,8.05
9/19/2025,22:00:00,9/19/2025 22:00,2981,,5.02
9/19/2025,23:00:00,9/19/2025 23:00,2697,,5.02
9/20/2025,0:00:00,9/20/2025 0:00,2535,,2.18
9/20/2025,1:00:00,9/20/2025 1:00,2427,,2.18
9/20/2025,2:00:00,9/20/2025 2:00,2288,,2.18
9/20/2025,3:00:00,9/20/2025 3:00,2182,,2.18
9/20/2025,4:00:00,9/20/2025 4:00,2106,,2.18
9/20/2025,5:00:00,9/20/2025 5:00,2056,,2.18
9/20/2025,6:00:00,9/20/2025 6:00,2016,,2.18
9/20/2025,7:00:00,9/20/2025 7:00,2048,,2.18
9/20/2025,8:00:00,9/20/2025 8:00,2344,,2.18
9/20/2025,9:00:00,9/20/2025 9:00,2770,,2.27
9/20/2025,10:00:00,9/20/2025 10:00,2916,,2.27
9/20/2025,11:00:00,9/20/2025 11:00,3105,,2.27
9/20/2025,12:00:00,9/20/2025 12:00,3370,,2.27
9/20/2025,13:00:00,9/20/2025 13:00,3387,,2.27
9/20/2025,14:00:00,9/20/2025 14:00,3342,,2.27
9/20/2025,15:00:00,9/20/2025 15:00,3375,,2.27
9/20/2025,16:00:00,9/20/2025 16:00,3374,,2.27
9/20/2025,17:00:00,9/20/2025 17:00,3248,,2.27
9/20/2025,18:00:00,9/20/2025 18:00,3078,,2.27
9/20/2025,19:00:00,9/20/2025 19:00,2992,,2.27
9/20/2025,20:00:00,9/20/2025 20:00,2863,,2.27
9/20/2025,21:00:00,9/20/2025 21:00,2771,,2.27
9/20/2025,22:00:00,9/20/2025 22:00,2713,,2.27
9/20/2025,23:00:00,9/20/2025 23:00,2619,,2.27
9/21/2025,0:00:00,9/21/2025 0:00,2508,,2.18
9/21/2025,1:00:00,9/21/2025 1:00,2423,,2.18
9/21/2025,2:00:00,9/21/2025 2:00,2334,,2.18
9/21/2025,3:00:00,9/21/2025 3:00,2209,,2.18
9/21/2025,4:00:00,9/21/2025 4:00,2142,,2.18
9/21/2025,5:00:00,9/21/2025 5:00,2081,,2.18
9/21/2025,6:00:00,9/21/2025 6:00,2025,,2.18
9/21/2025,7:00:00,9/21/2025 7:00,2061,,2.18
9/21/2025,8:00:00,9/21/2025 8:00,2350,,2.18
9/21/2025,9:00:00,9/21/2025 9:00,2680,,2.18
9/21/2025,10:00:00,9/21/2025 10:00,2869,,2.18
9/21/2025,11:00:00,9/21/2025 11:00,3063,,2.18
9/21/2025,12:00:00,9/21/2025 12:00,3267,,2.18
9/21/2025,13:00:00,9/21/2025 13:00,3321,,2.18
9/21/2025,14:00:00,9/21/2025 14:00,3227,,2.18
9/21/2025,15:00:00,9/21/2025 15:00,3235,,2.18
9/21/2025,16:00:00,9/21/2025 16:00,3261,,2.18
9/21/2025,17:00:00,9/21/2025 17:00,3315,,2.18
9/21/2025,18:00:00,9/21/2025 18:00,3141,,2.18
9/21/2025,19:00:00,9/21/2025 19:00,3053,,2.18
9/21/2025,20:00:00,9/21/2025 20:00,2931,,2.18
9/21/2025,21:00:00,9/21/2025 21:00,2938,,2.18
9/21/2025,22:00:00,9/21/2025 22:00,2807,,2.18
9/21/2025,23:00:00,9/21/2025 23:00,2685,,2.18
9/22/2025,0:00:00,9/22/2025 0:00,2578,,2.18
9/22/2025,1:00:00,9/22/2025 1:00,2492,,2.18
9/22/2025,2:00:00,9/22/2025 2:00,2340,,2.18
9/22/2025,3:00:00,9/22/2025 3:00,2197,,2.18
9/22/2025,4:00:00,9/22/2025 4:00,2125,,2.18
9/22/2025,5:00:00,9/22/2025 5:00,2134,,2.18
9/22/2025,6:00:00,9/22/2025 6:00,2095,,2.18
9/22/2025,7:00:00,9/22/2025 7:00,2127,,2.18
9/22/2025,8:00:00,9/22/2025 8:00,2552,,2.18
9/22/2025,9:00:00,9/22/2025 9:00,3344,,5.02
9/22/2025,10:00:00,9/22/2025 10:00,4100,,5.02
9/22/2025,11:00:00,9/22/2025 11:00,4476,,5.02
9/22/2025,12:00:00,9/22/2025 12:00,4732,,5.02
9/22/2025,13:00:00,9/22/2025 13:00,4851,,5.02
9/22/2025,14:00:00,9/22/2025 14:00,4930,,5.02
9/22/2025,15:00:00,9/22/2025 15:00,4782,,5.02
9/22/2025,16:00:00,9/22/2025 16:00,4822,,8.05
9/22/2025,17:00:00,9/22/2025 17:00,4570,,8.05
9/22/2025,18:00:00,9/22/2025 18:00,4356,,8.05
9/22/2025,19:00:00,9/22/2025 19:00,4185,,8.05
9/22/2025,20:00:00,9/22/2025 20:00,3966,,8.05
9/22/2025,21:00:00,9/22/2025 21:00,3683,,8.05
9/22/2025,22:00:00,9/22/2025 22:00,3256,,5.02
9/22/2025,23:00:00,9/22/2025 23:00,2955,,5.02
9/23/2025,0:00:00,9/23/2025 0:00,2781,,2.18
9/23/2025,1:00:00,9/23/2025 1:00,2585,,2.18
9/23/2025,2:00:00,9/23/2025 2:00,2443,,2.18
9/23/2025,3:00:00,9/23/2025 3:00,2333,,2.18
9/23/2025,4:00:00,9/23/2025 4:00,2255,,2.18
9/23/2025,5:00:00,9/23/2025 5:00,2224,,2.18
9/23/2025,6:00:00,9/23/2025 6:00,2189,,2.18
9/23/2025,7:00:00,9/23/2025 7:00,2153,,2.18
9/23/2025,8:00:00,9/23/2025 8:00,2563,,2.18
9/23/2025,9:00:00,9/23/2025 9:00,3285,,5.02
9/23/2025,10:00:00,9/23/2025 10:00,3889,,5.02
9/23/2025,11:00:00,9/23/2025 11:00,4089,,5.02
9/23/2025,12:00:00,9/23/2025 12:00,4287,,5.02
9/23/2025,13:00:00,9/23/2025 13:00,4309,,5.02
9/23/2025,14:00:00,9/23/2025 14:00,4364,,5.02
9/23/2025,15:00:00,9/23/2025 15:00,4333,,5.02
9/23/2025,16:00:00,9/23/2025 16:00,4340,,8.05
9/23/2025,17:00:00,9/23/2025 17:00,4251,,8.05
9/23/2025,18:00:00,9/23/2025 18:00,4124,,8.05
9/23/2025,19:00:00,9/23/2025 19:00,3868,,8.05
9/23/2025,20:00:00,9/23/2025 20:00,3565,,8.05
9/23/2025,21:00:00,9/23/2025 21:00,3349,,8.05
9/23/2025,22:00:00,9/23/2025 22:00,3104,,5.02
9/23/2025,23:00:00,9/23/2025 23:00,2774,,5.02
9/24/2025,0:00:00,9/24/2025 0:00,2597,,2.18
9/24/2025,1:00:00,9/24/2025 1:00,2464,,2.18
9/24/2025,2:00:00,9/24/2025 2:00,2330,,2.18
9/24/2025,3:00:00,9/24/2025 3:00,2236,,2.18
9/24/2025,4:00:00,9/24/2025 4:00,2158,,2.18
9/24/2025,5:00:00,9/24/2025 5:00,2130,,2.18
9/24/2025,6:00:00,9/24/2025 6:00,2119,,2.18
9/24/2025,7:00:00,9/24/2025 7:00,2158,,2.18
9/24/2025,8:00:00,9/24/2025 8:00,2659,,2.18
9/24/2025,9:00:00,9/24/2025 9:00,3440,,5.02
9/24/2025,10:00:00,9/24/2025 10:00,4096,,5.02
9/24/2025,11:00:00,9/24/2025 11:00,4489,,5.02
9/24/2025,12:00:00,9/24/2025 12:00,4713,,5.02
9/24/2025,13:00:00,9/24/2025 13:00,4853,,5.02
9/24/2025,14:00:00,9/24/2025 14:00,4933,,5.02
9/24/2025,15:00:00,9/24/2025 15:00,4798,,5.02
9/24/2025,16:00:00,9/24/2025 16:00,4782,,8.05
9/24/2025,17:00:00,9/24/2025 17:00,4532,,8.05
9/24/2025,18:00:00,9/24/2025 18:00,4341,,8.05
9/24/2025,19:00:00,9/24/2025 19:00,4119,,8.05
9/24/2025,20:00:00,9/24/2025 20:00,3811,,8.05
9/24/2025,21:00:00,9/24/2025 21:00,3501,,8.05
9/24/2025,22:00:00,9/24/2025 22:00,3260,,5.02
9/24/2025,23:00:00,9/24/2025 23:00,2859,,5.02
9/25/2025,0:00:00,9/25/2025 0:00,2682,,2.18
9/25/2025,1:00:00,9/25/2025 1:00,2583,,2.18
9/25/2025,2:00:00,9/25/2025 2:00,2397,,2.18
9/25/2025,3:00:00,9/25/2025 3:00,2242,,2.18
9/25/2025,4:00:00,9/25/2025 4:00,2155,,2.18
9/25/2025,5:00:00,9/25/2025 5:00,2152,,2.18
9/25/2025,6:00:00,9/25/2025 6:00,2131,,2.18
9/25/2025,7:00:00,9/25/2025 7:00,2181,,2.18
9/25/2025,8:00:00,9/25/2025 8:00,2675,,2.18
9/25/2025,9:00:00,9/25/2025 9:00,3523,,5.02
9/25/2025,10:00:00,9/25/2025 10:00,4227,,5.02
9/25/2025,11:00:00,9/25/2025 11:00,4583,,5.02
9/25/2025,12:00:00,9/25/2025 12:00,4757,,5.02
9/25/2025,13:00:00,9/25/2025 13:00,4923,,5.02
9/25/2025,14:00:00,9/25/2025 14:00,4891,,5.02
9/25/2025,15:00:00,9/25/2025 15:00,4827,,5.02
9/25/2025,16:00:00,9/25/2025 16:00,4913,,8.05
9/25/2025,17:00:00,9/25/2025 17:00,4732,,8.05
9/25/2025,18:00:00,9/25/2025 18:00,4548,,8.05
9/25/2025,19:00:00,9/25/2025 19:00,4281,,8.05
9/25/2025,20:00:00,9/25/2025 20:00,3856,,8.05
9/25/2025,21:00:00,9/25/2025 21:00,3630,,8.05
9/25/2025,22:00:00,9/25/2025 22:00,3291,,5.02
9/25/2025,23:00:00,9/25/2025 23:00,2954,,5.02
9/26/2025,0:00:00,9/26/2025 0:00,2807,,2.18
9/26/2025,1:00:00,9/26/2025 1:00,2610,,2.18
9/26/2025,2:00:00,9/26/2025 2:00,2467,,2.18
9/26/2025,3:00:00,9/26/2025 3:00,2323,,2.18
9/26/2025,4:00:00,9/26/2025 4:00,2213,,2.18
9/26/2025,5:00:00,9/26/2025 5:00,2176,,2.18
9/26/2025,6:00:00,9/26/2025 6:00,2185,,2.18
9/26/2025,7:00:00,9/26/2025 7:00,2262,,2.18
9/26/2025,8:00:00,9/26/2025 8:00,2689,,2.18
9/26/2025,9:00:00,9/26/2025 9:00,3400,,5.02
9/26/2025,10:00:00,9/26/2025 10:00,3849,,5.02
9/26/2025,11:00:00,9/26/2025 11:00,4018,,5.02
9/26/2025,12:00:00,9/26/2025 12:00,4254,,5.02
9/26/2025,13:00:00,9/26/2025 13:00,4305,,5.02
9/26/2025,14:00:00,9/26/2025 14:00,4322,,5.02
9/26/2025,15:00:00,9/26/2025 15:00,4274,,5.02
9/26/2025,16:00:00,9/26/2025 16:00,4293,,8.05
9/26/2025,17:00:00,9/26/2025 17:00,4217,,8.05
9/26/2025,18:00:00,9/26/2025 18:00,4096,,8.05
9/26/2025,19:00:00,9/26/2025 19:00,3890,,8.05
9/26/2025,20:00:00,9/26/2025 20:00,3555,,8.05
9/26/2025,21:00:00,9/26/2025 21:00,3274,,8.05
9/26/2025,22:00:00,9/26/2025 22:00,2928,,5.02
9/26/2025,23:00:00,9/26/2025 23:00,2629,,5.02
9/27/2025,0:00:00,9/27/2025 0:00,2440,,2.18
9/27/2025,1:00:00,9/27/2025 1:00,2356,,2.18
9/27/2025,2:00:00,9/27/2025 2:00,2266,,2.18
9/27/2025,3:00:00,9/27/2025 3:00,2146,,2.18
9/27/2025,4:00:00,9/27/2025 4:00,2086,,2.18
9/27/2025,5:00:00,9/27/2025 5:00,2044,,2.18
9/27/2025,6:00:00,9/27/2025 6:00,2025,,2.18
9/27/2025,7:00:00,9/27/2025 7:00,2134,,2.18
9/27/2025,8:00:00,9/27/2025 8:00,2511,,2.18
9/27/2025,9:00:00,9/27/2025 9:00,2757,,2.27
9/27/2025,10:00:00,9/27/2025 10:00,2994,,2.27
9/27/2025,11:00:00,9/27/2025 11:00,3031,,2.27
9/27/2025,12:00:00,9/27/2025 12:00,2001,,2.27
9/27/2025,13:00:00,9/27/2025 13:00,704,,2.27
9/27/2025,14:00:00,9/27/2025 14:00,2304,,2.27
9/27/2025,15:00:00,9/27/2025 15:00,2366,,2.27
9/27/2025,16:00:00,9/27/2025 16:00,2419,,2.27
9/27/2025,17:00:00,9/27/2025 17:00,2351,,2.27
9/27/2025,18:00:00,9/27/2025 18:00,2225,,2.27
9/27/2025,19:00:00,9/27/2025 19:00,2364,,2.27
9/27/2025,20:00:00,9/27/2025 20:00,2201,,2.27
9/27/2025,21:00:00,9/27/2025 21:00,2209,,2.27
9/27/2025,22:00:00,9/27/2025 22:00,2152,,2.27
9/27/2025,23:00:00,9/27/2025 23:00,2067,,2.27
9/28/2025,0:00:00,9/28/2025 0:00,1956,,2.18
9/28/2025,1:00:00,9/28/2025 1:00,1969,,2.18
9/28/2025,2:00:00,9/28/2025 2:00,1868,,2.18
9/28/2025,3:00:00,9/28/2025 3:00,1733,,2.18
9/28/2025,4:00:00,9/28/2025 4:00,1660,,2.18
9/28/2025,5:00:00,9/28/2025 5:00,1589,,2.18
9/28/2025,6:00:00,9/28/2025 6:00,1558,,2.18
9/28/2025,7:00:00,9/28/2025 7:00,1539,,2.18
9/28/2025,8:00:00,9/28/2025 8:00,1666,,2.18
9/28/2025,9:00:00,9/28/2025 9:00,1790,,2.18
9/28/2025,10:00:00,9/28/2025 10:00,1933,,2.18
9/28/2025,11:00:00,9/28/2025 11:00,2046,,2.18
9/28/2025,12:00:00,9/28/2025 12:00,2285,,2.18
9/28/2025,13:00:00,9/28/2025 13:00,2407,,2.18
9/28/2025,14:00:00,9/28/2025 14:00,2494,,2.18
9/28/2025,15:00:00,9/28/2025 15:00,2404,,2.18
9/28/2025,16:00:00,9/28/2025 16:00,2460,,2.18
9/28/2025,17:00:00,9/28/2025 17:00,2444,,2.18
9/28/2025,18:00:00,9/28/2025 18:00,2439,,2.18
9/28/2025,19:00:00,9/28/2025 19:00,2461,,2.18
9/28/2025,20:00:00,9/28/2025 20:00,2303,,2.18
9/28/2025,21:00:00,9/28/2025 21:00,2215,,2.18
9/28/2025,22:00:00,9/28/2025 22:00,2204,,2.18
9/28/2025,23:00:00,9/28/2025 23:00,2089,,2.18
9/29/2025,0:00:00,9/29/2025 0:00,2081,,2.18
9/29/2025,1:00:00,9/29/2025 1:00,2023,,2.18
9/29/2025,2:00:00,9/29/2025 2:00,1921,,2.18
9/29/2025,3:00:00,9/29/2025 3:00,1790,,2.18
9/29/2025,4:00:00,9/29/2025 4:00,1715,,2.18
9/29/2025,5:00:00,9/29/2025 5:00,1673,,2.18
9/29/2025,6:00:00,9/29/2025 6:00,1630,,2.18
9/29/2025,7:00:00,9/29/2025 7:00,1635,,2.18
9/29/2025,8:00:00,9/29/2025 8:00,1796,,2.18
9/29/2025,9:00:00,9/29/2025 9:00,2131,,5.02
9/29/2025,10:00:00,9/29/2025 10:00,2263,,5.02
9/29/2025,11:00:00,9/29/2025 11:00,2465,,5.02
9/29/2025,12:00:00,9/29/2025 12:00,2740,,5.02
9/29/2025,13:00:00,9/29/2025 13:00,2860,,5.02
9/29/2025,14:00:00,9/29/2025 14:00,2925,,5.02
9/29/2025,15:00:00,9/29/2025 15:00,2901,,5.02
9/29/2025,16:00:00,9/29/2025 16:00,2895,,8.05
9/29/2025,17:00:00,9/29/2025 17:00,2948,,8.05
9/29/2025,18:00:00,9/29/2025 18:00,2927,,8.05
9/29/2025,19:00:00,9/29/2025 19:00,2740,,8.05
9/29/2025,20:00:00,9/29/2025 20:00,2561,,8.05
9/29/2025,21:00:00,9/29/2025 21:00,2503,,8.05
9/29/2025,22:00:00,9/29/2025 22:00,2522,,5.02
9/29/2025,23:00:00,9/29/2025 23:00,2338,,5.02
9/30/2025,0:00:00,9/30/2025 0:00,2240,,2.18
9/30/2025,1:00:00,9/30/2025 1:00,2155,,2.18
9/30/2025,2:00:00,9/30/2025 2:00,2024,,2.18
9/30/2025,3:00:00,9/30/2025 3:00,1875,,2.18
9/30/2025,4:00:00,9/30/2025 4:00,1804,,2.18
9/30/2025,5:00:00,9/30/2025 5:00,1765,,2.18
9/30/2025,6:00:00,9/30/2025 6:00,1762,,2.18
9/30/2025,7:00:00,9/30/2025 7:00,1809,,2.18
9/30/2025,8:00:00,9/30/2025 8:00,2352,,2.18
9/30/2025,9:00:00,9/30/2025 9:00,3158,,5.02
9/30/2025,10:00:00,9/30/2025 10:00,3938,,5.02
9/30/2025,11:00:00,9/30/2025 11:00,4508,,5.02
9/30/2025,12:00:00,9/30/2025 12:00,4877,,5.02
9/30/2025,13:00:00,9/30/2025 13:00,4964,,5.02
9/30/2025,14:00:00,9/30/2025 14:00,4943,,5.02
9/30/2025,15:00:00,9/30/2025 15:00,4934,,5.02
9/30/2025,16:00:00,9/30/2025 16:00,4914,,8.05
9/30/2025,17:00:00,9/30/2025 17:00,4759,,8.05
9/30/2025,18:00:00,9/30/2025 18:00,4668,,8.05
9/30/2025,19:00:00,9/30/2025 19:00,4428,,8.05
9/30/2025,20:00:00,9/30/2025 20:00,3951,,8.05
9/30/2025,21:00:00,9/30/2025 21:00,3593,,8.05
9/30/2025,22:00:00,9/30/2025 22:00,3186,,5.02
9/30/2025,23:00:00,9/30/2025 23:00,2736,,5.02
10/1/2025,0:00:00,10/1/2025 0:00,2552,,2.18
10/1/2025,1:00:00,10/1/2025 1:00,2365,,2.18
10/1/2025,2:00:00,10/1/2025 2:00,2211,,2.18
10/1/2025,3:00:00,10/1/2025 3:00,2081,,2.18
10/1/2025,4:00:00,10/1/2025 4:00,2012,,2.18
10/1/2025,5:00:00,10/1/2025 5:00,1958,,2.18
10/1/2025,6:00:00,10/1/2025 6:00,1949,,2.18
10/1/2025,7:00:00,10/1/2025 7:00,2003,,2.18
10/1/2025,8:00:00,10/1/2025 8:00,2454,,2.18
10/1/2025,9:00:00,10/1/2025 9:00,3251,,5.02
10/1/2025,10:00:00,10/1/2025 10:00,3971,,5.02
10/1/2025,11:00:00,10/1/2025 11:00,4455,,5.02
10/1/2025,12:00:00,10/1/2025 12:00,4734,,5.02
10/1/2025,13:00:00,10/1/2025 13:00,4860,,5.02
10/1/2025,14:00:00,10/1/2025 14:00,5058,,5.02
10/1/2025,15:00:00,10/1/2025 15:00,4968,,5.02
10/1/2025,16:00:00,10/1/2025 16:00,4858,,8.05
10/1/2025,17:00:00,10/1/2025 17:00,4624,,8.05
10/1/2025,18:00:00,10/1/2025 18:00,4384,,8.05
10/1/2025,19:00:00,10/1/2025 19:00,4084,,8.05
10/1/2025,20:00:00,10/1/2025 20:00,3748,,8.05
10/1/2025,21:00:00,10/1/2025 21:00,3437,,8.05
10/1/2025,22:00:00,10/1/2025 22:00,3133,,5.02
10/1/2025,23:00:00,10/1/2025 23:00,2795,,5.02
10/2/2025,0:00:00,10/2/2025 0:00,2620,,2.18
10/2/2025,1:00:00,10/2/2025 1:00,2460,,2.18
10/2/2025,2:00:00,10/2/2025 2:00,2277,,2.18
10/2/2025,3:00:00,10/2/2025 3:00,2105,,2.18
10/2/2025,4:00:00,10/2/2025 4:00,2026,,2.18
10/2/2025,5:00:00,10/2/2025 5:00,1993,,2.18
10/2/2025,6:00:00,10/2/2025 6:00,1998,,2.18
10/2/2025,7:00:00,10/2/2025 7:00,2000,,2.18
10/2/2025,8:00:00,10/2/2025 8:00,2514,,2.18
10/2/2025,9:00:00,10/2/2025 9:00,3337,,5.02
10/2/2025,10:00:00,10/2/2025 10:00,4208,,5.02
10/2/2025,11:00:00,10/2/2025 11:00,4516,,5.02
10/2/2025,12:00:00,10/2/2025 12:00,4747,,5.02
10/2/2025,13:00:00,10/2/2025 13:00,4828,,5.02
10/2/2025,14:00:00,10/2/2025 14:00,4918,,5.02
10/2/2025,15:00:00,10/2/2025 15:00,4887,,5.02
10/2/2025,16:00:00,10/2/2025 16:00,4830,,8.05
10/2/2025,17:00:00,10/2/2025 17:00,4640,,8.05
10/2/2025,18:00:00,10/2/2025 18:00,4444,,8.05
10/2/2025,19:00:00,10/2/2025 19:00,4140,,8.05
10/2/2025,20:00:00,10/2/2025 20:00,3788,,8.05
10/2/2025,21:00:00,10/2/2025 21:00,3549,,8.05
10/2/2025,22:00:00,10/2/2025 22:00,3221,,5.02
10/2/2025,23:00:00,10/2/2025 23:00,2813,,5.02
10/3/2025,0:00:00,10/3/2025 0:00,2588,,2.18
10/3/2025,1:00:00,10/3/2025 1:00,2474,,2.18
10/3/2025,2:00:00,10/3/2025 2:00,2293,,2.18
10/3/2025,3:00:00,10/3/2025 3:00,2162,,2.18
10/3/2025,4:00:00,10/3/2025 4:00,2057,,2.18
10/3/2025,5:00:00,10/3/2025 5:00,2042,,2.18
10/3/2025,6:00:00,10/3/2025 6:00,2007,,2.18
10/3/2025,7:00:00,10/3/2025 7:00,2070,,2.18
10/3/2025,8:00:00,10/3/2025 8:00,2500,,2.18
10/3/2025,9:00:00,10/3/2025 9:00,3290,,5.02
10/3/2025,10:00:00,10/3/2025 10:00,3896,,5.02
10/3/2025,11:00:00,10/3/2025 11:00,4350,,5.02
10/3/2025,12:00:00,10/3/2025 12:00,4653,,5.02
10/3/2025,13:00:00,10/3/2025 13:00,4800,,5.02
10/3/2025,14:00:00,10/3/2025 14:00,4871,,5.02
10/3/2025,15:00:00,10/3/2025 15:00,4692,,5.02
10/3/2025,16:00:00,10/3/2025 16:00,4544,,8.05
10/3/2025,17:00:00,10/3/2025 17:00,4367,,8.05
10/3/2025,18:00:00,10/3/2025 18:00,4081,,8.05
10/3/2025,19:00:00,10/3/2025 19:00,3729,,8.05
10/3/2025,20:00:00,10/3/2025 20:00,3318,,8.05
10/3/2025,21:00:00,10/3/2025 21:00,3073,,8.05
10/3/2025,22:00:00,10/3/2025 22:00,2797,,5.02
10/3/2025,23:00:00,10/3/2025 23:00,2493,,5.02
10/4/2025,0:00:00,10/4/2025 0:00,2400,,2.18
10/4/2025,1:00:00,10/4/2025 1:00,2304,,2.18
10/4/2025,2:00:00,10/4/2025 2:00,2210,,2.18
10/4/2025,3:00:00,10/4/2025 3:00,2076,,2.18
10/4/2025,4:00:00,10/4/2025 4:00,2014,,2.18
10/4/2025,5:00:00,10/4/2025 5:00,1917,,2.18
10/4/2025,6:00:00,10/4/2025 6:00,1864,,2.18
10/4/2025,7:00:00,10/4/2025 7:00,1832,,2.18
10/4/2025,8:00:00,10/4/2025 8:00,2011,,2.18
10/4/2025,9:00:00,10/4/2025 9:00,2303,,2.27
10/4/2025,10:00:00,10/4/2025 10:00,2516,,2.27
10/4/2025,11:00:00,10/4/2025 11:00,2666,,2.27
10/4/2025,12:00:00,10/4/2025 12:00,2870,,2.27
10/4/2025,13:00:00,10/4/2025 13:00,2941,,2.27
10/4/2025,14:00:00,10/4/2025 14:00,2978,,2.27
10/4/2025,15:00:00,10/4/2025 15:00,2931,,2.27
10/4/2025,16:00:00,10/4/2025 16:00,2933,,2.27
10/4/2025,17:00:00,10/4/2025 17:00,2897,,2.27
10/4/2025,18:00:00,10/4/2025 18:00,2740,,2.27
10/4/2025,19:00:00,10/4/2025 19:00,2659,,2.27
10/4/2025,20:00:00,10/4/2025 20:00,2532,,2.27
10/4/2025,21:00:00,10/4/2025 21:00,2525,,2.27
10/4/2025,22:00:00,10/4/2025 22:00,2466,,2.27
10/4/2025,23:00:00,10/4/2025 23:00,2377,,2.27
10/5/2025,0:00:00,10/5/2025 0:00,2288,,2.18
10/5/2025,1:00:00,10/5/2025 1:00,2246,,2.18
10/5/2025,2:00:00,10/5/2025 2:00,2128,,2.18
10/5/2025,3:00:00,10/5/2025 3:00,2033,,2.18
10/5/2025,4:00:00,10/5/2025 4:00,1931,,2.18
10/5/2025,5:00:00,10/5/2025 5:00,1895,,2.18
10/5/2025,6:00:00,10/5/2025 6:00,1849,,2.18
10/5/2025,7:00:00,10/5/2025 7:00,1812,,2.18
10/5/2025,8:00:00,10/5/2025 8:00,1951,,2.18
10/5/2025,9:00:00,10/5/2025 9:00,2220,,2.18
10/5/2025,10:00:00,10/5/2025 10:00,2365,,2.18
10/5/2025,11:00:00,10/5/2025 11:00,2466,,2.18
10/5/2025,12:00:00,10/5/2025 12:00,2630,,2.18
10/5/2025,13:00:00,10/5/2025 13:00,2675,,2.18
10/5/2025,14:00:00,10/5/2025 14:00,2794,,2.18
10/5/2025,15:00:00,10/5/2025 15:00,2788,,2.18
10/5/2025,16:00:00,10/5/2025 16:00,2793,,2.18
10/5/2025,17:00:00,10/5/2025 17:00,2747,,2.18
10/5/2025,18:00:00,10/5/2025 18:00,2650,,2.18
10/5/2025,19:00:00,10/5/2025 19:00,2592,,2.18
10/5/2025,20:00:00,10/5/2025 20:00,2484,,2.18
10/5/2025,21:00:00,10/5/2025 21:00,2457,,2.18
10/5/2025,22:00:00,10/5/2025 22:00,2406,,2.18
10/5/2025,23:00:00,10/5/2025 23:00,2348,,2.18
10/6/2025,0:00:00,10/6/2025 0:00,2253,,2.18
10/6/2025,1:00:00,10/6/2025 1:00,2234,,2.18
10/6/2025,2:00:00,10/6/2025 2:00,2140,,2.18
10/6/2025,3:00:00,10/6/2025 3:00,2016,,2.18
10/6/2025,4:00:00,10/6/2025 4:00,1937,,2.18
10/6/2025,5:00:00,10/6/2025 5:00,1863,,2.18
10/6/2025,6:00:00,10/6/2025 6:00,1838,,2.18
10/6/2025,7:00:00,10/6/2025 7:00,1807,,2.18
10/6/2025,8:00:00,10/6/2025 8:00,1901,,2.18
10/6/2025,9:00:00,10/6/2025 9:00,2163,,5.02
10/6/2025,10:00:00,10/6/2025 10:00,2316,,5.02
10/6/2025,11:00:00,10/6/2025 11:00,2529,,5.02
10/6/2025,12:00:00,10/6/2025 12:00,2768,,5.02
10/6/2025,13:00:00,10/6/2025 13:00,2811,,5.02
10/6/2025,14:00:00,10/6/2025 14:00,2865,,5.02
10/6/2025,15:00:00,10/6/2025 15:00,2880,,5.02
10/6/2025,16:00:00,10/6/2025 16:00,2910,,8.05
10/6/2025,17:00:00,10/6/2025 17:00,2924,,8.05
10/6/2025,18:00:00,10/6/2025 18:00,2874,,8.05
10/6/2025,19:00:00,10/6/2025 19:00,2812,,8.05
10/6/2025,20:00:00,10/6/2025 20:00,2686,,8.05
10/6/2025,21:00:00,10/6/2025 21:00,2636,,8.05
10/6/2025,22:00:00,10/6/2025 22:00,2649,,5.02
10/6/2025,23:00:00,10/6/2025 23:00,2615,,5.02
10/7/2025,0:00:00,10/7/2025 0:00,2536,,2.18
10/7/2025,1:00:00,10/7/2025 1:00,2408,,2.18
10/7/2025,2:00:00,10/7/2025 2:00,2257,,2.18
10/7/2025,3:00:00,10/7/2025 3:00,2121,,2.18
10/7/2025,4:00:00,10/7/2025 4:00,2053,,2.18
10/7/2025,5:00:00,10/7/2025 5:00,2033,,2.18
10/7/2025,6:00:00,10/7/2025 6:00,1994,,2.18
10/7/2025,7:00:00,10/7/2025 7:00,2113,,2.18
10/7/2025,8:00:00,10/7/2025 8:00,2569,,2.18
10/7/2025,9:00:00,10/7/2025 9:00,3529,,5.02
10/7/2025,10:00:00,10/7/2025 10:00,4297,,5.02
10/7/2025,11:00:00,10/7/2025 11:00,4673,,5.02
10/7/2025,12:00:00,10/7/2025 12:00,4850,,5.02
10/7/2025,13:00:00,10/7/2025 13:00,4939,,5.02
10/7/2025,14:00:00,10/7/2025 14:00,5047,,5.02
10/7/2025,15:00:00,10/7/2025 15:00,4982,,5.02
10/7/2025,16:00:00,10/7/2025 16:00,4839,,8.05
10/7/2025,17:00:00,10/7/2025 17:00,4721,,8.05
10/7/2025,18:00:00,10/7/2025 18:00,4547,,8.05
10/7/2025,19:00:00,10/7/2025 19:00,4275,,8.05
10/7/2025,20:00:00,10/7/2025 20:00,3857,,8.05
10/7/2025,21:00:00,10/7/2025 21:00,3550,,8.05
10/7/2025,22:00:00,10/7/2025 22:00,3212,,5.02
10/7/2025,23:00:00,10/7/2025 23:00,2931,,5.02
10/8/2025,0:00:00,10/8/2025 0:00,2729,,2.18
10/8/2025,1:00:00,10/8/2025 1:00,2529,,2.18
10/8/2025,2:00:00,10/8/2025 2:00,2376,,2.18
10/8/2025,3:00:00,10/8/2025 3:00,2261,,2.18
10/8/2025,4:00:00,10/8/2025 4:00,2191,,2.18
10/8/2025,5:00:00,10/8/2025 5:00,2157,,2.18
10/8/2025,6:00:00,10/8/2025 6:00,2134,,2.18
10/8/2025,7:00:00,10/8/2025 7:00,2198,,2.18
10/8/2025,8:00:00,10/8/2025 8:00,2634,,2.18
10/8/2025,9:00:00,10/8/2025 9:00,3577,,5.02
10/8/2025,10:00:00,10/8/2025 10:00,4272,,5.02
10/8/2025,11:00:00,10/8/2025 11:00,4626,,5.02
10/8/2025,12:00:00,10/8/2025 12:00,4830,,5.02
10/8/2025,13:00:00,10/8/2025 13:00,4888,,5.02
10/8/2025,14:00:00,10/8/2025 14:00,4753,,5.02
10/8/2025,15:00:00,10/8/2025 15:00,4640,,5.02
10/8/2025,16:00:00,10/8/2025 16:00,4554,,8.05
10/8/2025,17:00:00,10/8/2025 17:00,4419,,8.05
10/8/2025,18:00:00,10/8/2025 18:00,4291,,8.05
10/8/2025,19:00:00,10/8/2025 19:00,4074,,8.05
10/8/2025,20:00:00,10/8/2025 20:00,3736,,8.05
10/8/2025,21:00:00,10/8/2025 21:00,3441,,8.05
10/8/2025,22:00:00,10/8/2025 22:00,3154,,5.02
10/8/2025,23:00:00,10/8/2025 23:00,2799,,5.02
10/9/2025,0:00:00,10/9/2025 0:00,2596,,2.18
10/9/2025,1:00:00,10/9/2025 1:00,2484,,2.18
10/9/2025,2:00:00,10/9/2025 2:00,2310,,2.18
10/9/2025,3:00:00,10/9/2025 3:00,2171,,2.18
10/9/2025,4:00:00,10/9/2025 4:00,2109,,2.18
10/9/2025,5:00:00,10/9/2025 5:00,2075,,2.18
10/9/2025,6:00:00,10/9/2025 6:00,2067,,2.18
10/9/2025,7:00:00,10/9/2025 7:00,2139,,2.18
10/9/2025,8:00:00,10/9/2025 8:00,2530,,2.18
10/9/2025,9:00:00,10/9/2025 9:00,3318,,5.02
10/9/2025,10:00:00,10/9/2025 10:00,3993,,5.02
10/9/2025,11:00:00,10/9/2025 11:00,4350,,5.02
10/9/2025,12:00:00,10/9/2025 12:00,4572,,5.02
10/9/2025,13:00:00,10/9/2025 13:00,4592,,5.02
10/9/2025,14:00:00,10/9/2025 14:00,4662,,5.02
10/9/2025,15:00:00,10/9/2025 15:00,4522,,5.02
10/9/2025,16:00:00,10/9/2025 16:00,4475,,8.05
10/9/2025,17:00:00,10/9/2025 17:00,4431,,8.05
10/9/2025,18:00:00,10/9/2025 18:00,4174,,8.05
10/9/2025,19:00:00,10/9/2025 19:00,3917,,8.05
10/9/2025,20:00:00,10/9/2025 20:00,3625,,8.05
10/9/2025,21:00:00,10/9/2025 21:00,3240,,8.05
10/9/2025,22:00:00,10/9/2025 22:00,2900,,5.02
10/9/2025,23:00:00,10/9/2025 23:00,2558,,5.02
10/10/2025,0:00:00,10/10/2025 0:00,2402,,2.18
10/10/2025,1:00:00,10/10/2025 1:00,2313,,2.18
10/10/2025,2:00:00,10/10/2025 2:00,2193,,2.18
10/10/2025,3:00:00,10/10/2025 3:00,2093,,2.18
10/10/2025,4:00:00,10/10/2025 4:00,2038,,2.18
10/10/2025,5:00:00,10/10/2025 5:00,1981,,2.18
10/10/2025,6:00:00,10/10/2025 6:00,1925,,2.18
10/10/2025,7:00:00,10/10/2025 7:00,1879,,2.18
10/10/2025,8:00:00,10/10/2025 8:00,2008,,2.18
10/10/2025,9:00:00,10/10/2025 9:00,2269,,5.02
10/10/2025,10:00:00,10/10/2025 10:00,2361,,5.02
10/10/2025,11:00:00,10/10/2025 11:00,2534,,5.02
10/10/2025,12:00:00,10/10/2025 12:00,2766,,5.02
10/10/2025,13:00:00,10/10/2025 13:00,2809,,5.02
10/10/2025,14:00:00,10/10/2025 14:00,2904,,5.02
10/10/2025,15:00:00,10/10/2025 15:00,2948,,5.02
10/10/2025,16:00:00,10/10/2025 16:00,2966,,8.05
10/10/2025,17:00:00,10/10/2025 17:00,2893,,8.05
10/10/2025,18:00:00,10/10/2025 18:00,2841,,8.05
10/10/2025,19:00:00,10/10/2025 19:00,2807,,8.05
10/10/2025,20:00:00,10/10/2025 20:00,2607,,8.05
10/10/2025,21:00:00,10/10/2025 21:00,2520,,8.05
10/10/2025,22:00:00,10/10/2025 22:00,2488,,5.02
10/10/2025,23:00:00,10/10/2025 23:00,2385,,5.02
10/11/2025,0:00:00,10/11/2025 0:00,2291,,2.18
10/11/2025,1:00:00,10/11/2025 1:00,2253,,2.18
10/11/2025,2:00:00,10/11/2025 2:00,2179,,2.18
10/11/2025,3:00:00,10/11/2025 3:00,2063,,2.18
10/11/2025,4:00:00,10/11/2025 4:00,1974,,2.18
10/11/2025,5:00:00,10/11/2025 5:00,1936,,2.18
10/11/2025,6:00:00,10/11/2025 6:00,1867,,2.18
10/11/2025,7:00:00,10/11/2025 7:00,1880,,2.18
10/11/2025,8:00:00,10/11/2025 8:00,2004,,2.18
10/11/2025,9:00:00,10/11/2025 9:00,2375,,2.27
10/11/2025,10:00:00,10/11/2025 10:00,2531,,2.27
10/11/2025,11:00:00,10/11/2025 11:00,2629,,2.27
10/11/2025,12:00:00,10/11/2025 12:00,2816,,2.27
10/11/2025,13:00:00,10/11/2025 13:00,2928,,2.27
10/11/2025,14:00:00,10/11/2025 14:00,2926,,2.27
10/11/2025,15:00:00,10/11/2025 15:00,2946,,2.27
10/11/2025,16:00:00,10/11/2025 16:00,2977,,2.27
10/11/2025,17:00:00,10/11/2025 17:00,2973,,2.27
10/11/2025,18:00:00,10/11/2025 18:00,2808,,2.27
10/11/2025,19:00:00,10/11/2025 19:00,2702,,2.27
10/11/2025,20:00:00,10/11/2025 20:00,2566,,2.27
10/11/2025,21:00:00,10/11/2025 21:00,2516,,2.27
10/11/2025,22:00:00,10/11/2025 22:00,2491,,2.27
10/11/2025,23:00:00,10/11/2025 23:00,2372,,2.27
10/12/2025,0:00:00,10/12/2025 0:00,2279,,2.18
10/12/2025,1:00:00,10/12/2025 1:00,2261,,2.18
10/12/2025,2:00:00,10/12/2025 2:00,2153,,2.18
10/12/2025,3:00:00,10/12/2025 3:00,2031,,2.18
10/12/2025,4:00:00,10/12/2025 4:00,1950,,2.18
10/12/2025,5:00:00,10/12/2025 5:00,1888,,2.18
10/12/2025,6:00:00,10/12/2025 6:00,1828,,2.18
10/12/2025,7:00:00,10/12/2025 7:00,1812,,2.18
10/12/2025,8:00:00,10/12/2025 8:00,1927,,2.18
10/12/2025,9:00:00,10/12/2025 9:00,2301,,2.18
10/12/2025,10:00:00,10/12/2025 10:00,2407,,2.18
10/12/2025,11:00:00,10/12/2025 11:00,2557,,2.18
10/12/2025,12:00:00,10/12/2025 12:00,2749,,2.18
10/12/2025,13:00:00,10/12/2025 13:00,2920,,2.18
10/12/2025,14:00:00,10/12/2025 14:00,2967,,2.18
10/12/2025,15:00:00,10/12/2025 15:00,2915,,2.18
10/12/2025,16:00:00,10/12/2025 16:00,2958,,2.18
10/12/2025,17:00:00,10/12/2025 17:00,2923,,2.18
10/12/2025,18:00:00,10/12/2025 18:00,2812,,2.18
10/12/2025,19:00:00,10/12/2025 19:00,2848,,2.18
10/12/2025,20:00:00,10/12/2025 20:00,2706,,2.18
10/12/2025,21:00:00,10/12/2025 21:00,2662,,2.18
10/12/2025,22:00:00,10/12/2025 22:00,2615,,2.18
10/12/2025,23:00:00,10/12/2025 23:00,2519,,2.18
10/13/2025,0:00:00,10/13/2025 0:00,2457,,2.18
10/13/2025,1:00:00,10/13/2025 1:00,2404,,2.18
10/13/2025,2:00:00,10/13/2025 2:00,2244,,2.18
10/13/2025,3:00:00,10/13/2025 3:00,2103,,2.18
10/13/2025,4:00:00,10/13/2025 4:00,2035,,2.18
10/13/2025,5:00:00,10/13/2025 5:00,2004,,2.18
10/13/2025,6:00:00,10/13/2025 6:00,1978,,2.18
10/13/2025,7:00:00,10/13/2025 7:00,2063,,2.18
10/13/2025,8:00:00,10/13/2025 8:00,2543,,2.18
10/13/2025,9:00:00,10/13/2025 9:00,3319,,5.02
10/13/2025,10:00:00,10/13/2025 10:00,3955,,5.02
10/13/2025,11:00:00,10/13/2025 11:00,4466,,5.02
10/13/2025,12:00:00,10/13/2025 12:00,4768,,5.02
10/13/2025,13:00:00,10/13/2025 13:00,4981,,5.02
10/13/2025,14:00:00,10/13/2025 14:00,5095,,5.02
10/13/2025,15:00:00,10/13/2025 15:00,4913,,5.02
10/13/2025,16:00:00,10/13/2025 16:00,4820,,8.05
10/13/2025,17:00:00,10/13/2025 17:00,4613,,8.05
10/13/2025,18:00:00,10/13/2025 18:00,4443,,8.05
10/13/2025,19:00:00,10/13/2025 19:00,4291,,8.05
10/13/2025,20:00:00,10/13/2025 20:00,3959,,8.05
10/13/2025,21:00:00,10/13/2025 21:00,3641,,8.05
10/13/2025,22:00:00,10/13/2025 22:00,3257,,5.02
10/13/2025,23:00:00,10/13/2025 23:00,2905,,5.02
10/14/2025,0:00:00,10/14/2025 0:00,2673,,2.18
10/14/2025,1:00:00,10/14/2025 1:00,2485,,2.18
10/14/2025,2:00:00,10/14/2025 2:00,2311,,2.18
10/14/2025,3:00:00,10/14/2025 3:00,2187,,2.18
10/14/2025,4:00:00,10/14/2025 4:00,2117,,2.18
10/14/2025,5:00:00,10/14/2025 5:00,2073,,2.18
10/14/2025,6:00:00,10/14/2025 6:00,2056,,2.18
10/14/2025,7:00:00,10/14/2025 7:00,2099,,2.18
10/14/2025,8:00:00,10/14/2025 8:00,2593,,2.18
10/14/2025,9:00:00,10/14/2025 9:00,3433,,5.02
10/14/2025,10:00:00,10/14/2025 10:00,4155,,5.02
10/14/2025,11:00:00,10/14/2025 11:00,4596,,5.02
10/14/2025,12:00:00,10/14/2025 12:00,4784,,5.02
10/14/2025,13:00:00,10/14/2025 13:00,4875,,5.02
10/14/2025,14:00:00,10/14/2025 14:00,5039,,5.02
10/14/2025,15:00:00,10/14/2025 15:00,4993,,5.02
10/14/2025,16:00:00,10/14/2025 16:00,4881,,8.05
10/14/2025,17:00:00,10/14/2025 17:00,4673,,8.05
10/14/2025,18:00:00,10/14/2025 18:00,4515,,8.05
10/14/2025,19:00:00,10/14/2025 19:00,4212,,8.05
10/14/2025,20:00:00,10/14/2025 20:00,3893,,8.05
10/14/2025,21:00:00,10/14/2025 21:00,3551,,8.05
10/14/2025,22:00:00,10/14/2025 22:00,3206,,5.02
10/14/2025,23:00:00,10/14/2025 23:00,2881,,5.02
10/15/2025,0:00:00,10/15/2025 0:00,2663,,2.18
10/15/2025,1:00:00,10/15/2025 1:00,2494,,2.18
10/15/2025,2:00:00,10/15/2025 2:00,2316,,2.18
10/15/2025,3:00:00,10/15/2025 3:00,2204,,2.18
10/15/2025,4:00:00,10/15/2025 4:00,2117,,2.18
10/15/2025,5:00:00,10/15/2025 5:00,2081,,2.18
10/15/2025,6:00:00,10/15/2025 6:00,2069,,2.18
10/15/2025,7:00:00,10/15/2025 7:00,2141,,2.18
10/15/2025,8:00:00,10/15/2025 8:00,2616,,2.18
10/15/2025,9:00:00,10/15/2025 9:00,3467,,5.02
10/15/2025,10:00:00,10/15/2025 10:00,4132,,5.02
10/15/2025,11:00:00,10/15/2025 11:00,4488,,5.02
10/15/2025,12:00:00,10/15/2025 12:00,4699,,5.02
10/15/2025,13:00:00,10/15/2025 13:00,4809,,5.02
10/15/2025,14:00:00,10/15/2025 14:00,4853,,5.02
10/15/2025,15:00:00,10/15/2025 15:00,4812,,5.02
10/15/2025,16:00:00,10/15/2025 16:00,4723,,8.05
10/15/2025,17:00:00,10/15/2025 17:00,4474,,8.05
10/15/2025,18:00:00,10/15/2025 18:00,4250,,8.05
10/15/2025,19:00:00,10/15/2025 19:00,4041,,8.05
10/15/2025,20:00:00,10/15/2025 20:00,3683,,8.05
10/15/2025,21:00:00,10/15/2025 21:00,3414,,8.05
10/15/2025,22:00:00,10/15/2025 22:00,3161,,5.02
10/15/2025,23:00:00,10/15/2025 23:00,2841,,5.02
10/16/2025,0:00:00,10/16/2025 0:00,2645,,2
10/16/2025,1:00:00,10/16/2025 1:00,2535,,2
10/16/2025,2:00:00,10/16/2025 2:00,2331,,2
10/16/2025,3:00:00,10/16/2025 3:00,2198,,2
10/16/2025,4:00:00,10/16/2025 4:00,2105,,2
10/16/2025,5:00:00,10/16/2025 5:00,2069,,2
10/16/2025,6:00:00,10/16/2025 6:00,2050,,4.7
10/16/2025,7:00:00,10/16/2025 7:00,2166,,4.7
10/16/2025,8:00:00,10/16/2025 8:00,2567,,4.7
10/16/2025,9:00:00,10/16/2025 9:00,3399,,4.7
10/16/2025,10:00:00,10/16/2025 10:00,4149,,4.7
10/16/2025,11:00:00,10/16/2025 11:00,4412,,2
10/16/2025,12:00:00,10/16/2025 12:00,4679,,2
10/16/2025,13:00:00,10/16/2025 13:00,4761,,2
10/16/2025,14:00:00,10/16/2025 14:00,4859,,4.7
10/16/2025,15:00:00,10/16/2025 15:00,4810,,4.7
10/16/2025,16:00:00,10/16/2025 16:00,4821,,4.7
10/16/2025,17:00:00,10/16/2025 17:00,4690,,4.7
10/16/2025,18:00:00,10/16/2025 18:00,4525,,4.7
10/16/2025,19:00:00,10/16/2025 19:00,4274,,4.7
10/16/2025,20:00:00,10/16/2025 20:00,3907,,4.7
10/16/2025,21:00:00,10/16/2025 21:00,3660,,4.7
10/16/2025,22:00:00,10/16/2025 22:00,3311,,4.7
10/16/2025,23:00:00,10/16/2025 23:00,2904,,4.7
10/17/2025,0:00:00,10/17/2025 0:00,2682,,2
10/17/2025,1:00:00,10/17/2025 1:00,2552,,2
10/17/2025,2:00:00,10/17/2025 2:00,2376,,2
10/17/2025,3:00:00,10/17/2025 3:00,2239,,2
10/17/2025,4:00:00,10/17/2025 4:00,2151,,2
10/17/2025,5:00:00,10/17/2025 5:00,2113,,2
10/17/2025,6:00:00,10/17/2025 6:00,2101,,4.7
10/17/2025,7:00:00,10/17/2025 7:00,2173,,4.7
10/17/2025,8:00:00,10/17/2025 8:00,2571,,4.7
10/17/2025,9:00:00,10/17/2025 9:00,3326,,4.7
10/17/2025,10:00:00,10/17/2025 10:00,3830,,4.7
10/17/2025,11:00:00,10/17/2025 11:00,4287,,2
10/17/2025,12:00:00,10/17/2025 12:00,4524,,2
10/17/2025,13:00:00,10/17/2025 13:00,4715,,2
10/17/2025,14:00:00,10/17/2025 14:00,4875,,4.7
10/17/2025,15:00:00,10/17/2025 15:00,4656,,4.7
10/17/2025,16:00:00,10/17/2025 16:00,4628,,4.7
10/17/2025,17:00:00,10/17/2025 17:00,4481,,4.7
10/17/2025,18:00:00,10/17/2025 18:00,4197,,4.7
10/17/2025,19:00:00,10/17/2025 19:00,3915,,4.7
10/17/2025,20:00:00,10/17/2025 20:00,3601,,4.7
10/17/2025,21:00:00,10/17/2025 21:00,3344,,4.7
10/17/2025,22:00:00,10/17/2025 22:00,3068,,4.7
10/17/2025,23:00:00,10/17/2025 23:00,2756,,4.7
10/18/2025,0:00:00,10/18/2025 0:00,2573,,2
10/18/2025,1:00:00,10/18/2025 1:00,2479,,2
10/18/2025,2:00:00,10/18/2025 2:00,2351,,2
10/18/2025,3:00:00,10/18/2025 3:00,2231,,2
10/18/2025,4:00:00,10/18/2025 4:00,2170,,2
10/18/2025,5:00:00,10/18/2025 5:00,2104,,2
10/18/2025,6:00:00,10/18/2025 6:00,2070,,2.1
10/18/2025,7:00:00,10/18/2025 7:00,2083,,2.1
10/18/2025,8:00:00,10/18/2025 8:00,2257,,2.1
10/18/2025,9:00:00,10/18/2025 9:00,2805,,2.1
10/18/2025,10:00:00,10/18/2025 10:00,3042,,2.1
10/18/2025,11:00:00,10/18/2025 11:00,3091,,2
10/18/2025,12:00:00,10/18/2025 12:00,3310,,2
10/18/2025,13:00:00,10/18/2025 13:00,3391,,2
10/18/2025,14:00:00,10/18/2025 14:00,3503,,2.1
10/18/2025,15:00:00,10/18/2025 15:00,3472,,2.1
10/18/2025,16:00:00,10/18/2025 16:00,3419,,2.1
10/18/2025,17:00:00,10/18/2025 17:00,3214,,2.1
10/18/2025,18:00:00,10/18/2025 18:00,3126,,2.1
10/18/2025,19:00:00,10/18/2025 19:00,3031,,2.1
10/18/2025,20:00:00,10/18/2025 20:00,2865,,2.1
10/18/2025,21:00:00,10/18/2025 21:00,2768,,2.1
10/18/2025,22:00:00,10/18/2025 22:00,2726,,2.1
10/18/2025,23:00:00,10/18/2025 23:00,2635,,2.1
10/19/2025,0:00:00,10/19/2025 0:00,2500,,2
10/19/2025,1:00:00,10/19/2025 1:00,2465,,2
10/19/2025,2:00:00,10/19/2025 2:00,2370,,2
10/19/2025,3:00:00,10/19/2025 3:00,2236,,2
10/19/2025,4:00:00,10/19/2025 4:00,2142,,2
10/19/2025,5:00:00,10/19/2025 5:00,2099,,2
10/19/2025,6:00:00,10/19/2025 6:00,2052,,2
10/19/2025,7:00:00,10/19/2025 7:00,2046,,2
10/19/2025,8:00:00,10/19/2025 8:00,2053,,2
10/19/2025,9:00:00,10/19/2025 9:00,2330,,2
10/19/2025,10:00:00,10/19/2025 10:00,2406,,2
10/19/2025,11:00:00,10/19/2025 11:00,2523,,2
10/19/2025,12:00:00,10/19/2025 12:00,2631,,2
10/19/2025,13:00:00,10/19/2025 13:00,2762,,2
10/19/2025,14:00:00,10/19/2025 14:00,2767,,2
10/19/2025,15:00:00,10/19/2025 15:00,2845,,2
10/19/2025,16:00:00,10/19/2025 16:00,2878,,2
10/19/2025,17:00:00,10/19/2025 17:00,2877,,2
10/19/2025,18:00:00,10/19/2025 18:00,2783,,2
10/19/2025,19:00:00,10/19/2025 19:00,2775,,2
10/19/2025,20:00:00,10/19/2025 20:00,2728,,2
10/19/2025,21:00:00,10/19/2025 21:00,2641,,2
10/19/2025,22:00:00,10/19/2025 22:00,2535,,2
10/19/2025,23:00:00,10/19/2025 23:00,2452,,2
10/20/2025,0:00:00,10/20/2025 0:00,2341,,2
10/20/2025,1:00:00,10/20/2025 1:00,2285,,2
10/20/2025,2:00:00,10/20/2025 2:00,2135,,2
10/20/2025,3:00:00,10/20/2025 3:00,1998,,2
10/20/2025,4:00:00,10/20/2025 4:00,1926,,2
10/20/2025,5:00:00,10/20/2025 5:00,1925,,2
10/20/2025,6:00:00,10/20/2025 6:00,1897,,4.7
10/20/2025,7:00:00,10/20/2025 7:00,1975,,4.7
10/20/2025,8:00:00,10/20/2025 8:00,2315,,4.7
10/20/2025,9:00:00,10/20/2025 9:00,2831,,4.7
10/20/2025,10:00:00,10/20/2025 10:00,3271,,4.7
10/20/2025,11:00:00,10/20/2025 11:00,3553,,2
10/20/2025,12:00:00,10/20/2025 12:00,3884,,2
10/20/2025,13:00:00,10/20/2025 13:00,4060,,2
10/20/2025,14:00:00,10/20/2025 14:00,3985,,4.7
10/20/2025,15:00:00,10/20/2025 15:00,3833,,4.7
10/20/2025,16:00:00,10/20/2025 16:00,3851,,4.7
10/20/2025,17:00:00,10/20/2025 17:00,3692,,4.7
10/20/2025,18:00:00,10/20/2025 18:00,3624,,4.7
10/20/2025,19:00:00,10/20/2025 19:00,3557,,4.7
10/20/2025,20:00:00,10/20/2025 20:00,3300,,4.7
10/20/2025,21:00:00,10/20/2025 21:00,3078,,4.7
10/20/2025,22:00:00,10/20/2025 22:00,2842,,4.7
10/20/2025,23:00:00,10/20/2025 23:00,2470,,4.7
10/21/2025,0:00:00,10/21/2025 0:00,2309,,2
10/21/2025,1:00:00,10/21/2025 1:00,2176,,2
10/21/2025,2:00:00,10/21/2025 2:00,2036,,2
10/21/2025,3:00:00,10/21/2025 3:00,1931,,2
10/21/2025,4:00:00,10/21/2025 4:00,1841,,2
10/21/2025,5:00:00,10/21/2025 5:00,1829,,2
10/21/2025,6:00:00,10/21/2025 6:00,1813,,4.7
10/21/2025,7:00:00,10/21/2025 7:00,1861,,4.7
10/21/2025,8:00:00,10/21/2025 8:00,2157,,4.7
10/21/2025,9:00:00,10/21/2025 9:00,2613,,4.7
10/21/2025,10:00:00,10/21/2025 10:00,3053,,4.7
10/21/2025,11:00:00,10/21/2025 11:00,3234,,2
10/21/2025,12:00:00,10/21/2025 12:00,3484,,2
10/21/2025,13:00:00,10/21/2025 13:00,3511,,2
10/21/2025,14:00:00,10/21/2025 14:00,3508,,4.7
10/21/2025,15:00:00,10/21/2025 15:00,3429,,4.7
10/21/2025,16:00:00,10/21/2025 16:00,3415,,4.7
10/21/2025,17:00:00,10/21/2025 17:00,3352,,4.7
10/21/2025,18:00:00,10/21/2025 18:00,3350,,4.7
10/21/2025,19:00:00,10/21/2025 19:00,3186,,4.7
10/21/2025,20:00:00,10/21/2025 20:00,3008,,4.7
10/21/2025,21:00:00,10/21/2025 21:00,2804,,4.7
10/21/2025,22:00:00,10/21/2025 22:00,2568,,4.7
10/21/2025,23:00:00,10/21/2025 23:00,2337,,4.7
10/22/2025,0:00:00,10/22/2025 0:00,2180,,2
10/22/2025,1:00:00,10/22/2025 1:00,2068,,2
10/22/2025,2:00:00,10/22/2025 2:00,1948,,2
10/22/2025,3:00:00,10/22/2025 3:00,1832,,2
10/22/2025,4:00:00,10/22/2025 4:00,1793,,2
10/22/2025,5:00:00,10/22/2025 5:00,1786,,2
10/22/2025,6:00:00,10/22/2025 6:00,1782,,4.7
10/22/2025,7:00:00,10/22/2025 7:00,1855,,4.7
10/22/2025,8:00:00,10/22/2025 8:00,2180,,4.7
10/22/2025,9:00:00,10/22/2025 9:00,2642,,4.7
10/22/2025,10:00:00,10/22/2025 10:00,3034,,4.7
10/22/2025,11:00:00,10/22/2025 11:00,3116,,2
10/22/2025,12:00:00,10/22/2025 12:00,3331,,2
10/22/2025,13:00:00,10/22/2025 13:00,3388,,2
10/22/2025,14:00:00,10/22/2025 14:00,3412,,4.7
10/22/2025,15:00:00,10/22/2025 15:00,3377,,4.7
10/22/2025,16:00:00,10/22/2025 16:00,3282,,4.7
10/22/2025,17:00:00,10/22/2025 17:00,3157,,4.7
10/22/2025,18:00:00,10/22/2025 18:00,3149,,4.7
10/22/2025,19:00:00,10/22/2025 19:00,3022,,4.7
10/22/2025,20:00:00,10/22/2025 20:00,2826,,4.7
10/22/2025,21:00:00,10/22/2025 21:00,2696,,4.7
10/22/2025,22:00:00,10/22/2025 22:00,2554,,4.7
10/22/2025,23:00:00,10/22/2025 23:00,2287,,4.7
10/23/2025,0:00:00,10/23/2025 0:00,2176,,2
10/23/2025,1:00:00,10/23/2025 1:00,2083,,2
10/23/2025,2:00:00,10/23/2025 2:00,1947,,2
10/23/2025,3:00:00,10/23/2025 3:00,1816,,2
10/23/2025,4:00:00,10/23/2025 4:00,1747,,2
10/23/2025,5:00:00,10/23/2025 5:00,1740,,2
10/23/2025,6:00:00,10/23/2025 6:00,1760,,4.7
10/23/2025,7:00:00,10/23/2025 7:00,1799,,4.7
10/23/2025,8:00:00,10/23/2025 8:00,2117,,4.7
10/23/2025,9:00:00,10/23/2025 9:00,2585,,4.7
10/23/2025,10:00:00,10/23/2025 10:00,2951,,4.7
10/23/2025,11:00:00,10/23/2025 11:00,3144,,2
10/23/2025,12:00:00,10/23/2025 12:00,3300,,2
10/23/2025,13:00:00,10/23/2025 13:00,3384,,2
10/23/2025,14:00:00,10/23/2025 14:00,3352,,4.7
10/23/2025,15:00:00,10/23/2025 15:00,3289,,4.7
10/23/2025,16:00:00,10/23/2025 16:00,3194,,4.7
10/23/2025,17:00:00,10/23/2025 17:00,3203,,4.7
10/23/2025,18:00:00,10/23/2025 18:00,3167,,4.7
10/23/2025,19:00:00,10/23/2025 19:00,3012,,4.7
10/23/2025,20:00:00,10/23/2025 20:00,2806,,4.7
10/23/2025,21:00:00,10/23/2025 21:00,2608,,4.7
10/23/2025,22:00:00,10/23/2025 22:00,2409,,4.7
10/23/2025,23:00:00,10/23/2025 23:00,2132,,4.7
10/24/2025,0:00:00,10/24/2025 0:00,2016,,2
10/24/2025,1:00:00,10/24/2025 1:00,1940,,2
10/24/2025,2:00:00,10/24/2025 2:00,1863,,2
10/24/2025,3:00:00,10/24/2025 3:00,1762,,2
10/24/2025,4:00:00,10/24/2025 4:00,1701,,2
10/24/2025,5:00:00,10/24/2025 5:00,1669,,2
10/24/2025,6:00:00,10/24/2025 6:00,1655,,4.7
10/24/2025,7:00:00,10/24/2025 7:00,1670,,4.7
10/24/2025,8:00:00,10/24/2025 8:00,1782,,4.7
10/24/2025,9:00:00,10/24/2025 9:00,1908,,4.7
10/24/2025,10:00:00,10/24/2025 10:00,1997,,4.7
10/24/2025,11:00:00,10/24/2025 11:00,2047,,2
10/24/2025,12:00:00,10/24/2025 12:00,2136,,2
10/24/2025,13:00:00,10/24/2025 13:00,2229,,2
10/24/2025,14:00:00,10/24/2025 14:00,2233,,4.7
10/24/2025,15:00:00,10/24/2025 15:00,2198,,4.7
10/24/2025,16:00:00,10/24/2025 16:00,2177,,4.7
10/24/2025,17:00:00,10/24/2025 17:00,2183,,4.7
10/24/2025,18:00:00,10/24/2025 18:00,2182,,4.7
10/24/2025,19:00:00,10/24/2025 19:00,2135,,4.7
10/24/2025,20:00:00,10/24/2025 20:00,2085,,4.7
10/24/2025,21:00:00,10/24/2025 21:00,2082,,4.7
10/24/2025,22:00:00,10/24/2025 22:00,2041,,4.7
10/24/2025,23:00:00,10/24/2025 23:00,1962,,4.7
10/25/2025,0:00:00,10/25/2025 0:00,1890,,2
10/25/2025,1:00:00,10/25/2025 1:00,1870,,2
10/25/2025,2:00:00,10/25/2025 2:00,1821,,2
10/25/2025,3:00:00,10/25/2025 3:00,1762,,2
10/25/2025,4:00:00,10/25/2025 4:00,1690,,2
10/25/2025,5:00:00,10/25/2025 5:00,1679,,2
10/25/2025,6:00:00,10/25/2025 6:00,1651,,2.1
10/25/2025,7:00:00,10/25/2025 7:00,1622,,2.1
10/25/2025,8:00:00,10/25/2025 8:00,1657,,2.1
10/25/2025,9:00:00,10/25/2025 9:00,1809,,2.1
10/25/2025,10:00:00,10/25/2025 10:00,1856,,2.1
10/25/2025,11:00:00,10/25/2025 11:00,1936,,2
10/25/2025,12:00:00,10/25/2025 12:00,2099,,2
10/25/2025,13:00:00,10/25/2025 13:00,2137,,2
10/25/2025,14:00:00,10/25/2025 14:00,2115,,2.1
10/25/2025,15:00:00,10/25/2025 15:00,2129,,2.1
10/25/2025,16:00:00,10/25/2025 16:00,2151,,2.1
10/25/2025,17:00:00,10/25/2025 17:00,2164,,2.1
10/25/2025,18:00:00,10/25/2025 18:00,2141,,2.1
10/25/2025,19:00:00,10/25/2025 19:00,2137,,2.1
10/25/2025,20:00:00,10/25/2025 20:00,2096,,2.1
10/25/2025,21:00:00,10/25/2025 21:00,2074,,2.1
10/25/2025,22:00:00,10/25/2025 22:00,2045,,2.1
10/25/2025,23:00:00,10/25/2025 23:00,1985,,2.1
10/26/2025,0:00:00,10/26/2025 0:00,1904,,2
10/26/2025,1:00:00,10/26/2025 1:00,1902,,2
10/26/2025,2:00:00,10/26/2025 2:00,1837,,2
10/26/2025,3:00:00,10/26/2025 3:00,1740,,2
10/26/2025,4:00:00,10/26/2025 4:00,1689,,2
10/26/2025,5:00:00,10/26/2025 5:00,1668,,2
10/26/2025,6:00:00,10/26/2025 6:00,1648,,2
10/26/2025,7:00:00,10/26/2025 7:00,1629,,2
10/26/2025,8:00:00,10/26/2025 8:00,1760,,2
10/26/2025,9:00:00,10/26/2025 9:00,1846,,2
10/26/2025,10:00:00,10/26/2025 10:00,1931,,2
10/26/2025,11:00:00,10/26/2025 11:00,1999,,2
10/26/2025,12:00:00,10/26/2025 12:00,2100,,2
10/26/2025,13:00:00,10/26/2025 13:00,2133,,2
10/26/2025,14:00:00,10/26/2025 14:00,2108,,2
10/26/2025,15:00:00,10/26/2025 15:00,2125,,2
10/26/2025,16:00:00,10/26/2025 16:00,2183,,2
10/26/2025,17:00:00,10/26/2025 17:00,2139,,2
10/26/2025,18:00:00,10/26/2025 18:00,2119,,2
10/26/2025,19:00:00,10/26/2025 19:00,2196,,2
10/26/2025,20:00:00,10/26/2025 20:00,2133,,2
10/26/2025,21:00:00,10/26/2025 21:00,2093,,2
10/26/2025,22:00:00,10/26/2025 22:00,2079,,2
10/26/2025,23:00:00,10/26/2025 23:00,1979,,2
10/27/2025,0:00:00,10/27/2025 0:00,1957,,2
10/27/2025,1:00:00,10/27/2025 1:00,1932,,2
10/27/2025,2:00:00,10/27/2025 2:00,1811,,2
10/27/2025,3:00:00,10/27/2025 3:00,1684,,2
10/27/2025,4:00:00,10/27/2025 4:00,1652,,2
10/27/2025,5:00:00,10/27/2025 5:00,1640,,2
10/27/2025,6:00:00,10/27/2025 6:00,1658,,4.7
10/27/2025,7:00:00,10/27/2025 7:00,1743,,4.7
10/27/2025,8:00:00,10/27/2025 8:00,2013,,4.7
10/27/2025,9:00:00,10/27/2025 9:00,2366,,4.7
10/27/2025,10:00:00,10/27/2025 10:00,2623,,4.7
10/27/2025,11:00:00,10/27/2025 11:00,2767,,2
10/27/2025,12:00:00,10/27/2025 12:00,2913,,2
10/27/2025,13:00:00,10/27/2025 13:00,3117,,2
10/27/2025,14:00:00,10/27/2025 14:00,3130,,4.7
10/27/2025,15:00:00,10/27/2025 15:00,3129,,4.7
10/27/2025,16:00:00,10/27/2025 16:00,3151,,4.7
10/27/2025,17:00:00,10/27/2025 17:00,3075,,4.7
10/27/2025,18:00:00,10/27/2025 18:00,3044,,4.7
10/27/2025,19:00:00,10/27/2025 19:00,2930,,4.7
10/27/2025,20:00:00,10/27/2025 20:00,2797,,4.7
10/27/2025,21:00:00,10/27/2025 21:00,2663,,4.7
10/27/2025,22:00:00,10/27/2025 22:00,2407,,4.7
10/27/2025,23:00:00,10/27/2025 23:00,2177,,4.7
10/28/2025,0:00:00,10/28/2025 0:00,2048,,2
10/28/2025,1:00:00,10/28/2025 1:00,1989,,2
10/28/2025,2:00:00,10/28/2025 2:00,1837,,2
10/28/2025,3:00:00,10/28/2025 3:00,1731,,2
10/28/2025,4:00:00,10/28/2025 4:00,1672,,2
10/28/2025,5:00:00,10/28/2025 5:00,1665,,2
10/28/2025,6:00:00,10/28/2025 6:00,1666,,4.7
10/28/2025,7:00:00,10/28/2025 7:00,1702,,4.7
10/28/2025,8:00:00,10/28/2025 8:00,1953,,4.7
10/28/2025,9:00:00,10/28/2025 9:00,2394,,4.7
10/28/2025,10:00:00,10/28/2025 10:00,2723,,4.7
10/28/2025,11:00:00,10/28/2025 11:00,2902,,2
10/28/2025,12:00:00,10/28/2025 12:00,3016,,2
10/28/2025,13:00:00,10/28/2025 13:00,3192,,2
10/28/2025,14:00:00,10/28/2025 14:00,3188,,4.7
10/28/2025,15:00:00,10/28/2025 15:00,3137,,4.7
10/28/2025,16:00:00,10/28/2025 16:00,3037,,4.7
10/28/2025,17:00:00,10/28/2025 17:00,2992,,4.7
10/28/2025,18:00:00,10/28/2025 18:00,3006,,4.7
10/28/2025,19:00:00,10/28/2025 19:00,2862,,4.7
10/28/2025,20:00:00,10/28/2025 20:00,2670,,4.7
10/28/2025,21:00:00,10/28/2025 21:00,2541,,4.7
10/28/2025,22:00:00,10/28/2025 22:00,2361,,4.7
10/28/2025,23:00:00,10/28/2025 23:00,2186,,4.7
10/29/2025,0:00:00,10/29/2025 0:00,2039,,2
10/29/2025,1:00:00,10/29/2025 1:00,1916,,2
10/29/2025,2:00:00,10/29/2025 2:00,1789,,2
10/29/2025,3:00:00,10/29/2025 3:00,1699,,2
10/29/2025,4:00:00,10/29/2025 4:00,1629,,2
10/29/2025,5:00:00,10/29/2025 5:00,1637,,2
10/29/2025,6:00:00,10/29/2025 6:00,1653,,4.7
10/29/2025,7:00:00,10/29/2025 7:00,1688,,4.7
10/29/2025,8:00:00,10/29/2025 8:00,1995,,4.7
10/29/2025,9:00:00,10/29/2025 9:00,2359,,4.7
10/29/2025,10:00:00,10/29/2025 10:00,2679,,4.7
10/29/2025,11:00:00,10/29/2025 11:00,2973,,2
10/29/2025,12:00:00,10/29/2025 12:00,3152,,2
10/29/2025,13:00:00,10/29/2025 13:00,3234,,2
10/29/2025,14:00:00,10/29/2025 14:00,3274,,4.7
10/29/2025,15:00:00,10/29/2025 15:00,3219,,4.7
10/29/2025,16:00:00,10/29/2025 16:00,3161,,4.7
10/29/2025,17:00:00,10/29/2025 17:00,3107,,4.7
10/29/2025,18:00:00,10/29/2025 18:00,3044,,4.7
10/29/2025,19:00:00,10/29/2025 19:00,2913,,4.7
10/29/2025,20:00:00,10/29/2025 20:00,2718,,4.7
10/29/2025,21:00:00,10/29/2025 21:00,2589,,4.7
10/29/2025,22:00:00,10/29/2025 22:00,2394,,4.7
10/29/2025,23:00:00,10/29/2025 23:00,2230,,4.7
10/30/2025,0:00:00,10/30/2025 0:00,2101,,2
10/30/2025,1:00:00,10/30/2025 1:00,2058,,2
10/30/2025,2:00:00,10/30/2025 2:00,1924,,2
10/30/2025,3:00:00,10/30/2025 3:00,1810,,2
10/30/2025,4:00:00,10/30/2025 4:00,1726,,2
10/30/2025,5:00:00,10/30/2025 5:00,1727,,2
10/30/2025,6:00:00,10/30/2025 6:00,1768,,4.7
10/30/2025,7:00:00,10/30/2025 7:00,1808,,4.7
10/30/2025,8:00:00,10/30/2025 8:00,2128,,4.7
10/30/2025,9:00:00,10/30/2025 9:00,2681,,4.7
10/30/2025,10:00:00,10/30/2025 10:00,3038,,4.7
10/30/2025,11:00:00,10/30/2025 11:00,3422,,2
10/30/2025,12:00:00,10/30/2025 12:00,3561,,2
10/30/2025,13:00:00,10/30/2025 13:00,3635,,2
10/30/2025,14:00:00,10/30/2025 14:00,3616,,4.7
10/30/2025,15:00:00,10/30/2025 15:00,3583,,4.7
10/30/2025,16:00:00,10/30/2025 16:00,3625,,4.7
10/30/2025,17:00:00,10/30/2025 17:00,3577,,4.7
10/30/2025,18:00:00,10/30/2025 18:00,3424,,4.7
10/30/2025,19:00:00,10/30/2025 19:00,3353,,4.7
10/30/2025,20:00:00,10/30/2025 20:00,3103,,4.7
10/30/2025,21:00:00,10/30/2025 21:00,2909,,4.7
10/30/2025,22:00:00,10/30/2025 22:00,2747,,4.7
10/30/2025,23:00:00,10/30/2025 23:00,2423,,4.7
10/31/2025,0:00:00,10/31/2025 0:00,2294,,2
10/31/2025,1:00:00,10/31/2025 1:00,2189,,2
10/31/2025,2:00:00,10/31/2025 2:00,2088,,2
10/31/2025,3:00:00,10/31/2025 3:00,1952,,2
10/31/2025,4:00:00,10/31/2025 4:00,1884,,2
10/31/2025,5:00:00,10/31/2025 5:00,1845,,2
10/31/2025,6:00:00,10/31/2025 6:00,1812,,4.7
10/31/2025,7:00:00,10/31/2025 7:00,1872,,4.7
10/31/2025,8:00:00,10/31/2025 8:00,2137,,4.7
10/31/2025,9:00:00,10/31/2025 9:00,2614,,4.7
10/31/2025,10:00:00,10/31/2025 10:00,2967,,4.7
10/31/2025,11:00:00,10/31/2025 11:00,3084,,2
10/31/2025,12:00:00,10/31/2025 12:00,3239,,2
10/31/2025,13:00:00,10/31/2025 13:00,3397,,2
10/31/2025,14:00:00,10/31/2025 14:00,3414,,4.7
10/31/2025,15:00:00,10/31/2025 15:00,3281,,4.7
10/31/2025,16:00:00,10/31/2025 16:00,3242,,4.7
10/31/2025,17:00:00,10/31/2025 17:00,3171,,4.7
10/31/2025,18:00:00,10/31/2025 18:00,3045,,4.7
10/31/2025,19:00:00,10/31/2025 19:00,2906,,4.7
10/31/2025,20:00:00,10/31/2025 20:00,2615,,4.7
10/31/2025,21:00:00,10/31/2025 21:00,2457,,4.7
10/31/2025,22:00:00,10/31/2025 22:00,2281,,4.7
10/31/2025,23:00:00,10/31/2025 23:00,2145,,4.7
11/1/2025,0:00:00,11/1/2025 0:00,2018,,2
