issue_time,raw_high_net_load_scenario_count,raw_high_net_load_probability_mass,R1_high_net_load_representative_count,R3_high_net_load_representative_count,R1_high_net_load_included,R3_high_net_load_included,R1_high_net_load_inclusion_score,R3_high_net_load_inclusion_score,high_net_load_threshold_p95_peak_kw
2024-10-31 07:00:00,29,0.058,0,1,False,True,0.0,1.0,1986.4178466796875
2024-10-31 08:00:00,26,0.052,0,1,False,True,0.0,1.0,2355.259521484375
2024-10-31 09:00:00,25,0.05,0,2,False,True,0.0,1.0,2828.5031982421874
2024-10-31 10:00:00,26,0.052,0,2,False,True,0.0,1.0,2991.937744140625
2024-10-31 11:00:00,32,0.064,0,2,False,True,0.0,1.0,3176.76953125
2024-10-31 12:00:00,26,0.052,0,1,False,True,0.0,1.0,3487.507568359375
2024-10-31 13:00:00,32,0.064,0,3,False,True,0.0,1.0,3493.066162109375
2024-10-31 14:00:00,25,0.05,0,2,False,True,0.0,1.0,3501.308837890625
2024-10-31 15:00:00,26,0.052,0,3,False,True,0.0,1.0,3504.30908203125
2024-10-31 16:00:00,32,0.064,0,2,False,True,0.0,1.0,3504.30908203125
2024-10-31 17:00:00,26,0.052,0,2,False,True,0.0,1.0,3504.30908203125
2024-10-31 18:00:00,28,0.056,0,2,False,True,0.0,1.0,3510.20458984375
2024-10-31 19:00:00,25,0.05,0,2,False,True,0.0,1.0,3508.67197265625
2024-10-31 20:00:00,37,0.074,0,3,False,True,0.0,1.0,3502.948974609375
2024-10-31 21:00:00,32,0.064,0,3,False,True,0.0,1.0,3510.20458984375
2024-10-31 22:00:00,25,0.05,0,3,False,True,0.0,1.0,3508.0191650390625
2024-10-31 23:00:00,27,0.054,0,2,False,True,0.0,1.0,3511.963134765625
2024-11-01 00:00:00,26,0.052,0,3,False,True,0.0,1.0,3503.04052734375
2024-11-01 01:00:00,25,0.05,0,3,False,True,0.0,1.0,3507.368298339844
2024-11-01 02:00:00,25,0.05,0,2,False,True,0.0,1.0,3516.582348632812
2024-11-01 03:00:00,27,0.054,0,3,False,True,0.0,1.0,3521.4296875
2024-11-01 04:00:00,28,0.056,0,1,False,True,0.0,1.0,3521.4296875
2024-11-01 05:00:00,43,0.086,0,2,False,True,0.0,1.0,3516.67919921875
2024-11-01 06:00:00,34,0.068,0,2,False,True,0.0,1.0,3507.66650390625
2024-11-01 07:00:00,25,0.05,0,2,False,True,0.0,1.0,3513.340893554687
2024-11-01 08:00:00,29,0.058,0,1,False,True,0.0,1.0,3527.10888671875
2024-11-01 09:00:00,25,0.05,0,3,False,True,0.0,1.0,3517.796740722656
2024-11-01 10:00:00,25,0.05,0,3,False,True,0.0,1.0,3501.0768798828126
2024-11-01 11:00:00,30,0.06,0,2,False,True,0.0,1.0,3491.884033203125
2024-11-01 12:00:00,30,0.06,0,2,False,True,0.0,1.0,3411.986083984375
2024-11-01 13:00:00,25,0.05,0,2,False,True,0.0,1.0,3512.865869140625
2024-11-01 14:00:00,25,0.05,0,2,False,True,0.0,1.0,3489.0000854492187
2024-11-01 15:00:00,25,0.05,0,1,False,True,0.0,1.0,3330.4222778320313
2024-11-01 16:00:00,500,1.0,5,5,True,True,1.0,1.0,3173.0
2024-11-01 17:00:00,500,1.0,5,5,True,True,1.0,1.0,2983.0
2024-11-01 18:00:00,500,1.0,5,5,True,True,1.0,1.0,2819.0
2024-11-01 19:00:00,500,1.0,5,5,True,True,1.0,1.0,2686.0
2024-11-01 20:00:00,500,1.0,5,5,True,True,1.0,1.0,2523.0
2024-11-01 21:00:00,28,0.056,0,1,False,True,0.0,1.0,2412.0947265625
2024-11-01 22:00:00,30,0.06,0,2,False,True,0.0,1.0,2413.8515625
2024-11-01 23:00:00,25,0.05,0,2,False,True,0.0,1.0,2402.31357421875
2024-11-02 00:00:00,25,0.05,0,2,False,True,0.0,1.0,2415.000207519531
2024-11-02 01:00:00,25,0.05,0,2,False,True,0.0,1.0,2414.961279296875
2024-11-02 02:00:00,25,0.05,0,1,False,True,0.0,1.0,2411.5716186523437
2024-11-02 03:00:00,35,0.07,0,1,False,True,0.0,1.0,2415.420654296875
2024-11-02 04:00:00,25,0.05,0,1,False,True,0.0,1.0,2421.498425292969
2024-11-02 05:00:00,25,0.05,0,1,False,True,0.0,1.0,2419.768603515625
2024-11-02 06:00:00,25,0.05,0,1,False,True,0.0,1.0,2414.5848999023438
2024-11-02 07:00:00,25,0.05,0,1,False,True,0.0,1.0,2413.7712524414064
2024-11-02 08:00:00,31,0.062,0,1,False,True,0.0,1.0,2413.40283203125
2024-11-02 09:00:00,25,0.05,0,1,False,True,0.0,1.0,2411.5649291992186
2024-11-02 10:00:00,26,0.052,0,1,False,True,0.0,1.0,2420.512939453125
2024-11-02 11:00:00,25,0.05,0,1,False,True,0.0,1.0,2415.852587890625
2024-11-02 12:00:00,25,0.05,0,1,False,True,0.0,1.0,2393.336535644531
2024-11-02 13:00:00,25,0.05,0,2,False,True,0.0,1.0,2369.229052734375
2024-11-02 14:00:00,29,0.058,0,2,False,True,0.0,1.0,2360.7958984375
2024-11-02 15:00:00,25,0.05,0,1,False,True,0.0,1.0,2341.0359619140627
2024-11-02 16:00:00,500,1.0,5,5,True,True,1.0,1.0,2341.0
2024-11-02 17:00:00,500,1.0,5,5,True,True,1.0,1.0,2281.0
2024-11-02 18:00:00,500,1.0,5,5,True,True,1.0,1.0,2277.0
2024-11-02 19:00:00,500,1.0,5,5,True,True,1.0,1.0,2277.0
2024-11-02 20:00:00,500,1.0,5,5,True,True,1.0,1.0,2277.0
2024-11-02 21:00:00,500,1.0,5,5,True,True,1.0,1.0,2277.0
2024-11-02 22:00:00,500,1.0,5,5,True,True,1.0,1.0,2277.0
2024-11-02 23:00:00,500,1.0,5,5,True,True,1.0,1.0,2277.0
2024-11-03 00:00:00,500,1.0,5,5,True,True,1.0,1.0,2277.0
2024-11-03 01:00:00,500,1.0,5,5,True,True,1.0,1.0,2277.0
2024-11-03 02:00:00,500,1.0,5,5,True,True,1.0,1.0,2277.0
2024-11-03 03:00:00,500,1.0,5,5,True,True,1.0,1.0,2277.0
2024-11-03 04:00:00,500,1.0,5,5,True,True,1.0,1.0,2277.0
2024-11-03 05:00:00,500,1.0,5,5,True,True,1.0,1.0,2277.0
2024-11-03 06:00:00,500,1.0,5,5,True,True,1.0,1.0,2277.0
2024-11-03 07:00:00,500,1.0,5,5,True,True,1.0,1.0,2277.0
2024-11-03 08:00:00,25,0.05,0,2,False,True,0.0,1.0,2488.140417480469
2024-11-03 09:00:00,25,0.05,0,1,False,True,0.0,1.0,2955.9045166015626
2024-11-03 10:00:00,25,0.05,0,2,False,True,0.0,1.0,3144.594287109375
2024-11-03 11:00:00,25,0.05,0,2,False,True,0.0,1.0,3294.1340209960936
2024-11-03 12:00:00,27,0.054,0,3,False,True,0.0,1.0,3325.374755859375
2024-11-03 13:00:00,30,0.06,0,3,False,True,0.0,1.0,3324.899169921875
2024-11-03 14:00:00,41,0.082,0,3,False,True,0.0,1.0,3309.040771484375
2024-11-03 15:00:00,28,0.056,0,2,False,True,0.0,1.0,3369.353271484375
2024-11-03 16:00:00,34,0.068,0,2,False,True,0.0,1.0,3367.713134765625
2024-11-03 17:00:00,26,0.052,0,2,False,True,0.0,1.0,3369.584228515625
2024-11-03 18:00:00,26,0.052,0,2,False,True,0.0,1.0,3380.3017578125
2024-11-03 19:00:00,29,0.058,0,2,False,True,0.0,1.0,3378.675537109375
2024-11-03 20:00:00,25,0.05,0,2,False,True,0.0,1.0,3376.8096923828125
2024-11-03 21:00:00,25,0.05,0,2,False,True,0.0,1.0,3351.895654296875
2024-11-03 22:00:00,33,0.066,0,2,False,True,0.0,1.0,3379.01171875
2024-11-03 23:00:00,28,0.056,0,1,False,True,0.0,1.0,3381.923583984375
2024-11-04 00:00:00,25,0.05,0,2,False,True,0.0,1.0,3379.0903686523434
2024-11-04 01:00:00,26,0.052,0,3,False,True,0.0,1.0,3387.01708984375
2024-11-04 02:00:00,26,0.052,0,2,False,True,0.0,1.0,3384.84423828125
2024-11-04 03:00:00,25,0.05,0,2,False,True,0.0,1.0,3349.78408203125
2024-11-04 04:00:00,26,0.052,0,3,False,True,0.0,1.0,3355.5537109375
2024-11-04 05:00:00,25,0.05,0,3,False,True,0.0,1.0,3354.0583984375
2024-11-04 06:00:00,25,0.05,0,2,False,True,0.0,1.0,3337.7608642578125
2024-11-04 07:00:00,37,0.074,0,2,False,True,0.0,1.0,3285.316650390625
2024-11-04 08:00:00,26,0.052,0,3,False,True,0.0,1.0,3310.08203125
2024-11-04 09:00:00,25,0.05,0,1,False,True,0.0,1.0,3276.627587890625
2024-11-04 10:00:00,500,1.0,5,5,True,True,1.0,1.0,3274.0
2024-11-04 11:00:00,500,1.0,5,5,True,True,1.0,1.0,3274.0
2024-11-04 12:00:00,28,0.056,0,3,False,True,0.0,1.0,3283.309326171875
2024-11-04 13:00:00,34,0.068,0,2,False,True,0.0,1.0,3343.262939453125
2024-11-04 14:00:00,38,0.076,0,3,False,True,0.0,1.0,3287.6591796875
2024-11-04 15:00:00,500,1.0,5,5,True,True,1.0,1.0,3274.0
2024-11-04 16:00:00,500,1.0,5,5,True,True,1.0,1.0,3274.0
2024-11-04 17:00:00,27,0.054,0,2,False,True,0.0,1.0,3258.13330078125
2024-11-04 18:00:00,34,0.068,0,2,False,True,0.0,1.0,3263.681396484375
2024-11-04 19:00:00,33,0.066,0,2,False,True,0.0,1.0,3261.317138671875
2024-11-04 20:00:00,25,0.05,0,2,False,True,0.0,1.0,3228.9738159179688
2024-11-04 21:00:00,25,0.05,0,2,False,True,0.0,1.0,3246.717114257812
2024-11-04 22:00:00,31,0.062,0,2,False,True,0.0,1.0,3261.317138671875
2024-11-04 23:00:00,25,0.05,0,1,False,True,0.0,1.0,3242.19580078125
2024-11-05 00:00:00,28,0.056,0,1,False,True,0.0,1.0,3265.46142578125
2024-11-05 01:00:00,25,0.05,0,2,False,True,0.0,1.0,3260.3510498046876
2024-11-05 02:00:00,25,0.05,0,1,False,True,0.0,1.0,3244.2785156249997
2024-11-05 03:00:00,28,0.056,0,2,False,True,0.0,1.0,3266.89794921875
2024-11-05 04:00:00,33,0.066,0,1,False,True,0.0,1.0,3259.33544921875
2024-11-05 05:00:00,25,0.05,0,2,False,True,0.0,1.0,3265.5952392578124
2024-11-05 06:00:00,28,0.056,0,2,False,True,0.0,1.0,3259.578369140625
2024-11-05 07:00:00,25,0.05,0,2,False,True,0.0,1.0,3308.6903442382813
2024-11-05 08:00:00,29,0.058,0,2,False,True,0.0,1.0,3319.213623046875
2024-11-05 09:00:00,25,0.05,0,3,False,True,0.0,1.0,3330.562744140625
2024-11-05 10:00:00,27,0.054,0,2,False,True,0.0,1.0,3338.683349609375
2024-11-05 11:00:00,35,0.07,0,2,False,True,0.0,1.0,3377.540283203125
2024-11-05 12:00:00,25,0.05,0,3,False,True,0.0,1.0,3271.723913574219
2024-11-05 13:00:00,25,0.05,0,2,False,True,0.0,1.0,3247.295068359375
2024-11-05 14:00:00,31,0.062,0,1,False,True,0.0,1.0,3210.147216796875
2024-11-05 15:00:00,25,0.05,0,1,False,True,0.0,1.0,3208.7690185546876
2024-11-05 16:00:00,500,1.0,5,5,True,True,1.0,1.0,3027.0
2024-11-05 17:00:00,500,1.0,5,5,True,True,1.0,1.0,2980.0
2024-11-05 18:00:00,29,0.058,0,2,False,True,0.0,1.0,2875.3818359375
2024-11-05 19:00:00,25,0.05,0,1,False,True,0.0,1.0,2875.2303833007813
2024-11-05 20:00:00,39,0.078,0,2,False,True,0.0,1.0,2873.539794921875
2024-11-05 21:00:00,28,0.056,0,1,False,True,0.0,1.0,2875.2734375
2024-11-05 22:00:00,28,0.056,0,2,False,True,0.0,1.0,2875.3818359375
2024-11-05 23:00:00,25,0.05,0,1,False,True,0.0,1.0,2873.6318969726562
2024-11-06 00:00:00,33,0.066,0,2,False,True,0.0,1.0,2875.01904296875
2024-11-06 01:00:00,25,0.05,0,1,False,True,0.0,1.0,2875.8862182617186
2024-11-06 02:00:00,37,0.074,0,1,False,True,0.0,1.0,2875.01904296875
2024-11-06 03:00:00,26,0.052,1,1,True,True,1.0,1.0,2878.30859375
2024-11-06 04:00:00,27,0.054,0,2,False,True,0.0,1.0,2880.84716796875
2024-11-06 05:00:00,34,0.068,0,1,False,True,0.0,1.0,2875.849609375
2024-11-06 06:00:00,26,0.052,0,1,False,True,0.0,1.0,2878.335693359375
2024-11-06 07:00:00,38,0.076,0,1,False,True,0.0,1.0,2874.755859375
2024-11-06 08:00:00,36,0.072,0,2,False,True,0.0,1.0,2877.07080078125
2024-11-06 09:00:00,30,0.06,0,2,False,True,0.0,1.0,2903.629638671875
2024-11-06 10:00:00,31,0.062,0,1,False,True,0.0,1.0,2908.04052734375
2024-11-06 11:00:00,31,0.062,1,1,True,True,1.0,1.0,2884.77880859375
2024-11-06 12:00:00,25,0.05,0,1,False,True,0.0,1.0,2877.909558105469
2024-11-06 13:00:00,25,0.05,0,1,False,True,0.0,1.0,2908.364111328125
2024-11-06 14:00:00,25,0.05,0,1,False,True,0.0,1.0,2929.0072631835938
2024-11-06 15:00:00,500,1.0,5,5,True,True,1.0,1.0,2845.0
2024-11-06 16:00:00,500,1.0,5,5,True,True,1.0,1.0,2845.0
2024-11-06 17:00:00,27,0.054,0,1,False,True,0.0,1.0,2818.608642578125
2024-11-06 18:00:00,25,0.05,0,2,False,True,0.0,1.0,2870.481298828125
2024-11-06 19:00:00,25,0.05,0,1,False,True,0.0,1.0,2864.2633422851563
2024-11-06 20:00:00,25,0.05,0,1,False,True,0.0,1.0,2863.3684448242184
2024-11-06 21:00:00,25,0.05,0,1,False,True,0.0,1.0,2857.640625
2024-11-06 22:00:00,25,0.05,0,2,False,True,0.0,1.0,2866.8516357421877
2024-11-06 23:00:00,25,0.05,0,2,False,True,0.0,1.0,2868.1442016601563
2024-11-07 00:00:00,29,0.058,0,2,False,True,0.0,1.0,2884.709228515625
2024-11-07 01:00:00,36,0.072,0,1,False,True,0.0,1.0,2884.709228515625
2024-11-07 02:00:00,26,0.052,0,2,False,True,0.0,1.0,2884.709228515625
2024-11-07 03:00:00,25,0.05,0,1,False,True,0.0,1.0,2892.7940307617187
2024-11-07 04:00:00,25,0.05,0,1,False,True,0.0,1.0,2893.9701660156247
2024-11-07 05:00:00,25,0.05,0,1,False,True,0.0,1.0,2893.5855712890625
2024-11-07 06:00:00,26,0.052,0,2,False,True,0.0,1.0,2897.03564453125
2024-11-07 07:00:00,31,0.062,0,1,False,True,0.0,1.0,2895.279296875
2024-11-07 08:00:00,25,0.05,0,2,False,True,0.0,1.0,2889.5565307617185
2024-11-07 09:00:00,25,0.05,0,1,False,True,0.0,1.0,2909.560070800781
2024-11-07 10:00:00,25,0.05,0,1,False,True,0.0,1.0,2892.0432006835936
2024-11-07 11:00:00,36,0.072,0,1,False,True,0.0,1.0,2883.07421875
2024-11-07 12:00:00,25,0.05,0,3,False,True,0.0,1.0,2862.767614746094
2024-11-07 13:00:00,25,0.05,0,1,False,True,0.0,1.0,2872.3162231445312
2024-11-07 14:00:00,27,0.054,0,1,False,True,0.0,1.0,2806.968017578125
2024-11-07 15:00:00,25,0.05,1,1,True,True,1.0,1.0,2811.290283203125
2024-11-07 16:00:00,26,0.052,0,1,False,True,0.0,1.0,2816.107666015625
2024-11-07 17:00:00,26,0.052,0,2,False,True,0.0,1.0,2816.347412109375
2024-11-07 18:00:00,25,0.05,0,2,False,True,0.0,1.0,2818.378552246094
2024-11-07 19:00:00,26,0.052,0,1,False,True,0.0,1.0,2822.96728515625
2024-11-07 20:00:00,37,0.074,0,1,False,True,0.0,1.0,2822.205322265625
2024-11-07 21:00:00,25,0.05,0,2,False,True,0.0,1.0,2820.17998046875
2024-11-07 22:00:00,25,0.05,0,1,False,True,0.0,1.0,2818.989599609375
2024-11-07 23:00:00,25,0.05,0,1,False,True,0.0,1.0,2821.52373046875
2024-11-08 00:00:00,25,0.05,0,1,False,True,0.0,1.0,2823.9432495117185
2024-11-08 01:00:00,26,0.052,0,1,False,True,0.0,1.0,2828.427734375
2024-11-08 02:00:00,29,0.058,0,2,False,True,0.0,1.0,2828.427734375
2024-11-08 03:00:00,25,0.05,0,1,False,True,0.0,1.0,2814.7765991210936
2024-11-08 04:00:00,28,0.056,0,2,False,True,0.0,1.0,2810.0517700195314
2024-11-08 05:00:00,25,0.05,1,1,True,True,1.0,1.0,2810.0317993164062
2024-11-08 06:00:00,25,0.05,0,1,False,True,0.0,1.0,2809.8864868164064
2024-11-08 07:00:00,29,0.058,0,2,False,True,0.0,1.0,2825.03759765625
2024-11-08 08:00:00,25,0.05,0,2,False,True,0.0,1.0,2807.074755859375
2024-11-08 09:00:00,25,0.05,0,1,False,True,0.0,1.0,2806.982385253906
2024-11-08 10:00:00,25,0.05,0,2,False,True,0.0,1.0,2812.380078125
2024-11-08 11:00:00,35,0.07,0,2,False,True,0.0,1.0,2830.43994140625
2024-11-08 12:00:00,25,0.05,0,1,False,True,0.0,1.0,2827.4258422851562
2024-11-08 13:00:00,25,0.05,0,2,False,True,0.0,1.0,2813.6282958984375
2024-11-08 14:00:00,25,0.05,0,2,False,True,0.0,1.0,2804.7416381835938
2024-11-08 15:00:00,28,0.056,0,1,False,True,0.0,1.0,2780.36279296875
2024-11-08 16:00:00,500,1.0,5,5,True,True,1.0,1.0,2779.0
2024-11-08 17:00:00,500,1.0,5,5,True,True,1.0,1.0,2689.0
2024-11-08 18:00:00,500,1.0,5,5,True,True,1.0,1.0,2537.0
2024-11-08 19:00:00,26,0.052,0,1,False,True,0.0,1.0,2390.634765625
2024-11-08 20:00:00,26,0.052,0,2,False,True,0.0,1.0,2389.5751953125
2024-11-08 21:00:00,25,0.05,0,2,False,True,0.0,1.0,2387.24609375
2024-11-08 22:00:00,28,0.056,0,2,False,True,0.0,1.0,2390.634765625
2024-11-08 23:00:00,27,0.054,0,2,False,True,0.0,1.0,2392.111572265625
2024-11-09 00:00:00,30,0.06,0,2,False,True,0.0,1.0,2368.577880859375
2024-11-09 01:00:00,25,0.05,0,1,False,True,0.0,1.0,2361.376574707031
2024-11-09 02:00:00,25,0.05,0,1,False,True,0.0,1.0,2360.9044921875
2024-11-09 03:00:00,25,0.05,0,2,False,True,0.0,1.0,2360.3415283203126
2024-11-09 04:00:00,28,0.056,0,2,False,True,0.0,1.0,2364.234619140625
2024-11-09 05:00:00,25,0.05,0,2,False,True,0.0,1.0,2358.740686035156
2024-11-09 06:00:00,26,0.052,0,2,False,True,0.0,1.0,2362.677734375
2024-11-09 07:00:00,25,0.05,0,2,False,True,0.0,1.0,2372.862756347656
2024-11-09 08:00:00,26,0.052,0,2,False,True,0.0,1.0,2398.292724609375
2024-11-09 09:00:00,25,0.05,0,2,False,True,0.0,1.0,2376.3144775390624
2024-11-09 10:00:00,27,0.054,0,2,False,True,0.0,1.0,2354.97509765625
2024-11-09 11:00:00,25,0.05,0,1,False,True,0.0,1.0,2343.5473754882814
2024-11-09 12:00:00,26,0.052,0,1,False,True,0.0,1.0,2343.130126953125
2024-11-09 13:00:00,27,0.054,0,1,False,True,0.0,1.0,2322.662353515625
2024-11-09 14:00:00,25,0.05,0,1,False,True,0.0,1.0,2312.026379394531
2024-11-09 15:00:00,25,0.05,0,1,False,True,0.0,1.0,2303.6296142578126
2024-11-09 16:00:00,500,1.0,5,5,True,True,1.0,1.0,2278.0
2024-11-09 17:00:00,500,1.0,5,5,True,True,1.0,1.0,2243.0
2024-11-09 18:00:00,500,1.0,5,5,True,True,1.0,1.0,2243.0
2024-11-09 19:00:00,500,1.0,5,5,True,True,1.0,1.0,2243.0
2024-11-09 20:00:00,500,1.0,5,5,True,True,1.0,1.0,2243.0
2024-11-09 21:00:00,500,1.0,5,5,True,True,1.0,1.0,2243.0
2024-11-09 22:00:00,500,1.0,5,5,True,True,1.0,1.0,2243.0
2024-11-09 23:00:00,500,1.0,5,5,True,True,1.0,1.0,2243.0
2024-11-10 00:00:00,500,1.0,5,5,True,True,1.0,1.0,2243.0
2024-11-10 01:00:00,500,1.0,5,5,True,True,1.0,1.0,2243.0
2024-11-10 02:00:00,500,1.0,5,5,True,True,1.0,1.0,2243.0
2024-11-10 03:00:00,500,1.0,5,5,True,True,1.0,1.0,2243.0
2024-11-10 04:00:00,500,1.0,5,5,True,True,1.0,1.0,2243.0
2024-11-10 05:00:00,500,1.0,5,5,True,True,1.0,1.0,2243.0
2024-11-10 06:00:00,500,1.0,5,5,True,True,1.0,1.0,2243.0
2024-11-10 07:00:00,500,1.0,5,5,True,True,1.0,1.0,2243.0
2024-11-10 08:00:00,26,0.052,0,1,False,True,0.0,1.0,2294.90087890625
2024-11-10 09:00:00,25,0.05,0,2,False,True,0.0,1.0,2430.900207519531
2024-11-10 10:00:00,25,0.05,0,1,False,True,0.0,1.0,2585.427099609375
2024-11-10 11:00:00,26,0.052,0,2,False,True,0.0,1.0,2753.64501953125
2024-11-10 12:00:00,26,0.052,0,2,False,True,0.0,1.0,2997.667236328125
2024-11-10 13:00:00,25,0.05,0,2,False,True,0.0,1.0,3072.7482421875
2024-11-10 14:00:00,25,0.05,0,1,False,True,0.0,1.0,3135.8729614257813
2024-11-10 15:00:00,25,0.05,0,2,False,True,0.0,1.0,3170.4146118164062
2024-11-10 16:00:00,26,0.052,0,1,False,True,0.0,1.0,3170.6630859375
2024-11-10 17:00:00,26,0.052,0,2,False,True,0.0,1.0,3170.592529296875
2024-11-10 18:00:00,32,0.064,0,2,False,True,0.0,1.0,3168.78466796875
2024-11-10 19:00:00,25,0.05,0,1,False,True,0.0,1.0,3161.709228515625
2024-11-10 20:00:00,25,0.05,0,1,False,True,0.0,1.0,3164.8881103515623
2024-11-10 21:00:00,34,0.068,0,2,False,True,0.0,1.0,3166.931884765625
2024-11-10 22:00:00,25,0.05,0,2,False,True,0.0,1.0,3163.0023925781247
2024-11-10 23:00:00,25,0.05,0,1,False,True,0.0,1.0,3161.4939575195312
2024-11-11 00:00:00,42,0.084,0,2,False,True,0.0,1.0,3175.14111328125
2024-11-11 01:00:00,35,0.07,0,2,False,True,0.0,1.0,3175.14111328125
2024-11-11 02:00:00,27,0.054,0,2,False,True,0.0,1.0,3176.993896484375
2024-11-11 03:00:00,26,0.052,0,1,False,True,0.0,1.0,3160.785400390625
2024-11-11 04:00:00,29,0.058,1,2,True,True,1.0,1.0,3161.22265625
2024-11-11 05:00:00,27,0.054,0,1,False,True,0.0,1.0,3161.22265625
2024-11-11 06:00:00,26,0.052,0,2,False,True,0.0,1.0,3160.19775390625
2024-11-11 07:00:00,28,0.056,0,1,False,True,0.0,1.0,3157.91162109375
2024-11-11 08:00:00,25,0.05,0,1,False,True,0.0,1.0,3157.1761108398437
2024-11-11 09:00:00,25,0.05,0,1,False,True,0.0,1.0,3167.7573486328124
2024-11-11 10:00:00,27,0.054,0,1,False,True,0.0,1.0,3171.478759765625
2024-11-11 11:00:00,25,0.05,0,1,False,True,0.0,1.0,3149.4355712890624
2024-11-11 12:00:00,25,0.05,0,1,False,True,0.0,1.0,3322.003515625
2024-11-11 13:00:00,25,0.05,0,3,False,True,0.0,1.0,3320.091064453125
2024-11-11 14:00:00,25,0.05,0,3,False,True,0.0,1.0,3340.128491210937
2024-11-11 15:00:00,36,0.072,1,2,True,True,1.0,1.0,3387.4033203125
2024-11-11 16:00:00,30,0.06,0,2,False,True,0.0,1.0,3387.4033203125
2024-11-11 17:00:00,25,0.05,0,3,False,True,0.0,1.0,3385.6989990234374
2024-11-11 18:00:00,25,0.05,0,2,False,True,0.0,1.0,3389.3000366210936
2024-11-11 19:00:00,25,0.05,0,1,False,True,0.0,1.0,3379.676953125
2024-11-11 20:00:00,40,0.08,0,3,False,True,0.0,1.0,3388.4345703125
2024-11-11 21:00:00,25,0.05,0,3,False,True,0.0,1.0,3375.307141113281
2024-11-11 22:00:00,25,0.05,0,2,False,True,0.0,1.0,3385.5045898437497
2024-11-11 23:00:00,27,0.054,0,2,False,True,0.0,1.0,3391.77392578125
2024-11-12 00:00:00,31,0.062,0,3,False,True,0.0,1.0,3383.621826171875
2024-11-12 01:00:00,37,0.074,0,1,False,True,0.0,1.0,3382.92236328125
2024-11-12 02:00:00,28,0.056,0,2,False,True,0.0,1.0,3382.92236328125
2024-11-12 03:00:00,25,0.05,0,2,False,True,0.0,1.0,3365.781384277344
2024-11-12 04:00:00,27,0.054,0,2,False,True,0.0,1.0,3369.0693359375
2024-11-12 05:00:00,25,0.05,0,2,False,True,0.0,1.0,3366.7290649414062
2024-11-12 06:00:00,33,0.066,0,3,False,True,0.0,1.0,3367.259033203125
2024-11-12 07:00:00,32,0.064,0,2,False,True,0.0,1.0,3374.616943359375
2024-11-12 08:00:00,28,0.056,0,3,False,True,0.0,1.0,3376.92431640625
2024-11-12 09:00:00,36,0.072,0,2,False,True,0.0,1.0,3399.62255859375
2024-11-12 10:00:00,25,0.05,0,2,False,True,0.0,1.0,3375.5646118164063
2024-11-12 11:00:00,27,0.054,0,3,False,True,0.0,1.0,3393.692626953125
2024-11-12 12:00:00,25,0.05,0,1,False,True,0.0,1.0,3398.699353027344
2024-11-12 13:00:00,32,0.064,0,2,False,True,0.0,1.0,3399.2724609375
2024-11-12 14:00:00,25,0.05,0,3,False,True,0.0,1.0,3403.54736328125
2024-11-12 15:00:00,25,0.05,0,3,False,True,0.0,1.0,3374.163537597656
2024-11-12 16:00:00,25,0.05,0,2,False,True,0.0,1.0,3415.1698608398438
2024-11-12 17:00:00,25,0.05,0,2,False,True,0.0,1.0,3414.187854003906
2024-11-12 18:00:00,25,0.05,0,3,False,True,0.0,1.0,3421.9212280273437
2024-11-12 19:00:00,25,0.05,0,2,False,True,0.0,1.0,3421.2271118164062
2024-11-12 20:00:00,25,0.05,0,2,False,True,0.0,1.0,3418.755895996094
2024-11-12 21:00:00,32,0.064,0,3,False,True,0.0,1.0,3419.52783203125
2024-11-12 22:00:00,30,0.06,0,2,False,True,0.0,1.0,3422.88427734375
2024-11-12 23:00:00,25,0.05,0,2,False,True,0.0,1.0,3424.917919921875
2024-11-13 00:00:00,28,0.056,0,2,False,True,0.0,1.0,3417.7626953125
2024-11-13 01:00:00,25,0.05,0,2,False,True,0.0,1.0,3417.792443847656
2024-11-13 02:00:00,33,0.066,0,3,False,True,0.0,1.0,3418.533447265625
2024-11-13 03:00:00,29,0.058,0,3,False,True,0.0,1.0,3426.224609375
2024-11-13 04:00:00,30,0.06,0,2,False,True,0.0,1.0,3436.255615234375
2024-11-13 05:00:00,27,0.054,0,2,False,True,0.0,1.0,3433.155517578125
2024-11-13 06:00:00,25,0.05,1,2,True,True,1.0,1.0,3432.272900390625
2024-11-13 07:00:00,25,0.05,0,2,False,True,0.0,1.0,3427.1586791992186
2024-11-13 08:00:00,25,0.05,0,1,False,True,0.0,1.0,3423.7492553710936
2024-11-13 09:00:00,29,0.058,0,2,False,True,0.0,1.0,3424.5009765625
2024-11-13 10:00:00,25,0.05,0,1,False,True,0.0,1.0,3426.66591796875
2024-11-13 11:00:00,25,0.05,0,2,False,True,0.0,1.0,3419.6541015625
2024-11-13 12:00:00,37,0.074,0,1,False,True,0.0,1.0,3420.70263671875
2024-11-13 13:00:00,28,0.056,0,1,False,True,0.0,1.0,3510.906005859375
2024-11-13 14:00:00,31,0.062,0,2,False,True,0.0,1.0,3531.409423828125
2024-11-13 15:00:00,25,0.05,0,2,False,True,0.0,1.0,3538.067150878906
2024-11-13 16:00:00,25,0.05,0,1,False,True,0.0,1.0,3570.5220581054687
2024-11-13 17:00:00,31,0.062,0,1,False,True,0.0,1.0,3570.67041015625
2024-11-13 18:00:00,25,0.05,0,1,False,True,0.0,1.0,3565.531140136719
2024-11-13 19:00:00,26,0.052,0,1,False,True,0.0,1.0,3563.119873046875
2024-11-13 20:00:00,27,0.054,0,1,False,True,0.0,1.0,3563.245849609375
2024-11-13 21:00:00,33,0.066,0,3,False,True,0.0,1.0,3562.9287109375
2024-11-13 22:00:00,25,0.05,0,1,False,True,0.0,1.0,3560.3002197265623
2024-11-13 23:00:00,27,0.054,0,1,False,True,0.0,1.0,3563.14208984375
2024-11-14 00:00:00,25,0.05,0,1,False,True,0.0,1.0,3562.7583862304687
2024-11-14 01:00:00,32,0.064,0,2,False,True,0.0,1.0,3564.741943359375
2024-11-14 02:00:00,25,0.05,0,1,False,True,0.0,1.0,3562.953662109375
2024-11-14 03:00:00,25,0.05,1,2,True,True,1.0,1.0,3564.304064941406
2024-11-14 04:00:00,25,0.05,0,2,False,True,0.0,1.0,3559.7515380859377
2024-11-14 05:00:00,25,0.05,1,3,True,True,1.0,1.0,3558.0052856445313
2024-11-14 06:00:00,25,0.05,0,1,False,True,0.0,1.0,3551.7220092773437
2024-11-14 07:00:00,25,0.05,0,1,False,True,0.0,1.0,3548.6913818359376
2024-11-14 08:00:00,25,0.05,1,3,True,True,1.0,1.0,3532.9782470703126
2024-11-14 09:00:00,26,0.052,0,1,False,True,0.0,1.0,3556.71875
2024-11-14 10:00:00,500,1.0,5,5,True,True,1.0,1.0,3486.0
2024-11-14 11:00:00,25,0.05,0,1,False,True,0.0,1.0,3547.5665893554688
2024-11-14 12:00:00,25,0.05,0,2,False,True,0.0,1.0,3729.179956054687
2024-11-14 13:00:00,25,0.05,0,2,False,True,0.0,1.0,3731.2003417968745
2024-11-14 14:00:00,27,0.054,0,2,False,True,0.0,1.0,3781.11474609375
2024-11-14 15:00:00,25,0.05,0,2,False,True,0.0,1.0,3757.814465332031
2024-11-14 16:00:00,30,0.06,0,3,False,True,0.0,1.0,3787.739013671875
2024-11-14 17:00:00,27,0.054,0,2,False,True,0.0,1.0,3790.410400390625
2024-11-14 18:00:00,25,0.05,0,2,False,True,0.0,1.0,3766.3408569335934
2024-11-14 19:00:00,26,0.052,0,2,False,True,0.0,1.0,3738.9267578125
2024-11-14 20:00:00,35,0.07,0,2,False,True,0.0,1.0,3727.339111328125
2024-11-14 21:00:00,25,0.05,0,2,False,True,0.0,1.0,3733.846484375
2024-11-14 22:00:00,25,0.05,0,1,False,True,0.0,1.0,3743.71318359375
2024-11-14 23:00:00,31,0.062,1,2,True,True,1.0,1.0,3764.061767578125
2024-11-15 00:00:00,28,0.056,0,2,False,True,0.0,1.0,3714.669921875
2024-11-15 01:00:00,25,0.05,0,3,False,True,0.0,1.0,3698.1808959960936
2024-11-15 02:00:00,28,0.056,0,2,False,True,0.0,1.0,3759.78662109375
2024-11-15 03:00:00,30,0.06,0,2,False,True,0.0,1.0,3774.387451171875
2024-11-15 04:00:00,25,0.05,0,3,False,True,0.0,1.0,3752.0356079101557
2024-11-15 05:00:00,25,0.05,0,3,False,True,0.0,1.0,3772.1680541992187
2024-11-15 06:00:00,25,0.05,0,1,False,True,0.0,1.0,3753.0729370117188
2024-11-15 07:00:00,27,0.054,0,3,False,True,0.0,1.0,3791.07421875
2024-11-15 08:00:00,25,0.05,0,3,False,True,0.0,1.0,3629.5880126953116
2024-11-15 09:00:00,31,0.062,0,3,False,True,0.0,1.0,3712.6875
2024-11-15 10:00:00,25,0.05,0,2,False,True,0.0,1.0,3698.689709472656
2024-11-15 11:00:00,25,0.05,0,1,False,True,0.0,1.0,3494.695422363281
2024-11-15 12:00:00,25,0.05,1,2,True,True,1.0,1.0,3448.1584594726564
2024-11-15 13:00:00,25,0.05,0,2,False,True,0.0,1.0,3493.4466186523437
2024-11-15 14:00:00,27,0.054,0,1,False,True,0.0,1.0,3552.238525390625
2024-11-15 15:00:00,25,0.05,0,1,False,True,0.0,1.0,3499.22353515625
2024-11-15 16:00:00,500,1.0,5,5,True,True,1.0,1.0,3297.0
2024-11-15 17:00:00,500,1.0,5,5,True,True,1.0,1.0,3132.0
2024-11-15 18:00:00,500,1.0,5,5,True,True,1.0,1.0,2900.0
2024-11-15 19:00:00,500,1.0,5,5,True,True,1.0,1.0,2777.0
2024-11-15 20:00:00,39,0.078,0,1,False,True,0.0,1.0,2577.240234375
2024-11-15 21:00:00,26,0.052,0,2,False,True,0.0,1.0,2587.8740234375
2024-11-15 22:00:00,47,0.094,0,2,False,True,0.0,1.0,2580.624755859375
2024-11-15 23:00:00,35,0.07,0,2,False,True,0.0,1.0,2582.271240234375
2024-11-16 00:00:00,30,0.06,0,2,False,True,0.0,1.0,2539.707275390625
2024-11-16 01:00:00,26,0.052,0,1,False,True,0.0,1.0,2536.7060546875
2024-11-16 02:00:00,25,0.05,0,2,False,True,0.0,1.0,2543.824743652344
2024-11-16 03:00:00,25,0.05,0,1,False,True,0.0,1.0,2536.2754150390624
2024-11-16 04:00:00,25,0.05,0,1,False,True,0.0,1.0,2537.7959228515624
2024-11-16 05:00:00,25,0.05,0,2,False,True,0.0,1.0,2537.4295654296875
2024-11-16 06:00:00,27,0.054,0,2,False,True,0.0,1.0,2620.423828125
2024-11-16 07:00:00,25,0.05,0,2,False,True,0.0,1.0,2621.169836425781
2024-11-16 08:00:00,40,0.08,0,2,False,True,0.0,1.0,2624.978759765625
2024-11-16 09:00:00,25,0.05,0,1,False,True,0.0,1.0,2686.0213256835937
2024-11-16 10:00:00,31,0.062,1,1,True,True,1.0,1.0,2674.690185546875
2024-11-16 11:00:00,25,0.05,0,2,False,True,0.0,1.0,2618.474853515625
2024-11-16 12:00:00,31,0.062,0,1,False,True,0.0,1.0,2604.674560546875
2024-11-16 13:00:00,27,0.054,0,1,False,True,0.0,1.0,2466.736083984375
2024-11-16 14:00:00,25,0.05,0,2,False,True,0.0,1.0,2463.3787841796875
2024-11-16 15:00:00,31,0.062,0,1,False,True,0.0,1.0,2466.418701171875
2024-11-16 16:00:00,500,1.0,5,5,True,True,1.0,1.0,2412.0
2024-11-16 17:00:00,500,1.0,5,5,True,True,1.0,1.0,2328.0
2024-11-16 18:00:00,500,1.0,5,5,True,True,1.0,1.0,2289.0
2024-11-16 19:00:00,500,1.0,5,5,True,True,1.0,1.0,2247.0
2024-11-16 20:00:00,500,1.0,5,5,True,True,1.0,1.0,2222.0
2024-11-16 21:00:00,37,0.074,0,1,False,True,0.0,1.0,2220.390380859375
2024-11-16 22:00:00,25,0.05,0,2,False,True,0.0,1.0,2219.5584716796875
2024-11-16 23:00:00,29,0.058,0,1,False,True,0.0,1.0,2220.09619140625
2024-11-17 00:00:00,25,0.05,0,2,False,True,0.0,1.0,2218.4943115234373
2024-11-17 01:00:00,25,0.05,0,1,False,True,0.0,1.0,2214.5413818359375
2024-11-17 02:00:00,28,0.056,0,1,False,True,0.0,1.0,2218.854736328125
2024-11-17 03:00:00,25,0.05,0,1,False,True,0.0,1.0,2216.0765991210938
2024-11-17 04:00:00,35,0.07,0,1,False,True,0.0,1.0,2219.266357421875
2024-11-17 05:00:00,25,0.05,0,1,False,True,0.0,1.0,2216.0641357421873
2024-11-17 06:00:00,25,0.05,0,1,False,True,0.0,1.0,2219.4358154296874
2024-11-17 07:00:00,31,0.062,0,1,False,True,0.0,1.0,2216.119140625
2024-11-17 08:00:00,34,0.068,0,1,False,True,0.0,1.0,2262.66943359375
2024-11-17 09:00:00,25,0.05,0,1,False,True,0.0,1.0,2543.656042480469
2024-11-17 10:00:00,25,0.05,0,1,False,True,0.0,1.0,2628.9206665039064
2024-11-17 11:00:00,25,0.05,0,1,False,True,0.0,1.0,2736.484899902344
2024-11-17 12:00:00,25,0.05,0,2,False,True,0.0,1.0,2788.9052124023438
2024-11-17 13:00:00,25,0.05,0,2,False,True,0.0,1.0,2856.0436889648436
2024-11-17 14:00:00,25,0.05,0,1,False,True,0.0,1.0,2923.1905029296877
2024-11-17 15:00:00,25,0.05,0,2,False,True,0.0,1.0,2922.1736572265627
2024-11-17 16:00:00,25,0.05,0,2,False,True,0.0,1.0,2923.082556152344
2024-11-17 17:00:00,25,0.05,0,2,False,True,0.0,1.0,2918.834362792969
2024-11-17 18:00:00,29,0.058,0,2,False,True,0.0,1.0,2915.249755859375
2024-11-17 19:00:00,25,0.05,0,1,False,True,0.0,1.0,2915.162158203125
2024-11-17 20:00:00,25,0.05,0,1,False,True,0.0,1.0,2914.72587890625
2024-11-17 21:00:00,26,0.052,0,2,False,True,0.0,1.0,2912.17431640625
2024-11-17 22:00:00,36,0.072,0,2,False,True,0.0,1.0,2912.17431640625
2024-11-17 23:00:00,25,0.05,0,1,False,True,0.0,1.0,2912.051232910156
2024-11-18 00:00:00,25,0.05,0,1,False,True,0.0,1.0,2913.1071044921873
2024-11-18 01:00:00,36,0.072,0,2,False,True,0.0,1.0,2912.49365234375
2024-11-18 02:00:00,26,0.052,0,2,False,True,0.0,1.0,2917.8779296875
2024-11-18 03:00:00,30,0.06,0,1,False,True,0.0,1.0,2917.8779296875
2024-11-18 04:00:00,26,0.052,0,2,False,True,0.0,1.0,2917.8779296875
2024-11-18 05:00:00,27,0.054,0,2,False,True,0.0,1.0,2920.0556640625
2024-11-18 06:00:00,25,0.05,0,1,False,True,0.0,1.0,2912.742578125
2024-11-18 07:00:00,42,0.084,0,2,False,True,0.0,1.0,2908.599609375
2024-11-18 08:00:00,35,0.07,1,2,True,True,1.0,1.0,2915.8798828125
2024-11-18 09:00:00,25,0.05,0,1,False,True,0.0,1.0,2893.6380249023437
2024-11-18 10:00:00,32,0.064,0,1,False,True,0.0,1.0,2912.48974609375
2024-11-18 11:00:00,27,0.054,0,2,False,True,0.0,1.0,2923.339599609375
2024-11-18 12:00:00,25,0.05,0,2,False,True,0.0,1.0,2919.8600463867188
2024-11-18 13:00:00,28,0.056,0,2,False,True,0.0,1.0,2924.86669921875
2024-11-18 14:00:00,25,0.05,0,1,False,True,0.0,1.0,2914.429821777344
2024-11-18 15:00:00,25,0.05,0,1,False,True,0.0,1.0,2882.33037109375
2024-11-18 16:00:00,500,1.0,5,5,True,True,1.0,1.0,2807.0
2024-11-18 17:00:00,25,0.05,0,1,False,True,0.0,1.0,2797.87607421875
2024-11-18 18:00:00,25,0.05,0,1,False,True,0.0,1.0,2805.5680297851563
2024-11-18 19:00:00,33,0.066,0,1,False,True,0.0,1.0,2807.831298828125
2024-11-18 20:00:00,25,0.05,0,1,False,True,0.0,1.0,2806.8373413085938
2024-11-18 21:00:00,28,0.056,0,2,False,True,0.0,1.0,2807.92626953125
2024-11-18 22:00:00,36,0.072,0,2,False,True,0.0,1.0,2807.92626953125
2024-11-18 23:00:00,25,0.05,0,2,False,True,0.0,1.0,2800.9293945312497
2024-11-19 00:00:00,25,0.05,0,1,False,True,0.0,1.0,2803.9617309570312
2024-11-19 01:00:00,28,0.056,0,1,False,True,0.0,1.0,2807.727783203125
2024-11-19 02:00:00,26,0.052,0,2,False,True,0.0,1.0,2807.727783203125
2024-11-19 03:00:00,25,0.05,0,1,False,True,0.0,1.0,2807.7716430664063
2024-11-19 04:00:00,25,0.05,0,1,False,True,0.0,1.0,2803.53623046875
2024-11-19 05:00:00,25,0.05,0,1,False,True,0.0,1.0,2803.7529907226562
2024-11-19 06:00:00,28,0.056,0,1,False,True,0.0,1.0,2805.083984375
2024-11-19 07:00:00,32,0.064,0,2,False,True,0.0,1.0,2804.661865234375
2024-11-19 08:00:00,25,0.05,0,1,False,True,0.0,1.0,2802.836010742187
2024-11-19 09:00:00,26,0.052,0,1,False,True,0.0,1.0,2804.193603515625
2024-11-19 10:00:00,27,0.054,0,1,False,True,0.0,1.0,2805.058837890625
2024-11-19 11:00:00,29,0.058,0,1,False,True,0.0,1.0,2801.688232421875
2024-11-19 12:00:00,25,0.05,0,1,False,True,0.0,1.0,2802.056530761719
2024-11-19 13:00:00,25,0.05,0,1,False,True,0.0,1.0,2798.533764648437
2024-11-19 14:00:00,25,0.05,0,2,False,True,0.0,1.0,2827.497705078125
2024-11-19 15:00:00,29,0.058,0,2,False,True,0.0,1.0,2839.987548828125
2024-11-19 16:00:00,25,0.05,0,1,False,True,0.0,1.0,2839.848034667969
2024-11-19 17:00:00,25,0.05,0,2,False,True,0.0,1.0,2837.2421752929686
2024-11-19 18:00:00,25,0.05,0,1,False,True,0.0,1.0,2833.5884399414062
2024-11-19 19:00:00,29,0.058,0,2,False,True,0.0,1.0,2836.396240234375
2024-11-19 20:00:00,25,0.05,0,1,False,True,0.0,1.0,2833.481555175781
2024-11-19 21:00:00,44,0.088,0,1,False,True,0.0,1.0,2830.60693359375
2024-11-19 22:00:00,28,0.056,0,1,False,True,0.0,1.0,2836.396240234375
2024-11-19 23:00:00,25,0.05,0,2,False,True,0.0,1.0,2833.957385253906
2024-11-20 00:00:00,30,0.06,0,1,False,True,0.0,1.0,2839.598388671875
2024-11-20 01:00:00,26,0.052,0,2,False,True,0.0,1.0,2839.598388671875
2024-11-20 02:00:00,25,0.05,0,1,False,True,0.0,1.0,2826.657995605469
2024-11-20 03:00:00,26,0.052,0,2,False,True,0.0,1.0,2824.0901611328127
2024-11-20 04:00:00,30,0.06,0,2,False,True,0.0,1.0,2824.838623046875
2024-11-20 05:00:00,28,0.056,0,2,False,True,0.0,1.0,2825.52978515625
2024-11-20 06:00:00,25,0.05,0,2,False,True,0.0,1.0,2822.6088989257814
2024-11-20 07:00:00,30,0.06,0,2,False,True,0.0,1.0,2824.94921875
2024-11-20 08:00:00,28,0.056,0,2,False,True,0.0,1.0,2843.951416015625
2024-11-20 09:00:00,27,0.054,0,1,False,True,0.0,1.0,2826.107177734375
2024-11-20 10:00:00,28,0.056,0,3,False,True,0.0,1.0,2815.25732421875
2024-11-20 11:00:00,25,0.05,0,2,False,True,0.0,1.0,2809.696142578125
2024-11-20 12:00:00,34,0.068,0,2,False,True,0.0,1.0,2801.280029296875
2024-11-20 13:00:00,31,0.062,0,1,False,True,0.0,1.0,2761.425537109375
2024-11-20 14:00:00,30,0.06,0,2,False,True,0.0,1.0,2767.368896484375
2024-11-20 15:00:00,27,0.054,0,2,False,True,0.0,1.0,2773.69921875
2024-11-20 16:00:00,29,0.058,0,1,False,True,0.0,1.0,2752.442626953125
2024-11-20 17:00:00,25,0.05,0,1,False,True,0.0,1.0,2752.438916015625
2024-11-20 18:00:00,29,0.058,0,2,False,True,0.0,1.0,2751.829345703125
2024-11-20 19:00:00,27,0.054,0,2,False,True,0.0,1.0,2751.774169921875
2024-11-20 20:00:00,25,0.05,0,1,False,True,0.0,1.0,2751.5251586914064
2024-11-20 21:00:00,25,0.05,0,2,False,True,0.0,1.0,2751.39580078125
2024-11-20 22:00:00,25,0.05,0,1,False,True,0.0,1.0,2754.8446411132813
2024-11-20 23:00:00,25,0.05,0,1,False,True,0.0,1.0,2748.9059326171873
2024-11-21 00:00:00,25,0.05,0,2,False,True,0.0,1.0,2727.191516113281
2024-11-21 01:00:00,35,0.07,0,1,False,True,0.0,1.0,2729.544921875
2024-11-21 02:00:00,31,0.062,0,2,False,True,0.0,1.0,2730.74365234375
2024-11-21 03:00:00,32,0.064,0,2,False,True,0.0,1.0,2730.74365234375
2024-11-21 04:00:00,32,0.064,0,2,False,True,0.0,1.0,2730.74365234375
2024-11-21 05:00:00,25,0.05,0,1,False,True,0.0,1.0,2730.6490234375
2024-11-21 06:00:00,28,0.056,0,1,False,True,0.0,1.0,2729.9677734375
2024-11-21 07:00:00,26,0.052,0,1,False,True,0.0,1.0,2729.9677734375
2024-11-21 08:00:00,44,0.088,0,1,False,True,0.0,1.0,2729.72021484375
2024-11-21 09:00:00,30,0.06,0,1,False,True,0.0,1.0,2728.01171875
2024-11-21 10:00:00,25,0.05,0,2,False,True,0.0,1.0,2739.512548828125
2024-11-21 11:00:00,25,0.05,0,2,False,True,0.0,1.0,2756.919970703125
2024-11-21 12:00:00,25,0.05,0,1,False,True,0.0,1.0,2734.94013671875
2024-11-21 13:00:00,25,0.05,0,2,False,True,0.0,1.0,2725.297399902344
2024-11-21 14:00:00,31,0.062,0,1,False,True,0.0,1.0,2734.416259765625
2024-11-21 15:00:00,500,1.0,5,5,True,True,1.0,1.0,2721.0
2024-11-21 16:00:00,500,1.0,5,5,True,True,1.0,1.0,2721.0
2024-11-21 17:00:00,500,1.0,5,5,True,True,1.0,1.0,2667.0
2024-11-21 18:00:00,25,0.05,0,2,False,True,0.0,1.0,2640.6688232421875
2024-11-21 19:00:00,30,0.06,0,1,False,True,0.0,1.0,2649.65478515625
2024-11-21 20:00:00,25,0.05,0,2,False,True,0.0,1.0,2640.144580078125
2024-11-21 21:00:00,26,0.052,0,2,False,True,0.0,1.0,2648.422119140625
2024-11-21 22:00:00,25,0.05,0,1,False,True,0.0,1.0,2643.058874511719
2024-11-21 23:00:00,25,0.05,0,1,False,True,0.0,1.0,2645.8915771484376
2024-11-22 00:00:00,25,0.05,0,2,False,True,0.0,1.0,2637.3635131835936
2024-11-22 01:00:00,29,0.058,0,2,False,True,0.0,1.0,2641.135009765625
2024-11-22 02:00:00,27,0.054,0,1,False,True,0.0,1.0,2641.135009765625
2024-11-22 03:00:00,34,0.068,0,2,False,True,0.0,1.0,2639.56201171875
2024-11-22 04:00:00,29,0.058,0,1,False,True,0.0,1.0,2639.56201171875
2024-11-22 05:00:00,27,0.054,0,1,False,True,0.0,1.0,2639.56201171875
2024-11-22 06:00:00,25,0.05,0,1,False,True,0.0,1.0,2635.8675659179685
2024-11-22 07:00:00,37,0.074,0,1,False,True,0.0,1.0,2631.809326171875
2024-11-22 08:00:00,25,0.05,0,1,False,True,0.0,1.0,2640.8108154296874
2024-11-22 09:00:00,25,0.05,0,1,False,True,0.0,1.0,2629.8265869140623
2024-11-22 10:00:00,25,0.05,0,1,False,True,0.0,1.0,2627.47587890625
2024-11-22 11:00:00,25,0.05,0,1,False,True,0.0,1.0,2625.625732421875
2024-11-22 12:00:00,26,0.052,0,1,False,True,0.0,1.0,2621.039416503906
2024-11-22 13:00:00,25,0.05,0,1,False,True,0.0,1.0,2592.513293457031
2024-11-22 14:00:00,26,0.052,0,1,False,True,0.0,1.0,2610.888427734375
2024-11-22 15:00:00,26,0.052,0,1,False,True,0.0,1.0,2608.352783203125
2024-11-22 16:00:00,500,1.0,5,5,True,True,1.0,1.0,2533.0
2024-11-22 17:00:00,500,1.0,5,5,True,True,1.0,1.0,2437.0
2024-11-22 18:00:00,500,1.0,5,5,True,True,1.0,1.0,2314.0
2024-11-22 19:00:00,500,1.0,5,5,True,True,1.0,1.0,2228.0
2024-11-22 20:00:00,500,1.0,5,5,True,True,1.0,1.0,2069.0
2024-11-22 21:00:00,500,1.0,5,5,True,True,1.0,1.0,2021.0
2024-11-22 22:00:00,500,1.0,5,5,True,True,1.0,1.0,2021.0
2024-11-22 23:00:00,500,1.0,5,5,True,True,1.0,1.0,2021.0
2024-11-23 00:00:00,500,1.0,5,5,True,True,1.0,1.0,2021.0
2024-11-23 01:00:00,500,1.0,5,5,True,True,1.0,1.0,2021.0
2024-11-23 02:00:00,500,1.0,5,5,True,True,1.0,1.0,2021.0
2024-11-23 03:00:00,500,1.0,5,5,True,True,1.0,1.0,2021.0
2024-11-23 04:00:00,500,1.0,5,5,True,True,1.0,1.0,2021.0
2024-11-23 05:00:00,500,1.0,5,5,True,True,1.0,1.0,2021.0
2024-11-23 06:00:00,500,1.0,5,5,True,True,1.0,1.0,2021.0
2024-11-23 07:00:00,500,1.0,5,5,True,True,1.0,1.0,2021.0
2024-11-23 08:00:00,500,1.0,5,5,True,True,1.0,1.0,2021.0
2024-11-23 09:00:00,500,1.0,5,5,True,True,1.0,1.0,2021.0
2024-11-23 10:00:00,500,1.0,5,5,True,True,1.0,1.0,2021.0
2024-11-23 11:00:00,500,1.0,5,5,True,True,1.0,1.0,2021.0
2024-11-23 12:00:00,500,1.0,5,5,True,True,1.0,1.0,2021.0
2024-11-23 13:00:00,500,1.0,5,5,True,True,1.0,1.0,2021.0
2024-11-23 14:00:00,500,1.0,5,5,True,True,1.0,1.0,2021.0
2024-11-23 15:00:00,500,1.0,5,5,True,True,1.0,1.0,2021.0
2024-11-23 16:00:00,500,1.0,5,5,True,True,1.0,1.0,2021.0
2024-11-23 17:00:00,29,0.058,0,1,False,True,0.0,1.0,2000.0927734375
2024-11-23 18:00:00,25,0.05,0,1,False,True,0.0,1.0,2001.0721557617187
2024-11-23 19:00:00,25,0.05,0,1,False,True,0.0,1.0,2000.3339294433592
2024-11-23 20:00:00,27,0.054,0,1,False,True,0.0,1.0,2001.0487060546875
2024-11-23 21:00:00,25,0.05,0,1,False,True,0.0,1.0,1996.5673400878907
2024-11-23 22:00:00,25,0.05,0,2,False,True,0.0,1.0,1994.3785034179687
2024-11-23 23:00:00,25,0.05,0,1,False,True,0.0,1.0,1999.782275390625
2024-11-24 00:00:00,25,0.05,0,2,False,True,0.0,1.0,2004.5811645507813
2024-11-24 01:00:00,25,0.05,0,2,False,True,0.0,1.0,2008.0316345214844
2024-11-24 02:00:00,25,0.05,0,1,False,True,0.0,1.0,2005.3663391113282
2024-11-24 03:00:00,26,0.052,0,1,False,True,0.0,1.0,2009.21044921875
2024-11-24 04:00:00,25,0.05,0,3,False,True,0.0,1.0,2001.4061889648438
2024-11-24 05:00:00,25,0.05,0,2,False,True,0.0,1.0,1999.5259338378905
2024-11-24 06:00:00,26,0.052,0,2,False,True,0.0,1.0,1991.8380126953125
2024-11-24 07:00:00,25,0.05,0,1,False,True,0.0,1.0,1987.7418823242188
2024-11-24 08:00:00,28,0.056,0,1,False,True,0.0,1.0,2043.50439453125
2024-11-24 09:00:00,25,0.05,0,2,False,True,0.0,1.0,2109.63642578125
2024-11-24 10:00:00,35,0.07,0,2,False,True,0.0,1.0,2181.314453125
2024-11-24 11:00:00,34,0.068,0,2,False,True,0.0,1.0,2181.654541015625
2024-11-24 12:00:00,29,0.058,0,1,False,True,0.0,1.0,2593.365478515625
2024-11-24 13:00:00,25,0.05,0,1,False,True,0.0,1.0,2754.5634277343747
2024-11-24 14:00:00,30,0.06,0,2,False,True,0.0,1.0,2916.455810546875
2024-11-24 15:00:00,25,0.05,0,2,False,True,0.0,1.0,2971.0961791992186
2024-11-24 16:00:00,29,0.058,0,1,False,True,0.0,1.0,2984.37353515625
2024-11-24 17:00:00,33,0.066,0,1,False,True,0.0,1.0,2985.651123046875
2024-11-24 18:00:00,25,0.05,0,1,False,True,0.0,1.0,2998.433251953125
2024-11-24 19:00:00,25,0.05,0,2,False,True,0.0,1.0,2997.6093627929686
2024-11-24 20:00:00,28,0.056,0,1,False,True,0.0,1.0,3000.27490234375
2024-11-24 21:00:00,25,0.05,0,1,False,True,0.0,1.0,2991.5110107421874
2024-11-24 22:00:00,25,0.05,0,1,False,True,0.0,1.0,2999.3993286132813
2024-11-24 23:00:00,25,0.05,1,1,True,True,1.0,1.0,2996.8012573242186
2024-11-25 00:00:00,26,0.052,0,1,False,True,0.0,1.0,2999.592529296875
2024-11-25 01:00:00,35,0.07,0,1,False,True,0.0,1.0,2999.592529296875
2024-11-25 02:00:00,25,0.05,0,1,False,True,0.0,1.0,2993.1851806640625
2024-11-25 03:00:00,25,0.05,0,2,False,True,0.0,1.0,2994.5576416015624
2024-11-25 04:00:00,25,0.05,0,2,False,True,0.0,1.0,2980.2781616210937
2024-11-25 05:00:00,25,0.05,0,1,False,True,0.0,1.0,2990.7523681640623
2024-11-25 06:00:00,25,0.05,0,1,False,True,0.0,1.0,3022.001672363281
2024-11-25 07:00:00,25,0.05,0,1,False,True,0.0,1.0,3012.830358886719
2024-11-25 08:00:00,27,0.054,0,3,False,True,0.0,1.0,3024.349853515625
2024-11-25 09:00:00,25,0.05,0,1,False,True,0.0,1.0,3012.7925659179687
2024-11-25 10:00:00,25,0.05,0,2,False,True,0.0,1.0,2978.902380371094
2024-11-25 11:00:00,25,0.05,0,2,False,True,0.0,1.0,3001.2533325195313
2024-11-25 12:00:00,27,0.054,0,1,False,True,0.0,1.0,3023.67578125
2024-11-25 13:00:00,500,1.0,5,5,True,True,1.0,1.0,2964.0
2024-11-25 14:00:00,25,0.05,0,1,False,True,0.0,1.0,2980.0423950195313
2024-11-25 15:00:00,500,1.0,5,5,True,True,1.0,1.0,2964.0
2024-11-25 16:00:00,500,1.0,5,5,True,True,1.0,1.0,2964.0
2024-11-25 17:00:00,500,1.0,5,5,True,True,1.0,1.0,2961.0
2024-11-25 18:00:00,500,1.0,5,5,True,True,1.0,1.0,2771.0
2024-11-25 19:00:00,25,0.05,0,2,False,True,0.0,1.0,2702.588488769531
2024-11-25 20:00:00,27,0.054,0,1,False,True,0.0,1.0,2704.4501953125
2024-11-25 21:00:00,49,0.098,0,2,False,True,0.0,1.0,2699.362060546875
2024-11-25 22:00:00,26,0.052,0,2,False,True,0.0,1.0,2703.439697265625
2024-11-25 23:00:00,25,0.05,0,2,False,True,0.0,1.0,2703.826953125
2024-11-26 00:00:00,27,0.054,0,1,False,True,0.0,1.0,2714.959228515625
2024-11-26 01:00:00,36,0.072,0,1,False,True,0.0,1.0,2714.959228515625
2024-11-26 02:00:00,25,0.05,0,1,False,True,0.0,1.0,2709.320422363281
2024-11-26 03:00:00,25,0.05,0,2,False,True,0.0,1.0,2705.1888916015623
2024-11-26 04:00:00,30,0.06,1,2,True,True,1.0,1.0,2707.927978515625
2024-11-26 05:00:00,27,0.054,0,2,False,True,0.0,1.0,2709.886474609375
2024-11-26 06:00:00,50,0.1,0,2,False,True,0.0,1.0,2717.53271484375
2024-11-26 07:00:00,27,0.054,0,2,False,True,0.0,1.0,2712.64111328125
2024-11-26 08:00:00,29,0.058,0,1,False,True,0.0,1.0,2743.14794921875
2024-11-26 09:00:00,27,0.054,0,1,False,True,0.0,1.0,2768.7900390625
2024-11-26 10:00:00,30,0.06,0,1,False,True,0.0,1.0,2732.744873046875
2024-11-26 11:00:00,32,0.064,0,2,False,True,0.0,1.0,2696.10205078125
2024-11-26 12:00:00,25,0.05,0,2,False,True,0.0,1.0,2678.5647827148437
2024-11-26 13:00:00,500,1.0,5,5,True,True,1.0,1.0,2629.0
2024-11-26 14:00:00,500,1.0,5,5,True,True,1.0,1.0,2629.0
2024-11-26 15:00:00,25,0.05,0,1,False,True,0.0,1.0,2686.5645385742187
2024-11-26 16:00:00,500,1.0,5,5,True,True,1.0,1.0,2629.0
2024-11-26 17:00:00,500,1.0,5,5,True,True,1.0,1.0,2583.0
2024-11-26 18:00:00,500,1.0,5,5,True,True,1.0,1.0,2583.0
2024-11-26 19:00:00,500,1.0,5,5,True,True,1.0,1.0,2583.0
2024-11-26 20:00:00,500,1.0,5,5,True,True,1.0,1.0,2583.0
2024-11-26 21:00:00,500,1.0,5,5,True,True,1.0,1.0,2583.0
2024-11-26 22:00:00,500,1.0,5,5,True,True,1.0,1.0,2583.0
2024-11-26 23:00:00,500,1.0,5,5,True,True,1.0,1.0,2583.0
2024-11-27 00:00:00,500,1.0,5,5,True,True,1.0,1.0,2583.0
2024-11-27 01:00:00,500,1.0,5,5,True,True,1.0,1.0,2583.0
2024-11-27 02:00:00,500,1.0,5,5,True,True,1.0,1.0,2583.0
2024-11-27 03:00:00,500,1.0,5,5,True,True,1.0,1.0,2583.0
2024-11-27 04:00:00,500,1.0,5,5,True,True,1.0,1.0,2583.0
2024-11-27 05:00:00,500,1.0,5,5,True,True,1.0,1.0,2583.0
2024-11-27 06:00:00,500,1.0,5,5,True,True,1.0,1.0,2583.0
2024-11-27 07:00:00,500,1.0,5,5,True,True,1.0,1.0,2583.0
2024-11-27 08:00:00,500,1.0,5,5,True,True,1.0,1.0,2583.0
2024-11-27 09:00:00,500,1.0,5,5,True,True,1.0,1.0,2583.0
2024-11-27 10:00:00,500,1.0,5,5,True,True,1.0,1.0,2583.0
2024-11-27 11:00:00,500,1.0,5,5,True,True,1.0,1.0,2583.0
2024-11-27 12:00:00,500,1.0,5,5,True,True,1.0,1.0,2583.0
2024-11-27 13:00:00,500,1.0,5,5,True,True,1.0,1.0,2583.0
2024-11-27 14:00:00,500,1.0,5,5,True,True,1.0,1.0,2583.0
2024-11-27 15:00:00,500,1.0,5,5,True,True,1.0,1.0,2583.0
2024-11-27 16:00:00,500,1.0,5,5,True,True,1.0,1.0,2583.0
2024-11-27 17:00:00,500,1.0,5,5,True,True,1.0,1.0,2644.0
2024-11-27 18:00:00,500,1.0,5,5,True,True,1.0,1.0,2644.0
2024-11-27 19:00:00,500,1.0,5,5,True,True,1.0,1.0,2644.0
2024-11-27 20:00:00,500,1.0,5,5,True,True,1.0,1.0,2644.0
2024-11-27 21:00:00,500,1.0,5,5,True,True,1.0,1.0,2644.0
2024-11-27 22:00:00,500,1.0,5,5,True,True,1.0,1.0,2644.0
2024-11-27 23:00:00,500,1.0,5,5,True,True,1.0,1.0,2644.0
2024-11-28 00:00:00,500,1.0,5,5,True,True,1.0,1.0,2644.0
2024-11-28 01:00:00,500,1.0,5,5,True,True,1.0,1.0,2644.0
2024-11-28 02:00:00,500,1.0,5,5,True,True,1.0,1.0,2644.0
2024-11-28 03:00:00,500,1.0,5,5,True,True,1.0,1.0,2644.0
2024-11-28 04:00:00,500,1.0,5,5,True,True,1.0,1.0,2644.0
2024-11-28 05:00:00,500,1.0,5,5,True,True,1.0,1.0,2644.0
2024-11-28 06:00:00,500,1.0,5,5,True,True,1.0,1.0,2644.0
2024-11-28 07:00:00,500,1.0,5,5,True,True,1.0,1.0,2644.0
2024-11-28 08:00:00,500,1.0,5,5,True,True,1.0,1.0,2644.0
2024-11-28 09:00:00,500,1.0,5,5,True,True,1.0,1.0,2644.0
2024-11-28 10:00:00,500,1.0,5,5,True,True,1.0,1.0,2644.0
2024-11-28 11:00:00,500,1.0,5,5,True,True,1.0,1.0,2644.0
2024-11-28 12:00:00,500,1.0,5,5,True,True,1.0,1.0,2644.0
2024-11-28 13:00:00,500,1.0,5,5,True,True,1.0,1.0,2644.0
2024-11-28 14:00:00,500,1.0,5,5,True,True,1.0,1.0,2644.0
2024-11-28 15:00:00,500,1.0,5,5,True,True,1.0,1.0,2644.0
2024-11-28 16:00:00,500,1.0,5,5,True,True,1.0,1.0,2644.0
2024-11-28 17:00:00,500,1.0,5,5,True,True,1.0,1.0,2582.0
2024-11-28 18:00:00,25,0.05,0,1,False,True,0.0,1.0,2530.3535766601562
2024-11-28 19:00:00,25,0.05,0,1,False,True,0.0,1.0,2526.4602661132812
2024-11-28 20:00:00,26,0.052,0,1,False,True,0.0,1.0,2530.0693359375
2024-11-28 21:00:00,25,0.05,0,2,False,True,0.0,1.0,2519.2432495117187
2024-11-28 22:00:00,25,0.05,0,1,False,True,0.0,1.0,2527.3538818359375
2024-11-28 23:00:00,29,0.058,0,1,False,True,0.0,1.0,2531.68505859375
2024-11-29 00:00:00,25,0.05,0,1,False,True,0.0,1.0,2515.4853637695314
2024-11-29 01:00:00,25,0.05,0,2,False,True,0.0,1.0,2519.835791015625
2024-11-29 02:00:00,25,0.05,0,1,False,True,0.0,1.0,2515.662707519531
2024-11-29 03:00:00,25,0.05,0,1,False,True,0.0,1.0,2516.030419921875
2024-11-29 04:00:00,26,0.052,0,1,False,True,0.0,1.0,2526.05908203125
2024-11-29 05:00:00,25,0.05,0,1,False,True,0.0,1.0,2499.507922363281
2024-11-29 06:00:00,34,0.068,0,3,False,True,0.0,1.0,2530.064453125
2024-11-29 07:00:00,29,0.058,0,3,False,True,0.0,1.0,2527.40478515625
2024-11-29 08:00:00,26,0.052,0,2,False,True,0.0,1.0,2530.36474609375
2024-11-29 09:00:00,25,0.05,1,3,True,True,1.0,1.0,2523.2380249023436
2024-11-29 10:00:00,500,1.0,5,5,True,True,1.0,1.0,2497.0
2024-11-29 11:00:00,500,1.0,5,5,True,True,1.0,1.0,2497.0
2024-11-29 12:00:00,500,1.0,5,5,True,True,1.0,1.0,2497.0
2024-11-29 13:00:00,500,1.0,5,5,True,True,1.0,1.0,2497.0
2024-11-29 14:00:00,500,1.0,5,5,True,True,1.0,1.0,2497.0
2024-11-29 15:00:00,500,1.0,5,5,True,True,1.0,1.0,2497.0
2024-11-29 16:00:00,500,1.0,5,5,True,True,1.0,1.0,2497.0
2024-11-29 17:00:00,500,1.0,5,5,True,True,1.0,1.0,2377.0
2024-11-29 18:00:00,500,1.0,5,5,True,True,1.0,1.0,2265.0
2024-11-29 19:00:00,500,1.0,5,5,True,True,1.0,1.0,2105.0
2024-11-29 20:00:00,500,1.0,5,5,True,True,1.0,1.0,2013.0
2024-11-29 21:00:00,500,1.0,5,5,True,True,1.0,1.0,1996.0
2024-11-29 22:00:00,500,1.0,5,5,True,True,1.0,1.0,1996.0
2024-11-29 23:00:00,500,1.0,5,5,True,True,1.0,1.0,1996.0
2024-11-30 00:00:00,500,1.0,5,5,True,True,1.0,1.0,1996.0
2024-11-30 01:00:00,500,1.0,5,5,True,True,1.0,1.0,1996.0
2024-11-30 02:00:00,500,1.0,5,5,True,True,1.0,1.0,1996.0
2024-11-30 03:00:00,500,1.0,5,5,True,True,1.0,1.0,1996.0
2024-11-30 04:00:00,500,1.0,5,5,True,True,1.0,1.0,1996.0
2024-11-30 05:00:00,500,1.0,5,5,True,True,1.0,1.0,1996.0
2024-11-30 06:00:00,500,1.0,5,5,True,True,1.0,1.0,1996.0
2024-11-30 07:00:00,500,1.0,5,5,True,True,1.0,1.0,1996.0
2024-11-30 08:00:00,500,1.0,5,5,True,True,1.0,1.0,1996.0
2024-11-30 09:00:00,500,1.0,5,5,True,True,1.0,1.0,1996.0
2024-11-30 10:00:00,500,1.0,5,5,True,True,1.0,1.0,1996.0
2024-11-30 11:00:00,500,1.0,5,5,True,True,1.0,1.0,1996.0
2024-11-30 12:00:00,500,1.0,5,5,True,True,1.0,1.0,1996.0
2024-11-30 13:00:00,500,1.0,5,5,True,True,1.0,1.0,1996.0
2024-11-30 14:00:00,500,1.0,5,5,True,True,1.0,1.0,1996.0
2024-11-30 15:00:00,500,1.0,5,5,True,True,1.0,1.0,1996.0
2024-11-30 16:00:00,31,0.062,0,1,False,True,0.0,1.0,2016.2254638671875
2024-11-30 17:00:00,500,1.0,5,5,True,True,1.0,1.0,2066.0
2024-11-30 18:00:00,500,1.0,5,5,True,True,1.0,1.0,2066.0
2024-11-30 19:00:00,500,1.0,5,5,True,True,1.0,1.0,2066.0
2024-11-30 20:00:00,500,1.0,5,5,True,True,1.0,1.0,2066.0
2024-11-30 21:00:00,500,1.0,5,5,True,True,1.0,1.0,2066.0
2024-11-30 22:00:00,500,1.0,5,5,True,True,1.0,1.0,2066.0
2024-11-30 23:00:00,500,1.0,5,5,True,True,1.0,1.0,2066.0
2024-12-01 00:00:00,500,1.0,5,5,True,True,1.0,1.0,2066.0
2024-12-01 01:00:00,500,1.0,5,5,True,True,1.0,1.0,2066.0
2024-12-01 02:00:00,500,1.0,5,5,True,True,1.0,1.0,2066.0
2024-12-01 03:00:00,500,1.0,5,5,True,True,1.0,1.0,2066.0
2024-12-01 04:00:00,500,1.0,5,5,True,True,1.0,1.0,2066.0
2024-12-01 05:00:00,500,1.0,5,5,True,True,1.0,1.0,2066.0
2024-12-01 06:00:00,500,1.0,5,5,True,True,1.0,1.0,2066.0
2024-12-01 07:00:00,500,1.0,5,5,True,True,1.0,1.0,2066.0
2024-12-01 08:00:00,500,1.0,5,5,True,True,1.0,1.0,2066.0
2024-12-01 09:00:00,34,0.068,0,1,False,True,0.0,1.0,2087.188232421875
2024-12-01 10:00:00,26,0.052,0,1,False,True,0.0,1.0,2078.006591796875
2024-12-01 11:00:00,28,0.056,0,1,False,True,0.0,1.0,2079.173583984375
2024-12-01 12:00:00,25,0.05,0,2,False,True,0.0,1.0,2138.145922851562
2024-12-01 13:00:00,25,0.05,0,2,False,True,0.0,1.0,2254.365832519531
2024-12-01 14:00:00,29,0.058,0,1,False,True,0.0,1.0,2586.203125
2024-12-01 15:00:00,27,0.054,0,1,False,True,0.0,1.0,2784.755126953125
2024-12-01 16:00:00,27,0.054,0,1,False,True,0.0,1.0,2876.412353515625
2024-12-01 17:00:00,500,1.0,5,5,True,True,1.0,1.0,2872.0
2024-12-01 18:00:00,500,1.0,5,5,True,True,1.0,1.0,2872.0
2024-12-01 19:00:00,500,1.0,5,5,True,True,1.0,1.0,2872.0
2024-12-01 20:00:00,500,1.0,5,5,True,True,1.0,1.0,2872.0
2024-12-01 21:00:00,500,1.0,5,5,True,True,1.0,1.0,2872.0
2024-12-01 22:00:00,500,1.0,5,5,True,True,1.0,1.0,2872.0
2024-12-01 23:00:00,500,1.0,5,5,True,True,1.0,1.0,2872.0
2024-12-02 00:00:00,25,0.05,0,1,False,True,0.0,1.0,2875.88447265625
2024-12-02 01:00:00,500,1.0,5,5,True,True,1.0,1.0,2872.0
2024-12-02 02:00:00,26,0.052,0,1,False,True,0.0,1.0,2880.61669921875
2024-12-02 03:00:00,25,0.05,0,1,False,True,0.0,1.0,2879.604772949219
2024-12-02 04:00:00,27,0.054,0,1,False,True,0.0,1.0,2873.134033203125
2024-12-02 05:00:00,500,1.0,5,5,True,True,1.0,1.0,2872.0
2024-12-02 06:00:00,500,1.0,5,5,True,True,1.0,1.0,2872.0
2024-12-02 07:00:00,500,1.0,5,5,True,True,1.0,1.0,2872.0
2024-12-02 08:00:00,500,1.0,5,5,True,True,1.0,1.0,2872.0
2024-12-02 09:00:00,500,1.0,5,5,True,True,1.0,1.0,2872.0
2024-12-02 10:00:00,500,1.0,5,5,True,True,1.0,1.0,2872.0
2024-12-02 11:00:00,500,1.0,5,5,True,True,1.0,1.0,2872.0
2024-12-02 12:00:00,500,1.0,5,5,True,True,1.0,1.0,2872.0
2024-12-02 13:00:00,500,1.0,5,5,True,True,1.0,1.0,2872.0
2024-12-02 14:00:00,500,1.0,5,5,True,True,1.0,1.0,2872.0
2024-12-02 15:00:00,500,1.0,5,5,True,True,1.0,1.0,2872.0
2024-12-02 16:00:00,25,0.05,0,1,False,True,0.0,1.0,2895.141845703125
2024-12-02 17:00:00,25,0.05,0,1,False,True,0.0,1.0,2893.953405761719
2024-12-02 18:00:00,33,0.066,0,1,False,True,0.0,1.0,2897.405517578125
2024-12-02 19:00:00,25,0.05,0,3,False,True,0.0,1.0,2896.4891845703123
2024-12-02 20:00:00,25,0.05,0,1,False,True,0.0,1.0,2895.047985839844
2024-12-02 21:00:00,25,0.05,0,1,False,True,0.0,1.0,2892.5607788085936
2024-12-02 22:00:00,27,0.054,0,1,False,True,0.0,1.0,2897.598388671875
2024-12-02 23:00:00,25,0.05,0,1,False,True,0.0,1.0,2896.639404296875
2024-12-03 00:00:00,25,0.05,0,1,False,True,0.0,1.0,2893.908239746094
2024-12-03 01:00:00,25,0.05,0,1,False,True,0.0,1.0,2894.9856567382812
2024-12-03 02:00:00,25,0.05,0,2,False,True,0.0,1.0,2898.50634765625
2024-12-03 03:00:00,25,0.05,0,1,False,True,0.0,1.0,2898.3990844726563
2024-12-03 04:00:00,25,0.05,0,1,False,True,0.0,1.0,2891.368603515625
2024-12-03 05:00:00,25,0.05,0,1,False,True,0.0,1.0,2892.3200805664064
2024-12-03 06:00:00,25,0.05,0,2,False,True,0.0,1.0,2892.5017944335937
2024-12-03 07:00:00,28,0.056,0,1,False,True,0.0,1.0,2893.006591796875
2024-12-03 08:00:00,25,0.05,0,2,False,True,0.0,1.0,2892.209521484375
2024-12-03 09:00:00,29,0.058,0,1,False,True,0.0,1.0,2893.166015625
2024-12-03 10:00:00,25,0.05,0,1,False,True,0.0,1.0,2873.0049560546877
2024-12-03 11:00:00,25,0.05,0,1,False,True,0.0,1.0,2877.1643676757812
2024-12-03 12:00:00,25,0.05,0,1,False,True,0.0,1.0,2891.6629150390627
2024-12-03 13:00:00,500,1.0,5,5,True,True,1.0,1.0,2873.0
2024-12-03 14:00:00,25,0.05,0,1,False,True,0.0,1.0,2901.3420166015626
2024-12-03 15:00:00,28,0.056,0,2,False,True,0.0,1.0,2947.968994140625
2024-12-03 16:00:00,29,0.058,0,3,False,True,0.0,1.0,2947.891845703125
2024-12-03 17:00:00,27,0.054,0,1,False,True,0.0,1.0,2943.615234375
2024-12-03 18:00:00,25,0.05,0,2,False,True,0.0,1.0,2931.1227172851563
2024-12-03 19:00:00,34,0.068,0,2,False,True,0.0,1.0,2932.869384765625
2024-12-03 20:00:00,25,0.05,0,1,False,True,0.0,1.0,2932.726513671875
2024-12-03 21:00:00,25,0.05,0,1,False,True,0.0,1.0,2928.280517578125
2024-12-03 22:00:00,30,0.06,0,2,False,True,0.0,1.0,2932.869384765625
2024-12-03 23:00:00,25,0.05,0,1,False,True,0.0,1.0,2931.7656860351562
2024-12-04 00:00:00,27,0.054,0,2,False,True,0.0,1.0,2908.425048828125
2024-12-04 01:00:00,33,0.066,0,2,False,True,0.0,1.0,2910.054931640625
2024-12-04 02:00:00,25,0.05,0,2,False,True,0.0,1.0,2902.202392578125
2024-12-04 03:00:00,32,0.064,0,2,False,True,0.0,1.0,2906.598388671875
2024-12-04 04:00:00,34,0.068,0,2,False,True,0.0,1.0,2906.598388671875
2024-12-04 05:00:00,30,0.06,1,1,True,True,1.0,1.0,2906.598388671875
2024-12-04 06:00:00,25,0.05,0,1,False,True,0.0,1.0,2908.05830078125
2024-12-04 07:00:00,36,0.072,0,1,False,True,0.0,1.0,2906.5615234375
2024-12-04 08:00:00,32,0.064,0,1,False,True,0.0,1.0,2898.57763671875
2024-12-04 09:00:00,27,0.054,0,1,False,True,0.0,1.0,2898.694091796875
2024-12-04 10:00:00,30,0.06,0,1,False,True,0.0,1.0,2854.078369140625
2024-12-04 11:00:00,500,1.0,5,5,True,True,1.0,1.0,2852.0
2024-12-04 12:00:00,25,0.05,0,1,False,True,0.0,1.0,2870.1354370117188
2024-12-04 13:00:00,25,0.05,0,1,False,True,0.0,1.0,2862.9431030273436
2024-12-04 14:00:00,500,1.0,5,5,True,True,1.0,1.0,2852.0
2024-12-04 15:00:00,25,0.05,0,1,False,True,0.0,1.0,2857.536975097656
2024-12-04 16:00:00,500,1.0,5,5,True,True,1.0,1.0,2852.0
2024-12-04 17:00:00,25,0.05,0,1,False,True,0.0,1.0,2783.516003417969
2024-12-04 18:00:00,25,0.05,0,2,False,True,0.0,1.0,2787.1505737304688
2024-12-04 19:00:00,26,0.052,0,2,False,True,0.0,1.0,2787.924072265625
2024-12-04 20:00:00,25,0.05,0,1,False,True,0.0,1.0,2786.3556640625
2024-12-04 21:00:00,25,0.05,0,1,False,True,0.0,1.0,2786.602258300781
2024-12-04 22:00:00,25,0.05,0,3,False,True,0.0,1.0,2786.346923828125
2024-12-04 23:00:00,25,0.05,0,2,False,True,0.0,1.0,2786.5688354492186
2024-12-05 00:00:00,25,0.05,0,2,False,True,0.0,1.0,2780.9811767578126
2024-12-05 01:00:00,25,0.05,0,1,False,True,0.0,1.0,2782.924597167969
2024-12-05 02:00:00,25,0.05,0,1,False,True,0.0,1.0,2779.912158203125
2024-12-05 03:00:00,25,0.05,0,1,False,True,0.0,1.0,2782.679650878906
2024-12-05 04:00:00,26,0.052,0,1,False,True,0.0,1.0,2777.09130859375
2024-12-05 05:00:00,27,0.054,0,1,False,True,0.0,1.0,2777.09130859375
2024-12-05 06:00:00,25,0.05,0,1,False,True,0.0,1.0,2778.500622558594
2024-12-05 07:00:00,27,0.054,0,2,False,True,0.0,1.0,2778.22705078125
2024-12-05 08:00:00,25,0.05,0,2,False,True,0.0,1.0,2775.2298950195313
2024-12-05 09:00:00,26,0.052,0,1,False,True,0.0,1.0,2778.39501953125
2024-12-05 10:00:00,500,1.0,5,5,True,True,1.0,1.0,2758.0
2024-12-05 11:00:00,25,0.05,0,2,False,True,0.0,1.0,2761.7470581054686
2024-12-05 12:00:00,39,0.078,0,2,False,True,0.0,1.0,2765.696533203125
2024-12-05 13:00:00,500,1.0,5,5,True,True,1.0,1.0,2758.0
2024-12-05 14:00:00,500,1.0,5,5,True,True,1.0,1.0,2758.0
2024-12-05 15:00:00,25,0.05,0,2,False,True,0.0,1.0,2802.000476074218
2024-12-05 16:00:00,25,0.05,0,2,False,True,0.0,1.0,2830.7534790039062
2024-12-05 17:00:00,27,0.054,0,1,False,True,0.0,1.0,2833.0546875
2024-12-05 18:00:00,30,0.06,0,1,False,True,0.0,1.0,2827.594970703125
2024-12-05 19:00:00,25,0.05,0,1,False,True,0.0,1.0,2824.2936767578126
2024-12-05 20:00:00,25,0.05,0,2,False,True,0.0,1.0,2821.3432495117186
2024-12-05 21:00:00,25,0.05,0,1,False,True,0.0,1.0,2821.811486816406
2024-12-05 22:00:00,28,0.056,0,1,False,True,0.0,1.0,2826.266357421875
2024-12-05 23:00:00,25,0.05,0,1,False,True,0.0,1.0,2826.579309082031
2024-12-06 00:00:00,27,0.054,0,1,False,True,0.0,1.0,2832.087890625
2024-12-06 01:00:00,25,0.05,0,1,False,True,0.0,1.0,2831.087121582031
2024-12-06 02:00:00,25,0.05,0,2,False,True,0.0,1.0,2831.121691894531
2024-12-06 03:00:00,38,0.076,0,1,False,True,0.0,1.0,2831.893798828125
2024-12-06 04:00:00,29,0.058,0,1,False,True,0.0,1.0,2831.20947265625
2024-12-06 05:00:00,25,0.05,0,1,False,True,0.0,1.0,2829.143762207031
2024-12-06 06:00:00,30,0.06,0,1,False,True,0.0,1.0,2831.289306640625
2024-12-06 07:00:00,27,0.054,0,2,False,True,0.0,1.0,2830.63134765625
2024-12-06 08:00:00,26,0.052,0,1,False,True,0.0,1.0,2828.918701171875
2024-12-06 09:00:00,25,0.05,0,1,False,True,0.0,1.0,2821.359912109375
2024-12-06 10:00:00,500,1.0,5,5,True,True,1.0,1.0,2810.0
2024-12-06 11:00:00,500,1.0,5,5,True,True,1.0,1.0,2810.0
2024-12-06 12:00:00,500,1.0,5,5,True,True,1.0,1.0,2810.0
2024-12-06 13:00:00,500,1.0,5,5,True,True,1.0,1.0,2810.0
2024-12-06 14:00:00,500,1.0,5,5,True,True,1.0,1.0,2810.0
2024-12-06 15:00:00,500,1.0,5,5,True,True,1.0,1.0,2810.0
2024-12-06 16:00:00,500,1.0,5,5,True,True,1.0,1.0,2810.0
2024-12-06 17:00:00,500,1.0,5,5,True,True,1.0,1.0,2586.0
2024-12-06 18:00:00,500,1.0,5,5,True,True,1.0,1.0,2420.0
2024-12-06 19:00:00,500,1.0,5,5,True,True,1.0,1.0,2289.0
2024-12-06 20:00:00,25,0.05,0,1,False,True,0.0,1.0,2218.130993652344
2024-12-06 21:00:00,25,0.05,0,1,False,True,0.0,1.0,2221.0624755859376
2024-12-06 22:00:00,25,0.05,0,2,False,True,0.0,1.0,2218.6025268554686
2024-12-06 23:00:00,26,0.052,0,2,False,True,0.0,1.0,2220.839111328125
2024-12-07 00:00:00,31,0.062,0,1,False,True,0.0,1.0,2221.239501953125
2024-12-07 01:00:00,25,0.05,0,1,False,True,0.0,1.0,2219.2488647460937
2024-12-07 02:00:00,33,0.066,0,1,False,True,0.0,1.0,2221.04443359375
2024-12-07 03:00:00,26,0.052,0,1,False,True,0.0,1.0,2221.04443359375
2024-12-07 04:00:00,27,0.054,0,1,False,True,0.0,1.0,2214.776611328125
2024-12-07 05:00:00,26,0.052,0,1,False,True,0.0,1.0,2214.765625
2024-12-07 06:00:00,26,0.052,0,1,False,True,0.0,1.0,2214.714599609375
2024-12-07 07:00:00,26,0.052,0,2,False,True,0.0,1.0,2215.53515625
2024-12-07 08:00:00,25,0.05,0,1,False,True,0.0,1.0,2214.2254638671875
2024-12-07 09:00:00,27,0.054,0,1,False,True,0.0,1.0,2214.810546875
2024-12-07 10:00:00,41,0.082,0,1,False,True,0.0,1.0,2216.051513671875
2024-12-07 11:00:00,27,0.054,0,1,False,True,0.0,1.0,2195.235595703125
2024-12-07 12:00:00,25,0.05,0,1,False,True,0.0,1.0,2198.976184082031
2024-12-07 13:00:00,25,0.05,0,1,False,True,0.0,1.0,2191.2451416015624
2024-12-07 14:00:00,25,0.05,0,2,False,True,0.0,1.0,2210.7668701171874
2024-12-07 15:00:00,25,0.05,0,1,False,True,0.0,1.0,2217.763134765625
2024-12-07 16:00:00,500,1.0,5,5,True,True,1.0,1.0,2138.0
2024-12-07 17:00:00,500,1.0,5,5,True,True,1.0,1.0,2102.0
2024-12-07 18:00:00,25,0.05,0,2,False,True,0.0,1.0,2000.2540466308594
2024-12-07 19:00:00,25,0.05,0,2,False,True,0.0,1.0,2000.2685302734374
2024-12-07 20:00:00,26,0.052,0,1,False,True,0.0,1.0,2004.79248046875
2024-12-07 21:00:00,25,0.05,0,2,False,True,0.0,1.0,2002.3422912597657
2024-12-07 22:00:00,25,0.05,0,1,False,True,0.0,1.0,2002.2407165527343
2024-12-07 23:00:00,34,0.068,0,1,False,True,0.0,1.0,2002.881591796875
2024-12-08 00:00:00,25,0.05,0,1,False,True,0.0,1.0,2007.150146484375
2024-12-08 01:00:00,28,0.056,0,1,False,True,0.0,1.0,2007.794921875
2024-12-08 02:00:00,25,0.05,0,2,False,True,0.0,1.0,2003.903662109375
2024-12-08 03:00:00,25,0.05,0,1,False,True,0.0,1.0,2005.1924194335938
2024-12-08 04:00:00,25,0.05,0,2,False,True,0.0,1.0,2005.8948547363282
2024-12-08 05:00:00,25,0.05,0,1,False,True,0.0,1.0,2005.8385925292969
2024-12-08 06:00:00,31,0.062,0,1,False,True,0.0,1.0,2002.6578369140625
2024-12-08 07:00:00,30,0.06,0,2,False,True,0.0,1.0,2002.6578369140625
2024-12-08 08:00:00,25,0.05,0,1,False,True,0.0,1.0,2001.2398010253905
2024-12-08 09:00:00,25,0.05,0,1,False,True,0.0,1.0,2166.857629394531
2024-12-08 10:00:00,25,0.05,0,1,False,True,0.0,1.0,2233.971350097656
2024-12-08 11:00:00,25,0.05,0,1,False,True,0.0,1.0,2253.939501953125
2024-12-08 12:00:00,25,0.05,0,2,False,True,0.0,1.0,2436.4422973632813
2024-12-08 13:00:00,29,0.058,0,1,False,True,0.0,1.0,2442.099365234375
2024-12-08 14:00:00,29,0.058,0,2,False,True,0.0,1.0,2543.71484375
2024-12-08 15:00:00,27,0.054,0,2,False,True,0.0,1.0,2594.2080078125
2024-12-08 16:00:00,28,0.056,0,2,False,True,0.0,1.0,2615.787109375
2024-12-08 17:00:00,500,1.0,5,5,True,True,1.0,1.0,2641.0
2024-12-08 18:00:00,500,1.0,5,5,True,True,1.0,1.0,2641.0
2024-12-08 19:00:00,500,1.0,5,5,True,True,1.0,1.0,2641.0
2024-12-08 20:00:00,500,1.0,5,5,True,True,1.0,1.0,2641.0
2024-12-08 21:00:00,500,1.0,5,5,True,True,1.0,1.0,2641.0
2024-12-08 22:00:00,500,1.0,5,5,True,True,1.0,1.0,2641.0
2024-12-08 23:00:00,500,1.0,5,5,True,True,1.0,1.0,2641.0
2024-12-09 00:00:00,500,1.0,5,5,True,True,1.0,1.0,2641.0
2024-12-09 01:00:00,500,1.0,5,5,True,True,1.0,1.0,2641.0
2024-12-09 02:00:00,500,1.0,5,5,True,True,1.0,1.0,2641.0
2024-12-09 03:00:00,500,1.0,5,5,True,True,1.0,1.0,2641.0
2024-12-09 04:00:00,500,1.0,5,5,True,True,1.0,1.0,2641.0
2024-12-09 05:00:00,500,1.0,5,5,True,True,1.0,1.0,2641.0
2024-12-09 06:00:00,500,1.0,5,5,True,True,1.0,1.0,2641.0
2024-12-09 07:00:00,500,1.0,5,5,True,True,1.0,1.0,2641.0
2024-12-09 08:00:00,500,1.0,5,5,True,True,1.0,1.0,2641.0
2024-12-09 09:00:00,500,1.0,5,5,True,True,1.0,1.0,2641.0
2024-12-09 10:00:00,500,1.0,5,5,True,True,1.0,1.0,2641.0
2024-12-09 11:00:00,500,1.0,5,5,True,True,1.0,1.0,2641.0
2024-12-09 12:00:00,500,1.0,5,5,True,True,1.0,1.0,2641.0
2024-12-09 13:00:00,500,1.0,5,5,True,True,1.0,1.0,2641.0
2024-12-09 14:00:00,500,1.0,5,5,True,True,1.0,1.0,2641.0
2024-12-09 15:00:00,500,1.0,5,5,True,True,1.0,1.0,2641.0
2024-12-09 16:00:00,30,0.06,0,3,False,True,0.0,1.0,2650.15771484375
2024-12-09 17:00:00,500,1.0,5,5,True,True,1.0,1.0,2713.0
2024-12-09 18:00:00,500,1.0,5,5,True,True,1.0,1.0,2713.0
2024-12-09 19:00:00,500,1.0,5,5,True,True,1.0,1.0,2713.0
2024-12-09 20:00:00,500,1.0,5,5,True,True,1.0,1.0,2713.0
2024-12-09 21:00:00,500,1.0,5,5,True,True,1.0,1.0,2713.0
2024-12-09 22:00:00,500,1.0,5,5,True,True,1.0,1.0,2713.0
2024-12-09 23:00:00,500,1.0,5,5,True,True,1.0,1.0,2713.0
2024-12-10 00:00:00,500,1.0,5,5,True,True,1.0,1.0,2713.0
2024-12-10 01:00:00,500,1.0,5,5,True,True,1.0,1.0,2713.0
2024-12-10 02:00:00,500,1.0,5,5,True,True,1.0,1.0,2713.0
2024-12-10 03:00:00,500,1.0,5,5,True,True,1.0,1.0,2713.0
2024-12-10 04:00:00,500,1.0,5,5,True,True,1.0,1.0,2713.0
2024-12-10 05:00:00,500,1.0,5,5,True,True,1.0,1.0,2713.0
2024-12-10 06:00:00,500,1.0,5,5,True,True,1.0,1.0,2713.0
2024-12-10 07:00:00,500,1.0,5,5,True,True,1.0,1.0,2713.0
2024-12-10 08:00:00,500,1.0,5,5,True,True,1.0,1.0,2713.0
2024-12-10 09:00:00,500,1.0,5,5,True,True,1.0,1.0,2713.0
2024-12-10 10:00:00,500,1.0,5,5,True,True,1.0,1.0,2713.0
2024-12-10 11:00:00,500,1.0,5,5,True,True,1.0,1.0,2713.0
2024-12-10 12:00:00,500,1.0,5,5,True,True,1.0,1.0,2713.0
2024-12-10 13:00:00,500,1.0,5,5,True,True,1.0,1.0,2713.0
2024-12-10 14:00:00,25,0.05,0,1,False,True,0.0,1.0,2726.48935546875
2024-12-10 15:00:00,25,0.05,0,2,False,True,0.0,1.0,2744.6894409179686
2024-12-10 16:00:00,25,0.05,0,2,False,True,0.0,1.0,2768.9852783203123
2024-12-10 17:00:00,25,0.05,0,1,False,True,0.0,1.0,2765.5288818359377
2024-12-10 18:00:00,25,0.05,0,2,False,True,0.0,1.0,2772.416455078125
2024-12-10 19:00:00,25,0.05,0,1,False,True,0.0,1.0,2768.441906738281
2024-12-10 20:00:00,25,0.05,0,1,False,True,0.0,1.0,2770.7713256835937
2024-12-10 21:00:00,25,0.05,1,1,True,True,1.0,1.0,2771.272009277344
2024-12-10 22:00:00,25,0.05,0,2,False,True,0.0,1.0,2772.429821777344
2024-12-10 23:00:00,34,0.068,0,1,False,True,0.0,1.0,2774.78125
2024-12-11 00:00:00,25,0.05,0,1,False,True,0.0,1.0,2770.708361816406
2024-12-11 01:00:00,25,0.05,0,2,False,True,0.0,1.0,2768.6259033203123
2024-12-11 02:00:00,31,0.062,0,1,False,True,0.0,1.0,2770.6845703125
2024-12-11 03:00:00,25,0.05,0,1,False,True,0.0,1.0,2769.8173828125
2024-12-11 04:00:00,25,0.05,0,1,False,True,0.0,1.0,2769.303332519531
2024-12-11 05:00:00,30,0.06,0,2,False,True,0.0,1.0,2769.150634765625
2024-12-11 06:00:00,31,0.062,1,1,True,True,1.0,1.0,2769.545166015625
2024-12-11 07:00:00,25,0.05,0,1,False,True,0.0,1.0,2768.0329345703126
2024-12-11 08:00:00,27,0.054,0,1,False,True,0.0,1.0,2770.406982421875
2024-12-11 09:00:00,30,0.06,0,1,False,True,0.0,1.0,2770.39599609375
2024-12-11 10:00:00,40,0.08,0,2,False,True,0.0,1.0,2748.361083984375
2024-12-11 11:00:00,25,0.05,0,1,False,True,0.0,1.0,2760.0853271484375
2024-12-11 12:00:00,26,0.052,0,1,False,True,0.0,1.0,2758.946044921875
2024-12-11 13:00:00,25,0.05,0,2,False,True,0.0,1.0,2732.0302490234376
2024-12-11 14:00:00,27,0.054,1,1,True,True,1.0,1.0,2765.8056640625
2024-12-11 15:00:00,25,0.05,1,1,True,True,1.0,1.0,2757.542724609375
2024-12-11 16:00:00,500,1.0,5,5,True,True,1.0,1.0,2725.0
2024-12-11 17:00:00,500,1.0,5,5,True,True,1.0,1.0,2720.0
2024-12-11 18:00:00,500,1.0,5,5,True,True,1.0,1.0,2720.0
2024-12-11 19:00:00,500,1.0,5,5,True,True,1.0,1.0,2720.0
2024-12-11 20:00:00,500,1.0,5,5,True,True,1.0,1.0,2720.0
2024-12-11 21:00:00,500,1.0,5,5,True,True,1.0,1.0,2720.0
2024-12-11 22:00:00,500,1.0,5,5,True,True,1.0,1.0,2720.0
2024-12-11 23:00:00,500,1.0,5,5,True,True,1.0,1.0,2720.0
2024-12-12 00:00:00,500,1.0,5,5,True,True,1.0,1.0,2720.0
2024-12-12 01:00:00,500,1.0,5,5,True,True,1.0,1.0,2720.0
2024-12-12 02:00:00,500,1.0,5,5,True,True,1.0,1.0,2720.0
2024-12-12 03:00:00,500,1.0,5,5,True,True,1.0,1.0,2720.0
2024-12-12 04:00:00,500,1.0,5,5,True,True,1.0,1.0,2720.0
2024-12-12 05:00:00,500,1.0,5,5,True,True,1.0,1.0,2720.0
2024-12-12 06:00:00,500,1.0,5,5,True,True,1.0,1.0,2720.0
2024-12-12 07:00:00,500,1.0,5,5,True,True,1.0,1.0,2720.0
2024-12-12 08:00:00,500,1.0,5,5,True,True,1.0,1.0,2720.0
2024-12-12 09:00:00,500,1.0,5,5,True,True,1.0,1.0,2720.0
2024-12-12 10:00:00,500,1.0,5,5,True,True,1.0,1.0,2720.0
2024-12-12 11:00:00,500,1.0,5,5,True,True,1.0,1.0,2720.0
2024-12-12 12:00:00,500,1.0,5,5,True,True,1.0,1.0,2720.0
2024-12-12 13:00:00,500,1.0,5,5,True,True,1.0,1.0,2720.0
2024-12-12 14:00:00,500,1.0,5,5,True,True,1.0,1.0,2720.0
2024-12-12 15:00:00,500,1.0,5,5,True,True,1.0,1.0,2720.0
2024-12-12 16:00:00,500,1.0,5,5,True,True,1.0,1.0,2720.0
2024-12-12 17:00:00,500,1.0,5,5,True,True,1.0,1.0,2696.0
2024-12-12 18:00:00,31,0.062,0,2,False,True,0.0,1.0,2696.113037109375
2024-12-12 19:00:00,34,0.068,0,1,False,True,0.0,1.0,2696.58203125
2024-12-12 20:00:00,25,0.05,0,1,False,True,0.0,1.0,2691.580920410156
2024-12-12 21:00:00,26,0.052,1,1,True,True,1.0,1.0,2695.099609375
2024-12-12 22:00:00,34,0.068,0,2,False,True,0.0,1.0,2694.236083984375
2024-12-12 23:00:00,28,0.056,0,1,False,True,0.0,1.0,2694.17041015625
2024-12-13 00:00:00,25,0.05,0,1,False,True,0.0,1.0,2687.26748046875
2024-12-13 01:00:00,28,0.056,0,2,False,True,0.0,1.0,2694.081787109375
2024-12-13 02:00:00,25,0.05,0,2,False,True,0.0,1.0,2697.2902099609373
2024-12-13 03:00:00,30,0.06,0,1,False,True,0.0,1.0,2677.401611328125
2024-12-13 04:00:00,25,0.05,0,1,False,True,0.0,1.0,2683.817834472656
2024-12-13 05:00:00,25,0.05,0,2,False,True,0.0,1.0,2679.1474609375
2024-12-13 06:00:00,25,0.05,0,1,False,True,0.0,1.0,2680.7773315429686
2024-12-13 07:00:00,31,0.062,0,1,False,True,0.0,1.0,2682.38818359375
2024-12-13 08:00:00,25,0.05,0,1,False,True,0.0,1.0,2678.6598876953126
2024-12-13 09:00:00,25,0.05,0,1,False,True,0.0,1.0,2669.7207275390624
2024-12-13 10:00:00,25,0.05,0,1,False,True,0.0,1.0,2684.8017822265624
2024-12-13 11:00:00,28,0.056,0,2,False,True,0.0,1.0,2696.0419921875
2024-12-13 12:00:00,31,0.062,0,1,False,True,0.0,1.0,2716.062744140625
2024-12-13 13:00:00,25,0.05,0,2,False,True,0.0,1.0,2686.9270263671874
2024-12-13 14:00:00,25,0.05,1,1,True,True,1.0,1.0,2692.09541015625
2024-12-13 15:00:00,31,0.062,0,2,False,True,0.0,1.0,2675.167724609375
2024-12-13 16:00:00,500,1.0,5,5,True,True,1.0,1.0,2580.0
2024-12-13 17:00:00,500,1.0,5,5,True,True,1.0,1.0,2418.0
2024-12-13 18:00:00,500,1.0,5,5,True,True,1.0,1.0,2281.0
2024-12-13 19:00:00,500,1.0,5,5,True,True,1.0,1.0,2166.0
2024-12-13 20:00:00,500,1.0,5,5,True,True,1.0,1.0,2037.0
2024-12-13 21:00:00,25,0.05,0,1,False,True,0.0,1.0,2017.1005249023438
2024-12-13 22:00:00,25,0.05,0,2,False,True,0.0,1.0,2017.8450500488282
2024-12-13 23:00:00,25,0.05,0,1,False,True,0.0,1.0,2017.559130859375
2024-12-14 00:00:00,25,0.05,0,1,False,True,0.0,1.0,2017.8781372070312
2024-12-14 01:00:00,29,0.058,0,2,False,True,0.0,1.0,2017.3021240234375
2024-12-14 02:00:00,30,0.06,0,2,False,True,0.0,1.0,2018.1285400390625
2024-12-14 03:00:00,25,0.05,0,1,False,True,0.0,1.0,2015.8061096191407
2024-12-14 04:00:00,25,0.05,0,1,False,True,0.0,1.0,2021.6222717285157
2024-12-14 05:00:00,25,0.05,0,1,False,True,0.0,1.0,2020.8150756835937
2024-12-14 06:00:00,25,0.05,0,2,False,True,0.0,1.0,2018.445782470703
2024-12-14 07:00:00,25,0.05,0,2,False,True,0.0,1.0,2018.4959167480467
2024-12-14 08:00:00,26,0.052,0,2,False,True,0.0,1.0,2028.2926025390625
2024-12-14 09:00:00,28,0.056,0,1,False,True,0.0,1.0,2031.831298828125
2024-12-14 10:00:00,25,0.05,0,2,False,True,0.0,1.0,2027.0947509765624
2024-12-14 11:00:00,25,0.05,0,2,False,True,0.0,1.0,2039.7716125488282
2024-12-14 12:00:00,34,0.068,1,1,True,True,1.0,1.0,2027.9571533203125
2024-12-14 13:00:00,29,0.058,0,1,False,True,0.0,1.0,2049.031494140625
2024-12-14 14:00:00,26,0.052,1,2,True,True,1.0,1.0,2037.27734375
2024-12-14 15:00:00,28,0.056,0,1,False,True,0.0,1.0,2035.9075927734375
2024-12-14 16:00:00,25,0.05,0,1,False,True,0.0,1.0,2012.5929626464845
2024-12-14 17:00:00,36,0.072,1,1,True,True,1.0,1.0,2009.4033203125
2024-12-14 18:00:00,32,0.064,0,1,False,True,0.0,1.0,2009.199462890625
2024-12-14 19:00:00,25,0.05,0,2,False,True,0.0,1.0,2008.5879516601562
2024-12-14 20:00:00,25,0.05,0,2,False,True,0.0,1.0,2004.9839416503905
2024-12-14 21:00:00,25,0.05,0,1,False,True,0.0,1.0,2006.8506408691405
2024-12-14 22:00:00,25,0.05,0,1,False,True,0.0,1.0,2006.876171875
2024-12-14 23:00:00,25,0.05,1,1,True,True,1.0,1.0,2006.5965087890625
2024-12-15 00:00:00,26,0.052,0,1,False,True,0.0,1.0,2008.272705078125
2024-12-15 01:00:00,25,0.05,0,1,False,True,0.0,1.0,2007.3057861328125
2024-12-15 02:00:00,28,0.056,0,1,False,True,0.0,1.0,2009.939208984375
2024-12-15 03:00:00,27,0.054,0,2,False,True,0.0,1.0,2009.79833984375
2024-12-15 04:00:00,25,0.05,0,2,False,True,0.0,1.0,2018.313458251953
2024-12-15 05:00:00,35,0.07,0,2,False,True,0.0,1.0,2015.2537841796875
2024-12-15 06:00:00,25,0.05,0,1,False,True,0.0,1.0,2017.1062133789062
2024-12-15 07:00:00,25,0.05,0,2,False,True,0.0,1.0,2012.8653869628906
2024-12-15 08:00:00,25,0.05,0,1,False,True,0.0,1.0,2019.9895385742188
2024-12-15 09:00:00,25,0.05,0,1,False,True,0.0,1.0,2032.7795837402343
2024-12-15 10:00:00,32,0.064,0,2,False,True,0.0,1.0,2165.61865234375
2024-12-15 11:00:00,33,0.066,0,2,False,True,0.0,1.0,2181.3681640625
2024-12-15 12:00:00,25,0.05,0,2,False,True,0.0,1.0,2236.321484375
2024-12-15 13:00:00,25,0.05,0,2,False,True,0.0,1.0,2272.4650390624997
2024-12-15 14:00:00,25,0.05,0,2,False,True,0.0,1.0,2384.246862792969
2024-12-15 15:00:00,30,0.06,0,2,False,True,0.0,1.0,2385.662353515625
2024-12-15 16:00:00,30,0.06,0,1,False,True,0.0,1.0,2475.51708984375
2024-12-15 17:00:00,500,1.0,5,5,True,True,1.0,1.0,2502.0
2024-12-15 18:00:00,500,1.0,5,5,True,True,1.0,1.0,2502.0
2024-12-15 19:00:00,500,1.0,5,5,True,True,1.0,1.0,2502.0
2024-12-15 20:00:00,500,1.0,5,5,True,True,1.0,1.0,2502.0
2024-12-15 21:00:00,500,1.0,5,5,True,True,1.0,1.0,2502.0
2024-12-15 22:00:00,500,1.0,5,5,True,True,1.0,1.0,2502.0
2024-12-15 23:00:00,500,1.0,5,5,True,True,1.0,1.0,2502.0
2024-12-16 00:00:00,500,1.0,5,5,True,True,1.0,1.0,2502.0
2024-12-16 01:00:00,500,1.0,5,5,True,True,1.0,1.0,2502.0
2024-12-16 02:00:00,500,1.0,5,5,True,True,1.0,1.0,2502.0
2024-12-16 03:00:00,500,1.0,5,5,True,True,1.0,1.0,2502.0
2024-12-16 04:00:00,500,1.0,5,5,True,True,1.0,1.0,2502.0
2024-12-16 05:00:00,500,1.0,5,5,True,True,1.0,1.0,2502.0
2024-12-16 06:00:00,500,1.0,5,5,True,True,1.0,1.0,2502.0
2024-12-16 07:00:00,500,1.0,5,5,True,True,1.0,1.0,2502.0
2024-12-16 08:00:00,500,1.0,5,5,True,True,1.0,1.0,2502.0
2024-12-16 09:00:00,500,1.0,5,5,True,True,1.0,1.0,2502.0
2024-12-16 10:00:00,500,1.0,5,5,True,True,1.0,1.0,2502.0
2024-12-16 11:00:00,500,1.0,5,5,True,True,1.0,1.0,2502.0
2024-12-16 12:00:00,500,1.0,5,5,True,True,1.0,1.0,2502.0
2024-12-16 13:00:00,500,1.0,5,5,True,True,1.0,1.0,2502.0
2024-12-16 14:00:00,500,1.0,5,5,True,True,1.0,1.0,2502.0
2024-12-16 15:00:00,500,1.0,5,5,True,True,1.0,1.0,2502.0
2024-12-16 16:00:00,500,1.0,5,5,True,True,1.0,1.0,2502.0
2024-12-16 17:00:00,32,0.064,0,2,False,True,0.0,1.0,2499.284423828125
2024-12-16 18:00:00,27,0.054,0,2,False,True,0.0,1.0,2495.53515625
2024-12-16 19:00:00,500,1.0,5,5,True,True,1.0,1.0,2492.0
2024-12-16 20:00:00,25,0.05,0,2,False,True,0.0,1.0,2492.8110961914062
2024-12-16 21:00:00,500,1.0,5,5,True,True,1.0,1.0,2492.0
2024-12-16 22:00:00,29,0.058,0,1,False,True,0.0,1.0,2493.310302734375
2024-12-16 23:00:00,500,1.0,5,5,True,True,1.0,1.0,2492.0
2024-12-17 00:00:00,28,0.056,0,1,False,True,0.0,1.0,2495.10498046875
2024-12-17 01:00:00,500,1.0,5,5,True,True,1.0,1.0,2492.0
2024-12-17 02:00:00,29,0.058,0,1,False,True,0.0,1.0,2499.983642578125
2024-12-17 03:00:00,25,0.05,0,1,False,True,0.0,1.0,2498.9796142578125
2024-12-17 04:00:00,500,1.0,5,5,True,True,1.0,1.0,2492.0
2024-12-17 05:00:00,500,1.0,5,5,True,True,1.0,1.0,2492.0
2024-12-17 06:00:00,500,1.0,5,5,True,True,1.0,1.0,2492.0
2024-12-17 07:00:00,500,1.0,5,5,True,True,1.0,1.0,2492.0
2024-12-17 08:00:00,500,1.0,5,5,True,True,1.0,1.0,2492.0
2024-12-17 09:00:00,500,1.0,5,5,True,True,1.0,1.0,2492.0
2024-12-17 10:00:00,500,1.0,5,5,True,True,1.0,1.0,2492.0
2024-12-17 11:00:00,500,1.0,5,5,True,True,1.0,1.0,2492.0
2024-12-17 12:00:00,500,1.0,5,5,True,True,1.0,1.0,2492.0
2024-12-17 13:00:00,500,1.0,5,5,True,True,1.0,1.0,2492.0
2024-12-17 14:00:00,500,1.0,5,5,True,True,1.0,1.0,2492.0
2024-12-17 15:00:00,500,1.0,5,5,True,True,1.0,1.0,2492.0
2024-12-17 16:00:00,29,0.058,0,1,False,True,0.0,1.0,2531.926513671875
2024-12-17 17:00:00,25,0.05,0,1,False,True,0.0,1.0,2498.4684204101563
2024-12-17 18:00:00,33,0.066,0,3,False,True,0.0,1.0,2499.232421875
2024-12-17 19:00:00,25,0.05,0,1,False,True,0.0,1.0,2498.4144897460938
2024-12-17 20:00:00,25,0.05,0,2,False,True,0.0,1.0,2498.031848144531
2024-12-17 21:00:00,28,0.056,0,1,False,True,0.0,1.0,2499.122802734375
2024-12-17 22:00:00,31,0.062,0,1,False,True,0.0,1.0,2499.38330078125
2024-12-17 23:00:00,26,0.052,0,1,False,True,0.0,1.0,2500.802490234375
2024-12-18 00:00:00,25,0.05,0,2,False,True,0.0,1.0,2496.7608276367187
2024-12-18 01:00:00,27,0.054,0,1,False,True,0.0,1.0,2495.816162109375
2024-12-18 02:00:00,25,0.05,0,1,False,True,0.0,1.0,2493.3719848632813
2024-12-18 03:00:00,25,0.05,0,1,False,True,0.0,1.0,2489.6320068359373
2024-12-18 04:00:00,25,0.05,0,1,False,True,0.0,1.0,2501.332800292969
2024-12-18 05:00:00,28,0.056,0,2,False,True,0.0,1.0,2504.645751953125
2024-12-18 06:00:00,25,0.05,0,1,False,True,0.0,1.0,2507.644494628906
2024-12-18 07:00:00,25,0.05,0,1,False,True,0.0,1.0,2506.726611328125
2024-12-18 08:00:00,31,0.062,0,1,False,True,0.0,1.0,2508.28955078125
2024-12-18 09:00:00,34,0.068,0,1,False,True,0.0,1.0,2509.265869140625
2024-12-18 10:00:00,27,0.054,0,1,False,True,0.0,1.0,2504.832763671875
2024-12-18 11:00:00,25,0.05,0,1,False,True,0.0,1.0,2502.0906982421875
2024-12-18 12:00:00,25,0.05,0,1,False,True,0.0,1.0,2503.6919189453124
2024-12-18 13:00:00,27,0.054,0,1,False,True,0.0,1.0,2496.1044921875
2024-12-18 14:00:00,28,0.056,1,2,True,True,1.0,1.0,2510.541748046875
2024-12-18 15:00:00,25,0.05,0,2,False,True,0.0,1.0,2542.11767578125
2024-12-18 16:00:00,27,0.054,0,1,False,True,0.0,1.0,2548.275390625
2024-12-18 17:00:00,25,0.05,0,1,False,True,0.0,1.0,2548.2709838867186
2024-12-18 18:00:00,26,0.052,0,1,False,True,0.0,1.0,2543.509069824219
2024-12-18 19:00:00,26,0.052,0,1,False,True,0.0,1.0,2543.3323608398437
2024-12-18 20:00:00,26,0.052,0,1,False,True,0.0,1.0,2544.458251953125
2024-12-18 21:00:00,25,0.05,0,2,False,True,0.0,1.0,2544.33037109375
2024-12-18 22:00:00,27,0.054,0,1,False,True,0.0,1.0,2544.458251953125
2024-12-18 23:00:00,25,0.05,0,1,False,True,0.0,1.0,2544.620849609375
2024-12-19 00:00:00,25,0.05,0,1,False,True,0.0,1.0,2546.41669921875
2024-12-19 01:00:00,25,0.05,0,1,False,True,0.0,1.0,2547.0231201171873
2024-12-19 02:00:00,26,0.052,0,1,False,True,0.0,1.0,2546.9983520507812
2024-12-19 03:00:00,30,0.06,0,2,False,True,0.0,1.0,2546.7119140625
2024-12-19 04:00:00,25,0.05,0,3,False,True,0.0,1.0,2549.112353515625
2024-12-19 05:00:00,25,0.05,1,2,True,True,1.0,1.0,2547.7711547851563
2024-12-19 06:00:00,27,0.054,0,1,False,True,0.0,1.0,2551.22998046875
2024-12-19 07:00:00,25,0.05,1,1,True,True,1.0,1.0,2552.474987792969
2024-12-19 08:00:00,29,0.058,0,1,False,True,0.0,1.0,2551.829833984375
2024-12-19 09:00:00,26,0.052,0,1,False,True,0.0,1.0,2551.853759765625
2024-12-19 10:00:00,27,0.054,0,2,False,True,0.0,1.0,2549.496337890625
2024-12-19 11:00:00,25,0.05,0,1,False,True,0.0,1.0,2544.6700927734373
2024-12-19 12:00:00,26,0.052,0,1,False,True,0.0,1.0,2550.42138671875
2024-12-19 13:00:00,25,0.05,0,1,False,True,0.0,1.0,2551.3471069335938
2024-12-19 14:00:00,25,0.05,0,1,False,True,0.0,1.0,2544.4289306640626
2024-12-19 15:00:00,25,0.05,0,1,False,True,0.0,1.0,2541.383898925781
2024-12-19 16:00:00,500,1.0,5,5,True,True,1.0,1.0,2477.0
2024-12-19 17:00:00,27,0.054,0,2,False,True,0.0,1.0,2459.065185546875
2024-12-19 18:00:00,25,0.05,0,1,False,True,0.0,1.0,2454.9706420898438
2024-12-19 19:00:00,33,0.066,0,2,False,True,0.0,1.0,2458.578125
2024-12-19 20:00:00,31,0.062,0,2,False,True,0.0,1.0,2459.31982421875
2024-12-19 21:00:00,25,0.05,0,1,False,True,0.0,1.0,2454.5484375
2024-12-19 22:00:00,27,0.054,0,1,False,True,0.0,1.0,2459.740966796875
2024-12-19 23:00:00,25,0.05,0,1,False,True,0.0,1.0,2459.71982421875
2024-12-20 00:00:00,33,0.066,0,2,False,True,0.0,1.0,2459.27392578125
2024-12-20 01:00:00,25,0.05,0,1,False,True,0.0,1.0,2458.71044921875
2024-12-20 02:00:00,25,0.05,0,2,False,True,0.0,1.0,2455.5538330078125
2024-12-20 03:00:00,28,0.056,0,1,False,True,0.0,1.0,2459.71923828125
2024-12-20 04:00:00,34,0.068,0,1,False,True,0.0,1.0,2454.948486328125
2024-12-20 05:00:00,33,0.066,0,1,False,True,0.0,1.0,2456.669921875
2024-12-20 06:00:00,29,0.058,0,1,False,True,0.0,1.0,2456.34521484375
2024-12-20 07:00:00,29,0.058,0,1,False,True,0.0,1.0,2457.1328125
2024-12-20 08:00:00,30,0.06,0,1,False,True,0.0,1.0,2454.453857421875
2024-12-20 09:00:00,25,0.05,0,1,False,True,0.0,1.0,2450.155139160156
2024-12-20 10:00:00,34,0.068,0,1,False,True,0.0,1.0,2460.283935546875
2024-12-20 11:00:00,29,0.058,0,1,False,True,0.0,1.0,2462.209716796875
2024-12-20 12:00:00,25,0.05,0,1,False,True,0.0,1.0,2452.3775146484377
2024-12-20 13:00:00,25,0.05,0,1,False,True,0.0,1.0,2418.2548339843747
2024-12-20 14:00:00,27,0.054,0,1,False,True,0.0,1.0,2417.742919921875
2024-12-20 15:00:00,25,0.05,0,1,False,True,0.0,1.0,2443.809765625
2024-12-20 16:00:00,500,1.0,5,5,True,True,1.0,1.0,2384.0
2024-12-20 17:00:00,500,1.0,5,5,True,True,1.0,1.0,2276.0
2024-12-20 18:00:00,500,1.0,5,5,True,True,1.0,1.0,2172.0
2024-12-20 19:00:00,500,1.0,5,5,True,True,1.0,1.0,1990.0
2024-12-20 20:00:00,25,0.05,1,2,True,True,1.0,1.0,1943.7403076171875
2024-12-20 21:00:00,30,0.06,1,1,True,True,1.0,1.0,1946.7947998046875
2024-12-20 22:00:00,33,0.066,0,2,False,True,0.0,1.0,1945.65380859375
2024-12-20 23:00:00,30,0.06,0,1,False,True,0.0,1.0,1947.619873046875
2024-12-21 00:00:00,36,0.072,0,2,False,True,0.0,1.0,1947.6917724609375
2024-12-21 01:00:00,25,0.05,0,1,False,True,0.0,1.0,1947.5530944824218
2024-12-21 02:00:00,34,0.068,0,2,False,True,0.0,1.0,1946.5506591796875
2024-12-21 03:00:00,25,0.05,0,1,False,True,0.0,1.0,1947.78740234375
2024-12-21 04:00:00,25,0.05,0,1,False,True,0.0,1.0,1948.3447326660155
2024-12-21 05:00:00,28,0.056,0,2,False,True,0.0,1.0,1947.29833984375
2024-12-21 06:00:00,25,0.05,0,1,False,True,0.0,1.0,1945.9150329589843
2024-12-21 07:00:00,27,0.054,0,1,False,True,0.0,1.0,1946.1776123046875
2024-12-21 08:00:00,25,0.05,0,1,False,True,0.0,1.0,1944.9864685058594
2024-12-21 09:00:00,25,0.05,0,2,False,True,0.0,1.0,1936.8727233886718
2024-12-21 10:00:00,26,0.052,0,2,False,True,0.0,1.0,1931.1363525390625
2024-12-21 11:00:00,25,0.05,0,2,False,True,0.0,1.0,1926.8165283203125
2024-12-21 12:00:00,28,0.056,0,2,False,True,0.0,1.0,1932.0426025390625
2024-12-21 13:00:00,28,0.056,1,1,True,True,1.0,1.0,1922.1578369140625
2024-12-21 14:00:00,31,0.062,1,1,True,True,1.0,1.0,1919.7073974609375
2024-12-21 15:00:00,25,0.05,0,1,False,True,0.0,1.0,1935.6569274902345
2024-12-21 16:00:00,500,1.0,5,5,True,True,1.0,1.0,1905.0
2024-12-21 17:00:00,500,1.0,5,5,True,True,1.0,1.0,1832.0
2024-12-21 18:00:00,500,1.0,5,5,True,True,1.0,1.0,1832.0
2024-12-21 19:00:00,500,1.0,5,5,True,True,1.0,1.0,1832.0
2024-12-21 20:00:00,500,1.0,5,5,True,True,1.0,1.0,1832.0
2024-12-21 21:00:00,500,1.0,5,5,True,True,1.0,1.0,1832.0
2024-12-21 22:00:00,500,1.0,5,5,True,True,1.0,1.0,1832.0
2024-12-21 23:00:00,500,1.0,5,5,True,True,1.0,1.0,1832.0
2024-12-22 00:00:00,500,1.0,5,5,True,True,1.0,1.0,1832.0
2024-12-22 01:00:00,500,1.0,5,5,True,True,1.0,1.0,1832.0
2024-12-22 02:00:00,500,1.0,5,5,True,True,1.0,1.0,1832.0
2024-12-22 03:00:00,500,1.0,5,5,True,True,1.0,1.0,1832.0
2024-12-22 04:00:00,500,1.0,5,5,True,True,1.0,1.0,1832.0
2024-12-22 05:00:00,500,1.0,5,5,True,True,1.0,1.0,1832.0
2024-12-22 06:00:00,500,1.0,5,5,True,True,1.0,1.0,1832.0
2024-12-22 07:00:00,500,1.0,5,5,True,True,1.0,1.0,1832.0
2024-12-22 08:00:00,500,1.0,5,5,True,True,1.0,1.0,1832.0
2024-12-22 09:00:00,30,0.06,0,2,False,True,0.0,1.0,1968.6959228515625
2024-12-22 10:00:00,29,0.058,0,2,False,True,0.0,1.0,2084.81103515625
2024-12-22 11:00:00,25,0.05,0,1,False,True,0.0,1.0,2120.470751953125
2024-12-22 12:00:00,25,0.05,0,2,False,True,0.0,1.0,2148.8960083007814
2024-12-22 13:00:00,32,0.064,0,2,False,True,0.0,1.0,2206.180419921875
2024-12-22 14:00:00,28,0.056,0,1,False,True,0.0,1.0,2329.271484375
2024-12-22 15:00:00,29,0.058,0,2,False,True,0.0,1.0,2326.7744140625
2024-12-22 16:00:00,31,0.062,0,1,False,True,0.0,1.0,2329.055908203125
2024-12-22 17:00:00,26,0.052,1,1,True,True,1.0,1.0,2329.055908203125
2024-12-22 18:00:00,26,0.052,0,1,False,True,0.0,1.0,2327.69482421875
2024-12-22 19:00:00,28,0.056,0,1,False,True,0.0,1.0,2327.470458984375
2024-12-22 20:00:00,33,0.066,0,1,False,True,0.0,1.0,2323.5224609375
2024-12-22 21:00:00,27,0.054,0,2,False,True,0.0,1.0,2326.822265625
2024-12-22 22:00:00,26,0.052,0,1,False,True,0.0,1.0,2326.822265625
2024-12-22 23:00:00,25,0.05,0,1,False,True,0.0,1.0,2324.421740722656
2024-12-23 00:00:00,25,0.05,0,1,False,True,0.0,1.0,2325.6970336914064
2024-12-23 01:00:00,28,0.056,0,2,False,True,0.0,1.0,2328.92333984375
2024-12-23 02:00:00,25,0.05,0,2,False,True,0.0,1.0,2338.154150390625
2024-12-23 03:00:00,32,0.064,0,2,False,True,0.0,1.0,2336.4873046875
2024-12-23 04:00:00,25,0.05,0,1,False,True,0.0,1.0,2343.2698974609375
2024-12-23 05:00:00,25,0.05,0,2,False,True,0.0,1.0,2333.667236328125
2024-12-23 06:00:00,25,0.05,0,1,False,True,0.0,1.0,2334.857775878906
2024-12-23 07:00:00,32,0.064,0,2,False,True,0.0,1.0,2344.550537109375
2024-12-23 08:00:00,28,0.056,0,2,False,True,0.0,1.0,2328.480224609375
2024-12-23 09:00:00,25,0.05,0,2,False,True,0.0,1.0,2326.9434814453125
2024-12-23 10:00:00,25,0.05,0,1,False,True,0.0,1.0,2305.9458984375
2024-12-23 11:00:00,25,0.05,0,1,False,True,0.0,1.0,2314.3755493164062
2024-12-23 12:00:00,30,0.06,0,1,False,True,0.0,1.0,2322.771484375
2024-12-23 13:00:00,35,0.07,0,2,False,True,0.0,1.0,2315.672119140625
2024-12-23 14:00:00,28,0.056,0,1,False,True,0.0,1.0,2319.25341796875
2024-12-23 15:00:00,34,0.068,0,1,False,True,0.0,1.0,2331.07275390625
2024-12-23 16:00:00,26,0.052,0,1,False,True,0.0,1.0,2307.41845703125
2024-12-23 17:00:00,25,0.05,0,2,False,True,0.0,1.0,2305.3133911132813
2024-12-23 18:00:00,25,0.05,0,1,False,True,0.0,1.0,2305.791125488281
2024-12-23 19:00:00,25,0.05,0,2,False,True,0.0,1.0,2308.515234375
2024-12-23 20:00:00,32,0.064,0,2,False,True,0.0,1.0,2303.89111328125
2024-12-23 21:00:00,25,0.05,0,1,False,True,0.0,1.0,2304.498425292969
2024-12-23 22:00:00,25,0.05,0,1,False,True,0.0,1.0,2301.8963989257813
2024-12-23 23:00:00,25,0.05,0,2,False,True,0.0,1.0,2303.174768066406
2024-12-24 00:00:00,29,0.058,0,1,False,True,0.0,1.0,2307.40869140625
2024-12-24 01:00:00,25,0.05,0,1,False,True,0.0,1.0,2306.474475097656
2024-12-24 02:00:00,25,0.05,0,1,False,True,0.0,1.0,2302.385302734375
2024-12-24 03:00:00,25,0.05,1,1,True,True,1.0,1.0,2307.47919921875
2024-12-24 04:00:00,27,0.054,0,2,False,True,0.0,1.0,2301.968994140625
2024-12-24 05:00:00,25,0.05,0,1,False,True,0.0,1.0,2298.6046142578125
2024-12-24 06:00:00,25,0.05,0,2,False,True,0.0,1.0,2305.571887207031
2024-12-24 07:00:00,25,0.05,0,2,False,True,0.0,1.0,2306.0201782226563
2024-12-24 08:00:00,25,0.05,0,2,False,True,0.0,1.0,2302.960791015625
2024-12-24 09:00:00,25,0.05,0,1,False,True,0.0,1.0,2301.5325439453127
2024-12-24 10:00:00,25,0.05,0,1,False,True,0.0,1.0,2288.3890625
2024-12-24 11:00:00,27,0.054,0,1,False,True,0.0,1.0,2288.37939453125
2024-12-24 12:00:00,25,0.05,0,1,False,True,0.0,1.0,2290.06982421875
2024-12-24 13:00:00,25,0.05,0,1,False,True,0.0,1.0,2267.9080322265627
2024-12-24 14:00:00,25,0.05,0,1,False,True,0.0,1.0,2271.4258056640624
2024-12-24 15:00:00,30,0.06,0,1,False,True,0.0,1.0,2257.564697265625
2024-12-24 16:00:00,25,0.05,0,2,False,True,0.0,1.0,2260.32548828125
2024-12-24 17:00:00,29,0.058,0,2,False,True,0.0,1.0,2274.640380859375
2024-12-24 18:00:00,26,0.052,0,1,False,True,0.0,1.0,2278.73486328125
2024-12-24 19:00:00,25,0.05,0,1,False,True,0.0,1.0,2277.8562866210937
2024-12-24 20:00:00,25,0.05,0,1,False,True,0.0,1.0,2274.6887451171874
2024-12-24 21:00:00,28,0.056,0,2,False,True,0.0,1.0,2278.794921875
2024-12-24 22:00:00,25,0.05,0,1,False,True,0.0,1.0,2278.7016845703124
2024-12-24 23:00:00,27,0.054,0,1,False,True,0.0,1.0,2279.654541015625
2024-12-25 00:00:00,25,0.05,0,1,False,True,0.0,1.0,2274.2919799804686
2024-12-25 01:00:00,26,0.052,0,2,False,True,0.0,1.0,2273.781005859375
2024-12-25 02:00:00,25,0.05,0,1,False,True,0.0,1.0,2271.923937988281
2024-12-25 03:00:00,44,0.088,0,2,False,True,0.0,1.0,2268.503173828125
2024-12-25 04:00:00,25,0.05,0,2,False,True,0.0,1.0,2275.6716796875
2024-12-25 05:00:00,25,0.05,0,1,False,True,0.0,1.0,2274.666259765625
2024-12-25 06:00:00,25,0.05,0,1,False,True,0.0,1.0,2274.6564086914063
2024-12-25 07:00:00,31,0.062,0,2,False,True,0.0,1.0,2278.9052734375
2024-12-25 08:00:00,34,0.068,0,1,False,True,0.0,1.0,2280.296142578125
2024-12-25 09:00:00,25,0.05,0,1,False,True,0.0,1.0,2277.3134155273438
2024-12-25 10:00:00,25,0.05,0,2,False,True,0.0,1.0,2257.3776000976563
2024-12-25 11:00:00,25,0.05,0,1,False,True,0.0,1.0,2270.8124389648438
2024-12-25 12:00:00,25,0.05,0,1,False,True,0.0,1.0,2257.7896362304687
2024-12-25 13:00:00,500,1.0,5,5,True,True,1.0,1.0,2256.0
2024-12-25 14:00:00,28,0.056,0,2,False,True,0.0,1.0,2286.833984375
2024-12-25 15:00:00,30,0.06,0,2,False,True,0.0,1.0,2294.755126953125
2024-12-25 16:00:00,34,0.068,0,1,False,True,0.0,1.0,2298.13427734375
2024-12-25 17:00:00,28,0.056,0,2,False,True,0.0,1.0,2297.01953125
2024-12-25 18:00:00,27,0.054,0,2,False,True,0.0,1.0,2293.364990234375
2024-12-25 19:00:00,30,0.06,0,1,False,True,0.0,1.0,2293.364990234375
2024-12-25 20:00:00,27,0.054,0,1,False,True,0.0,1.0,2291.50390625
2024-12-25 21:00:00,25,0.05,0,1,False,True,0.0,1.0,2291.450048828125
2024-12-25 22:00:00,27,0.054,0,2,False,True,0.0,1.0,2290.498779296875
2024-12-25 23:00:00,25,0.05,0,1,False,True,0.0,1.0,2291.845104980469
2024-12-26 00:00:00,25,0.05,0,2,False,True,0.0,1.0,2284.661511230469
2024-12-26 01:00:00,25,0.05,0,2,False,True,0.0,1.0,2285.739208984375
2024-12-26 02:00:00,38,0.076,0,2,False,True,0.0,1.0,2286.998291015625
2024-12-26 03:00:00,39,0.078,0,2,False,True,0.0,1.0,2283.989013671875
2024-12-26 04:00:00,25,0.05,0,2,False,True,0.0,1.0,2291.3554931640624
2024-12-26 05:00:00,27,0.054,0,1,False,True,0.0,1.0,2287.6748046875
2024-12-26 06:00:00,29,0.058,0,1,False,True,0.0,1.0,2284.63720703125
2024-12-26 07:00:00,25,0.05,0,1,False,True,0.0,1.0,2282.1757568359376
2024-12-26 08:00:00,37,0.074,0,2,False,True,0.0,1.0,2294.085205078125
2024-12-26 09:00:00,25,0.05,0,2,False,True,0.0,1.0,2280.7569580078125
2024-12-26 10:00:00,25,0.05,0,1,False,True,0.0,1.0,2269.999230957031
2024-12-26 11:00:00,30,0.06,0,1,False,True,0.0,1.0,2259.308349609375
2024-12-26 12:00:00,30,0.06,0,1,False,True,0.0,1.0,2281.037109375
2024-12-26 13:00:00,27,0.054,0,1,False,True,0.0,1.0,2282.4287109375
2024-12-26 14:00:00,35,0.07,0,1,False,True,0.0,1.0,2280.724853515625
2024-12-26 15:00:00,25,0.05,0,1,False,True,0.0,1.0,2280.0416870117188
2024-12-26 16:00:00,500,1.0,5,5,True,True,1.0,1.0,2248.0
2024-12-26 17:00:00,29,0.058,0,1,False,True,0.0,1.0,2247.026123046875
2024-12-26 18:00:00,28,0.056,0,1,False,True,0.0,1.0,2248.3134765625
2024-12-26 19:00:00,30,0.06,0,2,False,True,0.0,1.0,2248.3134765625
2024-12-26 20:00:00,27,0.054,0,1,False,True,0.0,1.0,2248.3134765625
2024-12-26 21:00:00,29,0.058,0,2,False,True,0.0,1.0,2248.3134765625
2024-12-26 22:00:00,39,0.078,0,2,False,True,0.0,1.0,2248.3134765625
2024-12-26 23:00:00,25,0.05,0,1,False,True,0.0,1.0,2242.7321655273436
2024-12-27 00:00:00,25,0.05,0,1,False,True,0.0,1.0,2225.2282104492188
2024-12-27 01:00:00,35,0.07,0,2,False,True,0.0,1.0,2226.590087890625
2024-12-27 02:00:00,25,0.05,0,2,False,True,0.0,1.0,2228.243127441406
2024-12-27 03:00:00,38,0.076,0,1,False,True,0.0,1.0,2242.446533203125
2024-12-27 04:00:00,25,0.05,0,1,False,True,0.0,1.0,2239.567175292969
2024-12-27 05:00:00,27,0.054,0,1,False,True,0.0,1.0,2242.446533203125
2024-12-27 06:00:00,27,0.054,0,1,False,True,0.0,1.0,2244.297607421875
2024-12-27 07:00:00,37,0.074,0,2,False,True,0.0,1.0,2242.7255859375
2024-12-27 08:00:00,25,0.05,0,1,False,True,0.0,1.0,2230.707409667969
2024-12-27 09:00:00,26,0.052,0,2,False,True,0.0,1.0,2231.0546875
2024-12-27 10:00:00,25,0.05,0,2,False,True,0.0,1.0,2213.1974609375
2024-12-27 11:00:00,25,0.05,0,1,False,True,0.0,1.0,2195.3133544921875
2024-12-27 12:00:00,25,0.05,0,1,False,True,0.0,1.0,2193.6573120117187
2024-12-27 13:00:00,25,0.05,0,1,False,True,0.0,1.0,2182.7108642578123
2024-12-27 14:00:00,26,0.052,0,1,False,True,0.0,1.0,2188.1372924804687
2024-12-27 15:00:00,25,0.05,0,2,False,True,0.0,1.0,2198.4880126953126
2024-12-27 16:00:00,500,1.0,5,5,True,True,1.0,1.0,2145.0
2024-12-27 17:00:00,500,1.0,5,5,True,True,1.0,1.0,2030.0
2024-12-27 18:00:00,500,1.0,5,5,True,True,1.0,1.0,1923.0
2024-12-27 19:00:00,500,1.0,5,5,True,True,1.0,1.0,1776.0
2024-12-27 20:00:00,28,0.056,0,1,False,True,0.0,1.0,1743.181884765625
2024-12-27 21:00:00,26,0.052,0,1,False,True,0.0,1.0,1743.181884765625
2024-12-27 22:00:00,25,0.05,0,1,False,True,0.0,1.0,1718.0117614746093
2024-12-27 23:00:00,30,0.06,0,1,False,True,0.0,1.0,1743.181884765625
2024-12-28 00:00:00,30,0.06,0,1,False,True,0.0,1.0,1742.923828125
2024-12-28 01:00:00,26,0.052,0,2,False,True,0.0,1.0,1743.050048828125
2024-12-28 02:00:00,29,0.058,0,1,False,True,0.0,1.0,1742.6378173828125
2024-12-28 03:00:00,25,0.05,0,2,False,True,0.0,1.0,1739.3838317871093
2024-12-28 04:00:00,25,0.05,0,2,False,True,0.0,1.0,1718.0388427734374
2024-12-28 05:00:00,28,0.056,0,2,False,True,0.0,1.0,1727.16748046875
2024-12-28 06:00:00,33,0.066,0,2,False,True,0.0,1.0,1737.0584716796875
2024-12-28 07:00:00,29,0.058,1,2,True,True,1.0,1.0,1735.3985595703125
2024-12-28 08:00:00,25,0.05,0,1,False,True,0.0,1.0,1727.0580505371092
2024-12-28 09:00:00,28,0.056,0,1,False,True,0.0,1.0,1736.304443359375
2024-12-28 10:00:00,37,0.074,0,1,False,True,0.0,1.0,1724.1798095703125
2024-12-28 11:00:00,33,0.066,0,2,False,True,0.0,1.0,1741.734619140625
2024-12-28 12:00:00,28,0.056,0,2,False,True,0.0,1.0,1743.8555908203125
2024-12-28 13:00:00,25,0.05,0,1,False,True,0.0,1.0,1758.464306640625
2024-12-28 14:00:00,25,0.05,0,2,False,True,0.0,1.0,1762.2548889160157
2024-12-28 15:00:00,25,0.05,0,1,False,True,0.0,1.0,1756.5289306640625
2024-12-28 16:00:00,500,1.0,5,5,True,True,1.0,1.0,1718.0
2024-12-28 17:00:00,500,1.0,5,5,True,True,1.0,1.0,1712.0
2024-12-28 18:00:00,500,1.0,5,5,True,True,1.0,1.0,1680.0
2024-12-28 19:00:00,500,1.0,5,5,True,True,1.0,1.0,1680.0
2024-12-28 20:00:00,500,1.0,5,5,True,True,1.0,1.0,1680.0
2024-12-28 21:00:00,500,1.0,5,5,True,True,1.0,1.0,1680.0
2024-12-28 22:00:00,500,1.0,5,5,True,True,1.0,1.0,1680.0
2024-12-28 23:00:00,500,1.0,5,5,True,True,1.0,1.0,1680.0
2024-12-29 00:00:00,500,1.0,5,5,True,True,1.0,1.0,1680.0
2024-12-29 01:00:00,500,1.0,5,5,True,True,1.0,1.0,1680.0
2024-12-29 02:00:00,500,1.0,5,5,True,True,1.0,1.0,1680.0
2024-12-29 03:00:00,500,1.0,5,5,True,True,1.0,1.0,1680.0
2024-12-29 04:00:00,500,1.0,5,5,True,True,1.0,1.0,1680.0
2024-12-29 05:00:00,500,1.0,5,5,True,True,1.0,1.0,1680.0
2024-12-29 06:00:00,500,1.0,5,5,True,True,1.0,1.0,1680.0
2024-12-29 07:00:00,500,1.0,5,5,True,True,1.0,1.0,1680.0
2024-12-29 08:00:00,500,1.0,5,5,True,True,1.0,1.0,1680.0
2024-12-29 09:00:00,500,1.0,5,5,True,True,1.0,1.0,1680.0
2024-12-29 10:00:00,500,1.0,5,5,True,True,1.0,1.0,1680.0
2024-12-29 11:00:00,25,0.05,0,2,False,True,0.0,1.0,1728.700927734375
2024-12-29 12:00:00,25,0.05,0,2,False,True,0.0,1.0,1744.5601928710937
2024-12-29 13:00:00,25,0.05,0,2,False,True,0.0,1.0,1763.5377807617188
2024-12-29 14:00:00,25,0.05,0,2,False,True,0.0,1.0,2007.2985900878903
2024-12-29 15:00:00,28,0.056,0,1,False,True,0.0,1.0,2081.4794921875
2024-12-29 16:00:00,28,0.056,0,3,False,True,0.0,1.0,2163.2802734375
2024-12-29 17:00:00,500,1.0,5,5,True,True,1.0,1.0,2190.0
2024-12-29 18:00:00,500,1.0,5,5,True,True,1.0,1.0,2190.0
2024-12-29 19:00:00,500,1.0,5,5,True,True,1.0,1.0,2190.0
2024-12-29 20:00:00,500,1.0,5,5,True,True,1.0,1.0,2190.0
2024-12-29 21:00:00,500,1.0,5,5,True,True,1.0,1.0,2190.0
2024-12-29 22:00:00,500,1.0,5,5,True,True,1.0,1.0,2190.0
2024-12-29 23:00:00,500,1.0,5,5,True,True,1.0,1.0,2190.0
2024-12-30 00:00:00,500,1.0,5,5,True,True,1.0,1.0,2190.0
2024-12-30 01:00:00,500,1.0,5,5,True,True,1.0,1.0,2190.0
2024-12-30 02:00:00,500,1.0,5,5,True,True,1.0,1.0,2190.0
2024-12-30 03:00:00,500,1.0,5,5,True,True,1.0,1.0,2190.0
2024-12-30 04:00:00,500,1.0,5,5,True,True,1.0,1.0,2190.0
2024-12-30 05:00:00,500,1.0,5,5,True,True,1.0,1.0,2190.0
2024-12-30 06:00:00,500,1.0,5,5,True,True,1.0,1.0,2190.0
2024-12-30 07:00:00,500,1.0,5,5,True,True,1.0,1.0,2190.0
2024-12-30 08:00:00,500,1.0,5,5,True,True,1.0,1.0,2190.0
2024-12-30 09:00:00,500,1.0,5,5,True,True,1.0,1.0,2190.0
2024-12-30 10:00:00,500,1.0,5,5,True,True,1.0,1.0,2190.0
2024-12-30 11:00:00,500,1.0,5,5,True,True,1.0,1.0,2190.0
2024-12-30 12:00:00,500,1.0,5,5,True,True,1.0,1.0,2190.0
2024-12-30 13:00:00,500,1.0,5,5,True,True,1.0,1.0,2190.0
2024-12-30 14:00:00,500,1.0,5,5,True,True,1.0,1.0,2190.0
2024-12-30 15:00:00,500,1.0,5,5,True,True,1.0,1.0,2190.0
2024-12-30 16:00:00,500,1.0,5,5,True,True,1.0,1.0,2190.0
2024-12-30 17:00:00,25,0.05,0,1,False,True,0.0,1.0,2085.327392578125
2024-12-30 18:00:00,25,0.05,0,2,False,True,0.0,1.0,2077.6033203125
2024-12-30 19:00:00,25,0.05,0,1,False,True,0.0,1.0,2078.197717285156
2024-12-30 20:00:00,28,0.056,0,1,False,True,0.0,1.0,2086.693115234375
2024-12-30 21:00:00,25,0.05,0,1,False,True,0.0,1.0,2079.723034667969
2024-12-30 22:00:00,31,0.062,0,2,False,True,0.0,1.0,2086.62841796875
2024-12-30 23:00:00,30,0.06,0,1,False,True,0.0,1.0,2086.693115234375
2024-12-31 00:00:00,29,0.058,0,1,False,True,0.0,1.0,2092.448486328125
2024-12-31 01:00:00,25,0.05,0,1,False,True,0.0,1.0,2089.561242675781
2024-12-31 02:00:00,26,0.052,0,1,False,True,0.0,1.0,2092.80029296875
2024-12-31 03:00:00,31,0.062,1,1,True,True,1.0,1.0,2092.448486328125
2024-12-31 04:00:00,31,0.062,0,1,False,True,0.0,1.0,2111.340576171875
2024-12-31 05:00:00,26,0.052,0,2,False,True,0.0,1.0,2106.26025390625
2024-12-31 06:00:00,25,0.05,0,2,False,True,0.0,1.0,2095.8841308593746
2024-12-31 07:00:00,25,0.05,0,2,False,True,0.0,1.0,2088.965478515625
2024-12-31 08:00:00,25,0.05,0,2,False,True,0.0,1.0,2095.0277954101557
2024-12-31 09:00:00,25,0.05,0,2,False,True,0.0,1.0,2085.808666992187
2024-12-31 10:00:00,25,0.05,0,1,False,True,0.0,1.0,2101.6336181640627
2024-12-31 11:00:00,28,0.056,0,1,False,True,0.0,1.0,2080.010498046875
2024-12-31 12:00:00,25,0.05,0,1,False,True,0.0,1.0,2110.373254394531
2024-12-31 13:00:00,25,0.05,0,1,False,True,0.0,1.0,2080.147119140625
2024-12-31 14:00:00,32,0.064,0,2,False,True,0.0,1.0,2087.371826171875
2024-12-31 15:00:00,25,0.05,0,2,False,True,0.0,1.0,2108.5826904296873
2024-12-31 16:00:00,500,1.0,5,5,True,True,1.0,1.0,2038.0
2024-12-31 17:00:00,500,1.0,5,5,True,True,1.0,1.0,1944.0
2024-12-31 18:00:00,500,1.0,5,5,True,True,1.0,1.0,1788.0
2024-12-31 19:00:00,500,1.0,5,5,True,True,1.0,1.0,1679.0
2024-12-31 20:00:00,500,1.0,5,5,True,True,1.0,1.0,1679.0
2024-12-31 21:00:00,500,1.0,5,5,True,True,1.0,1.0,1679.0
2024-12-31 22:00:00,500,1.0,5,5,True,True,1.0,1.0,1679.0
2024-12-31 23:00:00,500,1.0,5,5,True,True,1.0,1.0,1679.0
2025-01-01 00:00:00,500,1.0,5,5,True,True,1.0,1.0,1679.0
2025-01-01 01:00:00,500,1.0,5,5,True,True,1.0,1.0,1679.0
2025-01-01 02:00:00,500,1.0,5,5,True,True,1.0,1.0,1679.0
2025-01-01 03:00:00,500,1.0,5,5,True,True,1.0,1.0,1679.0
2025-01-01 04:00:00,500,1.0,5,5,True,True,1.0,1.0,1679.0
2025-01-01 05:00:00,500,1.0,5,5,True,True,1.0,1.0,1679.0
2025-01-01 06:00:00,500,1.0,5,5,True,True,1.0,1.0,1679.0
2025-01-01 07:00:00,500,1.0,5,5,True,True,1.0,1.0,1679.0
2025-01-01 08:00:00,27,0.054,0,1,False,True,0.0,1.0,1736.206787109375
2025-01-01 09:00:00,25,0.05,0,2,False,True,0.0,1.0,1875.4973022460938
2025-01-01 10:00:00,28,0.056,0,1,False,True,0.0,1.0,1982.34375
2025-01-01 11:00:00,25,0.05,0,3,False,True,0.0,1.0,2017.443780517578
2025-01-01 12:00:00,25,0.05,0,1,False,True,0.0,1.0,2032.5031005859373
2025-01-01 13:00:00,25,0.05,0,2,False,True,0.0,1.0,2071.9564819335938
2025-01-01 14:00:00,25,0.05,0,2,False,True,0.0,1.0,2158.12890625
2025-01-01 15:00:00,25,0.05,0,2,False,True,0.0,1.0,2177.9876464843746
2025-01-01 16:00:00,26,0.052,0,2,False,True,0.0,1.0,2205.40234375
2025-01-01 17:00:00,28,0.056,0,1,False,True,0.0,1.0,2205.72119140625
2025-01-01 18:00:00,28,0.056,0,1,False,True,0.0,1.0,2205.4931640625
2025-01-01 19:00:00,31,0.062,0,1,False,True,0.0,1.0,2205.094970703125
2025-01-01 20:00:00,25,0.05,0,1,False,True,0.0,1.0,2202.2170166015626
2025-01-01 21:00:00,25,0.05,0,1,False,True,0.0,1.0,2204.626354980469
2025-01-01 22:00:00,25,0.05,0,2,False,True,0.0,1.0,2204.0077880859376
2025-01-01 23:00:00,26,0.052,1,1,True,True,1.0,1.0,2207.869384765625
2025-01-02 00:00:00,28,0.056,0,1,False,True,0.0,1.0,2210.0361328125
2025-01-02 01:00:00,25,0.05,1,1,True,True,1.0,1.0,2208.893347167969
2025-01-02 02:00:00,25,0.05,0,1,False,True,0.0,1.0,2209.258264160156
2025-01-02 03:00:00,25,0.05,0,1,False,True,0.0,1.0,2210.2778076171876
2025-01-02 04:00:00,25,0.05,0,1,False,True,0.0,1.0,2205.948095703125
2025-01-02 05:00:00,33,0.066,1,1,True,True,1.0,1.0,2209.380126953125
2025-01-02 06:00:00,36,0.072,0,2,False,True,0.0,1.0,2211.00927734375
2025-01-02 07:00:00,25,0.05,0,2,False,True,0.0,1.0,2208.979443359375
2025-01-02 08:00:00,25,0.05,0,1,False,True,0.0,1.0,2210.089013671875
2025-01-02 09:00:00,25,0.05,0,1,False,True,0.0,1.0,2203.89853515625
2025-01-02 10:00:00,25,0.05,0,1,False,True,0.0,1.0,2203.1656127929687
2025-01-02 11:00:00,25,0.05,1,1,True,True,1.0,1.0,2190.495324707031
2025-01-02 12:00:00,25,0.05,1,1,True,True,1.0,1.0,2174.375280761719
2025-01-02 13:00:00,25,0.05,0,1,False,True,0.0,1.0,2178.446398925781
2025-01-02 14:00:00,25,0.05,0,1,False,True,0.0,1.0,2161.2824096679688
2025-01-02 15:00:00,25,0.05,0,2,False,True,0.0,1.0,2178.8393798828124
2025-01-02 16:00:00,25,0.05,0,1,False,True,0.0,1.0,2178.977490234375
2025-01-02 17:00:00,37,0.074,1,2,True,True,1.0,1.0,2175.765625
2025-01-02 18:00:00,31,0.062,0,2,False,True,0.0,1.0,2184.0625
2025-01-02 19:00:00,25,0.05,0,1,False,True,0.0,1.0,2183.8232666015624
2025-01-02 20:00:00,27,0.054,0,2,False,True,0.0,1.0,2179.534912109375
2025-01-02 21:00:00,25,0.05,0,1,False,True,0.0,1.0,2175.74296875
2025-01-02 22:00:00,25,0.05,0,1,False,True,0.0,1.0,2177.5629028320313
2025-01-02 23:00:00,31,0.062,0,2,False,True,0.0,1.0,2169.896484375
2025-01-03 00:00:00,25,0.05,0,2,False,True,0.0,1.0,2177.8843017578124
2025-01-03 01:00:00,28,0.056,0,2,False,True,0.0,1.0,2178.835693359375
2025-01-03 02:00:00,25,0.05,0,1,False,True,0.0,1.0,2178.3272094726562
2025-01-03 03:00:00,25,0.05,0,1,False,True,0.0,1.0,2198.1672973632812
2025-01-03 04:00:00,25,0.05,0,2,False,True,0.0,1.0,2180.7339599609377
2025-01-03 05:00:00,25,0.05,0,1,False,True,0.0,1.0,2179.2011840820314
2025-01-03 06:00:00,25,0.05,0,2,False,True,0.0,1.0,2169.402392578125
2025-01-03 07:00:00,25,0.05,0,2,False,True,0.0,1.0,2173.8168090820313
2025-01-03 08:00:00,28,0.056,0,2,False,True,0.0,1.0,2174.09326171875
2025-01-03 09:00:00,25,0.05,0,1,False,True,0.0,1.0,2185.4281372070313
2025-01-03 10:00:00,35,0.07,0,1,False,True,0.0,1.0,2156.26025390625
2025-01-03 11:00:00,26,0.052,0,1,False,True,0.0,1.0,2183.53076171875
2025-01-03 12:00:00,34,0.068,0,1,False,True,0.0,1.0,2189.742919921875
2025-01-03 13:00:00,25,0.05,0,2,False,True,0.0,1.0,2171.784912109375
2025-01-03 14:00:00,30,0.06,0,1,False,True,0.0,1.0,2180.873291015625
2025-01-03 15:00:00,25,0.05,0,1,False,True,0.0,1.0,2158.7484619140623
2025-01-03 16:00:00,25,0.05,0,1,False,True,0.0,1.0,2081.9208129882813
2025-01-03 17:00:00,500,1.0,5,5,True,True,1.0,1.0,1975.0
2025-01-03 18:00:00,500,1.0,5,5,True,True,1.0,1.0,1885.0
2025-01-03 19:00:00,500,1.0,5,5,True,True,1.0,1.0,1744.0
2025-01-03 20:00:00,25,0.05,1,1,True,True,1.0,1.0,1722.5907104492187
2025-01-03 21:00:00,30,0.06,0,2,False,True,0.0,1.0,1723.9500732421875
2025-01-03 22:00:00,25,0.05,0,3,False,True,0.0,1.0,1722.5544128417969
2025-01-03 23:00:00,34,0.068,0,1,False,True,0.0,1.0,1723.8494873046875
2025-01-04 00:00:00,29,0.058,0,1,False,True,0.0,1.0,1722.728515625
2025-01-04 01:00:00,26,0.052,0,1,False,True,0.0,1.0,1722.7376708984375
2025-01-04 02:00:00,28,0.056,0,2,False,True,0.0,1.0,1722.7376708984375
2025-01-04 03:00:00,32,0.064,0,1,False,True,0.0,1.0,1722.7376708984375
2025-01-04 04:00:00,25,0.05,0,1,False,True,0.0,1.0,1720.0912353515625
2025-01-04 05:00:00,25,0.05,0,1,False,True,0.0,1.0,1717.7048400878905
2025-01-04 06:00:00,36,0.072,0,1,False,True,0.0,1.0,1722.114990234375
2025-01-04 07:00:00,25,0.05,0,1,False,True,0.0,1.0,1722.110693359375
2025-01-04 08:00:00,29,0.058,0,1,False,True,0.0,1.0,1722.0389404296875
2025-01-04 09:00:00,26,0.052,0,2,False,True,0.0,1.0,1722.0914306640625
2025-01-04 10:00:00,31,0.062,0,2,False,True,0.0,1.0,1722.3648681640625
2025-01-04 11:00:00,25,0.05,0,1,False,True,0.0,1.0,1723.6568237304687
2025-01-04 12:00:00,25,0.05,0,1,False,True,0.0,1.0,1722.3118591308594
2025-01-04 13:00:00,29,0.058,0,1,False,True,0.0,1.0,1722.47119140625
2025-01-04 14:00:00,25,0.05,0,1,False,True,0.0,1.0,1717.7184692382812
2025-01-04 15:00:00,27,0.054,0,1,False,True,0.0,1.0,1715.063232421875
2025-01-04 16:00:00,25,0.05,0,1,False,True,0.0,1.0,1710.399267578125
2025-01-04 17:00:00,27,0.054,0,1,False,True,0.0,1.0,1706.4991455078125
2025-01-04 18:00:00,33,0.066,0,1,False,True,0.0,1.0,1706.43798828125
2025-01-04 19:00:00,34,0.068,0,2,False,True,0.0,1.0,1706.43798828125
2025-01-04 20:00:00,25,0.05,0,1,False,True,0.0,1.0,1706.2024841308594
2025-01-04 21:00:00,31,0.062,0,1,False,True,0.0,1.0,1706.58447265625
2025-01-04 22:00:00,25,0.05,0,1,False,True,0.0,1.0,1706.4039428710937
2025-01-04 23:00:00,29,0.058,1,1,True,True,1.0,1.0,1706.563232421875
2025-01-05 00:00:00,25,0.05,0,2,False,True,0.0,1.0,1704.4028442382812
2025-01-05 01:00:00,30,0.06,0,1,False,True,0.0,1.0,1706.367919921875
2025-01-05 02:00:00,25,0.05,0,1,False,True,0.0,1.0,1705.4260131835938
2025-01-05 03:00:00,25,0.05,0,2,False,True,0.0,1.0,1706.567803955078
2025-01-05 04:00:00,28,0.056,0,2,False,True,0.0,1.0,1706.9967041015625
2025-01-05 05:00:00,25,0.05,0,1,False,True,0.0,1.0,1703.4093811035157
2025-01-05 06:00:00,25,0.05,0,1,False,True,0.0,1.0,1704.863055419922
2025-01-05 07:00:00,26,0.052,0,1,False,True,0.0,1.0,1706.214599609375
2025-01-05 08:00:00,25,0.05,0,2,False,True,0.0,1.0,1705.374578857422
2025-01-05 09:00:00,50,0.1,0,3,False,True,0.0,1.0,1706.188720703125
2025-01-05 10:00:00,25,0.05,0,2,False,True,0.0,1.0,1708.2277343749997
2025-01-05 11:00:00,31,0.062,0,2,False,True,0.0,1.0,1832.478515625
2025-01-05 12:00:00,25,0.05,0,1,False,True,0.0,1.0,1800.3905700683592
2025-01-05 13:00:00,25,0.05,0,1,False,True,0.0,1.0,2006.1812072753905
2025-01-05 14:00:00,25,0.05,1,1,True,True,1.0,1.0,2139.7751342773436
2025-01-05 15:00:00,25,0.05,0,2,False,True,0.0,1.0,2173.382531738281
2025-01-05 16:00:00,29,0.058,0,1,False,True,0.0,1.0,2212.5224609375
2025-01-05 17:00:00,25,0.05,0,1,False,True,0.0,1.0,2206.6446899414063
2025-01-05 18:00:00,26,0.052,0,1,False,True,0.0,1.0,2214.976806640625
2025-01-05 19:00:00,33,0.066,1,2,True,True,1.0,1.0,2217.52294921875
2025-01-05 20:00:00,27,0.054,0,2,False,True,0.0,1.0,2214.12548828125
2025-01-05 21:00:00,26,0.052,0,1,False,True,0.0,1.0,2213.47021484375
2025-01-05 22:00:00,32,0.064,0,1,False,True,0.0,1.0,2212.114501953125
2025-01-05 23:00:00,25,0.05,0,2,False,True,0.0,1.0,2210.205773925781
2025-01-06 00:00:00,25,0.05,0,1,False,True,0.0,1.0,2171.4632934570313
2025-01-06 01:00:00,25,0.05,0,1,False,True,0.0,1.0,2180.247424316406
2025-01-06 02:00:00,25,0.05,0,1,False,True,0.0,1.0,2179.127197265625
2025-01-06 03:00:00,25,0.05,0,1,False,True,0.0,1.0,2174.539562988281
2025-01-06 04:00:00,28,0.056,0,2,False,True,0.0,1.0,2195.9375
2025-01-06 05:00:00,34,0.068,0,2,False,True,0.0,1.0,2186.740234375
2025-01-06 06:00:00,25,0.05,0,1,False,True,0.0,1.0,2213.201977539062
2025-01-06 07:00:00,29,0.058,0,1,False,True,0.0,1.0,2208.634033203125
2025-01-06 08:00:00,25,0.05,0,1,False,True,0.0,1.0,2193.78955078125
2025-01-06 09:00:00,25,0.05,0,2,False,True,0.0,1.0,2189.9594482421876
2025-01-06 10:00:00,26,0.052,0,1,False,True,0.0,1.0,2151.890380859375
2025-01-06 11:00:00,28,0.056,0,1,False,True,0.0,1.0,2148.6328125
2025-01-06 12:00:00,26,0.052,1,2,True,True,1.0,1.0,2146.83447265625
2025-01-06 13:00:00,25,0.05,1,2,True,True,1.0,1.0,2152.244775390625
2025-01-06 14:00:00,25,0.05,1,1,True,True,1.0,1.0,2177.9219970703125
2025-01-06 15:00:00,26,0.052,0,1,False,True,0.0,1.0,2179.327392578125
2025-01-06 16:00:00,27,0.054,0,1,False,True,0.0,1.0,2227.943115234375
2025-01-06 17:00:00,28,0.056,0,1,False,True,0.0,1.0,2227.938232421875
2025-01-06 18:00:00,25,0.05,0,2,False,True,0.0,1.0,2223.2757568359375
2025-01-06 19:00:00,31,0.062,0,2,False,True,0.0,1.0,2228.933837890625
2025-01-06 20:00:00,25,0.05,0,2,False,True,0.0,1.0,2220.952001953125
2025-01-06 21:00:00,25,0.05,0,1,False,True,0.0,1.0,2211.3438720703125
2025-01-06 22:00:00,25,0.05,0,1,False,True,0.0,1.0,2223.9009765625
2025-01-06 23:00:00,25,0.05,0,2,False,True,0.0,1.0,2223.131945800781
2025-01-07 00:00:00,25,0.05,0,2,False,True,0.0,1.0,2212.4453369140624
2025-01-07 01:00:00,25,0.05,0,1,False,True,0.0,1.0,2224.507080078125
2025-01-07 02:00:00,27,0.054,0,2,False,True,0.0,1.0,2229.25830078125
2025-01-07 03:00:00,27,0.054,0,1,False,True,0.0,1.0,2229.387939453125
2025-01-07 04:00:00,29,0.058,1,2,True,True,1.0,1.0,2223.9072265625
2025-01-07 05:00:00,25,0.05,0,1,False,True,0.0,1.0,2221.607958984375
2025-01-07 06:00:00,27,0.054,0,1,False,True,0.0,1.0,2223.593994140625
2025-01-07 07:00:00,25,0.05,0,2,False,True,0.0,1.0,2222.3911010742186
2025-01-07 08:00:00,25,0.05,0,1,False,True,0.0,1.0,2221.28583984375
2025-01-07 09:00:00,25,0.05,0,3,False,True,0.0,1.0,2192.7819580078126
2025-01-07 10:00:00,26,0.052,0,2,False,True,0.0,1.0,2189.70361328125
2025-01-07 11:00:00,28,0.056,0,1,False,True,0.0,1.0,2185.85986328125
2025-01-07 12:00:00,26,0.052,0,1,False,True,0.0,1.0,2185.554443359375
2025-01-07 13:00:00,26,0.052,0,1,False,True,0.0,1.0,2188.07958984375
2025-01-07 14:00:00,25,0.05,0,2,False,True,0.0,1.0,2182.5139892578127
2025-01-07 15:00:00,25,0.05,0,2,False,True,0.0,1.0,2181.0195190429686
2025-01-07 16:00:00,25,0.05,0,1,False,True,0.0,1.0,2199.150244140625
2025-01-07 17:00:00,25,0.05,0,1,False,True,0.0,1.0,2199.168908691406
2025-01-07 18:00:00,25,0.05,1,1,True,True,1.0,1.0,2184.985803222656
2025-01-07 19:00:00,28,0.056,0,2,False,True,0.0,1.0,2189.125732421875
2025-01-07 20:00:00,25,0.05,0,1,False,True,0.0,1.0,2186.8642578125
2025-01-07 21:00:00,25,0.05,0,2,False,True,0.0,1.0,2187.673779296875
2025-01-07 22:00:00,25,0.05,0,1,False,True,0.0,1.0,2188.3694091796874
2025-01-07 23:00:00,25,0.05,0,1,False,True,0.0,1.0,2187.9567138671873
2025-01-08 00:00:00,25,0.05,0,1,False,True,0.0,1.0,2190.6071899414064
2025-01-08 01:00:00,26,0.052,0,1,False,True,0.0,1.0,2192.5693359375
2025-01-08 02:00:00,25,0.05,0,1,False,True,0.0,1.0,2189.8578247070313
2025-01-08 03:00:00,27,0.054,0,2,False,True,0.0,1.0,2192.3935546875
2025-01-08 04:00:00,25,0.05,0,1,False,True,0.0,1.0,2182.4901489257813
2025-01-08 05:00:00,27,0.054,0,2,False,True,0.0,1.0,2182.974853515625
2025-01-08 06:00:00,25,0.05,0,1,False,True,0.0,1.0,2182.0883666992186
2025-01-08 07:00:00,25,0.05,0,1,False,True,0.0,1.0,2181.127197265625
2025-01-08 08:00:00,25,0.05,1,1,True,True,1.0,1.0,2182.233984375
2025-01-08 09:00:00,25,0.05,0,2,False,True,0.0,1.0,2182.7299194335938
2025-01-08 10:00:00,25,0.05,0,2,False,True,0.0,1.0,2190.921032714844
2025-01-08 11:00:00,33,0.066,0,2,False,True,0.0,1.0,2164.63623046875
2025-01-08 12:00:00,45,0.09,0,2,False,True,0.0,1.0,2158.29541015625
2025-01-08 13:00:00,35,0.07,1,1,True,True,1.0,1.0,2159.25732421875
2025-01-08 14:00:00,29,0.058,0,1,False,True,0.0,1.0,2290.474609375
2025-01-08 15:00:00,25,0.05,0,2,False,True,0.0,1.0,2289.4706909179686
2025-01-08 16:00:00,25,0.05,0,2,False,True,0.0,1.0,2290.458532714844
2025-01-08 17:00:00,31,0.062,0,2,False,True,0.0,1.0,2289.652099609375
2025-01-08 18:00:00,25,0.05,0,1,False,True,0.0,1.0,2286.619494628906
2025-01-08 19:00:00,29,0.058,0,1,False,True,0.0,1.0,2288.41943359375
2025-01-08 20:00:00,28,0.056,0,2,False,True,0.0,1.0,2285.8349609375
2025-01-08 21:00:00,25,0.05,0,1,False,True,0.0,1.0,2284.2660522460938
2025-01-08 22:00:00,26,0.052,0,1,False,True,0.0,1.0,2282.438232421875
2025-01-08 23:00:00,26,0.052,0,1,False,True,0.0,1.0,2283.87744140625
2025-01-09 00:00:00,25,0.05,0,1,False,True,0.0,1.0,2276.4655883789064
2025-01-09 01:00:00,28,0.056,0,2,False,True,0.0,1.0,2277.323974609375
2025-01-09 02:00:00,25,0.05,0,2,False,True,0.0,1.0,2285.08876953125
2025-01-09 03:00:00,25,0.05,0,2,False,True,0.0,1.0,2275.7454833984375
2025-01-09 04:00:00,30,0.06,0,2,False,True,0.0,1.0,2287.11962890625
2025-01-09 05:00:00,30,0.06,0,1,False,True,0.0,1.0,2278.3935546875
2025-01-09 06:00:00,25,0.05,0,2,False,True,0.0,1.0,2276.288134765625
2025-01-09 07:00:00,30,0.06,0,1,False,True,0.0,1.0,2277.571044921875
2025-01-09 08:00:00,25,0.05,0,2,False,True,0.0,1.0,2279.5733642578125
2025-01-09 09:00:00,25,0.05,0,1,False,True,0.0,1.0,2278.157189941406
2025-01-09 10:00:00,25,0.05,0,2,False,True,0.0,1.0,2253.566198730469
2025-01-09 11:00:00,25,0.05,0,2,False,True,0.0,1.0,2254.446533203125
2025-01-09 12:00:00,26,0.052,0,2,False,True,0.0,1.0,2246.985107421875
2025-01-09 13:00:00,25,0.05,0,1,False,True,0.0,1.0,2265.5236938476564
2025-01-09 14:00:00,25,0.05,0,1,False,True,0.0,1.0,2254.3662719726562
2025-01-09 15:00:00,25,0.05,0,2,False,True,0.0,1.0,2245.1015014648438
2025-01-09 16:00:00,25,0.05,0,2,False,True,0.0,1.0,2247.5518310546877
2025-01-09 17:00:00,25,0.05,0,2,False,True,0.0,1.0,2246.99326171875
2025-01-09 18:00:00,25,0.05,0,2,False,True,0.0,1.0,2250.445178222656
2025-01-09 19:00:00,27,0.054,0,1,False,True,0.0,1.0,2250.634765625
2025-01-09 20:00:00,25,0.05,0,2,False,True,0.0,1.0,2250.9350341796876
2025-01-09 21:00:00,25,0.05,1,1,True,True,1.0,1.0,2250.8450927734375
2025-01-09 22:00:00,25,0.05,0,2,False,True,0.0,1.0,2249.5759521484374
2025-01-09 23:00:00,25,0.05,0,2,False,True,0.0,1.0,2249.486279296875
2025-01-10 00:00:00,25,0.05,0,2,False,True,0.0,1.0,2253.180700683594
2025-01-10 01:00:00,25,0.05,0,2,False,True,0.0,1.0,2246.345007324219
2025-01-10 02:00:00,25,0.05,0,2,False,True,0.0,1.0,2245.300732421875
2025-01-10 03:00:00,25,0.05,0,2,False,True,0.0,1.0,2248.4499633789064
2025-01-10 04:00:00,35,0.07,0,1,False,True,0.0,1.0,2246.078369140625
2025-01-10 05:00:00,29,0.058,0,1,False,True,0.0,1.0,2256.95166015625
2025-01-10 06:00:00,38,0.076,0,1,False,True,0.0,1.0,2261.69091796875
2025-01-10 07:00:00,25,0.05,0,2,False,True,0.0,1.0,2262.2615356445312
2025-01-10 08:00:00,25,0.05,0,1,False,True,0.0,1.0,2301.1852294921873
2025-01-10 09:00:00,27,0.054,1,2,True,True,1.0,1.0,2302.50927734375
2025-01-10 10:00:00,28,0.056,0,2,False,True,0.0,1.0,2308.002197265625
2025-01-10 11:00:00,26,0.052,0,1,False,True,0.0,1.0,2285.65185546875
2025-01-10 12:00:00,25,0.05,0,2,False,True,0.0,1.0,2252.8326171875
2025-01-10 13:00:00,28,0.056,0,1,False,True,0.0,1.0,2228.372314453125
2025-01-10 14:00:00,25,0.05,0,1,False,True,0.0,1.0,2208.9744384765627
2025-01-10 15:00:00,30,0.06,0,1,False,True,0.0,1.0,2183.922119140625
2025-01-10 16:00:00,25,0.05,0,2,False,True,0.0,1.0,2102.8581665039064
2025-01-10 17:00:00,500,1.0,5,5,True,True,1.0,1.0,2000.0
2025-01-10 18:00:00,500,1.0,5,5,True,True,1.0,1.0,1888.0
2025-01-10 19:00:00,33,0.066,0,1,False,True,0.0,1.0,1788.8721923828125
2025-01-10 20:00:00,25,0.05,0,1,False,True,0.0,1.0,1789.8868286132813
2025-01-10 21:00:00,25,0.05,0,2,False,True,0.0,1.0,1788.3846801757813
2025-01-10 22:00:00,28,0.056,0,1,False,True,0.0,1.0,1788.8599853515625
2025-01-10 23:00:00,25,0.05,1,2,True,True,1.0,1.0,1787.5563354492188
2025-01-11 00:00:00,25,0.05,0,2,False,True,0.0,1.0,1787.091082763672
2025-01-11 01:00:00,25,0.05,0,1,False,True,0.0,1.0,1786.9545776367188
2025-01-11 02:00:00,25,0.05,0,1,False,True,0.0,1.0,1788.3024841308593
2025-01-11 03:00:00,30,0.06,0,1,False,True,0.0,1.0,1789.7906494140625
2025-01-11 04:00:00,27,0.054,0,1,False,True,0.0,1.0,1791.85400390625
2025-01-11 05:00:00,25,0.05,0,1,False,True,0.0,1.0,1794.9200012207032
2025-01-11 06:00:00,27,0.054,0,2,False,True,0.0,1.0,1797.21923828125
2025-01-11 07:00:00,25,0.05,0,1,False,True,0.0,1.0,1793.01982421875
2025-01-11 08:00:00,26,0.052,0,1,False,True,0.0,1.0,1797.597900390625
2025-01-11 09:00:00,25,0.05,0,2,False,True,0.0,1.0,1795.1873413085937
2025-01-11 10:00:00,25,0.05,0,1,False,True,0.0,1.0,1778.9853454589843
2025-01-11 11:00:00,29,0.058,0,1,False,True,0.0,1.0,1785.364990234375
2025-01-11 12:00:00,25,0.05,0,1,False,True,0.0,1.0,1787.0329223632812
2025-01-11 13:00:00,25,0.05,0,1,False,True,0.0,1.0,1788.9258972167968
2025-01-11 14:00:00,25,0.05,0,1,False,True,0.0,1.0,1786.4079040527345
2025-01-11 15:00:00,29,0.058,0,2,False,True,0.0,1.0,1775.8377685546875
2025-01-11 16:00:00,25,0.05,0,2,False,True,0.0,1.0,1713.473565673828
2025-01-11 17:00:00,500,1.0,5,5,True,True,1.0,1.0,1688.0
2025-01-11 18:00:00,500,1.0,5,5,True,True,1.0,1.0,1688.0
2025-01-11 19:00:00,500,1.0,5,5,True,True,1.0,1.0,1600.0
2025-01-11 20:00:00,500,1.0,5,5,True,True,1.0,1.0,1591.0
2025-01-11 21:00:00,500,1.0,5,5,True,True,1.0,1.0,1591.0
2025-01-11 22:00:00,500,1.0,5,5,True,True,1.0,1.0,1591.0
2025-01-11 23:00:00,500,1.0,5,5,True,True,1.0,1.0,1591.0
2025-01-12 00:00:00,500,1.0,5,5,True,True,1.0,1.0,1591.0
2025-01-12 01:00:00,500,1.0,5,5,True,True,1.0,1.0,1591.0
2025-01-12 02:00:00,500,1.0,5,5,True,True,1.0,1.0,1591.0
2025-01-12 03:00:00,500,1.0,5,5,True,True,1.0,1.0,1591.0
2025-01-12 04:00:00,500,1.0,5,5,True,True,1.0,1.0,1591.0
2025-01-12 05:00:00,500,1.0,5,5,True,True,1.0,1.0,1591.0
2025-01-12 06:00:00,500,1.0,5,5,True,True,1.0,1.0,1591.0
2025-01-12 07:00:00,500,1.0,5,5,True,True,1.0,1.0,1591.0
2025-01-12 08:00:00,25,0.05,0,2,False,True,0.0,1.0,1640.7579650878906
2025-01-12 09:00:00,27,0.054,0,1,False,True,0.0,1.0,1661.592041015625
2025-01-12 10:00:00,47,0.094,0,2,False,True,0.0,1.0,1657.9490966796875
2025-01-12 11:00:00,26,0.052,0,2,False,True,0.0,1.0,1663.62548828125
2025-01-12 12:00:00,29,0.058,0,1,False,True,0.0,1.0,1668.542724609375
2025-01-12 13:00:00,25,0.05,0,1,False,True,0.0,1.0,1760.2450927734374
2025-01-12 14:00:00,27,0.054,1,2,True,True,1.0,1.0,1955.892333984375
2025-01-12 15:00:00,28,0.056,0,1,False,True,0.0,1.0,1984.5618896484375
2025-01-12 16:00:00,29,0.058,0,1,False,True,0.0,1.0,2146.19775390625
2025-01-12 17:00:00,28,0.056,0,1,False,True,0.0,1.0,2191.709228515625
2025-01-12 18:00:00,25,0.05,0,1,False,True,0.0,1.0,2187.224255371094
2025-01-12 19:00:00,36,0.072,0,1,False,True,0.0,1.0,2192.4169921875
2025-01-12 20:00:00,25,0.05,0,1,False,True,0.0,1.0,2184.770947265625
2025-01-12 21:00:00,25,0.05,0,2,False,True,0.0,1.0,2190.5897705078123
2025-01-12 22:00:00,25,0.05,0,1,False,True,0.0,1.0,2191.035986328125
2025-01-12 23:00:00,25,0.05,0,1,False,True,0.0,1.0,2188.895556640625
2025-01-13 00:00:00,25,0.05,0,1,False,True,0.0,1.0,2189.6304565429687
2025-01-13 01:00:00,25,0.05,0,1,False,True,0.0,1.0,2191.8115234375
2025-01-13 02:00:00,26,0.052,0,1,False,True,0.0,1.0,2194.375
2025-01-13 03:00:00,25,0.05,0,1,False,True,0.0,1.0,2192.1321533203127
2025-01-13 04:00:00,27,0.054,0,2,False,True,0.0,1.0,2194.375
2025-01-13 05:00:00,30,0.06,0,1,False,True,0.0,1.0,2188.878173828125
2025-01-13 06:00:00,30,0.06,0,1,False,True,0.0,1.0,2189.010498046875
2025-01-13 07:00:00,25,0.05,0,1,False,True,0.0,1.0,2186.808447265625
2025-01-13 08:00:00,27,0.054,0,1,False,True,0.0,1.0,2189.111572265625
2025-01-13 09:00:00,26,0.052,0,1,False,True,0.0,1.0,2188.978271484375
2025-01-13 10:00:00,32,0.064,0,1,False,True,0.0,1.0,2188.96142578125
2025-01-13 11:00:00,25,0.05,0,2,False,True,0.0,1.0,2169.009716796875
2025-01-13 12:00:00,32,0.064,1,2,True,True,1.0,1.0,2170.256591796875
2025-01-13 13:00:00,34,0.068,0,1,False,True,0.0,1.0,2171.925048828125
2025-01-13 14:00:00,25,0.05,0,2,False,True,0.0,1.0,2151.552941894531
2025-01-13 15:00:00,32,0.064,0,1,False,True,0.0,1.0,2151.40869140625
2025-01-13 16:00:00,32,0.064,0,1,False,True,0.0,1.0,2151.6083984375
2025-01-13 17:00:00,500,1.0,5,5,True,True,1.0,1.0,2081.0
2025-01-13 18:00:00,500,1.0,5,5,True,True,1.0,1.0,1959.0
2025-01-13 19:00:00,36,0.072,0,2,False,True,0.0,1.0,1910.25244140625
2025-01-13 20:00:00,38,0.076,0,2,False,True,0.0,1.0,1908.25732421875
2025-01-13 21:00:00,37,0.074,0,2,False,True,0.0,1.0,1911.2628173828125
2025-01-13 22:00:00,33,0.066,0,2,False,True,0.0,1.0,1910.76025390625
2025-01-13 23:00:00,27,0.054,0,2,False,True,0.0,1.0,1918.37109375
2025-01-14 00:00:00,25,0.05,0,2,False,True,0.0,1.0,1903.608416748047
2025-01-14 01:00:00,52,0.104,0,3,False,True,0.0,1.0,1904.199951171875
2025-01-14 02:00:00,29,0.058,0,1,False,True,0.0,1.0,1907.2471923828125
2025-01-14 03:00:00,37,0.074,0,2,False,True,0.0,1.0,1908.3292236328125
2025-01-14 04:00:00,25,0.05,0,2,False,True,0.0,1.0,1894.0031372070312
2025-01-14 05:00:00,33,0.066,0,1,False,True,0.0,1.0,1890.20361328125
2025-01-14 06:00:00,25,0.05,0,2,False,True,0.0,1.0,1902.2318908691407
2025-01-14 07:00:00,25,0.05,0,1,False,True,0.0,1.0,1904.7939697265624
2025-01-14 08:00:00,32,0.064,0,1,False,True,0.0,1.0,1907.220947265625
2025-01-14 09:00:00,30,0.06,0,2,False,True,0.0,1.0,1907.849365234375
2025-01-14 10:00:00,25,0.05,0,1,False,True,0.0,1.0,1875.1957153320313
2025-01-14 11:00:00,25,0.05,0,1,False,True,0.0,1.0,1990.848303222656
2025-01-14 12:00:00,25,0.05,0,2,False,True,0.0,1.0,2049.5996337890624
2025-01-14 13:00:00,32,0.064,0,1,False,True,0.0,1.0,2107.0
2025-01-14 14:00:00,25,0.05,0,1,False,True,0.0,1.0,2132.692138671875
2025-01-14 15:00:00,25,0.05,0,2,False,True,0.0,1.0,2136.934533691406
2025-01-14 16:00:00,25,0.05,0,2,False,True,0.0,1.0,2141.426892089844
2025-01-14 17:00:00,25,0.05,0,2,False,True,0.0,1.0,2141.965441894531
2025-01-14 18:00:00,25,0.05,0,1,False,True,0.0,1.0,2147.3663940429688
2025-01-14 19:00:00,28,0.056,0,1,False,True,0.0,1.0,2147.589599609375
2025-01-14 20:00:00,28,0.056,0,3,False,True,0.0,1.0,2147.292236328125
2025-01-14 21:00:00,25,0.05,0,1,False,True,0.0,1.0,2142.9205810546873
2025-01-14 22:00:00,27,0.054,0,2,False,True,0.0,1.0,2142.007080078125
2025-01-14 23:00:00,25,0.05,0,1,False,True,0.0,1.0,2146.1011596679687
2025-01-15 00:00:00,25,0.05,0,2,False,True,0.0,1.0,2141.465625
2025-01-15 01:00:00,25,0.05,0,1,False,True,0.0,1.0,2143.9946166992186
2025-01-15 02:00:00,26,0.052,0,1,False,True,0.0,1.0,2127.83251953125
2025-01-15 03:00:00,26,0.052,0,1,False,True,0.0,1.0,2110.28173828125
2025-01-15 04:00:00,25,0.05,0,1,False,True,0.0,1.0,2123.8690673828123
2025-01-15 05:00:00,25,0.05,0,2,False,True,0.0,1.0,2122.1759521484373
2025-01-15 06:00:00,27,0.054,0,1,False,True,0.0,1.0,2115.96728515625
2025-01-15 07:00:00,25,0.05,0,2,False,True,0.0,1.0,2144.85625
2025-01-15 08:00:00,25,0.05,0,2,False,True,0.0,1.0,2163.0272705078123
2025-01-15 09:00:00,28,0.056,0,2,False,True,0.0,1.0,2151.9609375
2025-01-15 10:00:00,25,0.05,1,1,True,True,1.0,1.0,2157.8116943359373
2025-01-15 11:00:00,27,0.054,0,2,False,True,0.0,1.0,2179.111328125
2025-01-15 12:00:00,25,0.05,1,2,True,True,1.0,1.0,2181.082568359375
2025-01-15 13:00:00,26,0.052,0,2,False,True,0.0,1.0,2173.171142578125
2025-01-15 14:00:00,25,0.05,0,1,False,True,0.0,1.0,2145.5391479492187
2025-01-15 15:00:00,25,0.05,0,1,False,True,0.0,1.0,2102.380334472656
2025-01-15 16:00:00,25,0.05,0,1,False,True,0.0,1.0,2097.7868896484374
2025-01-15 17:00:00,25,0.05,0,1,False,True,0.0,1.0,2098.971826171875
2025-01-15 18:00:00,25,0.05,0,1,False,True,0.0,1.0,2090.329833984375
2025-01-15 19:00:00,25,0.05,0,2,False,True,0.0,1.0,2096.2943603515623
2025-01-15 20:00:00,25,0.05,0,1,False,True,0.0,1.0,2096.1525268554688
2025-01-15 21:00:00,25,0.05,0,1,False,True,0.0,1.0,2096.7016723632814
2025-01-15 22:00:00,26,0.052,0,2,False,True,0.0,1.0,2098.553466796875
2025-01-15 23:00:00,25,0.05,0,1,False,True,0.0,1.0,2087.0817260742188
2025-01-16 00:00:00,29,0.058,0,2,False,True,0.0,1.0,2098.553466796875
2025-01-16 01:00:00,25,0.05,0,3,False,True,0.0,1.0,2093.0725830078127
2025-01-16 02:00:00,25,0.05,0,2,False,True,0.0,1.0,2097.7286743164063
2025-01-16 03:00:00,25,0.05,0,3,False,True,0.0,1.0,2095.282080078125
2025-01-16 04:00:00,25,0.05,0,1,False,True,0.0,1.0,2090.2565063476563
2025-01-16 05:00:00,25,0.05,0,1,False,True,0.0,1.0,2100.2455078125
2025-01-16 06:00:00,25,0.05,0,2,False,True,0.0,1.0,2100.623388671875
2025-01-16 07:00:00,29,0.058,0,1,False,True,0.0,1.0,2098.928466796875
2025-01-16 08:00:00,27,0.054,0,1,False,True,0.0,1.0,2103.07666015625
2025-01-16 09:00:00,31,0.062,0,1,False,True,0.0,1.0,2099.57275390625
2025-01-16 10:00:00,25,0.05,0,1,False,True,0.0,1.0,2091.644970703125
2025-01-16 11:00:00,26,0.052,0,1,False,True,0.0,1.0,2047.2938232421875
2025-01-16 12:00:00,25,0.05,0,1,False,True,0.0,1.0,2028.9825866699218
2025-01-16 13:00:00,25,0.05,0,1,False,True,0.0,1.0,2017.020666503906
2025-01-16 14:00:00,29,0.058,0,1,False,True,0.0,1.0,2054.58203125
2025-01-16 15:00:00,26,0.052,0,1,False,True,0.0,1.0,2057.301025390625
2025-01-16 16:00:00,30,0.06,0,1,False,True,0.0,1.0,2032.726318359375
2025-01-16 17:00:00,25,0.05,0,2,False,True,0.0,1.0,1954.9772888183593
2025-01-16 18:00:00,29,0.058,0,1,False,True,0.0,1.0,1954.57080078125
2025-01-16 19:00:00,25,0.05,0,1,False,True,0.0,1.0,1953.2685791015624
2025-01-16 20:00:00,25,0.05,0,3,False,True,0.0,1.0,1953.8903015136718
2025-01-16 21:00:00,25,0.05,0,1,False,True,0.0,1.0,1947.8851623535154
2025-01-16 22:00:00,27,0.054,0,1,False,True,0.0,1.0,1955.1021728515625
2025-01-16 23:00:00,27,0.054,0,2,False,True,0.0,1.0,1950.7496337890625
2025-01-17 00:00:00,35,0.07,0,1,False,True,0.0,1.0,1992.1044921875
2025-01-17 01:00:00,27,0.054,0,2,False,True,0.0,1.0,1987.9443359375
2025-01-17 02:00:00,28,0.056,0,1,False,True,0.0,1.0,1987.3924560546875
2025-01-17 03:00:00,25,0.05,0,1,False,True,0.0,1.0,1985.993341064453
2025-01-17 04:00:00,31,0.062,0,1,False,True,0.0,1.0,1987.2464599609375
2025-01-17 05:00:00,25,0.05,0,2,False,True,0.0,1.0,1984.4876831054687
2025-01-17 06:00:00,33,0.066,0,2,False,True,0.0,1.0,1953.18017578125
2025-01-17 07:00:00,25,0.05,0,2,False,True,0.0,1.0,1934.3160339355468
2025-01-17 08:00:00,26,0.052,0,3,False,True,0.0,1.0,1952.6802978515625
2025-01-17 09:00:00,25,0.05,0,2,False,True,0.0,1.0,1947.0973022460937
2025-01-17 10:00:00,25,0.05,0,2,False,True,0.0,1.0,1908.0363525390624
2025-01-17 11:00:00,28,0.056,0,1,False,True,0.0,1.0,1920.21533203125
2025-01-17 12:00:00,25,0.05,0,2,False,True,0.0,1.0,1924.7805297851562
2025-01-17 13:00:00,29,0.058,0,1,False,True,0.0,1.0,1903.7933349609375
2025-01-17 14:00:00,26,0.052,1,1,True,True,1.0,1.0,1891.0892333984375
2025-01-17 15:00:00,27,0.054,0,1,False,True,0.0,1.0,1888.8238525390625
2025-01-17 16:00:00,25,0.05,0,3,False,True,0.0,1.0,1885.440539550781
2025-01-17 17:00:00,500,1.0,5,5,True,True,1.0,1.0,1779.0
2025-01-17 18:00:00,500,1.0,5,5,True,True,1.0,1.0,1717.0
2025-01-17 19:00:00,500,1.0,5,5,True,True,1.0,1.0,1626.0
2025-01-17 20:00:00,500,1.0,5,5,True,True,1.0,1.0,1626.0
2025-01-17 21:00:00,500,1.0,5,5,True,True,1.0,1.0,1626.0
2025-01-17 22:00:00,500,1.0,5,5,True,True,1.0,1.0,1609.0
2025-01-17 23:00:00,25,0.05,0,1,False,True,0.0,1.0,1585.8440551757812
2025-01-18 00:00:00,39,0.078,0,1,False,True,0.0,1.0,1628.970703125
2025-01-18 01:00:00,25,0.05,0,2,False,True,0.0,1.0,1620.8730895996093
2025-01-18 02:00:00,28,0.056,0,1,False,True,0.0,1.0,1628.970703125
2025-01-18 03:00:00,27,0.054,0,1,False,True,0.0,1.0,1629.282470703125
2025-01-18 04:00:00,25,0.05,0,1,False,True,0.0,1.0,1621.6931457519531
2025-01-18 05:00:00,27,0.054,0,1,False,True,0.0,1.0,1638.656005859375
2025-01-18 06:00:00,25,0.05,0,3,False,True,0.0,1.0,1623.5763366699218
2025-01-18 07:00:00,30,0.06,1,2,True,True,1.0,1.0,1620.7664794921875
2025-01-18 08:00:00,31,0.062,0,1,False,True,0.0,1.0,1618.8890380859375
2025-01-18 09:00:00,26,0.052,0,1,False,True,0.0,1.0,1618.6810302734375
2025-01-18 10:00:00,25,0.05,0,1,False,True,0.0,1.0,1558.1817504882813
2025-01-18 11:00:00,500,1.0,5,5,True,True,1.0,1.0,1557.0
2025-01-18 12:00:00,500,1.0,5,5,True,True,1.0,1.0,1557.0
2025-01-18 13:00:00,500,1.0,5,5,True,True,1.0,1.0,1557.0
2025-01-18 14:00:00,27,0.054,1,1,True,True,1.0,1.0,1599.2164306640625
2025-01-18 15:00:00,34,0.068,0,1,False,True,0.0,1.0,1620.71044921875
2025-01-18 16:00:00,500,1.0,5,5,True,True,1.0,1.0,1557.0
2025-01-18 17:00:00,500,1.0,5,5,True,True,1.0,1.0,1557.0
2025-01-18 18:00:00,500,1.0,5,5,True,True,1.0,1.0,1553.0
2025-01-18 19:00:00,500,1.0,5,5,True,True,1.0,1.0,1553.0
2025-01-18 20:00:00,500,1.0,5,5,True,True,1.0,1.0,1553.0
2025-01-18 21:00:00,500,1.0,5,5,True,True,1.0,1.0,1553.0
2025-01-18 22:00:00,500,1.0,5,5,True,True,1.0,1.0,1553.0
2025-01-18 23:00:00,500,1.0,5,5,True,True,1.0,1.0,1553.0
2025-01-19 00:00:00,500,1.0,5,5,True,True,1.0,1.0,1553.0
2025-01-19 01:00:00,500,1.0,5,5,True,True,1.0,1.0,1553.0
2025-01-19 02:00:00,500,1.0,5,5,True,True,1.0,1.0,1553.0
2025-01-19 03:00:00,500,1.0,5,5,True,True,1.0,1.0,1553.0
2025-01-19 04:00:00,34,0.068,0,2,False,True,0.0,1.0,1567.0008544921875
2025-01-19 05:00:00,25,0.05,1,1,True,True,1.0,1.0,1561.7801452636718
2025-01-19 06:00:00,500,1.0,5,5,True,True,1.0,1.0,1553.0
2025-01-19 07:00:00,500,1.0,5,5,True,True,1.0,1.0,1553.0
2025-01-19 08:00:00,33,0.066,0,2,False,True,0.0,1.0,1618.0660400390625
2025-01-19 09:00:00,27,0.054,0,2,False,True,0.0,1.0,1645.5064697265625
2025-01-19 10:00:00,30,0.06,0,1,False,True,0.0,1.0,1741.346923828125
2025-01-19 11:00:00,37,0.074,0,2,False,True,0.0,1.0,1746.3736572265625
2025-01-19 12:00:00,25,0.05,0,2,False,True,0.0,1.0,1772.3332275390624
2025-01-19 13:00:00,25,0.05,0,2,False,True,0.0,1.0,1775.1464721679686
2025-01-19 14:00:00,33,0.066,0,2,False,True,0.0,1.0,1871.6395263671875
2025-01-19 15:00:00,25,0.05,0,2,False,True,0.0,1.0,1905.4268249511717
2025-01-19 16:00:00,25,0.05,1,1,True,True,1.0,1.0,1991.7314819335936
2025-01-19 17:00:00,30,0.06,0,1,False,True,0.0,1.0,1993.4942626953125
2025-01-19 18:00:00,33,0.066,0,1,False,True,0.0,1.0,1986.131103515625
2025-01-19 19:00:00,25,0.05,0,2,False,True,0.0,1.0,1984.9803833007813
2025-01-19 20:00:00,29,0.058,0,1,False,True,0.0,1.0,1986.044189453125
2025-01-19 21:00:00,35,0.07,0,2,False,True,0.0,1.0,1985.9678955078125
2025-01-19 22:00:00,25,0.05,0,1,False,True,0.0,1.0,1985.1
2025-01-19 23:00:00,25,0.05,0,1,False,True,0.0,1.0,1984.4135192871092
2025-01-20 00:00:00,28,0.056,0,1,False,True,0.0,1.0,1983.953125
2025-01-20 01:00:00,30,0.06,2,1,True,True,1.0,1.0,1983.9324951171875
2025-01-20 02:00:00,36,0.072,0,1,False,True,0.0,1.0,1983.9324951171875
2025-01-20 03:00:00,29,0.058,0,1,False,True,0.0,1.0,1983.846435546875
2025-01-20 04:00:00,27,0.054,0,1,False,True,0.0,1.0,1983.953857421875
2025-01-20 05:00:00,25,0.05,0,1,False,True,0.0,1.0,1987.9289489746093
2025-01-20 06:00:00,29,0.058,0,2,False,True,0.0,1.0,1987.6024169921875
2025-01-20 07:00:00,25,0.05,0,2,False,True,0.0,1.0,1983.3489624023437
2025-01-20 08:00:00,25,0.05,0,1,False,True,0.0,1.0,1980.5262634277344
2025-01-20 09:00:00,25,0.05,0,2,False,True,0.0,1.0,1974.3728332519531
2025-01-20 10:00:00,25,0.05,0,1,False,True,0.0,1.0,1978.085119628906
2025-01-20 11:00:00,40,0.08,1,2,True,True,1.0,1.0,1956.3829345703125
2025-01-20 12:00:00,25,0.05,1,1,True,True,1.0,1.0,1943.4183837890625
2025-01-20 13:00:00,25,0.05,0,1,False,True,0.0,1.0,1957.4214721679687
2025-01-20 14:00:00,25,0.05,0,1,False,True,0.0,1.0,1973.103430175781
2025-01-20 15:00:00,25,0.05,0,1,False,True,0.0,1.0,1960.8023498535156
2025-01-20 16:00:00,25,0.05,0,2,False,True,0.0,1.0,1972.0020812988282
2025-01-20 17:00:00,25,0.05,0,1,False,True,0.0,1.0,1882.8123718261718
2025-01-20 18:00:00,25,0.05,0,1,False,True,0.0,1.0,1867.1146850585938
2025-01-20 19:00:00,35,0.07,0,2,False,True,0.0,1.0,1884.17626953125
2025-01-20 20:00:00,27,0.054,0,1,False,True,0.0,1.0,1885.1417236328125
2025-01-20 21:00:00,25,0.05,0,2,False,True,0.0,1.0,1875.8170288085935
2025-01-20 22:00:00,27,0.054,0,1,False,True,0.0,1.0,1885.1541748046875
2025-01-20 23:00:00,25,0.05,0,1,False,True,0.0,1.0,1876.702880859375
2025-01-21 00:00:00,25,0.05,0,3,False,True,0.0,1.0,1884.2743408203125
2025-01-21 01:00:00,28,0.056,0,2,False,True,0.0,1.0,1885.0015869140625
2025-01-21 02:00:00,31,0.062,0,2,False,True,0.0,1.0,1884.9140625
2025-01-21 03:00:00,25,0.05,0,1,False,True,0.0,1.0,1873.1862976074217
2025-01-21 04:00:00,25,0.05,0,1,False,True,0.0,1.0,1868.474737548828
2025-01-21 05:00:00,25,0.05,0,1,False,True,0.0,1.0,1879.5249267578124
2025-01-21 06:00:00,25,0.05,0,1,False,True,0.0,1.0,1884.5764526367186
2025-01-21 07:00:00,25,0.05,1,1,True,True,1.0,1.0,1884.6384704589843
2025-01-21 08:00:00,25,0.05,1,1,True,True,1.0,1.0,1878.3796875
2025-01-21 09:00:00,30,0.06,0,3,False,True,0.0,1.0,1885.3480224609375
2025-01-21 10:00:00,27,0.054,0,2,False,True,0.0,1.0,1885.3480224609375
2025-01-21 11:00:00,25,0.05,1,1,True,True,1.0,1.0,1860.9103454589842
2025-01-21 12:00:00,28,0.056,0,2,False,True,0.0,1.0,1862.4356689453125
2025-01-21 13:00:00,25,0.05,1,1,True,True,1.0,1.0,1844.856134033203
2025-01-21 14:00:00,28,0.056,0,1,False,True,0.0,1.0,1830.2232666015625
2025-01-21 15:00:00,25,0.05,0,1,False,True,0.0,1.0,1942.4428649902343
2025-01-21 16:00:00,25,0.05,0,1,False,True,0.0,1.0,1964.1182800292968
2025-01-21 17:00:00,29,0.058,0,1,False,True,0.0,1.0,1964.917724609375
2025-01-21 18:00:00,25,0.05,0,1,False,True,0.0,1.0,1958.8385925292969
2025-01-21 19:00:00,25,0.05,0,1,False,True,0.0,1.0,1960.7527282714843
2025-01-21 20:00:00,30,0.06,0,3,False,True,0.0,1.0,1962.3878173828125
2025-01-21 21:00:00,28,0.056,0,1,False,True,0.0,1.0,1962.8843994140625
2025-01-21 22:00:00,25,0.05,0,1,False,True,0.0,1.0,1958.722882080078
2025-01-21 23:00:00,25,0.05,0,2,False,True,0.0,1.0,1962.309552001953
2025-01-22 00:00:00,25,0.05,0,1,False,True,0.0,1.0,1961.4451416015625
2025-01-22 01:00:00,26,0.052,0,2,False,True,0.0,1.0,1965.8541259765625
2025-01-22 02:00:00,30,0.06,0,2,False,True,0.0,1.0,1966.073486328125
2025-01-22 03:00:00,25,0.05,0,2,False,True,0.0,1.0,1963.097674560547
2025-01-22 04:00:00,25,0.05,0,2,False,True,0.0,1.0,1936.6631103515624
2025-01-22 05:00:00,30,0.06,0,2,False,True,0.0,1.0,1953.821044921875
2025-01-22 06:00:00,27,0.054,0,1,False,True,0.0,1.0,1944.414794921875
2025-01-22 07:00:00,25,0.05,0,1,False,True,0.0,1.0,1937.79072265625
2025-01-22 08:00:00,26,0.052,0,2,False,True,0.0,1.0,1949.0701904296875
2025-01-22 09:00:00,25,0.05,0,1,False,True,0.0,1.0,1932.7732910156249
2025-01-22 10:00:00,25,0.05,0,1,False,True,0.0,1.0,1950.0345458984375
2025-01-22 11:00:00,32,0.064,0,1,False,True,0.0,1.0,1937.71337890625
2025-01-22 12:00:00,29,0.058,0,2,False,True,0.0,1.0,1926.4910888671875
2025-01-22 13:00:00,25,0.05,1,1,True,True,1.0,1.0,1950.4857543945313
2025-01-22 14:00:00,30,0.06,1,1,True,True,1.0,1.0,1946.607421875
2025-01-22 15:00:00,26,0.052,0,1,False,True,0.0,1.0,1912.26171875
2025-01-22 16:00:00,28,0.056,0,1,False,True,0.0,1.0,1905.9405517578125
2025-01-22 17:00:00,500,1.0,5,5,True,True,1.0,1.0,1833.0
2025-01-22 18:00:00,26,0.052,0,1,False,True,0.0,1.0,1824.97216796875
2025-01-22 19:00:00,27,0.054,0,2,False,True,0.0,1.0,1822.331298828125
2025-01-22 20:00:00,25,0.05,0,2,False,True,0.0,1.0,1822.2666625976562
2025-01-22 21:00:00,28,0.056,0,1,False,True,0.0,1.0,1824.8021240234375
2025-01-22 22:00:00,31,0.062,0,1,False,True,0.0,1.0,1824.59375
2025-01-22 23:00:00,25,0.05,0,1,False,True,0.0,1.0,1820.2538146972656
2025-01-23 00:00:00,25,0.05,0,1,False,True,0.0,1.0,1829.8287170410156
2025-01-23 01:00:00,25,0.05,0,2,False,True,0.0,1.0,1829.4097717285156
2025-01-23 02:00:00,27,0.054,0,2,False,True,0.0,1.0,1830.70458984375
2025-01-23 03:00:00,27,0.054,0,1,False,True,0.0,1.0,1830.70458984375
2025-01-23 04:00:00,28,0.056,0,2,False,True,0.0,1.0,1828.170166015625
2025-01-23 05:00:00,25,0.05,0,1,False,True,0.0,1.0,1825.1713073730468
2025-01-23 06:00:00,25,0.05,0,2,False,True,0.0,1.0,1831.8495239257813
2025-01-23 07:00:00,25,0.05,0,1,False,True,0.0,1.0,1835.9497375488281
2025-01-23 08:00:00,25,0.05,0,2,False,True,0.0,1.0,1854.6842224121094
2025-01-23 09:00:00,36,0.072,0,1,False,True,0.0,1.0,1857.999755859375
2025-01-23 10:00:00,25,0.05,0,2,False,True,0.0,1.0,1872.1043273925782
2025-01-23 11:00:00,25,0.05,0,1,False,True,0.0,1.0,1850.5275939941407
2025-01-23 12:00:00,33,0.066,0,2,False,True,0.0,1.0,1811.491455078125
2025-01-23 13:00:00,25,0.05,0,1,False,True,0.0,1.0,1807.4893737792968
2025-01-23 14:00:00,25,0.05,0,3,False,True,0.0,1.0,1765.2960327148437
2025-01-23 15:00:00,29,0.058,0,1,False,True,0.0,1.0,1689.3004150390625
2025-01-23 16:00:00,32,0.064,0,1,False,True,0.0,1.0,1690.170654296875
2025-01-23 17:00:00,500,1.0,5,5,True,True,1.0,1.0,1635.0
2025-01-23 18:00:00,500,1.0,5,5,True,True,1.0,1.0,1567.0
2025-01-23 19:00:00,500,1.0,5,5,True,True,1.0,1.0,1449.0
2025-01-23 20:00:00,500,1.0,5,5,True,True,1.0,1.0,1402.0
2025-01-23 21:00:00,500,1.0,5,5,True,True,1.0,1.0,1372.0
2025-01-23 22:00:00,500,1.0,5,5,True,True,1.0,1.0,1359.0
2025-01-23 23:00:00,500,1.0,5,5,True,True,1.0,1.0,1316.0
2025-01-24 00:00:00,26,0.052,0,1,False,True,0.0,1.0,1302.6116943359375
2025-01-24 01:00:00,32,0.064,0,1,False,True,0.0,1.0,1302.5718994140625
2025-01-24 02:00:00,25,0.05,0,1,False,True,0.0,1.0,1291.2556701660155
2025-01-24 03:00:00,25,0.05,0,2,False,True,0.0,1.0,1299.2474060058594
2025-01-24 04:00:00,25,0.05,0,2,False,True,0.0,1.0,1295.352276611328
2025-01-24 05:00:00,25,0.05,0,1,False,True,0.0,1.0,1301.0771362304688
2025-01-24 06:00:00,25,0.05,0,1,False,True,0.0,1.0,1298.8671081542968
2025-01-24 07:00:00,25,0.05,0,2,False,True,0.0,1.0,1299.4245727539062
2025-01-24 08:00:00,30,0.06,0,2,False,True,0.0,1.0,1301.58740234375
2025-01-24 09:00:00,26,0.052,0,1,False,True,0.0,1.0,1301.290771484375
2025-01-24 10:00:00,25,0.05,0,1,False,True,0.0,1.0,1295.9363403320312
2025-01-24 11:00:00,25,0.05,0,1,False,True,0.0,1.0,1291.5271667480467
2025-01-24 12:00:00,26,0.052,0,2,False,True,0.0,1.0,1292.180419921875
2025-01-24 13:00:00,25,0.05,0,1,False,True,0.0,1.0,1280.0520996093749
2025-01-24 14:00:00,500,1.0,5,5,True,True,1.0,1.0,1280.0
2025-01-24 15:00:00,500,1.0,5,5,True,True,1.0,1.0,1280.0
2025-01-24 16:00:00,500,1.0,5,5,True,True,1.0,1.0,1280.0
2025-01-24 17:00:00,500,1.0,5,5,True,True,1.0,1.0,1280.0
2025-01-24 18:00:00,500,1.0,5,5,True,True,1.0,1.0,1258.0
2025-01-24 19:00:00,500,1.0,5,5,True,True,1.0,1.0,1253.0
2025-01-24 20:00:00,500,1.0,5,5,True,True,1.0,1.0,1253.0
2025-01-24 21:00:00,500,1.0,5,5,True,True,1.0,1.0,1253.0
2025-01-24 22:00:00,500,1.0,5,5,True,True,1.0,1.0,1226.0
2025-01-24 23:00:00,500,1.0,5,5,True,True,1.0,1.0,1198.0
2025-01-25 00:00:00,500,1.0,5,5,True,True,1.0,1.0,1170.0
2025-01-25 01:00:00,500,1.0,5,5,True,True,1.0,1.0,1170.0
2025-01-25 02:00:00,500,1.0,5,5,True,True,1.0,1.0,1170.0
2025-01-25 03:00:00,500,1.0,5,5,True,True,1.0,1.0,1170.0
2025-01-25 04:00:00,500,1.0,5,5,True,True,1.0,1.0,1170.0
2025-01-25 05:00:00,500,1.0,5,5,True,True,1.0,1.0,1170.0
2025-01-25 06:00:00,500,1.0,5,5,True,True,1.0,1.0,1170.0
2025-01-25 07:00:00,500,1.0,5,5,True,True,1.0,1.0,1170.0
2025-01-25 08:00:00,500,1.0,5,5,True,True,1.0,1.0,1170.0
2025-01-25 09:00:00,500,1.0,5,5,True,True,1.0,1.0,1170.0
2025-01-25 10:00:00,500,1.0,5,5,True,True,1.0,1.0,1170.0
2025-01-25 11:00:00,500,1.0,5,5,True,True,1.0,1.0,1170.0
2025-01-25 12:00:00,500,1.0,5,5,True,True,1.0,1.0,1170.0
2025-01-25 13:00:00,500,1.0,5,5,True,True,1.0,1.0,1170.0
2025-01-25 14:00:00,500,1.0,5,5,True,True,1.0,1.0,1170.0
2025-01-25 15:00:00,500,1.0,5,5,True,True,1.0,1.0,1170.0
2025-01-25 16:00:00,500,1.0,5,5,True,True,1.0,1.0,1170.0
2025-01-25 17:00:00,500,1.0,5,5,True,True,1.0,1.0,1170.0
2025-01-25 18:00:00,500,1.0,5,5,True,True,1.0,1.0,1170.0
2025-01-25 19:00:00,500,1.0,5,5,True,True,1.0,1.0,1170.0
2025-01-25 20:00:00,500,1.0,5,5,True,True,1.0,1.0,1170.0
2025-01-25 21:00:00,500,1.0,5,5,True,True,1.0,1.0,1170.0
2025-01-25 22:00:00,500,1.0,5,5,True,True,1.0,1.0,1170.0
2025-01-25 23:00:00,500,1.0,5,5,True,True,1.0,1.0,1170.0
2025-01-26 00:00:00,500,1.0,5,5,True,True,1.0,1.0,1170.0
2025-01-26 01:00:00,500,1.0,5,5,True,True,1.0,1.0,1170.0
2025-01-26 02:00:00,500,1.0,5,5,True,True,1.0,1.0,1170.0
2025-01-26 03:00:00,500,1.0,5,5,True,True,1.0,1.0,1170.0
2025-01-26 04:00:00,500,1.0,5,5,True,True,1.0,1.0,1170.0
2025-01-26 05:00:00,500,1.0,5,5,True,True,1.0,1.0,1170.0
2025-01-26 06:00:00,500,1.0,5,5,True,True,1.0,1.0,1170.0
2025-01-26 07:00:00,500,1.0,5,5,True,True,1.0,1.0,1170.0
2025-01-26 08:00:00,500,1.0,5,5,True,True,1.0,1.0,1170.0
2025-01-26 09:00:00,500,1.0,5,5,True,True,1.0,1.0,1170.0
2025-01-26 10:00:00,500,1.0,5,5,True,True,1.0,1.0,1170.0
2025-01-26 11:00:00,500,1.0,5,5,True,True,1.0,1.0,1170.0
2025-01-26 12:00:00,500,1.0,5,5,True,True,1.0,1.0,1170.0
2025-01-26 13:00:00,500,1.0,5,5,True,True,1.0,1.0,1170.0
2025-01-26 14:00:00,500,1.0,5,5,True,True,1.0,1.0,1170.0
2025-01-26 15:00:00,500,1.0,5,5,True,True,1.0,1.0,1170.0
2025-01-26 16:00:00,500,1.0,5,5,True,True,1.0,1.0,1170.0
2025-01-26 17:00:00,500,1.0,5,5,True,True,1.0,1.0,1170.0
2025-01-26 18:00:00,500,1.0,5,5,True,True,1.0,1.0,1170.0
2025-01-26 19:00:00,500,1.0,5,5,True,True,1.0,1.0,1170.0
2025-01-26 20:00:00,500,1.0,5,5,True,True,1.0,1.0,1170.0
2025-01-26 21:00:00,500,1.0,5,5,True,True,1.0,1.0,1170.0
2025-01-26 22:00:00,500,1.0,5,5,True,True,1.0,1.0,1161.0
2025-01-26 23:00:00,500,1.0,5,5,True,True,1.0,1.0,1161.0
2025-01-27 00:00:00,500,1.0,5,5,True,True,1.0,1.0,1155.0
2025-01-27 01:00:00,500,1.0,5,5,True,True,1.0,1.0,1155.0
2025-01-27 02:00:00,500,1.0,5,5,True,True,1.0,1.0,1155.0
2025-01-27 03:00:00,500,1.0,5,5,True,True,1.0,1.0,1155.0
2025-01-27 04:00:00,500,1.0,5,5,True,True,1.0,1.0,1155.0
2025-01-27 05:00:00,500,1.0,5,5,True,True,1.0,1.0,1155.0
2025-01-27 06:00:00,500,1.0,5,5,True,True,1.0,1.0,1155.0
2025-01-27 07:00:00,500,1.0,5,5,True,True,1.0,1.0,1155.0
2025-01-27 08:00:00,500,1.0,5,5,True,True,1.0,1.0,1155.0
2025-01-27 09:00:00,500,1.0,5,5,True,True,1.0,1.0,1155.0
2025-01-27 10:00:00,500,1.0,5,5,True,True,1.0,1.0,1155.0
2025-01-27 11:00:00,500,1.0,5,5,True,True,1.0,1.0,1155.0
2025-01-27 12:00:00,500,1.0,5,5,True,True,1.0,1.0,1155.0
2025-01-27 13:00:00,500,1.0,5,5,True,True,1.0,1.0,1155.0
2025-01-27 14:00:00,500,1.0,5,5,True,True,1.0,1.0,1155.0
2025-01-27 15:00:00,500,1.0,5,5,True,True,1.0,1.0,1155.0
2025-01-27 16:00:00,500,1.0,5,5,True,True,1.0,1.0,1155.0
2025-01-27 17:00:00,500,1.0,5,5,True,True,1.0,1.0,1155.0
2025-01-27 18:00:00,500,1.0,5,5,True,True,1.0,1.0,1155.0
2025-01-27 19:00:00,500,1.0,5,5,True,True,1.0,1.0,1155.0
2025-01-27 20:00:00,500,1.0,5,5,True,True,1.0,1.0,1155.0
2025-01-27 21:00:00,500,1.0,5,5,True,True,1.0,1.0,1155.0
2025-01-27 22:00:00,500,1.0,5,5,True,True,1.0,1.0,1136.0
2025-01-27 23:00:00,500,1.0,5,5,True,True,1.0,1.0,1127.0
2025-01-28 00:00:00,500,1.0,5,5,True,True,1.0,1.0,1110.0
2025-01-28 01:00:00,500,1.0,5,5,True,True,1.0,1.0,1084.0
2025-01-28 02:00:00,500,1.0,5,5,True,True,1.0,1.0,1084.0
2025-01-28 03:00:00,500,1.0,5,5,True,True,1.0,1.0,1084.0
2025-01-28 04:00:00,500,1.0,5,5,True,True,1.0,1.0,1084.0
2025-01-28 05:00:00,500,1.0,5,5,True,True,1.0,1.0,1084.0
2025-01-28 06:00:00,500,1.0,5,5,True,True,1.0,1.0,1084.0
2025-01-28 07:00:00,500,1.0,5,5,True,True,1.0,1.0,1084.0
2025-01-28 08:00:00,500,1.0,5,5,True,True,1.0,1.0,1084.0
2025-01-28 09:00:00,500,1.0,5,5,True,True,1.0,1.0,1084.0
2025-01-28 10:00:00,500,1.0,5,5,True,True,1.0,1.0,1084.0
2025-01-28 11:00:00,500,1.0,5,5,True,True,1.0,1.0,1084.0
2025-01-28 12:00:00,500,1.0,5,5,True,True,1.0,1.0,1084.0
2025-01-28 13:00:00,500,1.0,5,5,True,True,1.0,1.0,1084.0
2025-01-28 14:00:00,500,1.0,5,5,True,True,1.0,1.0,1084.0
2025-01-28 15:00:00,500,1.0,5,5,True,True,1.0,1.0,1084.0
2025-01-28 16:00:00,500,1.0,5,5,True,True,1.0,1.0,1084.0
2025-01-28 17:00:00,500,1.0,5,5,True,True,1.0,1.0,1084.0
2025-01-28 18:00:00,500,1.0,5,5,True,True,1.0,1.0,1084.0
2025-01-28 19:00:00,500,1.0,5,5,True,True,1.0,1.0,1084.0
2025-01-28 20:00:00,500,1.0,5,5,True,True,1.0,1.0,1083.0
2025-01-28 21:00:00,500,1.0,5,5,True,True,1.0,1.0,1083.0
2025-01-28 22:00:00,500,1.0,5,5,True,True,1.0,1.0,1086.0
2025-01-28 23:00:00,500,1.0,5,5,True,True,1.0,1.0,1086.0
2025-01-29 00:00:00,500,1.0,5,5,True,True,1.0,1.0,1086.0
2025-01-29 01:00:00,500,1.0,5,5,True,True,1.0,1.0,1086.0
2025-01-29 02:00:00,500,1.0,5,5,True,True,1.0,1.0,1086.0
2025-01-29 03:00:00,500,1.0,5,5,True,True,1.0,1.0,1086.0
2025-01-29 04:00:00,500,1.0,5,5,True,True,1.0,1.0,1086.0
2025-01-29 05:00:00,500,1.0,5,5,True,True,1.0,1.0,1086.0
2025-01-29 06:00:00,500,1.0,5,5,True,True,1.0,1.0,1086.0
2025-01-29 07:00:00,500,1.0,5,5,True,True,1.0,1.0,1086.0
2025-01-29 08:00:00,500,1.0,5,5,True,True,1.0,1.0,1086.0
2025-01-29 09:00:00,500,1.0,5,5,True,True,1.0,1.0,1086.0
2025-01-29 10:00:00,500,1.0,5,5,True,True,1.0,1.0,1086.0
2025-01-29 11:00:00,500,1.0,5,5,True,True,1.0,1.0,1086.0
2025-01-29 12:00:00,500,1.0,5,5,True,True,1.0,1.0,1086.0
2025-01-29 13:00:00,500,1.0,5,5,True,True,1.0,1.0,1086.0
2025-01-29 14:00:00,500,1.0,5,5,True,True,1.0,1.0,1086.0
2025-01-29 15:00:00,500,1.0,5,5,True,True,1.0,1.0,1086.0
2025-01-29 16:00:00,500,1.0,5,5,True,True,1.0,1.0,1086.0
2025-01-29 17:00:00,500,1.0,5,5,True,True,1.0,1.0,1086.0
2025-01-29 18:00:00,500,1.0,5,5,True,True,1.0,1.0,1086.0
2025-01-29 19:00:00,500,1.0,5,5,True,True,1.0,1.0,1086.0
2025-01-29 20:00:00,500,1.0,5,5,True,True,1.0,1.0,1086.0
2025-01-29 21:00:00,500,1.0,5,5,True,True,1.0,1.0,1086.0
2025-01-29 22:00:00,500,1.0,5,5,True,True,1.0,1.0,1084.0
2025-01-29 23:00:00,500,1.0,5,5,True,True,1.0,1.0,1084.0
2025-01-30 00:00:00,500,1.0,5,5,True,True,1.0,1.0,1080.0
2025-01-30 01:00:00,500,1.0,5,5,True,True,1.0,1.0,1080.0
2025-01-30 02:00:00,500,1.0,5,5,True,True,1.0,1.0,1080.0
2025-01-30 03:00:00,500,1.0,5,5,True,True,1.0,1.0,1080.0
2025-01-30 04:00:00,500,1.0,5,5,True,True,1.0,1.0,1080.0
2025-01-30 05:00:00,500,1.0,5,5,True,True,1.0,1.0,1080.0
2025-01-30 06:00:00,500,1.0,5,5,True,True,1.0,1.0,1080.0
2025-01-30 07:00:00,500,1.0,5,5,True,True,1.0,1.0,1080.0
2025-01-30 08:00:00,500,1.0,5,5,True,True,1.0,1.0,1080.0
2025-01-30 09:00:00,500,1.0,5,5,True,True,1.0,1.0,1080.0
2025-01-30 10:00:00,500,1.0,5,5,True,True,1.0,1.0,1080.0
2025-01-30 11:00:00,500,1.0,5,5,True,True,1.0,1.0,1080.0
2025-01-30 12:00:00,500,1.0,5,5,True,True,1.0,1.0,1080.0
2025-01-30 13:00:00,500,1.0,5,5,True,True,1.0,1.0,1080.0
2025-01-30 14:00:00,500,1.0,5,5,True,True,1.0,1.0,1080.0
2025-01-30 15:00:00,500,1.0,5,5,True,True,1.0,1.0,1080.0
2025-01-30 16:00:00,500,1.0,5,5,True,True,1.0,1.0,1080.0
2025-01-30 17:00:00,500,1.0,5,5,True,True,1.0,1.0,1080.0
2025-01-30 18:00:00,500,1.0,5,5,True,True,1.0,1.0,1098.0
2025-01-30 19:00:00,500,1.0,5,5,True,True,1.0,1.0,1105.0
2025-01-30 20:00:00,500,1.0,5,5,True,True,1.0,1.0,1117.0
2025-01-30 21:00:00,500,1.0,5,5,True,True,1.0,1.0,1117.0
2025-01-30 22:00:00,500,1.0,5,5,True,True,1.0,1.0,1117.0
2025-01-30 23:00:00,500,1.0,5,5,True,True,1.0,1.0,1117.0
2025-01-31 00:00:00,500,1.0,5,5,True,True,1.0,1.0,1117.0
2025-01-31 01:00:00,500,1.0,5,5,True,True,1.0,1.0,1117.0
2025-01-31 02:00:00,500,1.0,5,5,True,True,1.0,1.0,1117.0
2025-01-31 03:00:00,500,1.0,5,5,True,True,1.0,1.0,1117.0
2025-01-31 04:00:00,500,1.0,5,5,True,True,1.0,1.0,1117.0
2025-01-31 05:00:00,500,1.0,5,5,True,True,1.0,1.0,1117.0
2025-01-31 06:00:00,500,1.0,5,5,True,True,1.0,1.0,1117.0
2025-01-31 07:00:00,500,1.0,5,5,True,True,1.0,1.0,1117.0
2025-01-31 08:00:00,500,1.0,5,5,True,True,1.0,1.0,1117.0
2025-01-31 09:00:00,500,1.0,5,5,True,True,1.0,1.0,1117.0
2025-01-31 10:00:00,500,1.0,5,5,True,True,1.0,1.0,1117.0
2025-01-31 11:00:00,500,1.0,5,5,True,True,1.0,1.0,1117.0
2025-01-31 12:00:00,500,1.0,5,5,True,True,1.0,1.0,1117.0
2025-01-31 13:00:00,500,1.0,5,5,True,True,1.0,1.0,1117.0
2025-01-31 14:00:00,500,1.0,5,5,True,True,1.0,1.0,1117.0
2025-01-31 15:00:00,500,1.0,5,5,True,True,1.0,1.0,1117.0
2025-01-31 16:00:00,500,1.0,5,5,True,True,1.0,1.0,1117.0
2025-01-31 17:00:00,500,1.0,5,5,True,True,1.0,1.0,1117.0
2025-01-31 18:00:00,500,1.0,5,5,True,True,1.0,1.0,1117.0
2025-01-31 19:00:00,500,1.0,5,5,True,True,1.0,1.0,1129.0
2025-01-31 20:00:00,500,1.0,5,5,True,True,1.0,1.0,1164.0
2025-01-31 21:00:00,500,1.0,5,5,True,True,1.0,1.0,1164.0
2025-01-31 22:00:00,500,1.0,5,5,True,True,1.0,1.0,1164.0
2025-01-31 23:00:00,500,1.0,5,5,True,True,1.0,1.0,1164.0
2025-02-01 00:00:00,500,1.0,5,5,True,True,1.0,1.0,1164.0
2025-02-01 01:00:00,500,1.0,5,5,True,True,1.0,1.0,1164.0
2025-02-01 02:00:00,500,1.0,5,5,True,True,1.0,1.0,1164.0
2025-02-01 03:00:00,500,1.0,5,5,True,True,1.0,1.0,1164.0
2025-02-01 04:00:00,500,1.0,5,5,True,True,1.0,1.0,1164.0
2025-02-01 05:00:00,500,1.0,5,5,True,True,1.0,1.0,1164.0
2025-02-01 06:00:00,500,1.0,5,5,True,True,1.0,1.0,1164.0
2025-02-01 07:00:00,500,1.0,5,5,True,True,1.0,1.0,1164.0
2025-02-01 08:00:00,500,1.0,5,5,True,True,1.0,1.0,1164.0
2025-02-01 09:00:00,500,1.0,5,5,True,True,1.0,1.0,1164.0
2025-02-01 10:00:00,500,1.0,5,5,True,True,1.0,1.0,1164.0
2025-02-01 11:00:00,500,1.0,5,5,True,True,1.0,1.0,1164.0
2025-02-01 12:00:00,500,1.0,5,5,True,True,1.0,1.0,1164.0
2025-02-01 13:00:00,500,1.0,5,5,True,True,1.0,1.0,1164.0
2025-02-01 14:00:00,500,1.0,5,5,True,True,1.0,1.0,1164.0
2025-02-01 15:00:00,500,1.0,5,5,True,True,1.0,1.0,1164.0
2025-02-01 16:00:00,500,1.0,5,5,True,True,1.0,1.0,1164.0
2025-02-01 17:00:00,500,1.0,5,5,True,True,1.0,1.0,1164.0
2025-02-01 18:00:00,500,1.0,5,5,True,True,1.0,1.0,1188.0
2025-02-01 19:00:00,500,1.0,5,5,True,True,1.0,1.0,1188.0
2025-02-01 20:00:00,500,1.0,5,5,True,True,1.0,1.0,1188.0
2025-02-01 21:00:00,500,1.0,5,5,True,True,1.0,1.0,1193.0
2025-02-01 22:00:00,500,1.0,5,5,True,True,1.0,1.0,1211.0
2025-02-01 23:00:00,500,1.0,5,5,True,True,1.0,1.0,1211.0
2025-02-02 00:00:00,500,1.0,5,5,True,True,1.0,1.0,1228.0
2025-02-02 01:00:00,500,1.0,5,5,True,True,1.0,1.0,1228.0
2025-02-02 02:00:00,500,1.0,5,5,True,True,1.0,1.0,1228.0
2025-02-02 03:00:00,500,1.0,5,5,True,True,1.0,1.0,1228.0
2025-02-02 04:00:00,500,1.0,5,5,True,True,1.0,1.0,1228.0
2025-02-02 05:00:00,500,1.0,5,5,True,True,1.0,1.0,1228.0
2025-02-02 06:00:00,500,1.0,5,5,True,True,1.0,1.0,1228.0
2025-02-02 07:00:00,500,1.0,5,5,True,True,1.0,1.0,1228.0
2025-02-02 08:00:00,500,1.0,5,5,True,True,1.0,1.0,1228.0
2025-02-02 09:00:00,500,1.0,5,5,True,True,1.0,1.0,1228.0
2025-02-02 10:00:00,25,0.05,0,2,False,True,0.0,1.0,1228.0310546875
2025-02-02 11:00:00,25,0.05,0,2,False,True,0.0,1.0,1291.2990722656248
2025-02-02 12:00:00,25,0.05,0,1,False,True,0.0,1.0,1321.9320739746095
2025-02-02 13:00:00,25,0.05,1,2,True,True,1.0,1.0,1339.0247741699218
2025-02-02 14:00:00,26,0.052,0,1,False,True,0.0,1.0,1437.863525390625
2025-02-02 15:00:00,28,0.056,0,1,False,True,0.0,1.0,1434.044921875
2025-02-02 16:00:00,25,0.05,0,2,False,True,0.0,1.0,1433.934637451172
2025-02-02 17:00:00,25,0.05,0,1,False,True,0.0,1.0,1446.207568359375
2025-02-02 18:00:00,28,0.056,0,1,False,True,0.0,1.0,1446.5936279296875
2025-02-02 19:00:00,27,0.054,0,1,False,True,0.0,1.0,1447.3350830078125
2025-02-02 20:00:00,27,0.054,0,1,False,True,0.0,1.0,1446.337890625
2025-02-02 21:00:00,32,0.064,0,1,False,True,0.0,1.0,1446.3468017578125
2025-02-02 22:00:00,36,0.072,0,1,False,True,0.0,1.0,1446.671142578125
2025-02-02 23:00:00,500,1.0,5,5,True,True,1.0,1.0,1446.0
2025-02-03 00:00:00,500,1.0,5,5,True,True,1.0,1.0,1446.0
2025-02-03 01:00:00,500,1.0,5,5,True,True,1.0,1.0,1446.0
2025-02-03 02:00:00,500,1.0,5,5,True,True,1.0,1.0,1446.0
2025-02-03 03:00:00,500,1.0,5,5,True,True,1.0,1.0,1446.0
2025-02-03 04:00:00,500,1.0,5,5,True,True,1.0,1.0,1446.0
2025-02-03 05:00:00,500,1.0,5,5,True,True,1.0,1.0,1446.0
2025-02-03 06:00:00,500,1.0,5,5,True,True,1.0,1.0,1446.0
2025-02-03 07:00:00,500,1.0,5,5,True,True,1.0,1.0,1446.0
2025-02-03 08:00:00,25,0.05,0,1,False,True,0.0,1.0,1535.381768798828
2025-02-03 09:00:00,25,0.05,0,1,False,True,0.0,1.0,1682.6787841796875
2025-02-03 10:00:00,27,0.054,0,1,False,True,0.0,1.0,1765.2066650390625
2025-02-03 11:00:00,28,0.056,0,1,False,True,0.0,1.0,1867.6702880859375
2025-02-03 12:00:00,30,0.06,0,2,False,True,0.0,1.0,1850.6092529296875
2025-02-03 13:00:00,25,0.05,0,1,False,True,0.0,1.0,1837.51279296875
2025-02-03 14:00:00,28,0.056,0,2,False,True,0.0,1.0,1870.198486328125
2025-02-03 15:00:00,27,0.054,1,1,True,True,1.0,1.0,1869.7657470703125
2025-02-03 16:00:00,35,0.07,0,1,False,True,0.0,1.0,1889.6700439453125
2025-02-03 17:00:00,25,0.05,0,2,False,True,0.0,1.0,1886.4619689941405
2025-02-03 18:00:00,25,0.05,0,2,False,True,0.0,1.0,1888.1049438476562
2025-02-03 19:00:00,35,0.07,0,1,False,True,0.0,1.0,1886.73828125
2025-02-03 20:00:00,25,0.05,1,1,True,True,1.0,1.0,1886.530206298828
2025-02-03 21:00:00,25,0.05,0,2,False,True,0.0,1.0,1888.3054565429688
2025-02-03 22:00:00,26,0.052,0,1,False,True,0.0,1.0,1888.51220703125
2025-02-03 23:00:00,29,0.058,0,1,False,True,0.0,1.0,1888.51220703125
2025-02-04 00:00:00,25,0.05,0,1,False,True,0.0,1.0,1882.7833129882813
2025-02-04 01:00:00,28,0.056,0,1,False,True,0.0,1.0,1881.95751953125
2025-02-04 02:00:00,25,0.05,0,1,False,True,0.0,1.0,1878.8554809570312
2025-02-04 03:00:00,25,0.05,0,2,False,True,0.0,1.0,1887.2706970214842
2025-02-04 04:00:00,26,0.052,0,1,False,True,0.0,1.0,1888.754638671875
2025-02-04 05:00:00,25,0.05,1,2,True,True,1.0,1.0,1887.0019226074219
2025-02-04 06:00:00,31,0.062,0,1,False,True,0.0,1.0,1882.1220703125
2025-02-04 07:00:00,34,0.068,1,1,True,True,1.0,1.0,1878.6446533203125
2025-02-04 08:00:00,25,0.05,0,1,False,True,0.0,1.0,1863.3479675292967
2025-02-04 09:00:00,25,0.05,0,2,False,True,0.0,1.0,1856.0310607910155
2025-02-04 10:00:00,25,0.05,0,1,False,True,0.0,1.0,1797.700457763672
2025-02-04 11:00:00,25,0.05,1,1,True,True,1.0,1.0,1817.0601745605468
2025-02-04 12:00:00,34,0.068,0,1,False,True,0.0,1.0,1795.4180908203125
2025-02-04 13:00:00,25,0.05,0,1,False,True,0.0,1.0,1814.7084716796874
2025-02-04 14:00:00,25,0.05,0,1,False,True,0.0,1.0,1886.9601989746088
2025-02-04 15:00:00,38,0.076,0,1,False,True,0.0,1.0,1896.00927734375
2025-02-04 16:00:00,25,0.05,0,1,False,True,0.0,1.0,1941.532141113281
2025-02-04 17:00:00,25,0.05,0,1,False,True,0.0,1.0,1926.730010986328
2025-02-04 18:00:00,26,0.052,0,2,False,True,0.0,1.0,1942.690185546875
2025-02-04 19:00:00,25,0.05,0,1,False,True,0.0,1.0,1937.385919189453
2025-02-04 20:00:00,33,0.066,0,1,False,True,0.0,1.0,1939.3419189453125
2025-02-04 21:00:00,27,0.054,0,1,False,True,0.0,1.0,1940.2459716796875
2025-02-04 22:00:00,33,0.066,0,2,False,True,0.0,1.0,1942.3834228515625
2025-02-04 23:00:00,26,0.052,0,1,False,True,0.0,1.0,1939.0948486328125
2025-02-05 00:00:00,25,0.05,0,1,False,True,0.0,1.0,1927.0469604492187
2025-02-05 01:00:00,25,0.05,0,1,False,True,0.0,1.0,1917.2189208984375
2025-02-05 02:00:00,25,0.05,0,1,False,True,0.0,1.0,1924.4522399902344
2025-02-05 03:00:00,25,0.05,0,1,False,True,0.0,1.0,1925.3865661621091
2025-02-05 04:00:00,26,0.052,1,1,True,True,1.0,1.0,1929.9990234375
2025-02-05 05:00:00,25,0.05,0,1,False,True,0.0,1.0,1924.4960632324219
2025-02-05 06:00:00,25,0.05,0,2,False,True,0.0,1.0,1941.5443054199218
2025-02-05 07:00:00,30,0.06,0,2,False,True,0.0,1.0,1945.240478515625
2025-02-05 08:00:00,25,0.05,0,1,False,True,0.0,1.0,1933.8798461914062
2025-02-05 09:00:00,25,0.05,0,1,False,True,0.0,1.0,1932.1399841308591
2025-02-05 10:00:00,25,0.05,0,2,False,True,0.0,1.0,1870.6195068359373
2025-02-05 11:00:00,500,1.0,5,5,True,True,1.0,1.0,1833.0
2025-02-05 12:00:00,25,0.05,0,1,False,True,0.0,1.0,1881.1346557617187
2025-02-05 13:00:00,25,0.05,0,1,False,True,0.0,1.0,1890.47158203125
2025-02-05 14:00:00,25,0.05,0,1,False,True,0.0,1.0,1988.3421813964844
2025-02-05 15:00:00,26,0.052,0,2,False,True,0.0,1.0,2005.8468017578125
2025-02-05 16:00:00,33,0.066,0,1,False,True,0.0,1.0,2019.9451904296875
2025-02-05 17:00:00,25,0.05,0,2,False,True,0.0,1.0,2019.5058837890624
2025-02-05 18:00:00,28,0.056,0,1,False,True,0.0,1.0,2013.2601318359375
2025-02-05 19:00:00,31,0.062,0,2,False,True,0.0,1.0,2013.2601318359375
2025-02-05 20:00:00,25,0.05,0,3,False,True,0.0,1.0,2005.1943054199219
2025-02-05 21:00:00,25,0.05,0,1,False,True,0.0,1.0,2007.7263122558593
2025-02-05 22:00:00,25,0.05,0,1,False,True,0.0,1.0,2007.9060424804688
2025-02-05 23:00:00,25,0.05,0,1,False,True,0.0,1.0,2008.9789306640625
2025-02-06 00:00:00,26,0.052,0,2,False,True,0.0,1.0,2010.4979248046875
2025-02-06 01:00:00,25,0.05,0,1,False,True,0.0,1.0,2007.423974609375
2025-02-06 02:00:00,25,0.05,0,2,False,True,0.0,1.0,2007.3136291503906
2025-02-06 03:00:00,31,0.062,0,1,False,True,0.0,1.0,2012.3721923828125
2025-02-06 04:00:00,25,0.05,0,1,False,True,0.0,1.0,1999.344482421875
2025-02-06 05:00:00,25,0.05,0,1,False,True,0.0,1.0,1995.6355834960937
2025-02-06 06:00:00,25,0.05,0,1,False,True,0.0,1.0,1992.9619934082032
2025-02-06 07:00:00,30,0.06,0,1,False,True,0.0,1.0,1997.995849609375
2025-02-06 08:00:00,29,0.058,0,1,False,True,0.0,1.0,1998.0338134765625
2025-02-06 09:00:00,25,0.05,0,2,False,True,0.0,1.0,1994.4014099121093
2025-02-06 10:00:00,27,0.054,0,1,False,True,0.0,1.0,2014.1705322265625
2025-02-06 11:00:00,31,0.062,0,1,False,True,0.0,1.0,2045.35205078125
2025-02-06 12:00:00,25,0.05,0,1,False,True,0.0,1.0,2052.203173828125
2025-02-06 13:00:00,25,0.05,0,1,False,True,0.0,1.0,2080.195520019531
2025-02-06 14:00:00,32,0.064,1,1,True,True,1.0,1.0,2117.207275390625
2025-02-06 15:00:00,25,0.05,0,2,False,True,0.0,1.0,2113.395373535156
2025-02-06 16:00:00,25,0.05,0,2,False,True,0.0,1.0,2112.803857421875
2025-02-06 17:00:00,25,0.05,1,1,True,True,1.0,1.0,2115.5793212890626
2025-02-06 18:00:00,28,0.056,0,1,False,True,0.0,1.0,2090.816650390625
2025-02-06 19:00:00,35,0.07,0,2,False,True,0.0,1.0,2091.16162109375
2025-02-06 20:00:00,25,0.05,0,2,False,True,0.0,1.0,2086.0539672851564
2025-02-06 21:00:00,26,0.052,1,2,True,True,1.0,1.0,2086.2490234375
2025-02-06 22:00:00,25,0.05,0,1,False,True,0.0,1.0,2084.4388793945313
2025-02-06 23:00:00,25,0.05,0,1,False,True,0.0,1.0,2085.4238037109376
2025-02-07 00:00:00,25,0.05,0,1,False,True,0.0,1.0,2086.3422973632814
2025-02-07 01:00:00,33,0.066,1,2,True,True,1.0,1.0,2086.6748046875
2025-02-07 02:00:00,25,0.05,0,1,False,True,0.0,1.0,2088.913122558594
2025-02-07 03:00:00,47,0.094,0,1,False,True,0.0,1.0,2093.6658203125
2025-02-07 04:00:00,25,0.05,0,1,False,True,0.0,1.0,2087.5114013671873
2025-02-07 05:00:00,26,0.052,0,1,False,True,0.0,1.0,2081.77880859375
2025-02-07 06:00:00,27,0.054,1,2,True,True,1.0,1.0,2085.033935546875
2025-02-07 07:00:00,25,0.05,0,1,False,True,0.0,1.0,2082.1486206054688
2025-02-07 08:00:00,25,0.05,0,1,False,True,0.0,1.0,2087.85078125
2025-02-07 09:00:00,25,0.05,0,1,False,True,0.0,1.0,2098.621240234375
2025-02-07 10:00:00,28,0.056,0,1,False,True,0.0,1.0,2099.0400390625
2025-02-07 11:00:00,25,0.05,0,2,False,True,0.0,1.0,2098.6436279296877
2025-02-07 12:00:00,32,0.064,0,2,False,True,0.0,1.0,2064.79833984375
2025-02-07 13:00:00,36,0.072,0,2,False,True,0.0,1.0,2043.217529296875
2025-02-07 14:00:00,28,0.056,0,1,False,True,0.0,1.0,2067.200927734375
2025-02-07 15:00:00,25,0.05,0,1,False,True,0.0,1.0,2068.7442993164063
2025-02-07 16:00:00,25,0.05,0,1,False,True,0.0,1.0,2013.6148681640625
2025-02-07 17:00:00,25,0.05,0,1,False,True,0.0,1.0,1917.3911560058593
2025-02-07 18:00:00,27,0.054,0,2,False,True,0.0,1.0,1989.2354736328125
2025-02-07 19:00:00,29,0.058,1,2,True,True,1.0,1.0,1989.2354736328125
2025-02-07 20:00:00,25,0.05,0,2,False,True,0.0,1.0,1963.3506713867187
2025-02-07 21:00:00,29,0.058,0,2,False,True,0.0,1.0,1985.350830078125
2025-02-07 22:00:00,31,0.062,0,1,False,True,0.0,1.0,1988.3814697265625
2025-02-07 23:00:00,25,0.05,0,1,False,True,0.0,1.0,1985.8181091308593
2025-02-08 00:00:00,28,0.056,0,1,False,True,0.0,1.0,1978.9031982421875
2025-02-08 01:00:00,25,0.05,0,2,False,True,0.0,1.0,1974.3377502441404
2025-02-08 02:00:00,26,0.052,0,2,False,True,0.0,1.0,1926.223388671875
2025-02-08 03:00:00,29,0.058,0,2,False,True,0.0,1.0,1915.66748046875
2025-02-08 04:00:00,47,0.094,0,2,False,True,0.0,1.0,1910.3817138671875
2025-02-08 05:00:00,27,0.054,0,1,False,True,0.0,1.0,1912.7952880859375
2025-02-08 06:00:00,28,0.056,0,1,False,True,0.0,1.0,1934.6556396484375
2025-02-08 07:00:00,25,0.05,0,1,False,True,0.0,1.0,1927.179998779297
2025-02-08 08:00:00,25,0.05,1,1,True,True,1.0,1.0,1929.8005798339843
2025-02-08 09:00:00,37,0.074,0,1,False,True,0.0,1.0,1939.6597900390625
2025-02-08 10:00:00,25,0.05,0,2,False,True,0.0,1.0,1947.4158020019531
2025-02-08 11:00:00,26,0.052,0,1,False,True,0.0,1.0,1945.95556640625
2025-02-08 12:00:00,25,0.05,0,2,False,True,0.0,1.0,1946.9230224609375
2025-02-08 13:00:00,25,0.05,0,1,False,True,0.0,1.0,1946.0422241210938
2025-02-08 14:00:00,25,0.05,0,1,False,True,0.0,1.0,1902.4507995605468
2025-02-08 15:00:00,27,0.054,1,1,True,True,1.0,1.0,1903.4632568359375
2025-02-08 16:00:00,27,0.054,0,1,False,True,0.0,1.0,1714.1224365234375
2025-02-08 17:00:00,26,0.052,0,2,False,True,0.0,1.0,1648.5419921875
2025-02-08 18:00:00,26,0.052,0,1,False,True,0.0,1.0,1645.5877685546875
2025-02-08 19:00:00,25,0.05,0,1,False,True,0.0,1.0,1639.0815063476562
2025-02-08 20:00:00,25,0.05,0,2,False,True,0.0,1.0,1640.0683227539062
2025-02-08 21:00:00,30,0.06,0,2,False,True,0.0,1.0,1648.6365966796875
2025-02-08 22:00:00,25,0.05,0,1,False,True,0.0,1.0,1648.1362548828124
2025-02-08 23:00:00,25,0.05,0,1,False,True,0.0,1.0,1647.9452270507813
2025-02-09 00:00:00,35,0.07,0,2,False,True,0.0,1.0,1648.6591796875
2025-02-09 01:00:00,32,0.064,0,1,False,True,0.0,1.0,1648.6591796875
2025-02-09 02:00:00,25,0.05,0,2,False,True,0.0,1.0,1648.393048095703
2025-02-09 03:00:00,25,0.05,0,2,False,True,0.0,1.0,1648.6536499023437
2025-02-09 04:00:00,25,0.05,0,2,False,True,0.0,1.0,1662.1911560058593
2025-02-09 05:00:00,25,0.05,0,1,False,True,0.0,1.0,1660.5180664062498
2025-02-09 06:00:00,25,0.05,0,2,False,True,0.0,1.0,1661.4534851074218
2025-02-09 07:00:00,26,0.052,0,2,False,True,0.0,1.0,1668.189208984375
2025-02-09 08:00:00,26,0.052,0,2,False,True,0.0,1.0,1697.9125366210938
2025-02-09 09:00:00,29,0.058,0,1,False,True,0.0,1.0,1699.239501953125
2025-02-09 10:00:00,25,0.05,0,2,False,True,0.0,1.0,1698.106134033203
2025-02-09 11:00:00,31,0.062,0,2,False,True,0.0,1.0,1695.8497314453125
2025-02-09 12:00:00,25,0.05,0,1,False,True,0.0,1.0,1683.7351440429688
2025-02-09 13:00:00,25,0.05,0,1,False,True,0.0,1.0,1682.7719299316404
2025-02-09 14:00:00,29,0.058,0,2,False,True,0.0,1.0,1713.3944091796875
2025-02-09 15:00:00,26,0.052,0,1,False,True,0.0,1.0,1800.1339111328125
2025-02-09 16:00:00,25,0.05,0,1,False,True,0.0,1.0,1968.682421875
2025-02-09 17:00:00,26,0.052,0,1,False,True,0.0,1.0,2004.533447265625
2025-02-09 18:00:00,26,0.052,0,1,False,True,0.0,1.0,2019.5341796875
2025-02-09 19:00:00,26,0.052,0,1,False,True,0.0,1.0,2019.14892578125
2025-02-09 20:00:00,35,0.07,0,1,False,True,0.0,1.0,2021.0205078125
2025-02-09 21:00:00,25,0.05,0,2,False,True,0.0,1.0,1998.0954467773438
2025-02-09 22:00:00,25,0.05,0,1,False,True,0.0,1.0,2016.5280517578124
2025-02-09 23:00:00,25,0.05,0,1,False,True,0.0,1.0,2012.2076721191404
2025-02-10 00:00:00,28,0.056,0,2,False,True,0.0,1.0,2017.5179443359375
2025-02-10 01:00:00,44,0.088,0,2,False,True,0.0,1.0,1996.09765625
2025-02-10 02:00:00,25,0.05,0,2,False,True,0.0,1.0,2011.8522521972654
2025-02-10 03:00:00,25,0.05,1,2,True,True,1.0,1.0,2023.0143249511718
2025-02-10 04:00:00,29,0.058,0,1,False,True,0.0,1.0,1999.220947265625
2025-02-10 05:00:00,30,0.06,0,3,False,True,0.0,1.0,1993.7694091796875
2025-02-10 06:00:00,25,0.05,0,1,False,True,0.0,1.0,2026.6851440429684
2025-02-10 07:00:00,26,0.052,0,2,False,True,0.0,1.0,2041.140380859375
2025-02-10 08:00:00,28,0.056,0,1,False,True,0.0,1.0,2025.95361328125
2025-02-10 09:00:00,28,0.056,0,1,False,True,0.0,1.0,2020.9591064453125
2025-02-10 10:00:00,25,0.05,0,1,False,True,0.0,1.0,1991.2950256347656
2025-02-10 11:00:00,25,0.05,0,2,False,True,0.0,1.0,1965.2959289550781
2025-02-10 12:00:00,28,0.056,0,1,False,True,0.0,1.0,1979.9688720703125
2025-02-10 13:00:00,29,0.058,0,1,False,True,0.0,1.0,1970.9580078125
2025-02-10 14:00:00,25,0.05,0,1,False,True,0.0,1.0,1962.2035827636719
2025-02-10 15:00:00,29,0.058,0,1,False,True,0.0,1.0,1976.32275390625
2025-02-10 16:00:00,28,0.056,0,1,False,True,0.0,1.0,2086.28662109375
2025-02-10 17:00:00,35,0.07,1,1,True,True,1.0,1.0,2081.4462890625
2025-02-10 18:00:00,35,0.07,0,1,False,True,0.0,1.0,2094.498046875
2025-02-10 19:00:00,25,0.05,0,1,False,True,0.0,1.0,2082.681848144531
2025-02-10 20:00:00,25,0.05,0,2,False,True,0.0,1.0,2082.316027832031
2025-02-10 21:00:00,32,0.064,0,1,False,True,0.0,1.0,2098.384521484375
2025-02-10 22:00:00,25,0.05,0,1,False,True,0.0,1.0,2091.9733276367183
2025-02-10 23:00:00,27,0.054,0,1,False,True,0.0,1.0,2093.45166015625
2025-02-11 00:00:00,25,0.05,0,1,False,True,0.0,1.0,2084.79736328125
2025-02-11 01:00:00,27,0.054,0,2,False,True,0.0,1.0,2098.4794921875
2025-02-11 02:00:00,27,0.054,0,1,False,True,0.0,1.0,2093.0712890625
2025-02-11 03:00:00,32,0.064,0,1,False,True,0.0,1.0,2095.76171875
2025-02-11 04:00:00,32,0.064,0,2,False,True,0.0,1.0,2080.88671875
2025-02-11 05:00:00,26,0.052,0,2,False,True,0.0,1.0,2081.29638671875
2025-02-11 06:00:00,25,0.05,0,1,False,True,0.0,1.0,2104.521203613281
2025-02-11 07:00:00,30,0.06,0,1,False,True,0.0,1.0,2105.96875
2025-02-11 08:00:00,32,0.064,0,1,False,True,0.0,1.0,2086.958251953125
2025-02-11 09:00:00,37,0.074,0,2,False,True,0.0,1.0,2086.22802734375
2025-02-11 10:00:00,34,0.068,0,1,False,True,0.0,1.0,2086.27783203125
2025-02-11 11:00:00,28,0.056,0,1,False,True,0.0,1.0,2048.240966796875
2025-02-11 12:00:00,25,0.05,0,1,False,True,0.0,1.0,2031.7595458984374
2025-02-11 13:00:00,28,0.056,0,1,False,True,0.0,1.0,2051.064208984375
2025-02-11 14:00:00,31,0.062,0,2,False,True,0.0,1.0,2098.766845703125
2025-02-11 15:00:00,25,0.05,0,2,False,True,0.0,1.0,2126.8680419921875
2025-02-11 16:00:00,26,0.052,0,1,False,True,0.0,1.0,2178.5400390625
2025-02-11 17:00:00,26,0.052,0,2,False,True,0.0,1.0,2178.6123046875
2025-02-11 18:00:00,25,0.05,1,1,True,True,1.0,1.0,2179.609228515625
2025-02-11 19:00:00,25,0.05,0,1,False,True,0.0,1.0,2174.18984375
2025-02-11 20:00:00,25,0.05,0,2,False,True,0.0,1.0,2172.9046264648437
2025-02-11 21:00:00,25,0.05,0,1,False,True,0.0,1.0,2147.8958984375
2025-02-11 22:00:00,25,0.05,0,2,False,True,0.0,1.0,2178.3623657226562
2025-02-11 23:00:00,29,0.058,0,1,False,True,0.0,1.0,2180.373779296875
2025-02-12 00:00:00,26,0.052,0,1,False,True,0.0,1.0,2181.09033203125
2025-02-12 01:00:00,25,0.05,0,2,False,True,0.0,1.0,2179.14951171875
2025-02-12 02:00:00,26,0.052,0,2,False,True,0.0,1.0,2181.09033203125
2025-02-12 03:00:00,34,0.068,0,2,False,True,0.0,1.0,2181.09033203125
2025-02-12 04:00:00,25,0.05,0,1,False,True,0.0,1.0,2180.4150512695314
2025-02-12 05:00:00,25,0.05,0,1,False,True,0.0,1.0,2180.7790283203126
2025-02-12 06:00:00,25,0.05,0,1,False,True,0.0,1.0,2181.8793701171876
2025-02-12 07:00:00,25,0.05,0,2,False,True,0.0,1.0,2183.107067871094
2025-02-12 08:00:00,25,0.05,0,2,False,True,0.0,1.0,2186.704724121094
2025-02-12 09:00:00,25,0.05,0,1,False,True,0.0,1.0,2177.5577758789063
2025-02-12 10:00:00,26,0.052,0,2,False,True,0.0,1.0,2189.278564453125
2025-02-12 11:00:00,25,0.05,0,2,False,True,0.0,1.0,2176.4732055664062
2025-02-12 12:00:00,25,0.05,0,1,False,True,0.0,1.0,2178.0109252929688
2025-02-12 13:00:00,28,0.056,0,3,False,True,0.0,1.0,2145.7412109375
2025-02-12 14:00:00,30,0.06,0,1,False,True,0.0,1.0,2193.3583984375
2025-02-12 15:00:00,25,0.05,0,1,False,True,0.0,1.0,2190.6155639648437
2025-02-12 16:00:00,32,0.064,0,2,False,True,0.0,1.0,2219.60595703125
2025-02-12 17:00:00,25,0.05,0,2,False,True,0.0,1.0,2215.8770263671877
2025-02-12 18:00:00,25,0.05,0,1,False,True,0.0,1.0,2201.9337646484373
2025-02-12 19:00:00,25,0.05,0,1,False,True,0.0,1.0,2200.795617675781
2025-02-12 20:00:00,28,0.056,0,1,False,True,0.0,1.0,2203.00634765625
2025-02-12 21:00:00,27,0.054,0,1,False,True,0.0,1.0,2203.31787109375
2025-02-12 22:00:00,25,0.05,0,1,False,True,0.0,1.0,2202.3930541992186
2025-02-12 23:00:00,25,0.05,0,1,False,True,0.0,1.0,2201.5665283203125
2025-02-13 00:00:00,25,0.05,0,1,False,True,0.0,1.0,2203.200341796875
2025-02-13 01:00:00,25,0.05,0,1,False,True,0.0,1.0,2202.027551269531
2025-02-13 02:00:00,32,0.064,0,1,False,True,0.0,1.0,2202.546875
2025-02-13 03:00:00,28,0.056,0,1,False,True,0.0,1.0,2201.296630859375
2025-02-13 04:00:00,29,0.058,0,1,False,True,0.0,1.0,2192.31396484375
2025-02-13 05:00:00,25,0.05,0,2,False,True,0.0,1.0,2189.22509765625
2025-02-13 06:00:00,25,0.05,0,1,False,True,0.0,1.0,2190.0525756835937
2025-02-13 07:00:00,25,0.05,0,2,False,True,0.0,1.0,2189.3567626953127
2025-02-13 08:00:00,25,0.05,0,1,False,True,0.0,1.0,2183.9797119140626
2025-02-13 09:00:00,25,0.05,0,1,False,True,0.0,1.0,2187.0956909179686
2025-02-13 10:00:00,27,0.054,0,1,False,True,0.0,1.0,2205.111572265625
2025-02-13 11:00:00,29,0.058,0,1,False,True,0.0,1.0,2207.92919921875
2025-02-13 12:00:00,31,0.062,0,1,False,True,0.0,1.0,2208.447021484375
2025-02-13 13:00:00,33,0.066,0,1,False,True,0.0,1.0,2215.218994140625
2025-02-13 14:00:00,25,0.05,0,1,False,True,0.0,1.0,2178.8574462890624
2025-02-13 15:00:00,27,0.054,0,1,False,True,0.0,1.0,2170.31982421875
2025-02-13 16:00:00,26,0.052,0,1,False,True,0.0,1.0,2064.1689453125
2025-02-13 17:00:00,34,0.068,0,2,False,True,0.0,1.0,2024.9678955078125
2025-02-13 18:00:00,25,0.05,0,1,False,True,0.0,1.0,2055.09345703125
2025-02-13 19:00:00,38,0.076,0,1,False,True,0.0,1.0,2048.54736328125
2025-02-13 20:00:00,26,0.052,0,2,False,True,0.0,1.0,2055.52490234375
2025-02-13 21:00:00,25,0.05,0,2,False,True,0.0,1.0,2052.1400390625
2025-02-13 22:00:00,28,0.056,0,1,False,True,0.0,1.0,2053.849365234375
2025-02-13 23:00:00,33,0.066,0,1,False,True,0.0,1.0,2055.843017578125
2025-02-14 00:00:00,28,0.056,1,1,True,True,1.0,1.0,2026.0955810546875
2025-02-14 01:00:00,31,0.062,0,2,False,True,0.0,1.0,2029.3658447265625
2025-02-14 02:00:00,26,0.052,0,1,False,True,0.0,1.0,2029.3658447265625
2025-02-14 03:00:00,25,0.05,0,2,False,True,0.0,1.0,2022.0599304199218
2025-02-14 04:00:00,27,0.054,0,1,False,True,0.0,1.0,2013.13037109375
2025-02-14 05:00:00,25,0.05,0,1,False,True,0.0,1.0,1986.8302307128904
2025-02-14 06:00:00,25,0.05,1,1,True,True,1.0,1.0,1986.0307006835938
2025-02-14 07:00:00,25,0.05,0,1,False,True,0.0,1.0,2001.802764892578
2025-02-14 08:00:00,25,0.05,0,2,False,True,0.0,1.0,2004.7040954589843
2025-02-14 09:00:00,33,0.066,0,2,False,True,0.0,1.0,2003.258056640625
2025-02-14 10:00:00,25,0.05,0,1,False,True,0.0,1.0,1967.9056213378906
2025-02-14 11:00:00,25,0.05,0,1,False,True,0.0,1.0,1955.5591979980466
2025-02-14 12:00:00,30,0.06,0,1,False,True,0.0,1.0,1931.5826416015625
2025-02-14 13:00:00,25,0.05,0,1,False,True,0.0,1.0,1934.8847961425781
2025-02-14 14:00:00,33,0.066,1,1,True,True,1.0,1.0,1991.4012451171875
2025-02-14 15:00:00,30,0.06,0,1,False,True,0.0,1.0,2009.6107177734375
2025-02-14 16:00:00,25,0.05,0,1,False,True,0.0,1.0,1924.7679382324218
2025-02-14 17:00:00,500,1.0,5,5,True,True,1.0,1.0,1917.0
2025-02-14 18:00:00,500,1.0,5,5,True,True,1.0,1.0,1816.0
2025-02-14 19:00:00,27,0.054,0,2,False,True,0.0,1.0,1747.7943115234375
2025-02-14 20:00:00,25,0.05,0,1,False,True,0.0,1.0,1740.5756408691404
2025-02-14 21:00:00,25,0.05,1,1,True,True,1.0,1.0,1742.9380798339841
2025-02-14 22:00:00,25,0.05,1,1,True,True,1.0,1.0,1735.6677673339843
2025-02-14 23:00:00,26,0.052,0,2,False,True,0.0,1.0,1745.4146728515625
2025-02-15 00:00:00,25,0.05,0,1,False,True,0.0,1.0,1712.0065185546875
2025-02-15 01:00:00,500,1.0,5,5,True,True,1.0,1.0,1712.0
2025-02-15 02:00:00,500,1.0,5,5,True,True,1.0,1.0,1712.0
2025-02-15 03:00:00,500,1.0,5,5,True,True,1.0,1.0,1712.0
2025-02-15 04:00:00,26,0.052,0,2,False,True,0.0,1.0,1721.9881591796875
2025-02-15 05:00:00,26,0.052,0,2,False,True,0.0,1.0,1720.680908203125
2025-02-15 06:00:00,25,0.05,0,2,False,True,0.0,1.0,1720.5773376464845
2025-02-15 07:00:00,25,0.05,1,2,True,True,1.0,1.0,1718.202911376953
2025-02-15 08:00:00,25,0.05,0,2,False,True,0.0,1.0,1722.9787170410157
2025-02-15 09:00:00,25,0.05,0,2,False,True,0.0,1.0,1712.0921142578125
2025-02-15 10:00:00,500,1.0,5,5,True,True,1.0,1.0,1712.0
2025-02-15 11:00:00,500,1.0,5,5,True,True,1.0,1.0,1712.0
2025-02-15 12:00:00,500,1.0,5,5,True,True,1.0,1.0,1712.0
2025-02-15 13:00:00,500,1.0,5,5,True,True,1.0,1.0,1712.0
2025-02-15 14:00:00,500,1.0,5,5,True,True,1.0,1.0,1712.0
2025-02-15 15:00:00,500,1.0,5,5,True,True,1.0,1.0,1712.0
2025-02-15 16:00:00,500,1.0,5,5,True,True,1.0,1.0,1712.0
2025-02-15 17:00:00,25,0.05,1,1,True,True,1.0,1.0,1732.0196472167968
2025-02-15 18:00:00,28,0.056,0,1,False,True,0.0,1.0,1748.0667724609375
2025-02-15 19:00:00,500,1.0,5,5,True,True,1.0,1.0,1746.0
2025-02-15 20:00:00,500,1.0,5,5,True,True,1.0,1.0,1766.0
2025-02-15 21:00:00,500,1.0,5,5,True,True,1.0,1.0,1766.0
2025-02-15 22:00:00,500,1.0,5,5,True,True,1.0,1.0,1781.0
2025-02-15 23:00:00,500,1.0,5,5,True,True,1.0,1.0,1781.0
2025-02-16 00:00:00,500,1.0,5,5,True,True,1.0,1.0,1781.0
2025-02-16 01:00:00,500,1.0,5,5,True,True,1.0,1.0,1781.0
2025-02-16 02:00:00,500,1.0,5,5,True,True,1.0,1.0,1781.0
2025-02-16 03:00:00,500,1.0,5,5,True,True,1.0,1.0,1781.0
2025-02-16 04:00:00,500,1.0,5,5,True,True,1.0,1.0,1781.0
2025-02-16 05:00:00,500,1.0,5,5,True,True,1.0,1.0,1781.0
2025-02-16 06:00:00,500,1.0,5,5,True,True,1.0,1.0,1781.0
2025-02-16 07:00:00,500,1.0,5,5,True,True,1.0,1.0,1781.0
2025-02-16 08:00:00,500,1.0,5,5,True,True,1.0,1.0,1781.0
2025-02-16 09:00:00,25,0.05,0,1,False,True,0.0,1.0,1784.4453857421872
2025-02-16 10:00:00,29,0.058,0,1,False,True,0.0,1.0,1913.702392578125
2025-02-16 11:00:00,25,0.05,0,2,False,True,0.0,1.0,1929.8176574707031
2025-02-16 12:00:00,30,0.06,0,2,False,True,0.0,1.0,1938.1593017578125
2025-02-16 13:00:00,25,0.05,0,2,False,True,0.0,1.0,2000.655120849609
2025-02-16 14:00:00,25,0.05,0,1,False,True,0.0,1.0,2186.3351318359373
2025-02-16 15:00:00,25,0.05,0,1,False,True,0.0,1.0,2227.5320800781246
2025-02-16 16:00:00,29,0.058,0,2,False,True,0.0,1.0,2357.063232421875
2025-02-16 17:00:00,25,0.05,0,1,False,True,0.0,1.0,2378.4634765625
2025-02-16 18:00:00,25,0.05,0,1,False,True,0.0,1.0,2372.525012207031
2025-02-16 19:00:00,25,0.05,0,2,False,True,0.0,1.0,2379.010107421875
2025-02-16 20:00:00,25,0.05,0,1,False,True,0.0,1.0,2377.377001953125
2025-02-16 21:00:00,26,0.052,0,1,False,True,0.0,1.0,2378.092529296875
2025-02-16 22:00:00,25,0.05,0,2,False,True,0.0,1.0,2373.5038208007813
2025-02-16 23:00:00,27,0.054,0,1,False,True,0.0,1.0,2377.498046875
2025-02-17 00:00:00,25,0.05,0,1,False,True,0.0,1.0,2372.0649291992186
2025-02-17 01:00:00,25,0.05,0,1,False,True,0.0,1.0,2372.114611816406
2025-02-17 02:00:00,28,0.056,0,1,False,True,0.0,1.0,2374.4892578125
2025-02-17 03:00:00,25,0.05,0,1,False,True,0.0,1.0,2374.9587158203126
2025-02-17 04:00:00,29,0.058,0,2,False,True,0.0,1.0,2375.840087890625
2025-02-17 05:00:00,25,0.05,0,2,False,True,0.0,1.0,2361.639611816406
2025-02-17 06:00:00,25,0.05,0,1,False,True,0.0,1.0,2364.8018432617187
2025-02-17 07:00:00,25,0.05,0,1,False,True,0.0,1.0,2359.788134765625
2025-02-17 08:00:00,28,0.056,0,1,False,True,0.0,1.0,2369.747314453125
2025-02-17 09:00:00,25,0.05,0,1,False,True,0.0,1.0,2359.7282470703126
2025-02-17 10:00:00,25,0.05,0,1,False,True,0.0,1.0,2366.4961547851562
2025-02-17 11:00:00,29,0.058,1,1,True,True,1.0,1.0,2314.162353515625
2025-02-17 12:00:00,25,0.05,0,1,False,True,0.0,1.0,2309.1735595703126
2025-02-17 13:00:00,25,0.05,0,1,False,True,0.0,1.0,2344.275927734375
2025-02-17 14:00:00,25,0.05,0,2,False,True,0.0,1.0,2413.6904052734376
2025-02-17 15:00:00,27,0.054,0,1,False,True,0.0,1.0,2460.73193359375
2025-02-17 16:00:00,25,0.05,0,2,False,True,0.0,1.0,2499.7984619140625
2025-02-17 17:00:00,27,0.054,1,2,True,True,1.0,1.0,2498.499755859375
2025-02-17 18:00:00,31,0.062,0,2,False,True,0.0,1.0,2485.43212890625
2025-02-17 19:00:00,25,0.05,0,1,False,True,0.0,1.0,2484.6370361328127
2025-02-17 20:00:00,29,0.058,0,2,False,True,0.0,1.0,2484.122314453125
2025-02-17 21:00:00,25,0.05,0,1,False,True,0.0,1.0,2482.896484375
2025-02-17 22:00:00,27,0.054,0,1,False,True,0.0,1.0,2477.166015625
2025-02-17 23:00:00,25,0.05,0,2,False,True,0.0,1.0,2474.8400634765626
2025-02-18 00:00:00,35,0.07,0,2,False,True,0.0,1.0,2487.523193359375
2025-02-18 01:00:00,25,0.05,0,1,False,True,0.0,1.0,2484.20751953125
2025-02-18 02:00:00,25,0.05,0,1,False,True,0.0,1.0,2485.908984375
2025-02-18 03:00:00,26,0.052,0,1,False,True,0.0,1.0,2488.890625
2025-02-18 04:00:00,25,0.05,0,2,False,True,0.0,1.0,2470.4109375
2025-02-18 05:00:00,25,0.05,0,2,False,True,0.0,1.0,2470.4454711914063
2025-02-18 06:00:00,25,0.05,0,1,False,True,0.0,1.0,2461.6372314453124
2025-02-18 07:00:00,28,0.056,0,1,False,True,0.0,1.0,2459.26171875
2025-02-18 08:00:00,26,0.052,0,1,False,True,0.0,1.0,2461.343994140625
2025-02-18 09:00:00,28,0.056,0,1,False,True,0.0,1.0,2459.832763671875
2025-02-18 10:00:00,26,0.052,0,2,False,True,0.0,1.0,2482.026611328125
2025-02-18 11:00:00,27,0.054,0,1,False,True,0.0,1.0,2478.2802734375
2025-02-18 12:00:00,25,0.05,0,1,False,True,0.0,1.0,2443.672119140625
2025-02-18 13:00:00,25,0.05,0,1,False,True,0.0,1.0,2405.6064453125
2025-02-18 14:00:00,27,0.054,0,1,False,True,0.0,1.0,2415.106201171875
2025-02-18 15:00:00,26,0.052,0,1,False,True,0.0,1.0,2419.166259765625
2025-02-18 16:00:00,25,0.05,0,1,False,True,0.0,1.0,2437.1618530273436
2025-02-18 17:00:00,28,0.056,0,1,False,True,0.0,1.0,2474.61962890625
2025-02-18 18:00:00,28,0.056,0,2,False,True,0.0,1.0,2474.691162109375
2025-02-18 19:00:00,27,0.054,0,1,False,True,0.0,1.0,2475.84521484375
2025-02-18 20:00:00,27,0.054,0,2,False,True,0.0,1.0,2475.84521484375
2025-02-18 21:00:00,25,0.05,0,2,False,True,0.0,1.0,2474.5226196289063
2025-02-18 22:00:00,25,0.05,0,2,False,True,0.0,1.0,2468.4647216796875
2025-02-18 23:00:00,25,0.05,0,1,False,True,0.0,1.0,2474.77646484375
2025-02-19 00:00:00,25,0.05,0,1,False,True,0.0,1.0,2476.882666015625
2025-02-19 01:00:00,26,0.052,0,1,False,True,0.0,1.0,2477.234619140625
2025-02-19 02:00:00,27,0.054,0,1,False,True,0.0,1.0,2477.234619140625
2025-02-19 03:00:00,25,0.05,1,1,True,True,1.0,1.0,2473.781982421875
2025-02-19 04:00:00,29,0.058,0,1,False,True,0.0,1.0,2476.08056640625
2025-02-19 05:00:00,28,0.056,0,2,False,True,0.0,1.0,2480.8330078125
2025-02-19 06:00:00,33,0.066,0,1,False,True,0.0,1.0,2481.71533203125
2025-02-19 07:00:00,26,0.052,0,1,False,True,0.0,1.0,2481.7490234375
2025-02-19 08:00:00,25,0.05,0,2,False,True,0.0,1.0,2473.601599121094
2025-02-19 09:00:00,25,0.05,0,1,False,True,0.0,1.0,2469.417578125
2025-02-19 10:00:00,25,0.05,0,1,False,True,0.0,1.0,2472.3017944335934
2025-02-19 11:00:00,25,0.05,0,1,False,True,0.0,1.0,2472.8585205078125
2025-02-19 12:00:00,29,0.058,1,1,True,True,1.0,1.0,2481.1806640625
2025-02-19 13:00:00,26,0.052,0,2,False,True,0.0,1.0,2494.822509765625
2025-02-19 14:00:00,29,0.058,1,2,True,True,1.0,1.0,2518.3427734375
2025-02-19 15:00:00,25,0.05,0,1,False,True,0.0,1.0,2522.627404785156
2025-02-19 16:00:00,25,0.05,0,2,False,True,0.0,1.0,2560.601318359375
2025-02-19 17:00:00,26,0.052,0,1,False,True,0.0,1.0,2564.538330078125
2025-02-19 18:00:00,25,0.05,0,1,False,True,0.0,1.0,2563.79912109375
2025-02-19 19:00:00,29,0.058,0,2,False,True,0.0,1.0,2563.5546875
2025-02-19 20:00:00,25,0.05,0,2,False,True,0.0,1.0,2550.3770874023435
2025-02-19 21:00:00,25,0.05,0,1,False,True,0.0,1.0,2558.42958984375
2025-02-19 22:00:00,31,0.062,0,1,False,True,0.0,1.0,2560.68505859375
2025-02-19 23:00:00,31,0.062,0,1,False,True,0.0,1.0,2563.779052734375
2025-02-20 00:00:00,26,0.052,0,1,False,True,0.0,1.0,2574.93505859375
2025-02-20 01:00:00,26,0.052,0,2,False,True,0.0,1.0,2577.98681640625
2025-02-20 02:00:00,47,0.094,0,1,False,True,0.0,1.0,2565.841796875
2025-02-20 03:00:00,25,0.05,0,1,False,True,0.0,1.0,2571.9137573242188
2025-02-20 04:00:00,25,0.05,0,1,False,True,0.0,1.0,2564.4512939453125
2025-02-20 05:00:00,25,0.05,0,2,False,True,0.0,1.0,2566.374755859375
2025-02-20 06:00:00,35,0.07,0,1,False,True,0.0,1.0,2549.984619140625
2025-02-20 07:00:00,38,0.076,0,1,False,True,0.0,1.0,2549.841552734375
2025-02-20 08:00:00,25,0.05,0,1,False,True,0.0,1.0,2547.1285400390625
2025-02-20 09:00:00,26,0.052,1,1,True,True,1.0,1.0,2550.63671875
2025-02-20 10:00:00,25,0.05,0,2,False,True,0.0,1.0,2525.268127441406
2025-02-20 11:00:00,25,0.05,0,1,False,True,0.0,1.0,2519.173107910156
2025-02-20 12:00:00,25,0.05,0,2,False,True,0.0,1.0,2512.7459106445312
2025-02-20 13:00:00,30,0.06,0,2,False,True,0.0,1.0,2472.404541015625
2025-02-20 14:00:00,500,1.0,5,5,True,True,1.0,1.0,2470.0
2025-02-20 15:00:00,33,0.066,0,1,False,True,0.0,1.0,2512.150390625
2025-02-20 16:00:00,30,0.06,0,1,False,True,0.0,1.0,2490.318603515625
2025-02-20 17:00:00,500,1.0,5,5,True,True,1.0,1.0,2470.0
2025-02-20 18:00:00,26,0.052,0,2,False,True,0.0,1.0,2457.15185546875
2025-02-20 19:00:00,25,0.05,0,1,False,True,0.0,1.0,2453.171423339844
2025-02-20 20:00:00,28,0.056,0,1,False,True,0.0,1.0,2453.26025390625
2025-02-20 21:00:00,25,0.05,0,1,False,True,0.0,1.0,2452.8222045898438
2025-02-20 22:00:00,25,0.05,0,1,False,True,0.0,1.0,2451.19140625
2025-02-20 23:00:00,25,0.05,0,2,False,True,0.0,1.0,2455.055322265625
2025-02-21 00:00:00,29,0.058,0,2,False,True,0.0,1.0,2454.67626953125
2025-02-21 01:00:00,25,0.05,0,1,False,True,0.0,1.0,2454.49248046875
2025-02-21 02:00:00,25,0.05,0,1,False,True,0.0,1.0,2443.36748046875
2025-02-21 03:00:00,27,0.054,0,2,False,True,0.0,1.0,2454.1650390625
2025-02-21 04:00:00,26,0.052,0,2,False,True,0.0,1.0,2455.947509765625
2025-02-21 05:00:00,31,0.062,0,2,False,True,0.0,1.0,2458.738525390625
2025-02-21 06:00:00,25,0.05,0,1,False,True,0.0,1.0,2442.760302734375
2025-02-21 07:00:00,38,0.076,0,1,False,True,0.0,1.0,2449.01220703125
2025-02-21 08:00:00,25,0.05,0,1,False,True,0.0,1.0,2436.074670410156
2025-02-21 09:00:00,27,0.054,0,2,False,True,0.0,1.0,2449.15625
2025-02-21 10:00:00,25,0.05,0,2,False,True,0.0,1.0,2463.8508056640626
2025-02-21 11:00:00,25,0.05,0,1,False,True,0.0,1.0,2391.184399414062
2025-02-21 12:00:00,28,0.056,0,2,False,True,0.0,1.0,2421.752685546875
2025-02-21 13:00:00,30,0.06,0,2,False,True,0.0,1.0,2367.7744140625
2025-02-21 14:00:00,25,0.05,0,2,False,True,0.0,1.0,2360.3604980468745
2025-02-21 15:00:00,25,0.05,0,1,False,True,0.0,1.0,2393.9484252929688
2025-02-21 16:00:00,25,0.05,0,1,False,True,0.0,1.0,2345.292822265625
2025-02-21 17:00:00,500,1.0,5,5,True,True,1.0,1.0,2306.0
2025-02-21 18:00:00,500,1.0,5,5,True,True,1.0,1.0,2172.0
2025-02-21 19:00:00,500,1.0,5,5,True,True,1.0,1.0,2063.0
2025-02-21 20:00:00,500,1.0,5,5,True,True,1.0,1.0,1977.0
2025-02-21 21:00:00,500,1.0,5,5,True,True,1.0,1.0,1872.0
2025-02-21 22:00:00,32,0.064,0,1,False,True,0.0,1.0,1832.4664306640625
2025-02-21 23:00:00,26,0.052,0,1,False,True,0.0,1.0,1832.4664306640625
2025-02-22 00:00:00,25,0.05,0,1,False,True,0.0,1.0,1829.6145812988282
2025-02-22 01:00:00,25,0.05,0,2,False,True,0.0,1.0,1828.3519470214844
2025-02-22 02:00:00,27,0.054,0,1,False,True,0.0,1.0,1833.4154052734375
2025-02-22 03:00:00,27,0.054,1,1,True,True,1.0,1.0,1834.21484375
2025-02-22 04:00:00,25,0.05,0,1,False,True,0.0,1.0,1833.9674377441406
2025-02-22 05:00:00,26,0.052,0,1,False,True,0.0,1.0,1834.260009765625
2025-02-22 06:00:00,25,0.05,0,3,False,True,0.0,1.0,1828.414599609375
2025-02-22 07:00:00,25,0.05,0,1,False,True,0.0,1.0,1832.7486328124999
2025-02-22 08:00:00,29,0.058,0,2,False,True,0.0,1.0,1832.982421875
2025-02-22 09:00:00,25,0.05,0,1,False,True,0.0,1.0,1830.4867248535156
2025-02-22 10:00:00,26,0.052,0,1,False,True,0.0,1.0,1832.9425048828125
2025-02-22 11:00:00,31,0.062,0,1,False,True,0.0,1.0,1827.524169921875
2025-02-22 12:00:00,25,0.05,0,1,False,True,0.0,1.0,1829.1647705078124
2025-02-22 13:00:00,27,0.054,1,1,True,True,1.0,1.0,1857.0760498046875
2025-02-22 14:00:00,32,0.064,0,3,False,True,0.0,1.0,1841.38671875
2025-02-22 15:00:00,25,0.05,0,2,False,True,0.0,1.0,1847.5265075683594
2025-02-22 16:00:00,28,0.056,0,1,False,True,0.0,1.0,1840.9415283203125
2025-02-22 17:00:00,500,1.0,5,5,True,True,1.0,1.0,1808.0
2025-02-22 18:00:00,26,0.052,0,1,False,True,0.0,1.0,1805.8333740234375
2025-02-22 19:00:00,26,0.052,1,1,True,True,1.0,1.0,1805.8333740234375
2025-02-22 20:00:00,25,0.05,0,2,False,True,0.0,1.0,1803.4295349121094
2025-02-22 21:00:00,30,0.06,0,2,False,True,0.0,1.0,1804.5699462890625
2025-02-22 22:00:00,27,0.054,0,2,False,True,0.0,1.0,1803.504150390625
2025-02-22 23:00:00,25,0.05,0,2,False,True,0.0,1.0,1803.2426452636719
2025-02-23 00:00:00,35,0.07,0,1,False,True,0.0,1.0,1803.72705078125
2025-02-23 01:00:00,25,0.05,0,1,False,True,0.0,1.0,1804.2630126953125
2025-02-23 02:00:00,25,0.05,0,1,False,True,0.0,1.0,1805.0462463378906
2025-02-23 03:00:00,25,0.05,0,1,False,True,0.0,1.0,1806.931396484375
2025-02-23 04:00:00,27,0.054,0,2,False,True,0.0,1.0,1813.4468994140625
2025-02-23 05:00:00,26,0.052,0,2,False,True,0.0,1.0,1815.984619140625
2025-02-23 06:00:00,25,0.05,0,1,False,True,0.0,1.0,1809.2456420898438
2025-02-23 07:00:00,25,0.05,0,2,False,True,0.0,1.0,1813.9186706542969
2025-02-23 08:00:00,27,0.054,0,1,False,True,0.0,1.0,1873.1201171875
2025-02-23 09:00:00,37,0.074,0,1,False,True,0.0,1.0,2072.133056640625
2025-02-23 10:00:00,25,0.05,0,2,False,True,0.0,1.0,2202.251416015625
2025-02-23 11:00:00,25,0.05,0,1,False,True,0.0,1.0,2229.340161132812
2025-02-23 12:00:00,28,0.056,0,1,False,True,0.0,1.0,2311.050048828125
2025-02-23 13:00:00,25,0.05,0,2,False,True,0.0,1.0,2359.170947265625
2025-02-23 14:00:00,27,0.054,0,2,False,True,0.0,1.0,2365.964599609375
2025-02-23 15:00:00,25,0.05,0,2,False,True,0.0,1.0,2355.4869873046873
2025-02-23 16:00:00,25,0.05,1,2,True,True,1.0,1.0,2428.36552734375
2025-02-23 17:00:00,25,0.05,0,1,False,True,0.0,1.0,2429.57509765625
2025-02-23 18:00:00,29,0.058,0,2,False,True,0.0,1.0,2431.869384765625
2025-02-23 19:00:00,27,0.054,0,2,False,True,0.0,1.0,2430.770751953125
2025-02-23 20:00:00,25,0.05,0,2,False,True,0.0,1.0,2428.135571289062
2025-02-23 21:00:00,25,0.05,0,2,False,True,0.0,1.0,2428.9369140625
2025-02-23 22:00:00,25,0.05,0,1,False,True,0.0,1.0,2419.530590820312
2025-02-23 23:00:00,26,0.052,0,3,False,True,0.0,1.0,2431.073486328125
2025-02-24 00:00:00,25,0.05,0,1,False,True,0.0,1.0,2417.0472534179685
2025-02-24 01:00:00,25,0.05,0,2,False,True,0.0,1.0,2423.3374267578124
2025-02-24 02:00:00,28,0.056,0,1,False,True,0.0,1.0,2431.39306640625
2025-02-24 03:00:00,25,0.05,0,1,False,True,0.0,1.0,2401.691320800781
2025-02-24 04:00:00,25,0.05,0,2,False,True,0.0,1.0,2421.9418212890623
2025-02-24 05:00:00,33,0.066,0,2,False,True,0.0,1.0,2433.15771484375
2025-02-24 06:00:00,25,0.05,0,1,False,True,0.0,1.0,2440.47919921875
2025-02-24 07:00:00,27,0.054,0,2,False,True,0.0,1.0,2440.646728515625
2025-02-24 08:00:00,29,0.058,0,2,False,True,0.0,1.0,2433.909912109375
2025-02-24 09:00:00,25,0.05,0,1,False,True,0.0,1.0,2428.2778930664062
2025-02-24 10:00:00,25,0.05,0,2,False,True,0.0,1.0,2434.942980957031
2025-02-24 11:00:00,25,0.05,0,1,False,True,0.0,1.0,2427.9724243164064
2025-02-24 12:00:00,28,0.056,0,1,False,True,0.0,1.0,2436.975830078125
2025-02-24 13:00:00,25,0.05,0,1,False,True,0.0,1.0,2455.6786376953123
2025-02-24 14:00:00,36,0.072,0,2,False,True,0.0,1.0,2476.201904296875
2025-02-24 15:00:00,26,0.052,0,1,False,True,0.0,1.0,2471.498291015625
2025-02-24 16:00:00,25,0.05,0,1,False,True,0.0,1.0,2403.350622558594
2025-02-24 17:00:00,27,0.054,0,1,False,True,0.0,1.0,2405.819091796875
2025-02-24 18:00:00,27,0.054,0,1,False,True,0.0,1.0,2408.79150390625
2025-02-24 19:00:00,25,0.05,0,1,False,True,0.0,1.0,2407.1119384765625
2025-02-24 20:00:00,30,0.06,0,2,False,True,0.0,1.0,2408.79150390625
2025-02-24 21:00:00,31,0.062,0,1,False,True,0.0,1.0,2408.8974609375
2025-02-24 22:00:00,25,0.05,0,1,False,True,0.0,1.0,2404.989367675781
2025-02-24 23:00:00,33,0.066,0,1,False,True,0.0,1.0,2408.8974609375
2025-02-25 00:00:00,27,0.054,0,1,False,True,0.0,1.0,2423.71875
2025-02-25 01:00:00,25,0.05,0,1,False,True,0.0,1.0,2418.6508056640623
2025-02-25 02:00:00,30,0.06,0,1,False,True,0.0,1.0,2424.391357421875
2025-02-25 03:00:00,26,0.052,0,2,False,True,0.0,1.0,2423.18505859375
2025-02-25 04:00:00,28,0.056,0,1,False,True,0.0,1.0,2437.555908203125
2025-02-25 05:00:00,33,0.066,0,1,False,True,0.0,1.0,2437.555908203125
2025-02-25 06:00:00,25,0.05,0,2,False,True,0.0,1.0,2428.040075683594
2025-02-25 07:00:00,36,0.072,0,1,False,True,0.0,1.0,2435.4072265625
2025-02-25 08:00:00,25,0.05,0,1,False,True,0.0,1.0,2426.6013061523436
2025-02-25 09:00:00,25,0.05,0,1,False,True,0.0,1.0,2431.114123535156
2025-02-25 10:00:00,25,0.05,0,2,False,True,0.0,1.0,2405.4268432617187
2025-02-25 11:00:00,30,0.06,0,3,False,True,0.0,1.0,2402.034423828125
2025-02-25 12:00:00,33,0.066,0,1,False,True,0.0,1.0,2397.431640625
2025-02-25 13:00:00,27,0.054,0,1,False,True,0.0,1.0,2390.0
2025-02-25 14:00:00,500,1.0,5,5,True,True,1.0,1.0,2368.0
2025-02-25 15:00:00,25,0.05,1,1,True,True,1.0,1.0,2376.330078125
2025-02-25 16:00:00,25,0.05,0,1,False,True,0.0,1.0,2455.5211425781245
2025-02-25 17:00:00,25,0.05,1,2,True,True,1.0,1.0,2456.8397338867185
2025-02-25 18:00:00,25,0.05,0,2,False,True,0.0,1.0,2451.7451782226562
2025-02-25 19:00:00,25,0.05,0,2,False,True,0.0,1.0,2451.643310546875
2025-02-25 20:00:00,25,0.05,0,2,False,True,0.0,1.0,2449.1423828125
2025-02-25 21:00:00,29,0.058,0,1,False,True,0.0,1.0,2452.49560546875
2025-02-25 22:00:00,25,0.05,0,1,False,True,0.0,1.0,2445.202990722656
2025-02-25 23:00:00,34,0.068,0,2,False,True,0.0,1.0,2452.672119140625
2025-02-26 00:00:00,28,0.056,0,2,False,True,0.0,1.0,2425.4501953125
2025-02-26 01:00:00,49,0.098,1,2,True,True,1.0,1.0,2408.200439453125
2025-02-26 02:00:00,25,0.05,0,2,False,True,0.0,1.0,2412.8998413085938
2025-02-26 03:00:00,29,0.058,0,2,False,True,0.0,1.0,2425.542236328125
2025-02-26 04:00:00,25,0.05,0,2,False,True,0.0,1.0,2416.435827636719
2025-02-26 05:00:00,25,0.05,0,2,False,True,0.0,1.0,2400.64052734375
2025-02-26 06:00:00,38,0.076,0,2,False,True,0.0,1.0,2425.62890625
2025-02-26 07:00:00,29,0.058,0,1,False,True,0.0,1.0,2426.73779296875
2025-02-26 08:00:00,25,0.05,0,2,False,True,0.0,1.0,2416.254211425781
2025-02-26 09:00:00,33,0.066,1,1,True,True,1.0,1.0,2421.4619140625
2025-02-26 10:00:00,26,0.052,0,1,False,True,0.0,1.0,2418.06298828125
2025-02-26 11:00:00,29,0.058,0,2,False,True,0.0,1.0,2439.1982421875
2025-02-26 12:00:00,25,0.05,0,1,False,True,0.0,1.0,2465.9074096679688
2025-02-26 13:00:00,27,0.054,0,1,False,True,0.0,1.0,2433.2958984375
2025-02-26 14:00:00,25,0.05,0,1,False,True,0.0,1.0,2420.5384521484375
2025-02-26 15:00:00,25,0.05,0,1,False,True,0.0,1.0,2430.50517578125
2025-02-26 16:00:00,28,0.056,1,2,True,True,1.0,1.0,2437.57470703125
2025-02-26 17:00:00,500,1.0,5,5,True,True,1.0,1.0,2400.0
2025-02-26 18:00:00,500,1.0,5,5,True,True,1.0,1.0,2364.0
2025-02-26 19:00:00,500,1.0,5,5,True,True,1.0,1.0,2313.0
2025-02-26 20:00:00,500,1.0,5,5,True,True,1.0,1.0,2313.0
2025-02-26 21:00:00,500,1.0,5,5,True,True,1.0,1.0,2313.0
2025-02-26 22:00:00,500,1.0,5,5,True,True,1.0,1.0,2313.0
2025-02-26 23:00:00,500,1.0,5,5,True,True,1.0,1.0,2313.0
2025-02-27 00:00:00,500,1.0,5,5,True,True,1.0,1.0,2313.0
2025-02-27 01:00:00,500,1.0,5,5,True,True,1.0,1.0,2313.0
2025-02-27 02:00:00,500,1.0,5,5,True,True,1.0,1.0,2313.0
2025-02-27 03:00:00,500,1.0,5,5,True,True,1.0,1.0,2313.0
2025-02-27 04:00:00,500,1.0,5,5,True,True,1.0,1.0,2313.0
2025-02-27 05:00:00,500,1.0,5,5,True,True,1.0,1.0,2313.0
2025-02-27 06:00:00,500,1.0,5,5,True,True,1.0,1.0,2313.0
2025-02-27 07:00:00,500,1.0,5,5,True,True,1.0,1.0,2313.0
2025-02-27 08:00:00,500,1.0,5,5,True,True,1.0,1.0,2313.0
2025-02-27 09:00:00,500,1.0,5,5,True,True,1.0,1.0,2313.0
2025-02-27 10:00:00,28,0.056,0,1,False,True,0.0,1.0,2320.68212890625
2025-02-27 11:00:00,500,1.0,5,5,True,True,1.0,1.0,2313.0
2025-02-27 12:00:00,500,1.0,5,5,True,True,1.0,1.0,2313.0
2025-02-27 13:00:00,500,1.0,5,5,True,True,1.0,1.0,2313.0
2025-02-27 14:00:00,500,1.0,5,5,True,True,1.0,1.0,2313.0
2025-02-27 15:00:00,500,1.0,5,5,True,True,1.0,1.0,2313.0
2025-02-27 16:00:00,500,1.0,5,5,True,True,1.0,1.0,2313.0
2025-02-27 17:00:00,500,1.0,5,5,True,True,1.0,1.0,2313.0
2025-02-27 18:00:00,500,1.0,5,5,True,True,1.0,1.0,2189.0
2025-02-27 19:00:00,500,1.0,5,5,True,True,1.0,1.0,2089.0
2025-02-27 20:00:00,500,1.0,5,5,True,True,1.0,1.0,1972.0
2025-02-27 21:00:00,500,1.0,5,5,True,True,1.0,1.0,1832.0
2025-02-27 22:00:00,500,1.0,5,5,True,True,1.0,1.0,1829.0
2025-02-27 23:00:00,500,1.0,5,5,True,True,1.0,1.0,1829.0
2025-02-28 00:00:00,500,1.0,5,5,True,True,1.0,1.0,1829.0
2025-02-28 01:00:00,500,1.0,5,5,True,True,1.0,1.0,1829.0
2025-02-28 02:00:00,500,1.0,5,5,True,True,1.0,1.0,1829.0
2025-02-28 03:00:00,500,1.0,5,5,True,True,1.0,1.0,1829.0
2025-02-28 04:00:00,500,1.0,5,5,True,True,1.0,1.0,1829.0
2025-02-28 05:00:00,500,1.0,5,5,True,True,1.0,1.0,1829.0
2025-02-28 06:00:00,500,1.0,5,5,True,True,1.0,1.0,1829.0
2025-02-28 07:00:00,500,1.0,5,5,True,True,1.0,1.0,1829.0
2025-02-28 08:00:00,500,1.0,5,5,True,True,1.0,1.0,1829.0
2025-02-28 09:00:00,500,1.0,5,5,True,True,1.0,1.0,1829.0
2025-02-28 10:00:00,500,1.0,5,5,True,True,1.0,1.0,1829.0
2025-02-28 11:00:00,500,1.0,5,5,True,True,1.0,1.0,1829.0
2025-02-28 12:00:00,500,1.0,5,5,True,True,1.0,1.0,1829.0
2025-02-28 13:00:00,500,1.0,5,5,True,True,1.0,1.0,1829.0
2025-02-28 14:00:00,500,1.0,5,5,True,True,1.0,1.0,1829.0
2025-02-28 15:00:00,500,1.0,5,5,True,True,1.0,1.0,1829.0
2025-02-28 16:00:00,500,1.0,5,5,True,True,1.0,1.0,1829.0
2025-02-28 17:00:00,500,1.0,5,5,True,True,1.0,1.0,1829.0
2025-02-28 18:00:00,500,1.0,5,5,True,True,1.0,1.0,1792.0
2025-02-28 19:00:00,500,1.0,5,5,True,True,1.0,1.0,1792.0
2025-02-28 20:00:00,500,1.0,5,5,True,True,1.0,1.0,1792.0
2025-02-28 21:00:00,500,1.0,5,5,True,True,1.0,1.0,1792.0
2025-02-28 22:00:00,500,1.0,5,5,True,True,1.0,1.0,1792.0
2025-02-28 23:00:00,500,1.0,5,5,True,True,1.0,1.0,1792.0
2025-03-01 00:00:00,500,1.0,5,5,True,True,1.0,1.0,1792.0
2025-03-01 01:00:00,500,1.0,5,5,True,True,1.0,1.0,1792.0
2025-03-01 02:00:00,500,1.0,5,5,True,True,1.0,1.0,1792.0
2025-03-01 03:00:00,500,1.0,5,5,True,True,1.0,1.0,1792.0
2025-03-01 04:00:00,500,1.0,5,5,True,True,1.0,1.0,1792.0
2025-03-01 05:00:00,500,1.0,5,5,True,True,1.0,1.0,1792.0
2025-03-01 06:00:00,500,1.0,5,5,True,True,1.0,1.0,1792.0
2025-03-01 07:00:00,500,1.0,5,5,True,True,1.0,1.0,1792.0
2025-03-01 08:00:00,500,1.0,5,5,True,True,1.0,1.0,1792.0
2025-03-01 09:00:00,500,1.0,5,5,True,True,1.0,1.0,1792.0
2025-03-01 10:00:00,500,1.0,5,5,True,True,1.0,1.0,1792.0
2025-03-01 11:00:00,500,1.0,5,5,True,True,1.0,1.0,1792.0
2025-03-01 12:00:00,500,1.0,5,5,True,True,1.0,1.0,1792.0
2025-03-01 13:00:00,500,1.0,5,5,True,True,1.0,1.0,1792.0
2025-03-01 14:00:00,500,1.0,5,5,True,True,1.0,1.0,1792.0
2025-03-01 15:00:00,500,1.0,5,5,True,True,1.0,1.0,1792.0
2025-03-01 16:00:00,500,1.0,5,5,True,True,1.0,1.0,1792.0
2025-03-01 17:00:00,25,0.05,0,2,False,True,0.0,1.0,1836.634698486328
2025-03-01 18:00:00,500,1.0,5,5,True,True,1.0,1.0,1867.0
2025-03-01 19:00:00,500,1.0,5,5,True,True,1.0,1.0,1867.0
2025-03-01 20:00:00,500,1.0,5,5,True,True,1.0,1.0,1867.0
2025-03-01 21:00:00,500,1.0,5,5,True,True,1.0,1.0,1867.0
2025-03-01 22:00:00,500,1.0,5,5,True,True,1.0,1.0,1867.0
2025-03-01 23:00:00,500,1.0,5,5,True,True,1.0,1.0,1867.0
2025-03-02 00:00:00,500,1.0,5,5,True,True,1.0,1.0,1867.0
2025-03-02 01:00:00,500,1.0,5,5,True,True,1.0,1.0,1867.0
2025-03-02 02:00:00,500,1.0,5,5,True,True,1.0,1.0,1867.0
2025-03-02 03:00:00,500,1.0,5,5,True,True,1.0,1.0,1867.0
2025-03-02 04:00:00,500,1.0,5,5,True,True,1.0,1.0,1867.0
2025-03-02 05:00:00,500,1.0,5,5,True,True,1.0,1.0,1867.0
2025-03-02 06:00:00,500,1.0,5,5,True,True,1.0,1.0,1867.0
2025-03-02 07:00:00,500,1.0,5,5,True,True,1.0,1.0,1867.0
2025-03-02 08:00:00,500,1.0,5,5,True,True,1.0,1.0,1867.0
2025-03-02 09:00:00,500,1.0,5,5,True,True,1.0,1.0,1867.0
2025-03-02 10:00:00,500,1.0,5,5,True,True,1.0,1.0,1867.0
2025-03-02 11:00:00,25,0.05,0,2,False,True,0.0,1.0,1873.9405395507813
2025-03-02 12:00:00,35,0.07,0,1,False,True,0.0,1.0,1958.631591796875
2025-03-02 13:00:00,25,0.05,0,1,False,True,0.0,1.0,2058.6061523437497
2025-03-02 14:00:00,35,0.07,0,2,False,True,0.0,1.0,2204.39599609375
2025-03-02 15:00:00,25,0.05,0,1,False,True,0.0,1.0,2371.13935546875
2025-03-02 16:00:00,27,0.054,0,2,False,True,0.0,1.0,2429.056640625
2025-03-02 17:00:00,32,0.064,0,1,False,True,0.0,1.0,2422.48095703125
2025-03-02 18:00:00,500,1.0,5,5,True,True,1.0,1.0,2456.0
2025-03-02 19:00:00,500,1.0,5,5,True,True,1.0,1.0,2456.0
2025-03-02 20:00:00,500,1.0,5,5,True,True,1.0,1.0,2456.0
2025-03-02 21:00:00,500,1.0,5,5,True,True,1.0,1.0,2456.0
2025-03-02 22:00:00,500,1.0,5,5,True,True,1.0,1.0,2456.0
2025-03-02 23:00:00,500,1.0,5,5,True,True,1.0,1.0,2456.0
2025-03-03 00:00:00,500,1.0,5,5,True,True,1.0,1.0,2456.0
2025-03-03 01:00:00,500,1.0,5,5,True,True,1.0,1.0,2456.0
2025-03-03 02:00:00,500,1.0,5,5,True,True,1.0,1.0,2456.0
2025-03-03 03:00:00,500,1.0,5,5,True,True,1.0,1.0,2456.0
2025-03-03 04:00:00,500,1.0,5,5,True,True,1.0,1.0,2456.0
2025-03-03 05:00:00,500,1.0,5,5,True,True,1.0,1.0,2456.0
2025-03-03 06:00:00,500,1.0,5,5,True,True,1.0,1.0,2456.0
2025-03-03 07:00:00,500,1.0,5,5,True,True,1.0,1.0,2456.0
2025-03-03 08:00:00,500,1.0,5,5,True,True,1.0,1.0,2456.0
2025-03-03 09:00:00,28,0.056,0,1,False,True,0.0,1.0,2478.4873046875
2025-03-03 10:00:00,35,0.07,0,1,False,True,0.0,1.0,2525.637451171875
2025-03-03 11:00:00,25,0.05,1,1,True,True,1.0,1.0,2536.4742431640625
2025-03-03 12:00:00,25,0.05,0,1,False,True,0.0,1.0,2729.999365234375
2025-03-03 13:00:00,25,0.05,0,2,False,True,0.0,1.0,2885.6387573242187
2025-03-03 14:00:00,25,0.05,0,1,False,True,0.0,1.0,3109.2564086914062
2025-03-03 15:00:00,30,0.06,0,2,False,True,0.0,1.0,3147.772216796875
2025-03-03 16:00:00,25,0.05,0,2,False,True,0.0,1.0,3137.060546875
2025-03-03 17:00:00,25,0.05,0,1,False,True,0.0,1.0,3135.7952270507812
2025-03-03 18:00:00,26,0.052,0,1,False,True,0.0,1.0,3144.75146484375
2025-03-03 19:00:00,25,0.05,0,1,False,True,0.0,1.0,3119.316015625
2025-03-03 20:00:00,29,0.058,0,1,False,True,0.0,1.0,3103.923095703125
2025-03-03 21:00:00,25,0.05,0,1,False,True,0.0,1.0,3106.5787109375
2025-03-03 22:00:00,25,0.05,0,1,False,True,0.0,1.0,3111.2541381835936
2025-03-03 23:00:00,27,0.054,0,1,False,True,0.0,1.0,3097.132080078125
2025-03-04 00:00:00,25,0.05,0,1,False,True,0.0,1.0,3120.244873046875
2025-03-04 01:00:00,25,0.05,0,1,False,True,0.0,1.0,3128.914501953125
2025-03-04 02:00:00,26,0.052,0,1,False,True,0.0,1.0,3137.068115234375
2025-03-04 03:00:00,25,0.05,0,3,False,True,0.0,1.0,3120.209191894531
2025-03-04 04:00:00,25,0.05,0,1,False,True,0.0,1.0,3107.100134277344
2025-03-04 05:00:00,29,0.058,0,1,False,True,0.0,1.0,3122.077880859375
2025-03-04 06:00:00,27,0.054,0,1,False,True,0.0,1.0,3103.693115234375
2025-03-04 07:00:00,25,0.05,0,2,False,True,0.0,1.0,3103.492053222656
2025-03-04 08:00:00,27,0.054,0,2,False,True,0.0,1.0,3105.689453125
2025-03-04 09:00:00,29,0.058,0,1,False,True,0.0,1.0,3087.885498046875
2025-03-04 10:00:00,25,0.05,0,2,False,True,0.0,1.0,3094.960559082031
2025-03-04 11:00:00,32,0.064,0,1,False,True,0.0,1.0,3105.994384765625
2025-03-04 12:00:00,26,0.052,0,1,False,True,0.0,1.0,3094.037841796875
2025-03-04 13:00:00,27,0.054,0,2,False,True,0.0,1.0,2960.005859375
2025-03-04 14:00:00,31,0.062,1,1,True,True,1.0,1.0,2827.522705078125
2025-03-04 15:00:00,25,0.05,0,2,False,True,0.0,1.0,2844.163830566406
2025-03-04 16:00:00,28,0.056,0,1,False,True,0.0,1.0,2885.47705078125
2025-03-04 17:00:00,500,1.0,5,5,True,True,1.0,1.0,2825.0
2025-03-04 18:00:00,500,1.0,5,5,True,True,1.0,1.0,2724.0
2025-03-04 19:00:00,25,0.05,0,1,False,True,0.0,1.0,2631.233361816406
2025-03-04 20:00:00,25,0.05,0,1,False,True,0.0,1.0,2626.298620605469
2025-03-04 21:00:00,27,0.054,0,2,False,True,0.0,1.0,2627.56689453125
2025-03-04 22:00:00,30,0.06,0,2,False,True,0.0,1.0,2626.52197265625
2025-03-04 23:00:00,45,0.09,0,1,False,True,0.0,1.0,2626.4833984375
2025-03-05 00:00:00,25,0.05,0,2,False,True,0.0,1.0,2626.5370239257813
2025-03-05 01:00:00,25,0.05,0,2,False,True,0.0,1.0,2628.5318115234377
2025-03-05 02:00:00,27,0.054,1,1,True,True,1.0,1.0,2630.95556640625
2025-03-05 03:00:00,28,0.056,0,1,False,True,0.0,1.0,2629.047607421875
2025-03-05 04:00:00,29,0.058,0,2,False,True,0.0,1.0,2629.4208984375
2025-03-05 05:00:00,25,0.05,1,1,True,True,1.0,1.0,2621.6470458984377
2025-03-05 06:00:00,25,0.05,0,1,False,True,0.0,1.0,2615.890026855469
2025-03-05 07:00:00,26,0.052,0,2,False,True,0.0,1.0,2622.407470703125
2025-03-05 08:00:00,25,0.05,0,1,False,True,0.0,1.0,2662.7694091796875
2025-03-05 09:00:00,30,0.06,0,2,False,True,0.0,1.0,2651.185791015625
2025-03-05 10:00:00,30,0.06,0,2,False,True,0.0,1.0,2633.555908203125
2025-03-05 11:00:00,25,0.05,0,2,False,True,0.0,1.0,2628.127819824219
2025-03-05 12:00:00,27,0.054,0,2,False,True,0.0,1.0,2577.2900390625
2025-03-05 13:00:00,25,0.05,1,2,True,True,1.0,1.0,2632.993762207031
2025-03-05 14:00:00,25,0.05,0,2,False,True,0.0,1.0,2684.9207397460937
2025-03-05 15:00:00,25,0.05,0,2,False,True,0.0,1.0,2680.3202270507813
2025-03-05 16:00:00,28,0.056,0,2,False,True,0.0,1.0,2686.6015625
2025-03-05 17:00:00,25,0.05,1,1,True,True,1.0,1.0,2673.034387207031
2025-03-05 18:00:00,25,0.05,0,1,False,True,0.0,1.0,2662.0428833007813
2025-03-05 19:00:00,25,0.05,1,2,True,True,1.0,1.0,2666.7947387695312
2025-03-05 20:00:00,29,0.058,0,2,False,True,0.0,1.0,2659.743896484375
2025-03-05 21:00:00,36,0.072,0,2,False,True,0.0,1.0,2659.743896484375
2025-03-05 22:00:00,25,0.05,0,2,False,True,0.0,1.0,2655.0116943359376
2025-03-05 23:00:00,25,0.05,0,2,False,True,0.0,1.0,2671.4548095703126
2025-03-06 00:00:00,39,0.078,0,2,False,True,0.0,1.0,2670.8759765625
2025-03-06 01:00:00,25,0.05,0,2,False,True,0.0,1.0,2668.2330810546873
2025-03-06 02:00:00,25,0.05,0,2,False,True,0.0,1.0,2659.2129150390624
2025-03-06 03:00:00,29,0.058,0,2,False,True,0.0,1.0,2662.060302734375
2025-03-06 04:00:00,29,0.058,0,1,False,True,0.0,1.0,2657.482421875
2025-03-06 05:00:00,27,0.054,0,1,False,True,0.0,1.0,2658.806396484375
2025-03-06 06:00:00,25,0.05,1,2,True,True,1.0,1.0,2646.05283203125
2025-03-06 07:00:00,28,0.056,1,1,True,True,1.0,1.0,2648.744873046875
2025-03-06 08:00:00,28,0.056,0,2,False,True,0.0,1.0,2672.149169921875
2025-03-06 09:00:00,36,0.072,0,1,False,True,0.0,1.0,2623.961669921875
2025-03-06 10:00:00,26,0.052,0,1,False,True,0.0,1.0,2595.0610473632814
2025-03-06 11:00:00,25,0.05,0,2,False,True,0.0,1.0,2630.4657470703123
2025-03-06 12:00:00,25,0.05,0,1,False,True,0.0,1.0,2616.052587890625
2025-03-06 13:00:00,27,0.054,1,1,True,True,1.0,1.0,2583.441162109375
2025-03-06 14:00:00,25,0.05,0,1,False,True,0.0,1.0,2570.6451416015625
2025-03-06 15:00:00,26,0.052,0,1,False,True,0.0,1.0,2549.1023803710937
2025-03-06 16:00:00,25,0.05,0,1,False,True,0.0,1.0,2538.6176635742186
2025-03-06 17:00:00,25,0.05,0,2,False,True,0.0,1.0,2535.50791015625
2025-03-06 18:00:00,25,0.05,0,1,False,True,0.0,1.0,2541.469128417969
2025-03-06 19:00:00,25,0.05,0,1,False,True,0.0,1.0,2540.1073974609376
2025-03-06 20:00:00,25,0.05,0,1,False,True,0.0,1.0,2532.9829345703124
2025-03-06 21:00:00,25,0.05,0,1,False,True,0.0,1.0,2539.9370727539062
2025-03-06 22:00:00,25,0.05,0,1,False,True,0.0,1.0,2538.5498291015624
2025-03-06 23:00:00,32,0.064,0,1,False,True,0.0,1.0,2541.30859375
2025-03-07 00:00:00,25,0.05,0,1,False,True,0.0,1.0,2540.8002075195313
2025-03-07 01:00:00,25,0.05,0,1,False,True,0.0,1.0,2540.399072265625
2025-03-07 02:00:00,25,0.05,0,2,False,True,0.0,1.0,2541.8592895507813
2025-03-07 03:00:00,25,0.05,0,1,False,True,0.0,1.0,2534.9019409179687
2025-03-07 04:00:00,25,0.05,0,1,False,True,0.0,1.0,2531.6096435546874
2025-03-07 05:00:00,26,0.052,1,2,True,True,1.0,1.0,2532.82666015625
2025-03-07 06:00:00,25,0.05,0,1,False,True,0.0,1.0,2533.760986328125
2025-03-07 07:00:00,33,0.066,0,1,False,True,0.0,1.0,2535.38916015625
2025-03-07 08:00:00,25,0.05,0,2,False,True,0.0,1.0,2528.283154296875
2025-03-07 09:00:00,28,0.056,0,2,False,True,0.0,1.0,2533.17919921875
2025-03-07 10:00:00,35,0.07,0,1,False,True,0.0,1.0,2546.4794921875
2025-03-07 11:00:00,30,0.06,0,2,False,True,0.0,1.0,2532.690185546875
2025-03-07 12:00:00,26,0.052,0,2,False,True,0.0,1.0,2529.170654296875
2025-03-07 13:00:00,25,0.05,0,2,False,True,0.0,1.0,2517.7923828125
2025-03-07 14:00:00,25,0.05,0,1,False,True,0.0,1.0,2528.7927001953126
2025-03-07 15:00:00,29,0.058,0,1,False,True,0.0,1.0,2503.08984375
2025-03-07 16:00:00,25,0.05,0,1,False,True,0.0,1.0,2489.1628662109374
2025-03-07 17:00:00,500,1.0,5,5,True,True,1.0,1.0,2372.0
2025-03-07 18:00:00,500,1.0,5,5,True,True,1.0,1.0,2256.0
2025-03-07 19:00:00,500,1.0,5,5,True,True,1.0,1.0,2202.0
2025-03-07 20:00:00,500,1.0,5,5,True,True,1.0,1.0,2119.0
2025-03-07 21:00:00,500,1.0,5,5,True,True,1.0,1.0,2023.0
2025-03-07 22:00:00,26,0.052,0,2,False,True,0.0,1.0,1911.5472412109375
2025-03-07 23:00:00,25,0.05,0,1,False,True,0.0,1.0,1905.9548339843748
2025-03-08 00:00:00,25,0.05,0,1,False,True,0.0,1.0,1896.2174499511718
2025-03-08 01:00:00,25,0.05,0,2,False,True,0.0,1.0,1898.5770202636718
2025-03-08 02:00:00,26,0.052,0,2,False,True,0.0,1.0,1906.7642822265625
2025-03-08 03:00:00,25,0.05,0,2,False,True,0.0,1.0,1898.1440673828124
2025-03-08 04:00:00,25,0.05,0,1,False,True,0.0,1.0,1901.1723571777343
2025-03-08 05:00:00,25,0.05,0,2,False,True,0.0,1.0,1895.5597106933594
2025-03-08 06:00:00,25,0.05,0,1,False,True,0.0,1.0,1907.1403015136718
2025-03-08 07:00:00,27,0.054,0,1,False,True,0.0,1.0,1909.1326904296875
2025-03-08 08:00:00,34,0.068,0,1,False,True,0.0,1.0,1909.1326904296875
2025-03-08 09:00:00,25,0.05,0,2,False,True,0.0,1.0,1909.272326660156
2025-03-08 10:00:00,25,0.05,0,1,False,True,0.0,1.0,1910.5300415039062
2025-03-08 11:00:00,500,1.0,5,5,True,True,1.0,1.0,1893.0
2025-03-08 12:00:00,500,1.0,5,5,True,True,1.0,1.0,1893.0
2025-03-08 13:00:00,500,1.0,5,5,True,True,1.0,1.0,1893.0
2025-03-08 14:00:00,25,0.05,0,2,False,True,0.0,1.0,1909.0932312011719
2025-03-08 15:00:00,500,1.0,5,5,True,True,1.0,1.0,1893.0
2025-03-08 16:00:00,500,1.0,5,5,True,True,1.0,1.0,1893.0
2025-03-08 17:00:00,500,1.0,5,5,True,True,1.0,1.0,1893.0
2025-03-08 18:00:00,500,1.0,5,5,True,True,1.0,1.0,1876.0
2025-03-08 19:00:00,500,1.0,5,5,True,True,1.0,1.0,1876.0
2025-03-08 20:00:00,500,1.0,5,5,True,True,1.0,1.0,1892.0
2025-03-08 21:00:00,500,1.0,5,5,True,True,1.0,1.0,1892.0
2025-03-08 22:00:00,500,1.0,5,5,True,True,1.0,1.0,1892.0
2025-03-08 23:00:00,500,1.0,5,5,True,True,1.0,1.0,1892.0
2025-03-09 00:00:00,500,1.0,5,5,True,True,1.0,1.0,1892.0
2025-03-09 01:00:00,500,1.0,5,5,True,True,1.0,1.0,1892.0
2025-03-09 02:00:00,500,1.0,5,5,True,True,1.0,1.0,1892.0
2025-03-09 03:00:00,500,1.0,5,5,True,True,1.0,1.0,1892.0
2025-03-09 04:00:00,500,1.0,5,5,True,True,1.0,1.0,1892.0
2025-03-09 05:00:00,500,1.0,5,5,True,True,1.0,1.0,1892.0
2025-03-09 06:00:00,500,1.0,5,5,True,True,1.0,1.0,1892.0
2025-03-09 07:00:00,500,1.0,5,5,True,True,1.0,1.0,1892.0
2025-03-09 08:00:00,500,1.0,5,5,True,True,1.0,1.0,1892.0
2025-03-09 09:00:00,500,1.0,5,5,True,True,1.0,1.0,1892.0
2025-03-09 10:00:00,25,0.05,0,1,False,True,0.0,1.0,1896.8820068359373
2025-03-09 11:00:00,500,1.0,5,5,True,True,1.0,1.0,1892.0
2025-03-09 12:00:00,29,0.058,0,1,False,True,0.0,1.0,2028.47900390625
2025-03-09 13:00:00,26,0.052,0,2,False,True,0.0,1.0,2096.738037109375
2025-03-09 14:00:00,27,0.054,0,1,False,True,0.0,1.0,2235.382568359375
2025-03-09 15:00:00,25,0.05,0,2,False,True,0.0,1.0,2485.8811035156245
2025-03-09 16:00:00,26,0.052,0,2,False,True,0.0,1.0,2535.450927734375
2025-03-09 17:00:00,25,0.05,0,2,False,True,0.0,1.0,2505.80126953125
2025-03-09 18:00:00,500,1.0,5,5,True,True,1.0,1.0,2528.0
2025-03-09 19:00:00,500,1.0,5,5,True,True,1.0,1.0,2528.0
2025-03-09 20:00:00,500,1.0,5,5,True,True,1.0,1.0,2528.0
2025-03-09 21:00:00,500,1.0,5,5,True,True,1.0,1.0,2528.0
2025-03-09 22:00:00,500,1.0,5,5,True,True,1.0,1.0,2528.0
2025-03-09 23:00:00,500,1.0,5,5,True,True,1.0,1.0,2528.0
2025-03-10 00:00:00,500,1.0,5,5,True,True,1.0,1.0,2528.0
2025-03-10 01:00:00,500,1.0,5,5,True,True,1.0,1.0,2528.0
2025-03-10 02:00:00,500,1.0,5,5,True,True,1.0,1.0,2528.0
2025-03-10 03:00:00,500,1.0,5,5,True,True,1.0,1.0,2528.0
2025-03-10 04:00:00,500,1.0,5,5,True,True,1.0,1.0,2528.0
2025-03-10 05:00:00,500,1.0,5,5,True,True,1.0,1.0,2528.0
2025-03-10 06:00:00,500,1.0,5,5,True,True,1.0,1.0,2528.0
2025-03-10 07:00:00,500,1.0,5,5,True,True,1.0,1.0,2528.0
2025-03-10 08:00:00,500,1.0,5,5,True,True,1.0,1.0,2528.0
2025-03-10 09:00:00,500,1.0,5,5,True,True,1.0,1.0,2528.0
2025-03-10 10:00:00,500,1.0,5,5,True,True,1.0,1.0,2528.0
2025-03-10 11:00:00,500,1.0,5,5,True,True,1.0,1.0,2528.0
2025-03-10 12:00:00,500,1.0,5,5,True,True,1.0,1.0,2528.0
2025-03-10 13:00:00,500,1.0,5,5,True,True,1.0,1.0,2528.0
2025-03-10 14:00:00,27,0.054,0,2,False,True,0.0,1.0,2528.113037109375
2025-03-10 15:00:00,30,0.06,0,1,False,True,0.0,1.0,2649.247802734375
2025-03-10 16:00:00,31,0.062,0,2,False,True,0.0,1.0,2793.302490234375
2025-03-10 17:00:00,32,0.064,1,1,True,True,1.0,1.0,2791.914306640625
2025-03-10 18:00:00,41,0.082,0,2,False,True,0.0,1.0,2797.039794921875
2025-03-10 19:00:00,29,0.058,0,2,False,True,0.0,1.0,2820.4619140625
2025-03-10 20:00:00,25,0.05,0,1,False,True,0.0,1.0,2811.6931030273436
2025-03-10 21:00:00,25,0.05,0,1,False,True,0.0,1.0,2797.3882690429687
2025-03-10 22:00:00,43,0.086,0,3,False,True,0.0,1.0,2796.453857421875
2025-03-10 23:00:00,26,0.052,0,2,False,True,0.0,1.0,2819.287841796875
2025-03-11 00:00:00,25,0.05,0,2,False,True,0.0,1.0,2802.705432128906
2025-03-11 01:00:00,25,0.05,0,2,False,True,0.0,1.0,2815.037365722656
2025-03-11 02:00:00,25,0.05,0,2,False,True,0.0,1.0,2795.940197753906
2025-03-11 03:00:00,26,0.052,0,1,False,True,0.0,1.0,2821.343505859375
2025-03-11 04:00:00,26,0.052,0,2,False,True,0.0,1.0,2795.643310546875
2025-03-11 05:00:00,25,0.05,0,1,False,True,0.0,1.0,2790.7228149414063
2025-03-11 06:00:00,27,0.054,0,2,False,True,0.0,1.0,2795.12060546875
2025-03-11 07:00:00,29,0.058,0,1,False,True,0.0,1.0,2794.09228515625
2025-03-11 08:00:00,27,0.054,0,1,False,True,0.0,1.0,2801.19873046875
2025-03-11 09:00:00,30,0.06,0,2,False,True,0.0,1.0,2800.4697265625
2025-03-11 10:00:00,25,0.05,0,2,False,True,0.0,1.0,2786.954357910156
2025-03-11 11:00:00,25,0.05,0,2,False,True,0.0,1.0,2783.335095214844
2025-03-11 12:00:00,25,0.05,0,2,False,True,0.0,1.0,2789.133557128906
2025-03-11 13:00:00,25,0.05,0,1,False,True,0.0,1.0,2757.4389404296876
2025-03-11 14:00:00,26,0.052,0,1,False,True,0.0,1.0,2733.160888671875
2025-03-11 15:00:00,25,0.05,0,2,False,True,0.0,1.0,2862.53232421875
2025-03-11 16:00:00,25,0.05,0,1,False,True,0.0,1.0,3108.702111816406
2025-03-11 17:00:00,26,0.052,0,2,False,True,0.0,1.0,3102.192138671875
2025-03-11 18:00:00,26,0.052,0,1,False,True,0.0,1.0,3046.337646484375
2025-03-11 19:00:00,29,0.058,0,2,False,True,0.0,1.0,3043.5126953125
2025-03-11 20:00:00,32,0.064,0,1,False,True,0.0,1.0,3052.115478515625
2025-03-11 21:00:00,26,0.052,0,1,False,True,0.0,1.0,3054.714599609375
2025-03-11 22:00:00,29,0.058,0,2,False,True,0.0,1.0,3055.52197265625
2025-03-11 23:00:00,25,0.05,0,2,False,True,0.0,1.0,3040.903771972656
2025-03-12 00:00:00,25,0.05,0,2,False,True,0.0,1.0,3048.6991455078123
2025-03-12 01:00:00,25,0.05,0,1,False,True,0.0,1.0,3059.681469726562
2025-03-12 02:00:00,33,0.066,1,2,True,True,1.0,1.0,3077.311279296875
2025-03-12 03:00:00,25,0.05,0,1,False,True,0.0,1.0,3061.9882690429686
2025-03-12 04:00:00,25,0.05,0,1,False,True,0.0,1.0,3069.762243652344
2025-03-12 05:00:00,25,0.05,0,2,False,True,0.0,1.0,3058.0623901367185
2025-03-12 06:00:00,25,0.05,1,1,True,True,1.0,1.0,3095.530895996094
2025-03-12 07:00:00,37,0.074,0,1,False,True,0.0,1.0,3114.302978515625
2025-03-12 08:00:00,29,0.058,0,1,False,True,0.0,1.0,3111.952392578125
2025-03-12 09:00:00,25,0.05,0,2,False,True,0.0,1.0,3108.69326171875
2025-03-12 10:00:00,25,0.05,0,1,False,True,0.0,1.0,3124.12548828125
2025-03-12 11:00:00,25,0.05,0,2,False,True,0.0,1.0,3125.4751586914062
2025-03-12 12:00:00,34,0.068,0,1,False,True,0.0,1.0,2965.238525390625
2025-03-12 13:00:00,31,0.062,0,1,False,True,0.0,1.0,2966.99951171875
2025-03-12 14:00:00,29,0.058,0,2,False,True,0.0,1.0,2944.1552734375
2025-03-12 15:00:00,29,0.058,0,1,False,True,0.0,1.0,2969.3603515625
2025-03-12 16:00:00,25,0.05,0,1,False,True,0.0,1.0,2971.340771484375
2025-03-12 17:00:00,27,0.054,0,1,False,True,0.0,1.0,2964.80419921875
2025-03-12 18:00:00,26,0.052,0,1,False,True,0.0,1.0,2995.7041015625
2025-03-12 19:00:00,25,0.05,0,3,False,True,0.0,1.0,3007.115612792969
2025-03-12 20:00:00,25,0.05,0,1,False,True,0.0,1.0,3004.8194091796877
2025-03-12 21:00:00,32,0.064,0,1,False,True,0.0,1.0,3010.033203125
2025-03-12 22:00:00,25,0.05,0,1,False,True,0.0,1.0,3005.541711425781
2025-03-12 23:00:00,25,0.05,0,1,False,True,0.0,1.0,3006.2286865234373
2025-03-13 00:00:00,25,0.05,0,2,False,True,0.0,1.0,3012.2802001953123
2025-03-13 01:00:00,25,0.05,0,2,False,True,0.0,1.0,3007.678173828125
2025-03-13 02:00:00,25,0.05,0,2,False,True,0.0,1.0,3014.48466796875
2025-03-13 03:00:00,26,0.052,0,2,False,True,0.0,1.0,3001.0048828125
2025-03-13 04:00:00,32,0.064,0,1,False,True,0.0,1.0,2998.882568359375
2025-03-13 05:00:00,25,0.05,0,1,False,True,0.0,1.0,2992.02685546875
2025-03-13 06:00:00,30,0.06,0,2,False,True,0.0,1.0,2992.981201171875
2025-03-13 07:00:00,28,0.056,0,1,False,True,0.0,1.0,2991.532470703125
2025-03-13 08:00:00,31,0.062,0,1,False,True,0.0,1.0,2982.2177734375
2025-03-13 09:00:00,25,0.05,0,2,False,True,0.0,1.0,3019.166748046875
2025-03-13 10:00:00,28,0.056,0,2,False,True,0.0,1.0,3028.42822265625
2025-03-13 11:00:00,25,0.05,0,1,False,True,0.0,1.0,3056.77490234375
2025-03-13 12:00:00,26,0.052,0,1,False,True,0.0,1.0,3035.011474609375
2025-03-13 13:00:00,27,0.054,0,1,False,True,0.0,1.0,2943.5400390625
2025-03-13 14:00:00,25,0.05,1,2,True,True,1.0,1.0,3012.4314575195312
2025-03-13 15:00:00,30,0.06,0,1,False,True,0.0,1.0,2935.3671875
2025-03-13 16:00:00,26,0.052,0,1,False,True,0.0,1.0,2762.778564453125
2025-03-13 17:00:00,26,0.052,0,2,False,True,0.0,1.0,2747.66162109375
2025-03-13 18:00:00,29,0.058,0,1,False,True,0.0,1.0,2736.507568359375
2025-03-13 19:00:00,25,0.05,0,1,False,True,0.0,1.0,2731.3201171875
2025-03-13 20:00:00,25,0.05,0,1,False,True,0.0,1.0,2724.6538208007814
2025-03-13 21:00:00,25,0.05,0,1,False,True,0.0,1.0,2735.4995239257814
2025-03-13 22:00:00,26,0.052,0,2,False,True,0.0,1.0,2729.31787109375
2025-03-13 23:00:00,25,0.05,0,1,False,True,0.0,1.0,2730.4337524414063
2025-03-14 00:00:00,25,0.05,0,1,False,True,0.0,1.0,2746.718994140625
2025-03-14 01:00:00,29,0.058,0,1,False,True,0.0,1.0,2746.746826171875
2025-03-14 02:00:00,25,0.05,0,2,False,True,0.0,1.0,2755.9065795898437
2025-03-14 03:00:00,26,0.052,0,2,False,True,0.0,1.0,2752.145263671875
2025-03-14 04:00:00,34,0.068,0,2,False,True,0.0,1.0,2753.12939453125
2025-03-14 05:00:00,25,0.05,0,1,False,True,0.0,1.0,2733.409045410156
2025-03-14 06:00:00,31,0.062,0,2,False,True,0.0,1.0,2701.607421875
2025-03-14 07:00:00,27,0.054,0,1,False,True,0.0,1.0,2717.903076171875
2025-03-14 08:00:00,25,0.05,0,2,False,True,0.0,1.0,2697.200549316406
2025-03-14 09:00:00,29,0.058,0,2,False,True,0.0,1.0,2697.326416015625
2025-03-14 10:00:00,25,0.05,0,2,False,True,0.0,1.0,2718.6118774414062
2025-03-14 11:00:00,32,0.064,0,3,False,True,0.0,1.0,2755.589599609375
2025-03-14 12:00:00,25,0.05,0,2,False,True,0.0,1.0,2763.620166015625
2025-03-14 13:00:00,25,0.05,0,1,False,True,0.0,1.0,2780.5167724609373
2025-03-14 14:00:00,25,0.05,0,1,False,True,0.0,1.0,2768.1944702148435
2025-03-14 15:00:00,31,0.062,0,1,False,True,0.0,1.0,2659.35107421875
2025-03-14 16:00:00,500,1.0,5,5,True,True,1.0,1.0,2603.0
2025-03-14 17:00:00,500,1.0,5,5,True,True,1.0,1.0,2603.0
2025-03-14 18:00:00,500,1.0,5,5,True,True,1.0,1.0,2452.0
2025-03-14 19:00:00,500,1.0,5,5,True,True,1.0,1.0,2332.0
2025-03-14 20:00:00,500,1.0,5,5,True,True,1.0,1.0,2218.0
2025-03-14 21:00:00,500,1.0,5,5,True,True,1.0,1.0,2087.0
2025-03-14 22:00:00,31,0.062,0,1,False,True,0.0,1.0,2032.04443359375
2025-03-14 23:00:00,25,0.05,1,2,True,True,1.0,1.0,2028.191290283203
2025-03-15 00:00:00,25,0.05,0,1,False,True,0.0,1.0,2030.5273986816405
2025-03-15 01:00:00,25,0.05,0,2,False,True,0.0,1.0,2029.5024658203124
2025-03-15 02:00:00,25,0.05,0,1,False,True,0.0,1.0,2031.9657897949219
2025-03-15 03:00:00,25,0.05,0,1,False,True,0.0,1.0,2034.3345336914062
2025-03-15 04:00:00,26,0.052,0,1,False,True,0.0,1.0,2023.1259765625
2025-03-15 05:00:00,25,0.05,0,1,False,True,0.0,1.0,2019.6767822265624
2025-03-15 06:00:00,26,0.052,0,1,False,True,0.0,1.0,2022.6158447265625
2025-03-15 07:00:00,29,0.058,0,1,False,True,0.0,1.0,2022.9822998046875
2025-03-15 08:00:00,25,0.05,0,1,False,True,0.0,1.0,2023.181201171875
2025-03-15 09:00:00,36,0.072,1,1,True,True,1.0,1.0,2033.9061279296875
2025-03-15 10:00:00,36,0.072,0,1,False,True,0.0,1.0,2037.8072509765625
2025-03-15 11:00:00,28,0.056,0,2,False,True,0.0,1.0,2044.4698486328125
2025-03-15 12:00:00,25,0.05,0,1,False,True,0.0,1.0,2032.4338806152343
2025-03-15 13:00:00,25,0.05,0,1,False,True,0.0,1.0,2033.7801635742187
2025-03-15 14:00:00,31,0.062,0,1,False,True,0.0,1.0,2012.109619140625
2025-03-15 15:00:00,25,0.05,0,1,False,True,0.0,1.0,2026.3768371582032
2025-03-15 16:00:00,25,0.05,0,1,False,True,0.0,1.0,2014.8729858398438
2025-03-15 17:00:00,35,0.07,0,1,False,True,0.0,1.0,2000.9927978515625
2025-03-15 18:00:00,25,0.05,0,2,False,True,0.0,1.0,2007.8835388183593
2025-03-15 19:00:00,25,0.05,0,1,False,True,0.0,1.0,1999.2687988281245
2025-03-15 20:00:00,30,0.06,0,1,False,True,0.0,1.0,1990.288818359375
2025-03-15 21:00:00,42,0.084,0,2,False,True,0.0,1.0,1972.07861328125
2025-03-15 22:00:00,29,0.058,0,2,False,True,0.0,1.0,1974.05126953125
2025-03-15 23:00:00,25,0.05,1,1,True,True,1.0,1.0,1972.040997314453
2025-03-16 00:00:00,25,0.05,0,1,False,True,0.0,1.0,1984.3682373046875
2025-03-16 01:00:00,25,0.05,1,2,True,True,1.0,1.0,1977.4607360839843
2025-03-16 02:00:00,26,0.052,0,1,False,True,0.0,1.0,1995.6961669921875
2025-03-16 03:00:00,25,0.05,0,1,False,True,0.0,1.0,1989.8154602050781
2025-03-16 04:00:00,30,0.06,0,2,False,True,0.0,1.0,2000.011474609375
2025-03-16 05:00:00,27,0.054,0,1,False,True,0.0,1.0,2001.3009033203125
2025-03-16 06:00:00,25,0.05,0,1,False,True,0.0,1.0,2010.0692443847656
2025-03-16 07:00:00,32,0.064,0,1,False,True,0.0,1.0,2012.0
2025-03-16 08:00:00,34,0.068,0,1,False,True,0.0,1.0,2001.848876953125
2025-03-16 09:00:00,25,0.05,0,1,False,True,0.0,1.0,2141.8673583984373
2025-03-16 10:00:00,29,0.058,0,1,False,True,0.0,1.0,2285.35595703125
2025-03-16 11:00:00,25,0.05,0,2,False,True,0.0,1.0,2329.8052612304687
2025-03-16 12:00:00,25,0.05,0,1,False,True,0.0,1.0,2481.4729248046874
2025-03-16 13:00:00,25,0.05,0,2,False,True,0.0,1.0,2510.007580566406
2025-03-16 14:00:00,25,0.05,0,1,False,True,0.0,1.0,2534.4210815429688
2025-03-16 15:00:00,25,0.05,0,2,False,True,0.0,1.0,2597.7510498046877
2025-03-16 16:00:00,40,0.08,0,1,False,True,0.0,1.0,2604.04248046875
2025-03-16 17:00:00,31,0.062,1,2,True,True,1.0,1.0,2604.7216796875
2025-03-16 18:00:00,25,0.05,0,2,False,True,0.0,1.0,2595.1307128906246
2025-03-16 19:00:00,25,0.05,0,1,False,True,0.0,1.0,2599.1728271484376
2025-03-16 20:00:00,28,0.056,1,3,True,True,1.0,1.0,2610.5517578125
2025-03-16 21:00:00,25,0.05,0,2,False,True,0.0,1.0,2604.723156738281
2025-03-16 22:00:00,25,0.05,0,2,False,True,0.0,1.0,2583.2485717773434
2025-03-16 23:00:00,26,0.052,0,1,False,True,0.0,1.0,2602.735107421875
2025-03-17 00:00:00,32,0.064,0,1,False,True,0.0,1.0,2590.779296875
2025-03-17 01:00:00,33,0.066,0,2,False,True,0.0,1.0,2590.779296875
2025-03-17 02:00:00,28,0.056,0,2,False,True,0.0,1.0,2590.779296875
2025-03-17 03:00:00,25,0.05,0,1,False,True,0.0,1.0,2587.144970703125
2025-03-17 04:00:00,25,0.05,0,1,False,True,0.0,1.0,2595.86103515625
2025-03-17 05:00:00,28,0.056,0,2,False,True,0.0,1.0,2596.79541015625
2025-03-17 06:00:00,27,0.054,0,2,False,True,0.0,1.0,2582.481201171875
2025-03-17 07:00:00,25,0.05,0,2,False,True,0.0,1.0,2585.5768188476563
2025-03-17 08:00:00,25,0.05,0,2,False,True,0.0,1.0,2584.9127197265625
2025-03-17 09:00:00,31,0.062,0,1,False,True,0.0,1.0,2614.012451171875
2025-03-17 10:00:00,25,0.05,0,1,False,True,0.0,1.0,2614.7308349609375
2025-03-17 11:00:00,25,0.05,0,1,False,True,0.0,1.0,2615.861853027344
2025-03-17 12:00:00,27,0.054,0,2,False,True,0.0,1.0,2612.26708984375
2025-03-17 13:00:00,26,0.052,0,2,False,True,0.0,1.0,2618.4239501953125
2025-03-17 14:00:00,25,0.05,0,1,False,True,0.0,1.0,2607.116064453125
2025-03-17 15:00:00,25,0.05,0,1,False,True,0.0,1.0,2513.3898437499997
2025-03-17 16:00:00,25,0.05,0,1,False,True,0.0,1.0,2526.7006591796876
2025-03-17 17:00:00,31,0.062,0,1,False,True,0.0,1.0,2535.34521484375
2025-03-17 18:00:00,25,0.05,0,1,False,True,0.0,1.0,2554.0004394531247
2025-03-17 19:00:00,25,0.05,1,2,True,True,1.0,1.0,2553.7823120117187
2025-03-17 20:00:00,25,0.05,0,1,False,True,0.0,1.0,2558.411181640625
2025-03-17 21:00:00,25,0.05,0,1,False,True,0.0,1.0,2543.1278686523433
2025-03-17 22:00:00,25,0.05,0,1,False,True,0.0,1.0,2547.3224365234373
2025-03-17 23:00:00,29,0.058,0,1,False,True,0.0,1.0,2565.470458984375
2025-03-18 00:00:00,25,0.05,0,2,False,True,0.0,1.0,2552.4248046875
2025-03-18 01:00:00,36,0.072,0,2,False,True,0.0,1.0,2546.785888671875
2025-03-18 02:00:00,25,0.05,0,1,False,True,0.0,1.0,2538.063000488281
2025-03-18 03:00:00,25,0.05,0,2,False,True,0.0,1.0,2552.238916015625
2025-03-18 04:00:00,25,0.05,0,2,False,True,0.0,1.0,2517.7430297851556
2025-03-18 05:00:00,33,0.066,0,2,False,True,0.0,1.0,2526.959228515625
2025-03-18 06:00:00,25,0.05,0,2,False,True,0.0,1.0,2502.49462890625
2025-03-18 07:00:00,25,0.05,1,2,True,True,1.0,1.0,2500.467321777344
2025-03-18 08:00:00,29,0.058,0,2,False,True,0.0,1.0,2522.275146484375
2025-03-18 09:00:00,31,0.062,0,2,False,True,0.0,1.0,2526.55712890625
2025-03-18 10:00:00,31,0.062,0,1,False,True,0.0,1.0,2515.016845703125
2025-03-18 11:00:00,25,0.05,0,2,False,True,0.0,1.0,2490.501330566406
2025-03-18 12:00:00,30,0.06,0,2,False,True,0.0,1.0,2536.461669921875
2025-03-18 13:00:00,40,0.08,0,3,False,True,0.0,1.0,2494.84326171875
2025-03-18 14:00:00,25,0.05,0,1,False,True,0.0,1.0,2541.477648925781
2025-03-18 15:00:00,46,0.092,0,1,False,True,0.0,1.0,2524.253173828125
2025-03-18 16:00:00,34,0.068,0,2,False,True,0.0,1.0,2536.251220703125
2025-03-18 17:00:00,31,0.062,0,2,False,True,0.0,1.0,2529.27099609375
2025-03-18 18:00:00,25,0.05,0,2,False,True,0.0,1.0,2516.4675903320312
2025-03-18 19:00:00,30,0.06,0,1,False,True,0.0,1.0,2519.76220703125
2025-03-18 20:00:00,25,0.05,0,1,False,True,0.0,1.0,2521.2575805664064
2025-03-18 21:00:00,32,0.064,0,2,False,True,0.0,1.0,2520.953125
2025-03-18 22:00:00,25,0.05,0,1,False,True,0.0,1.0,2529.6636474609377
2025-03-18 23:00:00,42,0.084,0,2,False,True,0.0,1.0,2496.789306640625
2025-03-19 00:00:00,27,0.054,0,2,False,True,0.0,1.0,2492.638427734375
2025-03-19 01:00:00,25,0.05,0,2,False,True,0.0,1.0,2456.0016479492188
2025-03-19 02:00:00,31,0.062,0,1,False,True,0.0,1.0,2458.18310546875
2025-03-19 03:00:00,26,0.052,0,2,False,True,0.0,1.0,2458.18310546875
2025-03-19 04:00:00,27,0.054,0,1,False,True,0.0,1.0,2454.6416015625
2025-03-19 05:00:00,27,0.054,0,1,False,True,0.0,1.0,2458.14892578125
2025-03-19 06:00:00,41,0.082,0,2,False,True,0.0,1.0,2500.67138671875
2025-03-19 07:00:00,43,0.086,0,3,False,True,0.0,1.0,2495.28759765625
2025-03-19 08:00:00,25,0.05,0,1,False,True,0.0,1.0,2500.0454223632814
2025-03-19 09:00:00,25,0.05,0,2,False,True,0.0,1.0,2531.3805664062497
2025-03-19 10:00:00,25,0.05,0,1,False,True,0.0,1.0,2521.2791870117185
2025-03-19 11:00:00,28,0.056,0,1,False,True,0.0,1.0,2487.088623046875
2025-03-19 12:00:00,26,0.052,0,2,False,True,0.0,1.0,2426.91845703125
2025-03-19 13:00:00,500,1.0,5,5,True,True,1.0,1.0,2367.0
2025-03-19 14:00:00,25,0.05,0,1,False,True,0.0,1.0,2387.9205688476563
2025-03-19 15:00:00,25,0.05,0,2,False,True,0.0,1.0,2384.7718872070313
2025-03-19 16:00:00,28,0.056,0,2,False,True,0.0,1.0,2381.9873046875
2025-03-19 17:00:00,30,0.06,0,1,False,True,0.0,1.0,2385.4443359375
2025-03-19 18:00:00,500,1.0,5,5,True,True,1.0,1.0,2448.0
2025-03-19 19:00:00,500,1.0,5,5,True,True,1.0,1.0,2448.0
2025-03-19 20:00:00,500,1.0,5,5,True,True,1.0,1.0,2448.0
2025-03-19 21:00:00,500,1.0,5,5,True,True,1.0,1.0,2448.0
2025-03-19 22:00:00,500,1.0,5,5,True,True,1.0,1.0,2448.0
2025-03-19 23:00:00,500,1.0,5,5,True,True,1.0,1.0,2448.0
2025-03-20 00:00:00,500,1.0,5,5,True,True,1.0,1.0,2448.0
2025-03-20 01:00:00,500,1.0,5,5,True,True,1.0,1.0,2448.0
2025-03-20 02:00:00,500,1.0,5,5,True,True,1.0,1.0,2448.0
2025-03-20 03:00:00,500,1.0,5,5,True,True,1.0,1.0,2448.0
2025-03-20 04:00:00,500,1.0,5,5,True,True,1.0,1.0,2448.0
2025-03-20 05:00:00,500,1.0,5,5,True,True,1.0,1.0,2448.0
2025-03-20 06:00:00,500,1.0,5,5,True,True,1.0,1.0,2448.0
2025-03-20 07:00:00,500,1.0,5,5,True,True,1.0,1.0,2448.0
2025-03-20 08:00:00,500,1.0,5,5,True,True,1.0,1.0,2448.0
2025-03-20 09:00:00,500,1.0,5,5,True,True,1.0,1.0,2448.0
2025-03-20 10:00:00,500,1.0,5,5,True,True,1.0,1.0,2448.0
2025-03-20 11:00:00,500,1.0,5,5,True,True,1.0,1.0,2448.0
2025-03-20 12:00:00,500,1.0,5,5,True,True,1.0,1.0,2448.0
2025-03-20 13:00:00,500,1.0,5,5,True,True,1.0,1.0,2448.0
2025-03-20 14:00:00,500,1.0,5,5,True,True,1.0,1.0,2448.0
2025-03-20 15:00:00,500,1.0,5,5,True,True,1.0,1.0,2448.0
2025-03-20 16:00:00,500,1.0,5,5,True,True,1.0,1.0,2448.0
2025-03-20 17:00:00,500,1.0,5,5,True,True,1.0,1.0,2448.0
2025-03-20 18:00:00,500,1.0,5,5,True,True,1.0,1.0,2434.0
2025-03-20 19:00:00,500,1.0,5,5,True,True,1.0,1.0,2349.0
2025-03-20 20:00:00,500,1.0,5,5,True,True,1.0,1.0,2341.0
2025-03-20 21:00:00,500,1.0,5,5,True,True,1.0,1.0,2341.0
2025-03-20 22:00:00,500,1.0,5,5,True,True,1.0,1.0,2341.0
2025-03-20 23:00:00,500,1.0,5,5,True,True,1.0,1.0,2341.0
2025-03-21 00:00:00,500,1.0,5,5,True,True,1.0,1.0,2341.0
2025-03-21 01:00:00,500,1.0,5,5,True,True,1.0,1.0,2341.0
2025-03-21 02:00:00,500,1.0,5,5,True,True,1.0,1.0,2341.0
2025-03-21 03:00:00,500,1.0,5,5,True,True,1.0,1.0,2341.0
2025-03-21 04:00:00,500,1.0,5,5,True,True,1.0,1.0,2341.0
2025-03-21 05:00:00,500,1.0,5,5,True,True,1.0,1.0,2341.0
2025-03-21 06:00:00,500,1.0,5,5,True,True,1.0,1.0,2341.0
2025-03-21 07:00:00,500,1.0,5,5,True,True,1.0,1.0,2341.0
2025-03-21 08:00:00,500,1.0,5,5,True,True,1.0,1.0,2341.0
2025-03-21 09:00:00,500,1.0,5,5,True,True,1.0,1.0,2341.0
2025-03-21 10:00:00,500,1.0,5,5,True,True,1.0,1.0,2341.0
2025-03-21 11:00:00,500,1.0,5,5,True,True,1.0,1.0,2341.0
2025-03-21 12:00:00,500,1.0,5,5,True,True,1.0,1.0,2341.0
2025-03-21 13:00:00,500,1.0,5,5,True,True,1.0,1.0,2341.0
2025-03-21 14:00:00,500,1.0,5,5,True,True,1.0,1.0,2341.0
2025-03-21 15:00:00,500,1.0,5,5,True,True,1.0,1.0,2341.0
2025-03-21 16:00:00,500,1.0,5,5,True,True,1.0,1.0,2341.0
2025-03-21 17:00:00,500,1.0,5,5,True,True,1.0,1.0,2341.0
2025-03-21 18:00:00,500,1.0,5,5,True,True,1.0,1.0,2225.0
2025-03-21 19:00:00,500,1.0,5,5,True,True,1.0,1.0,2201.0
2025-03-21 20:00:00,500,1.0,5,5,True,True,1.0,1.0,2082.0
2025-03-21 21:00:00,500,1.0,5,5,True,True,1.0,1.0,2023.0
2025-03-21 22:00:00,500,1.0,5,5,True,True,1.0,1.0,1979.0
2025-03-21 23:00:00,500,1.0,5,5,True,True,1.0,1.0,1979.0
2025-03-22 00:00:00,500,1.0,5,5,True,True,1.0,1.0,1979.0
2025-03-22 01:00:00,500,1.0,5,5,True,True,1.0,1.0,1979.0
2025-03-22 02:00:00,500,1.0,5,5,True,True,1.0,1.0,1979.0
2025-03-22 03:00:00,500,1.0,5,5,True,True,1.0,1.0,1979.0
2025-03-22 04:00:00,500,1.0,5,5,True,True,1.0,1.0,1979.0
2025-03-22 05:00:00,500,1.0,5,5,True,True,1.0,1.0,1979.0
2025-03-22 06:00:00,500,1.0,5,5,True,True,1.0,1.0,1979.0
2025-03-22 07:00:00,500,1.0,5,5,True,True,1.0,1.0,1979.0
2025-03-22 08:00:00,500,1.0,5,5,True,True,1.0,1.0,1979.0
2025-03-22 09:00:00,500,1.0,5,5,True,True,1.0,1.0,1979.0
2025-03-22 10:00:00,500,1.0,5,5,True,True,1.0,1.0,1979.0
2025-03-22 11:00:00,500,1.0,5,5,True,True,1.0,1.0,1979.0
2025-03-22 12:00:00,500,1.0,5,5,True,True,1.0,1.0,1979.0
2025-03-22 13:00:00,500,1.0,5,5,True,True,1.0,1.0,1979.0
2025-03-22 14:00:00,500,1.0,5,5,True,True,1.0,1.0,1979.0
2025-03-22 15:00:00,500,1.0,5,5,True,True,1.0,1.0,1979.0
2025-03-22 16:00:00,500,1.0,5,5,True,True,1.0,1.0,1979.0
2025-03-22 17:00:00,500,1.0,5,5,True,True,1.0,1.0,1979.0
2025-03-22 18:00:00,500,1.0,5,5,True,True,1.0,1.0,1933.0
2025-03-22 19:00:00,500,1.0,5,5,True,True,1.0,1.0,1965.0
2025-03-22 20:00:00,500,1.0,5,5,True,True,1.0,1.0,1995.0
2025-03-22 21:00:00,500,1.0,5,5,True,True,1.0,1.0,1996.0
2025-03-22 22:00:00,500,1.0,5,5,True,True,1.0,1.0,1996.0
2025-03-22 23:00:00,500,1.0,5,5,True,True,1.0,1.0,1996.0
2025-03-23 00:00:00,500,1.0,5,5,True,True,1.0,1.0,1996.0
2025-03-23 01:00:00,500,1.0,5,5,True,True,1.0,1.0,1996.0
2025-03-23 02:00:00,500,1.0,5,5,True,True,1.0,1.0,1996.0
2025-03-23 03:00:00,500,1.0,5,5,True,True,1.0,1.0,1996.0
2025-03-23 04:00:00,500,1.0,5,5,True,True,1.0,1.0,1996.0
2025-03-23 05:00:00,500,1.0,5,5,True,True,1.0,1.0,1996.0
2025-03-23 06:00:00,500,1.0,5,5,True,True,1.0,1.0,1996.0
2025-03-23 07:00:00,500,1.0,5,5,True,True,1.0,1.0,1996.0
2025-03-23 08:00:00,500,1.0,5,5,True,True,1.0,1.0,1996.0
2025-03-23 09:00:00,500,1.0,5,5,True,True,1.0,1.0,1996.0
2025-03-23 10:00:00,500,1.0,5,5,True,True,1.0,1.0,1996.0
2025-03-23 11:00:00,500,1.0,5,5,True,True,1.0,1.0,1996.0
2025-03-23 12:00:00,500,1.0,5,5,True,True,1.0,1.0,1996.0
2025-03-23 13:00:00,500,1.0,5,5,True,True,1.0,1.0,1996.0
2025-03-23 14:00:00,500,1.0,5,5,True,True,1.0,1.0,1996.0
2025-03-23 15:00:00,25,0.05,0,1,False,True,0.0,1.0,2163.9626953125
2025-03-23 16:00:00,33,0.066,1,1,True,True,1.0,1.0,2575.6025390625
2025-03-23 17:00:00,29,0.058,0,2,False,True,0.0,1.0,2613.776611328125
2025-03-23 18:00:00,500,1.0,5,5,True,True,1.0,1.0,2749.0
2025-03-23 19:00:00,500,1.0,5,5,True,True,1.0,1.0,2749.0
2025-03-23 20:00:00,500,1.0,5,5,True,True,1.0,1.0,2749.0
2025-03-23 21:00:00,500,1.0,5,5,True,True,1.0,1.0,2749.0
2025-03-23 22:00:00,500,1.0,5,5,True,True,1.0,1.0,2749.0
2025-03-23 23:00:00,500,1.0,5,5,True,True,1.0,1.0,2749.0
2025-03-24 00:00:00,500,1.0,5,5,True,True,1.0,1.0,2749.0
2025-03-24 01:00:00,500,1.0,5,5,True,True,1.0,1.0,2749.0
2025-03-24 02:00:00,500,1.0,5,5,True,True,1.0,1.0,2749.0
2025-03-24 03:00:00,500,1.0,5,5,True,True,1.0,1.0,2749.0
2025-03-24 04:00:00,500,1.0,5,5,True,True,1.0,1.0,2749.0
2025-03-24 05:00:00,500,1.0,5,5,True,True,1.0,1.0,2749.0
2025-03-24 06:00:00,500,1.0,5,5,True,True,1.0,1.0,2749.0
2025-03-24 07:00:00,500,1.0,5,5,True,True,1.0,1.0,2749.0
2025-03-24 08:00:00,500,1.0,5,5,True,True,1.0,1.0,2749.0
2025-03-24 09:00:00,500,1.0,5,5,True,True,1.0,1.0,2749.0
2025-03-24 10:00:00,500,1.0,5,5,True,True,1.0,1.0,2749.0
2025-03-24 11:00:00,500,1.0,5,5,True,True,1.0,1.0,2749.0
2025-03-24 12:00:00,500,1.0,5,5,True,True,1.0,1.0,2749.0
2025-03-24 13:00:00,500,1.0,5,5,True,True,1.0,1.0,2749.0
2025-03-24 14:00:00,500,1.0,5,5,True,True,1.0,1.0,2749.0
2025-03-24 15:00:00,26,0.052,0,2,False,True,0.0,1.0,2847.7763671875
2025-03-24 16:00:00,28,0.056,0,2,False,True,0.0,1.0,2950.6337890625
2025-03-24 17:00:00,25,0.05,0,2,False,True,0.0,1.0,2969.802001953125
2025-03-24 18:00:00,500,1.0,5,5,True,True,1.0,1.0,3015.0
2025-03-24 19:00:00,500,1.0,5,5,True,True,1.0,1.0,3015.0
2025-03-24 20:00:00,500,1.0,5,5,True,True,1.0,1.0,3015.0
2025-03-24 21:00:00,500,1.0,5,5,True,True,1.0,1.0,3015.0
2025-03-24 22:00:00,500,1.0,5,5,True,True,1.0,1.0,3015.0
2025-03-24 23:00:00,500,1.0,5,5,True,True,1.0,1.0,3015.0
2025-03-25 00:00:00,500,1.0,5,5,True,True,1.0,1.0,3015.0
2025-03-25 01:00:00,500,1.0,5,5,True,True,1.0,1.0,3015.0
2025-03-25 02:00:00,500,1.0,5,5,True,True,1.0,1.0,3015.0
2025-03-25 03:00:00,500,1.0,5,5,True,True,1.0,1.0,3015.0
2025-03-25 04:00:00,500,1.0,5,5,True,True,1.0,1.0,3015.0
2025-03-25 05:00:00,500,1.0,5,5,True,True,1.0,1.0,3015.0
2025-03-25 06:00:00,500,1.0,5,5,True,True,1.0,1.0,3015.0
2025-03-25 07:00:00,500,1.0,5,5,True,True,1.0,1.0,3015.0
2025-03-25 08:00:00,500,1.0,5,5,True,True,1.0,1.0,3015.0
2025-03-25 09:00:00,500,1.0,5,5,True,True,1.0,1.0,3015.0
2025-03-25 10:00:00,500,1.0,5,5,True,True,1.0,1.0,3015.0
2025-03-25 11:00:00,500,1.0,5,5,True,True,1.0,1.0,3015.0
2025-03-25 12:00:00,500,1.0,5,5,True,True,1.0,1.0,3015.0
2025-03-25 13:00:00,500,1.0,5,5,True,True,1.0,1.0,3015.0
2025-03-25 14:00:00,500,1.0,5,5,True,True,1.0,1.0,3015.0
2025-03-25 15:00:00,27,0.054,0,2,False,True,0.0,1.0,3088.053466796875
2025-03-25 16:00:00,28,0.056,0,1,False,True,0.0,1.0,3197.702880859375
2025-03-25 17:00:00,25,0.05,0,1,False,True,0.0,1.0,3177.660998535156
2025-03-25 18:00:00,25,0.05,0,1,False,True,0.0,1.0,3188.753979492187
2025-03-25 19:00:00,26,0.052,0,2,False,True,0.0,1.0,3208.10400390625
2025-03-25 20:00:00,27,0.054,0,2,False,True,0.0,1.0,3210.028564453125
2025-03-25 21:00:00,25,0.05,0,1,False,True,0.0,1.0,3215.424279785156
2025-03-25 22:00:00,25,0.05,0,1,False,True,0.0,1.0,3189.5824340820313
2025-03-25 23:00:00,25,0.05,0,1,False,True,0.0,1.0,3201.257824707031
2025-03-26 00:00:00,25,0.05,0,1,False,True,0.0,1.0,3189.0134521484374
2025-03-26 01:00:00,34,0.068,0,1,False,True,0.0,1.0,3220.802001953125
2025-03-26 02:00:00,25,0.05,0,1,False,True,0.0,1.0,3195.9766479492187
2025-03-26 03:00:00,25,0.05,1,1,True,True,1.0,1.0,3207.523742675781
2025-03-26 04:00:00,31,0.062,0,1,False,True,0.0,1.0,3181.943115234375
2025-03-26 05:00:00,25,0.05,0,1,False,True,0.0,1.0,3171.3039184570307
2025-03-26 06:00:00,25,0.05,0,1,False,True,0.0,1.0,3185.4382568359374
2025-03-26 07:00:00,25,0.05,0,1,False,True,0.0,1.0,3178.453332519531
2025-03-26 08:00:00,25,0.05,0,1,False,True,0.0,1.0,3175.980578613281
2025-03-26 09:00:00,25,0.05,0,1,False,True,0.0,1.0,3177.438232421875
2025-03-26 10:00:00,25,0.05,0,1,False,True,0.0,1.0,3133.2182495117186
2025-03-26 11:00:00,25,0.05,0,1,False,True,0.0,1.0,3117.9517578125
2025-03-26 12:00:00,26,0.052,0,1,False,True,0.0,1.0,3136.001953125
2025-03-26 13:00:00,28,0.056,1,1,True,True,1.0,1.0,3221.56884765625
2025-03-26 14:00:00,28,0.056,0,2,False,True,0.0,1.0,3442.674560546875
2025-03-26 15:00:00,25,0.05,0,2,False,True,0.0,1.0,3696.2637329101562
2025-03-26 16:00:00,37,0.074,0,2,False,True,0.0,1.0,3720.861328125
2025-03-26 17:00:00,25,0.05,0,1,False,True,0.0,1.0,3726.104309082031
2025-03-26 18:00:00,28,0.056,0,2,False,True,0.0,1.0,3746.6240234375
2025-03-26 19:00:00,35,0.07,0,2,False,True,0.0,1.0,3716.50048828125
2025-03-26 20:00:00,32,0.064,1,3,True,True,1.0,1.0,3751.747802734375
2025-03-26 21:00:00,39,0.078,0,2,False,True,0.0,1.0,3745.3662109375
2025-03-26 22:00:00,25,0.05,0,3,False,True,0.0,1.0,3757.291174316406
2025-03-26 23:00:00,26,0.052,0,3,False,True,0.0,1.0,3762.44091796875
2025-03-27 00:00:00,27,0.054,0,1,False,True,0.0,1.0,3756.017578125
2025-03-27 01:00:00,25,0.05,0,2,False,True,0.0,1.0,3748.9369873046876
2025-03-27 02:00:00,39,0.078,0,2,False,True,0.0,1.0,3748.112548828125
2025-03-27 03:00:00,26,0.052,0,3,False,True,0.0,1.0,3747.705078125
2025-03-27 04:00:00,27,0.054,0,2,False,True,0.0,1.0,3739.94580078125
2025-03-27 05:00:00,26,0.052,1,2,True,True,1.0,1.0,3734.092529296875
2025-03-27 06:00:00,25,0.05,0,2,False,True,0.0,1.0,3689.7087646484374
2025-03-27 07:00:00,30,0.06,0,2,False,True,0.0,1.0,3697.87548828125
2025-03-27 08:00:00,25,0.05,0,2,False,True,0.0,1.0,3694.0291748046875
2025-03-27 09:00:00,28,0.056,0,3,False,True,0.0,1.0,3707.641357421875
2025-03-27 10:00:00,25,0.05,0,2,False,True,0.0,1.0,3732.028881835937
2025-03-27 11:00:00,27,0.054,1,2,True,True,1.0,1.0,3712.2353515625
2025-03-27 12:00:00,40,0.08,0,2,False,True,0.0,1.0,3624.646240234375
2025-03-27 13:00:00,34,0.068,0,2,False,True,0.0,1.0,3624.052978515625
2025-03-27 14:00:00,500,1.0,5,5,True,True,1.0,1.0,3525.0
2025-03-27 15:00:00,500,1.0,5,5,True,True,1.0,1.0,3525.0
2025-03-27 16:00:00,500,1.0,5,5,True,True,1.0,1.0,3525.0
2025-03-27 17:00:00,500,1.0,5,5,True,True,1.0,1.0,3525.0
2025-03-27 18:00:00,500,1.0,5,5,True,True,1.0,1.0,3403.0
2025-03-27 19:00:00,500,1.0,5,5,True,True,1.0,1.0,3195.0
2025-03-27 20:00:00,500,1.0,5,5,True,True,1.0,1.0,2969.0
2025-03-27 21:00:00,25,0.05,0,2,False,True,0.0,1.0,2737.000708007812
2025-03-27 22:00:00,25,0.05,0,2,False,True,0.0,1.0,2725.0057861328123
2025-03-27 23:00:00,25,0.05,0,1,False,True,0.0,1.0,2737.4118408203126
2025-03-28 00:00:00,27,0.054,0,1,False,True,0.0,1.0,2742.3466796875
2025-03-28 01:00:00,32,0.064,1,1,True,True,1.0,1.0,2744.1279296875
2025-03-28 02:00:00,45,0.09,0,2,False,True,0.0,1.0,2670.279052734375
2025-03-28 03:00:00,30,0.06,0,2,False,True,0.0,1.0,2655.740966796875
2025-03-28 04:00:00,30,0.06,1,2,True,True,1.0,1.0,2621.81005859375
2025-03-28 05:00:00,32,0.064,0,1,False,True,0.0,1.0,2615.497802734375
2025-03-28 06:00:00,25,0.05,0,1,False,True,0.0,1.0,2608.116015625
2025-03-28 07:00:00,25,0.05,0,2,False,True,0.0,1.0,2662.4890136718745
2025-03-28 08:00:00,25,0.05,0,2,False,True,0.0,1.0,2727.564904785156
2025-03-28 09:00:00,25,0.05,0,1,False,True,0.0,1.0,2709.526379394531
2025-03-28 10:00:00,25,0.05,0,1,False,True,0.0,1.0,2712.3247314453124
2025-03-28 11:00:00,25,0.05,0,1,False,True,0.0,1.0,2707.7030639648438
2025-03-28 12:00:00,25,0.05,0,2,False,True,0.0,1.0,2705.068115234375
2025-03-28 13:00:00,25,0.05,1,1,True,True,1.0,1.0,2585.3453857421873
2025-03-28 14:00:00,25,0.05,0,1,False,True,0.0,1.0,2597.8969116210938
2025-03-28 15:00:00,28,0.056,1,1,True,True,1.0,1.0,2591.212646484375
2025-03-28 16:00:00,33,0.066,0,1,False,True,0.0,1.0,2517.862548828125
2025-03-28 17:00:00,500,1.0,5,5,True,True,1.0,1.0,2511.0
2025-03-28 18:00:00,500,1.0,5,5,True,True,1.0,1.0,2354.0
2025-03-28 19:00:00,500,1.0,5,5,True,True,1.0,1.0,2283.0
2025-03-28 20:00:00,500,1.0,5,5,True,True,1.0,1.0,2135.0
2025-03-28 21:00:00,500,1.0,5,5,True,True,1.0,1.0,2055.0
2025-03-28 22:00:00,25,0.05,0,1,False,True,0.0,1.0,2039.9323608398438
2025-03-28 23:00:00,26,0.052,0,1,False,True,0.0,1.0,2041.7347412109375
2025-03-29 00:00:00,27,0.054,0,2,False,True,0.0,1.0,2041.7347412109375
2025-03-29 01:00:00,25,0.05,0,1,False,True,0.0,1.0,2043.9244201660156
2025-03-29 02:00:00,32,0.064,0,1,False,True,0.0,1.0,2045.735107421875
2025-03-29 03:00:00,27,0.054,0,1,False,True,0.0,1.0,2045.8851318359375
2025-03-29 04:00:00,36,0.072,0,2,False,True,0.0,1.0,2038.2503662109375
2025-03-29 05:00:00,25,0.05,0,1,False,True,0.0,1.0,2031.9771179199217
2025-03-29 06:00:00,25,0.05,0,1,False,True,0.0,1.0,2034.7832275390624
2025-03-29 07:00:00,25,0.05,0,2,False,True,0.0,1.0,2034.7906494140625
2025-03-29 08:00:00,25,0.05,0,1,False,True,0.0,1.0,2032.9250732421874
2025-03-29 09:00:00,25,0.05,0,2,False,True,0.0,1.0,2034.2466796874999
2025-03-29 10:00:00,25,0.05,0,1,False,True,0.0,1.0,2048.5315673828127
2025-03-29 11:00:00,29,0.058,0,1,False,True,0.0,1.0,2043.0384521484375
2025-03-29 12:00:00,29,0.058,0,2,False,True,0.0,1.0,2036.093017578125
2025-03-29 13:00:00,26,0.052,0,1,False,True,0.0,1.0,2035.652587890625
2025-03-29 14:00:00,31,0.062,0,1,False,True,0.0,1.0,2030.3800048828125
2025-03-29 15:00:00,30,0.06,0,1,False,True,0.0,1.0,1993.400390625
2025-03-29 16:00:00,25,0.05,0,1,False,True,0.0,1.0,1971.1527526855468
2025-03-29 17:00:00,500,1.0,5,5,True,True,1.0,1.0,1967.0
2025-03-29 18:00:00,500,1.0,5,5,True,True,1.0,1.0,1967.0
2025-03-29 19:00:00,500,1.0,5,5,True,True,1.0,1.0,1967.0
2025-03-29 20:00:00,500,1.0,5,5,True,True,1.0,1.0,1957.0
2025-03-29 21:00:00,500,1.0,5,5,True,True,1.0,1.0,1957.0
2025-03-29 22:00:00,500,1.0,5,5,True,True,1.0,1.0,1957.0
2025-03-29 23:00:00,500,1.0,5,5,True,True,1.0,1.0,1957.0
2025-03-30 00:00:00,500,1.0,5,5,True,True,1.0,1.0,1957.0
2025-03-30 01:00:00,500,1.0,5,5,True,True,1.0,1.0,1957.0
2025-03-30 02:00:00,500,1.0,5,5,True,True,1.0,1.0,1957.0
2025-03-30 03:00:00,500,1.0,5,5,True,True,1.0,1.0,1957.0
2025-03-30 04:00:00,500,1.0,5,5,True,True,1.0,1.0,1957.0
2025-03-30 05:00:00,500,1.0,5,5,True,True,1.0,1.0,1957.0
2025-03-30 06:00:00,500,1.0,5,5,True,True,1.0,1.0,1957.0
2025-03-30 07:00:00,500,1.0,5,5,True,True,1.0,1.0,1957.0
2025-03-30 08:00:00,500,1.0,5,5,True,True,1.0,1.0,1957.0
2025-03-30 09:00:00,25,0.05,1,1,True,True,1.0,1.0,2127.301306152344
2025-03-30 10:00:00,27,0.054,0,1,False,True,0.0,1.0,2265.919189453125
2025-03-30 11:00:00,25,0.05,1,2,True,True,1.0,1.0,2331.3652954101562
2025-03-30 12:00:00,25,0.05,0,2,False,True,0.0,1.0,2443.5375488281247
2025-03-30 13:00:00,25,0.05,0,1,False,True,0.0,1.0,2460.8149169921876
2025-03-30 14:00:00,25,0.05,0,1,False,True,0.0,1.0,2494.9849243164062
2025-03-30 15:00:00,31,0.062,0,2,False,True,0.0,1.0,2530.66650390625
2025-03-30 16:00:00,27,0.054,0,1,False,True,0.0,1.0,2530.60546875
2025-03-30 17:00:00,26,0.052,0,1,False,True,0.0,1.0,2530.6025390625
2025-03-30 18:00:00,30,0.06,0,1,False,True,0.0,1.0,2526.460693359375
2025-03-30 19:00:00,31,0.062,0,2,False,True,0.0,1.0,2526.39990234375
2025-03-30 20:00:00,25,0.05,1,2,True,True,1.0,1.0,2535.876428222656
2025-03-30 21:00:00,40,0.08,0,1,False,True,0.0,1.0,2526.39990234375
2025-03-30 22:00:00,25,0.05,0,1,False,True,0.0,1.0,2532.7118896484376
2025-03-30 23:00:00,25,0.05,0,2,False,True,0.0,1.0,2526.3092651367188
2025-03-31 00:00:00,25,0.05,0,1,False,True,0.0,1.0,2531.5793334960936
2025-03-31 01:00:00,25,0.05,0,1,False,True,0.0,1.0,2533.233264160156
2025-03-31 02:00:00,31,0.062,0,2,False,True,0.0,1.0,2528.494384765625
2025-03-31 03:00:00,32,0.064,1,1,True,True,1.0,1.0,2527.728515625
2025-03-31 04:00:00,25,0.05,0,1,False,True,0.0,1.0,2533.6795288085937
2025-03-31 05:00:00,33,0.066,0,2,False,True,0.0,1.0,2532.24072265625
2025-03-31 06:00:00,25,0.05,0,1,False,True,0.0,1.0,2525.1067016601564
2025-03-31 07:00:00,30,0.06,0,1,False,True,0.0,1.0,2527.1923828125
2025-03-31 08:00:00,29,0.058,0,2,False,True,0.0,1.0,2522.683349609375
2025-03-31 09:00:00,28,0.056,0,2,False,True,0.0,1.0,2530.332275390625
2025-03-31 10:00:00,28,0.056,0,1,False,True,0.0,1.0,2542.854248046875
2025-03-31 11:00:00,25,0.05,0,1,False,True,0.0,1.0,2522.148974609375
2025-03-31 12:00:00,25,0.05,0,1,False,True,0.0,1.0,2576.623889160156
2025-03-31 13:00:00,26,0.052,0,2,False,True,0.0,1.0,2594.25830078125
2025-03-31 14:00:00,25,0.05,0,2,False,True,0.0,1.0,2653.9786010742187
2025-03-31 15:00:00,25,0.05,0,2,False,True,0.0,1.0,2654.309191894531
2025-03-31 16:00:00,25,0.05,0,2,False,True,0.0,1.0,2656.316613769531
2025-03-31 17:00:00,25,0.05,0,2,False,True,0.0,1.0,2661.779821777344
2025-03-31 18:00:00,25,0.05,0,2,False,True,0.0,1.0,2668.3475952148438
2025-03-31 19:00:00,25,0.05,0,2,False,True,0.0,1.0,2669.3420288085936
2025-03-31 20:00:00,26,0.052,1,1,True,True,1.0,1.0,2664.291259765625
2025-03-31 21:00:00,25,0.05,0,2,False,True,0.0,1.0,2662.4641357421874
2025-03-31 22:00:00,25,0.05,0,1,False,True,0.0,1.0,2662.0146484375
2025-03-31 23:00:00,29,0.058,0,1,False,True,0.0,1.0,2663.4873046875
2025-04-01 00:00:00,26,0.052,0,1,False,True,0.0,1.0,2670.452185058594
2025-04-01 01:00:00,33,0.066,0,1,False,True,0.0,1.0,2676.334716796875
2025-04-01 02:00:00,25,0.05,0,2,False,True,0.0,1.0,2668.4424560546877
2025-04-01 03:00:00,25,0.05,0,1,False,True,0.0,1.0,2670.8873901367188
2025-04-01 04:00:00,26,0.052,0,1,False,True,0.0,1.0,2671.36083984375
2025-04-01 05:00:00,29,0.058,0,1,False,True,0.0,1.0,2670.92333984375
2025-04-01 06:00:00,25,0.05,0,2,False,True,0.0,1.0,2655.0851806640626
2025-04-01 07:00:00,25,0.05,0,1,False,True,0.0,1.0,2653.8985961914063
2025-04-01 08:00:00,25,0.05,0,1,False,True,0.0,1.0,2633.6625
2025-04-01 09:00:00,33,0.066,0,1,False,True,0.0,1.0,2652.4921875
2025-04-01 10:00:00,25,0.05,0,2,False,True,0.0,1.0,2627.3068603515626
2025-04-01 11:00:00,26,0.052,0,2,False,True,0.0,1.0,2654.228759765625
2025-04-01 12:00:00,31,0.062,0,1,False,True,0.0,1.0,2611.454833984375
2025-04-01 13:00:00,25,0.05,0,1,False,True,0.0,1.0,2641.2434204101564
2025-04-01 14:00:00,25,0.05,0,1,False,True,0.0,1.0,2608.110498046875
2025-04-01 15:00:00,25,0.05,1,1,True,True,1.0,1.0,2504.3320556640624
2025-04-01 16:00:00,27,0.054,0,1,False,True,0.0,1.0,2476.35595703125
2025-04-01 17:00:00,500,1.0,5,5,True,True,1.0,1.0,2404.0
2025-04-01 18:00:00,500,1.0,5,5,True,True,1.0,1.0,2375.0
2025-04-01 19:00:00,28,0.056,0,1,False,True,0.0,1.0,2367.62744140625
2025-04-01 20:00:00,31,0.062,0,1,False,True,0.0,1.0,2366.79443359375
2025-04-01 21:00:00,25,0.05,0,1,False,True,0.0,1.0,2364.026647949219
2025-04-01 22:00:00,30,0.06,1,1,True,True,1.0,1.0,2366.373291015625
2025-04-01 23:00:00,25,0.05,0,1,False,True,0.0,1.0,2364.2406494140623
2025-04-02 00:00:00,30,0.06,0,1,False,True,0.0,1.0,2370.421630859375
2025-04-02 01:00:00,25,0.05,0,1,False,True,0.0,1.0,2370.8480712890623
2025-04-02 02:00:00,34,0.068,0,1,False,True,0.0,1.0,2370.860595703125
2025-04-02 03:00:00,25,0.05,0,1,False,True,0.0,1.0,2368.6270385742187
2025-04-02 04:00:00,26,0.052,0,1,False,True,0.0,1.0,2364.6899658203124
2025-04-02 05:00:00,26,0.052,0,3,False,True,0.0,1.0,2376.4873046875
2025-04-02 06:00:00,25,0.05,0,1,False,True,0.0,1.0,2367.389440917969
2025-04-02 07:00:00,26,0.052,0,2,False,True,0.0,1.0,2354.07861328125
2025-04-02 08:00:00,32,0.064,0,1,False,True,0.0,1.0,2350.1484375
2025-04-02 09:00:00,27,0.054,0,2,False,True,0.0,1.0,2345.72412109375
2025-04-02 10:00:00,25,0.05,0,1,False,True,0.0,1.0,2319.99697265625
2025-04-02 11:00:00,31,0.062,0,2,False,True,0.0,1.0,2283.759765625
2025-04-02 12:00:00,25,0.05,1,2,True,True,1.0,1.0,2291.756066894531
2025-04-02 13:00:00,500,1.0,5,5,True,True,1.0,1.0,2252.0
2025-04-02 14:00:00,500,1.0,5,5,True,True,1.0,1.0,2252.0
2025-04-02 15:00:00,500,1.0,5,5,True,True,1.0,1.0,2252.0
2025-04-02 16:00:00,500,1.0,5,5,True,True,1.0,1.0,2252.0
2025-04-02 17:00:00,500,1.0,5,5,True,True,1.0,1.0,2252.0
2025-04-02 18:00:00,500,1.0,5,5,True,True,1.0,1.0,2128.0
2025-04-02 19:00:00,500,1.0,5,5,True,True,1.0,1.0,1988.0
2025-04-02 20:00:00,500,1.0,5,5,True,True,1.0,1.0,1900.0
2025-04-02 21:00:00,500,1.0,5,5,True,True,1.0,1.0,1832.0
2025-04-02 22:00:00,500,1.0,5,5,True,True,1.0,1.0,1787.0
2025-04-02 23:00:00,500,1.0,5,5,True,True,1.0,1.0,1733.0
2025-04-03 00:00:00,500,1.0,5,5,True,True,1.0,1.0,1733.0
2025-04-03 01:00:00,500,1.0,5,5,True,True,1.0,1.0,1733.0
2025-04-03 02:00:00,500,1.0,5,5,True,True,1.0,1.0,1733.0
2025-04-03 03:00:00,500,1.0,5,5,True,True,1.0,1.0,1733.0
2025-04-03 04:00:00,500,1.0,5,5,True,True,1.0,1.0,1733.0
2025-04-03 05:00:00,500,1.0,5,5,True,True,1.0,1.0,1733.0
2025-04-03 06:00:00,500,1.0,5,5,True,True,1.0,1.0,1733.0
2025-04-03 07:00:00,500,1.0,5,5,True,True,1.0,1.0,1733.0
2025-04-03 08:00:00,500,1.0,5,5,True,True,1.0,1.0,1733.0
2025-04-03 09:00:00,500,1.0,5,5,True,True,1.0,1.0,1733.0
2025-04-03 10:00:00,500,1.0,5,5,True,True,1.0,1.0,1733.0
2025-04-03 11:00:00,500,1.0,5,5,True,True,1.0,1.0,1733.0
2025-04-03 12:00:00,500,1.0,5,5,True,True,1.0,1.0,1733.0
2025-04-03 13:00:00,500,1.0,5,5,True,True,1.0,1.0,1733.0
2025-04-03 14:00:00,500,1.0,5,5,True,True,1.0,1.0,1733.0
2025-04-03 15:00:00,500,1.0,5,5,True,True,1.0,1.0,1733.0
2025-04-03 16:00:00,500,1.0,5,5,True,True,1.0,1.0,1733.0
2025-04-03 17:00:00,500,1.0,5,5,True,True,1.0,1.0,1733.0
2025-04-03 18:00:00,500,1.0,5,5,True,True,1.0,1.0,1704.0
2025-04-03 19:00:00,500,1.0,5,5,True,True,1.0,1.0,1698.0
2025-04-03 20:00:00,500,1.0,5,5,True,True,1.0,1.0,1698.0
2025-04-03 21:00:00,500,1.0,5,5,True,True,1.0,1.0,1698.0
2025-04-03 22:00:00,500,1.0,5,5,True,True,1.0,1.0,1698.0
2025-04-03 23:00:00,500,1.0,5,5,True,True,1.0,1.0,1698.0
2025-04-04 00:00:00,500,1.0,5,5,True,True,1.0,1.0,1698.0
2025-04-04 01:00:00,500,1.0,5,5,True,True,1.0,1.0,1698.0
2025-04-04 02:00:00,500,1.0,5,5,True,True,1.0,1.0,1698.0
2025-04-04 03:00:00,500,1.0,5,5,True,True,1.0,1.0,1698.0
2025-04-04 04:00:00,500,1.0,5,5,True,True,1.0,1.0,1698.0
2025-04-04 05:00:00,500,1.0,5,5,True,True,1.0,1.0,1698.0
2025-04-04 06:00:00,500,1.0,5,5,True,True,1.0,1.0,1698.0
2025-04-04 07:00:00,500,1.0,5,5,True,True,1.0,1.0,1698.0
2025-04-04 08:00:00,500,1.0,5,5,True,True,1.0,1.0,1698.0
2025-04-04 09:00:00,500,1.0,5,5,True,True,1.0,1.0,1698.0
2025-04-04 10:00:00,500,1.0,5,5,True,True,1.0,1.0,1698.0
2025-04-04 11:00:00,500,1.0,5,5,True,True,1.0,1.0,1698.0
2025-04-04 12:00:00,500,1.0,5,5,True,True,1.0,1.0,1698.0
2025-04-04 13:00:00,500,1.0,5,5,True,True,1.0,1.0,1698.0
2025-04-04 14:00:00,500,1.0,5,5,True,True,1.0,1.0,1698.0
2025-04-04 15:00:00,500,1.0,5,5,True,True,1.0,1.0,1698.0
2025-04-04 16:00:00,27,0.054,0,1,False,True,0.0,1.0,1760.2061767578125
2025-04-04 17:00:00,26,0.052,0,1,False,True,0.0,1.0,1764.4290771484375
2025-04-04 18:00:00,500,1.0,5,5,True,True,1.0,1.0,1769.0
2025-04-04 19:00:00,500,1.0,5,5,True,True,1.0,1.0,1769.0
2025-04-04 20:00:00,500,1.0,5,5,True,True,1.0,1.0,1769.0
2025-04-04 21:00:00,500,1.0,5,5,True,True,1.0,1.0,1769.0
2025-04-04 22:00:00,500,1.0,5,5,True,True,1.0,1.0,1769.0
2025-04-04 23:00:00,500,1.0,5,5,True,True,1.0,1.0,1769.0
2025-04-05 00:00:00,500,1.0,5,5,True,True,1.0,1.0,1769.0
2025-04-05 01:00:00,500,1.0,5,5,True,True,1.0,1.0,1769.0
2025-04-05 02:00:00,500,1.0,5,5,True,True,1.0,1.0,1769.0
2025-04-05 03:00:00,500,1.0,5,5,True,True,1.0,1.0,1769.0
2025-04-05 04:00:00,500,1.0,5,5,True,True,1.0,1.0,1769.0
2025-04-05 05:00:00,500,1.0,5,5,True,True,1.0,1.0,1769.0
2025-04-05 06:00:00,500,1.0,5,5,True,True,1.0,1.0,1769.0
2025-04-05 07:00:00,500,1.0,5,5,True,True,1.0,1.0,1769.0
2025-04-05 08:00:00,500,1.0,5,5,True,True,1.0,1.0,1769.0
2025-04-05 09:00:00,500,1.0,5,5,True,True,1.0,1.0,1769.0
2025-04-05 10:00:00,500,1.0,5,5,True,True,1.0,1.0,1769.0
2025-04-05 11:00:00,500,1.0,5,5,True,True,1.0,1.0,1769.0
2025-04-05 12:00:00,25,0.05,0,1,False,True,0.0,1.0,1769.0243896484376
2025-04-05 13:00:00,25,0.05,0,1,False,True,0.0,1.0,1771.3383056640625
2025-04-05 14:00:00,25,0.05,0,1,False,True,0.0,1.0,1769.0196716308594
2025-04-05 15:00:00,31,0.062,1,1,True,True,1.0,1.0,1781.0458984375
2025-04-05 16:00:00,25,0.05,0,1,False,True,0.0,1.0,1825.4248474121093
2025-04-05 17:00:00,25,0.05,0,1,False,True,0.0,1.0,1840.5408447265625
2025-04-05 18:00:00,500,1.0,5,5,True,True,1.0,1.0,1828.0
2025-04-05 19:00:00,500,1.0,5,5,True,True,1.0,1.0,1858.0
2025-04-05 20:00:00,500,1.0,5,5,True,True,1.0,1.0,1858.0
2025-04-05 21:00:00,500,1.0,5,5,True,True,1.0,1.0,1858.0
2025-04-05 22:00:00,500,1.0,5,5,True,True,1.0,1.0,1858.0
2025-04-05 23:00:00,500,1.0,5,5,True,True,1.0,1.0,1858.0
2025-04-06 00:00:00,500,1.0,5,5,True,True,1.0,1.0,1858.0
2025-04-06 01:00:00,500,1.0,5,5,True,True,1.0,1.0,1858.0
2025-04-06 02:00:00,500,1.0,5,5,True,True,1.0,1.0,1858.0
2025-04-06 03:00:00,500,1.0,5,5,True,True,1.0,1.0,1858.0
2025-04-06 04:00:00,500,1.0,5,5,True,True,1.0,1.0,1858.0
2025-04-06 05:00:00,500,1.0,5,5,True,True,1.0,1.0,1858.0
2025-04-06 06:00:00,500,1.0,5,5,True,True,1.0,1.0,1858.0
2025-04-06 07:00:00,500,1.0,5,5,True,True,1.0,1.0,1858.0
2025-04-06 08:00:00,27,0.054,0,2,False,True,0.0,1.0,1923.298095703125
2025-04-06 09:00:00,26,0.052,0,1,False,True,0.0,1.0,1986.64111328125
2025-04-06 10:00:00,31,0.062,0,2,False,True,0.0,1.0,2073.174560546875
2025-04-06 11:00:00,30,0.06,0,1,False,True,0.0,1.0,2211.046142578125
2025-04-06 12:00:00,25,0.05,0,2,False,True,0.0,1.0,2438.4698120117187
2025-04-06 13:00:00,49,0.098,0,2,False,True,0.0,1.0,2455.5341796875
2025-04-06 14:00:00,36,0.072,0,2,False,True,0.0,1.0,2523.258056640625
2025-04-06 15:00:00,30,0.06,0,1,False,True,0.0,1.0,2611.85400390625
2025-04-06 16:00:00,25,0.05,0,2,False,True,0.0,1.0,2664.056884765625
2025-04-06 17:00:00,29,0.058,0,1,False,True,0.0,1.0,2664.168212890625
2025-04-06 18:00:00,500,1.0,5,5,True,True,1.0,1.0,2672.0
2025-04-06 19:00:00,500,1.0,5,5,True,True,1.0,1.0,2672.0
2025-04-06 20:00:00,500,1.0,5,5,True,True,1.0,1.0,2672.0
2025-04-06 21:00:00,500,1.0,5,5,True,True,1.0,1.0,2672.0
2025-04-06 22:00:00,500,1.0,5,5,True,True,1.0,1.0,2672.0
2025-04-06 23:00:00,500,1.0,5,5,True,True,1.0,1.0,2672.0
2025-04-07 00:00:00,25,0.05,0,1,False,True,0.0,1.0,2690.2179443359373
2025-04-07 01:00:00,25,0.05,0,2,False,True,0.0,1.0,2689.272180175781
2025-04-07 02:00:00,25,0.05,0,1,False,True,0.0,1.0,2689.444128417969
2025-04-07 03:00:00,28,0.056,0,2,False,True,0.0,1.0,2696.454345703125
2025-04-07 04:00:00,500,1.0,5,5,True,True,1.0,1.0,2672.0
2025-04-07 05:00:00,500,1.0,5,5,True,True,1.0,1.0,2672.0
2025-04-07 06:00:00,500,1.0,5,5,True,True,1.0,1.0,2672.0
2025-04-07 07:00:00,500,1.0,5,5,True,True,1.0,1.0,2672.0
2025-04-07 08:00:00,500,1.0,5,5,True,True,1.0,1.0,2672.0
2025-04-07 09:00:00,500,1.0,5,5,True,True,1.0,1.0,2672.0
2025-04-07 10:00:00,500,1.0,5,5,True,True,1.0,1.0,2672.0
2025-04-07 11:00:00,500,1.0,5,5,True,True,1.0,1.0,2672.0
2025-04-07 12:00:00,500,1.0,5,5,True,True,1.0,1.0,2672.0
2025-04-07 13:00:00,500,1.0,5,5,True,True,1.0,1.0,2672.0
2025-04-07 14:00:00,30,0.06,0,2,False,True,0.0,1.0,2793.777587890625
2025-04-07 15:00:00,25,0.05,0,1,False,True,0.0,1.0,2895.8781005859373
2025-04-07 16:00:00,25,0.05,0,1,False,True,0.0,1.0,2912.3775268554687
2025-04-07 17:00:00,27,0.054,0,1,False,True,0.0,1.0,2919.11279296875
2025-04-07 18:00:00,27,0.054,0,1,False,True,0.0,1.0,3011.219970703125
2025-04-07 19:00:00,25,0.05,0,1,False,True,0.0,1.0,2992.7310791015625
2025-04-07 20:00:00,25,0.05,0,2,False,True,0.0,1.0,3000.410961914062
2025-04-07 21:00:00,25,0.05,0,1,False,True,0.0,1.0,2984.120263671875
2025-04-07 22:00:00,29,0.058,0,1,False,True,0.0,1.0,3009.487548828125
2025-04-07 23:00:00,29,0.058,0,1,False,True,0.0,1.0,3014.113525390625
2025-04-08 00:00:00,36,0.072,0,2,False,True,0.0,1.0,3013.748779296875
2025-04-08 01:00:00,25,0.05,0,2,False,True,0.0,1.0,3010.734375
2025-04-08 02:00:00,27,0.054,0,2,False,True,0.0,1.0,3012.24658203125
2025-04-08 03:00:00,35,0.07,0,2,False,True,0.0,1.0,2965.7978515625
2025-04-08 04:00:00,41,0.082,0,2,False,True,0.0,1.0,2960.177978515625
2025-04-08 05:00:00,35,0.07,0,2,False,True,0.0,1.0,2964.455078125
2025-04-08 06:00:00,25,0.05,0,1,False,True,0.0,1.0,2956.745092773437
2025-04-08 07:00:00,25,0.05,0,1,False,True,0.0,1.0,2955.175341796875
2025-04-08 08:00:00,29,0.058,0,2,False,True,0.0,1.0,2965.494873046875
2025-04-08 09:00:00,25,0.05,0,1,False,True,0.0,1.0,2953.8224365234373
2025-04-08 10:00:00,28,0.056,1,2,True,True,1.0,1.0,2905.836181640625
2025-04-08 11:00:00,28,0.056,0,1,False,True,0.0,1.0,2927.944091796875
2025-04-08 12:00:00,27,0.054,0,1,False,True,0.0,1.0,3026.329345703125
2025-04-08 13:00:00,25,0.05,0,1,False,True,0.0,1.0,3106.4316528320305
2025-04-08 14:00:00,25,0.05,0,2,False,True,0.0,1.0,3238.1391601562495
2025-04-08 15:00:00,31,0.062,0,2,False,True,0.0,1.0,3282.653564453125
2025-04-08 16:00:00,25,0.05,0,1,False,True,0.0,1.0,3271.1039550781247
2025-04-08 17:00:00,25,0.05,0,2,False,True,0.0,1.0,3270.984582519531
2025-04-08 18:00:00,36,0.072,0,2,False,True,0.0,1.0,3278.0712890625
2025-04-08 19:00:00,40,0.08,0,2,False,True,0.0,1.0,3279.5537109375
2025-04-08 20:00:00,34,0.068,0,2,False,True,0.0,1.0,3279.5537109375
2025-04-08 21:00:00,45,0.09,0,2,False,True,0.0,1.0,3280.61767578125
2025-04-08 22:00:00,25,0.05,0,2,False,True,0.0,1.0,3279.7591552734375
2025-04-08 23:00:00,26,0.052,0,3,False,True,0.0,1.0,3283.3330078125
2025-04-09 00:00:00,38,0.076,0,2,False,True,0.0,1.0,3295.6162109375
2025-04-09 01:00:00,25,0.05,0,2,False,True,0.0,1.0,3296.1383666992188
2025-04-09 02:00:00,25,0.05,0,2,False,True,0.0,1.0,3296.997180175781
2025-04-09 03:00:00,26,0.052,0,3,False,True,0.0,1.0,3297.816650390625
2025-04-09 04:00:00,25,0.05,0,3,False,True,0.0,1.0,3296.0806518554687
2025-04-09 05:00:00,25,0.05,0,3,False,True,0.0,1.0,3293.00478515625
2025-04-09 06:00:00,25,0.05,0,3,False,True,0.0,1.0,3290.154650878906
2025-04-09 07:00:00,30,0.06,0,2,False,True,0.0,1.0,3290.259521484375
2025-04-09 08:00:00,25,0.05,1,3,True,True,1.0,1.0,3292.329138183594
2025-04-09 09:00:00,26,0.052,0,2,False,True,0.0,1.0,3266.241943359375
2025-04-09 10:00:00,30,0.06,0,1,False,True,0.0,1.0,3248.79248046875
2025-04-09 11:00:00,25,0.05,0,3,False,True,0.0,1.0,3293.9421630859374
2025-04-09 12:00:00,29,0.058,0,3,False,True,0.0,1.0,3255.36865234375
2025-04-09 13:00:00,25,0.05,0,1,False,True,0.0,1.0,3119.0996337890624
2025-04-09 14:00:00,25,0.05,0,1,False,True,0.0,1.0,3158.271728515625
2025-04-09 15:00:00,25,0.05,1,1,True,True,1.0,1.0,3168.1090454101563
2025-04-09 16:00:00,25,0.05,0,1,False,True,0.0,1.0,3061.366162109375
2025-04-09 17:00:00,500,1.0,5,5,True,True,1.0,1.0,3054.0
2025-04-09 18:00:00,25,0.05,0,2,False,True,0.0,1.0,3029.7966918945312
2025-04-09 19:00:00,27,0.054,0,2,False,True,0.0,1.0,3027.91552734375
2025-04-09 20:00:00,25,0.05,0,2,False,True,0.0,1.0,3026.995751953125
2025-04-09 21:00:00,25,0.05,0,1,False,True,0.0,1.0,3012.286669921875
2025-04-09 22:00:00,26,0.052,0,2,False,True,0.0,1.0,3019.674072265625
2025-04-09 23:00:00,26,0.052,0,2,False,True,0.0,1.0,3025.2138671875
2025-04-10 00:00:00,25,0.05,0,1,False,True,0.0,1.0,3020.5893066406247
2025-04-10 01:00:00,28,0.056,0,1,False,True,0.0,1.0,3045.346923828125
2025-04-10 02:00:00,25,0.05,0,2,False,True,0.0,1.0,3037.5834716796876
2025-04-10 03:00:00,27,0.054,0,2,False,True,0.0,1.0,3058.56787109375
2025-04-10 04:00:00,25,0.05,0,2,False,True,0.0,1.0,3052.0788452148436
2025-04-10 05:00:00,25,0.05,0,2,False,True,0.0,1.0,3051.3851806640623
2025-04-10 06:00:00,25,0.05,0,2,False,True,0.0,1.0,3054.017858886719
2025-04-10 07:00:00,35,0.07,0,2,False,True,0.0,1.0,3081.810791015625
2025-04-10 08:00:00,27,0.054,0,1,False,True,0.0,1.0,3125.195556640625
2025-04-10 09:00:00,31,0.062,0,2,False,True,0.0,1.0,3125.750732421875
2025-04-10 10:00:00,25,0.05,0,1,False,True,0.0,1.0,3101.7088623046875
2025-04-10 11:00:00,27,0.054,0,2,False,True,0.0,1.0,3124.958740234375
2025-04-10 12:00:00,25,0.05,0,1,False,True,0.0,1.0,3337.345434570312
2025-04-10 13:00:00,25,0.05,0,3,False,True,0.0,1.0,3425.59111328125
2025-04-10 14:00:00,25,0.05,0,3,False,True,0.0,1.0,3486.2254638671875
2025-04-10 15:00:00,25,0.05,0,2,False,True,0.0,1.0,3491.984582519531
2025-04-10 16:00:00,29,0.058,0,2,False,True,0.0,1.0,3498.02197265625
2025-04-10 17:00:00,27,0.054,0,2,False,True,0.0,1.0,3503.50390625
2025-04-10 18:00:00,25,0.05,0,3,False,True,0.0,1.0,3474.6421508789062
2025-04-10 19:00:00,28,0.056,0,3,False,True,0.0,1.0,3470.005859375
2025-04-10 20:00:00,25,0.05,1,3,True,True,1.0,1.0,3456.425610351562
2025-04-10 21:00:00,27,0.054,0,3,False,True,0.0,1.0,3455.66943359375
2025-04-10 22:00:00,27,0.054,0,2,False,True,0.0,1.0,3453.3994140625
2025-04-10 23:00:00,27,0.054,0,2,False,True,0.0,1.0,3453.3994140625
2025-04-11 00:00:00,25,0.05,0,3,False,True,0.0,1.0,3451.9295043945312
2025-04-11 01:00:00,25,0.05,0,2,False,True,0.0,1.0,3457.387841796875
2025-04-11 02:00:00,25,0.05,0,3,False,True,0.0,1.0,3447.6209350585937
2025-04-11 03:00:00,25,0.05,0,2,False,True,0.0,1.0,3435.4744018554684
2025-04-11 04:00:00,25,0.05,0,3,False,True,0.0,1.0,3443.831408691406
2025-04-11 05:00:00,26,0.052,0,3,False,True,0.0,1.0,3450.903564453125
2025-04-11 06:00:00,25,0.05,1,3,True,True,1.0,1.0,3430.3070068359375
2025-04-11 07:00:00,27,0.054,0,3,False,True,0.0,1.0,3422.49609375
2025-04-11 08:00:00,26,0.052,0,2,False,True,0.0,1.0,3340.23583984375
2025-04-11 09:00:00,27,0.054,0,3,False,True,0.0,1.0,3377.8720703125
2025-04-11 10:00:00,30,0.06,0,3,False,True,0.0,1.0,3385.33935546875
2025-04-11 11:00:00,25,0.05,0,1,False,True,0.0,1.0,3281.3984619140624
2025-04-11 12:00:00,29,0.058,0,1,False,True,0.0,1.0,3249.375
2025-04-11 13:00:00,25,0.05,0,2,False,True,0.0,1.0,3289.856457519531
2025-04-11 14:00:00,30,0.06,0,2,False,True,0.0,1.0,3358.2041015625
2025-04-11 15:00:00,34,0.068,0,1,False,True,0.0,1.0,3223.3505859375
2025-04-11 16:00:00,30,0.06,0,1,False,True,0.0,1.0,3106.498291015625
2025-04-11 17:00:00,500,1.0,5,5,True,True,1.0,1.0,3047.0
2025-04-11 18:00:00,500,1.0,5,5,True,True,1.0,1.0,2854.0
2025-04-11 19:00:00,25,0.05,0,2,False,True,0.0,1.0,2816.798193359375
2025-04-11 20:00:00,25,0.05,0,1,False,True,0.0,1.0,2810.3471069335938
2025-04-11 21:00:00,25,0.05,0,1,False,True,0.0,1.0,2810.6345703125
2025-04-11 22:00:00,25,0.05,0,1,False,True,0.0,1.0,2813.0810668945314
2025-04-11 23:00:00,26,0.052,0,1,False,True,0.0,1.0,2820.516357421875
2025-04-12 00:00:00,28,0.056,0,1,False,True,0.0,1.0,2819.41064453125
2025-04-12 01:00:00,28,0.056,0,2,False,True,0.0,1.0,2819.41064453125
2025-04-12 02:00:00,26,0.052,0,1,False,True,0.0,1.0,2820.16357421875
2025-04-12 03:00:00,26,0.052,0,1,False,True,0.0,1.0,2828.029296875
2025-04-12 04:00:00,25,0.05,0,1,False,True,0.0,1.0,2828.8387451171875
2025-04-12 05:00:00,25,0.05,0,2,False,True,0.0,1.0,2828.9696533203123
2025-04-12 06:00:00,25,0.05,0,2,False,True,0.0,1.0,2834.78984375
2025-04-12 07:00:00,32,0.064,0,2,False,True,0.0,1.0,2836.059814453125
2025-04-12 08:00:00,27,0.054,0,1,False,True,0.0,1.0,2860.0
2025-04-12 09:00:00,25,0.05,0,2,False,True,0.0,1.0,2849.032678222656
2025-04-12 10:00:00,26,0.052,0,2,False,True,0.0,1.0,2857.637451171875
2025-04-12 11:00:00,25,0.05,0,1,False,True,0.0,1.0,2853.487512207031
2025-04-12 12:00:00,26,0.052,0,1,False,True,0.0,1.0,2844.8564453125
2025-04-12 13:00:00,30,0.06,0,1,False,True,0.0,1.0,2787.746826171875
2025-04-12 14:00:00,26,0.052,0,2,False,True,0.0,1.0,2750.748291015625
2025-04-12 15:00:00,26,0.052,0,1,False,True,0.0,1.0,2676.685302734375
2025-04-12 16:00:00,37,0.074,1,2,True,True,1.0,1.0,2604.357666015625
2025-04-12 17:00:00,500,1.0,5,5,True,True,1.0,1.0,2515.0
2025-04-12 18:00:00,500,1.0,5,5,True,True,1.0,1.0,2429.0
2025-04-12 19:00:00,500,1.0,5,5,True,True,1.0,1.0,2394.0
2025-04-12 20:00:00,500,1.0,5,5,True,True,1.0,1.0,2358.0
2025-04-12 21:00:00,500,1.0,5,5,True,True,1.0,1.0,2250.0
2025-04-12 22:00:00,500,1.0,5,5,True,True,1.0,1.0,2112.0
2025-04-12 23:00:00,500,1.0,5,5,True,True,1.0,1.0,2070.0
2025-04-13 00:00:00,500,1.0,5,5,True,True,1.0,1.0,2017.0
2025-04-13 01:00:00,500,1.0,5,5,True,True,1.0,1.0,2017.0
2025-04-13 02:00:00,500,1.0,5,5,True,True,1.0,1.0,2017.0
2025-04-13 03:00:00,500,1.0,5,5,True,True,1.0,1.0,2017.0
2025-04-13 04:00:00,500,1.0,5,5,True,True,1.0,1.0,2017.0
2025-04-13 05:00:00,500,1.0,5,5,True,True,1.0,1.0,2017.0
2025-04-13 06:00:00,500,1.0,5,5,True,True,1.0,1.0,2017.0
2025-04-13 07:00:00,500,1.0,5,5,True,True,1.0,1.0,2017.0
2025-04-13 08:00:00,500,1.0,5,5,True,True,1.0,1.0,2017.0
2025-04-13 09:00:00,25,0.05,0,1,False,True,0.0,1.0,2046.7831726074216
2025-04-13 10:00:00,25,0.05,0,2,False,True,0.0,1.0,2083.3207519531247
2025-04-13 11:00:00,25,0.05,0,1,False,True,0.0,1.0,2242.119653320312
2025-04-13 12:00:00,26,0.052,1,2,True,True,1.0,1.0,2487.40576171875
2025-04-13 13:00:00,25,0.05,0,2,False,True,0.0,1.0,2568.8984375
2025-04-13 14:00:00,25,0.05,0,2,False,True,0.0,1.0,2654.051794433592
2025-04-13 15:00:00,28,0.056,0,1,False,True,0.0,1.0,2931.74658203125
2025-04-13 16:00:00,34,0.068,0,1,False,True,0.0,1.0,2987.01806640625
2025-04-13 17:00:00,27,0.054,0,1,False,True,0.0,1.0,2988.44287109375
2025-04-13 18:00:00,32,0.064,0,1,False,True,0.0,1.0,3028.56201171875
2025-04-13 19:00:00,28,0.056,0,1,False,True,0.0,1.0,3018.53125
2025-04-13 20:00:00,500,1.0,5,5,True,True,1.0,1.0,3009.0
2025-04-13 21:00:00,25,0.05,1,1,True,True,1.0,1.0,3012.269091796875
2025-04-13 22:00:00,500,1.0,5,5,True,True,1.0,1.0,3009.0
2025-04-13 23:00:00,25,0.05,0,2,False,True,0.0,1.0,3009.099719238281
2025-04-14 00:00:00,25,0.05,0,2,False,True,0.0,1.0,3051.8427734375
2025-04-14 01:00:00,30,0.06,0,1,False,True,0.0,1.0,3064.491455078125
2025-04-14 02:00:00,25,0.05,0,2,False,True,0.0,1.0,3060.831579589844
2025-04-14 03:00:00,25,0.05,0,2,False,True,0.0,1.0,3060.2691284179687
2025-04-14 04:00:00,25,0.05,0,1,False,True,0.0,1.0,3024.161169433594
2025-04-14 05:00:00,25,0.05,0,2,False,True,0.0,1.0,3038.73447265625
2025-04-14 06:00:00,25,0.05,0,1,False,True,0.0,1.0,3044.3804321289062
2025-04-14 07:00:00,25,0.05,0,2,False,True,0.0,1.0,3039.1494140625
2025-04-14 08:00:00,28,0.056,0,2,False,True,0.0,1.0,3062.429443359375
2025-04-14 09:00:00,25,0.05,0,1,False,True,0.0,1.0,3059.5342651367187
2025-04-14 10:00:00,500,1.0,5,5,True,True,1.0,1.0,3009.0
2025-04-14 11:00:00,500,1.0,5,5,True,True,1.0,1.0,3009.0
2025-04-14 12:00:00,500,1.0,5,5,True,True,1.0,1.0,3009.0
2025-04-14 13:00:00,500,1.0,5,5,True,True,1.0,1.0,3009.0
2025-04-14 14:00:00,500,1.0,5,5,True,True,1.0,1.0,3009.0
2025-04-14 15:00:00,500,1.0,5,5,True,True,1.0,1.0,3009.0
2025-04-14 16:00:00,25,0.05,0,1,False,True,0.0,1.0,3052.7334594726562
2025-04-14 17:00:00,28,0.056,0,2,False,True,0.0,1.0,3068.698486328125
2025-04-14 18:00:00,25,0.05,0,1,False,True,0.0,1.0,3008.025451660156
2025-04-14 19:00:00,25,0.05,0,2,False,True,0.0,1.0,3035.338720703125
2025-04-14 20:00:00,25,0.05,0,1,False,True,0.0,1.0,3032.147021484375
2025-04-14 21:00:00,25,0.05,0,2,False,True,0.0,1.0,3015.1305664062497
2025-04-14 22:00:00,30,0.06,0,2,False,True,0.0,1.0,2993.494384765625
2025-04-14 23:00:00,25,0.05,0,1,False,True,0.0,1.0,2985.8492065429687
2025-04-15 00:00:00,25,0.05,1,1,True,True,1.0,1.0,3003.5682739257813
2025-04-15 01:00:00,500,1.0,5,5,True,True,1.0,1.0,2960.0
2025-04-15 02:00:00,26,0.052,0,1,False,True,0.0,1.0,3012.05615234375
2025-04-15 03:00:00,31,0.062,0,1,False,True,0.0,1.0,3008.63330078125
2025-04-15 04:00:00,500,1.0,5,5,True,True,1.0,1.0,2960.0
2025-04-15 05:00:00,500,1.0,5,5,True,True,1.0,1.0,2960.0
2025-04-15 06:00:00,500,1.0,5,5,True,True,1.0,1.0,2960.0
2025-04-15 07:00:00,500,1.0,5,5,True,True,1.0,1.0,2960.0
2025-04-15 08:00:00,500,1.0,5,5,True,True,1.0,1.0,2960.0
2025-04-15 09:00:00,500,1.0,5,5,True,True,1.0,1.0,2960.0
2025-04-15 10:00:00,500,1.0,5,5,True,True,1.0,1.0,2960.0
2025-04-15 11:00:00,500,1.0,5,5,True,True,1.0,1.0,2960.0
2025-04-15 12:00:00,500,1.0,5,5,True,True,1.0,1.0,2960.0
2025-04-15 13:00:00,500,1.0,5,5,True,True,1.0,1.0,2960.0
2025-04-15 14:00:00,29,0.058,0,1,False,True,0.0,1.0,2992.4052734375
2025-04-15 15:00:00,34,0.068,1,1,True,True,1.0,1.0,3213.463134765625
2025-04-15 16:00:00,25,0.05,0,1,False,True,0.0,1.0,3249.8461059570304
2025-04-15 17:00:00,29,0.058,0,3,False,True,0.0,1.0,3263.70947265625
2025-04-15 18:00:00,25,0.05,0,1,False,True,0.0,1.0,3239.348046875
2025-04-15 19:00:00,31,0.062,0,1,False,True,0.0,1.0,3259.125732421875
2025-04-15 20:00:00,33,0.066,1,1,True,True,1.0,1.0,3264.94287109375
2025-04-15 21:00:00,27,0.054,0,1,False,True,0.0,1.0,3267.699951171875
2025-04-15 22:00:00,28,0.056,0,1,False,True,0.0,1.0,3267.9189453125
2025-04-15 23:00:00,27,0.054,0,2,False,True,0.0,1.0,3268.9150390625
2025-04-16 00:00:00,25,0.05,0,1,False,True,0.0,1.0,3274.4964233398437
2025-04-16 01:00:00,27,0.054,0,1,False,True,0.0,1.0,3280.8916015625
2025-04-16 02:00:00,26,0.052,0,1,False,True,0.0,1.0,3279.457275390625
2025-04-16 03:00:00,31,0.062,0,1,False,True,0.0,1.0,3277.7509765625
2025-04-16 04:00:00,25,0.05,0,1,False,True,0.0,1.0,3202.410998535156
2025-04-16 05:00:00,28,0.056,0,1,False,True,0.0,1.0,3215.313232421875
2025-04-16 06:00:00,25,0.05,0,1,False,True,0.0,1.0,3205.294653320312
2025-04-16 07:00:00,25,0.05,0,2,False,True,0.0,1.0,3224.278857421875
2025-04-16 08:00:00,25,0.05,0,1,False,True,0.0,1.0,3202.1132324218747
2025-04-16 09:00:00,25,0.05,0,3,False,True,0.0,1.0,3220.4577880859374
2025-04-16 10:00:00,25,0.05,0,2,False,True,0.0,1.0,3145.6990234375
2025-04-16 11:00:00,25,0.05,0,1,False,True,0.0,1.0,3081.056494140625
2025-04-16 12:00:00,28,0.056,0,1,False,True,0.0,1.0,3081.265625
2025-04-16 13:00:00,28,0.056,0,1,False,True,0.0,1.0,3082.26171875
2025-04-16 14:00:00,500,1.0,5,5,True,True,1.0,1.0,3067.0
2025-04-16 15:00:00,25,0.05,0,2,False,True,0.0,1.0,3197.676525878906
2025-04-16 16:00:00,25,0.05,0,2,False,True,0.0,1.0,3317.1948486328124
2025-04-16 17:00:00,25,0.05,0,1,False,True,0.0,1.0,3313.1622558593745
2025-04-16 18:00:00,29,0.058,0,1,False,True,0.0,1.0,3271.48779296875
2025-04-16 19:00:00,28,0.056,0,2,False,True,0.0,1.0,3281.316650390625
2025-04-16 20:00:00,33,0.066,0,3,False,True,0.0,1.0,3282.646728515625
2025-04-16 21:00:00,30,0.06,0,1,False,True,0.0,1.0,3275.206298828125
2025-04-16 22:00:00,25,0.05,0,2,False,True,0.0,1.0,3274.4825805664063
2025-04-16 23:00:00,28,0.056,0,2,False,True,0.0,1.0,3277.233154296875
2025-04-17 00:00:00,25,0.05,1,2,True,True,1.0,1.0,3277.7887329101563
2025-04-17 01:00:00,25,0.05,0,2,False,True,0.0,1.0,3294.1350708007812
2025-04-17 02:00:00,27,0.054,0,1,False,True,0.0,1.0,3313.322998046875
2025-04-17 03:00:00,25,0.05,0,2,False,True,0.0,1.0,3288.637707519531
2025-04-17 04:00:00,500,1.0,5,5,True,True,1.0,1.0,3223.0
2025-04-17 05:00:00,26,0.052,0,3,False,True,0.0,1.0,3236.4951171875
2025-04-17 06:00:00,26,0.052,0,2,False,True,0.0,1.0,3251.283447265625
2025-04-17 07:00:00,500,1.0,5,5,True,True,1.0,1.0,3223.0
2025-04-17 08:00:00,25,0.05,0,2,False,True,0.0,1.0,3229.932336425781
2025-04-17 09:00:00,26,0.052,0,2,False,True,0.0,1.0,3267.3466796875
2025-04-17 10:00:00,500,1.0,5,5,True,True,1.0,1.0,3223.0
2025-04-17 11:00:00,500,1.0,5,5,True,True,1.0,1.0,3223.0
2025-04-17 12:00:00,28,0.056,0,1,False,True,0.0,1.0,3327.73828125
2025-04-17 13:00:00,30,0.06,0,2,False,True,0.0,1.0,3426.17919921875
2025-04-17 14:00:00,25,0.05,0,3,False,True,0.0,1.0,3461.2949707031244
2025-04-17 15:00:00,28,0.056,0,3,False,True,0.0,1.0,3512.5029296875
2025-04-17 16:00:00,48,0.096,0,3,False,True,0.0,1.0,3453.71826171875
2025-04-17 17:00:00,25,0.05,0,2,False,True,0.0,1.0,3474.734301757812
2025-04-17 18:00:00,43,0.086,0,3,False,True,0.0,1.0,3459.2646484375
2025-04-17 19:00:00,25,0.05,0,2,False,True,0.0,1.0,3474.4551391601562
2025-04-17 20:00:00,26,0.052,0,2,False,True,0.0,1.0,3485.984375
2025-04-17 21:00:00,45,0.09,1,3,True,True,1.0,1.0,3461.103759765625
2025-04-17 22:00:00,47,0.094,0,3,False,True,0.0,1.0,3465.19580078125
2025-04-17 23:00:00,25,0.05,0,2,False,True,0.0,1.0,3478.786669921875
2025-04-18 00:00:00,44,0.088,1,2,True,True,1.0,1.0,3477.237060546875
2025-04-18 01:00:00,40,0.08,0,4,False,True,0.0,1.0,3472.71630859375
2025-04-18 02:00:00,25,0.05,0,3,False,True,0.0,1.0,3470.6571777343747
2025-04-18 03:00:00,25,0.05,0,3,False,True,0.0,1.0,3472.5668457031247
2025-04-18 04:00:00,25,0.05,0,3,False,True,0.0,1.0,3412.0254516601562
2025-04-18 05:00:00,25,0.05,0,2,False,True,0.0,1.0,3399.270520019531
2025-04-18 06:00:00,25,0.05,0,2,False,True,0.0,1.0,3459.006970214844
2025-04-18 07:00:00,25,0.05,0,2,False,True,0.0,1.0,3450.457556152344
2025-04-18 08:00:00,28,0.056,0,3,False,True,0.0,1.0,3430.520751953125
2025-04-18 09:00:00,28,0.056,0,2,False,True,0.0,1.0,3442.3349609375
2025-04-18 10:00:00,25,0.05,0,2,False,True,0.0,1.0,3420.811328125
2025-04-18 11:00:00,25,0.05,0,2,False,True,0.0,1.0,3414.886767578125
2025-04-18 12:00:00,30,0.06,0,2,False,True,0.0,1.0,3553.891357421875
2025-04-18 13:00:00,25,0.05,0,3,False,True,0.0,1.0,3531.090930175781
2025-04-18 14:00:00,30,0.06,0,3,False,True,0.0,1.0,3478.891357421875
2025-04-18 15:00:00,34,0.068,0,2,False,True,0.0,1.0,3413.954345703125
2025-04-18 16:00:00,25,0.05,0,1,False,True,0.0,1.0,3250.9171630859373
2025-04-18 17:00:00,500,1.0,5,5,True,True,1.0,1.0,3157.0
2025-04-18 18:00:00,500,1.0,5,5,True,True,1.0,1.0,2909.0
2025-04-18 19:00:00,500,1.0,5,5,True,True,1.0,1.0,2714.0
2025-04-18 20:00:00,38,0.076,0,2,False,True,0.0,1.0,2706.780029296875
2025-04-18 21:00:00,26,0.052,0,2,False,True,0.0,1.0,2694.92919921875
2025-04-18 22:00:00,25,0.05,0,1,False,True,0.0,1.0,2639.5275146484373
2025-04-18 23:00:00,25,0.05,0,1,False,True,0.0,1.0,2686.2218139648435
2025-04-19 00:00:00,25,0.05,0,2,False,True,0.0,1.0,2595.3126953124997
2025-04-19 01:00:00,25,0.05,0,2,False,True,0.0,1.0,2601.2062866210936
2025-04-19 02:00:00,25,0.05,0,1,False,True,0.0,1.0,2583.464672851562
2025-04-19 03:00:00,31,0.062,0,1,False,True,0.0,1.0,2612.6962890625
2025-04-19 04:00:00,30,0.06,0,2,False,True,0.0,1.0,2592.212158203125
2025-04-19 05:00:00,26,0.052,0,2,False,True,0.0,1.0,2598.089111328125
2025-04-19 06:00:00,25,0.05,0,2,False,True,0.0,1.0,2583.301086425781
2025-04-19 07:00:00,25,0.05,0,2,False,True,0.0,1.0,2340.471008300781
2025-04-19 08:00:00,27,0.054,0,1,False,True,0.0,1.0,2389.4033203125
2025-04-19 09:00:00,25,0.05,0,2,False,True,0.0,1.0,2168.7796997070313
2025-04-19 10:00:00,29,0.058,0,1,False,True,0.0,1.0,2198.710693359375
2025-04-19 11:00:00,25,0.05,0,1,False,True,0.0,1.0,2463.8491821289062
2025-04-19 12:00:00,500,1.0,5,5,True,True,1.0,1.0,2130.0
2025-04-19 13:00:00,500,1.0,5,5,True,True,1.0,1.0,2130.0
2025-04-19 14:00:00,25,0.05,0,2,False,True,0.0,1.0,2295.2129760742187
2025-04-19 15:00:00,29,0.058,0,2,False,True,0.0,1.0,2372.31689453125
2025-04-19 16:00:00,41,0.082,0,2,False,True,0.0,1.0,2367.173828125
2025-04-19 17:00:00,26,0.052,0,3,False,True,0.0,1.0,2374.62939453125
2025-04-19 18:00:00,52,0.104,0,2,False,True,0.0,1.0,2402.45263671875
2025-04-19 19:00:00,30,0.06,0,1,False,True,0.0,1.0,2420.7392578125
2025-04-19 20:00:00,27,0.054,0,1,False,True,0.0,1.0,2422.42431640625
2025-04-19 21:00:00,29,0.058,0,1,False,True,0.0,1.0,2424.633544921875
2025-04-19 22:00:00,25,0.05,0,1,False,True,0.0,1.0,2404.7114013671876
2025-04-19 23:00:00,25,0.05,0,1,False,True,0.0,1.0,2355.769921875
2025-04-20 00:00:00,27,0.054,0,1,False,True,0.0,1.0,2353.8642578125
2025-04-20 01:00:00,25,0.05,0,2,False,True,0.0,1.0,2407.705969238281
2025-04-20 02:00:00,25,0.05,0,2,False,True,0.0,1.0,2410.144445800781
2025-04-20 03:00:00,33,0.066,0,1,False,True,0.0,1.0,2409.05517578125
2025-04-20 04:00:00,25,0.05,0,1,False,True,0.0,1.0,2353.4005615234373
2025-04-20 05:00:00,28,0.056,0,1,False,True,0.0,1.0,2370.70556640625
2025-04-20 06:00:00,500,1.0,5,5,True,True,1.0,1.0,2344.0
2025-04-20 07:00:00,500,1.0,5,5,True,True,1.0,1.0,2344.0
2025-04-20 08:00:00,500,1.0,5,5,True,True,1.0,1.0,2344.0
2025-04-20 09:00:00,25,0.05,0,2,False,True,0.0,1.0,2637.8598144531247
2025-04-20 10:00:00,25,0.05,0,2,False,True,0.0,1.0,2925.16806640625
2025-04-20 11:00:00,30,0.06,0,2,False,True,0.0,1.0,3194.895263671875
2025-04-20 12:00:00,25,0.05,0,1,False,True,0.0,1.0,3353.45693359375
2025-04-20 13:00:00,27,0.054,0,1,False,True,0.0,1.0,3357.914794921875
2025-04-20 14:00:00,29,0.058,1,3,True,True,1.0,1.0,3383.241455078125
2025-04-20 15:00:00,25,0.05,0,2,False,True,0.0,1.0,3470.291088867187
2025-04-20 16:00:00,26,0.052,0,2,False,True,0.0,1.0,3512.53076171875
2025-04-20 17:00:00,25,0.05,1,2,True,True,1.0,1.0,3499.327355957031
2025-04-20 18:00:00,25,0.05,0,2,False,True,0.0,1.0,3528.6906127929688
2025-04-20 19:00:00,25,0.05,0,2,False,True,0.0,1.0,3530.1062255859374
2025-04-20 20:00:00,29,0.058,0,1,False,True,0.0,1.0,3551.15087890625
2025-04-20 21:00:00,25,0.05,0,2,False,True,0.0,1.0,3521.8290283203123
2025-04-20 22:00:00,25,0.05,0,2,False,True,0.0,1.0,3519.838427734375
2025-04-20 23:00:00,26,0.052,0,3,False,True,0.0,1.0,3537.09130859375
2025-04-21 00:00:00,25,0.05,0,2,False,True,0.0,1.0,3574.4432983398438
2025-04-21 01:00:00,25,0.05,0,2,False,True,0.0,1.0,3589.535778808594
2025-04-21 02:00:00,42,0.084,0,2,False,True,0.0,1.0,3590.201904296875
2025-04-21 03:00:00,25,0.05,0,2,False,True,0.0,1.0,3579.0806274414062
2025-04-21 04:00:00,30,0.06,0,2,False,True,0.0,1.0,3580.71728515625
2025-04-21 05:00:00,32,0.064,0,2,False,True,0.0,1.0,3580.955810546875
2025-04-21 06:00:00,25,0.05,0,2,False,True,0.0,1.0,3597.3315673828124
2025-04-21 07:00:00,25,0.05,0,3,False,True,0.0,1.0,3582.29482421875
2025-04-21 08:00:00,39,0.078,0,2,False,True,0.0,1.0,3605.759033203125
2025-04-21 09:00:00,25,0.05,0,3,False,True,0.0,1.0,3559.733935546875
2025-04-21 10:00:00,27,0.054,0,1,False,True,0.0,1.0,3559.920654296875
2025-04-21 11:00:00,26,0.052,0,3,False,True,0.0,1.0,3576.66748046875
2025-04-21 12:00:00,25,0.05,0,1,False,True,0.0,1.0,3503.1493530273438
2025-04-21 13:00:00,25,0.05,0,3,False,True,0.0,1.0,3702.4905029296874
2025-04-21 14:00:00,25,0.05,0,1,False,True,0.0,1.0,4056.329638671875
2025-04-21 15:00:00,29,0.058,0,2,False,True,0.0,1.0,4220.1494140625
2025-04-21 16:00:00,25,0.05,0,1,False,True,0.0,1.0,4279.289233398437
2025-04-21 17:00:00,29,0.058,0,2,False,True,0.0,1.0,4295.8994140625
2025-04-21 18:00:00,25,0.05,0,2,False,True,0.0,1.0,4343.745654296875
2025-04-21 19:00:00,30,0.06,0,1,False,True,0.0,1.0,4351.1044921875
2025-04-21 20:00:00,26,0.052,0,4,False,True,0.0,1.0,4338.3671875
2025-04-21 21:00:00,26,0.052,0,2,False,True,0.0,1.0,4324.4697265625
2025-04-21 22:00:00,25,0.05,0,2,False,True,0.0,1.0,4326.025952148438
2025-04-21 23:00:00,25,0.05,0,2,False,True,0.0,1.0,4339.709472656249
2025-04-22 00:00:00,25,0.05,0,2,False,True,0.0,1.0,4336.659912109375
2025-04-22 01:00:00,25,0.05,0,1,False,True,0.0,1.0,4339.178540039063
2025-04-22 02:00:00,26,0.052,0,3,False,True,0.0,1.0,4347.47412109375
2025-04-22 03:00:00,36,0.072,0,2,False,True,0.0,1.0,4348.451171875
2025-04-22 04:00:00,37,0.074,0,4,False,True,0.0,1.0,4316.6630859375
2025-04-22 05:00:00,26,0.052,0,2,False,True,0.0,1.0,4323.9892578125
2025-04-22 06:00:00,25,0.05,0,2,False,True,0.0,1.0,4283.9099609375
2025-04-22 07:00:00,31,0.062,0,2,False,True,0.0,1.0,4289.30322265625
2025-04-22 08:00:00,32,0.064,0,4,False,True,0.0,1.0,4303.484375
2025-04-22 09:00:00,26,0.052,0,2,False,True,0.0,1.0,4301.0390625
2025-04-22 10:00:00,29,0.058,0,2,False,True,0.0,1.0,4207.0693359375
2025-04-22 11:00:00,25,0.05,0,2,False,True,0.0,1.0,4289.170434570312
2025-04-22 12:00:00,27,0.054,0,2,False,True,0.0,1.0,4273.26171875
2025-04-22 13:00:00,25,0.05,0,1,False,True,0.0,1.0,4038.940258789062
2025-04-22 14:00:00,29,0.058,0,1,False,True,0.0,1.0,3904.29296875
2025-04-22 15:00:00,25,0.05,0,2,False,True,0.0,1.0,3893.5164428710937
2025-04-22 16:00:00,25,0.05,0,2,False,True,0.0,1.0,3900.5297607421876
2025-04-22 17:00:00,30,0.06,1,1,True,True,1.0,1.0,3856.295166015625
2025-04-22 18:00:00,35,0.07,1,2,True,True,1.0,1.0,3774.996826171875
2025-04-22 19:00:00,27,0.054,0,2,False,True,0.0,1.0,3738.200439453125
2025-04-22 20:00:00,30,0.06,0,2,False,True,0.0,1.0,3711.007080078125
2025-04-22 21:00:00,25,0.05,0,4,False,True,0.0,1.0,3729.0467163085937
2025-04-22 22:00:00,25,0.05,0,3,False,True,0.0,1.0,3722.03544921875
2025-04-22 23:00:00,25,0.05,0,1,False,True,0.0,1.0,3714.1638305664064
2025-04-23 00:00:00,28,0.056,0,2,False,True,0.0,1.0,3793.25439453125
2025-04-23 01:00:00,25,0.05,0,2,False,True,0.0,1.0,3806.971301269531
2025-04-23 02:00:00,29,0.058,0,2,False,True,0.0,1.0,3862.126708984375
2025-04-23 03:00:00,25,0.05,0,1,False,True,0.0,1.0,3869.0367065429687
2025-04-23 04:00:00,25,0.05,0,3,False,True,0.0,1.0,3871.42646484375
2025-04-23 05:00:00,27,0.054,0,2,False,True,0.0,1.0,3848.6611328125
2025-04-23 06:00:00,25,0.05,0,2,False,True,0.0,1.0,3811.487438964844
2025-04-23 07:00:00,25,0.05,1,2,True,True,1.0,1.0,3788.724609375
2025-04-23 08:00:00,25,0.05,0,1,False,True,0.0,1.0,3881.1903686523438
2025-04-23 09:00:00,25,0.05,0,2,False,True,0.0,1.0,3874.3671142578123
2025-04-23 10:00:00,26,0.052,0,2,False,True,0.0,1.0,3914.524658203125
2025-04-23 11:00:00,25,0.05,0,3,False,True,0.0,1.0,3810.2782958984376
2025-04-23 12:00:00,25,0.05,0,2,False,True,0.0,1.0,3744.8299072265627
2025-04-23 13:00:00,25,0.05,0,2,False,True,0.0,1.0,3668.492639160156
2025-04-23 14:00:00,26,0.052,0,2,False,True,0.0,1.0,3512.4267578125
2025-04-23 15:00:00,35,0.07,0,2,False,True,0.0,1.0,3530.45947265625
2025-04-23 16:00:00,25,0.05,0,1,False,True,0.0,1.0,3482.3600585937497
2025-04-23 17:00:00,25,0.05,0,1,False,True,0.0,1.0,3442.494250488281
2025-04-23 18:00:00,30,0.06,0,3,False,True,0.0,1.0,3386.530029296875
2025-04-23 19:00:00,25,0.05,1,2,True,True,1.0,1.0,3384.2908203125
2025-04-23 20:00:00,25,0.05,1,2,True,True,1.0,1.0,3354.3601196289064
2025-04-23 21:00:00,31,0.062,1,2,True,True,1.0,1.0,3337.86083984375
2025-04-23 22:00:00,25,0.05,0,1,False,True,0.0,1.0,3333.7041259765624
2025-04-23 23:00:00,25,0.05,0,2,False,True,0.0,1.0,3344.034130859375
2025-04-24 00:00:00,28,0.056,0,1,False,True,0.0,1.0,3366.933837890625
2025-04-24 01:00:00,25,0.05,0,2,False,True,0.0,1.0,3368.761755371094
2025-04-24 02:00:00,25,0.05,0,2,False,True,0.0,1.0,3388.2096557617188
2025-04-24 03:00:00,25,0.05,0,2,False,True,0.0,1.0,3357.4470458984374
2025-04-24 04:00:00,25,0.05,0,3,False,True,0.0,1.0,3347.387158203125
2025-04-24 05:00:00,34,0.068,0,3,False,True,0.0,1.0,3349.9970703125
2025-04-24 06:00:00,25,0.05,0,3,False,True,0.0,1.0,3331.166467285156
2025-04-24 07:00:00,25,0.05,0,1,False,True,0.0,1.0,3329.5632568359374
2025-04-24 08:00:00,25,0.05,0,2,False,True,0.0,1.0,3331.077392578125
2025-04-24 09:00:00,25,0.05,0,1,False,True,0.0,1.0,3323.6181518554686
2025-04-24 10:00:00,28,0.056,0,2,False,True,0.0,1.0,3345.76904296875
2025-04-24 11:00:00,33,0.066,0,2,False,True,0.0,1.0,3378.79833984375
2025-04-24 12:00:00,25,0.05,1,1,True,True,1.0,1.0,3391.8115356445314
2025-04-24 13:00:00,29,0.058,0,2,False,True,0.0,1.0,3424.562744140625
2025-04-24 14:00:00,25,0.05,0,1,False,True,0.0,1.0,3354.4439086914062
2025-04-24 15:00:00,25,0.05,0,1,False,True,0.0,1.0,3208.630261230469
2025-04-24 16:00:00,26,0.052,0,1,False,True,0.0,1.0,3058.422607421875
2025-04-24 17:00:00,27,0.054,0,1,False,True,0.0,1.0,3029.787841796875
2025-04-24 18:00:00,30,0.06,0,2,False,True,0.0,1.0,2984.2802734375
2025-04-24 19:00:00,25,0.05,0,2,False,True,0.0,1.0,2956.935314941406
2025-04-24 20:00:00,25,0.05,0,2,False,True,0.0,1.0,2932.6711669921874
2025-04-24 21:00:00,25,0.05,0,2,False,True,0.0,1.0,2925.8377197265627
2025-04-24 22:00:00,25,0.05,0,2,False,True,0.0,1.0,2936.4866943359375
2025-04-24 23:00:00,33,0.066,0,2,False,True,0.0,1.0,2958.31689453125
2025-04-25 00:00:00,26,0.052,1,2,True,True,1.0,1.0,2914.524169921875
2025-04-25 01:00:00,25,0.05,0,1,False,True,0.0,1.0,2912.992504882812
2025-04-25 02:00:00,37,0.074,0,1,False,True,0.0,1.0,2939.464599609375
2025-04-25 03:00:00,30,0.06,0,1,False,True,0.0,1.0,2940.688720703125
2025-04-25 04:00:00,25,0.05,0,1,False,True,0.0,1.0,2947.0489501953125
2025-04-25 05:00:00,25,0.05,0,2,False,True,0.0,1.0,2944.6297241210937
2025-04-25 06:00:00,25,0.05,0,1,False,True,0.0,1.0,2978.433557128906
2025-04-25 07:00:00,25,0.05,0,2,False,True,0.0,1.0,2963.8172119140627
2025-04-25 08:00:00,26,0.052,0,1,False,True,0.0,1.0,2946.12109375
2025-04-25 09:00:00,32,0.064,0,1,False,True,0.0,1.0,2953.366455078125
2025-04-25 10:00:00,26,0.052,0,3,False,True,0.0,1.0,2945.3779296875
2025-04-25 11:00:00,25,0.05,1,1,True,True,1.0,1.0,2916.663293457031
2025-04-25 12:00:00,25,0.05,0,2,False,True,0.0,1.0,2891.3482055664062
2025-04-25 13:00:00,35,0.07,1,2,True,True,1.0,1.0,2910.8154296875
2025-04-25 14:00:00,28,0.056,0,1,False,True,0.0,1.0,2893.094482421875
2025-04-25 15:00:00,25,0.05,0,1,False,True,0.0,1.0,2831.512060546875
2025-04-25 16:00:00,25,0.05,2,1,True,True,1.0,1.0,2813.4697021484376
2025-04-25 17:00:00,25,0.05,0,1,False,True,0.0,1.0,2715.5356689453124
2025-04-25 18:00:00,500,1.0,5,5,True,True,1.0,1.0,2580.0
2025-04-25 19:00:00,500,1.0,5,5,True,True,1.0,1.0,2375.0
2025-04-25 20:00:00,25,0.05,0,2,False,True,0.0,1.0,2278.2732910156246
2025-04-25 21:00:00,25,0.05,1,1,True,True,1.0,1.0,2284.2383056640624
2025-04-25 22:00:00,31,0.062,0,1,False,True,0.0,1.0,2295.316162109375
2025-04-25 23:00:00,26,0.052,0,2,False,True,0.0,1.0,2295.316162109375
2025-04-26 00:00:00,25,0.05,0,2,False,True,0.0,1.0,2275.94326171875
2025-04-26 01:00:00,25,0.05,0,1,False,True,0.0,1.0,2275.4509033203126
2025-04-26 02:00:00,29,0.058,0,1,False,True,0.0,1.0,2289.761474609375
2025-04-26 03:00:00,25,0.05,0,2,False,True,0.0,1.0,2284.416552734375
2025-04-26 04:00:00,26,0.052,0,2,False,True,0.0,1.0,2287.720703125
2025-04-26 05:00:00,25,0.05,0,1,False,True,0.0,1.0,2286.0246093749997
2025-04-26 06:00:00,25,0.05,0,1,False,True,0.0,1.0,2267.103271484375
2025-04-26 07:00:00,25,0.05,0,1,False,True,0.0,1.0,2266.282373046875
2025-04-26 08:00:00,25,0.05,0,1,False,True,0.0,1.0,2276.488977050781
2025-04-26 09:00:00,32,0.064,0,1,False,True,0.0,1.0,2273.48681640625
2025-04-26 10:00:00,26,0.052,0,2,False,True,0.0,1.0,2262.156494140625
2025-04-26 11:00:00,27,0.054,0,2,False,True,0.0,1.0,2284.225341796875
2025-04-26 12:00:00,26,0.052,1,2,True,True,1.0,1.0,2250.417724609375
2025-04-26 13:00:00,26,0.052,0,2,False,True,0.0,1.0,2283.3443603515625
2025-04-26 14:00:00,25,0.05,0,1,False,True,0.0,1.0,2237.53955078125
2025-04-26 15:00:00,25,0.05,0,2,False,True,0.0,1.0,2307.373413085937
2025-04-26 16:00:00,25,0.05,0,2,False,True,0.0,1.0,2351.417102050781
2025-04-26 17:00:00,26,0.052,0,1,False,True,0.0,1.0,2352.513916015625
2025-04-26 18:00:00,25,0.05,0,1,False,True,0.0,1.0,2293.021374511719
2025-04-26 19:00:00,25,0.05,0,2,False,True,0.0,1.0,2286.9651733398437
2025-04-26 20:00:00,25,0.05,0,1,False,True,0.0,1.0,2291.2409057617188
2025-04-26 21:00:00,26,0.052,0,1,False,True,0.0,1.0,2288.7261352539062
2025-04-26 22:00:00,26,0.052,0,2,False,True,0.0,1.0,2292.357666015625
2025-04-26 23:00:00,29,0.058,0,1,False,True,0.0,1.0,2292.02978515625
2025-04-27 00:00:00,36,0.072,0,2,False,True,0.0,1.0,2313.43115234375
2025-04-27 01:00:00,25,0.05,0,2,False,True,0.0,1.0,2315.3466796875
2025-04-27 02:00:00,30,0.06,0,2,False,True,0.0,1.0,2319.72119140625
2025-04-27 03:00:00,25,0.05,0,2,False,True,0.0,1.0,2316.5137451171877
2025-04-27 04:00:00,27,0.054,0,1,False,True,0.0,1.0,2321.283203125
2025-04-27 05:00:00,32,0.064,0,1,False,True,0.0,1.0,2321.4453125
2025-04-27 06:00:00,34,0.068,0,2,False,True,0.0,1.0,2338.0390625
2025-04-27 07:00:00,25,0.05,0,1,False,True,0.0,1.0,2354.6524414062496
2025-04-27 08:00:00,31,0.062,0,1,False,True,0.0,1.0,2363.44140625
2025-04-27 09:00:00,25,0.05,0,1,False,True,0.0,1.0,2433.1271728515626
2025-04-27 10:00:00,25,0.05,0,1,False,True,0.0,1.0,2627.9335327148438
2025-04-27 11:00:00,32,0.064,0,1,False,True,0.0,1.0,2806.885498046875
2025-04-27 12:00:00,37,0.074,0,1,False,True,0.0,1.0,2907.4140625
2025-04-27 13:00:00,25,0.05,0,1,False,True,0.0,1.0,2903.7065307617186
2025-04-27 14:00:00,34,0.068,0,1,False,True,0.0,1.0,2951.689453125
2025-04-27 15:00:00,41,0.082,0,1,False,True,0.0,1.0,2960.62890625
2025-04-27 16:00:00,25,0.05,0,2,False,True,0.0,1.0,2938.286242675781
2025-04-27 17:00:00,26,0.052,0,2,False,True,0.0,1.0,2951.88427734375
2025-04-27 18:00:00,46,0.092,0,2,False,True,0.0,1.0,2927.10986328125
2025-04-27 19:00:00,29,0.058,1,1,True,True,1.0,1.0,2936.24169921875
2025-04-27 20:00:00,25,0.05,0,2,False,True,0.0,1.0,2924.6515624999997
2025-04-27 21:00:00,28,0.056,0,2,False,True,0.0,1.0,2931.5009765625
2025-04-27 22:00:00,30,0.06,0,1,False,True,0.0,1.0,2921.697509765625
2025-04-27 23:00:00,34,0.068,0,2,False,True,0.0,1.0,2928.943359375
2025-04-28 00:00:00,28,0.056,0,1,False,True,0.0,1.0,2933.5751953125
2025-04-28 01:00:00,34,0.068,0,1,False,True,0.0,1.0,2916.51318359375
2025-04-28 02:00:00,43,0.086,1,2,True,True,1.0,1.0,2857.671875
2025-04-28 03:00:00,30,0.06,0,1,False,True,0.0,1.0,2910.224609375
2025-04-28 04:00:00,25,0.05,0,2,False,True,0.0,1.0,2913.192492675781
2025-04-28 05:00:00,31,0.062,0,2,False,True,0.0,1.0,2911.34521484375
2025-04-28 06:00:00,32,0.064,0,2,False,True,0.0,1.0,2862.8779296875
2025-04-28 07:00:00,32,0.064,0,2,False,True,0.0,1.0,2990.61376953125
2025-04-28 08:00:00,27,0.054,0,2,False,True,0.0,1.0,3026.926025390625
2025-04-28 09:00:00,30,0.06,0,2,False,True,0.0,1.0,3044.300537109375
2025-04-28 10:00:00,31,0.062,0,1,False,True,0.0,1.0,3113.0009765625
2025-04-28 11:00:00,32,0.064,0,2,False,True,0.0,1.0,3117.45361328125
2025-04-28 12:00:00,25,0.05,0,1,False,True,0.0,1.0,2862.666796875
2025-04-28 13:00:00,30,0.06,0,1,False,True,0.0,1.0,2863.4970703125
2025-04-28 14:00:00,43,0.086,0,3,False,True,0.0,1.0,2863.2255859375
2025-04-28 15:00:00,25,0.05,0,1,False,True,0.0,1.0,2926.171472167968
2025-04-28 16:00:00,31,0.062,0,1,False,True,0.0,1.0,3054.05126953125
2025-04-28 17:00:00,25,0.05,0,2,False,True,0.0,1.0,3037.891357421875
2025-04-28 18:00:00,25,0.05,0,1,False,True,0.0,1.0,3042.932177734375
2025-04-28 19:00:00,29,0.058,0,1,False,True,0.0,1.0,3043.49267578125
2025-04-28 20:00:00,25,0.05,0,2,False,True,0.0,1.0,3029.2194702148436
2025-04-28 21:00:00,35,0.07,0,2,False,True,0.0,1.0,3035.05859375
2025-04-28 22:00:00,25,0.05,0,2,False,True,0.0,1.0,3028.625341796875
2025-04-28 23:00:00,29,0.058,0,2,False,True,0.0,1.0,3038.85205078125
2025-04-29 00:00:00,27,0.054,0,1,False,True,0.0,1.0,3047.83935546875
2025-04-29 01:00:00,25,0.05,0,1,False,True,0.0,1.0,3040.86181640625
2025-04-29 02:00:00,25,0.05,0,2,False,True,0.0,1.0,3054.2009887695312
2025-04-29 03:00:00,25,0.05,1,2,True,True,1.0,1.0,3065.5179931640623
2025-04-29 04:00:00,32,0.064,0,1,False,True,0.0,1.0,3035.67529296875
2025-04-29 05:00:00,25,0.05,1,2,True,True,1.0,1.0,3041.2615356445312
2025-04-29 06:00:00,41,0.082,1,2,True,True,1.0,1.0,3022.95751953125
2025-04-29 07:00:00,28,0.056,1,2,True,True,1.0,1.0,3037.707275390625
2025-04-29 08:00:00,30,0.06,0,1,False,True,0.0,1.0,3032.094482421875
2025-04-29 09:00:00,25,0.05,0,1,False,True,0.0,1.0,3036.2044311523437
2025-04-29 10:00:00,34,0.068,0,2,False,True,0.0,1.0,3025.460205078125
2025-04-29 11:00:00,25,0.05,0,1,False,True,0.0,1.0,2907.5978515624997
2025-04-29 12:00:00,25,0.05,0,1,False,True,0.0,1.0,2952.232824707031
2025-04-29 13:00:00,26,0.052,0,1,False,True,0.0,1.0,3067.227294921875
2025-04-29 14:00:00,25,0.05,0,2,False,True,0.0,1.0,3065.7050048828114
2025-04-29 15:00:00,25,0.05,0,2,False,True,0.0,1.0,3176.482287597656
2025-04-29 16:00:00,25,0.05,0,1,False,True,0.0,1.0,3320.2667968749997
2025-04-29 17:00:00,25,0.05,0,1,False,True,0.0,1.0,3241.6326171875
2025-04-29 18:00:00,25,0.05,0,2,False,True,0.0,1.0,3216.056652832031
2025-04-29 19:00:00,25,0.05,0,2,False,True,0.0,1.0,3195.1068359375
2025-04-29 20:00:00,25,0.05,0,2,False,True,0.0,1.0,3196.5906005859374
2025-04-29 21:00:00,25,0.05,0,2,False,True,0.0,1.0,3210.601037597656
2025-04-29 22:00:00,25,0.05,0,2,False,True,0.0,1.0,3213.2455444335933
2025-04-29 23:00:00,26,0.052,0,1,False,True,0.0,1.0,3219.91552734375
2025-04-30 00:00:00,27,0.054,0,1,False,True,0.0,1.0,3184.673583984375
2025-04-30 01:00:00,32,0.064,0,2,False,True,0.0,1.0,3187.48876953125
2025-04-30 02:00:00,29,0.058,0,1,False,True,0.0,1.0,3187.67822265625
2025-04-30 03:00:00,41,0.082,0,1,False,True,0.0,1.0,3188.11083984375
2025-04-30 04:00:00,37,0.074,1,2,True,True,1.0,1.0,3187.36083984375
2025-04-30 05:00:00,29,0.058,0,1,False,True,0.0,1.0,3200.71142578125
2025-04-30 06:00:00,37,0.074,0,1,False,True,0.0,1.0,3205.98291015625
2025-04-30 07:00:00,41,0.082,0,1,False,True,0.0,1.0,3208.345703125
2025-04-30 08:00:00,25,0.05,0,1,False,True,0.0,1.0,3208.901220703125
2025-04-30 09:00:00,25,0.05,0,1,False,True,0.0,1.0,3208.5193847656246
2025-04-30 10:00:00,32,0.064,0,1,False,True,0.0,1.0,3209.369873046875
2025-04-30 11:00:00,30,0.06,0,2,False,True,0.0,1.0,3206.150390625
2025-04-30 12:00:00,29,0.058,0,1,False,True,0.0,1.0,3155.58740234375
2025-04-30 13:00:00,25,0.05,0,1,False,True,0.0,1.0,3155.7378173828124
2025-04-30 14:00:00,25,0.05,0,1,False,True,0.0,1.0,3155.600695800781
2025-04-30 15:00:00,27,0.054,0,1,False,True,0.0,1.0,3158.980712890625
2025-04-30 16:00:00,25,0.05,0,1,False,True,0.0,1.0,3210.1381713867186
2025-04-30 17:00:00,37,0.074,0,2,False,True,0.0,1.0,3199.8466796875
2025-04-30 18:00:00,31,0.062,0,1,False,True,0.0,1.0,3199.1572265625
2025-04-30 19:00:00,27,0.054,0,1,False,True,0.0,1.0,3200.99755859375
2025-04-30 20:00:00,31,0.062,0,2,False,True,0.0,1.0,3186.361328125
2025-04-30 21:00:00,25,0.05,0,1,False,True,0.0,1.0,3172.912255859375
2025-04-30 22:00:00,29,0.058,0,2,False,True,0.0,1.0,3186.5478515625
2025-04-30 23:00:00,25,0.05,0,1,False,True,0.0,1.0,3185.5030517578125
2025-05-01 00:00:00,43,0.086,0,3,False,True,0.0,1.0,3148.073974609375
2025-05-01 01:00:00,47,0.094,0,1,False,True,0.0,1.0,3148.845703125
2025-05-01 02:00:00,44,0.088,0,1,False,True,0.0,1.0,3149.056884765625
2025-05-01 03:00:00,39,0.078,0,1,False,True,0.0,1.0,3148.845703125
2025-05-01 04:00:00,25,0.05,0,1,False,True,0.0,1.0,3148.0249755859377
2025-05-01 05:00:00,25,0.05,0,1,False,True,0.0,1.0,3147.1175170898437
2025-05-01 06:00:00,25,0.05,0,2,False,True,0.0,1.0,3145.0766357421876
2025-05-01 07:00:00,25,0.05,0,1,False,True,0.0,1.0,3151.2413696289063
2025-05-01 08:00:00,32,0.064,1,1,True,True,1.0,1.0,3152.417236328125
2025-05-01 09:00:00,33,0.066,0,1,False,True,0.0,1.0,3158.970947265625
2025-05-01 10:00:00,25,0.05,0,1,False,True,0.0,1.0,3201.7975463867183
2025-05-01 11:00:00,28,0.056,0,1,False,True,0.0,1.0,3254.650390625
2025-05-01 12:00:00,31,0.062,0,1,False,True,0.0,1.0,3283.375244140625
2025-05-01 13:00:00,34,0.068,0,1,False,True,0.0,1.0,3155.294677734375
2025-05-01 14:00:00,41,0.082,0,2,False,True,0.0,1.0,3237.4091796875
2025-05-01 15:00:00,28,0.056,0,3,False,True,0.0,1.0,3297.54443359375
2025-05-01 16:00:00,25,0.05,0,3,False,True,0.0,1.0,3329.0956787109376
2025-05-01 17:00:00,26,0.052,1,2,True,True,1.0,1.0,3351.569580078125
2025-05-01 18:00:00,25,0.05,0,2,False,True,0.0,1.0,3329.0501342773437
2025-05-01 19:00:00,28,0.056,0,2,False,True,0.0,1.0,3330.5791015625
2025-05-01 20:00:00,25,0.05,0,2,False,True,0.0,1.0,3288.119873046875
2025-05-01 21:00:00,25,0.05,0,2,False,True,0.0,1.0,3282.06259765625
2025-05-01 22:00:00,33,0.066,0,3,False,True,0.0,1.0,3295.961669921875
2025-05-01 23:00:00,36,0.072,0,2,False,True,0.0,1.0,3300.586181640625
2025-05-02 00:00:00,25,0.05,0,4,False,True,0.0,1.0,3298.194250488281
2025-05-02 01:00:00,25,0.05,0,3,False,True,0.0,1.0,3295.881396484375
2025-05-02 02:00:00,35,0.07,0,3,False,True,0.0,1.0,3321.31298828125
2025-05-02 03:00:00,25,0.05,0,1,False,True,0.0,1.0,3315.438977050781
2025-05-02 04:00:00,37,0.074,0,3,False,True,0.0,1.0,3302.475341796875
2025-05-02 05:00:00,25,0.05,0,1,False,True,0.0,1.0,3279.296997070312
2025-05-02 06:00:00,25,0.05,0,2,False,True,0.0,1.0,3261.8439208984373
2025-05-02 07:00:00,33,0.066,0,3,False,True,0.0,1.0,3241.47607421875
2025-05-02 08:00:00,25,0.05,0,1,False,True,0.0,1.0,3249.5923461914062
2025-05-02 09:00:00,25,0.05,0,2,False,True,0.0,1.0,3209.950341796875
2025-05-02 10:00:00,30,0.06,1,2,True,True,1.0,1.0,3135.544189453125
2025-05-02 11:00:00,30,0.06,0,1,False,True,0.0,1.0,3224.543701171875
2025-05-02 12:00:00,25,0.05,0,2,False,True,0.0,1.0,3226.5031249999997
2025-05-02 13:00:00,25,0.05,0,1,False,True,0.0,1.0,3199.061413574218
2025-05-02 14:00:00,27,0.054,0,1,False,True,0.0,1.0,3030.27197265625
2025-05-02 15:00:00,25,0.05,0,2,False,True,0.0,1.0,2942.425500488281
2025-05-02 16:00:00,25,0.05,0,1,False,True,0.0,1.0,2937.6356811523438
2025-05-02 17:00:00,25,0.05,0,1,False,True,0.0,1.0,2937.194970703125
2025-05-02 18:00:00,30,0.06,0,2,False,True,0.0,1.0,2708.300048828125
2025-05-02 19:00:00,27,0.054,0,2,False,True,0.0,1.0,2705.94140625
2025-05-02 20:00:00,25,0.05,0,1,False,True,0.0,1.0,2694.260852050781
2025-05-02 21:00:00,25,0.05,0,1,False,True,0.0,1.0,2677.162915039062
2025-05-02 22:00:00,25,0.05,0,2,False,True,0.0,1.0,2702.503698730469
2025-05-02 23:00:00,25,0.05,0,1,False,True,0.0,1.0,2703.862561035156
2025-05-03 00:00:00,25,0.05,0,2,False,True,0.0,1.0,2765.309326171875
2025-05-03 01:00:00,31,0.062,0,1,False,True,0.0,1.0,2771.530029296875
2025-05-03 02:00:00,29,0.058,0,2,False,True,0.0,1.0,2761.832763671875
2025-05-03 03:00:00,25,0.05,1,1,True,True,1.0,1.0,2768.3378051757813
2025-05-03 04:00:00,25,0.05,0,1,False,True,0.0,1.0,2758.916088867187
2025-05-03 05:00:00,30,0.06,0,1,False,True,0.0,1.0,2757.25
2025-05-03 06:00:00,40,0.08,0,1,False,True,0.0,1.0,2773.99560546875
2025-05-03 07:00:00,25,0.05,0,1,False,True,0.0,1.0,2729.352783203125
2025-05-03 08:00:00,28,0.056,0,1,False,True,0.0,1.0,2802.98876953125
2025-05-03 09:00:00,25,0.05,0,1,False,True,0.0,1.0,2795.853784179687
2025-05-03 10:00:00,31,0.062,0,1,False,True,0.0,1.0,2775.791748046875
2025-05-03 11:00:00,28,0.056,0,1,False,True,0.0,1.0,2785.14453125
2025-05-03 12:00:00,25,0.05,0,2,False,True,0.0,1.0,2793.282604980469
2025-05-03 13:00:00,28,0.056,0,2,False,True,0.0,1.0,2738.160400390625
2025-05-03 14:00:00,32,0.064,0,1,False,True,0.0,1.0,2733.4208984375
2025-05-03 15:00:00,48,0.096,0,1,False,True,0.0,1.0,2707.7080078125
2025-05-03 16:00:00,29,0.058,0,2,False,True,0.0,1.0,2714.843017578125
2025-05-03 17:00:00,26,0.052,0,2,False,True,0.0,1.0,2709.622314453125
2025-05-03 18:00:00,30,0.06,0,2,False,True,0.0,1.0,2645.858642578125
2025-05-03 19:00:00,25,0.05,0,2,False,True,0.0,1.0,2610.7410400390627
2025-05-03 20:00:00,25,0.05,0,2,False,True,0.0,1.0,2634.3360961914063
2025-05-03 21:00:00,28,0.056,0,2,False,True,0.0,1.0,2624.32958984375
2025-05-03 22:00:00,26,0.052,0,1,False,True,0.0,1.0,2632.099609375
2025-05-03 23:00:00,25,0.05,0,1,False,True,0.0,1.0,2628.24208984375
2025-05-04 00:00:00,25,0.05,0,2,False,True,0.0,1.0,2638.0525512695312
2025-05-04 01:00:00,26,0.052,0,1,False,True,0.0,1.0,2652.47998046875
2025-05-04 02:00:00,25,0.05,0,1,False,True,0.0,1.0,2642.301965332031
2025-05-04 03:00:00,26,0.052,0,1,False,True,0.0,1.0,2664.59619140625
2025-05-04 04:00:00,32,0.064,0,1,False,True,0.0,1.0,2666.057373046875
2025-05-04 05:00:00,29,0.058,0,1,False,True,0.0,1.0,2668.100341796875
2025-05-04 06:00:00,25,0.05,0,1,False,True,0.0,1.0,2702.175500488281
2025-05-04 07:00:00,25,0.05,0,1,False,True,0.0,1.0,2677.3458374023435
2025-05-04 08:00:00,31,0.062,0,2,False,True,0.0,1.0,2658.70849609375
2025-05-04 09:00:00,25,0.05,0,2,False,True,0.0,1.0,2857.6456909179688
2025-05-04 10:00:00,25,0.05,0,2,False,True,0.0,1.0,3106.7438232421873
2025-05-04 11:00:00,33,0.066,0,2,False,True,0.0,1.0,3547.251953125
2025-05-04 12:00:00,25,0.05,0,3,False,True,0.0,1.0,3691.539025878906
2025-05-04 13:00:00,27,0.054,0,2,False,True,0.0,1.0,3994.448974609375
2025-05-04 14:00:00,25,0.05,1,1,True,True,1.0,1.0,4002.5816650390625
2025-05-04 15:00:00,44,0.088,0,2,False,True,0.0,1.0,4003.564208984375
2025-05-04 16:00:00,35,0.07,0,2,False,True,0.0,1.0,4005.25244140625
2025-05-04 17:00:00,39,0.078,0,2,False,True,0.0,1.0,4001.85791015625
2025-05-04 18:00:00,48,0.096,0,3,False,True,0.0,1.0,3993.353271484375
2025-05-04 19:00:00,40,0.08,0,3,False,True,0.0,1.0,3981.350830078125
2025-05-04 20:00:00,25,0.05,0,3,False,True,0.0,1.0,3975.1659667968743
2025-05-04 21:00:00,25,0.05,0,2,False,True,0.0,1.0,3965.1564208984373
2025-05-04 22:00:00,39,0.078,0,2,False,True,0.0,1.0,3976.023681640625
2025-05-04 23:00:00,27,0.054,0,3,False,True,0.0,1.0,4002.6591796875
2025-05-05 00:00:00,25,0.05,0,1,False,True,0.0,1.0,4012.000207519531
2025-05-05 01:00:00,25,0.05,1,1,True,True,1.0,1.0,4028.013684082031
2025-05-05 02:00:00,34,0.068,0,1,False,True,0.0,1.0,4041.65087890625
2025-05-05 03:00:00,26,0.052,0,1,False,True,0.0,1.0,4044.81005859375
2025-05-05 04:00:00,28,0.056,0,2,False,True,0.0,1.0,4048.2138671875
2025-05-05 05:00:00,25,0.05,0,2,False,True,0.0,1.0,4021.6852783203126
2025-05-05 06:00:00,31,0.062,0,2,False,True,0.0,1.0,4041.66064453125
2025-05-05 07:00:00,25,0.05,0,3,False,True,0.0,1.0,4027.602551269531
2025-05-05 08:00:00,25,0.05,1,1,True,True,1.0,1.0,3973.151440429687
2025-05-05 09:00:00,33,0.066,0,2,False,True,0.0,1.0,3959.940673828125
2025-05-05 10:00:00,28,0.056,0,3,False,True,0.0,1.0,3916.8583984375
2025-05-05 11:00:00,36,0.072,0,2,False,True,0.0,1.0,3963.113037109375
2025-05-05 12:00:00,25,0.05,0,1,False,True,0.0,1.0,3874.8780151367187
2025-05-05 13:00:00,25,0.05,0,2,False,True,0.0,1.0,3857.483264160156
2025-05-05 14:00:00,25,0.05,0,1,False,True,0.0,1.0,3927.0946655273438
2025-05-05 15:00:00,28,0.056,0,3,False,True,0.0,1.0,4054.885498046875
2025-05-05 16:00:00,25,0.05,0,1,False,True,0.0,1.0,4052.2239624023437
2025-05-05 17:00:00,26,0.052,1,2,True,True,1.0,1.0,4064.287353515625
2025-05-05 18:00:00,25,0.05,0,1,False,True,0.0,1.0,4019.6417236328125
2025-05-05 19:00:00,25,0.05,0,2,False,True,0.0,1.0,4025.743518066406
2025-05-05 20:00:00,25,0.05,0,2,False,True,0.0,1.0,4028.5594116210937
2025-05-05 21:00:00,25,0.05,0,1,False,True,0.0,1.0,4027.1141845703123
2025-05-05 22:00:00,25,0.05,0,2,False,True,0.0,1.0,4006.2591796875
2025-05-05 23:00:00,25,0.05,0,1,False,True,0.0,1.0,4010.6063720703123
2025-05-06 00:00:00,25,0.05,0,2,False,True,0.0,1.0,4052.4867553710938
2025-05-06 01:00:00,26,0.052,0,1,False,True,0.0,1.0,4058.6298828125
2025-05-06 02:00:00,25,0.05,0,2,False,True,0.0,1.0,4051.185461425781
2025-05-06 03:00:00,30,0.06,0,1,False,True,0.0,1.0,4071.95703125
2025-05-06 04:00:00,25,0.05,0,1,False,True,0.0,1.0,4067.945068359375
2025-05-06 05:00:00,25,0.05,1,2,True,True,1.0,1.0,4074.2617797851562
2025-05-06 06:00:00,25,0.05,0,2,False,True,0.0,1.0,4019.9263549804687
2025-05-06 07:00:00,25,0.05,0,1,False,True,0.0,1.0,4019.5913330078124
2025-05-06 08:00:00,26,0.052,0,2,False,True,0.0,1.0,4028.291748046875
2025-05-06 09:00:00,27,0.054,0,2,False,True,0.0,1.0,3996.716796875
2025-05-06 10:00:00,26,0.052,0,1,False,True,0.0,1.0,3933.2177734375
2025-05-06 11:00:00,25,0.05,0,2,False,True,0.0,1.0,3986.8922241210935
2025-05-06 12:00:00,25,0.05,0,3,False,True,0.0,1.0,4034.521569824218
2025-05-06 13:00:00,25,0.05,0,2,False,True,0.0,1.0,4016.871960449219
2025-05-06 14:00:00,25,0.05,0,2,False,True,0.0,1.0,3853.0744873046874
2025-05-06 15:00:00,25,0.05,0,1,False,True,0.0,1.0,3808.7640502929685
2025-05-06 16:00:00,25,0.05,0,2,False,True,0.0,1.0,3682.4417236328127
2025-05-06 17:00:00,25,0.05,0,1,False,True,0.0,1.0,3574.0150390625
2025-05-06 18:00:00,500,1.0,5,5,True,True,1.0,1.0,3451.0
2025-05-06 19:00:00,500,1.0,5,5,True,True,1.0,1.0,3218.0
2025-05-06 20:00:00,28,0.056,0,1,False,True,0.0,1.0,3139.820556640625
2025-05-06 21:00:00,25,0.05,0,1,False,True,0.0,1.0,3138.571044921875
2025-05-06 22:00:00,33,0.066,0,1,False,True,0.0,1.0,3140.28515625
2025-05-06 23:00:00,27,0.054,0,2,False,True,0.0,1.0,3139.609375
2025-05-07 00:00:00,31,0.062,0,2,False,True,0.0,1.0,3151.978271484375
2025-05-07 01:00:00,25,0.05,0,2,False,True,0.0,1.0,3158.3606811523437
2025-05-07 02:00:00,25,0.05,0,2,False,True,0.0,1.0,3169.166015625
2025-05-07 03:00:00,25,0.05,0,1,False,True,0.0,1.0,3153.46943359375
2025-05-07 04:00:00,28,0.056,0,1,False,True,0.0,1.0,3153.9228515625
2025-05-07 05:00:00,25,0.05,0,1,False,True,0.0,1.0,3150.377795410156
2025-05-07 06:00:00,30,0.06,0,1,False,True,0.0,1.0,3164.01611328125
2025-05-07 07:00:00,25,0.05,0,2,False,True,0.0,1.0,3108.3468017578125
2025-05-07 08:00:00,27,0.054,0,1,False,True,0.0,1.0,3116.177978515625
2025-05-07 09:00:00,25,0.05,0,2,False,True,0.0,1.0,3112.768273925781
2025-05-07 10:00:00,30,0.06,0,1,False,True,0.0,1.0,3118.916015625
2025-05-07 11:00:00,25,0.05,0,1,False,True,0.0,1.0,3113.3464599609374
2025-05-07 12:00:00,29,0.058,0,2,False,True,0.0,1.0,3347.1962890625
2025-05-07 13:00:00,25,0.05,0,2,False,True,0.0,1.0,3493.13466796875
2025-05-07 14:00:00,25,0.05,0,3,False,True,0.0,1.0,3621.3899902343746
2025-05-07 15:00:00,25,0.05,0,2,False,True,0.0,1.0,3665.68720703125
2025-05-07 16:00:00,27,0.054,0,3,False,True,0.0,1.0,3696.650634765625
2025-05-07 17:00:00,25,0.05,0,2,False,True,0.0,1.0,3679.2924560546876
2025-05-07 18:00:00,25,0.05,0,2,False,True,0.0,1.0,3643.2246459960934
2025-05-07 19:00:00,25,0.05,0,1,False,True,0.0,1.0,3615.0315795898437
2025-05-07 20:00:00,28,0.056,0,3,False,True,0.0,1.0,3675.55517578125
2025-05-07 21:00:00,32,0.064,0,3,False,True,0.0,1.0,3671.51611328125
2025-05-07 22:00:00,25,0.05,0,1,False,True,0.0,1.0,3667.1692504882812
2025-05-07 23:00:00,25,0.05,0,3,False,True,0.0,1.0,3655.189367675781
2025-05-08 00:00:00,25,0.05,0,2,False,True,0.0,1.0,3679.953234863281
2025-05-08 01:00:00,25,0.05,0,1,False,True,0.0,1.0,3695.573596191406
2025-05-08 02:00:00,25,0.05,0,3,False,True,0.0,1.0,3710.7528686523433
2025-05-08 03:00:00,28,0.056,0,3,False,True,0.0,1.0,3658.789794921875
2025-05-08 04:00:00,27,0.054,0,2,False,True,0.0,1.0,3677.16650390625
2025-05-08 05:00:00,40,0.08,1,3,True,True,1.0,1.0,3677.346435546875
2025-05-08 06:00:00,25,0.05,0,3,False,True,0.0,1.0,3704.182934570312
2025-05-08 07:00:00,25,0.05,0,3,False,True,0.0,1.0,3717.7129150390624
2025-05-08 08:00:00,29,0.058,0,2,False,True,0.0,1.0,3676.770263671875
2025-05-08 09:00:00,25,0.05,1,2,True,True,1.0,1.0,3638.663818359375
2025-05-08 10:00:00,35,0.07,0,2,False,True,0.0,1.0,3631.7216796875
2025-05-08 11:00:00,50,0.1,0,3,False,True,0.0,1.0,3552.234130859375
2025-05-08 12:00:00,33,0.066,0,2,False,True,0.0,1.0,3735.124755859375
2025-05-08 13:00:00,25,0.05,0,2,False,True,0.0,1.0,3864.7812744140624
2025-05-08 14:00:00,31,0.062,0,2,False,True,0.0,1.0,3888.470703125
2025-05-08 15:00:00,25,0.05,0,1,False,True,0.0,1.0,3874.264172363281
2025-05-08 16:00:00,25,0.05,0,3,False,True,0.0,1.0,3867.2407104492186
2025-05-08 17:00:00,27,0.054,0,3,False,True,0.0,1.0,3892.13232421875
2025-05-08 18:00:00,33,0.066,0,3,False,True,0.0,1.0,3891.239501953125
2025-05-08 19:00:00,28,0.056,0,3,False,True,0.0,1.0,3896.149169921875
2025-05-08 20:00:00,29,0.058,0,2,False,True,0.0,1.0,3894.93310546875
2025-05-08 21:00:00,30,0.06,0,2,False,True,0.0,1.0,3893.589599609375
2025-05-08 22:00:00,25,0.05,0,2,False,True,0.0,1.0,3860.8451049804685
2025-05-08 23:00:00,25,0.05,0,2,False,True,0.0,1.0,3867.3783203125
2025-05-09 00:00:00,29,0.058,0,3,False,True,0.0,1.0,3818.187255859375
2025-05-09 01:00:00,35,0.07,0,1,False,True,0.0,1.0,3822.162109375
2025-05-09 02:00:00,33,0.066,0,3,False,True,0.0,1.0,3802.537109375
2025-05-09 03:00:00,26,0.052,0,3,False,True,0.0,1.0,3819.1728515625
2025-05-09 04:00:00,28,0.056,0,3,False,True,0.0,1.0,3815.7958984375
2025-05-09 05:00:00,27,0.054,1,2,True,True,1.0,1.0,3814.514404296875
2025-05-09 06:00:00,25,0.05,0,2,False,True,0.0,1.0,3965.1928955078124
2025-05-09 07:00:00,25,0.05,0,1,False,True,0.0,1.0,3960.749645996094
2025-05-09 08:00:00,30,0.06,1,2,True,True,1.0,1.0,3895.028564453125
2025-05-09 09:00:00,30,0.06,0,2,False,True,0.0,1.0,3901.13720703125
2025-05-09 10:00:00,29,0.058,0,2,False,True,0.0,1.0,3932.720947265625
2025-05-09 11:00:00,25,0.05,0,3,False,True,0.0,1.0,3882.1895141601562
2025-05-09 12:00:00,25,0.05,0,2,False,True,0.0,1.0,3718.7647460937496
2025-05-09 13:00:00,27,0.054,0,2,False,True,0.0,1.0,4020.62646484375
2025-05-09 14:00:00,25,0.05,0,3,False,True,0.0,1.0,3776.0436889648436
2025-05-09 15:00:00,28,0.056,0,3,False,True,0.0,1.0,3651.570068359375
2025-05-09 16:00:00,25,0.05,0,2,False,True,0.0,1.0,3509.4123291015626
2025-05-09 17:00:00,25,0.05,0,1,False,True,0.0,1.0,3379.1692016601564
2025-05-09 18:00:00,500,1.0,5,5,True,True,1.0,1.0,3078.0
2025-05-09 19:00:00,500,1.0,5,5,True,True,1.0,1.0,2911.0
2025-05-09 20:00:00,500,1.0,5,5,True,True,1.0,1.0,2728.0
2025-05-09 21:00:00,25,0.05,0,1,False,True,0.0,1.0,2591.2780639648436
2025-05-09 22:00:00,25,0.05,0,2,False,True,0.0,1.0,2584.605029296875
2025-05-09 23:00:00,25,0.05,0,1,False,True,0.0,1.0,2594.8341064453125
2025-05-10 00:00:00,25,0.05,0,1,False,True,0.0,1.0,2589.1970092773436
2025-05-10 01:00:00,26,0.052,1,1,True,True,1.0,1.0,2586.8701171875
2025-05-10 02:00:00,25,0.05,0,1,False,True,0.0,1.0,2591.4538330078126
2025-05-10 03:00:00,29,0.058,0,2,False,True,0.0,1.0,2596.2685546875
2025-05-10 04:00:00,27,0.054,1,1,True,True,1.0,1.0,2590.080078125
2025-05-10 05:00:00,25,0.05,0,1,False,True,0.0,1.0,2592.3630859375
2025-05-10 06:00:00,31,0.062,0,2,False,True,0.0,1.0,2602.228271484375
2025-05-10 07:00:00,25,0.05,0,1,False,True,0.0,1.0,2587.4874633789063
2025-05-10 08:00:00,31,0.062,0,2,False,True,0.0,1.0,2589.406982421875
2025-05-10 09:00:00,29,0.058,0,1,False,True,0.0,1.0,2588.223388671875
2025-05-10 10:00:00,25,0.05,0,2,False,True,0.0,1.0,2600.783654785156
2025-05-10 11:00:00,31,0.062,0,2,False,True,0.0,1.0,2614.85498046875
2025-05-10 12:00:00,25,0.05,0,1,False,True,0.0,1.0,2614.2234497070312
2025-05-10 13:00:00,25,0.05,0,1,False,True,0.0,1.0,2541.3522827148436
2025-05-10 14:00:00,34,0.068,0,1,False,True,0.0,1.0,2556.810791015625
2025-05-10 15:00:00,25,0.05,0,2,False,True,0.0,1.0,2567.832275390625
2025-05-10 16:00:00,25,0.05,0,1,False,True,0.0,1.0,2266.4376220703125
2025-05-10 17:00:00,500,1.0,5,5,True,True,1.0,1.0,2259.0
2025-05-10 18:00:00,500,1.0,5,5,True,True,1.0,1.0,2259.0
2025-05-10 19:00:00,500,1.0,5,5,True,True,1.0,1.0,2189.0
2025-05-10 20:00:00,500,1.0,5,5,True,True,1.0,1.0,2148.0
2025-05-10 21:00:00,500,1.0,5,5,True,True,1.0,1.0,2141.0
2025-05-10 22:00:00,500,1.0,5,5,True,True,1.0,1.0,2141.0
2025-05-10 23:00:00,500,1.0,5,5,True,True,1.0,1.0,2141.0
2025-05-11 00:00:00,500,1.0,5,5,True,True,1.0,1.0,2141.0
2025-05-11 01:00:00,500,1.0,5,5,True,True,1.0,1.0,2141.0
2025-05-11 02:00:00,500,1.0,5,5,True,True,1.0,1.0,2141.0
2025-05-11 03:00:00,500,1.0,5,5,True,True,1.0,1.0,2141.0
2025-05-11 04:00:00,500,1.0,5,5,True,True,1.0,1.0,2141.0
2025-05-11 05:00:00,500,1.0,5,5,True,True,1.0,1.0,2141.0
2025-05-11 06:00:00,500,1.0,5,5,True,True,1.0,1.0,2141.0
2025-05-11 07:00:00,500,1.0,5,5,True,True,1.0,1.0,2141.0
2025-05-11 08:00:00,26,0.052,0,2,False,True,0.0,1.0,2204.681396484375
2025-05-11 09:00:00,36,0.072,0,2,False,True,0.0,1.0,2406.6279296875
2025-05-11 10:00:00,25,0.05,0,3,False,True,0.0,1.0,2573.1122924804686
2025-05-11 11:00:00,25,0.05,0,2,False,True,0.0,1.0,2735.557275390625
2025-05-11 12:00:00,25,0.05,0,1,False,True,0.0,1.0,2824.046020507812
2025-05-11 13:00:00,25,0.05,0,2,False,True,0.0,1.0,2890.0623535156246
2025-05-11 14:00:00,27,0.054,0,2,False,True,0.0,1.0,3028.702880859375
2025-05-11 15:00:00,28,0.056,0,2,False,True,0.0,1.0,3031.883056640625
2025-05-11 16:00:00,25,0.05,0,2,False,True,0.0,1.0,3029.286633300781
2025-05-11 17:00:00,30,0.06,0,1,False,True,0.0,1.0,3044.642822265625
2025-05-11 18:00:00,25,0.05,0,1,False,True,0.0,1.0,3015.4540405273438
2025-05-11 19:00:00,27,0.054,0,1,False,True,0.0,1.0,3010.70947265625
2025-05-11 20:00:00,25,0.05,0,2,False,True,0.0,1.0,2991.0985717773438
2025-05-11 21:00:00,30,0.06,0,1,False,True,0.0,1.0,3009.502685546875
2025-05-11 22:00:00,30,0.06,0,2,False,True,0.0,1.0,2993.779052734375
2025-05-11 23:00:00,27,0.054,0,1,False,True,0.0,1.0,2997.9033203125
2025-05-12 00:00:00,30,0.06,0,2,False,True,0.0,1.0,3080.6513671875
2025-05-12 01:00:00,26,0.052,0,1,False,True,0.0,1.0,3083.458984375
2025-05-12 02:00:00,35,0.07,1,3,True,True,1.0,1.0,3057.291748046875
2025-05-12 03:00:00,29,0.058,0,2,False,True,0.0,1.0,3057.47265625
2025-05-12 04:00:00,50,0.1,0,1,False,True,0.0,1.0,3055.663818359375
2025-05-12 05:00:00,38,0.076,0,2,False,True,0.0,1.0,3049.475341796875
2025-05-12 06:00:00,25,0.05,1,1,True,True,1.0,1.0,2985.9408935546876
2025-05-12 07:00:00,29,0.058,1,1,True,True,1.0,1.0,2986.0419921875
2025-05-12 08:00:00,25,0.05,0,1,False,True,0.0,1.0,2983.011865234375
2025-05-12 09:00:00,26,0.052,0,2,False,True,0.0,1.0,2984.891357421875
2025-05-12 10:00:00,25,0.05,0,1,False,True,0.0,1.0,2984.5019409179686
2025-05-12 11:00:00,25,0.05,0,1,False,True,0.0,1.0,3188.6498291015623
2025-05-12 12:00:00,29,0.058,0,1,False,True,0.0,1.0,3372.394287109375
2025-05-12 13:00:00,25,0.05,0,2,False,True,0.0,1.0,3392.154406738281
2025-05-12 14:00:00,26,0.052,1,1,True,True,1.0,1.0,3469.982666015625
2025-05-12 15:00:00,28,0.056,0,3,False,True,0.0,1.0,3749.781005859375
2025-05-12 16:00:00,26,0.052,0,1,False,True,0.0,1.0,3736.4482421875
2025-05-12 17:00:00,25,0.05,0,3,False,True,0.0,1.0,3676.3760498046877
2025-05-12 18:00:00,30,0.06,0,1,False,True,0.0,1.0,3665.91064453125
2025-05-12 19:00:00,25,0.05,0,3,False,True,0.0,1.0,3617.556896972656
2025-05-12 20:00:00,26,0.052,0,3,False,True,0.0,1.0,3653.96484375
2025-05-12 21:00:00,25,0.05,0,2,False,True,0.0,1.0,3633.5046630859374
2025-05-12 22:00:00,40,0.08,0,2,False,True,0.0,1.0,3647.21728515625
2025-05-12 23:00:00,29,0.058,0,3,False,True,0.0,1.0,3645.903076171875
2025-05-13 00:00:00,47,0.094,0,1,False,True,0.0,1.0,3631.99462890625
2025-05-13 01:00:00,35,0.07,0,2,False,True,0.0,1.0,3644.2158203125
2025-05-13 02:00:00,36,0.072,0,3,False,True,0.0,1.0,3644.2158203125
2025-05-13 03:00:00,30,0.06,0,3,False,True,0.0,1.0,3693.947509765625
2025-05-13 04:00:00,41,0.082,0,3,False,True,0.0,1.0,3677.835205078125
2025-05-13 05:00:00,32,0.064,0,3,False,True,0.0,1.0,3668.7294921875
2025-05-13 06:00:00,28,0.056,0,2,False,True,0.0,1.0,3628.0869140625
2025-05-13 07:00:00,31,0.062,0,2,False,True,0.0,1.0,3621.74658203125
2025-05-13 08:00:00,45,0.09,0,3,False,True,0.0,1.0,3611.744873046875
2025-05-13 09:00:00,25,0.05,0,1,False,True,0.0,1.0,3601.339819335937
2025-05-13 10:00:00,25,0.05,0,3,False,True,0.0,1.0,3544.32626953125
2025-05-13 11:00:00,25,0.05,0,2,False,True,0.0,1.0,3529.870178222656
2025-05-13 12:00:00,28,0.056,0,2,False,True,0.0,1.0,3571.273193359375
2025-05-13 13:00:00,25,0.05,0,1,False,True,0.0,1.0,3777.3355346679687
2025-05-13 14:00:00,25,0.05,0,1,False,True,0.0,1.0,3917.1318969726562
2025-05-13 15:00:00,35,0.07,0,2,False,True,0.0,1.0,3934.7880859375
2025-05-13 16:00:00,25,0.05,0,2,False,True,0.0,1.0,3942.07109375
2025-05-13 17:00:00,27,0.054,0,2,False,True,0.0,1.0,3953.359375
2025-05-13 18:00:00,39,0.078,0,2,False,True,0.0,1.0,3875.115966796875
2025-05-13 19:00:00,41,0.082,0,2,False,True,0.0,1.0,3862.451904296875
2025-05-13 20:00:00,26,0.052,0,2,False,True,0.0,1.0,3890.506591796875
2025-05-13 21:00:00,34,0.068,0,2,False,True,0.0,1.0,3889.385009765625
2025-05-13 22:00:00,39,0.078,0,1,False,True,0.0,1.0,3904.041259765625
2025-05-13 23:00:00,35,0.07,1,2,True,True,1.0,1.0,3905.10107421875
2025-05-14 00:00:00,44,0.088,0,2,False,True,0.0,1.0,3908.76904296875
2025-05-14 01:00:00,26,0.052,0,2,False,True,0.0,1.0,3926.517333984375
2025-05-14 02:00:00,26,0.052,0,1,False,True,0.0,1.0,3911.620849609375
2025-05-14 03:00:00,28,0.056,0,3,False,True,0.0,1.0,3880.607421875
2025-05-14 04:00:00,36,0.072,0,2,False,True,0.0,1.0,3890.320556640625
2025-05-14 05:00:00,27,0.054,0,2,False,True,0.0,1.0,3900.178955078125
2025-05-14 06:00:00,32,0.064,0,3,False,True,0.0,1.0,3742.421142578125
2025-05-14 07:00:00,44,0.088,1,3,True,True,1.0,1.0,3713.97216796875
2025-05-14 08:00:00,48,0.096,0,4,False,True,0.0,1.0,3744.8828125
2025-05-14 09:00:00,44,0.088,0,2,False,True,0.0,1.0,3734.2529296875
2025-05-14 10:00:00,29,0.058,0,2,False,True,0.0,1.0,3701.845703125
2025-05-14 11:00:00,25,0.05,0,1,False,True,0.0,1.0,3693.620568847656
2025-05-14 12:00:00,25,0.05,1,2,True,True,1.0,1.0,3771.2527954101556
2025-05-14 13:00:00,26,0.052,0,2,False,True,0.0,1.0,3882.715576171875
2025-05-14 14:00:00,25,0.05,0,2,False,True,0.0,1.0,3704.367858886718
2025-05-14 15:00:00,34,0.068,0,2,False,True,0.0,1.0,3750.73291015625
2025-05-14 16:00:00,25,0.05,0,2,False,True,0.0,1.0,3952.639990234375
2025-05-14 17:00:00,27,0.054,0,2,False,True,0.0,1.0,3984.858154296875
2025-05-14 18:00:00,27,0.054,0,2,False,True,0.0,1.0,3964.59375
2025-05-14 19:00:00,32,0.064,0,3,False,True,0.0,1.0,3966.31494140625
2025-05-14 20:00:00,27,0.054,0,2,False,True,0.0,1.0,3972.2939453125
2025-05-14 21:00:00,31,0.062,1,3,True,True,1.0,1.0,3972.4013671875
2025-05-14 22:00:00,32,0.064,0,3,False,True,0.0,1.0,3986.34765625
2025-05-14 23:00:00,31,0.062,0,2,False,True,0.0,1.0,3989.76806640625
2025-05-15 00:00:00,25,0.05,0,2,False,True,0.0,1.0,3989.2828002929687
2025-05-15 01:00:00,25,0.05,0,2,False,True,0.0,1.0,4022.0446899414064
2025-05-15 02:00:00,26,0.052,0,2,False,True,0.0,1.0,4028.650146484375
2025-05-15 03:00:00,25,0.05,0,2,False,True,0.0,1.0,4033.8437866210934
2025-05-15 04:00:00,32,0.064,0,1,False,True,0.0,1.0,3973.5498046875
2025-05-15 05:00:00,26,0.052,0,3,False,True,0.0,1.0,3975.65478515625
2025-05-15 06:00:00,33,0.066,1,2,True,True,1.0,1.0,3950.177978515625
2025-05-15 07:00:00,25,0.05,0,2,False,True,0.0,1.0,4032.20849609375
2025-05-15 08:00:00,25,0.05,0,1,False,True,0.0,1.0,4030.7978759765624
2025-05-15 09:00:00,25,0.05,0,2,False,True,0.0,1.0,3998.0412109374997
2025-05-15 10:00:00,28,0.056,0,2,False,True,0.0,1.0,4042.346923828125
2025-05-15 11:00:00,25,0.05,0,2,False,True,0.0,1.0,4071.2151733398437
2025-05-15 12:00:00,32,0.064,0,3,False,True,0.0,1.0,4006.471923828125
2025-05-15 13:00:00,32,0.064,0,1,False,True,0.0,1.0,3919.225341796875
2025-05-15 14:00:00,31,0.062,0,3,False,True,0.0,1.0,3924.068359375
2025-05-15 15:00:00,25,0.05,0,2,False,True,0.0,1.0,3924.5887939453123
2025-05-15 16:00:00,41,0.082,0,2,False,True,0.0,1.0,3989.59912109375
2025-05-15 17:00:00,31,0.062,0,2,False,True,0.0,1.0,4000.716796875
2025-05-15 18:00:00,25,0.05,0,1,False,True,0.0,1.0,3884.259252929687
2025-05-15 19:00:00,25,0.05,0,1,False,True,0.0,1.0,3875.9198730468747
2025-05-15 20:00:00,25,0.05,0,2,False,True,0.0,1.0,3859.0203857421875
2025-05-15 21:00:00,26,0.052,1,3,True,True,1.0,1.0,3918.457275390625
2025-05-15 22:00:00,25,0.05,1,1,True,True,1.0,1.0,3922.5354248046874
2025-05-15 23:00:00,25,0.05,0,2,False,True,0.0,1.0,3862.3137817382812
2025-05-16 00:00:00,30,0.06,0,3,False,True,0.0,1.0,3968.03662109375
2025-05-16 01:00:00,25,0.05,1,3,True,True,1.0,1.0,3977.588452148437
2025-05-16 02:00:00,32,0.064,0,2,False,True,0.0,1.0,3991.12890625
2025-05-16 03:00:00,25,0.05,0,2,False,True,0.0,1.0,4000.6262817382812
2025-05-16 04:00:00,25,0.05,0,1,False,True,0.0,1.0,3909.6973388671877
2025-05-16 05:00:00,25,0.05,0,1,False,True,0.0,1.0,3938.52861328125
2025-05-16 06:00:00,25,0.05,0,1,False,True,0.0,1.0,3896.500549316406
2025-05-16 07:00:00,34,0.068,0,1,False,True,0.0,1.0,3944.095458984375
2025-05-16 08:00:00,34,0.068,1,1,True,True,1.0,1.0,3942.29296875
2025-05-16 09:00:00,32,0.064,0,1,False,True,0.0,1.0,3926.109375
2025-05-16 10:00:00,25,0.05,0,2,False,True,0.0,1.0,3944.1052734375
2025-05-16 11:00:00,30,0.06,0,2,False,True,0.0,1.0,3945.806396484375
2025-05-16 12:00:00,25,0.05,0,2,False,True,0.0,1.0,3715.0272094726556
2025-05-16 13:00:00,25,0.05,1,2,True,True,1.0,1.0,3646.751916503906
2025-05-16 14:00:00,42,0.084,0,3,False,True,0.0,1.0,3660.006591796875
2025-05-16 15:00:00,25,0.05,0,2,False,True,0.0,1.0,3901.7735351562496
2025-05-16 16:00:00,29,0.058,0,2,False,True,0.0,1.0,3730.622802734375
2025-05-16 17:00:00,28,0.056,0,1,False,True,0.0,1.0,3665.814697265625
2025-05-16 18:00:00,500,1.0,5,5,True,True,1.0,1.0,3289.0
2025-05-16 19:00:00,26,0.052,0,1,False,True,0.0,1.0,3115.189697265625
2025-05-16 20:00:00,25,0.05,0,2,False,True,0.0,1.0,3094.7628173828125
2025-05-16 21:00:00,45,0.09,0,2,False,True,0.0,1.0,3070.6484375
2025-05-16 22:00:00,25,0.05,0,2,False,True,0.0,1.0,3083.0040649414063
2025-05-16 23:00:00,26,0.052,0,2,False,True,0.0,1.0,3103.1337890625
2025-05-17 00:00:00,29,0.058,0,1,False,True,0.0,1.0,3099.743896484375
2025-05-17 01:00:00,27,0.054,0,1,False,True,0.0,1.0,3129.401123046875
2025-05-17 02:00:00,25,0.05,1,1,True,True,1.0,1.0,3140.7900634765624
2025-05-17 03:00:00,30,0.06,0,2,False,True,0.0,1.0,3140.421875
2025-05-17 04:00:00,26,0.052,0,1,False,True,0.0,1.0,3115.312255859375
2025-05-17 05:00:00,25,0.05,0,1,False,True,0.0,1.0,3099.4274291992188
2025-05-17 06:00:00,36,0.072,0,1,False,True,0.0,1.0,3120.123046875
2025-05-17 07:00:00,30,0.06,1,1,True,True,1.0,1.0,3085.468994140625
2025-05-17 08:00:00,25,0.05,0,1,False,True,0.0,1.0,3091.476916503906
2025-05-17 09:00:00,25,0.05,0,1,False,True,0.0,1.0,3096.96171875
2025-05-17 10:00:00,25,0.05,0,1,False,True,0.0,1.0,3162.2026000976557
2025-05-17 11:00:00,25,0.05,0,2,False,True,0.0,1.0,3184.019873046875
2025-05-17 12:00:00,33,0.066,0,2,False,True,0.0,1.0,3114.742431640625
2025-05-17 13:00:00,25,0.05,0,1,False,True,0.0,1.0,3122.2510986328125
2025-05-17 14:00:00,25,0.05,0,1,False,True,0.0,1.0,3187.07783203125
2025-05-17 15:00:00,25,0.05,0,1,False,True,0.0,1.0,3207.4018798828124
2025-05-17 16:00:00,33,0.066,1,1,True,True,1.0,1.0,3107.316162109375
2025-05-17 17:00:00,32,0.064,0,2,False,True,0.0,1.0,2926.743408203125
2025-05-17 18:00:00,27,0.054,0,1,False,True,0.0,1.0,2763.4423828125
2025-05-17 19:00:00,30,0.06,0,2,False,True,0.0,1.0,2751.937255859375
2025-05-17 20:00:00,33,0.066,0,1,False,True,0.0,1.0,2750.620849609375
2025-05-17 21:00:00,28,0.056,0,2,False,True,0.0,1.0,2743.390625
2025-05-17 22:00:00,33,0.066,0,1,False,True,0.0,1.0,2739.71435546875
2025-05-17 23:00:00,25,0.05,0,2,False,True,0.0,1.0,2739.2181030273437
2025-05-18 00:00:00,25,0.05,0,1,False,True,0.0,1.0,2720.979602050781
2025-05-18 01:00:00,38,0.076,0,2,False,True,0.0,1.0,2725.474853515625
2025-05-18 02:00:00,34,0.068,0,2,False,True,0.0,1.0,2749.210693359375
2025-05-18 03:00:00,25,0.05,0,1,False,True,0.0,1.0,2742.164135742187
2025-05-18 04:00:00,25,0.05,0,2,False,True,0.0,1.0,2737.199572753906
2025-05-18 05:00:00,25,0.05,0,1,False,True,0.0,1.0,2743.45537109375
2025-05-18 06:00:00,30,0.06,0,1,False,True,0.0,1.0,2730.368896484375
2025-05-18 07:00:00,43,0.086,0,1,False,True,0.0,1.0,2724.944580078125
2025-05-18 08:00:00,28,0.056,1,1,True,True,1.0,1.0,2729.444580078125
2025-05-18 09:00:00,34,0.068,0,1,False,True,0.0,1.0,3246.278076171875
2025-05-18 10:00:00,25,0.05,0,2,False,True,0.0,1.0,3458.8715454101557
2025-05-18 11:00:00,30,0.06,0,1,False,True,0.0,1.0,3673.56689453125
2025-05-18 12:00:00,32,0.064,0,2,False,True,0.0,1.0,4121.22216796875
2025-05-18 13:00:00,25,0.05,0,2,False,True,0.0,1.0,4146.0365234375
2025-05-18 14:00:00,25,0.05,0,2,False,True,0.0,1.0,4162.305883789062
2025-05-18 15:00:00,25,0.05,0,1,False,True,0.0,1.0,4326.439501953125
2025-05-18 16:00:00,25,0.05,0,1,False,True,0.0,1.0,4352.674243164062
2025-05-18 17:00:00,26,0.052,0,2,False,True,0.0,1.0,4359.8642578125
2025-05-18 18:00:00,26,0.052,0,2,False,True,0.0,1.0,4389.541015625
2025-05-18 19:00:00,25,0.05,0,2,False,True,0.0,1.0,4370.561303710938
2025-05-18 20:00:00,27,0.054,1,2,True,True,1.0,1.0,4372.62548828125
2025-05-18 21:00:00,29,0.058,0,2,False,True,0.0,1.0,4342.2744140625
2025-05-18 22:00:00,25,0.05,0,1,False,True,0.0,1.0,4316.993676757813
2025-05-18 23:00:00,25,0.05,0,2,False,True,0.0,1.0,4314.54716796875
2025-05-19 00:00:00,25,0.05,0,2,False,True,0.0,1.0,4309.293041992188
2025-05-19 01:00:00,25,0.05,0,2,False,True,0.0,1.0,4338.606860351562
2025-05-19 02:00:00,25,0.05,0,2,False,True,0.0,1.0,4357.214379882813
2025-05-19 03:00:00,25,0.05,0,1,False,True,0.0,1.0,4311.49560546875
2025-05-19 04:00:00,33,0.066,0,1,False,True,0.0,1.0,4311.958984375
2025-05-19 05:00:00,25,0.05,0,3,False,True,0.0,1.0,4309.329516601562
2025-05-19 06:00:00,25,0.05,0,3,False,True,0.0,1.0,4289.149731445313
2025-05-19 07:00:00,25,0.05,0,1,False,True,0.0,1.0,4300.714282226562
2025-05-19 08:00:00,25,0.05,0,2,False,True,0.0,1.0,4294.635986328125
2025-05-19 09:00:00,31,0.062,0,1,False,True,0.0,1.0,4301.58447265625
2025-05-19 10:00:00,26,0.052,0,2,False,True,0.0,1.0,4335.4931640625
2025-05-19 11:00:00,26,0.052,0,2,False,True,0.0,1.0,4357.76708984375
2025-05-19 12:00:00,33,0.066,0,2,False,True,0.0,1.0,4278.23388671875
2025-05-19 13:00:00,25,0.05,0,1,False,True,0.0,1.0,4233.939721679687
2025-05-19 14:00:00,25,0.05,0,1,False,True,0.0,1.0,4420.209619140624
2025-05-19 15:00:00,31,0.062,0,2,False,True,0.0,1.0,4438.1171875
2025-05-19 16:00:00,25,0.05,1,2,True,True,1.0,1.0,4432.284985351563
2025-05-19 17:00:00,25,0.05,0,1,False,True,0.0,1.0,4384.259619140625
2025-05-19 18:00:00,25,0.05,0,3,False,True,0.0,1.0,4411.4324951171875
2025-05-19 19:00:00,25,0.05,0,2,False,True,0.0,1.0,4432.974267578124
2025-05-19 20:00:00,25,0.05,0,2,False,True,0.0,1.0,4425.538842773438
2025-05-19 21:00:00,27,0.054,0,3,False,True,0.0,1.0,4434.67724609375
2025-05-19 22:00:00,25,0.05,1,2,True,True,1.0,1.0,4437.835791015625
2025-05-19 23:00:00,25,0.05,0,2,False,True,0.0,1.0,4391.971875
2025-05-20 00:00:00,25,0.05,0,1,False,True,0.0,1.0,4478.68759765625
2025-05-20 01:00:00,25,0.05,0,1,False,True,0.0,1.0,4461.381860351562
2025-05-20 02:00:00,25,0.05,0,2,False,True,0.0,1.0,4436.70595703125
2025-05-20 03:00:00,29,0.058,0,1,False,True,0.0,1.0,4431.69091796875
2025-05-20 04:00:00,25,0.05,0,2,False,True,0.0,1.0,4429.8916015625
2025-05-20 05:00:00,25,0.05,0,2,False,True,0.0,1.0,4415.867602539062
2025-05-20 06:00:00,35,0.07,0,1,False,True,0.0,1.0,4443.7978515625
2025-05-20 07:00:00,26,0.052,0,2,False,True,0.0,1.0,4432.21533203125
2025-05-20 08:00:00,29,0.058,0,2,False,True,0.0,1.0,4392.81494140625
2025-05-20 09:00:00,28,0.056,0,2,False,True,0.0,1.0,4460.10302734375
2025-05-20 10:00:00,25,0.05,0,2,False,True,0.0,1.0,4498.095849609374
2025-05-20 11:00:00,25,0.05,0,3,False,True,0.0,1.0,4489.881372070313
2025-05-20 12:00:00,34,0.068,0,2,False,True,0.0,1.0,4382.9228515625
2025-05-20 13:00:00,25,0.05,0,2,False,True,0.0,1.0,4371.170727539062
2025-05-20 14:00:00,25,0.05,0,1,False,True,0.0,1.0,4239.040112304688
2025-05-20 15:00:00,25,0.05,0,1,False,True,0.0,1.0,4455.172265624999
2025-05-20 16:00:00,25,0.05,0,2,False,True,0.0,1.0,4435.9791015625
2025-05-20 17:00:00,29,0.058,0,3,False,True,0.0,1.0,4467.66162109375
2025-05-20 18:00:00,39,0.078,0,3,False,True,0.0,1.0,4435.052734375
2025-05-20 19:00:00,29,0.058,0,2,False,True,0.0,1.0,4481.33740234375
2025-05-20 20:00:00,44,0.088,0,1,False,True,0.0,1.0,4447.7607421875
2025-05-20 21:00:00,32,0.064,0,3,False,True,0.0,1.0,4482.4150390625
2025-05-20 22:00:00,30,0.06,1,2,True,True,1.0,1.0,4471.09521484375
2025-05-20 23:00:00,30,0.06,0,1,False,True,0.0,1.0,4476.32568359375
2025-05-21 00:00:00,25,0.05,0,3,False,True,0.0,1.0,4451.202392578124
2025-05-21 01:00:00,38,0.076,0,3,False,True,0.0,1.0,4484.67333984375
2025-05-21 02:00:00,27,0.054,0,3,False,True,0.0,1.0,4484.67333984375
2025-05-21 03:00:00,28,0.056,0,2,False,True,0.0,1.0,4429.73291015625
2025-05-21 04:00:00,27,0.054,0,2,False,True,0.0,1.0,4422.95263671875
2025-05-21 05:00:00,25,0.05,0,1,False,True,0.0,1.0,4385.808032226562
2025-05-21 06:00:00,25,0.05,0,1,False,True,0.0,1.0,4397.0635986328125
2025-05-21 07:00:00,25,0.05,0,2,False,True,0.0,1.0,4379.307104492187
2025-05-21 08:00:00,27,0.054,0,1,False,True,0.0,1.0,4393.99853515625
2025-05-21 09:00:00,25,0.05,0,2,False,True,0.0,1.0,4386.714184570313
2025-05-21 10:00:00,28,0.056,0,2,False,True,0.0,1.0,4425.4033203125
2025-05-21 11:00:00,27,0.054,0,2,False,True,0.0,1.0,4437.611328125
2025-05-21 12:00:00,27,0.054,0,2,False,True,0.0,1.0,4413.8115234375
2025-05-21 13:00:00,25,0.05,1,2,True,True,1.0,1.0,4347.459082031249
2025-05-21 14:00:00,25,0.05,0,1,False,True,0.0,1.0,4495.282275390625
2025-05-21 15:00:00,33,0.066,0,2,False,True,0.0,1.0,4552.234375
2025-05-21 16:00:00,27,0.054,0,2,False,True,0.0,1.0,4533.607421875
2025-05-21 17:00:00,29,0.058,0,1,False,True,0.0,1.0,4529.40478515625
2025-05-21 18:00:00,30,0.06,0,2,False,True,0.0,1.0,4592.037109375
2025-05-21 19:00:00,31,0.062,0,1,False,True,0.0,1.0,4602.53369140625
2025-05-21 20:00:00,38,0.076,0,1,False,True,0.0,1.0,4608.48583984375
2025-05-21 21:00:00,25,0.05,0,2,False,True,0.0,1.0,4585.823657226562
2025-05-21 22:00:00,25,0.05,0,1,False,True,0.0,1.0,4596.0267333984375
2025-05-21 23:00:00,32,0.064,0,2,False,True,0.0,1.0,4616.20947265625
2025-05-22 00:00:00,25,0.05,0,2,False,True,0.0,1.0,4576.037744140625
2025-05-22 01:00:00,36,0.072,0,3,False,True,0.0,1.0,4570.2880859375
2025-05-22 02:00:00,28,0.056,0,1,False,True,0.0,1.0,4585.78759765625
2025-05-22 03:00:00,26,0.052,0,1,False,True,0.0,1.0,4575.50927734375
2025-05-22 04:00:00,25,0.05,0,2,False,True,0.0,1.0,4505.8270263671875
2025-05-22 05:00:00,26,0.052,0,2,False,True,0.0,1.0,4513.36767578125
2025-05-22 06:00:00,30,0.06,0,2,False,True,0.0,1.0,4576.314453125
2025-05-22 07:00:00,27,0.054,0,3,False,True,0.0,1.0,4573.50732421875
2025-05-22 08:00:00,32,0.064,0,2,False,True,0.0,1.0,4581.34423828125
2025-05-22 09:00:00,25,0.05,0,3,False,True,0.0,1.0,4586.9166259765625
2025-05-22 10:00:00,25,0.05,0,1,False,True,0.0,1.0,4606.593432617187
2025-05-22 11:00:00,25,0.05,0,2,False,True,0.0,1.0,4601.088110351562
2025-05-22 12:00:00,25,0.05,0,3,False,True,0.0,1.0,4610.01953125
2025-05-22 13:00:00,28,0.056,0,1,False,True,0.0,1.0,4508.865234375
2025-05-22 14:00:00,27,0.054,0,1,False,True,0.0,1.0,4520.982421875
2025-05-22 15:00:00,25,0.05,0,1,False,True,0.0,1.0,4601.874584960938
2025-05-22 16:00:00,25,0.05,0,1,False,True,0.0,1.0,4582.06552734375
2025-05-22 17:00:00,25,0.05,0,2,False,True,0.0,1.0,4562.863769531249
2025-05-22 18:00:00,25,0.05,0,2,False,True,0.0,1.0,4623.848950195312
2025-05-22 19:00:00,25,0.05,0,1,False,True,0.0,1.0,4627.851489257812
2025-05-22 20:00:00,25,0.05,0,2,False,True,0.0,1.0,4629.687524414063
2025-05-22 21:00:00,29,0.058,0,1,False,True,0.0,1.0,4637.30419921875
2025-05-22 22:00:00,25,0.05,0,3,False,True,0.0,1.0,4632.095288085937
2025-05-22 23:00:00,28,0.056,0,1,False,True,0.0,1.0,4643.333984375
2025-05-23 00:00:00,25,0.05,0,2,False,True,0.0,1.0,4629.06513671875
2025-05-23 01:00:00,25,0.05,0,2,False,True,0.0,1.0,4630.751611328124
2025-05-23 02:00:00,25,0.05,0,2,False,True,0.0,1.0,4633.409936523438
2025-05-23 03:00:00,25,0.05,0,2,False,True,0.0,1.0,4583.555004882813
2025-05-23 04:00:00,25,0.05,0,1,False,True,0.0,1.0,4585.640600585937
2025-05-23 05:00:00,28,0.056,0,1,False,True,0.0,1.0,4586.2607421875
2025-05-23 06:00:00,25,0.05,0,2,False,True,0.0,1.0,4567.9369140625
2025-05-23 07:00:00,25,0.05,0,1,False,True,0.0,1.0,4548.488940429687
2025-05-23 08:00:00,26,0.052,0,2,False,True,0.0,1.0,4575.50048828125
2025-05-23 09:00:00,25,0.05,0,1,False,True,0.0,1.0,4546.808154296875
2025-05-23 10:00:00,25,0.05,0,1,False,True,0.0,1.0,4614.053857421875
2025-05-23 11:00:00,29,0.058,0,2,False,True,0.0,1.0,4639.794921875
2025-05-23 12:00:00,33,0.066,0,3,False,True,0.0,1.0,4473.0341796875
2025-05-23 13:00:00,25,0.05,0,2,False,True,0.0,1.0,4602.017749023437
2025-05-23 14:00:00,25,0.05,0,3,False,True,0.0,1.0,4555.768945312499
2025-05-23 15:00:00,25,0.05,0,2,False,True,0.0,1.0,4416.6208984375
2025-05-23 16:00:00,26,0.052,0,2,False,True,0.0,1.0,4159.22509765625
2025-05-23 17:00:00,25,0.05,0,1,False,True,0.0,1.0,4035.05625
2025-05-23 18:00:00,500,1.0,5,5,True,True,1.0,1.0,3581.0
2025-05-23 19:00:00,500,1.0,5,5,True,True,1.0,1.0,3374.0
2025-05-23 20:00:00,500,1.0,5,5,True,True,1.0,1.0,3145.0
2025-05-23 21:00:00,25,0.05,0,1,False,True,0.0,1.0,3076.175244140625
2025-05-23 22:00:00,25,0.05,0,2,False,True,0.0,1.0,3086.167883300781
2025-05-23 23:00:00,33,0.066,0,1,False,True,0.0,1.0,3091.8388671875
2025-05-24 00:00:00,28,0.056,0,1,False,True,0.0,1.0,3097.701171875
2025-05-24 01:00:00,25,0.05,0,2,False,True,0.0,1.0,3047.6526123046874
2025-05-24 02:00:00,25,0.05,0,1,False,True,0.0,1.0,3059.0699096679687
2025-05-24 03:00:00,27,0.054,0,2,False,True,0.0,1.0,3072.751953125
2025-05-24 04:00:00,25,0.05,0,1,False,True,0.0,1.0,3073.280737304687
2025-05-24 05:00:00,28,0.056,0,2,False,True,0.0,1.0,3078.7919921875
2025-05-24 06:00:00,30,0.06,0,1,False,True,0.0,1.0,3080.60595703125
2025-05-24 07:00:00,25,0.05,0,2,False,True,0.0,1.0,3099.773486328125
2025-05-24 08:00:00,25,0.05,0,2,False,True,0.0,1.0,3087.041027832031
2025-05-24 09:00:00,33,0.066,0,1,False,True,0.0,1.0,3085.0087890625
2025-05-24 10:00:00,29,0.058,0,2,False,True,0.0,1.0,3083.087646484375
2025-05-24 11:00:00,25,0.05,0,1,False,True,0.0,1.0,3079.614208984375
2025-05-24 12:00:00,29,0.058,0,1,False,True,0.0,1.0,3067.59423828125
2025-05-24 13:00:00,35,0.07,0,2,False,True,0.0,1.0,2943.57080078125
2025-05-24 14:00:00,25,0.05,0,1,False,True,0.0,1.0,2917.8126708984373
2025-05-24 15:00:00,25,0.05,0,2,False,True,0.0,1.0,2905.039099121094
2025-05-24 16:00:00,25,0.05,0,1,False,True,0.0,1.0,2751.5295654296874
2025-05-24 17:00:00,25,0.05,0,1,False,True,0.0,1.0,2673.5572509765625
2025-05-24 18:00:00,500,1.0,5,5,True,True,1.0,1.0,2566.0
2025-05-24 19:00:00,500,1.0,5,5,True,True,1.0,1.0,2444.0
2025-05-24 20:00:00,500,1.0,5,5,True,True,1.0,1.0,2324.0
2025-05-24 21:00:00,28,0.056,0,1,False,True,0.0,1.0,2304.939697265625
2025-05-24 22:00:00,25,0.05,0,1,False,True,0.0,1.0,2296.8423828125
2025-05-24 23:00:00,36,0.072,0,2,False,True,0.0,1.0,2296.609619140625
2025-05-25 00:00:00,29,0.058,0,2,False,True,0.0,1.0,2310.317626953125
2025-05-25 01:00:00,25,0.05,0,2,False,True,0.0,1.0,2310.412744140625
2025-05-25 02:00:00,25,0.05,1,1,True,True,1.0,1.0,2311.201245117187
2025-05-25 03:00:00,25,0.05,0,1,False,True,0.0,1.0,2301.448596191406
2025-05-25 04:00:00,25,0.05,0,1,False,True,0.0,1.0,2299.3900146484375
2025-05-25 05:00:00,25,0.05,0,3,False,True,0.0,1.0,2299.5761108398438
2025-05-25 06:00:00,25,0.05,0,2,False,True,0.0,1.0,2299.159875488281
2025-05-25 07:00:00,34,0.068,0,2,False,True,0.0,1.0,2291.940673828125
2025-05-25 08:00:00,30,0.06,0,2,False,True,0.0,1.0,2291.76904296875
2025-05-25 09:00:00,25,0.05,0,1,False,True,0.0,1.0,2400.5183227539064
2025-05-25 10:00:00,25,0.05,0,1,False,True,0.0,1.0,2541.44970703125
2025-05-25 11:00:00,25,0.05,1,3,True,True,1.0,1.0,2621.8758544921875
2025-05-25 12:00:00,26,0.052,0,1,False,True,0.0,1.0,2664.86669921875
2025-05-25 13:00:00,25,0.05,0,1,False,True,0.0,1.0,2729.257055664062
2025-05-25 14:00:00,25,0.05,0,1,False,True,0.0,1.0,2892.152307128906
2025-05-25 15:00:00,25,0.05,0,1,False,True,0.0,1.0,2899.4693969726563
2025-05-25 16:00:00,26,0.052,0,1,False,True,0.0,1.0,2925.80029296875
2025-05-25 17:00:00,25,0.05,0,2,False,True,0.0,1.0,2931.4993530273437
2025-05-25 18:00:00,29,0.058,0,2,False,True,0.0,1.0,2925.529052734375
2025-05-25 19:00:00,25,0.05,0,2,False,True,0.0,1.0,2924.6658935546875
2025-05-25 20:00:00,30,0.06,0,2,False,True,0.0,1.0,2930.880859375
2025-05-25 21:00:00,26,0.052,0,1,False,True,0.0,1.0,2928.261962890625
2025-05-25 22:00:00,25,0.05,0,1,False,True,0.0,1.0,2914.266955566406
2025-05-25 23:00:00,25,0.05,0,1,False,True,0.0,1.0,2918.5800048828123
2025-05-26 00:00:00,25,0.05,0,1,False,True,0.0,1.0,2911.166711425781
2025-05-26 01:00:00,25,0.05,0,2,False,True,0.0,1.0,2923.9572509765626
2025-05-26 02:00:00,25,0.05,0,2,False,True,0.0,1.0,2914.9762329101563
2025-05-26 03:00:00,25,0.05,0,2,False,True,0.0,1.0,2925.934606933594
2025-05-26 04:00:00,29,0.058,0,1,False,True,0.0,1.0,2903.208984375
2025-05-26 05:00:00,26,0.052,0,1,False,True,0.0,1.0,2902.7470703125
2025-05-26 06:00:00,25,0.05,0,1,False,True,0.0,1.0,2903.264270019531
2025-05-26 07:00:00,25,0.05,0,1,False,True,0.0,1.0,2919.5443359375
2025-05-26 08:00:00,25,0.05,0,1,False,True,0.0,1.0,2918.96416015625
2025-05-26 09:00:00,25,0.05,0,1,False,True,0.0,1.0,2919.375939941406
2025-05-26 10:00:00,25,0.05,0,1,False,True,0.0,1.0,2922.60068359375
2025-05-26 11:00:00,25,0.05,0,1,False,True,0.0,1.0,2912.2302734375
2025-05-26 12:00:00,25,0.05,0,1,False,True,0.0,1.0,3104.53935546875
2025-05-26 13:00:00,25,0.05,0,1,False,True,0.0,1.0,3228.5962768554687
2025-05-26 14:00:00,37,0.074,0,2,False,True,0.0,1.0,3401.731689453125
2025-05-26 15:00:00,25,0.05,0,3,False,True,0.0,1.0,3413.04150390625
2025-05-26 16:00:00,32,0.064,0,2,False,True,0.0,1.0,3421.78955078125
2025-05-26 17:00:00,29,0.058,0,3,False,True,0.0,1.0,3436.7001953125
2025-05-26 18:00:00,25,0.05,0,3,False,True,0.0,1.0,3428.1538696289062
2025-05-26 19:00:00,27,0.054,0,2,False,True,0.0,1.0,3413.00537109375
2025-05-26 20:00:00,25,0.05,0,2,False,True,0.0,1.0,3395.8883056640625
2025-05-26 21:00:00,25,0.05,0,2,False,True,0.0,1.0,3403.7043701171874
2025-05-26 22:00:00,25,0.05,0,1,False,True,0.0,1.0,3410.292822265625
2025-05-26 23:00:00,32,0.064,0,2,False,True,0.0,1.0,3412.951416015625
2025-05-27 00:00:00,25,0.05,0,2,False,True,0.0,1.0,3417.92265625
2025-05-27 01:00:00,25,0.05,0,1,False,True,0.0,1.0,3414.788427734375
2025-05-27 02:00:00,25,0.05,0,3,False,True,0.0,1.0,3403.1912109375
2025-05-27 03:00:00,25,0.05,1,2,True,True,1.0,1.0,3391.0601440429687
2025-05-27 04:00:00,25,0.05,0,2,False,True,0.0,1.0,3388.8782958984375
2025-05-27 05:00:00,25,0.05,0,2,False,True,0.0,1.0,3379.392468261719
2025-05-27 06:00:00,25,0.05,0,3,False,True,0.0,1.0,3359.3008056640624
2025-05-27 07:00:00,25,0.05,0,2,False,True,0.0,1.0,3347.371899414062
2025-05-27 08:00:00,34,0.068,0,2,False,True,0.0,1.0,3351.9345703125
2025-05-27 09:00:00,25,0.05,0,2,False,True,0.0,1.0,3290.5686889648437
2025-05-27 10:00:00,31,0.062,0,2,False,True,0.0,1.0,3289.8818359375
2025-05-27 11:00:00,30,0.06,0,1,False,True,0.0,1.0,3361.0791015625
2025-05-27 12:00:00,25,0.05,0,2,False,True,0.0,1.0,3418.5110107421874
2025-05-27 13:00:00,30,0.06,0,2,False,True,0.0,1.0,3419.677490234375
2025-05-27 14:00:00,26,0.052,0,3,False,True,0.0,1.0,3571.038818359375
2025-05-27 15:00:00,29,0.058,0,3,False,True,0.0,1.0,3572.35009765625
2025-05-27 16:00:00,31,0.062,0,2,False,True,0.0,1.0,3571.63232421875
2025-05-27 17:00:00,28,0.056,0,3,False,True,0.0,1.0,3573.204833984375
2025-05-27 18:00:00,28,0.056,0,3,False,True,0.0,1.0,3598.44677734375
2025-05-27 19:00:00,34,0.068,0,2,False,True,0.0,1.0,3591.33349609375
2025-05-27 20:00:00,40,0.08,0,3,False,True,0.0,1.0,3593.05078125
2025-05-27 21:00:00,25,0.05,0,1,False,True,0.0,1.0,3606.6406127929686
2025-05-27 22:00:00,25,0.05,0,2,False,True,0.0,1.0,3601.2945678710935
2025-05-27 23:00:00,26,0.052,0,2,False,True,0.0,1.0,3615.180419921875
2025-05-28 00:00:00,25,0.05,0,2,False,True,0.0,1.0,3617.6974975585936
2025-05-28 01:00:00,34,0.068,0,3,False,True,0.0,1.0,3622.113037109375
2025-05-28 02:00:00,36,0.072,0,2,False,True,0.0,1.0,3589.428955078125
2025-05-28 03:00:00,29,0.058,0,1,False,True,0.0,1.0,3593.5947265625
2025-05-28 04:00:00,30,0.06,1,2,True,True,1.0,1.0,3596.4365234375
2025-05-28 05:00:00,29,0.058,0,2,False,True,0.0,1.0,3590.62890625
2025-05-28 06:00:00,29,0.058,0,3,False,True,0.0,1.0,3573.22802734375
2025-05-28 07:00:00,25,0.05,0,2,False,True,0.0,1.0,3561.156872558594
2025-05-28 08:00:00,25,0.05,1,2,True,True,1.0,1.0,3566.1454223632813
2025-05-28 09:00:00,25,0.05,0,2,False,True,0.0,1.0,3534.120654296875
2025-05-28 10:00:00,25,0.05,0,1,False,True,0.0,1.0,3550.704455566406
2025-05-28 11:00:00,25,0.05,0,1,False,True,0.0,1.0,3585.924182128906
2025-05-28 12:00:00,31,0.062,0,2,False,True,0.0,1.0,3581.333984375
2025-05-28 13:00:00,25,0.05,0,3,False,True,0.0,1.0,3589.8512939453126
2025-05-28 14:00:00,25,0.05,0,3,False,True,0.0,1.0,3557.8929565429685
2025-05-28 15:00:00,25,0.05,0,2,False,True,0.0,1.0,3512.7597900390624
2025-05-28 16:00:00,25,0.05,0,1,False,True,0.0,1.0,3401.5937255859376
2025-05-28 17:00:00,29,0.058,0,1,False,True,0.0,1.0,3317.550537109375
2025-05-28 18:00:00,25,0.05,0,1,False,True,0.0,1.0,3139.9594482421876
2025-05-28 19:00:00,29,0.058,0,1,False,True,0.0,1.0,3135.516357421875
2025-05-28 20:00:00,30,0.06,0,1,False,True,0.0,1.0,3132.14208984375
2025-05-28 21:00:00,27,0.054,0,2,False,True,0.0,1.0,3127.633544921875
2025-05-28 22:00:00,29,0.058,0,2,False,True,0.0,1.0,3131.391357421875
2025-05-28 23:00:00,25,0.05,0,2,False,True,0.0,1.0,3126.5638061523437
2025-05-29 00:00:00,27,0.054,0,2,False,True,0.0,1.0,3129.484375
2025-05-29 01:00:00,25,0.05,0,2,False,True,0.0,1.0,3127.1948364257814
2025-05-29 02:00:00,35,0.07,0,2,False,True,0.0,1.0,3128.191162109375
2025-05-29 03:00:00,25,0.05,0,2,False,True,0.0,1.0,3115.646337890625
2025-05-29 04:00:00,25,0.05,0,1,False,True,0.0,1.0,3124.5557983398435
2025-05-29 05:00:00,28,0.056,0,1,False,True,0.0,1.0,3126.56494140625
2025-05-29 06:00:00,27,0.054,0,1,False,True,0.0,1.0,3189.37255859375
2025-05-29 07:00:00,25,0.05,0,1,False,True,0.0,1.0,3182.4628173828123
2025-05-29 08:00:00,25,0.05,0,1,False,True,0.0,1.0,3190.536181640625
2025-05-29 09:00:00,25,0.05,0,2,False,True,0.0,1.0,3184.431713867187
2025-05-29 10:00:00,32,0.064,0,2,False,True,0.0,1.0,3152.5283203125
2025-05-29 11:00:00,25,0.05,0,1,False,True,0.0,1.0,3218.0905029296873
2025-05-29 12:00:00,26,0.052,0,2,False,True,0.0,1.0,3177.81201171875
2025-05-29 13:00:00,33,0.066,1,2,True,True,1.0,1.0,3137.3408203125
2025-05-29 14:00:00,25,0.05,0,1,False,True,0.0,1.0,3070.9765502929686
2025-05-29 15:00:00,25,0.05,0,1,False,True,0.0,1.0,2989.4548950195312
2025-05-29 16:00:00,26,0.052,0,1,False,True,0.0,1.0,2908.316650390625
2025-05-29 17:00:00,30,0.06,0,1,False,True,0.0,1.0,2907.38720703125
2025-05-29 18:00:00,500,1.0,5,5,True,True,1.0,1.0,2773.0
2025-05-29 19:00:00,500,1.0,5,5,True,True,1.0,1.0,2644.0
2025-05-29 20:00:00,500,1.0,5,5,True,True,1.0,1.0,2424.0
2025-05-29 21:00:00,25,0.05,0,2,False,True,0.0,1.0,2310.476672363281
2025-05-29 22:00:00,25,0.05,0,1,False,True,0.0,1.0,2300.2631225585938
2025-05-29 23:00:00,25,0.05,0,1,False,True,0.0,1.0,2301.418005371094
2025-05-30 00:00:00,33,0.066,0,1,False,True,0.0,1.0,2315.34228515625
2025-05-30 01:00:00,29,0.058,0,2,False,True,0.0,1.0,2315.34716796875
2025-05-30 02:00:00,26,0.052,0,1,False,True,0.0,1.0,2314.064208984375
2025-05-30 03:00:00,29,0.058,0,1,False,True,0.0,1.0,2315.891357421875
2025-05-30 04:00:00,30,0.06,0,1,False,True,0.0,1.0,2315.7578125
2025-05-30 05:00:00,25,0.05,0,1,False,True,0.0,1.0,2306.836010742187
2025-05-30 06:00:00,25,0.05,0,1,False,True,0.0,1.0,2307.8763061523437
2025-05-30 07:00:00,25,0.05,0,1,False,True,0.0,1.0,2301.319873046875
2025-05-30 08:00:00,25,0.05,0,1,False,True,0.0,1.0,2289.4919189453126
2025-05-30 09:00:00,34,0.068,0,2,False,True,0.0,1.0,2291.3935546875
2025-05-30 10:00:00,25,0.05,0,1,False,True,0.0,1.0,2288.9514038085936
2025-05-30 11:00:00,26,0.052,1,2,True,True,1.0,1.0,2243.75439453125
2025-05-30 12:00:00,25,0.05,0,2,False,True,0.0,1.0,2226.0793212890626
2025-05-30 13:00:00,25,0.05,0,2,False,True,0.0,1.0,2227.505969238281
2025-05-30 14:00:00,30,0.06,0,1,False,True,0.0,1.0,2227.4453125
2025-05-30 15:00:00,25,0.05,0,1,False,True,0.0,1.0,2190.2219970703127
2025-05-30 16:00:00,25,0.05,0,1,False,True,0.0,1.0,2229.5562866210935
2025-05-30 17:00:00,27,0.054,0,1,False,True,0.0,1.0,2396.89697265625
2025-05-30 18:00:00,37,0.074,0,1,False,True,0.0,1.0,2415.69140625
2025-05-30 19:00:00,500,1.0,5,5,True,True,1.0,1.0,2429.0
2025-05-30 20:00:00,500,1.0,5,5,True,True,1.0,1.0,2429.0
2025-05-30 21:00:00,500,1.0,5,5,True,True,1.0,1.0,2429.0
2025-05-30 22:00:00,500,1.0,5,5,True,True,1.0,1.0,2429.0
2025-05-30 23:00:00,500,1.0,5,5,True,True,1.0,1.0,2429.0
2025-05-31 00:00:00,500,1.0,5,5,True,True,1.0,1.0,2429.0
2025-05-31 01:00:00,500,1.0,5,5,True,True,1.0,1.0,2429.0
2025-05-31 02:00:00,500,1.0,5,5,True,True,1.0,1.0,2429.0
2025-05-31 03:00:00,500,1.0,5,5,True,True,1.0,1.0,2429.0
2025-05-31 04:00:00,500,1.0,5,5,True,True,1.0,1.0,2429.0
2025-05-31 05:00:00,500,1.0,5,5,True,True,1.0,1.0,2429.0
2025-05-31 06:00:00,500,1.0,5,5,True,True,1.0,1.0,2429.0
2025-05-31 07:00:00,500,1.0,5,5,True,True,1.0,1.0,2429.0
2025-05-31 08:00:00,500,1.0,5,5,True,True,1.0,1.0,2429.0
2025-05-31 09:00:00,500,1.0,5,5,True,True,1.0,1.0,2429.0
2025-05-31 10:00:00,500,1.0,5,5,True,True,1.0,1.0,2429.0
2025-05-31 11:00:00,500,1.0,5,5,True,True,1.0,1.0,2429.0
2025-05-31 12:00:00,500,1.0,5,5,True,True,1.0,1.0,2429.0
2025-05-31 13:00:00,500,1.0,5,5,True,True,1.0,1.0,2429.0
2025-05-31 14:00:00,500,1.0,5,5,True,True,1.0,1.0,2429.0
2025-05-31 15:00:00,500,1.0,5,5,True,True,1.0,1.0,2429.0
2025-05-31 16:00:00,32,0.064,0,1,False,True,0.0,1.0,2596.356689453125
2025-05-31 17:00:00,31,0.062,0,2,False,True,0.0,1.0,2646.805908203125
2025-05-31 18:00:00,26,0.052,0,1,False,True,0.0,1.0,2713.243408203125
2025-05-31 19:00:00,25,0.05,0,1,False,True,0.0,1.0,2710.74267578125
2025-05-31 20:00:00,32,0.064,0,1,False,True,0.0,1.0,2712.810791015625
2025-05-31 21:00:00,31,0.062,0,1,False,True,0.0,1.0,2712.333251953125
2025-05-31 22:00:00,26,0.052,0,1,False,True,0.0,1.0,2712.982421875
2025-05-31 23:00:00,25,0.05,0,2,False,True,0.0,1.0,2708.023645019531
2025-06-01 00:00:00,35,0.07,0,2,False,True,0.0,1.0,2722.423095703125
2025-06-01 01:00:00,25,0.05,0,2,False,True,0.0,1.0,2723.3162109375
2025-06-01 02:00:00,29,0.058,0,1,False,True,0.0,1.0,2723.835693359375
2025-06-01 03:00:00,25,0.05,0,1,False,True,0.0,1.0,2717.2290649414062
2025-06-01 04:00:00,25,0.05,0,1,False,True,0.0,1.0,2722.8810546875
2025-06-01 05:00:00,25,0.05,0,2,False,True,0.0,1.0,2715.75849609375
2025-06-01 06:00:00,25,0.05,0,1,False,True,0.0,1.0,2731.864807128906
2025-06-01 07:00:00,25,0.05,0,2,False,True,0.0,1.0,2745.8245605468746
2025-06-01 08:00:00,28,0.056,0,1,False,True,0.0,1.0,2835.56494140625
2025-06-01 09:00:00,32,0.064,0,2,False,True,0.0,1.0,3075.1337890625
2025-06-01 10:00:00,26,0.052,0,1,False,True,0.0,1.0,3251.8154296875
2025-06-01 11:00:00,28,0.056,0,2,False,True,0.0,1.0,3656.51123046875
2025-06-01 12:00:00,25,0.05,0,1,False,True,0.0,1.0,4118.404809570312
2025-06-01 13:00:00,28,0.056,0,3,False,True,0.0,1.0,4424.18896484375
2025-06-01 14:00:00,43,0.086,0,3,False,True,0.0,1.0,4440.59033203125
2025-06-01 15:00:00,25,0.05,0,1,False,True,0.0,1.0,4767.08212890625
2025-06-01 16:00:00,27,0.054,0,2,False,True,0.0,1.0,4774.61083984375
2025-06-01 17:00:00,25,0.05,0,2,False,True,0.0,1.0,4765.118408203125
2025-06-01 18:00:00,25,0.05,0,2,False,True,0.0,1.0,4737.388354492187
2025-06-01 19:00:00,30,0.06,0,2,False,True,0.0,1.0,4752.61767578125
2025-06-01 20:00:00,26,0.052,0,2,False,True,0.0,1.0,4751.220703125
2025-06-01 21:00:00,26,0.052,0,3,False,True,0.0,1.0,4758.607421875
2025-06-01 22:00:00,25,0.05,0,2,False,True,0.0,1.0,4738.092822265625
2025-06-01 23:00:00,25,0.05,0,3,False,True,0.0,1.0,4714.386938476562
2025-06-02 00:00:00,25,0.05,0,2,False,True,0.0,1.0,4727.688989257813
2025-06-02 01:00:00,42,0.084,0,3,False,True,0.0,1.0,4711.4580078125
2025-06-02 02:00:00,25,0.05,0,2,False,True,0.0,1.0,4709.83388671875
2025-06-02 03:00:00,37,0.074,0,2,False,True,0.0,1.0,4712.3701171875
2025-06-02 04:00:00,27,0.054,0,2,False,True,0.0,1.0,4716.9169921875
2025-06-02 05:00:00,25,0.05,0,3,False,True,0.0,1.0,4704.2757568359375
2025-06-02 06:00:00,37,0.074,0,1,False,True,0.0,1.0,4720.9033203125
2025-06-02 07:00:00,25,0.05,0,3,False,True,0.0,1.0,4715.089038085937
2025-06-02 08:00:00,28,0.056,0,3,False,True,0.0,1.0,4724.6240234375
2025-06-02 09:00:00,27,0.054,0,2,False,True,0.0,1.0,4671.68798828125
2025-06-02 10:00:00,25,0.05,0,2,False,True,0.0,1.0,4617.349829101562
2025-06-02 11:00:00,25,0.05,0,2,False,True,0.0,1.0,4640.058056640625
2025-06-02 12:00:00,29,0.058,0,1,False,True,0.0,1.0,4644.48388671875
2025-06-02 13:00:00,30,0.06,0,1,False,True,0.0,1.0,4648.0859375
2025-06-02 14:00:00,25,0.05,0,2,False,True,0.0,1.0,4616.49228515625
2025-06-02 15:00:00,25,0.05,0,1,False,True,0.0,1.0,4552.789282226562
2025-06-02 16:00:00,27,0.054,0,1,False,True,0.0,1.0,4457.80712890625
2025-06-02 17:00:00,25,0.05,0,1,False,True,0.0,1.0,4335.049145507813
2025-06-02 18:00:00,26,0.052,0,2,False,True,0.0,1.0,4197.37646484375
2025-06-02 19:00:00,30,0.06,0,2,False,True,0.0,1.0,4198.1416015625
2025-06-02 20:00:00,37,0.074,2,2,True,True,1.0,1.0,4204.7392578125
2025-06-02 21:00:00,35,0.07,0,1,False,True,0.0,1.0,4201.26220703125
2025-06-02 22:00:00,28,0.056,0,1,False,True,0.0,1.0,4209.0224609375
2025-06-02 23:00:00,25,0.05,0,2,False,True,0.0,1.0,4202.899926757813
2025-06-03 00:00:00,29,0.058,0,1,False,True,0.0,1.0,4174.44287109375
2025-06-03 01:00:00,25,0.05,0,1,False,True,0.0,1.0,4174.4888671875
2025-06-03 02:00:00,35,0.07,0,2,False,True,0.0,1.0,4202.46923828125
2025-06-03 03:00:00,33,0.066,0,1,False,True,0.0,1.0,4165.392578125
2025-06-03 04:00:00,25,0.05,0,2,False,True,0.0,1.0,4168.145532226562
2025-06-03 05:00:00,28,0.056,0,2,False,True,0.0,1.0,4166.11865234375
2025-06-03 06:00:00,49,0.098,0,2,False,True,0.0,1.0,4139.20751953125
2025-06-03 07:00:00,25,0.05,0,2,False,True,0.0,1.0,4143.406567382813
2025-06-03 08:00:00,25,0.05,0,2,False,True,0.0,1.0,4131.074047851563
2025-06-03 09:00:00,35,0.07,0,3,False,True,0.0,1.0,4023.97998046875
2025-06-03 10:00:00,25,0.05,0,1,False,True,0.0,1.0,4134.841137695313
2025-06-03 11:00:00,30,0.06,0,2,False,True,0.0,1.0,4198.986328125
2025-06-03 12:00:00,25,0.05,1,2,True,True,1.0,1.0,4029.4729858398437
2025-06-03 13:00:00,34,0.068,0,2,False,True,0.0,1.0,3872.59423828125
2025-06-03 14:00:00,25,0.05,0,1,False,True,0.0,1.0,3736.731066894531
2025-06-03 15:00:00,25,0.05,0,2,False,True,0.0,1.0,3624.546887207031
2025-06-03 16:00:00,25,0.05,0,2,False,True,0.0,1.0,3624.618518066406
2025-06-03 17:00:00,26,0.052,0,1,False,True,0.0,1.0,3629.301025390625
2025-06-03 18:00:00,25,0.05,0,3,False,True,0.0,1.0,3691.3358642578123
2025-06-03 19:00:00,25,0.05,0,2,False,True,0.0,1.0,3690.88544921875
2025-06-03 20:00:00,25,0.05,0,1,False,True,0.0,1.0,3686.9133911132812
2025-06-03 21:00:00,25,0.05,0,3,False,True,0.0,1.0,3684.178955078125
2025-06-03 22:00:00,25,0.05,0,2,False,True,0.0,1.0,3682.5273315429686
2025-06-03 23:00:00,30,0.06,0,2,False,True,0.0,1.0,3683.32568359375
2025-06-04 00:00:00,28,0.056,0,2,False,True,0.0,1.0,3691.613037109375
2025-06-04 01:00:00,36,0.072,1,2,True,True,1.0,1.0,3694.230224609375
2025-06-04 02:00:00,28,0.056,1,1,True,True,1.0,1.0,3694.230224609375
2025-06-04 03:00:00,29,0.058,0,1,False,True,0.0,1.0,3699.078369140625
2025-06-04 04:00:00,25,0.05,0,1,False,True,0.0,1.0,3694.372424316406
2025-06-04 05:00:00,29,0.058,0,2,False,True,0.0,1.0,3687.25048828125
2025-06-04 06:00:00,25,0.05,0,1,False,True,0.0,1.0,3678.561730957031
2025-06-04 07:00:00,25,0.05,0,2,False,True,0.0,1.0,3664.4435913085936
2025-06-04 08:00:00,25,0.05,1,2,True,True,1.0,1.0,3675.488623046875
2025-06-04 09:00:00,25,0.05,0,1,False,True,0.0,1.0,3673.0669799804687
2025-06-04 10:00:00,34,0.068,0,2,False,True,0.0,1.0,3696.175537109375
2025-06-04 11:00:00,25,0.05,0,3,False,True,0.0,1.0,3688.800256347656
2025-06-04 12:00:00,28,0.056,0,2,False,True,0.0,1.0,3657.575927734375
2025-06-04 13:00:00,27,0.054,0,3,False,True,0.0,1.0,3636.331787109375
2025-06-04 14:00:00,36,0.072,0,1,False,True,0.0,1.0,3569.81591796875
2025-06-04 15:00:00,29,0.058,0,2,False,True,0.0,1.0,3569.81591796875
2025-06-04 16:00:00,25,0.05,0,2,False,True,0.0,1.0,3569.66728515625
2025-06-04 17:00:00,33,0.066,0,2,False,True,0.0,1.0,3569.61328125
2025-06-04 18:00:00,25,0.05,0,2,False,True,0.0,1.0,3551.910986328125
2025-06-04 19:00:00,25,0.05,0,2,False,True,0.0,1.0,3548.506872558594
2025-06-04 20:00:00,25,0.05,0,2,False,True,0.0,1.0,3537.9826293945307
2025-06-04 21:00:00,25,0.05,0,2,False,True,0.0,1.0,3534.728344726562
2025-06-04 22:00:00,25,0.05,0,1,False,True,0.0,1.0,3517.459887695312
2025-06-04 23:00:00,25,0.05,0,2,False,True,0.0,1.0,3543.6406982421877
2025-06-05 00:00:00,28,0.056,0,3,False,True,0.0,1.0,3534.848876953125
2025-06-05 01:00:00,25,0.05,0,3,False,True,0.0,1.0,3494.5338256835935
2025-06-05 02:00:00,32,0.064,0,2,False,True,0.0,1.0,3536.210205078125
2025-06-05 03:00:00,28,0.056,0,2,False,True,0.0,1.0,3550.35302734375
2025-06-05 04:00:00,29,0.058,0,1,False,True,0.0,1.0,3550.14794921875
2025-06-05 05:00:00,28,0.056,0,1,False,True,0.0,1.0,3562.28173828125
2025-06-05 06:00:00,25,0.05,0,2,False,True,0.0,1.0,3527.9493408203125
2025-06-05 07:00:00,25,0.05,0,2,False,True,0.0,1.0,3514.566064453125
2025-06-05 08:00:00,28,0.056,0,3,False,True,0.0,1.0,3513.6171875
2025-06-05 09:00:00,42,0.084,0,2,False,True,0.0,1.0,3528.193603515625
2025-06-05 10:00:00,30,0.06,0,1,False,True,0.0,1.0,3532.032470703125
2025-06-05 11:00:00,25,0.05,0,2,False,True,0.0,1.0,3664.2007080078124
2025-06-05 12:00:00,28,0.056,0,1,False,True,0.0,1.0,3915.990966796875
2025-06-05 13:00:00,34,0.068,0,1,False,True,0.0,1.0,3972.203125
2025-06-05 14:00:00,27,0.054,0,2,False,True,0.0,1.0,3972.180908203125
2025-06-05 15:00:00,27,0.054,0,2,False,True,0.0,1.0,3980.582763671875
2025-06-05 16:00:00,26,0.052,2,2,True,True,1.0,1.0,3980.582763671875
2025-06-05 17:00:00,25,0.05,0,3,False,True,0.0,1.0,3974.7702026367188
2025-06-05 18:00:00,25,0.05,0,1,False,True,0.0,1.0,3966.28642578125
2025-06-05 19:00:00,25,0.05,0,3,False,True,0.0,1.0,3985.432482910156
2025-06-05 20:00:00,25,0.05,0,3,False,True,0.0,1.0,3977.4310058593746
2025-06-05 21:00:00,26,0.052,1,2,True,True,1.0,1.0,3993.511962890625
2025-06-05 22:00:00,30,0.06,0,2,False,True,0.0,1.0,3989.2802734375
2025-06-05 23:00:00,32,0.064,0,2,False,True,0.0,1.0,4005.46923828125
2025-06-06 00:00:00,35,0.07,0,2,False,True,0.0,1.0,3982.998291015625
2025-06-06 01:00:00,29,0.058,0,2,False,True,0.0,1.0,3944.90576171875
2025-06-06 02:00:00,37,0.074,0,2,False,True,0.0,1.0,3932.650390625
2025-06-06 03:00:00,33,0.066,0,2,False,True,0.0,1.0,3932.650390625
2025-06-06 04:00:00,27,0.054,0,2,False,True,0.0,1.0,3947.49658203125
2025-06-06 05:00:00,27,0.054,0,2,False,True,0.0,1.0,3947.49658203125
2025-06-06 06:00:00,30,0.06,0,1,False,True,0.0,1.0,3966.303466796875
2025-06-06 07:00:00,37,0.074,0,2,False,True,0.0,1.0,3884.054931640625
2025-06-06 08:00:00,29,0.058,0,1,False,True,0.0,1.0,3907.42822265625
2025-06-06 09:00:00,39,0.078,0,3,False,True,0.0,1.0,3907.496826171875
2025-06-06 10:00:00,25,0.05,0,3,False,True,0.0,1.0,3978.964892578125
2025-06-06 11:00:00,29,0.058,0,1,False,True,0.0,1.0,3904.33447265625
2025-06-06 12:00:00,25,0.05,0,1,False,True,0.0,1.0,3830.334228515625
2025-06-06 13:00:00,27,0.054,0,2,False,True,0.0,1.0,3798.636962890625
2025-06-06 14:00:00,25,0.05,0,2,False,True,0.0,1.0,3838.6277709960937
2025-06-06 15:00:00,25,0.05,0,2,False,True,0.0,1.0,3849.447131347656
2025-06-06 16:00:00,25,0.05,0,2,False,True,0.0,1.0,3519.711828613281
2025-06-06 17:00:00,33,0.066,0,2,False,True,0.0,1.0,3344.67822265625
2025-06-06 18:00:00,500,1.0,5,5,True,True,1.0,1.0,3192.0
2025-06-06 19:00:00,25,0.05,0,1,False,True,0.0,1.0,3174.116064453125
2025-06-06 20:00:00,27,0.054,0,2,False,True,0.0,1.0,3183.3388671875
2025-06-06 21:00:00,25,0.05,0,2,False,True,0.0,1.0,3183.425830078125
2025-06-06 22:00:00,25,0.05,0,1,False,True,0.0,1.0,3182.8351440429688
2025-06-06 23:00:00,25,0.05,1,1,True,True,1.0,1.0,3181.2758666992186
2025-06-07 00:00:00,25,0.05,0,2,False,True,0.0,1.0,3184.307019042969
2025-06-07 01:00:00,29,0.058,0,2,False,True,0.0,1.0,3197.662353515625
2025-06-07 02:00:00,25,0.05,0,2,False,True,0.0,1.0,3205.6149291992188
2025-06-07 03:00:00,25,0.05,0,2,False,True,0.0,1.0,3193.8572265625
2025-06-07 04:00:00,27,0.054,0,1,False,True,0.0,1.0,3209.089599609375
2025-06-07 05:00:00,32,0.064,0,1,False,True,0.0,1.0,3197.990234375
2025-06-07 06:00:00,25,0.05,0,2,False,True,0.0,1.0,3193.551770019531
2025-06-07 07:00:00,25,0.05,0,2,False,True,0.0,1.0,3150.543493652344
2025-06-07 08:00:00,26,0.052,0,2,False,True,0.0,1.0,3154.82958984375
2025-06-07 09:00:00,39,0.078,0,2,False,True,0.0,1.0,3171.86474609375
2025-06-07 10:00:00,25,0.05,0,2,False,True,0.0,1.0,3199.844250488281
2025-06-07 11:00:00,32,0.064,0,1,False,True,0.0,1.0,3190.37939453125
2025-06-07 12:00:00,25,0.05,0,2,False,True,0.0,1.0,3153.33349609375
2025-06-07 13:00:00,25,0.05,0,2,False,True,0.0,1.0,3191.2514892578124
2025-06-07 14:00:00,25,0.05,0,1,False,True,0.0,1.0,3223.722619628906
2025-06-07 15:00:00,31,0.062,0,1,False,True,0.0,1.0,3108.8623046875
2025-06-07 16:00:00,37,0.074,0,1,False,True,0.0,1.0,2878.0869140625
2025-06-07 17:00:00,33,0.066,0,1,False,True,0.0,1.0,2877.982666015625
2025-06-07 18:00:00,25,0.05,0,1,False,True,0.0,1.0,2939.209716796875
2025-06-07 19:00:00,25,0.05,0,1,False,True,0.0,1.0,2943.957080078125
2025-06-07 20:00:00,25,0.05,0,2,False,True,0.0,1.0,2945.7590087890626
2025-06-07 21:00:00,30,0.06,0,2,False,True,0.0,1.0,2947.56591796875
2025-06-07 22:00:00,32,0.064,0,1,False,True,0.0,1.0,2945.55517578125
2025-06-07 23:00:00,28,0.056,0,1,False,True,0.0,1.0,2945.5712890625
2025-06-08 00:00:00,25,0.05,0,1,False,True,0.0,1.0,2929.880200195312
2025-06-08 01:00:00,25,0.05,0,2,False,True,0.0,1.0,2936.1267700195312
2025-06-08 02:00:00,29,0.058,0,1,False,True,0.0,1.0,2941.23974609375
2025-06-08 03:00:00,25,0.05,0,1,False,True,0.0,1.0,2937.585559082031
2025-06-08 04:00:00,29,0.058,0,1,False,True,0.0,1.0,2938.452392578125
2025-06-08 05:00:00,25,0.05,0,1,False,True,0.0,1.0,2913.7033325195307
2025-06-08 06:00:00,25,0.05,0,1,False,True,0.0,1.0,2959.1932373046875
2025-06-08 07:00:00,25,0.05,0,2,False,True,0.0,1.0,2957.8018188476562
2025-06-08 08:00:00,33,0.066,0,2,False,True,0.0,1.0,2958.6748046875
2025-06-08 09:00:00,25,0.05,0,1,False,True,0.0,1.0,3188.4256225585937
2025-06-08 10:00:00,25,0.05,0,1,False,True,0.0,1.0,3637.914562988281
2025-06-08 11:00:00,26,0.052,0,2,False,True,0.0,1.0,3927.717041015625
2025-06-08 12:00:00,44,0.088,1,3,True,True,1.0,1.0,3827.762451171875
2025-06-08 13:00:00,34,0.068,0,2,False,True,0.0,1.0,4020.04345703125
2025-06-08 14:00:00,25,0.05,0,3,False,True,0.0,1.0,4040.4764770507813
2025-06-08 15:00:00,25,0.05,0,2,False,True,0.0,1.0,4030.56494140625
2025-06-08 16:00:00,28,0.056,0,1,False,True,0.0,1.0,4046.81298828125
2025-06-08 17:00:00,25,0.05,0,3,False,True,0.0,1.0,4033.0657592773437
2025-06-08 18:00:00,30,0.06,0,1,False,True,0.0,1.0,4067.244873046875
2025-06-08 19:00:00,25,0.05,0,2,False,True,0.0,1.0,4052.220861816406
2025-06-08 20:00:00,35,0.07,0,2,False,True,0.0,1.0,4064.1474609375
2025-06-08 21:00:00,25,0.05,0,1,False,True,0.0,1.0,4055.7174438476563
2025-06-08 22:00:00,25,0.05,0,2,False,True,0.0,1.0,4044.683703613281
2025-06-08 23:00:00,25,0.05,1,2,True,True,1.0,1.0,4048.1040771484377
2025-06-09 00:00:00,29,0.058,0,2,False,True,0.0,1.0,4001.9658203125
2025-06-09 01:00:00,28,0.056,0,3,False,True,0.0,1.0,4007.2333984375
2025-06-09 02:00:00,27,0.054,0,2,False,True,0.0,1.0,4035.178466796875
2025-06-09 03:00:00,25,0.05,0,1,False,True,0.0,1.0,4009.0363647460927
2025-06-09 04:00:00,30,0.06,0,2,False,True,0.0,1.0,4030.7353515625
2025-06-09 05:00:00,45,0.09,0,2,False,True,0.0,1.0,3996.333740234375
2025-06-09 06:00:00,25,0.05,1,1,True,True,1.0,1.0,4037.3402587890623
2025-06-09 07:00:00,25,0.05,0,2,False,True,0.0,1.0,3935.3594970703125
2025-06-09 08:00:00,29,0.058,0,1,False,True,0.0,1.0,3953.183349609375
2025-06-09 09:00:00,26,0.052,0,2,False,True,0.0,1.0,4028.54052734375
2025-06-09 10:00:00,25,0.05,0,2,False,True,0.0,1.0,3964.799768066406
2025-06-09 11:00:00,25,0.05,0,3,False,True,0.0,1.0,4055.0483642578124
2025-06-09 12:00:00,25,0.05,0,4,False,True,0.0,1.0,3874.7680908203124
2025-06-09 13:00:00,29,0.058,0,2,False,True,0.0,1.0,3924.93017578125
2025-06-09 14:00:00,31,0.062,0,1,False,True,0.0,1.0,4227.9169921875
2025-06-09 15:00:00,25,0.05,0,1,False,True,0.0,1.0,4385.047436523437
2025-06-09 16:00:00,33,0.066,0,2,False,True,0.0,1.0,4452.83544921875
2025-06-09 17:00:00,27,0.054,0,1,False,True,0.0,1.0,4458.482421875
2025-06-09 18:00:00,31,0.062,0,1,False,True,0.0,1.0,4485.818359375
2025-06-09 19:00:00,25,0.05,0,2,False,True,0.0,1.0,4480.977465820312
2025-06-09 20:00:00,29,0.058,0,2,False,True,0.0,1.0,4485.17724609375
2025-06-09 21:00:00,36,0.072,0,2,False,True,0.0,1.0,4479.806640625
2025-06-09 22:00:00,25,0.05,0,3,False,True,0.0,1.0,4467.693139648438
2025-06-09 23:00:00,25,0.05,0,1,False,True,0.0,1.0,4478.823291015625
2025-06-10 00:00:00,31,0.062,1,1,True,True,1.0,1.0,4456.81005859375
2025-06-10 01:00:00,33,0.066,0,1,False,True,0.0,1.0,4458.0751953125
2025-06-10 02:00:00,33,0.066,0,1,False,True,0.0,1.0,4457.9267578125
2025-06-10 03:00:00,25,0.05,0,1,False,True,0.0,1.0,4428.890966796875
2025-06-10 04:00:00,25,0.05,0,2,False,True,0.0,1.0,4422.311474609375
2025-06-10 05:00:00,25,0.05,0,1,False,True,0.0,1.0,4419.253125
2025-06-10 06:00:00,25,0.05,0,1,False,True,0.0,1.0,4359.081616210938
2025-06-10 07:00:00,29,0.058,0,2,False,True,0.0,1.0,4408.67333984375
2025-06-10 08:00:00,26,0.052,0,2,False,True,0.0,1.0,4412.81103515625
2025-06-10 09:00:00,25,0.05,0,2,False,True,0.0,1.0,4407.51826171875
2025-06-10 10:00:00,29,0.058,0,2,False,True,0.0,1.0,4440.9892578125
2025-06-10 11:00:00,25,0.05,0,2,False,True,0.0,1.0,4415.95849609375
2025-06-10 12:00:00,28,0.056,0,2,False,True,0.0,1.0,4427.2490234375
2025-06-10 13:00:00,25,0.05,0,1,False,True,0.0,1.0,4389.404833984375
2025-06-10 14:00:00,26,0.052,0,3,False,True,0.0,1.0,4440.82666015625
2025-06-10 15:00:00,25,0.05,0,2,False,True,0.0,1.0,4446.05966796875
2025-06-10 16:00:00,25,0.05,0,1,False,True,0.0,1.0,4451.6505859375
2025-06-10 17:00:00,39,0.078,0,3,False,True,0.0,1.0,4364.76513671875
2025-06-10 18:00:00,30,0.06,0,2,False,True,0.0,1.0,4235.056640625
2025-06-10 19:00:00,26,0.052,0,3,False,True,0.0,1.0,4236.00439453125
2025-06-10 20:00:00,31,0.062,0,2,False,True,0.0,1.0,4228.6396484375
2025-06-10 21:00:00,30,0.06,0,2,False,True,0.0,1.0,4212.3349609375
2025-06-10 22:00:00,30,0.06,0,2,False,True,0.0,1.0,4220.603515625
2025-06-10 23:00:00,32,0.064,0,2,False,True,0.0,1.0,4252.6474609375
2025-06-11 00:00:00,25,0.05,0,2,False,True,0.0,1.0,4280.573046875
2025-06-11 01:00:00,25,0.05,0,2,False,True,0.0,1.0,4289.453637695312
2025-06-11 02:00:00,25,0.05,0,2,False,True,0.0,1.0,4270.916479492187
2025-06-11 03:00:00,26,0.052,0,2,False,True,0.0,1.0,4296.75537109375
2025-06-11 04:00:00,25,0.05,0,3,False,True,0.0,1.0,4266.74658203125
2025-06-11 05:00:00,30,0.06,0,1,False,True,0.0,1.0,4262.56591796875
2025-06-11 06:00:00,32,0.064,0,3,False,True,0.0,1.0,4325.3251953125
2025-06-11 07:00:00,25,0.05,0,1,False,True,0.0,1.0,4322.7197265625
2025-06-11 08:00:00,26,0.052,0,3,False,True,0.0,1.0,4313.5048828125
2025-06-11 09:00:00,29,0.058,0,3,False,True,0.0,1.0,4293.77783203125
2025-06-11 10:00:00,38,0.076,1,2,True,True,1.0,1.0,4238.0390625
2025-06-11 11:00:00,36,0.072,0,3,False,True,0.0,1.0,4176.552734375
2025-06-11 12:00:00,25,0.05,0,1,False,True,0.0,1.0,4064.993298339843
2025-06-11 13:00:00,25,0.05,0,3,False,True,0.0,1.0,4008.5405395507814
2025-06-11 14:00:00,27,0.054,0,2,False,True,0.0,1.0,3921.189453125
2025-06-11 15:00:00,30,0.06,0,3,False,True,0.0,1.0,3868.88232421875
2025-06-11 16:00:00,26,0.052,0,1,False,True,0.0,1.0,3825.708984375
2025-06-11 17:00:00,28,0.056,0,1,False,True,0.0,1.0,3868.870361328125
2025-06-11 18:00:00,500,1.0,5,5,True,True,1.0,1.0,3615.0
2025-06-11 19:00:00,25,0.05,0,2,False,True,0.0,1.0,3554.839758300781
2025-06-11 20:00:00,25,0.05,0,2,False,True,0.0,1.0,3593.9526123046876
2025-06-11 21:00:00,25,0.05,0,2,False,True,0.0,1.0,3597.7455932617186
2025-06-11 22:00:00,36,0.072,0,2,False,True,0.0,1.0,3621.675048828125
2025-06-11 23:00:00,25,0.05,1,2,True,True,1.0,1.0,3582.6318115234358
2025-06-12 00:00:00,29,0.058,0,2,False,True,0.0,1.0,3729.850830078125
2025-06-12 01:00:00,33,0.066,0,2,False,True,0.0,1.0,3729.93115234375
2025-06-12 02:00:00,26,0.052,0,2,False,True,0.0,1.0,3729.8857421875
2025-06-12 03:00:00,28,0.056,0,1,False,True,0.0,1.0,3743.425537109375
2025-06-12 04:00:00,28,0.056,0,2,False,True,0.0,1.0,3721.00341796875
2025-06-12 05:00:00,25,0.05,0,1,False,True,0.0,1.0,3726.119006347656
2025-06-12 06:00:00,25,0.05,0,1,False,True,0.0,1.0,3662.9724365234374
2025-06-12 07:00:00,26,0.052,0,1,False,True,0.0,1.0,3689.035400390625
2025-06-12 08:00:00,25,0.05,0,2,False,True,0.0,1.0,3708.007775878906
2025-06-12 09:00:00,25,0.05,0,1,False,True,0.0,1.0,3848.3394409179687
2025-06-12 10:00:00,25,0.05,0,1,False,True,0.0,1.0,3895.520654296875
2025-06-12 11:00:00,29,0.058,0,2,False,True,0.0,1.0,3826.82275390625
2025-06-12 12:00:00,34,0.068,0,1,False,True,0.0,1.0,3750.776611328125
2025-06-12 13:00:00,27,0.054,0,2,False,True,0.0,1.0,3754.990234375
2025-06-12 14:00:00,43,0.086,0,2,False,True,0.0,1.0,3751.106201171875
2025-06-12 15:00:00,29,0.058,0,2,False,True,0.0,1.0,3752.509765625
2025-06-12 16:00:00,25,0.05,0,2,False,True,0.0,1.0,3725.315063476562
2025-06-12 17:00:00,25,0.05,0,2,False,True,0.0,1.0,3739.1417480468745
2025-06-12 18:00:00,30,0.06,0,3,False,True,0.0,1.0,3732.597412109375
2025-06-12 19:00:00,25,0.05,0,1,False,True,0.0,1.0,3732.1874145507813
2025-06-12 20:00:00,33,0.066,0,2,False,True,0.0,1.0,3733.806396484375
2025-06-12 21:00:00,25,0.05,0,2,False,True,0.0,1.0,3740.8829711914063
2025-06-12 22:00:00,32,0.064,0,3,False,True,0.0,1.0,3744.715576171875
2025-06-12 23:00:00,25,0.05,0,2,False,True,0.0,1.0,3740.88037109375
2025-06-13 00:00:00,25,0.05,0,1,False,True,0.0,1.0,3766.7398071289062
2025-06-13 01:00:00,25,0.05,0,3,False,True,0.0,1.0,3736.6243652343746
2025-06-13 02:00:00,25,0.05,0,3,False,True,0.0,1.0,3752.864807128906
2025-06-13 03:00:00,26,0.052,0,1,False,True,0.0,1.0,3772.09765625
2025-06-13 04:00:00,25,0.05,0,1,False,True,0.0,1.0,3758.1322265624995
2025-06-13 05:00:00,25,0.05,0,3,False,True,0.0,1.0,3764.2738159179685
2025-06-13 06:00:00,28,0.056,0,2,False,True,0.0,1.0,3742.169189453125
2025-06-13 07:00:00,25,0.05,0,3,False,True,0.0,1.0,3713.114538574219
2025-06-13 08:00:00,30,0.06,0,2,False,True,0.0,1.0,3721.349853515625
2025-06-13 09:00:00,29,0.058,0,3,False,True,0.0,1.0,3731.118408203125
2025-06-13 10:00:00,43,0.086,0,2,False,True,0.0,1.0,3730.3837890625
2025-06-13 11:00:00,33,0.066,0,1,False,True,0.0,1.0,3756.323486328125
2025-06-13 12:00:00,25,0.05,0,2,False,True,0.0,1.0,3682.8514526367185
2025-06-13 13:00:00,25,0.05,0,2,False,True,0.0,1.0,3637.43193359375
2025-06-13 14:00:00,28,0.056,0,2,False,True,0.0,1.0,3640.3935546875
2025-06-13 15:00:00,31,0.062,0,3,False,True,0.0,1.0,3550.987060546875
2025-06-13 16:00:00,25,0.05,0,2,False,True,0.0,1.0,3431.061328125
2025-06-13 17:00:00,28,0.056,0,1,False,True,0.0,1.0,3311.590576171875
2025-06-13 18:00:00,500,1.0,5,5,True,True,1.0,1.0,3099.0
2025-06-13 19:00:00,30,0.06,0,2,False,True,0.0,1.0,2870.49658203125
2025-06-13 20:00:00,25,0.05,0,2,False,True,0.0,1.0,2860.27353515625
2025-06-13 21:00:00,31,0.062,0,1,False,True,0.0,1.0,2864.45263671875
2025-06-13 22:00:00,35,0.07,0,2,False,True,0.0,1.0,2864.45263671875
2025-06-13 23:00:00,34,0.068,0,2,False,True,0.0,1.0,2864.45263671875
2025-06-14 00:00:00,39,0.078,0,2,False,True,0.0,1.0,2774.8359375
2025-06-14 01:00:00,29,0.058,1,2,True,True,1.0,1.0,2782.67529296875
2025-06-14 02:00:00,25,0.05,0,1,False,True,0.0,1.0,2779.7299072265623
2025-06-14 03:00:00,26,0.052,0,2,False,True,0.0,1.0,2796.28857421875
2025-06-14 04:00:00,27,0.054,0,2,False,True,0.0,1.0,2796.067626953125
2025-06-14 05:00:00,37,0.074,0,1,False,True,0.0,1.0,2766.72265625
2025-06-14 06:00:00,25,0.05,0,2,False,True,0.0,1.0,2765.9965942382814
2025-06-14 07:00:00,29,0.058,0,2,False,True,0.0,1.0,2764.63330078125
2025-06-14 08:00:00,39,0.078,0,2,False,True,0.0,1.0,2738.433349609375
2025-06-14 09:00:00,25,0.05,0,2,False,True,0.0,1.0,2791.22177734375
2025-06-14 10:00:00,25,0.05,0,1,False,True,0.0,1.0,2781.348852539062
2025-06-14 11:00:00,40,0.08,0,2,False,True,0.0,1.0,2755.687744140625
2025-06-14 12:00:00,25,0.05,0,1,False,True,0.0,1.0,2866.805078125
2025-06-14 13:00:00,25,0.05,0,1,False,True,0.0,1.0,2865.1044311523438
2025-06-14 14:00:00,25,0.05,0,1,False,True,0.0,1.0,2815.146728515625
2025-06-14 15:00:00,25,0.05,0,2,False,True,0.0,1.0,2623.520642089844
2025-06-14 16:00:00,30,0.06,0,1,False,True,0.0,1.0,2932.124755859375
2025-06-14 17:00:00,26,0.052,0,2,False,True,0.0,1.0,2935.0283203125
2025-06-14 18:00:00,26,0.052,0,1,False,True,0.0,1.0,2923.240966796875
2025-06-14 19:00:00,25,0.05,0,2,False,True,0.0,1.0,2929.8758300781246
2025-06-14 20:00:00,25,0.05,0,2,False,True,0.0,1.0,2904.3688232421873
2025-06-14 21:00:00,25,0.05,0,1,False,True,0.0,1.0,2934.3246337890623
2025-06-14 22:00:00,25,0.05,0,2,False,True,0.0,1.0,2949.646618652344
2025-06-14 23:00:00,25,0.05,1,2,True,True,1.0,1.0,2944.0274047851562
2025-06-15 00:00:00,25,0.05,0,1,False,True,0.0,1.0,2957.7653564453126
2025-06-15 01:00:00,25,0.05,1,2,True,True,1.0,1.0,2971.288122558594
2025-06-15 02:00:00,39,0.078,0,2,False,True,0.0,1.0,2971.47900390625
2025-06-15 03:00:00,25,0.05,0,1,False,True,0.0,1.0,2969.6859375
2025-06-15 04:00:00,28,0.056,0,2,False,True,0.0,1.0,2937.781005859375
2025-06-15 05:00:00,25,0.05,0,1,False,True,0.0,1.0,2956.576330566406
2025-06-15 06:00:00,25,0.05,0,1,False,True,0.0,1.0,2907.6128906249996
2025-06-15 07:00:00,25,0.05,0,3,False,True,0.0,1.0,2928.4687377929686
2025-06-15 08:00:00,28,0.056,0,1,False,True,0.0,1.0,2962.438720703125
2025-06-15 09:00:00,25,0.05,0,2,False,True,0.0,1.0,3268.780859375
2025-06-15 10:00:00,25,0.05,0,3,False,True,0.0,1.0,3753.9452636718743
2025-06-15 11:00:00,25,0.05,0,1,False,True,0.0,1.0,4021.9327514648435
2025-06-15 12:00:00,32,0.064,0,2,False,True,0.0,1.0,3863.216064453125
2025-06-15 13:00:00,39,0.078,0,2,False,True,0.0,1.0,3863.216064453125
2025-06-15 14:00:00,25,0.05,0,1,False,True,0.0,1.0,4174.37998046875
2025-06-15 15:00:00,25,0.05,0,1,False,True,0.0,1.0,4254.574487304688
2025-06-15 16:00:00,25,0.05,0,2,False,True,0.0,1.0,4256.444018554687
2025-06-15 17:00:00,25,0.05,0,1,False,True,0.0,1.0,4245.25849609375
2025-06-15 18:00:00,33,0.066,0,2,False,True,0.0,1.0,4256.25634765625
2025-06-15 19:00:00,25,0.05,0,1,False,True,0.0,1.0,4258.4100341796875
2025-06-15 20:00:00,26,0.052,0,2,False,True,0.0,1.0,4256.9912109375
2025-06-15 21:00:00,25,0.05,0,1,False,True,0.0,1.0,4235.538842773437
2025-06-15 22:00:00,32,0.064,0,2,False,True,0.0,1.0,4257.05224609375
2025-06-15 23:00:00,30,0.06,1,3,True,True,1.0,1.0,4257.05224609375
2025-06-16 00:00:00,25,0.05,0,2,False,True,0.0,1.0,4256.9124755859375
2025-06-16 01:00:00,28,0.056,0,2,False,True,0.0,1.0,4265.60546875
2025-06-16 02:00:00,25,0.05,0,3,False,True,0.0,1.0,4263.871533203125
2025-06-16 03:00:00,27,0.054,0,2,False,True,0.0,1.0,4219.65966796875
2025-06-16 04:00:00,25,0.05,0,2,False,True,0.0,1.0,4198.627172851562
2025-06-16 05:00:00,31,0.062,0,2,False,True,0.0,1.0,4208.83740234375
2025-06-16 06:00:00,25,0.05,0,1,False,True,0.0,1.0,4263.155981445312
2025-06-16 07:00:00,38,0.076,0,2,False,True,0.0,1.0,4283.20556640625
2025-06-16 08:00:00,25,0.05,0,2,False,True,0.0,1.0,4240.342309570313
2025-06-16 09:00:00,25,0.05,0,1,False,True,0.0,1.0,4224.074804687499
2025-06-16 10:00:00,28,0.056,0,1,False,True,0.0,1.0,4336.67041015625
2025-06-16 11:00:00,25,0.05,0,2,False,True,0.0,1.0,4306.143481445312
2025-06-16 12:00:00,28,0.056,0,3,False,True,0.0,1.0,3957.684814453125
2025-06-16 13:00:00,26,0.052,0,2,False,True,0.0,1.0,3979.232421875
2025-06-16 14:00:00,27,0.054,0,2,False,True,0.0,1.0,4077.16357421875
2025-06-16 15:00:00,30,0.06,0,2,False,True,0.0,1.0,3834.83984375
2025-06-16 16:00:00,37,0.074,0,3,False,True,0.0,1.0,3824.829833984375
2025-06-16 17:00:00,31,0.062,0,2,False,True,0.0,1.0,3831.189453125
2025-06-16 18:00:00,25,0.05,0,1,False,True,0.0,1.0,3798.479638671875
2025-06-16 19:00:00,26,0.052,0,3,False,True,0.0,1.0,3802.0439453125
2025-06-16 20:00:00,40,0.08,0,4,False,True,0.0,1.0,3742.19384765625
2025-06-16 21:00:00,32,0.064,0,3,False,True,0.0,1.0,3809.90185546875
2025-06-16 22:00:00,33,0.066,0,2,False,True,0.0,1.0,3807.881103515625
2025-06-16 23:00:00,25,0.05,0,2,False,True,0.0,1.0,3750.215393066406
2025-06-17 00:00:00,25,0.05,0,3,False,True,0.0,1.0,3745.0035400390625
2025-06-17 01:00:00,50,0.1,0,3,False,True,0.0,1.0,3738.46728515625
2025-06-17 02:00:00,46,0.092,0,1,False,True,0.0,1.0,3738.483642578125
2025-06-17 03:00:00,34,0.068,0,2,False,True,0.0,1.0,3745.116455078125
2025-06-17 04:00:00,27,0.054,0,1,False,True,0.0,1.0,3736.751220703125
2025-06-17 05:00:00,27,0.054,0,2,False,True,0.0,1.0,3725.82177734375
2025-06-17 06:00:00,26,0.052,0,1,False,True,0.0,1.0,3735.700927734375
2025-06-17 07:00:00,25,0.05,0,2,False,True,0.0,1.0,3735.153430175781
2025-06-17 08:00:00,25,0.05,0,2,False,True,0.0,1.0,3681.9078369140625
2025-06-17 09:00:00,25,0.05,0,1,False,True,0.0,1.0,3708.6286132812497
2025-06-17 10:00:00,25,0.05,0,2,False,True,0.0,1.0,3683.8527343749997
2025-06-17 11:00:00,33,0.066,0,1,False,True,0.0,1.0,3714.6328125
2025-06-17 12:00:00,30,0.06,0,2,False,True,0.0,1.0,3801.848388671875
2025-06-17 13:00:00,28,0.056,0,2,False,True,0.0,1.0,3817.57568359375
2025-06-17 14:00:00,25,0.05,0,3,False,True,0.0,1.0,3902.2763061523438
2025-06-17 15:00:00,25,0.05,0,2,False,True,0.0,1.0,3946.8744384765623
2025-06-17 16:00:00,25,0.05,0,1,False,True,0.0,1.0,3997.1990234375
2025-06-17 17:00:00,27,0.054,0,1,False,True,0.0,1.0,3999.582763671875
2025-06-17 18:00:00,25,0.05,0,2,False,True,0.0,1.0,3961.4111328125
2025-06-17 19:00:00,27,0.054,0,1,False,True,0.0,1.0,3912.24169921875
2025-06-17 20:00:00,25,0.05,0,2,False,True,0.0,1.0,3893.96904296875
2025-06-17 21:00:00,31,0.062,0,2,False,True,0.0,1.0,3904.508544921875
2025-06-17 22:00:00,43,0.086,1,3,True,True,1.0,1.0,3908.155517578125
2025-06-17 23:00:00,34,0.068,0,2,False,True,0.0,1.0,3900.9765625
2025-06-18 00:00:00,27,0.054,0,1,False,True,0.0,1.0,3895.635498046875
2025-06-18 01:00:00,25,0.05,0,2,False,True,0.0,1.0,3886.767749023437
2025-06-18 02:00:00,31,0.062,0,1,False,True,0.0,1.0,3949.41845703125
2025-06-18 03:00:00,36,0.072,0,2,False,True,0.0,1.0,3907.03369140625
2025-06-18 04:00:00,31,0.062,0,2,False,True,0.0,1.0,3932.9033203125
2025-06-18 05:00:00,33,0.066,0,1,False,True,0.0,1.0,3926.232421875
2025-06-18 06:00:00,38,0.076,0,1,False,True,0.0,1.0,3929.054443359375
2025-06-18 07:00:00,38,0.076,0,3,False,True,0.0,1.0,3942.956787109375
2025-06-18 08:00:00,28,0.056,0,1,False,True,0.0,1.0,3950.75
2025-06-18 09:00:00,29,0.058,0,2,False,True,0.0,1.0,3934.33837890625
2025-06-18 10:00:00,26,0.052,0,2,False,True,0.0,1.0,3961.398681640625
2025-06-18 11:00:00,31,0.062,0,2,False,True,0.0,1.0,3956.058349609375
2025-06-18 12:00:00,34,0.068,0,4,False,True,0.0,1.0,3901.601318359375
2025-06-18 13:00:00,25,0.05,0,1,False,True,0.0,1.0,3935.165380859375
2025-06-18 14:00:00,25,0.05,0,2,False,True,0.0,1.0,3877.3223510742187
2025-06-18 15:00:00,38,0.076,1,2,True,True,1.0,1.0,3867.53125
2025-06-18 16:00:00,31,0.062,0,1,False,True,0.0,1.0,4025.89208984375
2025-06-18 17:00:00,30,0.06,0,1,False,True,0.0,1.0,4010.084228515625
2025-06-18 18:00:00,25,0.05,0,2,False,True,0.0,1.0,3928.181420898437
2025-06-18 19:00:00,25,0.05,0,2,False,True,0.0,1.0,3945.4768920898437
2025-06-18 20:00:00,26,0.052,0,1,False,True,0.0,1.0,3967.864013671875
2025-06-18 21:00:00,33,0.066,1,1,True,True,1.0,1.0,3957.79541015625
2025-06-18 22:00:00,25,0.05,0,1,False,True,0.0,1.0,3930.2602050781247
2025-06-18 23:00:00,25,0.05,0,1,False,True,0.0,1.0,3938.643139648437
2025-06-19 00:00:00,26,0.052,0,2,False,True,0.0,1.0,4006.805908203125
2025-06-19 01:00:00,31,0.062,0,1,False,True,0.0,1.0,4017.29248046875
2025-06-19 02:00:00,25,0.05,0,2,False,True,0.0,1.0,4005.180432128906
2025-06-19 03:00:00,25,0.05,0,2,False,True,0.0,1.0,4004.1208984375
2025-06-19 04:00:00,32,0.064,0,3,False,True,0.0,1.0,3995.9873046875
2025-06-19 05:00:00,25,0.05,0,1,False,True,0.0,1.0,4003.2617065429686
2025-06-19 06:00:00,25,0.05,0,2,False,True,0.0,1.0,3946.245617675781
2025-06-19 07:00:00,34,0.068,0,2,False,True,0.0,1.0,4003.890380859375
2025-06-19 08:00:00,36,0.072,1,2,True,True,1.0,1.0,4010.499755859375
2025-06-19 09:00:00,28,0.056,0,2,False,True,0.0,1.0,3992.779052734375
2025-06-19 10:00:00,33,0.066,0,1,False,True,0.0,1.0,4031.98193359375
2025-06-19 11:00:00,25,0.05,0,1,False,True,0.0,1.0,4000.635913085937
2025-06-19 12:00:00,26,0.052,0,2,False,True,0.0,1.0,3988.56201171875
2025-06-19 13:00:00,25,0.05,0,1,False,True,0.0,1.0,3862.073217773437
2025-06-19 14:00:00,25,0.05,0,2,False,True,0.0,1.0,3903.4735717773438
2025-06-19 15:00:00,25,0.05,0,1,False,True,0.0,1.0,3961.5634277343747
2025-06-19 16:00:00,33,0.066,0,2,False,True,0.0,1.0,3854.810546875
2025-06-19 17:00:00,25,0.05,0,2,False,True,0.0,1.0,3847.8526367187496
2025-06-19 18:00:00,25,0.05,0,3,False,True,0.0,1.0,3815.2163818359368
2025-06-19 19:00:00,35,0.07,0,2,False,True,0.0,1.0,3788.38330078125
2025-06-19 20:00:00,26,0.052,0,3,False,True,0.0,1.0,3783.6708984375
2025-06-19 21:00:00,25,0.05,0,2,False,True,0.0,1.0,3771.357275390625
2025-06-19 22:00:00,33,0.066,0,3,False,True,0.0,1.0,3797.35595703125
2025-06-19 23:00:00,30,0.06,0,2,False,True,0.0,1.0,3782.4931640625
2025-06-20 00:00:00,27,0.054,0,2,False,True,0.0,1.0,3737.55029296875
2025-06-20 01:00:00,25,0.05,0,2,False,True,0.0,1.0,3730.190185546875
2025-06-20 02:00:00,31,0.062,0,1,False,True,0.0,1.0,3781.173583984375
2025-06-20 03:00:00,25,0.05,0,4,False,True,0.0,1.0,3784.9895263671874
2025-06-20 04:00:00,25,0.05,0,3,False,True,0.0,1.0,3775.516149902344
2025-06-20 05:00:00,25,0.05,0,2,False,True,0.0,1.0,3768.434875488281
2025-06-20 06:00:00,25,0.05,0,3,False,True,0.0,1.0,3804.3104003906233
2025-06-20 07:00:00,26,0.052,0,2,False,True,0.0,1.0,3844.81494140625
2025-06-20 08:00:00,30,0.06,0,1,False,True,0.0,1.0,3862.8798828125
2025-06-20 09:00:00,33,0.066,0,1,False,True,0.0,1.0,3882.641357421875
2025-06-20 10:00:00,25,0.05,0,1,False,True,0.0,1.0,3883.3983886718747
2025-06-20 11:00:00,25,0.05,0,2,False,True,0.0,1.0,3837.8935791015624
2025-06-20 12:00:00,25,0.05,0,3,False,True,0.0,1.0,3713.661767578125
2025-06-20 13:00:00,27,0.054,0,2,False,True,0.0,1.0,3516.08984375
2025-06-20 14:00:00,25,0.05,0,2,False,True,0.0,1.0,3461.1541503906246
2025-06-20 15:00:00,40,0.08,0,1,False,True,0.0,1.0,3497.03466796875
2025-06-20 16:00:00,32,0.064,0,1,False,True,0.0,1.0,3541.865234375
2025-06-20 17:00:00,25,0.05,0,1,False,True,0.0,1.0,3294.363244628906
2025-06-20 18:00:00,500,1.0,5,5,True,True,1.0,1.0,3038.0
2025-06-20 19:00:00,25,0.05,0,2,False,True,0.0,1.0,2812.747216796875
2025-06-20 20:00:00,34,0.068,0,2,False,True,0.0,1.0,2794.500732421875
2025-06-20 21:00:00,32,0.064,0,2,False,True,0.0,1.0,2791.88037109375
2025-06-20 22:00:00,25,0.05,0,1,False,True,0.0,1.0,2791.135266113281
2025-06-20 23:00:00,32,0.064,0,1,False,True,0.0,1.0,2787.892822265625
2025-06-21 00:00:00,33,0.066,1,1,True,True,1.0,1.0,2868.8955078125
2025-06-21 01:00:00,26,0.052,0,1,False,True,0.0,1.0,2871.396484375
2025-06-21 02:00:00,25,0.05,0,1,False,True,0.0,1.0,2891.7742431640627
2025-06-21 03:00:00,31,0.062,0,1,False,True,0.0,1.0,2894.23681640625
2025-06-21 04:00:00,25,0.05,0,1,False,True,0.0,1.0,2896.29521484375
2025-06-21 05:00:00,26,0.052,0,1,False,True,0.0,1.0,2903.9729125976564
2025-06-21 06:00:00,25,0.05,0,2,False,True,0.0,1.0,2818.0778198242188
2025-06-21 07:00:00,31,0.062,0,1,False,True,0.0,1.0,2845.65869140625
2025-06-21 08:00:00,25,0.05,0,2,False,True,0.0,1.0,2842.557019042969
2025-06-21 09:00:00,25,0.05,0,1,False,True,0.0,1.0,2810.820861816406
2025-06-21 10:00:00,25,0.05,0,1,False,True,0.0,1.0,2861.0084716796873
2025-06-21 11:00:00,25,0.05,0,1,False,True,0.0,1.0,2861.6413696289064
2025-06-21 12:00:00,25,0.05,0,1,False,True,0.0,1.0,2861.202465820312
2025-06-21 13:00:00,25,0.05,0,2,False,True,0.0,1.0,2872.3101440429687
2025-06-21 14:00:00,28,0.056,0,1,False,True,0.0,1.0,2905.4580078125
2025-06-21 15:00:00,25,0.05,0,1,False,True,0.0,1.0,2844.888708496094
2025-06-21 16:00:00,37,0.074,0,1,False,True,0.0,1.0,2814.337646484375
2025-06-21 17:00:00,25,0.05,0,1,False,True,0.0,1.0,2809.824584960937
2025-06-21 18:00:00,33,0.066,0,1,False,True,0.0,1.0,2766.462890625
2025-06-21 19:00:00,25,0.05,0,1,False,True,0.0,1.0,2770.876782226562
2025-06-21 20:00:00,30,0.06,0,1,False,True,0.0,1.0,2777.217529296875
2025-06-21 21:00:00,33,0.066,0,2,False,True,0.0,1.0,2772.28466796875
2025-06-21 22:00:00,34,0.068,0,2,False,True,0.0,1.0,2765.359619140625
2025-06-21 23:00:00,25,0.05,0,1,False,True,0.0,1.0,2768.7029174804684
2025-06-22 00:00:00,33,0.066,0,1,False,True,0.0,1.0,2800.520751953125
2025-06-22 01:00:00,26,0.052,0,2,False,True,0.0,1.0,2809.649169921875
2025-06-22 02:00:00,27,0.054,0,1,False,True,0.0,1.0,2803.478759765625
2025-06-22 03:00:00,25,0.05,1,1,True,True,1.0,1.0,2800.7869018554684
2025-06-22 04:00:00,29,0.058,0,2,False,True,0.0,1.0,2809.583984375
2025-06-22 05:00:00,25,0.05,0,1,False,True,0.0,1.0,2802.0862670898437
2025-06-22 06:00:00,25,0.05,0,1,False,True,0.0,1.0,2778.808349609375
2025-06-22 07:00:00,26,0.052,1,2,True,True,1.0,1.0,2790.1513671875
2025-06-22 08:00:00,27,0.054,0,1,False,True,0.0,1.0,2794.183837890625
2025-06-22 09:00:00,25,0.05,0,1,False,True,0.0,1.0,2926.6194091796865
2025-06-22 10:00:00,28,0.056,0,1,False,True,0.0,1.0,3094.399169921875
2025-06-22 11:00:00,25,0.05,0,1,False,True,0.0,1.0,3249.36943359375
2025-06-22 12:00:00,25,0.05,0,1,False,True,0.0,1.0,3393.292614746093
2025-06-22 13:00:00,25,0.05,0,2,False,True,0.0,1.0,3703.205883789062
2025-06-22 14:00:00,31,0.062,0,2,False,True,0.0,1.0,4008.446044921875
2025-06-22 15:00:00,25,0.05,0,3,False,True,0.0,1.0,4086.7533691406247
2025-06-22 16:00:00,25,0.05,0,2,False,True,0.0,1.0,4079.581164550781
2025-06-22 17:00:00,30,0.06,1,2,True,True,1.0,1.0,4105.6015625
2025-06-22 18:00:00,42,0.084,0,2,False,True,0.0,1.0,4067.854248046875
2025-06-22 19:00:00,35,0.07,0,2,False,True,0.0,1.0,4063.66748046875
2025-06-22 20:00:00,31,0.062,0,2,False,True,0.0,1.0,4064.17138671875
2025-06-22 21:00:00,25,0.05,0,2,False,True,0.0,1.0,4050.4608642578123
2025-06-22 22:00:00,25,0.05,0,2,False,True,0.0,1.0,4058.006201171875
2025-06-22 23:00:00,31,0.062,0,2,False,True,0.0,1.0,4085.642333984375
2025-06-23 00:00:00,25,0.05,0,2,False,True,0.0,1.0,4086.5360961914057
2025-06-23 01:00:00,25,0.05,0,2,False,True,0.0,1.0,4126.796240234375
2025-06-23 02:00:00,25,0.05,0,3,False,True,0.0,1.0,4138.106420898437
2025-06-23 03:00:00,25,0.05,0,1,False,True,0.0,1.0,4026.249267578124
2025-06-23 04:00:00,25,0.05,0,3,False,True,0.0,1.0,4017.342663574219
2025-06-23 05:00:00,25,0.05,0,2,False,True,0.0,1.0,4036.3240234375
2025-06-23 06:00:00,36,0.072,0,3,False,True,0.0,1.0,4063.1787109375
2025-06-23 07:00:00,25,0.05,0,2,False,True,0.0,1.0,4058.0841186523435
2025-06-23 08:00:00,25,0.05,0,2,False,True,0.0,1.0,4011.6485961914063
2025-06-23 09:00:00,25,0.05,0,3,False,True,0.0,1.0,4079.219836425781
2025-06-23 10:00:00,29,0.058,1,2,True,True,1.0,1.0,4044.31884765625
2025-06-23 11:00:00,25,0.05,0,3,False,True,0.0,1.0,4018.0054077148434
2025-06-23 12:00:00,29,0.058,0,1,False,True,0.0,1.0,3952.11083984375
2025-06-23 13:00:00,40,0.08,0,4,False,True,0.0,1.0,3712.637451171875
2025-06-23 14:00:00,28,0.056,0,1,False,True,0.0,1.0,3905.66943359375
2025-06-23 15:00:00,28,0.056,0,3,False,True,0.0,1.0,4214.22021484375
2025-06-23 16:00:00,25,0.05,0,2,False,True,0.0,1.0,4218.262133789062
2025-06-23 17:00:00,28,0.056,0,1,False,True,0.0,1.0,4242.865234375
2025-06-23 18:00:00,25,0.05,0,3,False,True,0.0,1.0,4204.435888671875
2025-06-23 19:00:00,25,0.05,0,1,False,True,0.0,1.0,4122.765380859375
2025-06-23 20:00:00,25,0.05,0,2,False,True,0.0,1.0,4217.828881835938
2025-06-23 21:00:00,30,0.06,0,2,False,True,0.0,1.0,4217.45703125
2025-06-23 22:00:00,25,0.05,0,2,False,True,0.0,1.0,4146.160131835937
2025-06-23 23:00:00,25,0.05,0,3,False,True,0.0,1.0,4200.3193359375
2025-06-24 00:00:00,25,0.05,0,2,False,True,0.0,1.0,4164.453955078125
2025-06-24 01:00:00,25,0.05,0,2,False,True,0.0,1.0,4197.956127929688
2025-06-24 02:00:00,29,0.058,1,2,True,True,1.0,1.0,4218.60400390625
2025-06-24 03:00:00,26,0.052,0,1,False,True,0.0,1.0,4181.869140625
2025-06-24 04:00:00,25,0.05,0,3,False,True,0.0,1.0,4181.751611328125
2025-06-24 05:00:00,25,0.05,0,2,False,True,0.0,1.0,4165.270776367187
2025-06-24 06:00:00,25,0.05,0,3,False,True,0.0,1.0,4107.703100585937
2025-06-24 07:00:00,25,0.05,0,2,False,True,0.0,1.0,4108.8462890625
2025-06-24 08:00:00,25,0.05,0,2,False,True,0.0,1.0,4106.278295898437
2025-06-24 09:00:00,25,0.05,0,3,False,True,0.0,1.0,4140.275805664062
2025-06-24 10:00:00,25,0.05,0,2,False,True,0.0,1.0,4151.566577148437
2025-06-24 11:00:00,25,0.05,0,2,False,True,0.0,1.0,4137.341699218749
2025-06-24 12:00:00,37,0.074,0,1,False,True,0.0,1.0,4049.340576171875
2025-06-24 13:00:00,25,0.05,0,3,False,True,0.0,1.0,4089.3900634765623
2025-06-24 14:00:00,25,0.05,0,1,False,True,0.0,1.0,3882.613916015625
2025-06-24 15:00:00,25,0.05,0,1,False,True,0.0,1.0,3974.764208984375
2025-06-24 16:00:00,26,0.052,0,2,False,True,0.0,1.0,3923.5361328125
2025-06-24 17:00:00,25,0.05,0,1,False,True,0.0,1.0,3909.6730102539063
2025-06-24 18:00:00,25,0.05,0,2,False,True,0.0,1.0,3890.756628417969
2025-06-24 19:00:00,28,0.056,0,2,False,True,0.0,1.0,3885.20849609375
2025-06-24 20:00:00,25,0.05,1,2,True,True,1.0,1.0,3879.3546508789063
2025-06-24 21:00:00,25,0.05,0,2,False,True,0.0,1.0,3886.0746948242186
2025-06-24 22:00:00,25,0.05,0,2,False,True,0.0,1.0,3903.461181640625
2025-06-24 23:00:00,25,0.05,0,2,False,True,0.0,1.0,3884.835571289062
2025-06-25 00:00:00,32,0.064,0,3,False,True,0.0,1.0,3893.034912109375
2025-06-25 01:00:00,26,0.052,0,1,False,True,0.0,1.0,3917.190185546875
2025-06-25 02:00:00,38,0.076,0,2,False,True,0.0,1.0,3922.5390625
2025-06-25 03:00:00,25,0.05,0,1,False,True,0.0,1.0,3964.7347534179685
2025-06-25 04:00:00,33,0.066,0,1,False,True,0.0,1.0,3973.37158203125
2025-06-25 05:00:00,25,0.05,0,2,False,True,0.0,1.0,3971.205529785156
2025-06-25 06:00:00,29,0.058,1,2,True,True,1.0,1.0,3939.088134765625
2025-06-25 07:00:00,26,0.052,0,1,False,True,0.0,1.0,3958.238525390625
2025-06-25 08:00:00,25,0.05,0,1,False,True,0.0,1.0,3943.812463378906
2025-06-25 09:00:00,28,0.056,0,1,False,True,0.0,1.0,3998.130615234375
2025-06-25 10:00:00,25,0.05,0,2,False,True,0.0,1.0,3963.731591796875
2025-06-25 11:00:00,26,0.052,0,2,False,True,0.0,1.0,3981.92333984375
2025-06-25 12:00:00,25,0.05,0,2,False,True,0.0,1.0,3958.9783447265627
2025-06-25 13:00:00,31,0.062,1,2,True,True,1.0,1.0,3901.66015625
2025-06-25 14:00:00,25,0.05,0,2,False,True,0.0,1.0,3801.128662109375
2025-06-25 15:00:00,25,0.05,0,1,False,True,0.0,1.0,3958.33466796875
2025-06-25 16:00:00,28,0.056,1,3,True,True,1.0,1.0,3910.73583984375
2025-06-25 17:00:00,26,0.052,0,2,False,True,0.0,1.0,3909.942138671875
2025-06-25 18:00:00,30,0.06,0,2,False,True,0.0,1.0,3839.5517578125
2025-06-25 19:00:00,29,0.058,0,1,False,True,0.0,1.0,3799.04345703125
2025-06-25 20:00:00,30,0.06,0,3,False,True,0.0,1.0,3780.199951171875
2025-06-25 21:00:00,31,0.062,0,4,False,True,0.0,1.0,3773.27392578125
2025-06-25 22:00:00,25,0.05,0,2,False,True,0.0,1.0,3782.3292602539063
2025-06-25 23:00:00,25,0.05,0,2,False,True,0.0,1.0,3780.367150878906
2025-06-26 00:00:00,25,0.05,0,3,False,True,0.0,1.0,3773.0227294921874
2025-06-26 01:00:00,36,0.072,0,2,False,True,0.0,1.0,3795.572509765625
2025-06-26 02:00:00,25,0.05,0,2,False,True,0.0,1.0,3804.451672363281
2025-06-26 03:00:00,25,0.05,0,1,False,True,0.0,1.0,3798.31171875
2025-06-26 04:00:00,25,0.05,0,2,False,True,0.0,1.0,3812.705224609375
2025-06-26 05:00:00,30,0.06,0,3,False,True,0.0,1.0,3810.77734375
2025-06-26 06:00:00,31,0.062,1,1,True,True,1.0,1.0,3734.714111328125
2025-06-26 07:00:00,25,0.05,0,3,False,True,0.0,1.0,3736.3096313476562
2025-06-26 08:00:00,39,0.078,1,3,True,True,1.0,1.0,3735.36328125
2025-06-26 09:00:00,39,0.078,1,2,True,True,1.0,1.0,3780.13330078125
2025-06-26 10:00:00,25,0.05,0,2,False,True,0.0,1.0,3814.087524414062
2025-06-26 11:00:00,34,0.068,0,1,False,True,0.0,1.0,3813.8994140625
2025-06-26 12:00:00,26,0.052,0,2,False,True,0.0,1.0,3806.92138671875
2025-06-26 13:00:00,26,0.052,0,1,False,True,0.0,1.0,3750.506103515625
2025-06-26 14:00:00,41,0.082,0,2,False,True,0.0,1.0,3729.96142578125
2025-06-26 15:00:00,28,0.056,1,2,True,True,1.0,1.0,3846.00146484375
2025-06-26 16:00:00,25,0.05,0,1,False,True,0.0,1.0,3853.290087890625
2025-06-26 17:00:00,25,0.05,0,2,False,True,0.0,1.0,3855.372143554687
2025-06-26 18:00:00,30,0.06,0,2,False,True,0.0,1.0,3838.449462890625
2025-06-26 19:00:00,26,0.052,0,2,False,True,0.0,1.0,3856.252685546875
2025-06-26 20:00:00,32,0.064,0,1,False,True,0.0,1.0,3843.8193359375
2025-06-26 21:00:00,31,0.062,0,2,False,True,0.0,1.0,3795.23291015625
2025-06-26 22:00:00,25,0.05,0,2,False,True,0.0,1.0,3782.9478881835935
2025-06-26 23:00:00,25,0.05,0,2,False,True,0.0,1.0,3791.9697021484376
2025-06-27 00:00:00,25,0.05,0,3,False,True,0.0,1.0,3819.931530761719
2025-06-27 01:00:00,36,0.072,0,1,False,True,0.0,1.0,3844.5234375
2025-06-27 02:00:00,25,0.05,0,2,False,True,0.0,1.0,3858.190283203125
2025-06-27 03:00:00,25,0.05,0,2,False,True,0.0,1.0,3787.5614624023438
2025-06-27 04:00:00,27,0.054,0,1,False,True,0.0,1.0,3812.735595703125
2025-06-27 05:00:00,25,0.05,0,2,False,True,0.0,1.0,3797.4291748046876
2025-06-27 06:00:00,25,0.05,0,1,False,True,0.0,1.0,3746.5249755859377
2025-06-27 07:00:00,25,0.05,0,2,False,True,0.0,1.0,3766.6711914062494
2025-06-27 08:00:00,25,0.05,0,2,False,True,0.0,1.0,3766.3741943359373
2025-06-27 09:00:00,25,0.05,0,2,False,True,0.0,1.0,3837.048388671875
2025-06-27 10:00:00,25,0.05,0,2,False,True,0.0,1.0,3814.8593627929686
2025-06-27 11:00:00,31,0.062,0,3,False,True,0.0,1.0,3934.488525390625
2025-06-27 12:00:00,25,0.05,0,2,False,True,0.0,1.0,3923.4937744140625
2025-06-27 13:00:00,25,0.05,0,2,False,True,0.0,1.0,3791.5319091796873
2025-06-27 14:00:00,29,0.058,0,2,False,True,0.0,1.0,3793.089111328125
2025-06-27 15:00:00,33,0.066,1,2,True,True,1.0,1.0,3363.58203125
2025-06-27 16:00:00,29,0.058,0,1,False,True,0.0,1.0,3274.475341796875
2025-06-27 17:00:00,28,0.056,0,1,False,True,0.0,1.0,3066.859375
2025-06-27 18:00:00,27,0.054,0,2,False,True,0.0,1.0,2888.201904296875
2025-06-27 19:00:00,32,0.064,0,1,False,True,0.0,1.0,2883.890380859375
2025-06-27 20:00:00,25,0.05,1,2,True,True,1.0,1.0,2877.7444702148437
2025-06-27 21:00:00,25,0.05,0,2,False,True,0.0,1.0,2872.1127075195313
2025-06-27 22:00:00,25,0.05,0,2,False,True,0.0,1.0,2877.223828125
2025-06-27 23:00:00,29,0.058,0,1,False,True,0.0,1.0,2883.62158203125
2025-06-28 00:00:00,25,0.05,0,2,False,True,0.0,1.0,2868.8870849609375
2025-06-28 01:00:00,25,0.05,1,1,True,True,1.0,1.0,2897.5830932617187
2025-06-28 02:00:00,28,0.056,0,1,False,True,0.0,1.0,2905.825439453125
2025-06-28 03:00:00,25,0.05,0,2,False,True,0.0,1.0,2860.9282104492186
2025-06-28 04:00:00,29,0.058,0,2,False,True,0.0,1.0,2839.0
2025-06-28 05:00:00,25,0.05,0,2,False,True,0.0,1.0,2862.0968627929688
2025-06-28 06:00:00,25,0.05,0,1,False,True,0.0,1.0,2797.2067749023436
2025-06-28 07:00:00,32,0.064,0,1,False,True,0.0,1.0,2824.472900390625
2025-06-28 08:00:00,25,0.05,0,2,False,True,0.0,1.0,2827.177697753906
2025-06-28 09:00:00,31,0.062,0,2,False,True,0.0,1.0,2836.2607421875
2025-06-28 10:00:00,25,0.05,0,1,False,True,0.0,1.0,2849.4599121093747
2025-06-28 11:00:00,26,0.052,0,1,False,True,0.0,1.0,2829.558837890625
2025-06-28 12:00:00,25,0.05,0,1,False,True,0.0,1.0,2710.354711914062
2025-06-28 13:00:00,25,0.05,0,1,False,True,0.0,1.0,2857.659814453125
2025-06-28 14:00:00,27,0.054,1,1,True,True,1.0,1.0,2940.010009765625
2025-06-28 15:00:00,25,0.05,0,1,False,True,0.0,1.0,2857.7921508789063
2025-06-28 16:00:00,29,0.058,0,1,False,True,0.0,1.0,2636.833984375
2025-06-28 17:00:00,31,0.062,0,2,False,True,0.0,1.0,2647.253662109375
2025-06-28 18:00:00,29,0.058,0,2,False,True,0.0,1.0,2681.006103515625
2025-06-28 19:00:00,30,0.06,0,2,False,True,0.0,1.0,2689.681640625
2025-06-28 20:00:00,28,0.056,0,2,False,True,0.0,1.0,2690.898681640625
2025-06-28 21:00:00,25,0.05,0,3,False,True,0.0,1.0,2687.2253662109374
2025-06-28 22:00:00,31,0.062,0,2,False,True,0.0,1.0,2694.571044921875
2025-06-28 23:00:00,25,0.05,0,3,False,True,0.0,1.0,2689.430773925781
2025-06-29 00:00:00,27,0.054,0,1,False,True,0.0,1.0,2745.869384765625
2025-06-29 01:00:00,26,0.052,0,2,False,True,0.0,1.0,2751.5947265625
2025-06-29 02:00:00,27,0.054,0,1,False,True,0.0,1.0,2750.354248046875
2025-06-29 03:00:00,25,0.05,0,1,False,True,0.0,1.0,2723.7435791015623
2025-06-29 04:00:00,37,0.074,0,2,False,True,0.0,1.0,2688.719482421875
2025-06-29 05:00:00,38,0.076,0,2,False,True,0.0,1.0,2687.685546875
2025-06-29 06:00:00,25,0.05,0,2,False,True,0.0,1.0,2690.3089721679685
2025-06-29 07:00:00,25,0.05,0,2,False,True,0.0,1.0,2703.8416381835937
2025-06-29 08:00:00,28,0.056,0,2,False,True,0.0,1.0,2699.685302734375
2025-06-29 09:00:00,25,0.05,0,1,False,True,0.0,1.0,2866.4495971679685
2025-06-29 10:00:00,26,0.052,0,2,False,True,0.0,1.0,2999.2138671875
2025-06-29 11:00:00,28,0.056,0,1,False,True,0.0,1.0,3253.16162109375
2025-06-29 12:00:00,28,0.056,1,2,True,True,1.0,1.0,3305.31787109375
2025-06-29 13:00:00,25,0.05,1,2,True,True,1.0,1.0,3316.7483276367184
2025-06-29 14:00:00,25,0.05,1,3,True,True,1.0,1.0,3486.521911621092
2025-06-29 15:00:00,28,0.056,0,2,False,True,0.0,1.0,3898.9228515625
2025-06-29 16:00:00,25,0.05,0,2,False,True,0.0,1.0,4082.421691894531
2025-06-29 17:00:00,25,0.05,0,2,False,True,0.0,1.0,4086.672705078125
2025-06-29 18:00:00,35,0.07,1,3,True,True,1.0,1.0,4076.12109375
2025-06-29 19:00:00,33,0.066,0,2,False,True,0.0,1.0,4074.992919921875
2025-06-29 20:00:00,35,0.07,1,3,True,True,1.0,1.0,4086.91845703125
2025-06-29 21:00:00,34,0.068,0,3,False,True,0.0,1.0,4092.826171875
2025-06-29 22:00:00,25,0.05,0,2,False,True,0.0,1.0,4076.5938354492187
2025-06-29 23:00:00,25,0.05,0,2,False,True,0.0,1.0,4075.04384765625
2025-06-30 00:00:00,25,0.05,0,4,False,True,0.0,1.0,4079.1354492187497
2025-06-30 01:00:00,27,0.054,0,3,False,True,0.0,1.0,4098.4599609375
2025-06-30 02:00:00,29,0.058,0,2,False,True,0.0,1.0,4104.0322265625
2025-06-30 03:00:00,26,0.052,0,2,False,True,0.0,1.0,4109.0771484375
2025-06-30 04:00:00,25,0.05,0,2,False,True,0.0,1.0,4068.6686523437497
2025-06-30 05:00:00,28,0.056,0,2,False,True,0.0,1.0,4076.50048828125
2025-06-30 06:00:00,27,0.054,0,2,False,True,0.0,1.0,4068.9833984375
2025-06-30 07:00:00,35,0.07,0,3,False,True,0.0,1.0,4078.3759765625
2025-06-30 08:00:00,25,0.05,0,3,False,True,0.0,1.0,4074.0302978515624
2025-06-30 09:00:00,25,0.05,0,2,False,True,0.0,1.0,4079.386828613281
2025-06-30 10:00:00,25,0.05,0,2,False,True,0.0,1.0,4016.422216796875
2025-06-30 11:00:00,31,0.062,0,3,False,True,0.0,1.0,3986.66259765625
2025-06-30 12:00:00,26,0.052,0,3,False,True,0.0,1.0,4002.28369140625
2025-06-30 13:00:00,26,0.052,0,2,False,True,0.0,1.0,3870.70703125
2025-06-30 14:00:00,25,0.05,0,2,False,True,0.0,1.0,3777.1986816406234
2025-06-30 15:00:00,30,0.06,0,2,False,True,0.0,1.0,4146.9248046875
2025-06-30 16:00:00,31,0.062,0,2,False,True,0.0,1.0,4118.60400390625
2025-06-30 17:00:00,27,0.054,0,2,False,True,0.0,1.0,4075.12353515625
2025-06-30 18:00:00,26,0.052,0,3,False,True,0.0,1.0,4094.332275390625
2025-06-30 19:00:00,25,0.05,0,2,False,True,0.0,1.0,4091.690966796875
2025-06-30 20:00:00,31,0.062,0,3,False,True,0.0,1.0,4048.99853515625
2025-06-30 21:00:00,25,0.05,0,3,False,True,0.0,1.0,4077.473791503906
2025-06-30 22:00:00,25,0.05,0,3,False,True,0.0,1.0,4075.5447387695312
2025-06-30 23:00:00,36,0.072,0,3,False,True,0.0,1.0,4100.0849609375
2025-07-01 00:00:00,29,0.058,0,1,False,True,0.0,1.0,4117.12939453125
2025-07-01 01:00:00,34,0.068,0,2,False,True,0.0,1.0,4119.20458984375
2025-07-01 02:00:00,32,0.064,0,2,False,True,0.0,1.0,4122.2021484375
2025-07-01 03:00:00,34,0.068,0,2,False,True,0.0,1.0,4099.0986328125
2025-07-01 04:00:00,31,0.062,0,2,False,True,0.0,1.0,4073.47216796875
2025-07-01 05:00:00,35,0.07,0,2,False,True,0.0,1.0,4062.037109375
2025-07-01 06:00:00,29,0.058,0,2,False,True,0.0,1.0,4091.490234375
2025-07-01 07:00:00,26,0.052,0,2,False,True,0.0,1.0,4081.0205078125
2025-07-01 08:00:00,27,0.054,1,2,True,True,1.0,1.0,4097.31103515625
2025-07-01 09:00:00,37,0.074,0,2,False,True,0.0,1.0,4069.968017578125
2025-07-01 10:00:00,31,0.062,0,2,False,True,0.0,1.0,4008.06201171875
2025-07-01 11:00:00,26,0.052,0,3,False,True,0.0,1.0,3956.298828125
2025-07-01 12:00:00,35,0.07,0,2,False,True,0.0,1.0,3960.0302734375
2025-07-01 13:00:00,25,0.05,0,2,False,True,0.0,1.0,3826.3854614257802
2025-07-01 14:00:00,34,0.068,1,2,True,True,1.0,1.0,3775.880859375
2025-07-01 15:00:00,25,0.05,0,3,False,True,0.0,1.0,4063.8943481445312
2025-07-01 16:00:00,28,0.056,0,2,False,True,0.0,1.0,4127.7099609375
2025-07-01 17:00:00,27,0.054,0,2,False,True,0.0,1.0,4127.7099609375
2025-07-01 18:00:00,32,0.064,0,2,False,True,0.0,1.0,4115.20947265625
2025-07-01 19:00:00,25,0.05,0,2,False,True,0.0,1.0,4103.043139648436
2025-07-01 20:00:00,30,0.06,0,2,False,True,0.0,1.0,4116.86962890625
2025-07-01 21:00:00,25,0.05,0,2,False,True,0.0,1.0,4081.956262207031
2025-07-01 22:00:00,25,0.05,0,3,False,True,0.0,1.0,4073.164147949218
2025-07-01 23:00:00,25,0.05,0,1,False,True,0.0,1.0,4096.9764404296875
2025-07-02 00:00:00,30,0.06,0,2,False,True,0.0,1.0,4117.1171875
2025-07-02 01:00:00,37,0.074,0,4,False,True,0.0,1.0,4088.470458984375
2025-07-02 02:00:00,25,0.05,0,3,False,True,0.0,1.0,4116.033032226563
2025-07-02 03:00:00,34,0.068,0,2,False,True,0.0,1.0,4121.13818359375
2025-07-02 04:00:00,26,0.052,0,2,False,True,0.0,1.0,4132.60791015625
2025-07-02 05:00:00,28,0.056,0,3,False,True,0.0,1.0,4125.47607421875
2025-07-02 06:00:00,26,0.052,0,2,False,True,0.0,1.0,4158.48291015625
2025-07-02 07:00:00,36,0.072,0,2,False,True,0.0,1.0,4150.5869140625
2025-07-02 08:00:00,36,0.072,0,2,False,True,0.0,1.0,4158.580078125
2025-07-02 09:00:00,28,0.056,1,2,True,True,1.0,1.0,4162.4619140625
2025-07-02 10:00:00,25,0.05,0,2,False,True,0.0,1.0,3985.7633178710926
2025-07-02 11:00:00,38,0.076,0,2,False,True,0.0,1.0,4002.93017578125
2025-07-02 12:00:00,35,0.07,0,2,False,True,0.0,1.0,4004.88818359375
2025-07-02 13:00:00,25,0.05,0,1,False,True,0.0,1.0,3992.3645751953118
2025-07-02 14:00:00,34,0.068,0,3,False,True,0.0,1.0,3778.4833984375
2025-07-02 15:00:00,26,0.052,0,2,False,True,0.0,1.0,3853.598388671875
2025-07-02 16:00:00,25,0.05,0,2,False,True,0.0,1.0,3943.957373046874
2025-07-02 17:00:00,25,0.05,0,2,False,True,0.0,1.0,3976.3469848632803
2025-07-02 18:00:00,26,0.052,0,2,False,True,0.0,1.0,4003.269287109375
2025-07-02 19:00:00,26,0.052,0,3,False,True,0.0,1.0,4004.246337890625
2025-07-02 20:00:00,26,0.052,0,2,False,True,0.0,1.0,4013.488525390625
2025-07-02 21:00:00,30,0.06,1,3,True,True,1.0,1.0,4014.419677734375
2025-07-02 22:00:00,37,0.074,0,3,False,True,0.0,1.0,4020.70263671875
2025-07-02 23:00:00,26,0.052,0,3,False,True,0.0,1.0,4020.593505859375
2025-07-03 00:00:00,47,0.094,0,2,False,True,0.0,1.0,3964.853759765625
2025-07-03 01:00:00,27,0.054,0,1,False,True,0.0,1.0,3991.5986328125
2025-07-03 02:00:00,39,0.078,0,3,False,True,0.0,1.0,3968.577880859375
2025-07-03 03:00:00,27,0.054,0,3,False,True,0.0,1.0,3995.75634765625
2025-07-03 04:00:00,25,0.05,1,2,True,True,1.0,1.0,3960.3844848632807
2025-07-03 05:00:00,27,0.054,0,2,False,True,0.0,1.0,3936.43310546875
2025-07-03 06:00:00,28,0.056,1,3,True,True,1.0,1.0,3922.55908203125
2025-07-03 07:00:00,39,0.078,0,3,False,True,0.0,1.0,3931.32080078125
2025-07-03 08:00:00,25,0.05,0,3,False,True,0.0,1.0,3925.0923706054687
2025-07-03 09:00:00,41,0.082,0,2,False,True,0.0,1.0,3924.8115234375
2025-07-03 10:00:00,28,0.056,0,3,False,True,0.0,1.0,3925.503173828125
2025-07-03 11:00:00,25,0.05,0,2,False,True,0.0,1.0,3810.701281738281
2025-07-03 12:00:00,25,0.05,0,2,False,True,0.0,1.0,3761.378955078125
2025-07-03 13:00:00,25,0.05,0,2,False,True,0.0,1.0,3711.3583984375
2025-07-03 14:00:00,33,0.066,0,2,False,True,0.0,1.0,3709.957275390625
2025-07-03 15:00:00,29,0.058,0,3,False,True,0.0,1.0,3896.036376953125
2025-07-03 16:00:00,29,0.058,0,3,False,True,0.0,1.0,3902.086669921875
2025-07-03 17:00:00,25,0.05,0,2,False,True,0.0,1.0,3885.1744140624996
2025-07-03 18:00:00,25,0.05,0,2,False,True,0.0,1.0,3889.9728271484364
2025-07-03 19:00:00,44,0.088,0,2,False,True,0.0,1.0,3874.412109375
2025-07-03 20:00:00,28,0.056,0,2,False,True,0.0,1.0,3940.15673828125
2025-07-03 21:00:00,25,0.05,0,3,False,True,0.0,1.0,3916.7970703124997
2025-07-03 22:00:00,25,0.05,0,4,False,True,0.0,1.0,3926.4139770507813
2025-07-03 23:00:00,26,0.052,0,2,False,True,0.0,1.0,3938.52880859375
2025-07-04 00:00:00,25,0.05,0,4,False,True,0.0,1.0,4015.6053588867185
2025-07-04 01:00:00,25,0.05,0,3,False,True,0.0,1.0,3998.039514160156
2025-07-04 02:00:00,25,0.05,0,2,False,True,0.0,1.0,4037.1129272460935
2025-07-04 03:00:00,44,0.088,0,2,False,True,0.0,1.0,3927.2080078125
2025-07-04 04:00:00,26,0.052,0,1,False,True,0.0,1.0,4001.086669921875
2025-07-04 05:00:00,29,0.058,0,3,False,True,0.0,1.0,4014.096923828125
2025-07-04 06:00:00,25,0.05,0,2,False,True,0.0,1.0,4049.3452758789062
2025-07-04 07:00:00,29,0.058,1,2,True,True,1.0,1.0,4102.4287109375
2025-07-04 08:00:00,25,0.05,0,2,False,True,0.0,1.0,3947.6374267578126
2025-07-04 09:00:00,45,0.09,1,3,True,True,1.0,1.0,4101.57421875
2025-07-04 10:00:00,25,0.05,0,3,False,True,0.0,1.0,3993.349206542968
2025-07-04 11:00:00,25,0.05,0,3,False,True,0.0,1.0,3981.6645751953124
2025-07-04 12:00:00,25,0.05,0,3,False,True,0.0,1.0,4013.6107910156247
2025-07-04 13:00:00,25,0.05,1,2,True,True,1.0,1.0,3808.3314453125
2025-07-04 14:00:00,25,0.05,0,3,False,True,0.0,1.0,3637.2728637695313
2025-07-04 15:00:00,34,0.068,1,3,True,True,1.0,1.0,3508.577392578125
2025-07-04 16:00:00,25,0.05,0,2,False,True,0.0,1.0,3537.5237060546874
2025-07-04 17:00:00,25,0.05,0,1,False,True,0.0,1.0,3294.0820434570314
2025-07-04 18:00:00,500,1.0,5,5,True,True,1.0,1.0,3045.0
2025-07-04 19:00:00,25,0.05,0,1,False,True,0.0,1.0,2891.3774780273434
2025-07-04 20:00:00,36,0.072,0,2,False,True,0.0,1.0,2918.707763671875
2025-07-04 21:00:00,27,0.054,0,1,False,True,0.0,1.0,2916.578125
2025-07-04 22:00:00,25,0.05,0,2,False,True,0.0,1.0,2867.4060302734374
2025-07-04 23:00:00,25,0.05,0,1,False,True,0.0,1.0,2907.634594726562
2025-07-05 00:00:00,25,0.05,0,2,False,True,0.0,1.0,2970.471533203125
2025-07-05 01:00:00,31,0.062,0,2,False,True,0.0,1.0,2975.1474609375
2025-07-05 02:00:00,25,0.05,0,1,False,True,0.0,1.0,2949.569934082031
2025-07-05 03:00:00,25,0.05,0,1,False,True,0.0,1.0,2966.994946289062
2025-07-05 04:00:00,25,0.05,0,1,False,True,0.0,1.0,2915.581689453125
2025-07-05 05:00:00,25,0.05,0,1,False,True,0.0,1.0,2919.918469238281
2025-07-05 06:00:00,25,0.05,0,2,False,True,0.0,1.0,2852.7273193359374
2025-07-05 07:00:00,30,0.06,0,1,False,True,0.0,1.0,2919.73291015625
2025-07-05 08:00:00,25,0.05,0,2,False,True,0.0,1.0,2921.8822631835938
2025-07-05 09:00:00,32,0.064,0,1,False,True,0.0,1.0,2919.73291015625
2025-07-05 10:00:00,27,0.054,0,2,False,True,0.0,1.0,2906.769775390625
2025-07-05 11:00:00,28,0.056,0,2,False,True,0.0,1.0,2931.7724609375
2025-07-05 12:00:00,28,0.056,0,2,False,True,0.0,1.0,3037.215576171875
2025-07-05 13:00:00,35,0.07,0,1,False,True,0.0,1.0,2971.137939453125
2025-07-05 14:00:00,28,0.056,0,1,False,True,0.0,1.0,2877.33203125
2025-07-05 15:00:00,31,0.062,0,1,False,True,0.0,1.0,2990.686279296875
2025-07-05 16:00:00,28,0.056,0,1,False,True,0.0,1.0,2776.01611328125
2025-07-05 17:00:00,28,0.056,0,1,False,True,0.0,1.0,2769.208251953125
2025-07-05 18:00:00,25,0.05,0,2,False,True,0.0,1.0,2722.786572265625
2025-07-05 19:00:00,25,0.05,0,1,False,True,0.0,1.0,2723.2259033203127
2025-07-05 20:00:00,27,0.054,0,1,False,True,0.0,1.0,2727.222900390625
2025-07-05 21:00:00,32,0.064,0,1,False,True,0.0,1.0,2727.669189453125
2025-07-05 22:00:00,25,0.05,0,1,False,True,0.0,1.0,2734.8760375976562
2025-07-05 23:00:00,25,0.05,1,1,True,True,1.0,1.0,2726.9268798828125
2025-07-06 00:00:00,28,0.056,0,1,False,True,0.0,1.0,2783.900634765625
2025-07-06 01:00:00,31,0.062,0,1,False,True,0.0,1.0,2782.480712890625
2025-07-06 02:00:00,25,0.05,0,1,False,True,0.0,1.0,2759.3894653320312
2025-07-06 03:00:00,25,0.05,0,1,False,True,0.0,1.0,2779.447216796875
2025-07-06 04:00:00,25,0.05,0,1,False,True,0.0,1.0,2758.7063842773437
2025-07-06 05:00:00,25,0.05,0,1,False,True,0.0,1.0,2751.6046874999993
2025-07-06 06:00:00,26,0.052,0,1,False,True,0.0,1.0,2727.65283203125
2025-07-06 07:00:00,38,0.076,0,2,False,True,0.0,1.0,2762.448486328125
2025-07-06 08:00:00,25,0.05,0,1,False,True,0.0,1.0,2735.876513671875
2025-07-06 09:00:00,25,0.05,1,1,True,True,1.0,1.0,2716.092663574218
2025-07-06 10:00:00,25,0.05,0,1,False,True,0.0,1.0,2644.6407592773435
2025-07-06 11:00:00,30,0.06,0,1,False,True,0.0,1.0,2659.474853515625
2025-07-06 12:00:00,25,0.05,0,3,False,True,0.0,1.0,3553.355859375
2025-07-06 13:00:00,25,0.05,0,2,False,True,0.0,1.0,3547.9635375976563
2025-07-06 14:00:00,26,0.052,0,2,False,True,0.0,1.0,3552.03466796875
2025-07-06 15:00:00,25,0.05,0,3,False,True,0.0,1.0,3550.04921875
2025-07-06 16:00:00,25,0.05,0,2,False,True,0.0,1.0,3550.580126953125
2025-07-06 17:00:00,25,0.05,0,2,False,True,0.0,1.0,3566.0087768554686
2025-07-06 18:00:00,28,0.056,0,2,False,True,0.0,1.0,3528.53125
2025-07-06 19:00:00,25,0.05,0,1,False,True,0.0,1.0,3502.3359619140624
2025-07-06 20:00:00,25,0.05,0,2,False,True,0.0,1.0,3525.5572998046873
2025-07-06 21:00:00,25,0.05,1,2,True,True,1.0,1.0,3527.081091308594
2025-07-06 22:00:00,32,0.064,0,2,False,True,0.0,1.0,3527.87939453125
2025-07-06 23:00:00,27,0.054,0,1,False,True,0.0,1.0,3555.34375
2025-07-07 00:00:00,26,0.052,0,3,False,True,0.0,1.0,3571.97705078125
2025-07-07 01:00:00,25,0.05,0,1,False,True,0.0,1.0,3563.6081665039064
2025-07-07 02:00:00,28,0.056,0,2,False,True,0.0,1.0,3595.598876953125
2025-07-07 03:00:00,25,0.05,0,1,False,True,0.0,1.0,3562.3258056640625
2025-07-07 04:00:00,25,0.05,1,2,True,True,1.0,1.0,3560.8805053710935
2025-07-07 05:00:00,25,0.05,0,1,False,True,0.0,1.0,3563.1366455078123
2025-07-07 06:00:00,48,0.096,1,2,True,True,1.0,1.0,3549.569580078125
2025-07-07 07:00:00,25,0.05,0,1,False,True,0.0,1.0,3566.5472778320313
2025-07-07 08:00:00,30,0.06,0,2,False,True,0.0,1.0,3558.60888671875
2025-07-07 09:00:00,25,0.05,0,2,False,True,0.0,1.0,3494.2246948242187
2025-07-07 10:00:00,25,0.05,0,2,False,True,0.0,1.0,3559.4120849609376
2025-07-07 11:00:00,28,0.056,0,2,False,True,0.0,1.0,3652.014404296875
2025-07-07 12:00:00,26,0.052,0,2,False,True,0.0,1.0,3733.069091796875
2025-07-07 13:00:00,25,0.05,0,2,False,True,0.0,1.0,3934.1667724609374
2025-07-07 14:00:00,28,0.056,0,2,False,True,0.0,1.0,4019.291259765625
2025-07-07 15:00:00,31,0.062,0,2,False,True,0.0,1.0,4052.804931640625
2025-07-07 16:00:00,25,0.05,0,2,False,True,0.0,1.0,4052.661828613281
2025-07-07 17:00:00,26,0.052,0,1,False,True,0.0,1.0,4043.666259765625
2025-07-07 18:00:00,25,0.05,0,2,False,True,0.0,1.0,4052.8338989257813
2025-07-07 19:00:00,45,0.09,0,3,False,True,0.0,1.0,4055.643798828125
2025-07-07 20:00:00,25,0.05,0,1,False,True,0.0,1.0,4071.5565551757813
2025-07-07 21:00:00,38,0.076,0,2,False,True,0.0,1.0,4066.394287109375
2025-07-07 22:00:00,30,0.06,1,2,True,True,1.0,1.0,4073.818603515625
2025-07-07 23:00:00,32,0.064,0,1,False,True,0.0,1.0,4073.818603515625
2025-07-08 00:00:00,25,0.05,0,2,False,True,0.0,1.0,4038.6362182617186
2025-07-08 01:00:00,28,0.056,0,1,False,True,0.0,1.0,4045.665771484375
2025-07-08 02:00:00,25,0.05,0,2,False,True,0.0,1.0,4049.267297363281
2025-07-08 03:00:00,25,0.05,0,2,False,True,0.0,1.0,4017.4310791015623
2025-07-08 04:00:00,28,0.056,0,2,False,True,0.0,1.0,4021.531982421875
2025-07-08 05:00:00,25,0.05,0,2,False,True,0.0,1.0,3985.082568359375
2025-07-08 06:00:00,25,0.05,0,2,False,True,0.0,1.0,4020.2704833984376
2025-07-08 07:00:00,29,0.058,0,2,False,True,0.0,1.0,4029.02734375
2025-07-08 08:00:00,25,0.05,0,3,False,True,0.0,1.0,4028.0212280273436
2025-07-08 09:00:00,31,0.062,1,3,True,True,1.0,1.0,3995.998779296875
2025-07-08 10:00:00,25,0.05,0,2,False,True,0.0,1.0,4037.277783203125
2025-07-08 11:00:00,27,0.054,0,1,False,True,0.0,1.0,4063.7041015625
2025-07-08 12:00:00,27,0.054,0,3,False,True,0.0,1.0,3959.079833984375
2025-07-08 13:00:00,25,0.05,1,3,True,True,1.0,1.0,3849.8488891601564
2025-07-08 14:00:00,25,0.05,1,2,True,True,1.0,1.0,3865.035363769531
2025-07-08 15:00:00,25,0.05,0,2,False,True,0.0,1.0,3868.2864013671874
2025-07-08 16:00:00,25,0.05,0,2,False,True,0.0,1.0,3716.320202636719
2025-07-08 17:00:00,30,0.06,0,2,False,True,0.0,1.0,3532.160888671875
2025-07-08 18:00:00,28,0.056,1,2,True,True,1.0,1.0,3532.93408203125
2025-07-08 19:00:00,25,0.05,0,1,False,True,0.0,1.0,3531.7821044921875
2025-07-08 20:00:00,25,0.05,0,3,False,True,0.0,1.0,3526.1054809570314
2025-07-08 21:00:00,32,0.064,0,1,False,True,0.0,1.0,3532.512451171875
2025-07-08 22:00:00,25,0.05,0,2,False,True,0.0,1.0,3523.0358764648436
2025-07-08 23:00:00,25,0.05,0,2,False,True,0.0,1.0,3495.883898925781
2025-07-09 00:00:00,25,0.05,0,2,False,True,0.0,1.0,3536.127685546875
2025-07-09 01:00:00,25,0.05,0,2,False,True,0.0,1.0,3538.988171386719
2025-07-09 02:00:00,25,0.05,0,3,False,True,0.0,1.0,3500.8748413085937
2025-07-09 03:00:00,25,0.05,0,2,False,True,0.0,1.0,3516.0673583984376
2025-07-09 04:00:00,25,0.05,0,2,False,True,0.0,1.0,3534.275500488281
2025-07-09 05:00:00,25,0.05,0,1,False,True,0.0,1.0,3535.0821899414063
2025-07-09 06:00:00,25,0.05,0,3,False,True,0.0,1.0,3532.930627441406
2025-07-09 07:00:00,27,0.054,0,1,False,True,0.0,1.0,3542.15234375
2025-07-09 08:00:00,25,0.05,0,2,False,True,0.0,1.0,3452.412670898437
2025-07-09 09:00:00,25,0.05,0,2,False,True,0.0,1.0,3470.1745849609374
2025-07-09 10:00:00,26,0.052,0,2,False,True,0.0,1.0,3486.600341796875
2025-07-09 11:00:00,25,0.05,0,2,False,True,0.0,1.0,3473.8099731445313
2025-07-09 12:00:00,25,0.05,0,1,False,True,0.0,1.0,3469.527685546875
2025-07-09 13:00:00,42,0.084,0,2,False,True,0.0,1.0,3417.029296875
2025-07-09 14:00:00,27,0.054,0,2,False,True,0.0,1.0,3425.064697265625
2025-07-09 15:00:00,41,0.082,0,2,False,True,0.0,1.0,3435.545654296875
2025-07-09 16:00:00,25,0.05,0,2,False,True,0.0,1.0,3439.612622070312
2025-07-09 17:00:00,25,0.05,0,2,False,True,0.0,1.0,3437.836279296875
2025-07-09 18:00:00,28,0.056,0,2,False,True,0.0,1.0,3431.7626953125
2025-07-09 19:00:00,27,0.054,0,2,False,True,0.0,1.0,3446.10693359375
2025-07-09 20:00:00,25,0.05,0,2,False,True,0.0,1.0,3443.0793334960936
2025-07-09 21:00:00,25,0.05,0,2,False,True,0.0,1.0,3433.52626953125
2025-07-09 22:00:00,25,0.05,0,2,False,True,0.0,1.0,3428.688439941406
2025-07-09 23:00:00,25,0.05,0,1,False,True,0.0,1.0,3433.4879150390625
2025-07-10 00:00:00,39,0.078,0,2,False,True,0.0,1.0,3489.020751953125
2025-07-10 01:00:00,29,0.058,0,2,False,True,0.0,1.0,3487.71826171875
2025-07-10 02:00:00,25,0.05,0,3,False,True,0.0,1.0,3473.7224975585937
2025-07-10 03:00:00,25,0.05,0,2,False,True,0.0,1.0,3481.261096191406
2025-07-10 04:00:00,27,0.054,1,2,True,True,1.0,1.0,3488.80419921875
2025-07-10 05:00:00,25,0.05,0,2,False,True,0.0,1.0,3479.949719238281
2025-07-10 06:00:00,25,0.05,1,2,True,True,1.0,1.0,3471.7083251953127
2025-07-10 07:00:00,41,0.082,0,3,False,True,0.0,1.0,3462.27392578125
2025-07-10 08:00:00,38,0.076,1,2,True,True,1.0,1.0,3475.43212890625
2025-07-10 09:00:00,25,0.05,0,2,False,True,0.0,1.0,3476.4571533203125
2025-07-10 10:00:00,28,0.056,0,1,False,True,0.0,1.0,3464.29345703125
2025-07-10 11:00:00,29,0.058,0,1,False,True,0.0,1.0,3432.83984375
2025-07-10 12:00:00,42,0.084,0,3,False,True,0.0,1.0,3395.5810546875
2025-07-10 13:00:00,25,0.05,0,1,False,True,0.0,1.0,3397.775219726562
2025-07-10 14:00:00,30,0.06,0,1,False,True,0.0,1.0,3390.09521484375
2025-07-10 15:00:00,25,0.05,0,2,False,True,0.0,1.0,3395.803173828125
2025-07-10 16:00:00,25,0.05,0,1,False,True,0.0,1.0,3395.640979003906
2025-07-10 17:00:00,32,0.064,1,2,True,True,1.0,1.0,3399.672119140625
2025-07-10 18:00:00,25,0.05,0,1,False,True,0.0,1.0,3415.552282714844
2025-07-10 19:00:00,29,0.058,0,2,False,True,0.0,1.0,3419.106201171875
2025-07-10 20:00:00,35,0.07,0,2,False,True,0.0,1.0,3419.106201171875
2025-07-10 21:00:00,25,0.05,0,1,False,True,0.0,1.0,3417.937145996094
2025-07-10 22:00:00,28,0.056,0,3,False,True,0.0,1.0,3403.99853515625
2025-07-10 23:00:00,25,0.05,0,3,False,True,0.0,1.0,3404.2636840820314
2025-07-11 00:00:00,25,0.05,0,2,False,True,0.0,1.0,3412.0617919921874
2025-07-11 01:00:00,25,0.05,0,3,False,True,0.0,1.0,3425.238659667969
2025-07-11 02:00:00,25,0.05,0,2,False,True,0.0,1.0,3422.439453125
2025-07-11 03:00:00,25,0.05,0,3,False,True,0.0,1.0,3398.75224609375
2025-07-11 04:00:00,25,0.05,0,3,False,True,0.0,1.0,3403.377001953125
2025-07-11 05:00:00,25,0.05,0,2,False,True,0.0,1.0,3421.1436279296877
2025-07-11 06:00:00,29,0.058,0,2,False,True,0.0,1.0,3419.779052734375
2025-07-11 07:00:00,25,0.05,0,2,False,True,0.0,1.0,3395.7614624023436
2025-07-11 08:00:00,25,0.05,0,3,False,True,0.0,1.0,3418.203857421875
2025-07-11 09:00:00,28,0.056,0,3,False,True,0.0,1.0,3387.99267578125
2025-07-11 10:00:00,30,0.06,1,2,True,True,1.0,1.0,3342.599609375
2025-07-11 11:00:00,29,0.058,0,2,False,True,0.0,1.0,3341.4345703125
2025-07-11 12:00:00,25,0.05,0,2,False,True,0.0,1.0,3335.9533081054688
2025-07-11 13:00:00,30,0.06,0,2,False,True,0.0,1.0,3357.260498046875
2025-07-11 14:00:00,26,0.052,0,3,False,True,0.0,1.0,3321.343017578125
2025-07-11 15:00:00,25,0.05,0,1,False,True,0.0,1.0,3202.3933349609374
2025-07-11 16:00:00,28,0.056,0,2,False,True,0.0,1.0,3068.344970703125
2025-07-11 17:00:00,25,0.05,0,1,False,True,0.0,1.0,2910.0792236328125
2025-07-11 18:00:00,27,0.054,0,1,False,True,0.0,1.0,2730.33984375
2025-07-11 19:00:00,25,0.05,0,1,False,True,0.0,1.0,2729.802099609375
2025-07-11 20:00:00,25,0.05,0,1,False,True,0.0,1.0,2750.860107421875
2025-07-11 21:00:00,28,0.056,0,1,False,True,0.0,1.0,2751.032958984375
2025-07-11 22:00:00,25,0.05,0,1,False,True,0.0,1.0,2746.147839355469
2025-07-11 23:00:00,33,0.066,0,1,False,True,0.0,1.0,2744.09326171875
2025-07-12 00:00:00,25,0.05,0,1,False,True,0.0,1.0,2743.716381835937
2025-07-12 01:00:00,25,0.05,0,1,False,True,0.0,1.0,2728.0939331054688
2025-07-12 02:00:00,29,0.058,0,2,False,True,0.0,1.0,2737.92236328125
2025-07-12 03:00:00,27,0.054,0,2,False,True,0.0,1.0,2749.700439453125
2025-07-12 04:00:00,33,0.066,0,1,False,True,0.0,1.0,2749.700439453125
2025-07-12 05:00:00,25,0.05,0,2,False,True,0.0,1.0,2735.593383789062
2025-07-12 06:00:00,27,0.054,0,1,False,True,0.0,1.0,2747.21435546875
2025-07-12 07:00:00,25,0.05,0,2,False,True,0.0,1.0,2738.2471923828125
2025-07-12 08:00:00,31,0.062,0,2,False,True,0.0,1.0,2744.52685546875
2025-07-12 09:00:00,25,0.05,0,1,False,True,0.0,1.0,2699.5615844726562
2025-07-12 10:00:00,25,0.05,0,1,False,True,0.0,1.0,2709.977783203125
2025-07-12 11:00:00,25,0.05,0,1,False,True,0.0,1.0,2720.9597412109374
2025-07-12 12:00:00,30,0.06,0,1,False,True,0.0,1.0,2695.4892578125
2025-07-12 13:00:00,25,0.05,0,1,False,True,0.0,1.0,2705.6150878906246
2025-07-12 14:00:00,32,0.064,0,2,False,True,0.0,1.0,2723.785400390625
2025-07-12 15:00:00,25,0.05,0,2,False,True,0.0,1.0,2656.712756347656
2025-07-12 16:00:00,25,0.05,0,1,False,True,0.0,1.0,2700.041125488281
2025-07-12 17:00:00,26,0.052,0,1,False,True,0.0,1.0,2717.276123046875
2025-07-12 18:00:00,25,0.05,0,1,False,True,0.0,1.0,2696.5936035156246
2025-07-12 19:00:00,26,0.052,0,1,False,True,0.0,1.0,2706.528076171875
2025-07-12 20:00:00,25,0.05,0,1,False,True,0.0,1.0,2706.0117919921877
2025-07-12 21:00:00,25,0.05,0,2,False,True,0.0,1.0,2696.8405883789064
2025-07-12 22:00:00,25,0.05,0,2,False,True,0.0,1.0,2707.9444580078125
2025-07-12 23:00:00,32,0.064,0,1,False,True,0.0,1.0,2708.418701171875
2025-07-13 00:00:00,30,0.06,1,2,True,True,1.0,1.0,2766.7177734375
2025-07-13 01:00:00,25,0.05,0,2,False,True,0.0,1.0,2763.206018066406
2025-07-13 02:00:00,25,0.05,0,1,False,True,0.0,1.0,2767.408728027344
2025-07-13 03:00:00,31,0.062,1,1,True,True,1.0,1.0,2768.235107421875
2025-07-13 04:00:00,33,0.066,0,1,False,True,0.0,1.0,2765.71142578125
2025-07-13 05:00:00,25,0.05,0,1,False,True,0.0,1.0,2763.601110839844
2025-07-13 06:00:00,32,0.064,0,1,False,True,0.0,1.0,2768.16796875
2025-07-13 07:00:00,25,0.05,1,1,True,True,1.0,1.0,2770.4920166015627
2025-07-13 08:00:00,25,0.05,0,1,False,True,0.0,1.0,2769.5204223632813
2025-07-13 09:00:00,25,0.05,0,1,False,True,0.0,1.0,2831.0036010742183
2025-07-13 10:00:00,25,0.05,0,1,False,True,0.0,1.0,3015.0207275390626
2025-07-13 11:00:00,25,0.05,0,1,False,True,0.0,1.0,3317.2811889648438
2025-07-13 12:00:00,29,0.058,0,3,False,True,0.0,1.0,3725.696533203125
2025-07-13 13:00:00,29,0.058,0,1,False,True,0.0,1.0,3734.731689453125
2025-07-13 14:00:00,25,0.05,0,2,False,True,0.0,1.0,3846.458044433594
2025-07-13 15:00:00,34,0.068,0,2,False,True,0.0,1.0,3866.154052734375
2025-07-13 16:00:00,30,0.06,0,1,False,True,0.0,1.0,3856.84423828125
2025-07-13 17:00:00,25,0.05,0,3,False,True,0.0,1.0,3855.0964721679684
2025-07-13 18:00:00,25,0.05,0,2,False,True,0.0,1.0,3866.0064086914062
2025-07-13 19:00:00,25,0.05,0,2,False,True,0.0,1.0,3869.429162597656
2025-07-13 20:00:00,25,0.05,0,2,False,True,0.0,1.0,3867.475207519531
2025-07-13 21:00:00,26,0.052,0,2,False,True,0.0,1.0,3868.607666015625
2025-07-13 22:00:00,25,0.05,0,1,False,True,0.0,1.0,3850.2115478515625
2025-07-13 23:00:00,25,0.05,0,2,False,True,0.0,1.0,3856.1902709960937
2025-07-14 00:00:00,26,0.052,0,1,False,True,0.0,1.0,3917.847900390625
2025-07-14 01:00:00,25,0.05,0,2,False,True,0.0,1.0,3919.74462890625
2025-07-14 02:00:00,25,0.05,0,1,False,True,0.0,1.0,3895.430554199219
2025-07-14 03:00:00,25,0.05,0,2,False,True,0.0,1.0,3871.981005859375
2025-07-14 04:00:00,25,0.05,0,2,False,True,0.0,1.0,3875.568249511719
2025-07-14 05:00:00,25,0.05,1,1,True,True,1.0,1.0,3902.6393310546873
2025-07-14 06:00:00,37,0.074,0,2,False,True,0.0,1.0,3885.074951171875
2025-07-14 07:00:00,31,0.062,0,2,False,True,0.0,1.0,3873.764404296875
2025-07-14 08:00:00,26,0.052,1,1,True,True,1.0,1.0,3864.781494140625
2025-07-14 09:00:00,27,0.054,0,2,False,True,0.0,1.0,3890.552734375
2025-07-14 10:00:00,28,0.056,0,3,False,True,0.0,1.0,3853.9736328125
2025-07-14 11:00:00,25,0.05,0,3,False,True,0.0,1.0,3880.529333496094
2025-07-14 12:00:00,25,0.05,0,2,False,True,0.0,1.0,3880.9069580078126
2025-07-14 13:00:00,27,0.054,0,1,False,True,0.0,1.0,3837.3671875
2025-07-14 14:00:00,25,0.05,0,1,False,True,0.0,1.0,3842.9699707031245
2025-07-14 15:00:00,37,0.074,0,2,False,True,0.0,1.0,4010.845703125
2025-07-14 16:00:00,25,0.05,0,1,False,True,0.0,1.0,3994.6812866210935
2025-07-14 17:00:00,25,0.05,0,2,False,True,0.0,1.0,3986.815747070312
2025-07-14 18:00:00,25,0.05,1,1,True,True,1.0,1.0,4022.8255126953127
2025-07-14 19:00:00,28,0.056,0,2,False,True,0.0,1.0,4030.5166015625
2025-07-14 20:00:00,25,0.05,0,1,False,True,0.0,1.0,4028.7485961914062
2025-07-14 21:00:00,25,0.05,0,1,False,True,0.0,1.0,4033.9301147460938
2025-07-14 22:00:00,31,0.062,0,3,False,True,0.0,1.0,4057.270263671875
2025-07-14 23:00:00,25,0.05,0,2,False,True,0.0,1.0,4051.197961425781
2025-07-15 00:00:00,31,0.062,0,3,False,True,0.0,1.0,4083.771484375
2025-07-15 01:00:00,25,0.05,0,3,False,True,0.0,1.0,4076.255908203125
2025-07-15 02:00:00,33,0.066,0,2,False,True,0.0,1.0,4088.16552734375
2025-07-15 03:00:00,25,0.05,0,2,False,True,0.0,1.0,4133.468408203124
2025-07-15 04:00:00,33,0.066,0,3,False,True,0.0,1.0,4135.283203125
2025-07-15 05:00:00,25,0.05,0,1,False,True,0.0,1.0,4106.438183593749
2025-07-15 06:00:00,29,0.058,0,1,False,True,0.0,1.0,4034.971435546875
2025-07-15 07:00:00,29,0.058,1,2,True,True,1.0,1.0,4051.480224609375
2025-07-15 08:00:00,28,0.056,0,2,False,True,0.0,1.0,4025.002685546875
2025-07-15 09:00:00,25,0.05,0,3,False,True,0.0,1.0,4031.1247070312497
2025-07-15 10:00:00,25,0.05,0,3,False,True,0.0,1.0,3965.2652587890625
2025-07-15 11:00:00,41,0.082,0,2,False,True,0.0,1.0,3858.704345703125
2025-07-15 12:00:00,25,0.05,0,3,False,True,0.0,1.0,3875.2473022460936
2025-07-15 13:00:00,25,0.05,0,1,False,True,0.0,1.0,3834.872119140625
2025-07-15 14:00:00,25,0.05,0,2,False,True,0.0,1.0,3956.994189453125
2025-07-15 15:00:00,30,0.06,0,1,False,True,0.0,1.0,3639.1181640625
2025-07-15 16:00:00,25,0.05,0,1,False,True,0.0,1.0,3612.9756103515624
2025-07-15 17:00:00,26,0.052,0,3,False,True,0.0,1.0,3615.80126953125
2025-07-15 18:00:00,31,0.062,0,2,False,True,0.0,1.0,3711.628662109375
2025-07-15 19:00:00,26,0.052,0,2,False,True,0.0,1.0,3711.628662109375
2025-07-15 20:00:00,31,0.062,1,2,True,True,1.0,1.0,3708.980224609375
2025-07-15 21:00:00,30,0.06,0,1,False,True,0.0,1.0,3695.88623046875
2025-07-15 22:00:00,25,0.05,0,2,False,True,0.0,1.0,3692.2386840820313
2025-07-15 23:00:00,33,0.066,0,2,False,True,0.0,1.0,3696.970703125
2025-07-16 00:00:00,31,0.062,0,3,False,True,0.0,1.0,3732.30810546875
2025-07-16 01:00:00,25,0.05,0,2,False,True,0.0,1.0,3750.0995971679686
2025-07-16 02:00:00,31,0.062,0,3,False,True,0.0,1.0,3788.9638671875
2025-07-16 03:00:00,25,0.05,0,2,False,True,0.0,1.0,3781.4704833984374
2025-07-16 04:00:00,34,0.068,1,2,True,True,1.0,1.0,3788.325439453125
2025-07-16 05:00:00,25,0.05,0,3,False,True,0.0,1.0,3816.643627929687
2025-07-16 06:00:00,25,0.05,0,3,False,True,0.0,1.0,3786.1723876953124
2025-07-16 07:00:00,25,0.05,0,2,False,True,0.0,1.0,3710.1301513671874
2025-07-16 08:00:00,26,0.052,0,3,False,True,0.0,1.0,3738.946044921875
2025-07-16 09:00:00,25,0.05,0,3,False,True,0.0,1.0,3750.063928222656
2025-07-16 10:00:00,25,0.05,0,3,False,True,0.0,1.0,3745.5478271484376
2025-07-16 11:00:00,36,0.072,1,3,True,True,1.0,1.0,3788.099365234375
2025-07-16 12:00:00,25,0.05,0,2,False,True,0.0,1.0,3705.2647827148435
2025-07-16 13:00:00,30,0.06,0,1,False,True,0.0,1.0,3747.015380859375
2025-07-16 14:00:00,28,0.056,0,2,False,True,0.0,1.0,3917.73974609375
2025-07-16 15:00:00,28,0.056,0,2,False,True,0.0,1.0,3939.039306640625
2025-07-16 16:00:00,33,0.066,0,2,False,True,0.0,1.0,3939.922607421875
2025-07-16 17:00:00,25,0.05,0,1,False,True,0.0,1.0,3935.4287109375
2025-07-16 18:00:00,26,0.052,1,2,True,True,1.0,1.0,3996.755615234375
2025-07-16 19:00:00,25,0.05,0,1,False,True,0.0,1.0,3994.1699096679686
2025-07-16 20:00:00,25,0.05,0,1,False,True,0.0,1.0,3991.016943359375
2025-07-16 21:00:00,25,0.05,0,3,False,True,0.0,1.0,3992.4467529296876
2025-07-16 22:00:00,25,0.05,0,2,False,True,0.0,1.0,3990.27802734375
2025-07-16 23:00:00,25,0.05,0,1,False,True,0.0,1.0,3991.3187866210938
2025-07-17 00:00:00,40,0.08,1,3,True,True,1.0,1.0,3922.728271484375
2025-07-17 01:00:00,33,0.066,0,2,False,True,0.0,1.0,3922.71630859375
2025-07-17 02:00:00,28,0.056,0,1,False,True,0.0,1.0,3923.630859375
2025-07-17 03:00:00,25,0.05,0,2,False,True,0.0,1.0,3934.8322875976564
2025-07-17 04:00:00,26,0.052,0,2,False,True,0.0,1.0,3944.559326171875
2025-07-17 05:00:00,25,0.05,0,3,False,True,0.0,1.0,3933.623156738281
2025-07-17 06:00:00,33,0.066,0,2,False,True,0.0,1.0,3932.119140625
2025-07-17 07:00:00,25,0.05,0,1,False,True,0.0,1.0,3913.388427734375
2025-07-17 08:00:00,32,0.064,0,2,False,True,0.0,1.0,3922.827392578125
2025-07-17 09:00:00,25,0.05,0,1,False,True,0.0,1.0,3947.854211425781
2025-07-17 10:00:00,47,0.094,0,2,False,True,0.0,1.0,3859.93896484375
2025-07-17 11:00:00,25,0.05,0,3,False,True,0.0,1.0,3916.589880371094
2025-07-17 12:00:00,25,0.05,0,2,False,True,0.0,1.0,3992.1160888671875
2025-07-17 13:00:00,25,0.05,1,2,True,True,1.0,1.0,3937.3435424804684
2025-07-17 14:00:00,25,0.05,0,2,False,True,0.0,1.0,3979.7631225585938
2025-07-17 15:00:00,25,0.05,0,1,False,True,0.0,1.0,3973.0905517578126
2025-07-17 16:00:00,25,0.05,0,2,False,True,0.0,1.0,3856.360217285156
2025-07-17 17:00:00,31,0.062,0,1,False,True,0.0,1.0,3868.844482421875
2025-07-17 18:00:00,32,0.064,0,1,False,True,0.0,1.0,3914.2099609375
2025-07-17 19:00:00,27,0.054,0,2,False,True,0.0,1.0,3915.70458984375
2025-07-17 20:00:00,26,0.052,0,2,False,True,0.0,1.0,3915.352783203125
2025-07-17 21:00:00,27,0.054,0,3,False,True,0.0,1.0,3913.62890625
2025-07-17 22:00:00,25,0.05,0,2,False,True,0.0,1.0,3903.9748413085936
2025-07-17 23:00:00,25,0.05,0,2,False,True,0.0,1.0,3894.65849609375
2025-07-18 00:00:00,26,0.052,1,2,True,True,1.0,1.0,3925.815185546875
2025-07-18 01:00:00,25,0.05,0,1,False,True,0.0,1.0,3918.5839233398433
2025-07-18 02:00:00,27,0.054,1,2,True,True,1.0,1.0,3940.03271484375
2025-07-18 03:00:00,25,0.05,0,2,False,True,0.0,1.0,3921.977856445312
2025-07-18 04:00:00,25,0.05,0,2,False,True,0.0,1.0,3912.4735107421875
2025-07-18 05:00:00,31,0.062,0,3,False,True,0.0,1.0,3934.98291015625
2025-07-18 06:00:00,25,0.05,0,2,False,True,0.0,1.0,3913.6284057617186
2025-07-18 07:00:00,25,0.05,0,1,False,True,0.0,1.0,3906.7866210937495
2025-07-18 08:00:00,25,0.05,0,1,False,True,0.0,1.0,3920.885083007812
2025-07-18 09:00:00,30,0.06,0,3,False,True,0.0,1.0,3810.346923828125
2025-07-18 10:00:00,25,0.05,0,3,False,True,0.0,1.0,3698.775915527344
2025-07-18 11:00:00,25,0.05,0,2,False,True,0.0,1.0,3645.2201416015623
2025-07-18 12:00:00,25,0.05,0,3,False,True,0.0,1.0,3714.5826904296873
2025-07-18 13:00:00,29,0.058,0,2,False,True,0.0,1.0,3624.57861328125
2025-07-18 14:00:00,33,0.066,0,2,False,True,0.0,1.0,3608.8125
2025-07-18 15:00:00,25,0.05,0,2,False,True,0.0,1.0,3528.363037109375
2025-07-18 16:00:00,26,0.052,0,3,False,True,0.0,1.0,3291.2681274414062
2025-07-18 17:00:00,30,0.06,0,1,False,True,0.0,1.0,3200.472412109375
2025-07-18 18:00:00,500,1.0,5,5,True,True,1.0,1.0,2971.0
2025-07-18 19:00:00,27,0.054,0,1,False,True,0.0,1.0,2785.633544921875
2025-07-18 20:00:00,27,0.054,0,1,False,True,0.0,1.0,2785.73779296875
2025-07-18 21:00:00,30,0.06,0,2,False,True,0.0,1.0,2787.430908203125
2025-07-18 22:00:00,28,0.056,0,1,False,True,0.0,1.0,2789.803955078125
2025-07-18 23:00:00,27,0.054,0,2,False,True,0.0,1.0,2789.0283203125
2025-07-19 00:00:00,31,0.062,0,2,False,True,0.0,1.0,2768.44677734375
2025-07-19 01:00:00,25,0.05,0,2,False,True,0.0,1.0,2758.3102539062497
2025-07-19 02:00:00,32,0.064,0,1,False,True,0.0,1.0,2771.042724609375
2025-07-19 03:00:00,29,0.058,0,1,False,True,0.0,1.0,2770.26708984375
2025-07-19 04:00:00,25,0.05,0,1,False,True,0.0,1.0,2737.1918334960938
2025-07-19 05:00:00,30,0.06,0,1,False,True,0.0,1.0,2755.541259765625
2025-07-19 06:00:00,25,0.05,0,2,False,True,0.0,1.0,2750.2863159179688
2025-07-19 07:00:00,31,0.062,0,3,False,True,0.0,1.0,2761.03857421875
2025-07-19 08:00:00,25,0.05,0,2,False,True,0.0,1.0,2752.8322631835936
2025-07-19 09:00:00,25,0.05,0,2,False,True,0.0,1.0,2762.3406372070312
2025-07-19 10:00:00,29,0.058,0,1,False,True,0.0,1.0,2782.9912109375
2025-07-19 11:00:00,25,0.05,0,1,False,True,0.0,1.0,2787.9951538085934
2025-07-19 12:00:00,30,0.06,0,1,False,True,0.0,1.0,2767.2255859375
2025-07-19 13:00:00,29,0.058,0,1,False,True,0.0,1.0,2773.03369140625
2025-07-19 14:00:00,30,0.06,0,1,False,True,0.0,1.0,2741.475830078125
2025-07-19 15:00:00,25,0.05,0,1,False,True,0.0,1.0,2667.0697753906247
2025-07-19 16:00:00,35,0.07,0,1,False,True,0.0,1.0,2624.549072265625
2025-07-19 17:00:00,25,0.05,0,1,False,True,0.0,1.0,2621.804162597656
2025-07-19 18:00:00,25,0.05,0,1,False,True,0.0,1.0,2614.845861816406
2025-07-19 19:00:00,40,0.08,0,1,False,True,0.0,1.0,2622.763427734375
2025-07-19 20:00:00,25,0.05,0,2,False,True,0.0,1.0,2620.1123046875
2025-07-19 21:00:00,25,0.05,0,1,False,True,0.0,1.0,2612.5070190429688
2025-07-19 22:00:00,25,0.05,0,1,False,True,0.0,1.0,2615.047216796875
2025-07-19 23:00:00,30,0.06,1,1,True,True,1.0,1.0,2623.148193359375
2025-07-20 00:00:00,31,0.062,0,1,False,True,0.0,1.0,2612.083740234375
2025-07-20 01:00:00,25,0.05,0,1,False,True,0.0,1.0,2607.9013061523438
2025-07-20 02:00:00,31,0.062,0,2,False,True,0.0,1.0,2610.74853515625
2025-07-20 03:00:00,25,0.05,0,2,False,True,0.0,1.0,2601.298486328125
2025-07-20 04:00:00,32,0.064,0,1,False,True,0.0,1.0,2610.294921875
2025-07-20 05:00:00,25,0.05,0,1,False,True,0.0,1.0,2607.0522338867186
2025-07-20 06:00:00,25,0.05,0,1,False,True,0.0,1.0,2620.4001708984374
2025-07-20 07:00:00,31,0.062,0,1,False,True,0.0,1.0,2624.9228515625
2025-07-20 08:00:00,25,0.05,0,1,False,True,0.0,1.0,2746.128137207031
2025-07-20 09:00:00,25,0.05,0,1,False,True,0.0,1.0,3101.951037597656
2025-07-20 10:00:00,28,0.056,0,2,False,True,0.0,1.0,3386.345947265625
2025-07-20 11:00:00,27,0.054,0,2,False,True,0.0,1.0,3622.8974609375
2025-07-20 12:00:00,32,0.064,0,2,False,True,0.0,1.0,3603.262939453125
2025-07-20 13:00:00,38,0.076,0,2,False,True,0.0,1.0,3596.872802734375
2025-07-20 14:00:00,28,0.056,0,3,False,True,0.0,1.0,3596.56884765625
2025-07-20 15:00:00,28,0.056,0,2,False,True,0.0,1.0,3599.083984375
2025-07-20 16:00:00,25,0.05,0,2,False,True,0.0,1.0,3602.4034057617187
2025-07-20 17:00:00,25,0.05,0,3,False,True,0.0,1.0,3611.6254760742186
2025-07-20 18:00:00,28,0.056,0,3,False,True,0.0,1.0,3593.613037109375
2025-07-20 19:00:00,30,0.06,0,2,False,True,0.0,1.0,3594.302490234375
2025-07-20 20:00:00,29,0.058,0,1,False,True,0.0,1.0,3590.902587890625
2025-07-20 21:00:00,40,0.08,0,2,False,True,0.0,1.0,3584.17041015625
2025-07-20 22:00:00,25,0.05,0,2,False,True,0.0,1.0,3595.2416137695313
2025-07-20 23:00:00,39,0.078,0,1,False,True,0.0,1.0,3599.10986328125
2025-07-21 00:00:00,25,0.05,0,2,False,True,0.0,1.0,3601.673937988281
2025-07-21 01:00:00,33,0.066,0,2,False,True,0.0,1.0,3602.49365234375
2025-07-21 02:00:00,25,0.05,1,2,True,True,1.0,1.0,3581.3780761718745
2025-07-21 03:00:00,26,0.052,0,2,False,True,0.0,1.0,3601.470458984375
2025-07-21 04:00:00,25,0.05,0,3,False,True,0.0,1.0,3586.8994750976562
2025-07-21 05:00:00,25,0.05,0,3,False,True,0.0,1.0,3589.587756347656
2025-07-21 06:00:00,25,0.05,0,3,False,True,0.0,1.0,3584.124072265625
2025-07-21 07:00:00,25,0.05,0,2,False,True,0.0,1.0,3587.5666748046874
2025-07-21 08:00:00,25,0.05,0,2,False,True,0.0,1.0,3598.089331054687
2025-07-21 09:00:00,42,0.084,0,2,False,True,0.0,1.0,3587.948486328125
2025-07-21 10:00:00,27,0.054,0,1,False,True,0.0,1.0,3566.984375
2025-07-21 11:00:00,25,0.05,1,1,True,True,1.0,1.0,3508.707727050781
2025-07-21 12:00:00,37,0.074,0,2,False,True,0.0,1.0,3465.41455078125
2025-07-21 13:00:00,25,0.05,0,2,False,True,0.0,1.0,3465.2804931640626
2025-07-21 14:00:00,25,0.05,0,1,False,True,0.0,1.0,3595.6327392578123
2025-07-21 15:00:00,25,0.05,0,3,False,True,0.0,1.0,3639.0299560546873
2025-07-21 16:00:00,30,0.06,0,2,False,True,0.0,1.0,3655.47509765625
2025-07-21 17:00:00,25,0.05,0,2,False,True,0.0,1.0,3645.643310546875
2025-07-21 18:00:00,31,0.062,0,2,False,True,0.0,1.0,3663.708740234375
2025-07-21 19:00:00,25,0.05,0,2,False,True,0.0,1.0,3663.52880859375
2025-07-21 20:00:00,30,0.06,0,1,False,True,0.0,1.0,3663.137451171875
2025-07-21 21:00:00,25,0.05,0,2,False,True,0.0,1.0,3660.3335693359377
2025-07-21 22:00:00,25,0.05,0,2,False,True,0.0,1.0,3655.3408203124995
2025-07-21 23:00:00,25,0.05,0,3,False,True,0.0,1.0,3634.5316650390623
2025-07-22 00:00:00,25,0.05,0,3,False,True,0.0,1.0,3625.8427612304686
2025-07-22 01:00:00,31,0.062,0,2,False,True,0.0,1.0,3633.91064453125
2025-07-22 02:00:00,25,0.05,0,1,False,True,0.0,1.0,3626.577612304687
2025-07-22 03:00:00,28,0.056,0,2,False,True,0.0,1.0,3628.14794921875
2025-07-22 04:00:00,25,0.05,0,2,False,True,0.0,1.0,3544.2473266601555
2025-07-22 05:00:00,28,0.056,0,2,False,True,0.0,1.0,3596.0888671875
2025-07-22 06:00:00,25,0.05,0,3,False,True,0.0,1.0,3585.047033691406
2025-07-22 07:00:00,25,0.05,0,2,False,True,0.0,1.0,3577.9042236328123
2025-07-22 08:00:00,26,0.052,0,3,False,True,0.0,1.0,3602.99560546875
2025-07-22 09:00:00,26,0.052,0,2,False,True,0.0,1.0,3636.765380859375
2025-07-22 10:00:00,25,0.05,0,3,False,True,0.0,1.0,3639.9762695312497
2025-07-22 11:00:00,25,0.05,0,3,False,True,0.0,1.0,3593.632629394531
2025-07-22 12:00:00,25,0.05,0,1,False,True,0.0,1.0,3575.156530761719
2025-07-22 13:00:00,33,0.066,0,2,False,True,0.0,1.0,3478.14599609375
2025-07-22 14:00:00,25,0.05,0,3,False,True,0.0,1.0,3635.192590332031
2025-07-22 15:00:00,26,0.052,0,2,False,True,0.0,1.0,3690.317626953125
2025-07-22 16:00:00,25,0.05,0,1,False,True,0.0,1.0,3672.2150268554688
2025-07-22 17:00:00,26,0.052,1,2,True,True,1.0,1.0,3692.432861328125
2025-07-22 18:00:00,27,0.054,0,2,False,True,0.0,1.0,3653.98046875
2025-07-22 19:00:00,25,0.05,0,2,False,True,0.0,1.0,3658.5787109375
2025-07-22 20:00:00,25,0.05,0,2,False,True,0.0,1.0,3647.378479003906
2025-07-22 21:00:00,25,0.05,0,3,False,True,0.0,1.0,3628.9936645507805
2025-07-22 22:00:00,25,0.05,0,2,False,True,0.0,1.0,3657.448693847656
2025-07-22 23:00:00,31,0.062,0,2,False,True,0.0,1.0,3676.72412109375
2025-07-23 00:00:00,25,0.05,0,2,False,True,0.0,1.0,3637.724194335937
2025-07-23 01:00:00,30,0.06,0,1,False,True,0.0,1.0,3656.5546875
2025-07-23 02:00:00,25,0.05,0,2,False,True,0.0,1.0,3649.1220214843747
2025-07-23 03:00:00,25,0.05,0,2,False,True,0.0,1.0,3675.270520019531
2025-07-23 04:00:00,25,0.05,0,2,False,True,0.0,1.0,3761.3142333984374
2025-07-23 05:00:00,30,0.06,0,2,False,True,0.0,1.0,3773.511474609375
2025-07-23 06:00:00,29,0.058,0,3,False,True,0.0,1.0,3772.167236328125
2025-07-23 07:00:00,32,0.064,0,2,False,True,0.0,1.0,3679.2919921875
2025-07-23 08:00:00,25,0.05,0,3,False,True,0.0,1.0,3579.928784179687
2025-07-23 09:00:00,37,0.074,0,2,False,True,0.0,1.0,3562.27685546875
2025-07-23 10:00:00,34,0.068,0,2,False,True,0.0,1.0,3465.75732421875
2025-07-23 11:00:00,34,0.068,0,3,False,True,0.0,1.0,3510.3935546875
2025-07-23 12:00:00,37,0.074,0,3,False,True,0.0,1.0,3517.39794921875
2025-07-23 13:00:00,25,0.05,0,3,False,True,0.0,1.0,3484.0632202148436
2025-07-23 14:00:00,26,0.052,0,2,False,True,0.0,1.0,3701.313720703125
2025-07-23 15:00:00,30,0.06,0,2,False,True,0.0,1.0,3884.423828125
2025-07-23 16:00:00,25,0.05,0,2,False,True,0.0,1.0,3859.4035766601564
2025-07-23 17:00:00,25,0.05,0,2,False,True,0.0,1.0,3863.74287109375
2025-07-23 18:00:00,34,0.068,0,2,False,True,0.0,1.0,3750.968017578125
2025-07-23 19:00:00,26,0.052,0,2,False,True,0.0,1.0,3750.968017578125
2025-07-23 20:00:00,27,0.054,0,2,False,True,0.0,1.0,3752.23876953125
2025-07-23 21:00:00,32,0.064,0,3,False,True,0.0,1.0,3731.946533203125
2025-07-23 22:00:00,25,0.05,0,1,False,True,0.0,1.0,3712.17421875
2025-07-23 23:00:00,30,0.06,0,3,False,True,0.0,1.0,3729.431884765625
2025-07-24 00:00:00,38,0.076,0,3,False,True,0.0,1.0,3871.878662109375
2025-07-24 01:00:00,25,0.05,0,1,False,True,0.0,1.0,3848.097790527344
2025-07-24 02:00:00,25,0.05,1,1,True,True,1.0,1.0,3862.0104370117188
2025-07-24 03:00:00,33,0.066,0,2,False,True,0.0,1.0,3766.205078125
2025-07-24 04:00:00,25,0.05,0,2,False,True,0.0,1.0,3769.1601318359376
2025-07-24 05:00:00,25,0.05,0,2,False,True,0.0,1.0,3810.096960449219
2025-07-24 06:00:00,28,0.056,0,3,False,True,0.0,1.0,3781.17529296875
2025-07-24 07:00:00,25,0.05,0,1,False,True,0.0,1.0,3810.6526123046874
2025-07-24 08:00:00,25,0.05,0,1,False,True,0.0,1.0,3827.4247192382813
2025-07-24 09:00:00,27,0.054,0,2,False,True,0.0,1.0,3749.94140625
2025-07-24 10:00:00,25,0.05,0,3,False,True,0.0,1.0,3678.9611450195307
2025-07-24 11:00:00,27,0.054,0,2,False,True,0.0,1.0,3796.8828125
2025-07-24 12:00:00,25,0.05,0,2,False,True,0.0,1.0,3801.924462890625
2025-07-24 13:00:00,25,0.05,0,2,False,True,0.0,1.0,3748.384729003906
2025-07-24 14:00:00,25,0.05,1,2,True,True,1.0,1.0,3806.0335327148437
2025-07-24 15:00:00,31,0.062,1,1,True,True,1.0,1.0,3585.09521484375
2025-07-24 16:00:00,25,0.05,0,1,False,True,0.0,1.0,3504.5319702148436
2025-07-24 17:00:00,25,0.05,0,2,False,True,0.0,1.0,3512.3087768554688
2025-07-24 18:00:00,25,0.05,0,1,False,True,0.0,1.0,3490.88876953125
2025-07-24 19:00:00,29,0.058,0,3,False,True,0.0,1.0,3520.828125
2025-07-24 20:00:00,25,0.05,0,2,False,True,0.0,1.0,3525.039770507812
2025-07-24 21:00:00,25,0.05,0,2,False,True,0.0,1.0,3494.6943725585934
2025-07-24 22:00:00,29,0.058,0,2,False,True,0.0,1.0,3531.187255859375
2025-07-24 23:00:00,27,0.054,0,2,False,True,0.0,1.0,3535.008544921875
2025-07-25 00:00:00,27,0.054,0,2,False,True,0.0,1.0,3516.887451171875
2025-07-25 01:00:00,25,0.05,0,2,False,True,0.0,1.0,3515.8668823242188
2025-07-25 02:00:00,26,0.052,0,1,False,True,0.0,1.0,3520.272705078125
2025-07-25 03:00:00,25,0.05,0,3,False,True,0.0,1.0,3544.6142822265624
2025-07-25 04:00:00,25,0.05,0,3,False,True,0.0,1.0,3547.945654296875
2025-07-25 05:00:00,25,0.05,0,1,False,True,0.0,1.0,3527.3982055664064
2025-07-25 06:00:00,25,0.05,0,1,False,True,0.0,1.0,3535.3432861328124
2025-07-25 07:00:00,26,0.052,0,2,False,True,0.0,1.0,3524.32275390625
2025-07-25 08:00:00,31,0.062,0,2,False,True,0.0,1.0,3539.29248046875
2025-07-25 09:00:00,25,0.05,0,1,False,True,0.0,1.0,3482.212658691406
2025-07-25 10:00:00,27,0.054,0,1,False,True,0.0,1.0,3516.947509765625
2025-07-25 11:00:00,28,0.056,0,3,False,True,0.0,1.0,3490.299560546875
2025-07-25 12:00:00,25,0.05,0,2,False,True,0.0,1.0,3551.4369384765623
2025-07-25 13:00:00,27,0.054,0,2,False,True,0.0,1.0,3489.19970703125
2025-07-25 14:00:00,25,0.05,0,1,False,True,0.0,1.0,3482.0002197265626
2025-07-25 15:00:00,25,0.05,0,1,False,True,0.0,1.0,3150.1951293945312
2025-07-25 16:00:00,25,0.05,0,1,False,True,0.0,1.0,3049.2828369140625
2025-07-25 17:00:00,33,0.066,0,2,False,True,0.0,1.0,2885.74365234375
2025-07-25 18:00:00,25,0.05,0,1,False,True,0.0,1.0,2804.680041503906
2025-07-25 19:00:00,25,0.05,0,2,False,True,0.0,1.0,2808.7294799804686
2025-07-25 20:00:00,25,0.05,0,1,False,True,0.0,1.0,2801.9333740234374
2025-07-25 21:00:00,25,0.05,0,2,False,True,0.0,1.0,2792.4507446289062
2025-07-25 22:00:00,25,0.05,0,2,False,True,0.0,1.0,2803.636926269531
2025-07-25 23:00:00,30,0.06,0,2,False,True,0.0,1.0,2805.45849609375
2025-07-26 00:00:00,27,0.054,0,1,False,True,0.0,1.0,2825.037841796875
2025-07-26 01:00:00,25,0.05,0,2,False,True,0.0,1.0,2816.0274291992187
2025-07-26 02:00:00,25,0.05,0,1,False,True,0.0,1.0,2804.988330078125
2025-07-26 03:00:00,27,0.054,0,2,False,True,0.0,1.0,2816.067138671875
2025-07-26 04:00:00,25,0.05,0,1,False,True,0.0,1.0,2793.3027221679686
2025-07-26 05:00:00,28,0.056,0,2,False,True,0.0,1.0,2804.379638671875
2025-07-26 06:00:00,28,0.056,0,1,False,True,0.0,1.0,2767.54638671875
2025-07-26 07:00:00,26,0.052,0,1,False,True,0.0,1.0,2765.2939453125
2025-07-26 08:00:00,31,0.062,0,1,False,True,0.0,1.0,2771.13720703125
2025-07-26 09:00:00,25,0.05,0,1,False,True,0.0,1.0,2776.8880126953127
2025-07-26 10:00:00,25,0.05,0,3,False,True,0.0,1.0,2792.270751953125
2025-07-26 11:00:00,29,0.058,1,1,True,True,1.0,1.0,2757.8798828125
2025-07-26 12:00:00,25,0.05,0,1,False,True,0.0,1.0,2787.1700927734373
2025-07-26 13:00:00,27,0.054,0,1,False,True,0.0,1.0,2714.641357421875
2025-07-26 14:00:00,25,0.05,0,1,False,True,0.0,1.0,2623.8192138671875
2025-07-26 15:00:00,27,0.054,0,1,False,True,0.0,1.0,2535.392578125
2025-07-26 16:00:00,25,0.05,0,2,False,True,0.0,1.0,2559.153771972656
2025-07-26 17:00:00,25,0.05,0,1,False,True,0.0,1.0,2554.0561767578124
2025-07-26 18:00:00,28,0.056,0,1,False,True,0.0,1.0,2555.278076171875
2025-07-26 19:00:00,25,0.05,0,1,False,True,0.0,1.0,2556.0116943359376
2025-07-26 20:00:00,25,0.05,0,1,False,True,0.0,1.0,2558.729248046875
2025-07-26 21:00:00,28,0.056,0,2,False,True,0.0,1.0,2562.0166015625
2025-07-26 22:00:00,25,0.05,0,1,False,True,0.0,1.0,2559.1955322265626
2025-07-26 23:00:00,26,0.052,1,1,True,True,1.0,1.0,2562.004150390625
2025-07-27 00:00:00,25,0.05,0,1,False,True,0.0,1.0,2560.376843261719
2025-07-27 01:00:00,25,0.05,1,1,True,True,1.0,1.0,2545.1198120117183
2025-07-27 02:00:00,32,0.064,0,1,False,True,0.0,1.0,2564.768310546875
2025-07-27 03:00:00,25,0.05,0,2,False,True,0.0,1.0,2561.1261474609373
2025-07-27 04:00:00,25,0.05,0,2,False,True,0.0,1.0,2527.96904296875
2025-07-27 05:00:00,26,0.052,0,1,False,True,0.0,1.0,2540.626708984375
2025-07-27 06:00:00,29,0.058,0,2,False,True,0.0,1.0,2522.05712890625
2025-07-27 07:00:00,25,0.05,1,2,True,True,1.0,1.0,2518.457971191406
2025-07-27 08:00:00,25,0.05,0,1,False,True,0.0,1.0,2639.2096435546873
2025-07-27 09:00:00,25,0.05,0,1,False,True,0.0,1.0,2869.6633911132812
2025-07-27 10:00:00,25,0.05,0,2,False,True,0.0,1.0,3095.4001342773436
2025-07-27 11:00:00,26,0.052,0,1,False,True,0.0,1.0,3540.27099609375
2025-07-27 12:00:00,25,0.05,0,1,False,True,0.0,1.0,3610.2783813476562
2025-07-27 13:00:00,29,0.058,0,3,False,True,0.0,1.0,3658.520263671875
2025-07-27 14:00:00,25,0.05,0,1,False,True,0.0,1.0,3699.3783447265623
2025-07-27 15:00:00,29,0.058,0,1,False,True,0.0,1.0,3705.515869140625
2025-07-27 16:00:00,30,0.06,0,2,False,True,0.0,1.0,3714.566162109375
2025-07-27 17:00:00,31,0.062,0,2,False,True,0.0,1.0,3709.920654296875
2025-07-27 18:00:00,25,0.05,0,3,False,True,0.0,1.0,3696.239855957031
2025-07-27 19:00:00,25,0.05,0,2,False,True,0.0,1.0,3693.9170166015624
2025-07-27 20:00:00,32,0.064,0,2,False,True,0.0,1.0,3706.322265625
2025-07-27 21:00:00,25,0.05,0,3,False,True,0.0,1.0,3693.8555053710934
2025-07-27 22:00:00,28,0.056,0,2,False,True,0.0,1.0,3706.775390625
2025-07-27 23:00:00,25,0.05,0,1,False,True,0.0,1.0,3688.733581542968
2025-07-28 00:00:00,25,0.05,0,1,False,True,0.0,1.0,3651.7492065429688
2025-07-28 01:00:00,27,0.054,0,1,False,True,0.0,1.0,3654.565185546875
2025-07-28 02:00:00,35,0.07,0,3,False,True,0.0,1.0,3645.43603515625
2025-07-28 03:00:00,27,0.054,0,1,False,True,0.0,1.0,3653.46435546875
2025-07-28 04:00:00,25,0.05,1,3,True,True,1.0,1.0,3638.629467773437
2025-07-28 05:00:00,25,0.05,0,2,False,True,0.0,1.0,3640.570947265625
2025-07-28 06:00:00,26,0.052,0,2,False,True,0.0,1.0,3642.2421875
2025-07-28 07:00:00,25,0.05,0,1,False,True,0.0,1.0,3641.339892578125
2025-07-28 08:00:00,25,0.05,0,2,False,True,0.0,1.0,3630.714953613281
2025-07-28 09:00:00,25,0.05,0,1,False,True,0.0,1.0,3637.836462402344
2025-07-28 10:00:00,25,0.05,0,2,False,True,0.0,1.0,3681.2011474609376
2025-07-28 11:00:00,28,0.056,0,2,False,True,0.0,1.0,3673.2294921875
2025-07-28 12:00:00,25,0.05,0,3,False,True,0.0,1.0,3673.4786987304688
2025-07-28 13:00:00,27,0.054,0,1,False,True,0.0,1.0,3726.742919921875
2025-07-28 14:00:00,25,0.05,0,3,False,True,0.0,1.0,3640.094714355468
2025-07-28 15:00:00,25,0.05,0,2,False,True,0.0,1.0,3732.0571899414062
2025-07-28 16:00:00,25,0.05,0,2,False,True,0.0,1.0,3746.05986328125
2025-07-28 17:00:00,27,0.054,0,2,False,True,0.0,1.0,3741.437744140625
2025-07-28 18:00:00,31,0.062,0,2,False,True,0.0,1.0,3808.1396484375
2025-07-28 19:00:00,25,0.05,0,1,False,True,0.0,1.0,3798.8515014648438
2025-07-28 20:00:00,25,0.05,0,2,False,True,0.0,1.0,3801.560986328125
2025-07-28 21:00:00,25,0.05,0,2,False,True,0.0,1.0,3793.781530761719
2025-07-28 22:00:00,25,0.05,0,3,False,True,0.0,1.0,3802.5929931640626
2025-07-28 23:00:00,25,0.05,0,3,False,True,0.0,1.0,3800.318090820312
2025-07-29 00:00:00,25,0.05,0,3,False,True,0.0,1.0,3643.5825073242186
2025-07-29 01:00:00,25,0.05,0,2,False,True,0.0,1.0,3638.158825683594
2025-07-29 02:00:00,27,0.054,0,2,False,True,0.0,1.0,3649.7705078125
2025-07-29 03:00:00,25,0.05,0,2,False,True,0.0,1.0,3637.662744140625
2025-07-29 04:00:00,29,0.058,1,3,True,True,1.0,1.0,3642.68701171875
2025-07-29 05:00:00,25,0.05,0,3,False,True,0.0,1.0,3717.226574707031
2025-07-29 06:00:00,25,0.05,0,2,False,True,0.0,1.0,3755.346887207031
2025-07-29 07:00:00,29,0.058,0,1,False,True,0.0,1.0,3765.34375
2025-07-29 08:00:00,25,0.05,0,2,False,True,0.0,1.0,3759.3513427734374
2025-07-29 09:00:00,28,0.056,0,3,False,True,0.0,1.0,3762.392333984375
2025-07-29 10:00:00,38,0.076,0,2,False,True,0.0,1.0,3694.6455078125
2025-07-29 11:00:00,35,0.07,0,2,False,True,0.0,1.0,3676.21923828125
2025-07-29 12:00:00,25,0.05,0,1,False,True,0.0,1.0,3665.645227050781
2025-07-29 13:00:00,25,0.05,1,1,True,True,1.0,1.0,3655.1697265625
2025-07-29 14:00:00,26,0.052,0,1,False,True,0.0,1.0,3693.556396484375
2025-07-29 15:00:00,37,0.074,1,2,True,True,1.0,1.0,4154.03662109375
2025-07-29 16:00:00,33,0.066,1,3,True,True,1.0,1.0,4154.36669921875
2025-07-29 17:00:00,26,0.052,0,3,False,True,0.0,1.0,4157.28662109375
2025-07-29 18:00:00,30,0.06,0,2,False,True,0.0,1.0,4100.7724609375
2025-07-29 19:00:00,33,0.066,0,2,False,True,0.0,1.0,4102.41845703125
2025-07-29 20:00:00,25,0.05,0,2,False,True,0.0,1.0,4062.164270019531
2025-07-29 21:00:00,25,0.05,0,1,False,True,0.0,1.0,4079.225634765625
2025-07-29 22:00:00,25,0.05,0,3,False,True,0.0,1.0,4083.660717773437
2025-07-29 23:00:00,27,0.054,0,4,False,True,0.0,1.0,4103.28369140625
2025-07-30 00:00:00,26,0.052,0,1,False,True,0.0,1.0,4183.9931640625
2025-07-30 01:00:00,25,0.05,0,3,False,True,0.0,1.0,4172.841259765625
2025-07-30 02:00:00,29,0.058,0,3,False,True,0.0,1.0,4187.7109375
2025-07-30 03:00:00,28,0.056,0,2,False,True,0.0,1.0,4202.826171875
2025-07-30 04:00:00,25,0.05,0,3,False,True,0.0,1.0,4151.643383789062
2025-07-30 05:00:00,26,0.052,0,2,False,True,0.0,1.0,4206.58447265625
2025-07-30 06:00:00,25,0.05,0,2,False,True,0.0,1.0,4176.963891601562
2025-07-30 07:00:00,25,0.05,0,2,False,True,0.0,1.0,4196.68984375
2025-07-30 08:00:00,25,0.05,0,1,False,True,0.0,1.0,4181.481640625
2025-07-30 09:00:00,25,0.05,0,2,False,True,0.0,1.0,4088.826037597656
2025-07-30 10:00:00,30,0.06,0,2,False,True,0.0,1.0,4082.517578125
2025-07-30 11:00:00,28,0.056,0,2,False,True,0.0,1.0,4086.354248046875
2025-07-30 12:00:00,27,0.054,0,3,False,True,0.0,1.0,4159.0810546875
2025-07-30 13:00:00,25,0.05,0,1,False,True,0.0,1.0,4143.507495117187
2025-07-30 14:00:00,27,0.054,0,3,False,True,0.0,1.0,4159.279296875
2025-07-30 15:00:00,25,0.05,0,1,False,True,0.0,1.0,4212.099462890625
2025-07-30 16:00:00,25,0.05,0,1,False,True,0.0,1.0,4222.44541015625
2025-07-30 17:00:00,27,0.054,0,2,False,True,0.0,1.0,4227.353515625
2025-07-30 18:00:00,26,0.052,0,2,False,True,0.0,1.0,4194.537109375
2025-07-30 19:00:00,27,0.054,0,2,False,True,0.0,1.0,4194.279296875
2025-07-30 20:00:00,36,0.072,0,2,False,True,0.0,1.0,4187.5537109375
2025-07-30 21:00:00,28,0.056,0,2,False,True,0.0,1.0,4184.1357421875
2025-07-30 22:00:00,26,0.052,0,2,False,True,0.0,1.0,4180.1851806640625
2025-07-30 23:00:00,25,0.05,0,2,False,True,0.0,1.0,4181.52705078125
2025-07-31 00:00:00,25,0.05,0,2,False,True,0.0,1.0,4122.92392578125
2025-07-31 01:00:00,30,0.06,0,2,False,True,0.0,1.0,4117.67919921875
2025-07-31 02:00:00,38,0.076,0,3,False,True,0.0,1.0,4100.55810546875
2025-07-31 03:00:00,25,0.05,0,1,False,True,0.0,1.0,4082.4204711914062
2025-07-31 04:00:00,44,0.088,0,3,False,True,0.0,1.0,4069.146484375
2025-07-31 05:00:00,26,0.052,0,3,False,True,0.0,1.0,4073.0283203125
2025-07-31 06:00:00,25,0.05,0,1,False,True,0.0,1.0,4080.524621582031
2025-07-31 07:00:00,27,0.054,0,2,False,True,0.0,1.0,4077.06396484375
2025-07-31 08:00:00,37,0.074,0,3,False,True,0.0,1.0,4095.236572265625
2025-07-31 09:00:00,45,0.09,0,3,False,True,0.0,1.0,4090.818359375
2025-07-31 10:00:00,31,0.062,0,3,False,True,0.0,1.0,4110.7919921875
2025-07-31 11:00:00,34,0.068,0,3,False,True,0.0,1.0,4124.40771484375
2025-07-31 12:00:00,29,0.058,0,2,False,True,0.0,1.0,4117.0791015625
2025-07-31 13:00:00,30,0.06,0,2,False,True,0.0,1.0,4068.0615234375
2025-07-31 14:00:00,25,0.05,1,2,True,True,1.0,1.0,3904.9340332031247
2025-07-31 15:00:00,25,0.05,0,2,False,True,0.0,1.0,3931.7037109374996
2025-07-31 16:00:00,25,0.05,0,1,False,True,0.0,1.0,3832.11923828125
2025-07-31 17:00:00,28,0.056,0,2,False,True,0.0,1.0,3662.930419921875
2025-07-31 18:00:00,25,0.05,0,2,False,True,0.0,1.0,3650.6833129882807
2025-07-31 19:00:00,25,0.05,0,1,False,True,0.0,1.0,3656.1040649414062
2025-07-31 20:00:00,25,0.05,0,2,False,True,0.0,1.0,3658.1334594726563
2025-07-31 21:00:00,29,0.058,0,2,False,True,0.0,1.0,3670.096435546875
2025-07-31 22:00:00,25,0.05,0,2,False,True,0.0,1.0,3666.7536132812497
2025-07-31 23:00:00,33,0.066,0,2,False,True,0.0,1.0,3670.908935546875
2025-08-01 00:00:00,25,0.05,1,1,True,True,1.0,1.0,3661.0404296875
2025-08-01 01:00:00,34,0.068,0,3,False,True,0.0,1.0,3657.539306640625
2025-08-01 02:00:00,25,0.05,0,3,False,True,0.0,1.0,3657.6104370117187
2025-08-01 03:00:00,33,0.066,0,1,False,True,0.0,1.0,3692.692138671875
2025-08-01 04:00:00,34,0.068,0,3,False,True,0.0,1.0,3690.718994140625
2025-08-01 05:00:00,25,0.05,0,2,False,True,0.0,1.0,3664.1919067382814
2025-08-01 06:00:00,26,0.052,0,1,False,True,0.0,1.0,3646.37548828125
2025-08-01 07:00:00,25,0.05,0,2,False,True,0.0,1.0,3640.8404052734377
2025-08-01 08:00:00,34,0.068,0,3,False,True,0.0,1.0,3643.864990234375
2025-08-01 09:00:00,25,0.05,0,2,False,True,0.0,1.0,3665.1223876953127
2025-08-01 10:00:00,45,0.09,0,2,False,True,0.0,1.0,3663.96337890625
2025-08-01 11:00:00,25,0.05,0,2,False,True,0.0,1.0,3697.0809326171875
2025-08-01 12:00:00,25,0.05,0,2,False,True,0.0,1.0,3608.348217773437
2025-08-01 13:00:00,25,0.05,0,2,False,True,0.0,1.0,3649.216687011719
2025-08-01 14:00:00,33,0.066,0,3,False,True,0.0,1.0,3395.75048828125
2025-08-01 15:00:00,25,0.05,0,2,False,True,0.0,1.0,3507.2177001953123
2025-08-01 16:00:00,25,0.05,0,1,False,True,0.0,1.0,3272.0143188476563
2025-08-01 17:00:00,27,0.054,0,1,False,True,0.0,1.0,3016.868408203125
2025-08-01 18:00:00,500,1.0,5,5,True,True,1.0,1.0,2736.0
2025-08-01 19:00:00,500,1.0,5,5,True,True,1.0,1.0,2451.0
2025-08-01 20:00:00,500,1.0,5,5,True,True,1.0,1.0,2291.0
2025-08-01 21:00:00,500,1.0,5,5,True,True,1.0,1.0,2153.0
2025-08-01 22:00:00,500,1.0,5,5,True,True,1.0,1.0,1990.0
2025-08-01 23:00:00,500,1.0,5,5,True,True,1.0,1.0,1925.0
2025-08-02 00:00:00,500,1.0,5,5,True,True,1.0,1.0,1845.0
2025-08-02 01:00:00,500,1.0,5,5,True,True,1.0,1.0,1758.0
2025-08-02 02:00:00,25,0.05,0,1,False,True,0.0,1.0,1686.4137451171875
2025-08-02 03:00:00,25,0.05,0,1,False,True,0.0,1.0,1686.6133239746093
2025-08-02 04:00:00,44,0.088,0,1,False,True,0.0,1.0,1688.052490234375
2025-08-02 05:00:00,27,0.054,0,1,False,True,0.0,1.0,1691.2880859375
2025-08-02 06:00:00,25,0.05,0,1,False,True,0.0,1.0,1652.4011413574217
2025-08-02 07:00:00,26,0.052,0,2,False,True,0.0,1.0,1661.0684814453125
2025-08-02 08:00:00,25,0.05,0,1,False,True,0.0,1.0,1661.3679809570312
2025-08-02 09:00:00,26,0.052,0,1,False,True,0.0,1.0,1662.6378173828125
2025-08-02 10:00:00,25,0.05,0,1,False,True,0.0,1.0,1657.4719848632812
2025-08-02 11:00:00,25,0.05,0,1,False,True,0.0,1.0,1706.3813415527343
2025-08-02 12:00:00,34,0.068,0,1,False,True,0.0,1.0,1933.4417724609375
2025-08-02 13:00:00,25,0.05,0,2,False,True,0.0,1.0,2081.809191894531
2025-08-02 14:00:00,33,0.066,0,2,False,True,0.0,1.0,2233.214111328125
2025-08-02 15:00:00,25,0.05,0,1,False,True,0.0,1.0,2289.7614135742188
2025-08-02 16:00:00,25,0.05,0,2,False,True,0.0,1.0,2315.5431884765626
2025-08-02 17:00:00,30,0.06,0,1,False,True,0.0,1.0,2322.42236328125
2025-08-02 18:00:00,25,0.05,0,2,False,True,0.0,1.0,2277.493029785156
2025-08-02 19:00:00,31,0.062,1,1,True,True,1.0,1.0,2284.11572265625
2025-08-02 20:00:00,25,0.05,0,2,False,True,0.0,1.0,2284.5885131835935
2025-08-02 21:00:00,26,0.052,0,1,False,True,0.0,1.0,2288.995361328125
2025-08-02 22:00:00,25,0.05,0,1,False,True,0.0,1.0,2277.3078125
2025-08-02 23:00:00,32,0.064,0,1,False,True,0.0,1.0,2286.0322265625
2025-08-03 00:00:00,25,0.05,0,1,False,True,0.0,1.0,2312.259143066406
2025-08-03 01:00:00,31,0.062,0,2,False,True,0.0,1.0,2317.936279296875
2025-08-03 02:00:00,26,0.052,0,1,False,True,0.0,1.0,2317.899169921875
2025-08-03 03:00:00,32,0.064,0,1,False,True,0.0,1.0,2317.936279296875
2025-08-03 04:00:00,27,0.054,0,1,False,True,0.0,1.0,2300.50830078125
2025-08-03 05:00:00,25,0.05,0,2,False,True,0.0,1.0,2296.0269165039062
2025-08-03 06:00:00,25,0.05,0,2,False,True,0.0,1.0,2258.349328613281
2025-08-03 07:00:00,26,0.052,0,1,False,True,0.0,1.0,2269.926025390625
2025-08-03 08:00:00,25,0.05,0,1,False,True,0.0,1.0,2416.3862548828124
2025-08-03 09:00:00,29,0.058,0,2,False,True,0.0,1.0,3034.80859375
2025-08-03 10:00:00,25,0.05,0,1,False,True,0.0,1.0,3416.8729858398433
2025-08-03 11:00:00,28,0.056,0,2,False,True,0.0,1.0,3731.142333984375
2025-08-03 12:00:00,27,0.054,0,2,False,True,0.0,1.0,3762.384033203125
2025-08-03 13:00:00,25,0.05,0,2,False,True,0.0,1.0,3717.8114501953123
2025-08-03 14:00:00,36,0.072,0,1,False,True,0.0,1.0,3764.13232421875
2025-08-03 15:00:00,30,0.06,0,3,False,True,0.0,1.0,3756.744140625
2025-08-03 16:00:00,46,0.092,0,3,False,True,0.0,1.0,3749.31201171875
2025-08-03 17:00:00,33,0.066,0,2,False,True,0.0,1.0,3755.728271484375
2025-08-03 18:00:00,27,0.054,0,3,False,True,0.0,1.0,3814.077392578125
2025-08-03 19:00:00,36,0.072,0,3,False,True,0.0,1.0,3799.488525390625
2025-08-03 20:00:00,45,0.09,0,3,False,True,0.0,1.0,3813.40869140625
2025-08-03 21:00:00,45,0.09,0,2,False,True,0.0,1.0,3802.365234375
2025-08-03 22:00:00,29,0.058,1,1,True,True,1.0,1.0,3815.278076171875
2025-08-03 23:00:00,38,0.076,0,3,False,True,0.0,1.0,3813.846435546875
2025-08-04 00:00:00,40,0.08,0,2,False,True,0.0,1.0,3847.73046875
2025-08-04 01:00:00,25,0.05,0,2,False,True,0.0,1.0,3853.4496826171876
2025-08-04 02:00:00,25,0.05,0,2,False,True,0.0,1.0,3846.171044921875
2025-08-04 03:00:00,25,0.05,0,2,False,True,0.0,1.0,3847.204650878906
2025-08-04 04:00:00,29,0.058,0,2,False,True,0.0,1.0,3862.107177734375
2025-08-04 05:00:00,25,0.05,1,1,True,True,1.0,1.0,3855.850244140625
2025-08-04 06:00:00,30,0.06,0,3,False,True,0.0,1.0,3902.146484375
2025-08-04 07:00:00,25,0.05,0,2,False,True,0.0,1.0,3904.4595458984377
2025-08-04 08:00:00,25,0.05,0,2,False,True,0.0,1.0,3922.9056762695313
2025-08-04 09:00:00,25,0.05,0,2,False,True,0.0,1.0,3916.2762084960937
2025-08-04 10:00:00,26,0.052,0,2,False,True,0.0,1.0,3968.955810546875
2025-08-04 11:00:00,25,0.05,0,2,False,True,0.0,1.0,3892.974707031249
2025-08-04 12:00:00,25,0.05,0,1,False,True,0.0,1.0,4148.215600585937
2025-08-04 13:00:00,26,0.052,0,1,False,True,0.0,1.0,4145.1875
2025-08-04 14:00:00,25,0.05,0,1,False,True,0.0,1.0,4144.861572265625
2025-08-04 15:00:00,25,0.05,0,1,False,True,0.0,1.0,4128.882958984375
2025-08-04 16:00:00,25,0.05,0,1,False,True,0.0,1.0,4147.12119140625
2025-08-04 17:00:00,26,0.052,0,3,False,True,0.0,1.0,4146.5166015625
2025-08-04 18:00:00,25,0.05,0,2,False,True,0.0,1.0,4121.7109375
2025-08-04 19:00:00,25,0.05,0,2,False,True,0.0,1.0,4125.069555664062
2025-08-04 20:00:00,32,0.064,0,2,False,True,0.0,1.0,4129.68701171875
2025-08-04 21:00:00,29,0.058,0,2,False,True,0.0,1.0,4115.39013671875
2025-08-04 22:00:00,28,0.056,0,2,False,True,0.0,1.0,4126.33251953125
2025-08-04 23:00:00,27,0.054,0,2,False,True,0.0,1.0,4116.81787109375
2025-08-05 00:00:00,25,0.05,0,1,False,True,0.0,1.0,3782.092736816406
2025-08-05 01:00:00,25,0.05,0,2,False,True,0.0,1.0,3766.998107910156
2025-08-05 02:00:00,29,0.058,0,2,False,True,0.0,1.0,3776.588134765625
2025-08-05 03:00:00,25,0.05,0,2,False,True,0.0,1.0,3765.0769897460937
2025-08-05 04:00:00,27,0.054,0,3,False,True,0.0,1.0,3788.195068359375
2025-08-05 05:00:00,27,0.054,0,2,False,True,0.0,1.0,3804.510009765625
2025-08-05 06:00:00,25,0.05,0,1,False,True,0.0,1.0,3646.4522705078125
2025-08-05 07:00:00,25,0.05,0,1,False,True,0.0,1.0,3776.1411987304687
2025-08-05 08:00:00,27,0.054,0,1,False,True,0.0,1.0,3689.144775390625
2025-08-05 09:00:00,25,0.05,0,3,False,True,0.0,1.0,3699.556640625
2025-08-05 10:00:00,27,0.054,0,2,False,True,0.0,1.0,3704.0
2025-08-05 11:00:00,32,0.064,1,2,True,True,1.0,1.0,3704.0
2025-08-05 12:00:00,45,0.09,0,3,False,True,0.0,1.0,3662.27978515625
2025-08-05 13:00:00,26,0.052,0,2,False,True,0.0,1.0,3727.14599609375
2025-08-05 14:00:00,25,0.05,0,2,False,True,0.0,1.0,3859.8463134765625
2025-08-05 15:00:00,25,0.05,0,3,False,True,0.0,1.0,3757.7223144531245
2025-08-05 16:00:00,25,0.05,0,2,False,True,0.0,1.0,3848.309106445312
2025-08-05 17:00:00,25,0.05,0,1,False,True,0.0,1.0,3872.7960571289063
2025-08-05 18:00:00,28,0.056,0,2,False,True,0.0,1.0,3874.1396484375
2025-08-05 19:00:00,25,0.05,0,2,False,True,0.0,1.0,3857.139855957031
2025-08-05 20:00:00,26,0.052,0,2,False,True,0.0,1.0,3845.5908203125
2025-08-05 21:00:00,31,0.062,0,2,False,True,0.0,1.0,3853.803955078125
2025-08-05 22:00:00,26,0.052,0,2,False,True,0.0,1.0,3842.365478515625
2025-08-05 23:00:00,25,0.05,0,3,False,True,0.0,1.0,3811.5612304687497
2025-08-06 00:00:00,27,0.054,0,2,False,True,0.0,1.0,3868.867919921875
2025-08-06 01:00:00,26,0.052,0,3,False,True,0.0,1.0,3876.12451171875
2025-08-06 02:00:00,34,0.068,0,3,False,True,0.0,1.0,3883.24072265625
2025-08-06 03:00:00,25,0.05,1,2,True,True,1.0,1.0,3866.6681640624997
2025-08-06 04:00:00,25,0.05,0,2,False,True,0.0,1.0,3857.578247070312
2025-08-06 05:00:00,25,0.05,0,2,False,True,0.0,1.0,3871.856652832031
2025-08-06 06:00:00,25,0.05,0,1,False,True,0.0,1.0,3856.471557617187
2025-08-06 07:00:00,25,0.05,0,2,False,True,0.0,1.0,3858.4141967773435
2025-08-06 08:00:00,36,0.072,0,3,False,True,0.0,1.0,3832.441162109375
2025-08-06 09:00:00,47,0.094,0,2,False,True,0.0,1.0,3829.8193359375
2025-08-06 10:00:00,25,0.05,0,3,False,True,0.0,1.0,3832.6064453125
2025-08-06 11:00:00,25,0.05,0,3,False,True,0.0,1.0,3831.3562255859374
2025-08-06 12:00:00,28,0.056,0,2,False,True,0.0,1.0,3862.80078125
2025-08-06 13:00:00,26,0.052,0,2,False,True,0.0,1.0,3811.5224609375
2025-08-06 14:00:00,25,0.05,0,2,False,True,0.0,1.0,3860.8931396484377
2025-08-06 15:00:00,25,0.05,0,2,False,True,0.0,1.0,3877.4582275390617
2025-08-06 16:00:00,25,0.05,0,2,False,True,0.0,1.0,3880.045629882812
2025-08-06 17:00:00,25,0.05,0,2,False,True,0.0,1.0,3905.8804931640625
2025-08-06 18:00:00,34,0.068,2,1,True,True,1.0,1.0,3896.296142578125
2025-08-06 19:00:00,25,0.05,0,2,False,True,0.0,1.0,3842.70947265625
2025-08-06 20:00:00,25,0.05,0,1,False,True,0.0,1.0,3874.029638671875
2025-08-06 21:00:00,25,0.05,1,1,True,True,1.0,1.0,3816.160363769531
2025-08-06 22:00:00,25,0.05,1,3,True,True,1.0,1.0,3816.1610229492185
2025-08-06 23:00:00,25,0.05,0,3,False,True,0.0,1.0,3824.503515625
2025-08-07 00:00:00,30,0.06,0,3,False,True,0.0,1.0,3894.361572265625
2025-08-07 01:00:00,25,0.05,0,2,False,True,0.0,1.0,3896.1671874999997
2025-08-07 02:00:00,32,0.064,0,3,False,True,0.0,1.0,3910.264404296875
2025-08-07 03:00:00,25,0.05,0,3,False,True,0.0,1.0,3910.547387695312
2025-08-07 04:00:00,27,0.054,0,3,False,True,0.0,1.0,3921.6884765625
2025-08-07 05:00:00,25,0.05,0,2,False,True,0.0,1.0,3919.5183715820312
2025-08-07 06:00:00,27,0.054,0,2,False,True,0.0,1.0,3876.542724609375
2025-08-07 07:00:00,30,0.06,0,2,False,True,0.0,1.0,3875.521484375
2025-08-07 08:00:00,25,0.05,0,3,False,True,0.0,1.0,3825.6859619140623
2025-08-07 09:00:00,25,0.05,0,1,False,True,0.0,1.0,3828.717431640625
2025-08-07 10:00:00,25,0.05,0,2,False,True,0.0,1.0,3871.1742919921876
2025-08-07 11:00:00,25,0.05,0,3,False,True,0.0,1.0,3869.855712890625
2025-08-07 12:00:00,27,0.054,0,2,False,True,0.0,1.0,3882.23583984375
2025-08-07 13:00:00,25,0.05,0,3,False,True,0.0,1.0,3871.5561035156247
2025-08-07 14:00:00,25,0.05,0,2,False,True,0.0,1.0,3758.8105712890624
2025-08-07 15:00:00,25,0.05,0,2,False,True,0.0,1.0,3609.588012695312
2025-08-07 16:00:00,27,0.054,0,1,False,True,0.0,1.0,3676.576904296875
2025-08-07 17:00:00,26,0.052,0,3,False,True,0.0,1.0,3450.7886352539062
2025-08-07 18:00:00,25,0.05,0,2,False,True,0.0,1.0,3344.6359252929688
2025-08-07 19:00:00,25,0.05,1,2,True,True,1.0,1.0,3355.6250366210934
2025-08-07 20:00:00,29,0.058,0,3,False,True,0.0,1.0,3363.9619140625
2025-08-07 21:00:00,26,0.052,0,3,False,True,0.0,1.0,3367.367431640625
2025-08-07 22:00:00,30,0.06,0,2,False,True,0.0,1.0,3380.180419921875
2025-08-07 23:00:00,25,0.05,0,2,False,True,0.0,1.0,3378.402380371094
2025-08-08 00:00:00,26,0.052,0,3,False,True,0.0,1.0,3351.770751953125
2025-08-08 01:00:00,26,0.052,0,1,False,True,0.0,1.0,3360.073486328125
2025-08-08 02:00:00,25,0.05,0,2,False,True,0.0,1.0,3339.8113159179684
2025-08-08 03:00:00,25,0.05,0,2,False,True,0.0,1.0,3354.004162597656
2025-08-08 04:00:00,25,0.05,0,3,False,True,0.0,1.0,3371.0724121093745
2025-08-08 05:00:00,27,0.054,0,3,False,True,0.0,1.0,3358.7646484375
2025-08-08 06:00:00,41,0.082,0,2,False,True,0.0,1.0,3358.728515625
2025-08-08 07:00:00,25,0.05,0,3,False,True,0.0,1.0,3358.477868652343
2025-08-08 08:00:00,25,0.05,0,2,False,True,0.0,1.0,3332.8713989257812
2025-08-08 09:00:00,25,0.05,0,3,False,True,0.0,1.0,3362.7396240234375
2025-08-08 10:00:00,25,0.05,0,2,False,True,0.0,1.0,3348.892248535156
2025-08-08 11:00:00,25,0.05,0,2,False,True,0.0,1.0,3318.2196899414057
2025-08-08 12:00:00,25,0.05,1,2,True,True,1.0,1.0,3263.945776367187
2025-08-08 13:00:00,33,0.066,0,1,False,True,0.0,1.0,3395.25
2025-08-08 14:00:00,28,0.056,0,1,False,True,0.0,1.0,3255.701904296875
2025-08-08 15:00:00,31,0.062,0,3,False,True,0.0,1.0,3319.798095703125
2025-08-08 16:00:00,28,0.056,0,2,False,True,0.0,1.0,3305.41455078125
2025-08-08 17:00:00,25,0.05,0,1,False,True,0.0,1.0,3151.41630859375
2025-08-08 18:00:00,500,1.0,5,5,True,True,1.0,1.0,2856.0
2025-08-08 19:00:00,36,0.072,0,2,False,True,0.0,1.0,2675.84033203125
2025-08-08 20:00:00,27,0.054,0,1,False,True,0.0,1.0,2686.396240234375
2025-08-08 21:00:00,34,0.068,0,2,False,True,0.0,1.0,2688.92333984375
2025-08-08 22:00:00,32,0.064,0,1,False,True,0.0,1.0,2696.392333984375
2025-08-08 23:00:00,34,0.068,0,2,False,True,0.0,1.0,2690.43359375
2025-08-09 00:00:00,32,0.064,0,3,False,True,0.0,1.0,2708.2548828125
2025-08-09 01:00:00,25,0.05,0,1,False,True,0.0,1.0,2708.266662597656
2025-08-09 02:00:00,29,0.058,0,2,False,True,0.0,1.0,2718.09765625
2025-08-09 03:00:00,30,0.06,0,1,False,True,0.0,1.0,2749.3740234375
2025-08-09 04:00:00,27,0.054,1,2,True,True,1.0,1.0,2743.58349609375
2025-08-09 05:00:00,27,0.054,0,2,False,True,0.0,1.0,2751.97705078125
2025-08-09 06:00:00,25,0.05,0,2,False,True,0.0,1.0,2761.451037597656
2025-08-09 07:00:00,27,0.054,0,1,False,True,0.0,1.0,2773.485107421875
2025-08-09 08:00:00,25,0.05,1,1,True,True,1.0,1.0,2764.321838378906
2025-08-09 09:00:00,25,0.05,0,1,False,True,0.0,1.0,2801.9439453125
2025-08-09 10:00:00,25,0.05,0,2,False,True,0.0,1.0,2791.013964843749
2025-08-09 11:00:00,27,0.054,0,1,False,True,0.0,1.0,2803.891845703125
2025-08-09 12:00:00,25,0.05,0,2,False,True,0.0,1.0,2648.2258178710936
2025-08-09 13:00:00,37,0.074,0,1,False,True,0.0,1.0,2685.302978515625
2025-08-09 14:00:00,25,0.05,0,1,False,True,0.0,1.0,2646.9719970703127
2025-08-09 15:00:00,33,0.066,0,1,False,True,0.0,1.0,2615.85400390625
2025-08-09 16:00:00,28,0.056,0,1,False,True,0.0,1.0,2598.932373046875
2025-08-09 17:00:00,26,0.052,0,1,False,True,0.0,1.0,2601.02294921875
2025-08-09 18:00:00,25,0.05,0,1,False,True,0.0,1.0,2565.45546875
2025-08-09 19:00:00,28,0.056,0,2,False,True,0.0,1.0,2589.982666015625
2025-08-09 20:00:00,25,0.05,0,1,False,True,0.0,1.0,2579.792736816406
2025-08-09 21:00:00,25,0.05,0,1,False,True,0.0,1.0,2586.286962890625
2025-08-09 22:00:00,30,0.06,0,1,False,True,0.0,1.0,2598.74462890625
2025-08-09 23:00:00,34,0.068,0,2,False,True,0.0,1.0,2595.479736328125
2025-08-10 00:00:00,25,0.05,0,1,False,True,0.0,1.0,2605.6592529296877
2025-08-10 01:00:00,25,0.05,0,1,False,True,0.0,1.0,2603.370861816406
2025-08-10 02:00:00,25,0.05,0,2,False,True,0.0,1.0,2596.791955566406
2025-08-10 03:00:00,25,0.05,0,1,False,True,0.0,1.0,2601.4120239257813
2025-08-10 04:00:00,30,0.06,0,2,False,True,0.0,1.0,2600.919677734375
2025-08-10 05:00:00,30,0.06,1,1,True,True,1.0,1.0,2605.27880859375
2025-08-10 06:00:00,31,0.062,0,1,False,True,0.0,1.0,2630.530029296875
2025-08-10 07:00:00,26,0.052,0,1,False,True,0.0,1.0,2635.0458984375
2025-08-10 08:00:00,25,0.05,0,2,False,True,0.0,1.0,2622.064501953125
2025-08-10 09:00:00,25,0.05,0,1,False,True,0.0,1.0,2847.0563964843745
2025-08-10 10:00:00,25,0.05,0,1,False,True,0.0,1.0,3137.9920410156246
2025-08-10 11:00:00,25,0.05,0,2,False,True,0.0,1.0,3350.8655639648437
2025-08-10 12:00:00,28,0.056,0,1,False,True,0.0,1.0,3508.602783203125
2025-08-10 13:00:00,25,0.05,0,2,False,True,0.0,1.0,3547.7591796874995
2025-08-10 14:00:00,26,0.052,0,1,False,True,0.0,1.0,3695.730712890625
2025-08-10 15:00:00,30,0.06,0,3,False,True,0.0,1.0,3692.9384765625
2025-08-10 16:00:00,25,0.05,0,3,False,True,0.0,1.0,3696.3688110351563
2025-08-10 17:00:00,29,0.058,0,3,False,True,0.0,1.0,3700.79150390625
2025-08-10 18:00:00,25,0.05,0,1,False,True,0.0,1.0,3674.890979003906
2025-08-10 19:00:00,25,0.05,0,2,False,True,0.0,1.0,3671.2550537109373
2025-08-10 20:00:00,30,0.06,0,2,False,True,0.0,1.0,3670.843017578125
2025-08-10 21:00:00,25,0.05,0,2,False,True,0.0,1.0,3673.497912597656
2025-08-10 22:00:00,29,0.058,0,1,False,True,0.0,1.0,3684.707763671875
2025-08-10 23:00:00,52,0.104,0,2,False,True,0.0,1.0,3673.168212890625
2025-08-11 00:00:00,26,0.052,0,2,False,True,0.0,1.0,3667.496826171875
2025-08-11 01:00:00,26,0.052,0,3,False,True,0.0,1.0,3675.525390625
2025-08-11 02:00:00,31,0.062,0,2,False,True,0.0,1.0,3678.517333984375
2025-08-11 03:00:00,26,0.052,0,2,False,True,0.0,1.0,3679.797607421875
2025-08-11 04:00:00,31,0.062,0,2,False,True,0.0,1.0,3678.64208984375
2025-08-11 05:00:00,25,0.05,0,1,False,True,0.0,1.0,3671.4037109375
2025-08-11 06:00:00,25,0.05,0,2,False,True,0.0,1.0,3741.5592773437497
2025-08-11 07:00:00,28,0.056,0,1,False,True,0.0,1.0,3731.989013671875
2025-08-11 08:00:00,26,0.052,0,2,False,True,0.0,1.0,3698.014892578125
2025-08-11 09:00:00,31,0.062,1,1,True,True,1.0,1.0,3746.429443359375
2025-08-11 10:00:00,26,0.052,0,2,False,True,0.0,1.0,3784.5322265625
2025-08-11 11:00:00,25,0.05,0,2,False,True,0.0,1.0,3771.5728759765625
2025-08-11 12:00:00,25,0.05,0,2,False,True,0.0,1.0,3712.3688720703126
2025-08-11 13:00:00,25,0.05,0,2,False,True,0.0,1.0,3836.155041503906
2025-08-11 14:00:00,26,0.052,0,1,False,True,0.0,1.0,3923.279541015625
2025-08-11 15:00:00,25,0.05,0,2,False,True,0.0,1.0,3964.2499267578123
2025-08-11 16:00:00,26,0.052,0,2,False,True,0.0,1.0,3982.383056640625
2025-08-11 17:00:00,25,0.05,0,1,False,True,0.0,1.0,3981.182971191406
2025-08-11 18:00:00,25,0.05,0,3,False,True,0.0,1.0,3952.836462402344
2025-08-11 19:00:00,25,0.05,0,3,False,True,0.0,1.0,3945.516320800781
2025-08-11 20:00:00,26,0.052,0,1,False,True,0.0,1.0,3965.173095703125
2025-08-11 21:00:00,25,0.05,0,2,False,True,0.0,1.0,3949.603234863281
2025-08-11 22:00:00,42,0.084,0,2,False,True,0.0,1.0,3947.615966796875
2025-08-11 23:00:00,28,0.056,0,2,False,True,0.0,1.0,3952.7275390625
2025-08-12 00:00:00,25,0.05,0,1,False,True,0.0,1.0,3861.4793701171875
2025-08-12 01:00:00,26,0.052,0,2,False,True,0.0,1.0,3868.909912109375
2025-08-12 02:00:00,25,0.05,0,2,False,True,0.0,1.0,3848.1402587890625
2025-08-12 03:00:00,27,0.054,0,1,False,True,0.0,1.0,3845.955810546875
2025-08-12 04:00:00,25,0.05,0,1,False,True,0.0,1.0,3822.742687988281
2025-08-12 05:00:00,34,0.068,0,3,False,True,0.0,1.0,3843.14501953125
2025-08-12 06:00:00,28,0.056,0,2,False,True,0.0,1.0,3807.980224609375
2025-08-12 07:00:00,36,0.072,0,3,False,True,0.0,1.0,3807.42724609375
2025-08-12 08:00:00,25,0.05,0,2,False,True,0.0,1.0,3768.2705932617187
2025-08-12 09:00:00,25,0.05,0,2,False,True,0.0,1.0,3782.8724731445313
2025-08-12 10:00:00,27,0.054,0,1,False,True,0.0,1.0,3841.649169921875
2025-08-12 11:00:00,27,0.054,0,2,False,True,0.0,1.0,3837.43603515625
2025-08-12 12:00:00,25,0.05,0,2,False,True,0.0,1.0,3821.1657836914064
2025-08-12 13:00:00,28,0.056,0,2,False,True,0.0,1.0,3747.68408203125
2025-08-12 14:00:00,36,0.072,0,3,False,True,0.0,1.0,3574.88232421875
2025-08-12 15:00:00,31,0.062,0,2,False,True,0.0,1.0,3539.239013671875
2025-08-12 16:00:00,25,0.05,0,1,False,True,0.0,1.0,3519.59130859375
2025-08-12 17:00:00,25,0.05,0,2,False,True,0.0,1.0,3494.569799804687
2025-08-12 18:00:00,26,0.052,0,2,False,True,0.0,1.0,3480.961669921875
2025-08-12 19:00:00,26,0.052,0,1,False,True,0.0,1.0,3485.852294921875
2025-08-12 20:00:00,25,0.05,0,3,False,True,0.0,1.0,3474.2428466796873
2025-08-12 21:00:00,25,0.05,0,2,False,True,0.0,1.0,3459.858459472656
2025-08-12 22:00:00,25,0.05,0,2,False,True,0.0,1.0,3449.9735107421875
2025-08-12 23:00:00,34,0.068,0,3,False,True,0.0,1.0,3494.531005859375
2025-08-13 00:00:00,25,0.05,0,3,False,True,0.0,1.0,3506.3014038085935
2025-08-13 01:00:00,25,0.05,0,2,False,True,0.0,1.0,3515.097131347656
2025-08-13 02:00:00,25,0.05,0,2,False,True,0.0,1.0,3484.9477783203124
2025-08-13 03:00:00,25,0.05,0,3,False,True,0.0,1.0,3499.9275756835937
2025-08-13 04:00:00,30,0.06,0,2,False,True,0.0,1.0,3395.313232421875
2025-08-13 05:00:00,25,0.05,0,2,False,True,0.0,1.0,3465.2061523437496
2025-08-13 06:00:00,28,0.056,0,2,False,True,0.0,1.0,3495.357666015625
2025-08-13 07:00:00,31,0.062,0,2,False,True,0.0,1.0,3485.743896484375
2025-08-13 08:00:00,27,0.054,0,2,False,True,0.0,1.0,3502.924560546875
2025-08-13 09:00:00,28,0.056,0,2,False,True,0.0,1.0,3476.823974609375
2025-08-13 10:00:00,25,0.05,0,3,False,True,0.0,1.0,3365.250891113281
2025-08-13 11:00:00,27,0.054,0,2,False,True,0.0,1.0,3493.388916015625
2025-08-13 12:00:00,25,0.05,0,2,False,True,0.0,1.0,3497.9535522460938
2025-08-13 13:00:00,25,0.05,0,2,False,True,0.0,1.0,3503.1090087890625
2025-08-13 14:00:00,28,0.056,0,2,False,True,0.0,1.0,3494.794677734375
2025-08-13 15:00:00,26,0.052,0,3,False,True,0.0,1.0,3484.058349609375
2025-08-13 16:00:00,30,0.06,0,3,False,True,0.0,1.0,3703.761962890625
2025-08-13 17:00:00,25,0.05,0,2,False,True,0.0,1.0,3697.1432983398436
2025-08-13 18:00:00,25,0.05,0,2,False,True,0.0,1.0,3717.1749877929688
2025-08-13 19:00:00,25,0.05,0,2,False,True,0.0,1.0,3716.713732910156
2025-08-13 20:00:00,25,0.05,0,2,False,True,0.0,1.0,3711.730725097656
2025-08-13 21:00:00,27,0.054,0,2,False,True,0.0,1.0,3718.859375
2025-08-13 22:00:00,25,0.05,1,2,True,True,1.0,1.0,3705.296875
2025-08-13 23:00:00,27,0.054,0,2,False,True,0.0,1.0,3721.76318359375
2025-08-14 00:00:00,25,0.05,0,3,False,True,0.0,1.0,3663.5092651367186
2025-08-14 01:00:00,26,0.052,0,3,False,True,0.0,1.0,3704.807373046875
2025-08-14 02:00:00,25,0.05,0,2,False,True,0.0,1.0,3683.5760620117185
2025-08-14 03:00:00,25,0.05,0,3,False,True,0.0,1.0,3686.374426269531
2025-08-14 04:00:00,25,0.05,0,3,False,True,0.0,1.0,3612.853881835937
2025-08-14 05:00:00,28,0.056,0,2,False,True,0.0,1.0,3672.5458984375
2025-08-14 06:00:00,25,0.05,0,2,False,True,0.0,1.0,3602.685339355469
2025-08-14 07:00:00,25,0.05,0,2,False,True,0.0,1.0,3618.2647094726553
2025-08-14 08:00:00,25,0.05,1,3,True,True,1.0,1.0,3608.3711547851562
2025-08-14 09:00:00,25,0.05,0,1,False,True,0.0,1.0,3619.8948852539056
2025-08-14 10:00:00,25,0.05,1,2,True,True,1.0,1.0,3581.8286987304673
2025-08-14 11:00:00,25,0.05,0,3,False,True,0.0,1.0,3493.3234741210936
2025-08-14 12:00:00,29,0.058,0,2,False,True,0.0,1.0,3477.99951171875
2025-08-14 13:00:00,28,0.056,0,2,False,True,0.0,1.0,3444.813232421875
2025-08-14 14:00:00,25,0.05,1,2,True,True,1.0,1.0,3364.9862670898438
2025-08-14 15:00:00,26,0.052,0,2,False,True,0.0,1.0,3350.0884399414062
2025-08-14 16:00:00,25,0.05,0,1,False,True,0.0,1.0,3349.5899291992187
2025-08-14 17:00:00,26,0.052,0,1,False,True,0.0,1.0,3351.287109375
2025-08-14 18:00:00,27,0.054,0,1,False,True,0.0,1.0,3223.41650390625
2025-08-14 19:00:00,25,0.05,0,2,False,True,0.0,1.0,3192.1117919921876
2025-08-14 20:00:00,25,0.05,1,2,True,True,1.0,1.0,3186.2865356445313
2025-08-14 21:00:00,30,0.06,0,2,False,True,0.0,1.0,3175.390869140625
2025-08-14 22:00:00,29,0.058,0,1,False,True,0.0,1.0,3176.0458984375
2025-08-14 23:00:00,25,0.05,0,3,False,True,0.0,1.0,3132.07861328125
2025-08-15 00:00:00,25,0.05,0,1,False,True,0.0,1.0,3235.830859375
2025-08-15 01:00:00,25,0.05,1,2,True,True,1.0,1.0,3224.4145141601557
2025-08-15 02:00:00,28,0.056,0,1,False,True,0.0,1.0,3261.4560546875
2025-08-15 03:00:00,27,0.054,0,2,False,True,0.0,1.0,3261.6669921875
2025-08-15 04:00:00,37,0.074,0,1,False,True,0.0,1.0,3144.794189453125
2025-08-15 05:00:00,25,0.05,0,1,False,True,0.0,1.0,3145.4005126953125
2025-08-15 06:00:00,28,0.056,0,2,False,True,0.0,1.0,3164.864501953125
2025-08-15 07:00:00,25,0.05,1,1,True,True,1.0,1.0,3123.8045288085937
2025-08-15 08:00:00,29,0.058,0,2,False,True,0.0,1.0,3168.517578125
2025-08-15 09:00:00,30,0.06,0,2,False,True,0.0,1.0,3166.321533203125
2025-08-15 10:00:00,30,0.06,0,1,False,True,0.0,1.0,3118.060546875
2025-08-15 11:00:00,26,0.052,0,1,False,True,0.0,1.0,3083.41064453125
2025-08-15 12:00:00,28,0.056,0,2,False,True,0.0,1.0,3076.664306640625
2025-08-15 13:00:00,29,0.058,0,2,False,True,0.0,1.0,3079.54248046875
2025-08-15 14:00:00,25,0.05,0,2,False,True,0.0,1.0,3072.0770385742185
2025-08-15 15:00:00,25,0.05,0,1,False,True,0.0,1.0,3070.687548828125
2025-08-15 16:00:00,25,0.05,0,1,False,True,0.0,1.0,3064.9744506835937
2025-08-15 17:00:00,28,0.056,0,2,False,True,0.0,1.0,3071.0947265625
2025-08-15 18:00:00,30,0.06,1,1,True,True,1.0,1.0,2814.724609375
2025-08-15 19:00:00,25,0.05,0,1,False,True,0.0,1.0,2766.9733398437493
2025-08-15 20:00:00,28,0.056,0,2,False,True,0.0,1.0,2806.66650390625
2025-08-15 21:00:00,25,0.05,0,2,False,True,0.0,1.0,2734.890478515624
2025-08-15 22:00:00,25,0.05,0,1,False,True,0.0,1.0,2722.98076171875
2025-08-15 23:00:00,29,0.058,0,1,False,True,0.0,1.0,2797.763671875
2025-08-16 00:00:00,25,0.05,0,1,False,True,0.0,1.0,2757.8063598632807
2025-08-16 01:00:00,42,0.084,1,3,True,True,1.0,1.0,2806.79541015625
2025-08-16 02:00:00,27,0.054,0,1,False,True,0.0,1.0,2805.84423828125
2025-08-16 03:00:00,28,0.056,0,3,False,True,0.0,1.0,2815.10986328125
2025-08-16 04:00:00,25,0.05,0,1,False,True,0.0,1.0,2725.9298828124997
2025-08-16 05:00:00,25,0.05,0,1,False,True,0.0,1.0,2682.713732910156
2025-08-16 06:00:00,42,0.084,0,3,False,True,0.0,1.0,2676.814453125
2025-08-16 07:00:00,29,0.058,0,2,False,True,0.0,1.0,2690.614990234375
2025-08-16 08:00:00,31,0.062,0,1,False,True,0.0,1.0,2750.28515625
2025-08-16 09:00:00,29,0.058,0,3,False,True,0.0,1.0,2746.77734375
2025-08-16 10:00:00,26,0.052,0,1,False,True,0.0,1.0,2708.652099609375
2025-08-16 11:00:00,34,0.068,1,2,True,True,1.0,1.0,2661.470703125
2025-08-16 12:00:00,25,0.05,0,2,False,True,0.0,1.0,2656.0127685546868
2025-08-16 13:00:00,25,0.05,0,1,False,True,0.0,1.0,2720.5907958984376
2025-08-16 14:00:00,25,0.05,0,2,False,True,0.0,1.0,2664.861584472656
2025-08-16 15:00:00,25,0.05,0,1,False,True,0.0,1.0,2613.8323974609375
2025-08-16 16:00:00,46,0.092,0,3,False,True,0.0,1.0,2614.919189453125
2025-08-16 17:00:00,27,0.054,0,1,False,True,0.0,1.0,2648.577880859375
2025-08-16 18:00:00,29,0.058,0,2,False,True,0.0,1.0,2589.935546875
2025-08-16 19:00:00,25,0.05,0,1,False,True,0.0,1.0,2582.7632812499996
2025-08-16 20:00:00,28,0.056,0,1,False,True,0.0,1.0,2592.11328125
2025-08-16 21:00:00,25,0.05,0,2,False,True,0.0,1.0,2590.9414672851562
2025-08-16 22:00:00,43,0.086,0,2,False,True,0.0,1.0,2581.8212890625
2025-08-16 23:00:00,25,0.05,0,1,False,True,0.0,1.0,2582.011474609375
2025-08-17 00:00:00,44,0.088,0,1,False,True,0.0,1.0,2636.2529296875
2025-08-17 01:00:00,25,0.05,0,2,False,True,0.0,1.0,2644.874194335937
2025-08-17 02:00:00,25,0.05,0,2,False,True,0.0,1.0,2641.929821777344
2025-08-17 03:00:00,37,0.074,0,1,False,True,0.0,1.0,2660.456787109375
2025-08-17 04:00:00,32,0.064,0,2,False,True,0.0,1.0,2640.212646484375
2025-08-17 05:00:00,25,0.05,1,1,True,True,1.0,1.0,2596.2817626953124
2025-08-17 06:00:00,25,0.05,0,2,False,True,0.0,1.0,2582.971484375
2025-08-17 07:00:00,33,0.066,0,2,False,True,0.0,1.0,2599.882568359375
2025-08-17 08:00:00,27,0.054,0,2,False,True,0.0,1.0,2580.775390625
2025-08-17 09:00:00,25,0.05,0,2,False,True,0.0,1.0,2826.908068847656
2025-08-17 10:00:00,28,0.056,0,1,False,True,0.0,1.0,2904.83251953125
2025-08-17 11:00:00,25,0.05,0,1,False,True,0.0,1.0,3249.461474609375
2025-08-17 12:00:00,39,0.078,1,3,True,True,1.0,1.0,3301.0078125
2025-08-17 13:00:00,25,0.05,0,3,False,True,0.0,1.0,3318.4042114257813
2025-08-17 14:00:00,25,0.05,0,3,False,True,0.0,1.0,3291.9681884765623
2025-08-17 15:00:00,25,0.05,0,2,False,True,0.0,1.0,3594.4918579101554
2025-08-17 16:00:00,25,0.05,0,3,False,True,0.0,1.0,3626.220373535156
2025-08-17 17:00:00,25,0.05,1,3,True,True,1.0,1.0,3638.1760620117184
2025-08-17 18:00:00,27,0.054,0,1,False,True,0.0,1.0,3675.87158203125
2025-08-17 19:00:00,25,0.05,0,2,False,True,0.0,1.0,3600.2757812499995
2025-08-17 20:00:00,25,0.05,0,2,False,True,0.0,1.0,3545.337390136718
2025-08-17 21:00:00,25,0.05,0,3,False,True,0.0,1.0,3543.9627929687495
2025-08-17 22:00:00,25,0.05,0,2,False,True,0.0,1.0,3555.6046264648426
2025-08-17 23:00:00,25,0.05,0,2,False,True,0.0,1.0,3564.894287109375
2025-08-18 00:00:00,25,0.05,0,2,False,True,0.0,1.0,3530.4161743164054
2025-08-18 01:00:00,26,0.052,0,3,False,True,0.0,1.0,3575.87060546875
2025-08-18 02:00:00,25,0.05,0,3,False,True,0.0,1.0,3528.221313476562
2025-08-18 03:00:00,26,0.052,0,3,False,True,0.0,1.0,3525.722412109375
2025-08-18 04:00:00,38,0.076,0,2,False,True,0.0,1.0,3478.989990234375
2025-08-18 05:00:00,25,0.05,0,2,False,True,0.0,1.0,3486.4359863281247
2025-08-18 06:00:00,30,0.06,0,2,False,True,0.0,1.0,3460.115966796875
2025-08-18 07:00:00,45,0.09,0,3,False,True,0.0,1.0,3451.587890625
2025-08-18 08:00:00,45,0.09,0,2,False,True,0.0,1.0,3456.631591796875
2025-08-18 09:00:00,45,0.09,0,3,False,True,0.0,1.0,3469.35205078125
2025-08-18 10:00:00,31,0.062,0,2,False,True,0.0,1.0,3588.304443359375
2025-08-18 11:00:00,25,0.05,0,2,False,True,0.0,1.0,3595.666931152343
2025-08-18 12:00:00,26,0.052,0,1,False,True,0.0,1.0,3609.776611328125
2025-08-18 13:00:00,30,0.06,0,2,False,True,0.0,1.0,3771.79150390625
2025-08-18 14:00:00,25,0.05,0,1,False,True,0.0,1.0,3765.098486328125
2025-08-18 15:00:00,25,0.05,0,2,False,True,0.0,1.0,3717.89716796875
2025-08-18 16:00:00,25,0.05,0,2,False,True,0.0,1.0,3739.197717285156
2025-08-18 17:00:00,25,0.05,0,2,False,True,0.0,1.0,3738.4968872070312
2025-08-18 18:00:00,25,0.05,0,3,False,True,0.0,1.0,3772.4637695312495
2025-08-18 19:00:00,37,0.074,0,3,False,True,0.0,1.0,3769.959716796875
2025-08-18 20:00:00,40,0.08,0,3,False,True,0.0,1.0,3752.348388671875
2025-08-18 21:00:00,33,0.066,0,1,False,True,0.0,1.0,3751.27978515625
2025-08-18 22:00:00,36,0.072,1,3,True,True,1.0,1.0,3766.88037109375
2025-08-18 23:00:00,29,0.058,0,2,False,True,0.0,1.0,3765.10546875
2025-08-19 00:00:00,28,0.056,0,2,False,True,0.0,1.0,3773.427001953125
2025-08-19 01:00:00,42,0.084,0,3,False,True,0.0,1.0,3759.831787109375
2025-08-19 02:00:00,34,0.068,0,2,False,True,0.0,1.0,3792.478759765625
2025-08-19 03:00:00,28,0.056,0,2,False,True,0.0,1.0,3801.59765625
2025-08-19 04:00:00,39,0.078,0,3,False,True,0.0,1.0,3781.356201171875
2025-08-19 05:00:00,25,0.05,0,3,False,True,0.0,1.0,3788.806921386719
2025-08-19 06:00:00,25,0.05,0,2,False,True,0.0,1.0,3717.24267578125
2025-08-19 07:00:00,33,0.066,0,3,False,True,0.0,1.0,3716.417724609375
2025-08-19 08:00:00,27,0.054,0,2,False,True,0.0,1.0,3725.883544921875
2025-08-19 09:00:00,26,0.052,0,2,False,True,0.0,1.0,3726.816162109375
2025-08-19 10:00:00,26,0.052,0,1,False,True,0.0,1.0,3749.787841796875
2025-08-19 11:00:00,25,0.05,0,3,False,True,0.0,1.0,3753.2669311523437
2025-08-19 12:00:00,32,0.064,0,3,False,True,0.0,1.0,3759.532958984375
2025-08-19 13:00:00,25,0.05,0,1,False,True,0.0,1.0,3575.737841796875
2025-08-19 14:00:00,32,0.064,1,3,True,True,1.0,1.0,3434.62158203125
2025-08-19 15:00:00,28,0.056,0,1,False,True,0.0,1.0,3425.5556640625
2025-08-19 16:00:00,26,0.052,0,1,False,True,0.0,1.0,3422.37158203125
2025-08-19 17:00:00,25,0.05,0,2,False,True,0.0,1.0,3412.520947265625
2025-08-19 18:00:00,25,0.05,0,3,False,True,0.0,1.0,3565.877209472656
2025-08-19 19:00:00,28,0.056,0,2,False,True,0.0,1.0,3514.484375
2025-08-19 20:00:00,26,0.052,0,2,False,True,0.0,1.0,3511.6220703125
2025-08-19 21:00:00,30,0.06,0,2,False,True,0.0,1.0,3533.2607421875
2025-08-19 22:00:00,25,0.05,0,2,False,True,0.0,1.0,3529.239794921875
2025-08-19 23:00:00,25,0.05,0,2,False,True,0.0,1.0,3548.5551269531247
2025-08-20 00:00:00,25,0.05,0,4,False,True,0.0,1.0,3587.463452148437
2025-08-20 01:00:00,36,0.072,0,3,False,True,0.0,1.0,3577.48974609375
2025-08-20 02:00:00,25,0.05,0,2,False,True,0.0,1.0,3565.1508056640623
2025-08-20 03:00:00,41,0.082,0,2,False,True,0.0,1.0,3583.857666015625
2025-08-20 04:00:00,25,0.05,0,3,False,True,0.0,1.0,3568.99697265625
2025-08-20 05:00:00,28,0.056,0,2,False,True,0.0,1.0,3611.6435546875
2025-08-20 06:00:00,27,0.054,0,3,False,True,0.0,1.0,3543.81884765625
2025-08-20 07:00:00,30,0.06,0,3,False,True,0.0,1.0,3535.068115234375
2025-08-20 08:00:00,28,0.056,0,3,False,True,0.0,1.0,3559.3212890625
2025-08-20 09:00:00,34,0.068,0,2,False,True,0.0,1.0,3504.716552734375
2025-08-20 10:00:00,25,0.05,0,1,False,True,0.0,1.0,3239.9921142578105
2025-08-20 11:00:00,25,0.05,0,3,False,True,0.0,1.0,3437.606494140625
2025-08-20 12:00:00,29,0.058,0,1,False,True,0.0,1.0,3138.71240234375
2025-08-20 13:00:00,25,0.05,0,1,False,True,0.0,1.0,3185.7790283203126
2025-08-20 14:00:00,28,0.056,0,2,False,True,0.0,1.0,3516.829833984375
2025-08-20 15:00:00,25,0.05,0,2,False,True,0.0,1.0,3597.739331054687
2025-08-20 16:00:00,26,0.052,0,3,False,True,0.0,1.0,3657.133056640625
2025-08-20 17:00:00,27,0.054,1,2,True,True,1.0,1.0,3635.304931640625
2025-08-20 18:00:00,35,0.07,0,2,False,True,0.0,1.0,3506.642822265625
2025-08-20 19:00:00,25,0.05,2,2,True,True,1.0,1.0,3501.059228515625
2025-08-20 20:00:00,39,0.078,0,2,False,True,0.0,1.0,3502.941650390625
2025-08-20 21:00:00,25,0.05,0,2,False,True,0.0,1.0,3495.233435058594
2025-08-20 22:00:00,25,0.05,0,2,False,True,0.0,1.0,3482.618176269531
2025-08-20 23:00:00,30,0.06,0,3,False,True,0.0,1.0,3506.280029296875
2025-08-21 00:00:00,25,0.05,0,2,False,True,0.0,1.0,3463.581225585937
2025-08-21 01:00:00,27,0.054,0,3,False,True,0.0,1.0,3468.5888671875
2025-08-21 02:00:00,25,0.05,0,3,False,True,0.0,1.0,3478.0101318359375
2025-08-21 03:00:00,25,0.05,0,2,False,True,0.0,1.0,3548.723193359375
2025-08-21 04:00:00,28,0.056,0,3,False,True,0.0,1.0,3541.775390625
2025-08-21 05:00:00,27,0.054,0,3,False,True,0.0,1.0,3538.258056640625
2025-08-21 06:00:00,29,0.058,1,3,True,True,1.0,1.0,3543.49658203125
2025-08-21 07:00:00,26,0.052,0,4,False,True,0.0,1.0,3554.001220703125
2025-08-21 08:00:00,36,0.072,0,3,False,True,0.0,1.0,3562.940673828125
2025-08-21 09:00:00,33,0.066,0,2,False,True,0.0,1.0,3438.281982421875
2025-08-21 10:00:00,39,0.078,0,3,False,True,0.0,1.0,3369.905517578125
2025-08-21 11:00:00,34,0.068,1,1,True,True,1.0,1.0,3329.314208984375
2025-08-21 12:00:00,25,0.05,1,2,True,True,1.0,1.0,3299.0825073242186
2025-08-21 13:00:00,25,0.05,0,2,False,True,0.0,1.0,3324.7165405273436
2025-08-21 14:00:00,30,0.06,0,3,False,True,0.0,1.0,3363.8857421875
2025-08-21 15:00:00,33,0.066,0,2,False,True,0.0,1.0,3508.388671875
2025-08-21 16:00:00,30,0.06,0,3,False,True,0.0,1.0,3407.877197265625
2025-08-21 17:00:00,38,0.076,1,2,True,True,1.0,1.0,3221.82080078125
2025-08-21 18:00:00,25,0.05,1,2,True,True,1.0,1.0,3264.348657226562
2025-08-21 19:00:00,25,0.05,0,3,False,True,0.0,1.0,3236.4303466796873
2025-08-21 20:00:00,25,0.05,0,2,False,True,0.0,1.0,3270.130041503906
2025-08-21 21:00:00,25,0.05,0,1,False,True,0.0,1.0,3228.002844238281
2025-08-21 22:00:00,25,0.05,0,1,False,True,0.0,1.0,3233.8479248046874
2025-08-21 23:00:00,29,0.058,0,2,False,True,0.0,1.0,3246.736572265625
2025-08-22 00:00:00,32,0.064,1,1,True,True,1.0,1.0,3201.098388671875
2025-08-22 01:00:00,27,0.054,0,1,False,True,0.0,1.0,3222.34814453125
2025-08-22 02:00:00,25,0.05,0,2,False,True,0.0,1.0,3209.93017578125
2025-08-22 03:00:00,31,0.062,0,3,False,True,0.0,1.0,3224.355712890625
2025-08-22 04:00:00,27,0.054,0,2,False,True,0.0,1.0,3194.44091796875
2025-08-22 05:00:00,36,0.072,0,1,False,True,0.0,1.0,3155.44091796875
2025-08-22 06:00:00,28,0.056,0,2,False,True,0.0,1.0,3199.29736328125
2025-08-22 07:00:00,29,0.058,0,1,False,True,0.0,1.0,3236.61181640625
2025-08-22 08:00:00,30,0.06,0,3,False,True,0.0,1.0,3226.672607421875
2025-08-22 09:00:00,43,0.086,0,2,False,True,0.0,1.0,3184.20654296875
2025-08-22 10:00:00,25,0.05,0,2,False,True,0.0,1.0,3241.776159667969
2025-08-22 11:00:00,26,0.052,0,2,False,True,0.0,1.0,3188.771484375
2025-08-22 12:00:00,25,0.05,0,2,False,True,0.0,1.0,3086.168408203125
2025-08-22 13:00:00,25,0.05,0,1,False,True,0.0,1.0,3078.7187011718747
2025-08-22 14:00:00,25,0.05,0,1,False,True,0.0,1.0,3043.34892578125
2025-08-22 15:00:00,25,0.05,0,1,False,True,0.0,1.0,3098.7304809570314
2025-08-22 16:00:00,32,0.064,0,2,False,True,0.0,1.0,3049.564453125
2025-08-22 17:00:00,25,0.05,0,1,False,True,0.0,1.0,2995.1841796875
2025-08-22 18:00:00,25,0.05,0,1,False,True,0.0,1.0,2761.9459350585935
2025-08-22 19:00:00,25,0.05,0,2,False,True,0.0,1.0,2755.660510253906
2025-08-22 20:00:00,28,0.056,1,1,True,True,1.0,1.0,2784.273193359375
2025-08-22 21:00:00,25,0.05,0,2,False,True,0.0,1.0,2769.262243652344
2025-08-22 22:00:00,25,0.05,0,2,False,True,0.0,1.0,2769.416418457031
2025-08-22 23:00:00,25,0.05,0,3,False,True,0.0,1.0,2775.9913940429688
2025-08-23 00:00:00,32,0.064,0,2,False,True,0.0,1.0,2788.90625
2025-08-23 01:00:00,30,0.06,0,2,False,True,0.0,1.0,2801.042236328125
2025-08-23 02:00:00,30,0.06,0,1,False,True,0.0,1.0,2801.075927734375
2025-08-23 03:00:00,25,0.05,0,1,False,True,0.0,1.0,2777.6293212890623
2025-08-23 04:00:00,29,0.058,0,2,False,True,0.0,1.0,2789.58203125
2025-08-23 05:00:00,25,0.05,0,2,False,True,0.0,1.0,2771.0252685546866
2025-08-23 06:00:00,30,0.06,0,2,False,True,0.0,1.0,2802.218017578125
2025-08-23 07:00:00,33,0.066,0,2,False,True,0.0,1.0,2806.143798828125
2025-08-23 08:00:00,30,0.06,0,1,False,True,0.0,1.0,2803.007568359375
2025-08-23 09:00:00,25,0.05,0,2,False,True,0.0,1.0,2762.7704589843747
2025-08-23 10:00:00,29,0.058,0,2,False,True,0.0,1.0,2822.8779296875
2025-08-23 11:00:00,25,0.05,0,1,False,True,0.0,1.0,2797.3620117187497
2025-08-23 12:00:00,25,0.05,0,1,False,True,0.0,1.0,2743.3418945312496
2025-08-23 13:00:00,32,0.064,0,1,False,True,0.0,1.0,2710.590576171875
2025-08-23 14:00:00,25,0.05,0,2,False,True,0.0,1.0,2745.3613647460934
2025-08-23 15:00:00,25,0.05,0,1,False,True,0.0,1.0,2713.6773681640625
2025-08-23 16:00:00,29,0.058,0,1,False,True,0.0,1.0,2742.95849609375
2025-08-23 17:00:00,26,0.052,0,2,False,True,0.0,1.0,2718.791015625
2025-08-23 18:00:00,27,0.054,0,1,False,True,0.0,1.0,2756.82177734375
2025-08-23 19:00:00,27,0.054,0,2,False,True,0.0,1.0,2749.432373046875
2025-08-23 20:00:00,25,0.05,0,2,False,True,0.0,1.0,2721.3137817382812
2025-08-23 21:00:00,46,0.092,0,2,False,True,0.0,1.0,2702.795654296875
2025-08-23 22:00:00,25,0.05,0,1,False,True,0.0,1.0,2732.5332641601562
2025-08-23 23:00:00,34,0.068,0,1,False,True,0.0,1.0,2705.8056640625
2025-08-24 00:00:00,54,0.108,0,2,False,True,0.0,1.0,2669.58154296875
2025-08-24 01:00:00,25,0.05,0,1,False,True,0.0,1.0,2692.7157348632813
2025-08-24 02:00:00,25,0.05,0,2,False,True,0.0,1.0,2696.308349609375
2025-08-24 03:00:00,30,0.06,0,1,False,True,0.0,1.0,2708.57666015625
2025-08-24 04:00:00,27,0.054,0,1,False,True,0.0,1.0,2695.93798828125
2025-08-24 05:00:00,29,0.058,0,1,False,True,0.0,1.0,2684.243408203125
2025-08-24 06:00:00,25,0.05,0,2,False,True,0.0,1.0,2679.3951782226563
2025-08-24 07:00:00,25,0.05,0,2,False,True,0.0,1.0,2701.435217285156
2025-08-24 08:00:00,25,0.05,1,2,True,True,1.0,1.0,2710.9893798828125
2025-08-24 09:00:00,28,0.056,0,1,False,True,0.0,1.0,2867.079345703125
2025-08-24 10:00:00,25,0.05,0,1,False,True,0.0,1.0,2942.578515624999
2025-08-24 11:00:00,25,0.05,0,2,False,True,0.0,1.0,3148.769262695312
2025-08-24 12:00:00,27,0.054,0,2,False,True,0.0,1.0,3304.568115234375
2025-08-24 13:00:00,38,0.076,0,3,False,True,0.0,1.0,3258.961669921875
2025-08-24 14:00:00,29,0.058,0,3,False,True,0.0,1.0,3499.3134765625
2025-08-24 15:00:00,25,0.05,0,2,False,True,0.0,1.0,3761.2759887695297
2025-08-24 16:00:00,25,0.05,0,2,False,True,0.0,1.0,3848.369848632812
2025-08-24 17:00:00,38,0.076,0,3,False,True,0.0,1.0,3818.677490234375
2025-08-24 18:00:00,25,0.05,0,2,False,True,0.0,1.0,3973.330969238281
2025-08-24 19:00:00,27,0.054,0,3,False,True,0.0,1.0,3978.774658203125
2025-08-24 20:00:00,26,0.052,0,3,False,True,0.0,1.0,3960.75244140625
2025-08-24 21:00:00,25,0.05,0,2,False,True,0.0,1.0,3953.1259155273438
2025-08-24 22:00:00,25,0.05,0,2,False,True,0.0,1.0,3933.7274658203123
2025-08-24 23:00:00,33,0.066,0,3,False,True,0.0,1.0,3945.8271484375
2025-08-25 00:00:00,34,0.068,0,2,False,True,0.0,1.0,3981.5888671875
2025-08-25 01:00:00,25,0.05,0,2,False,True,0.0,1.0,3964.2373779296877
2025-08-25 02:00:00,29,0.058,0,3,False,True,0.0,1.0,3981.84716796875
2025-08-25 03:00:00,26,0.052,0,3,False,True,0.0,1.0,3991.61865234375
2025-08-25 04:00:00,28,0.056,1,2,True,True,1.0,1.0,3928.409423828125
2025-08-25 05:00:00,26,0.052,0,2,False,True,0.0,1.0,3920.39111328125
2025-08-25 06:00:00,25,0.05,0,2,False,True,0.0,1.0,3885.3922607421873
2025-08-25 07:00:00,32,0.064,0,3,False,True,0.0,1.0,3938.5146484375
2025-08-25 08:00:00,36,0.072,1,3,True,True,1.0,1.0,3873.293212890625
2025-08-25 09:00:00,31,0.062,0,3,False,True,0.0,1.0,3918.917724609375
2025-08-25 10:00:00,25,0.05,0,3,False,True,0.0,1.0,3853.8979736328124
2025-08-25 11:00:00,25,0.05,0,2,False,True,0.0,1.0,3799.8971313476563
2025-08-25 12:00:00,25,0.05,0,2,False,True,0.0,1.0,3785.8561279296873
2025-08-25 13:00:00,27,0.054,0,1,False,True,0.0,1.0,3600.384521484375
2025-08-25 14:00:00,25,0.05,0,3,False,True,0.0,1.0,3503.003662109375
2025-08-25 15:00:00,25,0.05,0,2,False,True,0.0,1.0,3860.4549316406237
2025-08-25 16:00:00,37,0.074,1,3,True,True,1.0,1.0,3904.25390625
2025-08-25 17:00:00,25,0.05,0,3,False,True,0.0,1.0,3872.52958984375
2025-08-25 18:00:00,25,0.05,0,3,False,True,0.0,1.0,3938.6757812499995
2025-08-25 19:00:00,42,0.084,0,3,False,True,0.0,1.0,3983.848388671875
2025-08-25 20:00:00,27,0.054,0,3,False,True,0.0,1.0,3996.514404296875
2025-08-25 21:00:00,25,0.05,0,3,False,True,0.0,1.0,3949.6445556640624
2025-08-25 22:00:00,27,0.054,0,3,False,True,0.0,1.0,3960.71875
2025-08-25 23:00:00,25,0.05,0,2,False,True,0.0,1.0,3922.9468261718744
2025-08-26 00:00:00,28,0.056,0,3,False,True,0.0,1.0,3963.08740234375
2025-08-26 01:00:00,25,0.05,0,3,False,True,0.0,1.0,3977.75859375
2025-08-26 02:00:00,25,0.05,0,2,False,True,0.0,1.0,3974.134802246094
2025-08-26 03:00:00,38,0.076,1,2,True,True,1.0,1.0,3980.959716796875
2025-08-26 04:00:00,27,0.054,0,3,False,True,0.0,1.0,3968.73046875
2025-08-26 05:00:00,25,0.05,0,2,False,True,0.0,1.0,3938.5528564453125
2025-08-26 06:00:00,25,0.05,0,2,False,True,0.0,1.0,3881.6087280273423
2025-08-26 07:00:00,29,0.058,0,2,False,True,0.0,1.0,3946.40380859375
2025-08-26 08:00:00,26,0.052,0,3,False,True,0.0,1.0,4003.662109375
2025-08-26 09:00:00,25,0.05,0,2,False,True,0.0,1.0,3924.297082519531
2025-08-26 10:00:00,27,0.054,0,3,False,True,0.0,1.0,3923.32373046875
2025-08-26 11:00:00,25,0.05,0,2,False,True,0.0,1.0,3892.6784545898436
2025-08-26 12:00:00,28,0.056,0,4,False,True,0.0,1.0,3804.231689453125
2025-08-26 13:00:00,32,0.064,0,2,False,True,0.0,1.0,3695.91455078125
2025-08-26 14:00:00,25,0.05,0,2,False,True,0.0,1.0,4093.4146362304687
2025-08-26 15:00:00,25,0.05,0,1,False,True,0.0,1.0,3665.6797119140624
2025-08-26 16:00:00,25,0.05,0,2,False,True,0.0,1.0,3628.7658569335936
2025-08-26 17:00:00,25,0.05,0,2,False,True,0.0,1.0,3630.7583374023434
2025-08-26 18:00:00,27,0.054,0,3,False,True,0.0,1.0,3629.465576171875
2025-08-26 19:00:00,25,0.05,0,3,False,True,0.0,1.0,3559.919885253906
2025-08-26 20:00:00,25,0.05,0,3,False,True,0.0,1.0,3630.3048217773435
2025-08-26 21:00:00,27,0.054,0,2,False,True,0.0,1.0,3641.431396484375
2025-08-26 22:00:00,25,0.05,0,1,False,True,0.0,1.0,3632.146044921875
2025-08-26 23:00:00,25,0.05,0,2,False,True,0.0,1.0,3634.252893066406
2025-08-27 00:00:00,25,0.05,0,3,False,True,0.0,1.0,3652.20625
2025-08-27 01:00:00,25,0.05,0,2,False,True,0.0,1.0,3638.087536621094
2025-08-27 02:00:00,25,0.05,0,4,False,True,0.0,1.0,3637.736608886719
2025-08-27 03:00:00,25,0.05,0,2,False,True,0.0,1.0,3631.9363891601556
2025-08-27 04:00:00,25,0.05,0,2,False,True,0.0,1.0,3566.5281372070312
2025-08-27 05:00:00,30,0.06,0,3,False,True,0.0,1.0,3605.29150390625
2025-08-27 06:00:00,25,0.05,1,2,True,True,1.0,1.0,3609.2031494140624
2025-08-27 07:00:00,26,0.052,0,3,False,True,0.0,1.0,3617.6259765625
2025-08-27 08:00:00,28,0.056,0,2,False,True,0.0,1.0,3627.3779296875
2025-08-27 09:00:00,25,0.05,0,2,False,True,0.0,1.0,3585.2901611328116
2025-08-27 10:00:00,26,0.052,0,2,False,True,0.0,1.0,3558.65283203125
2025-08-27 11:00:00,34,0.068,0,2,False,True,0.0,1.0,3607.1025390625
2025-08-27 12:00:00,25,0.05,0,1,False,True,0.0,1.0,3607.6085571289063
2025-08-27 13:00:00,33,0.066,0,2,False,True,0.0,1.0,3596.34619140625
2025-08-27 14:00:00,31,0.062,0,1,False,True,0.0,1.0,3734.87646484375
2025-08-27 15:00:00,25,0.05,0,2,False,True,0.0,1.0,4007.0500244140626
2025-08-27 16:00:00,46,0.092,0,2,False,True,0.0,1.0,4015.856201171875
2025-08-27 17:00:00,45,0.09,0,1,False,True,0.0,1.0,4020.389892578125
2025-08-27 18:00:00,25,0.05,0,2,False,True,0.0,1.0,4012.6329345703125
2025-08-27 19:00:00,28,0.056,0,3,False,True,0.0,1.0,4017.271484375
2025-08-27 20:00:00,30,0.06,0,2,False,True,0.0,1.0,4023.93115234375
2025-08-27 21:00:00,25,0.05,0,2,False,True,0.0,1.0,4015.9936035156247
2025-08-27 22:00:00,26,0.052,0,3,False,True,0.0,1.0,4019.571533203125
2025-08-27 23:00:00,25,0.05,0,2,False,True,0.0,1.0,4009.561279296875
2025-08-28 00:00:00,25,0.05,0,2,False,True,0.0,1.0,4026.384594726562
2025-08-28 01:00:00,25,0.05,0,2,False,True,0.0,1.0,4042.9855957031245
2025-08-28 02:00:00,25,0.05,0,1,False,True,0.0,1.0,4041.6215942382805
2025-08-28 03:00:00,41,0.082,0,4,False,True,0.0,1.0,4041.905517578125
2025-08-28 04:00:00,25,0.05,0,3,False,True,0.0,1.0,4029.183752441406
2025-08-28 05:00:00,25,0.05,0,2,False,True,0.0,1.0,4024.5368286132807
2025-08-28 06:00:00,25,0.05,0,3,False,True,0.0,1.0,4024.877551269531
2025-08-28 07:00:00,26,0.052,0,3,False,True,0.0,1.0,4043.73974609375
2025-08-28 08:00:00,31,0.062,1,3,True,True,1.0,1.0,4038.578857421875
2025-08-28 09:00:00,25,0.05,0,2,False,True,0.0,1.0,3980.520910644531
2025-08-28 10:00:00,25,0.05,0,3,False,True,0.0,1.0,3893.2499755859376
2025-08-28 11:00:00,25,0.05,0,2,False,True,0.0,1.0,3821.515954589843
2025-08-28 12:00:00,26,0.052,0,2,False,True,0.0,1.0,3851.79443359375
2025-08-28 13:00:00,33,0.066,0,2,False,True,0.0,1.0,3792.99267578125
2025-08-28 14:00:00,27,0.054,0,1,False,True,0.0,1.0,3662.161865234375
2025-08-28 15:00:00,25,0.05,1,2,True,True,1.0,1.0,3888.661633300781
2025-08-28 16:00:00,27,0.054,0,2,False,True,0.0,1.0,4022.2412109375
2025-08-28 17:00:00,25,0.05,0,1,False,True,0.0,1.0,3994.917883300781
2025-08-28 18:00:00,25,0.05,0,2,False,True,0.0,1.0,4001.1340942382812
2025-08-28 19:00:00,25,0.05,0,2,False,True,0.0,1.0,4008.1333251953124
2025-08-28 20:00:00,39,0.078,0,3,False,True,0.0,1.0,4030.252197265625
2025-08-28 21:00:00,26,0.052,0,2,False,True,0.0,1.0,4033.04150390625
2025-08-28 22:00:00,32,0.064,0,2,False,True,0.0,1.0,4031.969970703125
2025-08-28 23:00:00,33,0.066,0,3,False,True,0.0,1.0,4031.969970703125
2025-08-29 00:00:00,25,0.05,0,1,False,True,0.0,1.0,3984.0075561523436
2025-08-29 01:00:00,25,0.05,0,1,False,True,0.0,1.0,3996.3667358398434
2025-08-29 02:00:00,31,0.062,2,2,True,True,1.0,1.0,4033.095458984375
2025-08-29 03:00:00,31,0.062,0,2,False,True,0.0,1.0,4036.800537109375
2025-08-29 04:00:00,28,0.056,0,3,False,True,0.0,1.0,3984.095703125
2025-08-29 05:00:00,32,0.064,0,2,False,True,0.0,1.0,3984.3955078125
2025-08-29 06:00:00,27,0.054,0,2,False,True,0.0,1.0,4024.0400390625
2025-08-29 07:00:00,25,0.05,0,2,False,True,0.0,1.0,4000.7289916992186
2025-08-29 08:00:00,26,0.052,0,3,False,True,0.0,1.0,3997.315185546875
2025-08-29 09:00:00,26,0.052,0,2,False,True,0.0,1.0,3988.0087890625
2025-08-29 10:00:00,28,0.056,0,3,False,True,0.0,1.0,3865.98876953125
2025-08-29 11:00:00,27,0.054,0,3,False,True,0.0,1.0,3855.57080078125
2025-08-29 12:00:00,27,0.054,0,2,False,True,0.0,1.0,3815.500244140625
2025-08-29 13:00:00,37,0.074,0,3,False,True,0.0,1.0,3684.022216796875
2025-08-29 14:00:00,32,0.064,0,2,False,True,0.0,1.0,3609.451416015625
2025-08-29 15:00:00,25,0.05,0,2,False,True,0.0,1.0,3581.0331298828123
2025-08-29 16:00:00,500,1.0,5,5,True,True,1.0,1.0,3548.0
2025-08-29 17:00:00,500,1.0,5,5,True,True,1.0,1.0,3548.0
2025-08-29 18:00:00,27,0.054,0,1,False,True,0.0,1.0,3214.716064453125
2025-08-29 19:00:00,25,0.05,0,1,False,True,0.0,1.0,3169.8658569335935
2025-08-29 20:00:00,28,0.056,0,2,False,True,0.0,1.0,3189.266845703125
2025-08-29 21:00:00,25,0.05,0,1,False,True,0.0,1.0,3155.394738769531
2025-08-29 22:00:00,25,0.05,0,1,False,True,0.0,1.0,3137.633410644531
2025-08-29 23:00:00,25,0.05,0,2,False,True,0.0,1.0,3179.4477050781247
2025-08-30 00:00:00,25,0.05,0,2,False,True,0.0,1.0,3114.677844238281
2025-08-30 01:00:00,25,0.05,0,2,False,True,0.0,1.0,3140.5933227539062
2025-08-30 02:00:00,25,0.05,1,2,True,True,1.0,1.0,3139.66640625
2025-08-30 03:00:00,30,0.06,0,1,False,True,0.0,1.0,3146.97265625
2025-08-30 04:00:00,28,0.056,0,2,False,True,0.0,1.0,3105.574951171875
2025-08-30 05:00:00,25,0.05,0,1,False,True,0.0,1.0,3072.4271240234375
2025-08-30 06:00:00,25,0.05,0,2,False,True,0.0,1.0,3103.7539550781235
2025-08-30 07:00:00,28,0.056,0,1,False,True,0.0,1.0,3135.018310546875
2025-08-30 08:00:00,27,0.054,0,1,False,True,0.0,1.0,3112.724365234375
2025-08-30 09:00:00,25,0.05,0,2,False,True,0.0,1.0,3121.7816650390623
2025-08-30 10:00:00,25,0.05,0,2,False,True,0.0,1.0,3153.149267578124
2025-08-30 11:00:00,27,0.054,0,1,False,True,0.0,1.0,3094.0234375
2025-08-30 12:00:00,25,0.05,0,2,False,True,0.0,1.0,2999.2836425781247
2025-08-30 13:00:00,25,0.05,0,1,False,True,0.0,1.0,3138.3052978515625
2025-08-30 14:00:00,26,0.052,0,1,False,True,0.0,1.0,3136.205078125
2025-08-30 15:00:00,45,0.09,1,2,True,True,1.0,1.0,3085.4296875
2025-08-30 16:00:00,30,0.06,0,1,False,True,0.0,1.0,3089.942138671875
2025-08-30 17:00:00,28,0.056,0,2,False,True,0.0,1.0,3095.619384765625
2025-08-30 18:00:00,25,0.05,0,2,False,True,0.0,1.0,3129.6982543945314
2025-08-30 19:00:00,45,0.09,0,1,False,True,0.0,1.0,3086.191162109375
2025-08-30 20:00:00,40,0.08,0,2,False,True,0.0,1.0,3079.358154296875
2025-08-30 21:00:00,39,0.078,0,2,False,True,0.0,1.0,3065.88720703125
2025-08-30 22:00:00,31,0.062,0,2,False,True,0.0,1.0,3068.539306640625
2025-08-30 23:00:00,41,0.082,0,2,False,True,0.0,1.0,3062.877685546875
2025-08-31 00:00:00,28,0.056,0,1,False,True,0.0,1.0,3067.351806640625
2025-08-31 01:00:00,28,0.056,0,1,False,True,0.0,1.0,3079.85693359375
2025-08-31 02:00:00,35,0.07,0,2,False,True,0.0,1.0,3094.248291015625
2025-08-31 03:00:00,41,0.082,0,1,False,True,0.0,1.0,3087.288818359375
2025-08-31 04:00:00,26,0.052,0,2,False,True,0.0,1.0,3100.064208984375
2025-08-31 05:00:00,25,0.05,0,2,False,True,0.0,1.0,3083.205322265625
2025-08-31 06:00:00,32,0.064,0,3,False,True,0.0,1.0,3094.962646484375
2025-08-31 07:00:00,25,0.05,0,2,False,True,0.0,1.0,3087.982434082031
2025-08-31 08:00:00,45,0.09,0,1,False,True,0.0,1.0,3075.597412109375
2025-08-31 09:00:00,30,0.06,0,1,False,True,0.0,1.0,3710.859619140625
2025-08-31 10:00:00,25,0.05,0,2,False,True,0.0,1.0,4216.05634765625
2025-08-31 11:00:00,28,0.056,0,3,False,True,0.0,1.0,4521.62646484375
2025-08-31 12:00:00,27,0.054,0,3,False,True,0.0,1.0,4446.107421875
2025-08-31 13:00:00,27,0.054,0,3,False,True,0.0,1.0,4442.60107421875
2025-08-31 14:00:00,35,0.07,0,3,False,True,0.0,1.0,4442.80908203125
2025-08-31 15:00:00,25,0.05,0,1,False,True,0.0,1.0,4456.495996093749
2025-08-31 16:00:00,25,0.05,0,1,False,True,0.0,1.0,4466.8135986328125
2025-08-31 17:00:00,25,0.05,0,1,False,True,0.0,1.0,4459.49365234375
2025-08-31 18:00:00,27,0.054,0,3,False,True,0.0,1.0,4394.38916015625
2025-08-31 19:00:00,27,0.054,0,1,False,True,0.0,1.0,4395.36669921875
2025-08-31 20:00:00,25,0.05,0,2,False,True,0.0,1.0,4372.515869140625
2025-08-31 21:00:00,32,0.064,0,3,False,True,0.0,1.0,4392.84423828125
2025-08-31 22:00:00,25,0.05,0,3,False,True,0.0,1.0,4388.904614257813
2025-08-31 23:00:00,25,0.05,0,2,False,True,0.0,1.0,4399.201000976562
2025-09-01 00:00:00,32,0.064,0,2,False,True,0.0,1.0,4327.08154296875
2025-09-01 01:00:00,33,0.066,0,2,False,True,0.0,1.0,4332.30322265625
2025-09-01 02:00:00,33,0.066,0,2,False,True,0.0,1.0,4340.0380859375
2025-09-01 03:00:00,37,0.074,0,2,False,True,0.0,1.0,4313.33642578125
2025-09-01 04:00:00,25,0.05,0,2,False,True,0.0,1.0,4311.054418945312
2025-09-01 05:00:00,25,0.05,0,2,False,True,0.0,1.0,4289.125048828125
2025-09-01 06:00:00,25,0.05,0,1,False,True,0.0,1.0,4295.5997314453125
2025-09-01 07:00:00,25,0.05,0,1,False,True,0.0,1.0,4343.3450927734375
2025-09-01 08:00:00,26,0.052,0,2,False,True,0.0,1.0,4387.80517578125
2025-09-01 09:00:00,26,0.052,1,1,True,True,1.0,1.0,4326.8662109375
2025-09-01 10:00:00,25,0.05,0,1,False,True,0.0,1.0,4344.243701171875
2025-09-01 11:00:00,29,0.058,0,3,False,True,0.0,1.0,4353.2890625
2025-09-01 12:00:00,29,0.058,0,2,False,True,0.0,1.0,4372.421875
2025-09-01 13:00:00,25,0.05,0,1,False,True,0.0,1.0,4407.811425781249
2025-09-01 14:00:00,29,0.058,1,1,True,True,1.0,1.0,4383.4052734375
2025-09-01 15:00:00,25,0.05,0,1,False,True,0.0,1.0,4284.2420654296875
2025-09-01 16:00:00,25,0.05,0,2,False,True,0.0,1.0,4273.244360351562
2025-09-01 17:00:00,29,0.058,0,2,False,True,0.0,1.0,4267.8466796875
2025-09-01 18:00:00,48,0.096,1,2,True,True,1.0,1.0,4251.96240234375
2025-09-01 19:00:00,46,0.092,0,2,False,True,0.0,1.0,4259.89990234375
2025-09-01 20:00:00,37,0.074,0,3,False,True,0.0,1.0,4259.89990234375
2025-09-01 21:00:00,25,0.05,0,2,False,True,0.0,1.0,4273.877124023437
2025-09-01 22:00:00,26,0.052,0,2,False,True,0.0,1.0,4271.47998046875
2025-09-01 23:00:00,26,0.052,0,2,False,True,0.0,1.0,4280.0205078125
2025-09-02 00:00:00,26,0.052,0,3,False,True,0.0,1.0,4326.2763671875
2025-09-02 01:00:00,26,0.052,0,1,False,True,0.0,1.0,4333.046875
2025-09-02 02:00:00,27,0.054,0,2,False,True,0.0,1.0,4324.50634765625
2025-09-02 03:00:00,36,0.072,0,1,False,True,0.0,1.0,4305.74755859375
2025-09-02 04:00:00,29,0.058,0,2,False,True,0.0,1.0,4322.94287109375
2025-09-02 05:00:00,27,0.054,0,2,False,True,0.0,1.0,4321.8583984375
2025-09-02 06:00:00,39,0.078,0,2,False,True,0.0,1.0,4279.16943359375
2025-09-02 07:00:00,25,0.05,0,2,False,True,0.0,1.0,4281.318603515625
2025-09-02 08:00:00,25,0.05,0,1,False,True,0.0,1.0,4270.325439453125
2025-09-02 09:00:00,25,0.05,0,2,False,True,0.0,1.0,4286.143872070313
2025-09-02 10:00:00,25,0.05,0,1,False,True,0.0,1.0,4275.419384765625
2025-09-02 11:00:00,25,0.05,0,3,False,True,0.0,1.0,4293.067895507812
2025-09-02 12:00:00,32,0.064,0,1,False,True,0.0,1.0,4285.15771484375
2025-09-02 13:00:00,25,0.05,0,1,False,True,0.0,1.0,4232.062744140625
2025-09-02 14:00:00,25,0.05,0,1,False,True,0.0,1.0,4415.187744140625
2025-09-02 15:00:00,25,0.05,0,1,False,True,0.0,1.0,4334.220141601561
2025-09-02 16:00:00,25,0.05,0,2,False,True,0.0,1.0,4342.674291992187
2025-09-02 17:00:00,28,0.056,0,2,False,True,0.0,1.0,4342.60693359375
2025-09-02 18:00:00,25,0.05,0,2,False,True,0.0,1.0,4325.197998046875
2025-09-02 19:00:00,27,0.054,0,1,False,True,0.0,1.0,4355.6171875
2025-09-02 20:00:00,28,0.056,0,3,False,True,0.0,1.0,4355.6171875
2025-09-02 21:00:00,25,0.05,0,2,False,True,0.0,1.0,4347.780004882812
2025-09-02 22:00:00,28,0.056,0,2,False,True,0.0,1.0,4353.11865234375
2025-09-02 23:00:00,25,0.05,0,1,False,True,0.0,1.0,4344.147021484375
2025-09-03 00:00:00,30,0.06,0,2,False,True,0.0,1.0,4326.09765625
2025-09-03 01:00:00,25,0.05,0,1,False,True,0.0,1.0,4303.781005859375
2025-09-03 02:00:00,39,0.078,0,1,False,True,0.0,1.0,4288.37451171875
2025-09-03 03:00:00,35,0.07,0,3,False,True,0.0,1.0,4267.05859375
2025-09-03 04:00:00,28,0.056,0,2,False,True,0.0,1.0,4279.865234375
2025-09-03 05:00:00,25,0.05,0,2,False,True,0.0,1.0,4272.197485351562
2025-09-03 06:00:00,25,0.05,0,3,False,True,0.0,1.0,4279.555883789062
2025-09-03 07:00:00,25,0.05,0,2,False,True,0.0,1.0,4223.947680664061
2025-09-03 08:00:00,27,0.054,0,3,False,True,0.0,1.0,4061.98681640625
2025-09-03 09:00:00,30,0.06,0,1,False,True,0.0,1.0,4231.0576171875
2025-09-03 10:00:00,25,0.05,0,2,False,True,0.0,1.0,4230.225927734375
2025-09-03 11:00:00,27,0.054,1,2,True,True,1.0,1.0,4139.60791015625
2025-09-03 12:00:00,25,0.05,0,2,False,True,0.0,1.0,3950.5893310546876
2025-09-03 13:00:00,25,0.05,0,2,False,True,0.0,1.0,4163.258520507812
2025-09-03 14:00:00,29,0.058,0,2,False,True,0.0,1.0,4265.97802734375
2025-09-03 15:00:00,25,0.05,0,2,False,True,0.0,1.0,4275.26337890625
2025-09-03 16:00:00,25,0.05,0,1,False,True,0.0,1.0,4252.7748046875
2025-09-03 17:00:00,25,0.05,1,2,True,True,1.0,1.0,4263.21640625
2025-09-03 18:00:00,27,0.054,0,1,False,True,0.0,1.0,4290.4404296875
2025-09-03 19:00:00,29,0.058,0,1,False,True,0.0,1.0,4277.98974609375
2025-09-03 20:00:00,29,0.058,1,2,True,True,1.0,1.0,4291.59765625
2025-09-03 21:00:00,25,0.05,0,2,False,True,0.0,1.0,4287.679638671875
2025-09-03 22:00:00,25,0.05,0,2,False,True,0.0,1.0,4291.6091796875
2025-09-03 23:00:00,27,0.054,0,2,False,True,0.0,1.0,4302.7216796875
2025-09-04 00:00:00,29,0.058,0,2,False,True,0.0,1.0,4269.7158203125
2025-09-04 01:00:00,25,0.05,0,1,False,True,0.0,1.0,4266.305615234375
2025-09-04 02:00:00,41,0.082,0,2,False,True,0.0,1.0,4191.61083984375
2025-09-04 03:00:00,26,0.052,0,2,False,True,0.0,1.0,4203.1728515625
2025-09-04 04:00:00,38,0.076,0,2,False,True,0.0,1.0,4174.2900390625
2025-09-04 05:00:00,32,0.064,0,1,False,True,0.0,1.0,4209.3994140625
2025-09-04 06:00:00,25,0.05,0,2,False,True,0.0,1.0,4177.553173828125
2025-09-04 07:00:00,32,0.064,0,1,False,True,0.0,1.0,4196.69384765625
2025-09-04 08:00:00,27,0.054,0,2,False,True,0.0,1.0,4078.2578125
2025-09-04 09:00:00,28,0.056,1,2,True,True,1.0,1.0,4123.921875
2025-09-04 10:00:00,29,0.058,0,2,False,True,0.0,1.0,4194.583984375
2025-09-04 11:00:00,46,0.092,0,2,False,True,0.0,1.0,4349.6513671875
2025-09-04 12:00:00,30,0.06,0,2,False,True,0.0,1.0,4401.86376953125
2025-09-04 13:00:00,25,0.05,0,2,False,True,0.0,1.0,4249.825634765625
2025-09-04 14:00:00,38,0.076,0,2,False,True,0.0,1.0,3953.057861328125
2025-09-04 15:00:00,27,0.054,0,2,False,True,0.0,1.0,4271.81640625
2025-09-04 16:00:00,25,0.05,0,2,False,True,0.0,1.0,4280.453173828125
2025-09-04 17:00:00,25,0.05,0,3,False,True,0.0,1.0,4281.445874023438
2025-09-04 18:00:00,25,0.05,0,2,False,True,0.0,1.0,4237.07177734375
2025-09-04 19:00:00,25,0.05,0,1,False,True,0.0,1.0,4260.018261718749
2025-09-04 20:00:00,26,0.052,0,3,False,True,0.0,1.0,4275.47998046875
2025-09-04 21:00:00,27,0.054,0,3,False,True,0.0,1.0,4290.12646484375
2025-09-04 22:00:00,29,0.058,0,1,False,True,0.0,1.0,4289.5400390625
2025-09-04 23:00:00,26,0.052,0,2,False,True,0.0,1.0,4289.12353515625
2025-09-05 00:00:00,25,0.05,1,1,True,True,1.0,1.0,4285.967333984375
2025-09-05 01:00:00,27,0.054,0,3,False,True,0.0,1.0,4338.3955078125
2025-09-05 02:00:00,27,0.054,0,2,False,True,0.0,1.0,4338.3955078125
2025-09-05 03:00:00,27,0.054,0,1,False,True,0.0,1.0,4353.04150390625
2025-09-05 04:00:00,25,0.05,0,2,False,True,0.0,1.0,4294.256787109375
2025-09-05 05:00:00,29,0.058,0,3,False,True,0.0,1.0,4347.2314453125
2025-09-05 06:00:00,25,0.05,0,3,False,True,0.0,1.0,4270.8982421875
2025-09-05 07:00:00,25,0.05,0,2,False,True,0.0,1.0,4276.754614257812
2025-09-05 08:00:00,30,0.06,0,2,False,True,0.0,1.0,4322.89013671875
2025-09-05 09:00:00,37,0.074,0,3,False,True,0.0,1.0,4295.37451171875
2025-09-05 10:00:00,25,0.05,0,3,False,True,0.0,1.0,4285.778955078124
2025-09-05 11:00:00,25,0.05,0,2,False,True,0.0,1.0,4115.531762695313
2025-09-05 12:00:00,35,0.07,0,3,False,True,0.0,1.0,3910.13037109375
2025-09-05 13:00:00,25,0.05,0,3,False,True,0.0,1.0,3869.7279785156247
2025-09-05 14:00:00,500,1.0,5,5,True,True,1.0,1.0,3852.0
2025-09-05 15:00:00,500,1.0,5,5,True,True,1.0,1.0,3852.0
2025-09-05 16:00:00,500,1.0,5,5,True,True,1.0,1.0,3852.0
2025-09-05 17:00:00,500,1.0,5,5,True,True,1.0,1.0,3852.0
2025-09-05 18:00:00,500,1.0,5,5,True,True,1.0,1.0,3478.0
2025-09-05 19:00:00,500,1.0,5,5,True,True,1.0,1.0,3258.0
2025-09-05 20:00:00,25,0.05,0,1,False,True,0.0,1.0,3109.8130859375
2025-09-05 21:00:00,25,0.05,0,2,False,True,0.0,1.0,3062.715417480468
2025-09-05 22:00:00,26,0.052,0,2,False,True,0.0,1.0,3132.081298828125
2025-09-05 23:00:00,25,0.05,0,2,False,True,0.0,1.0,3133.25673828125
2025-09-06 00:00:00,25,0.05,0,1,False,True,0.0,1.0,3158.0468261718747
2025-09-06 01:00:00,25,0.05,0,2,False,True,0.0,1.0,3161.1570190429684
2025-09-06 02:00:00,26,0.052,0,1,False,True,0.0,1.0,3171.91259765625
2025-09-06 03:00:00,28,0.056,1,3,True,True,1.0,1.0,3171.91259765625
2025-09-06 04:00:00,30,0.06,0,2,False,True,0.0,1.0,3124.72802734375
2025-09-06 05:00:00,27,0.054,0,2,False,True,0.0,1.0,3123.841552734375
2025-09-06 06:00:00,33,0.066,0,1,False,True,0.0,1.0,3088.031982421875
2025-09-06 07:00:00,28,0.056,0,3,False,True,0.0,1.0,3106.912841796875
2025-09-06 08:00:00,25,0.05,0,1,False,True,0.0,1.0,3047.5834350585938
2025-09-06 09:00:00,25,0.05,0,1,False,True,0.0,1.0,3043.130456542968
2025-09-06 10:00:00,26,0.052,0,1,False,True,0.0,1.0,2993.748291015625
2025-09-06 11:00:00,500,1.0,5,5,True,True,1.0,1.0,2981.0
2025-09-06 12:00:00,25,0.05,0,2,False,True,0.0,1.0,2986.954309082031
2025-09-06 13:00:00,500,1.0,5,5,True,True,1.0,1.0,2981.0
2025-09-06 14:00:00,500,1.0,5,5,True,True,1.0,1.0,2981.0
2025-09-06 15:00:00,500,1.0,5,5,True,True,1.0,1.0,2981.0
2025-09-06 16:00:00,500,1.0,5,5,True,True,1.0,1.0,2981.0
2025-09-06 17:00:00,500,1.0,5,5,True,True,1.0,1.0,2981.0
2025-09-06 18:00:00,26,0.052,0,2,False,True,0.0,1.0,2977.01171875
2025-09-06 19:00:00,25,0.05,0,2,False,True,0.0,1.0,2961.0370971679686
2025-09-06 20:00:00,25,0.05,0,2,False,True,0.0,1.0,2959.437451171875
2025-09-06 21:00:00,25,0.05,0,1,False,True,0.0,1.0,2962.4703979492188
2025-09-06 22:00:00,25,0.05,1,1,True,True,1.0,1.0,2951.8218627929687
2025-09-06 23:00:00,28,0.056,2,1,True,True,1.0,1.0,2967.0771484375
2025-09-07 00:00:00,29,0.058,0,2,False,True,0.0,1.0,2929.0986328125
2025-09-07 01:00:00,25,0.05,0,2,False,True,0.0,1.0,2928.589562988281
2025-09-07 02:00:00,25,0.05,0,1,False,True,0.0,1.0,2929.7742065429684
2025-09-07 03:00:00,25,0.05,0,1,False,True,0.0,1.0,2914.729040527344
2025-09-07 04:00:00,500,1.0,5,5,True,True,1.0,1.0,2913.0
2025-09-07 05:00:00,500,1.0,5,5,True,True,1.0,1.0,2913.0
2025-09-07 06:00:00,25,0.05,0,1,False,True,0.0,1.0,2939.8622314453123
2025-09-07 07:00:00,25,0.05,0,3,False,True,0.0,1.0,2936.1079956054687
2025-09-07 08:00:00,26,0.052,0,1,False,True,0.0,1.0,2960.837646484375
2025-09-07 09:00:00,25,0.05,0,1,False,True,0.0,1.0,3342.835302734375
2025-09-07 10:00:00,27,0.054,0,3,False,True,0.0,1.0,3653.993408203125
2025-09-07 11:00:00,25,0.05,0,2,False,True,0.0,1.0,3893.890051269531
2025-09-07 12:00:00,25,0.05,0,2,False,True,0.0,1.0,3979.850842285156
2025-09-07 13:00:00,37,0.074,0,2,False,True,0.0,1.0,3984.610595703125
2025-09-07 14:00:00,25,0.05,0,3,False,True,0.0,1.0,4196.4361328125
2025-09-07 15:00:00,25,0.05,1,1,True,True,1.0,1.0,4553.686059570312
2025-09-07 16:00:00,25,0.05,0,1,False,True,0.0,1.0,4549.473608398437
2025-09-07 17:00:00,25,0.05,0,2,False,True,0.0,1.0,4524.772607421875
2025-09-07 18:00:00,25,0.05,0,1,False,True,0.0,1.0,4569.765087890625
2025-09-07 19:00:00,27,0.054,0,1,False,True,0.0,1.0,4578.5126953125
2025-09-07 20:00:00,27,0.054,0,2,False,True,0.0,1.0,4572.04052734375
2025-09-07 21:00:00,29,0.058,0,2,False,True,0.0,1.0,4559.2001953125
2025-09-07 22:00:00,32,0.064,0,2,False,True,0.0,1.0,4569.00146484375
2025-09-07 23:00:00,28,0.056,0,1,False,True,0.0,1.0,4569.00146484375
2025-09-08 00:00:00,25,0.05,0,1,False,True,0.0,1.0,4432.144213867186
2025-09-08 01:00:00,29,0.058,0,3,False,True,0.0,1.0,4521.09521484375
2025-09-08 02:00:00,30,0.06,0,3,False,True,0.0,1.0,4521.09521484375
2025-09-08 03:00:00,25,0.05,0,3,False,True,0.0,1.0,4509.8697265625
2025-09-08 04:00:00,25,0.05,0,1,False,True,0.0,1.0,4498.469018554688
2025-09-08 05:00:00,25,0.05,0,3,False,True,0.0,1.0,4472.9659423828125
2025-09-08 06:00:00,39,0.078,0,2,False,True,0.0,1.0,4581.880859375
2025-09-08 07:00:00,25,0.05,0,3,False,True,0.0,1.0,4569.56181640625
2025-09-08 08:00:00,31,0.062,0,1,False,True,0.0,1.0,4575.50732421875
2025-09-08 09:00:00,29,0.058,0,3,False,True,0.0,1.0,4535.048828125
2025-09-08 10:00:00,30,0.06,1,1,True,True,1.0,1.0,4555.296875
2025-09-08 11:00:00,25,0.05,0,1,False,True,0.0,1.0,4591.690380859375
2025-09-08 12:00:00,25,0.05,0,1,False,True,0.0,1.0,4493.708764648438
2025-09-08 13:00:00,25,0.05,0,1,False,True,0.0,1.0,4525.92119140625
2025-09-08 14:00:00,25,0.05,0,1,False,True,0.0,1.0,4522.4918212890625
2025-09-08 15:00:00,25,0.05,0,2,False,True,0.0,1.0,4595.125561523438
2025-09-08 16:00:00,36,0.072,0,2,False,True,0.0,1.0,4600.2294921875
2025-09-08 17:00:00,32,0.064,0,3,False,True,0.0,1.0,4602.47265625
2025-09-08 18:00:00,25,0.05,1,1,True,True,1.0,1.0,4574.770776367187
2025-09-08 19:00:00,34,0.068,0,3,False,True,0.0,1.0,4545.33349609375
2025-09-08 20:00:00,28,0.056,0,2,False,True,0.0,1.0,4561.7451171875
2025-09-08 21:00:00,25,0.05,0,1,False,True,0.0,1.0,4530.121484374999
2025-09-08 22:00:00,25,0.05,1,3,True,True,1.0,1.0,4542.793139648437
2025-09-08 23:00:00,25,0.05,0,1,False,True,0.0,1.0,4539.935766601562
2025-09-09 00:00:00,25,0.05,0,1,False,True,0.0,1.0,4515.8043212890625
2025-09-09 01:00:00,25,0.05,0,1,False,True,0.0,1.0,4512.499926757812
2025-09-09 02:00:00,25,0.05,0,1,False,True,0.0,1.0,4536.194848632813
2025-09-09 03:00:00,25,0.05,0,1,False,True,0.0,1.0,4555.031518554687
2025-09-09 04:00:00,25,0.05,0,2,False,True,0.0,1.0,4562.952368164062
2025-09-09 05:00:00,25,0.05,0,2,False,True,0.0,1.0,4557.906640625
2025-09-09 06:00:00,27,0.054,0,2,False,True,0.0,1.0,4560.2392578125
2025-09-09 07:00:00,25,0.05,0,2,False,True,0.0,1.0,4539.528051757812
2025-09-09 08:00:00,25,0.05,0,2,False,True,0.0,1.0,4548.225390625
2025-09-09 09:00:00,25,0.05,0,2,False,True,0.0,1.0,4534.405224609374
2025-09-09 10:00:00,25,0.05,1,2,True,True,1.0,1.0,4494.352978515625
2025-09-09 11:00:00,25,0.05,0,2,False,True,0.0,1.0,4525.8956298828125
2025-09-09 12:00:00,25,0.05,0,2,False,True,0.0,1.0,4509.842749023437
2025-09-09 13:00:00,25,0.05,0,2,False,True,0.0,1.0,4615.138598632812
2025-09-09 14:00:00,29,0.058,0,1,False,True,0.0,1.0,4539.06884765625
2025-09-09 15:00:00,25,0.05,0,1,False,True,0.0,1.0,4521.07548828125
2025-09-09 16:00:00,25,0.05,0,2,False,True,0.0,1.0,4430.225805664062
2025-09-09 17:00:00,25,0.05,0,1,False,True,0.0,1.0,4471.461083984375
2025-09-09 18:00:00,29,0.058,0,3,False,True,0.0,1.0,4406.18896484375
2025-09-09 19:00:00,25,0.05,1,3,True,True,1.0,1.0,4380.465478515624
2025-09-09 20:00:00,31,0.062,0,1,False,True,0.0,1.0,4391.77490234375
2025-09-09 21:00:00,39,0.078,0,2,False,True,0.0,1.0,4337.2275390625
2025-09-09 22:00:00,25,0.05,0,3,False,True,0.0,1.0,4354.455908203125
2025-09-09 23:00:00,25,0.05,0,3,False,True,0.0,1.0,4361.417700195312
2025-09-10 00:00:00,32,0.064,0,3,False,True,0.0,1.0,4360.74267578125
2025-09-10 01:00:00,25,0.05,0,2,False,True,0.0,1.0,4367.986254882812
2025-09-10 02:00:00,25,0.05,0,3,False,True,0.0,1.0,4381.584374999999
2025-09-10 03:00:00,25,0.05,0,2,False,True,0.0,1.0,4412.630834960937
2025-09-10 04:00:00,25,0.05,0,1,False,True,0.0,1.0,4443.297705078125
2025-09-10 05:00:00,25,0.05,0,2,False,True,0.0,1.0,4452.704174804688
2025-09-10 06:00:00,26,0.052,0,2,False,True,0.0,1.0,4401.333984375
2025-09-10 07:00:00,39,0.078,1,2,True,True,1.0,1.0,4402.8447265625
2025-09-10 08:00:00,36,0.072,0,1,False,True,0.0,1.0,4254.23388671875
2025-09-10 09:00:00,26,0.052,0,2,False,True,0.0,1.0,4278.3310546875
2025-09-10 10:00:00,25,0.05,0,2,False,True,0.0,1.0,4320.216503906249
2025-09-10 11:00:00,25,0.05,0,2,False,True,0.0,1.0,4282.780004882812
2025-09-10 12:00:00,27,0.054,0,2,False,True,0.0,1.0,4291.1484375
2025-09-10 13:00:00,25,0.05,0,2,False,True,0.0,1.0,4320.291333007813
2025-09-10 14:00:00,50,0.1,0,3,False,True,0.0,1.0,4214.26025390625
2025-09-10 15:00:00,26,0.052,0,2,False,True,0.0,1.0,4592.9365234375
2025-09-10 16:00:00,30,0.06,1,2,True,True,1.0,1.0,4594.15673828125
2025-09-10 17:00:00,26,0.052,1,2,True,True,1.0,1.0,4586.36083984375
2025-09-10 18:00:00,25,0.05,0,1,False,True,0.0,1.0,4550.293505859375
2025-09-10 19:00:00,25,0.05,0,2,False,True,0.0,1.0,4557.02724609375
2025-09-10 20:00:00,25,0.05,0,2,False,True,0.0,1.0,4550.056567382812
2025-09-10 21:00:00,29,0.058,0,2,False,True,0.0,1.0,4562.39501953125
2025-09-10 22:00:00,25,0.05,0,2,False,True,0.0,1.0,4537.776635742188
2025-09-10 23:00:00,25,0.05,0,1,False,True,0.0,1.0,4560.116601562499
2025-09-11 00:00:00,39,0.078,0,1,False,True,0.0,1.0,4556.69580078125
2025-09-11 01:00:00,26,0.052,0,3,False,True,0.0,1.0,4583.48583984375
2025-09-11 02:00:00,33,0.066,0,1,False,True,0.0,1.0,4554.21533203125
2025-09-11 03:00:00,25,0.05,0,2,False,True,0.0,1.0,4602.825219726562
2025-09-11 04:00:00,27,0.054,0,2,False,True,0.0,1.0,4631.90283203125
2025-09-11 05:00:00,29,0.058,0,2,False,True,0.0,1.0,4611.6005859375
2025-09-11 06:00:00,27,0.054,0,1,False,True,0.0,1.0,4626.42138671875
2025-09-11 07:00:00,25,0.05,0,2,False,True,0.0,1.0,4600.472436523438
2025-09-11 08:00:00,25,0.05,0,1,False,True,0.0,1.0,4592.0841064453125
2025-09-11 09:00:00,25,0.05,1,2,True,True,1.0,1.0,4598.9234375
2025-09-11 10:00:00,25,0.05,0,2,False,True,0.0,1.0,4669.783056640625
2025-09-11 11:00:00,25,0.05,0,2,False,True,0.0,1.0,4683.4473876953125
2025-09-11 12:00:00,25,0.05,0,2,False,True,0.0,1.0,4606.434252929687
2025-09-11 13:00:00,25,0.05,0,1,False,True,0.0,1.0,4642.047534179687
2025-09-11 14:00:00,25,0.05,0,2,False,True,0.0,1.0,4428.912744140624
2025-09-11 15:00:00,25,0.05,0,2,False,True,0.0,1.0,4370.161523437499
2025-09-11 16:00:00,25,0.05,0,2,False,True,0.0,1.0,4338.17880859375
2025-09-11 17:00:00,32,0.064,0,2,False,True,0.0,1.0,4383.4130859375
2025-09-11 18:00:00,32,0.064,0,2,False,True,0.0,1.0,4419.3798828125
2025-09-11 19:00:00,25,0.05,0,2,False,True,0.0,1.0,4386.492407226562
2025-09-11 20:00:00,32,0.064,0,2,False,True,0.0,1.0,4397.1357421875
2025-09-11 21:00:00,25,0.05,0,2,False,True,0.0,1.0,4326.68271484375
2025-09-11 22:00:00,25,0.05,0,2,False,True,0.0,1.0,4373.13486328125
2025-09-11 23:00:00,25,0.05,0,2,False,True,0.0,1.0,4366.392993164062
2025-09-12 00:00:00,25,0.05,0,2,False,True,0.0,1.0,4214.199267578125
2025-09-12 01:00:00,25,0.05,0,2,False,True,0.0,1.0,4271.71201171875
2025-09-12 02:00:00,25,0.05,0,2,False,True,0.0,1.0,4303.981640625
2025-09-12 03:00:00,29,0.058,0,3,False,True,0.0,1.0,4283.56298828125
2025-09-12 04:00:00,26,0.052,0,1,False,True,0.0,1.0,4277.572265625
2025-09-12 05:00:00,27,0.054,0,3,False,True,0.0,1.0,4283.8134765625
2025-09-12 06:00:00,25,0.05,0,2,False,True,0.0,1.0,4201.320922851561
2025-09-12 07:00:00,26,0.052,0,3,False,True,0.0,1.0,4078.716064453125
2025-09-12 08:00:00,29,0.058,0,2,False,True,0.0,1.0,4092.50341796875
2025-09-12 09:00:00,25,0.05,0,3,False,True,0.0,1.0,4151.325512695313
2025-09-12 10:00:00,25,0.05,1,2,True,True,1.0,1.0,4187.885229492187
2025-09-12 11:00:00,31,0.062,0,1,False,True,0.0,1.0,4249.32373046875
2025-09-12 12:00:00,45,0.09,0,3,False,True,0.0,1.0,4227.388671875
2025-09-12 13:00:00,25,0.05,0,2,False,True,0.0,1.0,4368.626953125
2025-09-12 14:00:00,26,0.052,0,2,False,True,0.0,1.0,4224.05078125
2025-09-12 15:00:00,29,0.058,0,2,False,True,0.0,1.0,4210.74072265625
2025-09-12 16:00:00,27,0.054,0,1,False,True,0.0,1.0,4037.3291015625
2025-09-12 17:00:00,500,1.0,5,5,True,True,1.0,1.0,3926.0
2025-09-12 18:00:00,500,1.0,5,5,True,True,1.0,1.0,3431.0
2025-09-12 19:00:00,500,1.0,5,5,True,True,1.0,1.0,3202.0
2025-09-12 20:00:00,25,0.05,0,2,False,True,0.0,1.0,3075.076220703125
2025-09-12 21:00:00,26,0.052,0,2,False,True,0.0,1.0,3078.114013671875
2025-09-12 22:00:00,29,0.058,0,1,False,True,0.0,1.0,3077.42431640625
2025-09-12 23:00:00,41,0.082,0,2,False,True,0.0,1.0,3080.589111328125
2025-09-13 00:00:00,27,0.054,0,1,False,True,0.0,1.0,3097.751708984375
2025-09-13 01:00:00,33,0.066,1,3,True,True,1.0,1.0,3098.35400390625
2025-09-13 02:00:00,36,0.072,0,2,False,True,0.0,1.0,3108.357421875
2025-09-13 03:00:00,30,0.06,0,2,False,True,0.0,1.0,3090.932373046875
2025-09-13 04:00:00,26,0.052,0,2,False,True,0.0,1.0,3093.69189453125
2025-09-13 05:00:00,25,0.05,0,2,False,True,0.0,1.0,3073.971228027344
2025-09-13 06:00:00,35,0.07,1,1,True,True,1.0,1.0,3071.87744140625
2025-09-13 07:00:00,34,0.068,0,2,False,True,0.0,1.0,3066.89501953125
2025-09-13 08:00:00,39,0.078,0,2,False,True,0.0,1.0,3067.637939453125
2025-09-13 09:00:00,27,0.054,0,1,False,True,0.0,1.0,3066.89599609375
2025-09-13 10:00:00,35,0.07,0,1,False,True,0.0,1.0,3103.234130859375
2025-09-13 11:00:00,26,0.052,0,2,False,True,0.0,1.0,3109.05517578125
2025-09-13 12:00:00,27,0.054,0,2,False,True,0.0,1.0,3136.66552734375
2025-09-13 13:00:00,25,0.05,0,1,False,True,0.0,1.0,3110.6160644531246
2025-09-13 14:00:00,25,0.05,0,3,False,True,0.0,1.0,3154.5512573242186
2025-09-13 15:00:00,43,0.086,0,2,False,True,0.0,1.0,3095.347412109375
2025-09-13 16:00:00,32,0.064,0,1,False,True,0.0,1.0,3154.868896484375
2025-09-13 17:00:00,30,0.06,0,2,False,True,0.0,1.0,3147.63232421875
2025-09-13 18:00:00,25,0.05,0,1,False,True,0.0,1.0,3105.3446533203123
2025-09-13 19:00:00,28,0.056,0,1,False,True,0.0,1.0,3118.912109375
2025-09-13 20:00:00,25,0.05,0,1,False,True,0.0,1.0,3086.9339233398437
2025-09-13 21:00:00,25,0.05,0,2,False,True,0.0,1.0,3092.7657226562496
2025-09-13 22:00:00,29,0.058,0,1,False,True,0.0,1.0,3121.01806640625
2025-09-13 23:00:00,25,0.05,0,1,False,True,0.0,1.0,3097.3678466796873
2025-09-14 00:00:00,25,0.05,1,1,True,True,1.0,1.0,3074.8537841796874
2025-09-14 01:00:00,25,0.05,0,1,False,True,0.0,1.0,3036.04541015625
2025-09-14 02:00:00,28,0.056,0,1,False,True,0.0,1.0,3095.93115234375
2025-09-14 03:00:00,25,0.05,0,2,False,True,0.0,1.0,3093.973596191406
2025-09-14 04:00:00,31,0.062,0,2,False,True,0.0,1.0,3093.480712890625
2025-09-14 05:00:00,31,0.062,0,2,False,True,0.0,1.0,3091.806396484375
2025-09-14 06:00:00,25,0.05,0,2,False,True,0.0,1.0,3100.2248413085936
2025-09-14 07:00:00,32,0.064,0,2,False,True,0.0,1.0,3120.825439453125
2025-09-14 08:00:00,25,0.05,1,1,True,True,1.0,1.0,3119.554577636719
2025-09-14 09:00:00,25,0.05,0,1,False,True,0.0,1.0,3392.7388549804687
2025-09-14 10:00:00,25,0.05,0,2,False,True,0.0,1.0,3545.7697021484373
2025-09-14 11:00:00,25,0.05,0,2,False,True,0.0,1.0,3707.8715087890623
2025-09-14 12:00:00,30,0.06,0,2,False,True,0.0,1.0,3904.3720703125
2025-09-14 13:00:00,25,0.05,0,3,False,True,0.0,1.0,4230.928881835937
2025-09-14 14:00:00,28,0.056,0,2,False,True,0.0,1.0,4380.71142578125
2025-09-14 15:00:00,26,0.052,0,1,False,True,0.0,1.0,4701.37060546875
2025-09-14 16:00:00,26,0.052,0,1,False,True,0.0,1.0,4687.28857421875
2025-09-14 17:00:00,28,0.056,1,1,True,True,1.0,1.0,4688.36767578125
2025-09-14 18:00:00,25,0.05,0,2,False,True,0.0,1.0,4688.399243164063
2025-09-14 19:00:00,26,0.052,0,3,False,True,0.0,1.0,4695.76171875
2025-09-14 20:00:00,28,0.056,0,1,False,True,0.0,1.0,4697.8203125
2025-09-14 21:00:00,27,0.054,0,2,False,True,0.0,1.0,4695.24169921875
2025-09-14 22:00:00,27,0.054,0,2,False,True,0.0,1.0,4700.05615234375
2025-09-14 23:00:00,25,0.05,0,2,False,True,0.0,1.0,4698.569287109375
2025-09-15 00:00:00,27,0.054,0,2,False,True,0.0,1.0,4690.7431640625
2025-09-15 01:00:00,34,0.068,0,2,False,True,0.0,1.0,4660.74609375
2025-09-15 02:00:00,25,0.05,0,2,False,True,0.0,1.0,4676.940087890624
2025-09-15 03:00:00,31,0.062,0,1,False,True,0.0,1.0,4664.00634765625
2025-09-15 04:00:00,27,0.054,0,2,False,True,0.0,1.0,4664.00634765625
2025-09-15 05:00:00,35,0.07,0,3,False,True,0.0,1.0,4643.6845703125
2025-09-15 06:00:00,25,0.05,0,2,False,True,0.0,1.0,4775.834326171875
2025-09-15 07:00:00,25,0.05,0,2,False,True,0.0,1.0,4685.295629882812
2025-09-15 08:00:00,25,0.05,0,2,False,True,0.0,1.0,4729.13974609375
2025-09-15 09:00:00,25,0.05,0,1,False,True,0.0,1.0,4717.073486328124
2025-09-15 10:00:00,28,0.056,0,2,False,True,0.0,1.0,4745.2744140625
2025-09-15 11:00:00,25,0.05,0,1,False,True,0.0,1.0,4703.594165039062
2025-09-15 12:00:00,25,0.05,0,2,False,True,0.0,1.0,4536.454858398437
2025-09-15 13:00:00,25,0.05,0,2,False,True,0.0,1.0,4456.046630859375
2025-09-15 14:00:00,30,0.06,0,2,False,True,0.0,1.0,4382.10595703125
2025-09-15 15:00:00,31,0.062,0,2,False,True,0.0,1.0,4453.3203125
2025-09-15 16:00:00,25,0.05,0,2,False,True,0.0,1.0,4554.821752929687
2025-09-15 17:00:00,28,0.056,0,1,False,True,0.0,1.0,4559.908203125
2025-09-15 18:00:00,38,0.076,0,1,False,True,0.0,1.0,4531.03662109375
2025-09-15 19:00:00,41,0.082,0,2,False,True,0.0,1.0,4531.03662109375
2025-09-15 20:00:00,42,0.084,0,3,False,True,0.0,1.0,4530.26708984375
2025-09-15 21:00:00,27,0.054,0,1,False,True,0.0,1.0,4536.62646484375
2025-09-15 22:00:00,36,0.072,1,1,True,True,1.0,1.0,4530.86669921875
2025-09-15 23:00:00,26,0.052,0,1,False,True,0.0,1.0,4538.41650390625
2025-09-16 00:00:00,26,0.052,0,1,False,True,0.0,1.0,4590.28662109375
2025-09-16 01:00:00,25,0.05,0,2,False,True,0.0,1.0,4589.843164062499
2025-09-16 02:00:00,25,0.05,0,2,False,True,0.0,1.0,4572.199145507812
2025-09-16 03:00:00,27,0.054,0,2,False,True,0.0,1.0,4600.95458984375
2025-09-16 04:00:00,25,0.05,0,1,False,True,0.0,1.0,4568.394799804687
2025-09-16 05:00:00,29,0.058,0,1,False,True,0.0,1.0,4598.77392578125
2025-09-16 06:00:00,25,0.05,0,1,False,True,0.0,1.0,4549.565087890624
2025-09-16 07:00:00,30,0.06,0,2,False,True,0.0,1.0,4545.88720703125
2025-09-16 08:00:00,31,0.062,0,3,False,True,0.0,1.0,4543.693359375
2025-09-16 09:00:00,25,0.05,0,2,False,True,0.0,1.0,4517.586401367187
2025-09-16 10:00:00,29,0.058,0,2,False,True,0.0,1.0,4514.7939453125
2025-09-16 11:00:00,27,0.054,0,1,False,True,0.0,1.0,4474.111328125
2025-09-16 12:00:00,28,0.056,0,2,False,True,0.0,1.0,4465.083984375
2025-09-16 13:00:00,25,0.05,0,2,False,True,0.0,1.0,4486.096215820312
2025-09-16 14:00:00,52,0.104,0,3,False,True,0.0,1.0,4476.74755859375
2025-09-16 15:00:00,25,0.05,0,1,False,True,0.0,1.0,4680.9395751953125
2025-09-16 16:00:00,25,0.05,0,2,False,True,0.0,1.0,4679.42783203125
2025-09-16 17:00:00,28,0.056,0,1,False,True,0.0,1.0,4698.97265625
2025-09-16 18:00:00,32,0.064,0,1,False,True,0.0,1.0,4708.55517578125
2025-09-16 19:00:00,25,0.05,0,2,False,True,0.0,1.0,4691.969384765624
2025-09-16 20:00:00,25,0.05,0,3,False,True,0.0,1.0,4655.137915039062
2025-09-16 21:00:00,25,0.05,0,4,False,True,0.0,1.0,4655.459594726562
2025-09-16 22:00:00,25,0.05,0,2,False,True,0.0,1.0,4627.7374267578125
2025-09-16 23:00:00,25,0.05,0,1,False,True,0.0,1.0,4668.391503906249
2025-09-17 00:00:00,25,0.05,0,2,False,True,0.0,1.0,4633.935131835938
2025-09-17 01:00:00,25,0.05,0,2,False,True,0.0,1.0,4654.407592773437
2025-09-17 02:00:00,25,0.05,0,2,False,True,0.0,1.0,4690.021533203125
2025-09-17 03:00:00,25,0.05,0,1,False,True,0.0,1.0,4646.233813476562
2025-09-17 04:00:00,25,0.05,0,2,False,True,0.0,1.0,4689.210961914063
2025-09-17 05:00:00,25,0.05,1,1,True,True,1.0,1.0,4654.925537109375
2025-09-17 06:00:00,27,0.054,1,3,True,True,1.0,1.0,4647.93310546875
2025-09-17 07:00:00,41,0.082,0,2,False,True,0.0,1.0,4570.40673828125
2025-09-17 08:00:00,26,0.052,0,2,False,True,0.0,1.0,4596.22265625
2025-09-17 09:00:00,25,0.05,1,1,True,True,1.0,1.0,4514.765527343749
2025-09-17 10:00:00,28,0.056,0,4,False,True,0.0,1.0,4487.07568359375
2025-09-17 11:00:00,25,0.05,0,1,False,True,0.0,1.0,4446.4202880859375
2025-09-17 12:00:00,30,0.06,0,2,False,True,0.0,1.0,4434.0732421875
2025-09-17 13:00:00,26,0.052,0,1,False,True,0.0,1.0,4410.8173828125
2025-09-17 14:00:00,27,0.054,0,1,False,True,0.0,1.0,4337.041015625
2025-09-17 15:00:00,26,0.052,0,3,False,True,0.0,1.0,4507.82373046875
2025-09-17 16:00:00,25,0.05,0,2,False,True,0.0,1.0,4553.355029296875
2025-09-17 17:00:00,25,0.05,0,1,False,True,0.0,1.0,4546.588232421875
2025-09-17 18:00:00,25,0.05,0,1,False,True,0.0,1.0,4527.111157226562
2025-09-17 19:00:00,25,0.05,0,2,False,True,0.0,1.0,4543.752270507813
2025-09-17 20:00:00,25,0.05,0,1,False,True,0.0,1.0,4525.950268554688
2025-09-17 21:00:00,25,0.05,0,3,False,True,0.0,1.0,4536.949291992188
2025-09-17 22:00:00,25,0.05,0,1,False,True,0.0,1.0,4524.364282226563
2025-09-17 23:00:00,25,0.05,0,2,False,True,0.0,1.0,4502.89619140625
2025-09-18 00:00:00,30,0.06,0,2,False,True,0.0,1.0,4563.11865234375
2025-09-18 01:00:00,25,0.05,0,2,False,True,0.0,1.0,4547.9490966796875
2025-09-18 02:00:00,26,0.052,0,1,False,True,0.0,1.0,4582.52099609375
2025-09-18 03:00:00,25,0.05,0,2,False,True,0.0,1.0,4565.815454101563
2025-09-18 04:00:00,25,0.05,0,1,False,True,0.0,1.0,4530.83173828125
2025-09-18 05:00:00,25,0.05,0,3,False,True,0.0,1.0,4524.052563476562
2025-09-18 06:00:00,27,0.054,0,2,False,True,0.0,1.0,4566.712890625
2025-09-18 07:00:00,29,0.058,1,2,True,True,1.0,1.0,4563.5361328125
2025-09-18 08:00:00,33,0.066,1,1,True,True,1.0,1.0,4522.8232421875
2025-09-18 09:00:00,31,0.062,1,2,True,True,1.0,1.0,4523.30517578125
2025-09-18 10:00:00,25,0.05,0,1,False,True,0.0,1.0,4502.756323242187
2025-09-18 11:00:00,32,0.064,0,3,False,True,0.0,1.0,4457.38623046875
2025-09-18 12:00:00,29,0.058,0,2,False,True,0.0,1.0,4558.16259765625
2025-09-18 13:00:00,25,0.05,0,2,False,True,0.0,1.0,4637.87724609375
2025-09-18 14:00:00,25,0.05,0,2,False,True,0.0,1.0,4637.835131835937
2025-09-18 15:00:00,34,0.068,0,2,False,True,0.0,1.0,4666.51953125
2025-09-18 16:00:00,45,0.09,0,4,False,True,0.0,1.0,4651.14453125
2025-09-18 17:00:00,36,0.072,0,2,False,True,0.0,1.0,4643.2802734375
2025-09-18 18:00:00,29,0.058,0,2,False,True,0.0,1.0,4677.9814453125
2025-09-18 19:00:00,26,0.052,0,2,False,True,0.0,1.0,4654.62890625
2025-09-18 20:00:00,26,0.052,0,1,False,True,0.0,1.0,4644.4833984375
2025-09-18 21:00:00,26,0.052,0,2,False,True,0.0,1.0,4619.7333984375
2025-09-18 22:00:00,30,0.06,1,2,True,True,1.0,1.0,4622.28125
2025-09-18 23:00:00,25,0.05,0,1,False,True,0.0,1.0,4620.510717773437
2025-09-19 00:00:00,28,0.056,0,3,False,True,0.0,1.0,4769.529296875
2025-09-19 01:00:00,27,0.054,0,2,False,True,0.0,1.0,4777.5830078125
2025-09-19 02:00:00,25,0.05,0,1,False,True,0.0,1.0,4790.4205322265625
2025-09-19 03:00:00,28,0.056,0,1,False,True,0.0,1.0,4777.36474609375
2025-09-19 04:00:00,35,0.07,0,1,False,True,0.0,1.0,4793.275390625
2025-09-19 05:00:00,25,0.05,0,1,False,True,0.0,1.0,4770.992114257812
2025-09-19 06:00:00,25,0.05,0,1,False,True,0.0,1.0,4728.481762695313
2025-09-19 07:00:00,25,0.05,0,1,False,True,0.0,1.0,4724.4442138671875
2025-09-19 08:00:00,45,0.09,0,2,False,True,0.0,1.0,4712.61328125
2025-09-19 09:00:00,26,0.052,0,2,False,True,0.0,1.0,4729.81982421875
2025-09-19 10:00:00,42,0.084,0,3,False,True,0.0,1.0,4672.955078125
2025-09-19 11:00:00,37,0.074,0,1,False,True,0.0,1.0,4646.22607421875
2025-09-19 12:00:00,34,0.068,0,3,False,True,0.0,1.0,4563.9375
2025-09-19 13:00:00,27,0.054,0,3,False,True,0.0,1.0,4447.421875
2025-09-19 14:00:00,25,0.05,0,2,False,True,0.0,1.0,4289.138842773437
2025-09-19 15:00:00,25,0.05,0,2,False,True,0.0,1.0,4215.970703125
2025-09-19 16:00:00,25,0.05,0,1,False,True,0.0,1.0,4244.110766601562
2025-09-19 17:00:00,500,1.0,5,5,True,True,1.0,1.0,3978.0
2025-09-19 18:00:00,500,1.0,5,5,True,True,1.0,1.0,3568.0
2025-09-19 19:00:00,500,1.0,5,5,True,True,1.0,1.0,3318.0
2025-09-19 20:00:00,27,0.054,0,1,False,True,0.0,1.0,3158.9033203125
2025-09-19 21:00:00,28,0.056,0,2,False,True,0.0,1.0,3151.613037109375
2025-09-19 22:00:00,31,0.062,1,2,True,True,1.0,1.0,3156.4951171875
2025-09-19 23:00:00,50,0.1,0,3,False,True,0.0,1.0,3154.701904296875
2025-09-20 00:00:00,25,0.05,1,1,True,True,1.0,1.0,3177.2912719726564
2025-09-20 01:00:00,26,0.052,0,2,False,True,0.0,1.0,3200.73876953125
2025-09-20 02:00:00,25,0.05,0,2,False,True,0.0,1.0,3186.905798339844
2025-09-20 03:00:00,25,0.05,0,1,False,True,0.0,1.0,3174.207373046875
2025-09-20 04:00:00,33,0.066,0,1,False,True,0.0,1.0,3188.704345703125
2025-09-20 05:00:00,28,0.056,0,1,False,True,0.0,1.0,3186.00439453125
2025-09-20 06:00:00,29,0.058,0,1,False,True,0.0,1.0,3165.1572265625
2025-09-20 07:00:00,28,0.056,1,1,True,True,1.0,1.0,3161.567138671875
2025-09-20 08:00:00,25,0.05,0,2,False,True,0.0,1.0,3134.1989013671873
2025-09-20 09:00:00,34,0.068,0,2,False,True,0.0,1.0,3149.36328125
2025-09-20 10:00:00,25,0.05,0,1,False,True,0.0,1.0,3172.2857299804687
2025-09-20 11:00:00,25,0.05,0,1,False,True,0.0,1.0,3210.9768188476564
2025-09-20 12:00:00,27,0.054,0,1,False,True,0.0,1.0,3180.83642578125
2025-09-20 13:00:00,26,0.052,0,2,False,True,0.0,1.0,3234.606201171875
2025-09-20 14:00:00,25,0.05,1,2,True,True,1.0,1.0,3221.8655639648437
2025-09-20 15:00:00,30,0.06,0,1,False,True,0.0,1.0,3182.587646484375
2025-09-20 16:00:00,25,0.05,0,1,False,True,0.0,1.0,3238.618444824219
2025-09-20 17:00:00,25,0.05,0,1,False,True,0.0,1.0,3234.539697265625
2025-09-20 18:00:00,27,0.054,0,1,False,True,0.0,1.0,3245.093994140625
2025-09-20 19:00:00,32,0.064,1,1,True,True,1.0,1.0,3246.7802734375
2025-09-20 20:00:00,28,0.056,0,2,False,True,0.0,1.0,3242.14501953125
2025-09-20 21:00:00,25,0.05,1,1,True,True,1.0,1.0,3239.5956909179686
2025-09-20 22:00:00,28,0.056,0,1,False,True,0.0,1.0,3243.304931640625
2025-09-20 23:00:00,25,0.05,0,2,False,True,0.0,1.0,3239.8713256835936
2025-09-21 00:00:00,31,0.062,0,2,False,True,0.0,1.0,3245.15234375
2025-09-21 01:00:00,26,0.052,1,1,True,True,1.0,1.0,3245.4384765625
2025-09-21 02:00:00,33,0.066,0,1,False,True,0.0,1.0,3245.4384765625
2025-09-21 03:00:00,26,0.052,0,1,False,True,0.0,1.0,3245.15234375
2025-09-21 04:00:00,26,0.052,1,2,True,True,1.0,1.0,3237.118408203125
2025-09-21 05:00:00,28,0.056,0,1,False,True,0.0,1.0,3236.969970703125
2025-09-21 06:00:00,25,0.05,0,2,False,True,0.0,1.0,3199.7360229492188
2025-09-21 07:00:00,26,0.052,1,2,True,True,1.0,1.0,3202.581787109375
2025-09-21 08:00:00,25,0.05,0,2,False,True,0.0,1.0,3201.169921875
2025-09-21 09:00:00,25,0.05,0,2,False,True,0.0,1.0,3863.3166381835936
2025-09-21 10:00:00,27,0.054,0,2,False,True,0.0,1.0,4191.650390625
2025-09-21 11:00:00,25,0.05,0,2,False,True,0.0,1.0,4344.093896484374
2025-09-21 12:00:00,30,0.06,0,3,False,True,0.0,1.0,4535.3017578125
2025-09-21 13:00:00,26,0.052,0,3,False,True,0.0,1.0,4717.31298828125
2025-09-21 14:00:00,25,0.05,0,1,False,True,0.0,1.0,4699.421069335937
2025-09-21 15:00:00,36,0.072,0,2,False,True,0.0,1.0,4716.2275390625
2025-09-21 16:00:00,25,0.05,0,1,False,True,0.0,1.0,4717.264916992188
2025-09-21 17:00:00,42,0.084,0,2,False,True,0.0,1.0,4717.36962890625
2025-09-21 18:00:00,32,0.064,0,2,False,True,0.0,1.0,4744.9462890625
2025-09-21 19:00:00,35,0.07,0,2,False,True,0.0,1.0,4743.7060546875
2025-09-21 20:00:00,49,0.098,0,1,False,True,0.0,1.0,4722.73779296875
2025-09-21 21:00:00,26,0.052,1,3,True,True,1.0,1.0,4745.67626953125
2025-09-21 22:00:00,25,0.05,0,2,False,True,0.0,1.0,4724.006201171875
2025-09-21 23:00:00,26,0.052,0,3,False,True,0.0,1.0,4741.90869140625
2025-09-22 00:00:00,25,0.05,0,1,False,True,0.0,1.0,4726.831762695312
2025-09-22 01:00:00,25,0.05,0,2,False,True,0.0,1.0,4724.910473632813
2025-09-22 02:00:00,25,0.05,0,1,False,True,0.0,1.0,4722.47236328125
2025-09-22 03:00:00,27,0.054,0,2,False,True,0.0,1.0,4707.53515625
2025-09-22 04:00:00,25,0.05,0,2,False,True,0.0,1.0,4707.447094726563
2025-09-22 05:00:00,25,0.05,0,2,False,True,0.0,1.0,4691.973364257812
2025-09-22 06:00:00,27,0.054,0,1,False,True,0.0,1.0,4697.46142578125
2025-09-22 07:00:00,47,0.094,0,2,False,True,0.0,1.0,4695.93408203125
2025-09-22 08:00:00,25,0.05,0,1,False,True,0.0,1.0,4692.179907226562
2025-09-22 09:00:00,29,0.058,0,1,False,True,0.0,1.0,4684.13916015625
2025-09-22 10:00:00,25,0.05,0,1,False,True,0.0,1.0,4640.7064208984375
2025-09-22 11:00:00,30,0.06,0,2,False,True,0.0,1.0,4712.3759765625
2025-09-22 12:00:00,25,0.05,0,2,False,True,0.0,1.0,4652.93701171875
2025-09-22 13:00:00,29,0.058,0,2,False,True,0.0,1.0,4631.65380859375
2025-09-22 14:00:00,27,0.054,0,1,False,True,0.0,1.0,4561.45654296875
2025-09-22 15:00:00,25,0.05,0,2,False,True,0.0,1.0,4348.22001953125
2025-09-22 16:00:00,30,0.06,0,1,False,True,0.0,1.0,4279.451171875
2025-09-22 17:00:00,25,0.05,0,1,False,True,0.0,1.0,4200.204760742187
2025-09-22 18:00:00,35,0.07,0,1,False,True,0.0,1.0,4185.6142578125
2025-09-22 19:00:00,25,0.05,0,1,False,True,0.0,1.0,4174.244555664062
2025-09-22 20:00:00,26,0.052,0,1,False,True,0.0,1.0,4189.666015625
2025-09-22 21:00:00,37,0.074,0,1,False,True,0.0,1.0,4150.17626953125
2025-09-22 22:00:00,28,0.056,0,1,False,True,0.0,1.0,4158.46337890625
2025-09-22 23:00:00,25,0.05,0,1,False,True,0.0,1.0,4157.388183593749
2025-09-23 00:00:00,37,0.074,0,2,False,True,0.0,1.0,4099.56787109375
2025-09-23 01:00:00,33,0.066,0,3,False,True,0.0,1.0,4115.24755859375
2025-09-23 02:00:00,25,0.05,0,2,False,True,0.0,1.0,4105.97373046875
2025-09-23 03:00:00,25,0.05,0,2,False,True,0.0,1.0,4095.8422729492186
2025-09-23 04:00:00,25,0.05,0,2,False,True,0.0,1.0,4077.8118286132812
2025-09-23 05:00:00,25,0.05,0,1,False,True,0.0,1.0,4098.260083007813
2025-09-23 06:00:00,25,0.05,0,1,False,True,0.0,1.0,4158.748022460937
2025-09-23 07:00:00,25,0.05,0,2,False,True,0.0,1.0,4157.3720703125
2025-09-23 08:00:00,29,0.058,0,2,False,True,0.0,1.0,4198.13671875
2025-09-23 09:00:00,26,0.052,0,2,False,True,0.0,1.0,4201.77685546875
2025-09-23 10:00:00,25,0.05,0,2,False,True,0.0,1.0,4242.7322265625
2025-09-23 11:00:00,25,0.05,0,2,False,True,0.0,1.0,4357.3792724609375
2025-09-23 12:00:00,25,0.05,0,2,False,True,0.0,1.0,4531.4842529296875
2025-09-23 13:00:00,28,0.056,0,2,False,True,0.0,1.0,4621.01220703125
2025-09-23 14:00:00,25,0.05,0,3,False,True,0.0,1.0,4617.651171875
2025-09-23 15:00:00,25,0.05,0,1,False,True,0.0,1.0,4610.1807861328125
2025-09-23 16:00:00,25,0.05,0,2,False,True,0.0,1.0,4581.203662109375
2025-09-23 17:00:00,28,0.056,1,1,True,True,1.0,1.0,4631.4140625
2025-09-23 18:00:00,27,0.054,0,2,False,True,0.0,1.0,4602.951171875
2025-09-23 19:00:00,27,0.054,0,2,False,True,0.0,1.0,4602.951171875
2025-09-23 20:00:00,25,0.05,0,3,False,True,0.0,1.0,4572.13193359375
2025-09-23 21:00:00,40,0.08,0,3,False,True,0.0,1.0,4530.50927734375
2025-09-23 22:00:00,25,0.05,0,1,False,True,0.0,1.0,4516.275903320313
2025-09-23 23:00:00,38,0.076,0,3,False,True,0.0,1.0,4512.53173828125
2025-09-24 00:00:00,25,0.05,0,2,False,True,0.0,1.0,4582.902905273437
2025-09-24 01:00:00,28,0.056,0,2,False,True,0.0,1.0,4607.10595703125
2025-09-24 02:00:00,26,0.052,0,3,False,True,0.0,1.0,4607.75732421875
2025-09-24 03:00:00,25,0.05,0,3,False,True,0.0,1.0,4592.807519531249
2025-09-24 04:00:00,26,0.052,0,1,False,True,0.0,1.0,4609.21435546875
2025-09-24 05:00:00,25,0.05,0,2,False,True,0.0,1.0,4587.387182617187
2025-09-24 06:00:00,25,0.05,0,2,False,True,0.0,1.0,4551.237036132812
2025-09-24 07:00:00,30,0.06,0,3,False,True,0.0,1.0,4432.2060546875
2025-09-24 08:00:00,25,0.05,0,3,False,True,0.0,1.0,4429.391333007812
2025-09-24 09:00:00,25,0.05,0,2,False,True,0.0,1.0,4406.527734374999
2025-09-24 10:00:00,28,0.056,0,2,False,True,0.0,1.0,4347.48974609375
2025-09-24 11:00:00,34,0.068,0,3,False,True,0.0,1.0,4298.09228515625
2025-09-24 12:00:00,27,0.054,0,2,False,True,0.0,1.0,4215.97412109375
2025-09-24 13:00:00,25,0.05,0,2,False,True,0.0,1.0,4201.8419189453125
2025-09-24 14:00:00,32,0.064,0,2,False,True,0.0,1.0,4182.37158203125
2025-09-24 15:00:00,25,0.05,0,1,False,True,0.0,1.0,4421.432861328125
2025-09-24 16:00:00,25,0.05,0,1,False,True,0.0,1.0,4490.60224609375
2025-09-24 17:00:00,25,0.05,0,1,False,True,0.0,1.0,4482.063720703125
2025-09-24 18:00:00,50,0.1,1,2,True,True,1.0,1.0,4474.5263671875
2025-09-24 19:00:00,28,0.056,0,2,False,True,0.0,1.0,4491.08203125
2025-09-24 20:00:00,25,0.05,1,1,True,True,1.0,1.0,4482.50888671875
2025-09-24 21:00:00,26,0.052,0,3,False,True,0.0,1.0,4505.46630859375
2025-09-24 22:00:00,25,0.05,0,1,False,True,0.0,1.0,4481.562988281249
2025-09-24 23:00:00,31,0.062,0,3,False,True,0.0,1.0,4505.46630859375
2025-09-25 00:00:00,45,0.09,0,2,False,True,0.0,1.0,4482.07080078125
2025-09-25 01:00:00,25,0.05,0,1,False,True,0.0,1.0,4488.806542968749
2025-09-25 02:00:00,25,0.05,0,3,False,True,0.0,1.0,4515.253247070313
2025-09-25 03:00:00,27,0.054,0,2,False,True,0.0,1.0,4513.83251953125
2025-09-25 04:00:00,27,0.054,0,1,False,True,0.0,1.0,4487.4833984375
2025-09-25 05:00:00,32,0.064,0,2,False,True,0.0,1.0,4487.4833984375
2025-09-25 06:00:00,33,0.066,0,1,False,True,0.0,1.0,4467.87646484375
2025-09-25 07:00:00,25,0.05,0,1,False,True,0.0,1.0,4488.740966796875
2025-09-25 08:00:00,37,0.074,0,3,False,True,0.0,1.0,4459.2021484375
2025-09-25 09:00:00,37,0.074,0,3,False,True,0.0,1.0,4453.13671875
2025-09-25 10:00:00,25,0.05,0,3,False,True,0.0,1.0,4456.366015625
2025-09-25 11:00:00,25,0.05,0,2,False,True,0.0,1.0,4356.100659179688
2025-09-25 12:00:00,27,0.054,0,2,False,True,0.0,1.0,4413.00634765625
2025-09-25 13:00:00,25,0.05,0,3,False,True,0.0,1.0,4399.2801513671875
2025-09-25 14:00:00,27,0.054,1,1,True,True,1.0,1.0,4353.88330078125
2025-09-25 15:00:00,31,0.062,0,1,False,True,0.0,1.0,4344.1650390625
2025-09-25 16:00:00,25,0.05,1,1,True,True,1.0,1.0,4341.32177734375
2025-09-25 17:00:00,500,1.0,5,5,True,True,1.0,1.0,4281.0
2025-09-25 18:00:00,25,0.05,0,1,False,True,0.0,1.0,4006.5003295898437
2025-09-25 19:00:00,25,0.05,0,2,False,True,0.0,1.0,4027.6168334960935
2025-09-25 20:00:00,25,0.05,0,3,False,True,0.0,1.0,4013.2357788085938
2025-09-25 21:00:00,30,0.06,0,2,False,True,0.0,1.0,4031.143798828125
2025-09-25 22:00:00,26,0.052,0,1,False,True,0.0,1.0,4031.143798828125
2025-09-25 23:00:00,25,0.05,0,1,False,True,0.0,1.0,4029.5089843749997
2025-09-26 00:00:00,25,0.05,0,1,False,True,0.0,1.0,4020.13828125
2025-09-26 01:00:00,29,0.058,0,2,False,True,0.0,1.0,4032.843994140625
2025-09-26 02:00:00,38,0.076,0,3,False,True,0.0,1.0,4017.70263671875
2025-09-26 03:00:00,26,0.052,0,1,False,True,0.0,1.0,4034.99365234375
2025-09-26 04:00:00,25,0.05,0,2,False,True,0.0,1.0,4006.964331054687
2025-09-26 05:00:00,28,0.056,0,2,False,True,0.0,1.0,4015.760986328125
2025-09-26 06:00:00,31,0.062,0,2,False,True,0.0,1.0,4019.551513671875
2025-09-26 07:00:00,30,0.06,0,3,False,True,0.0,1.0,4019.42041015625
2025-09-26 08:00:00,27,0.054,0,1,False,True,0.0,1.0,4020.06396484375
2025-09-26 09:00:00,49,0.098,0,3,False,True,0.0,1.0,4023.39697265625
2025-09-26 10:00:00,28,0.056,0,3,False,True,0.0,1.0,4056.144287109375
2025-09-26 11:00:00,40,0.08,0,2,False,True,0.0,1.0,4044.580078125
2025-09-26 12:00:00,30,0.06,0,1,False,True,0.0,1.0,4075.810302734375
2025-09-26 13:00:00,28,0.056,0,2,False,True,0.0,1.0,4073.75732421875
2025-09-26 14:00:00,31,0.062,0,2,False,True,0.0,1.0,4058.494384765625
2025-09-26 15:00:00,25,0.05,0,3,False,True,0.0,1.0,4019.9132690429688
2025-09-26 16:00:00,30,0.06,0,3,False,True,0.0,1.0,4012.82958984375
2025-09-26 17:00:00,500,1.0,5,5,True,True,1.0,1.0,3890.0
2025-09-26 18:00:00,500,1.0,5,5,True,True,1.0,1.0,3555.0
2025-09-26 19:00:00,500,1.0,5,5,True,True,1.0,1.0,3274.0
2025-09-26 20:00:00,500,1.0,5,5,True,True,1.0,1.0,2928.0
2025-09-26 21:00:00,500,1.0,5,5,True,True,1.0,1.0,2629.0
2025-09-26 22:00:00,26,0.052,0,1,False,True,0.0,1.0,2609.7451171875
2025-09-26 23:00:00,25,0.05,0,2,False,True,0.0,1.0,2592.781274414062
2025-09-27 00:00:00,27,0.054,0,1,False,True,0.0,1.0,2571.72998046875
2025-09-27 01:00:00,27,0.054,0,1,False,True,0.0,1.0,2573.096923828125
2025-09-27 02:00:00,25,0.05,0,2,False,True,0.0,1.0,2563.313732910156
2025-09-27 03:00:00,25,0.05,0,1,False,True,0.0,1.0,2549.703674316406
2025-09-27 04:00:00,25,0.05,0,2,False,True,0.0,1.0,2537.61552734375
2025-09-27 05:00:00,25,0.05,0,1,False,True,0.0,1.0,2560.3952880859374
2025-09-27 06:00:00,33,0.066,0,1,False,True,0.0,1.0,2649.26220703125
2025-09-27 07:00:00,500,1.0,5,5,True,True,1.0,1.0,2364.0
2025-09-27 08:00:00,500,1.0,5,5,True,True,1.0,1.0,2364.0
2025-09-27 09:00:00,500,1.0,5,5,True,True,1.0,1.0,2364.0
2025-09-27 10:00:00,500,1.0,5,5,True,True,1.0,1.0,2364.0
2025-09-27 11:00:00,500,1.0,5,5,True,True,1.0,1.0,2364.0
2025-09-27 12:00:00,500,1.0,5,5,True,True,1.0,1.0,2364.0
2025-09-27 13:00:00,500,1.0,5,5,True,True,1.0,1.0,2364.0
2025-09-27 14:00:00,500,1.0,5,5,True,True,1.0,1.0,2364.0
2025-09-27 15:00:00,500,1.0,5,5,True,True,1.0,1.0,2364.0
2025-09-27 16:00:00,500,1.0,5,5,True,True,1.0,1.0,2364.0
2025-09-27 17:00:00,26,0.052,0,1,False,True,0.0,1.0,2373.04248046875
2025-09-27 18:00:00,500,1.0,5,5,True,True,1.0,1.0,2461.0
2025-09-27 19:00:00,500,1.0,5,5,True,True,1.0,1.0,2461.0
2025-09-27 20:00:00,500,1.0,5,5,True,True,1.0,1.0,2461.0
2025-09-27 21:00:00,500,1.0,5,5,True,True,1.0,1.0,2461.0
2025-09-27 22:00:00,500,1.0,5,5,True,True,1.0,1.0,2461.0
2025-09-27 23:00:00,500,1.0,5,5,True,True,1.0,1.0,2461.0
2025-09-28 00:00:00,500,1.0,5,5,True,True,1.0,1.0,2461.0
2025-09-28 01:00:00,500,1.0,5,5,True,True,1.0,1.0,2461.0
2025-09-28 02:00:00,500,1.0,5,5,True,True,1.0,1.0,2461.0
2025-09-28 03:00:00,500,1.0,5,5,True,True,1.0,1.0,2461.0
2025-09-28 04:00:00,500,1.0,5,5,True,True,1.0,1.0,2461.0
2025-09-28 05:00:00,500,1.0,5,5,True,True,1.0,1.0,2461.0
2025-09-28 06:00:00,500,1.0,5,5,True,True,1.0,1.0,2461.0
2025-09-28 07:00:00,500,1.0,5,5,True,True,1.0,1.0,2461.0
2025-09-28 08:00:00,500,1.0,5,5,True,True,1.0,1.0,2461.0
2025-09-28 09:00:00,500,1.0,5,5,True,True,1.0,1.0,2461.0
2025-09-28 10:00:00,500,1.0,5,5,True,True,1.0,1.0,2461.0
2025-09-28 11:00:00,500,1.0,5,5,True,True,1.0,1.0,2461.0
2025-09-28 12:00:00,500,1.0,5,5,True,True,1.0,1.0,2461.0
2025-09-28 13:00:00,500,1.0,5,5,True,True,1.0,1.0,2461.0
2025-09-28 14:00:00,500,1.0,5,5,True,True,1.0,1.0,2461.0
2025-09-28 15:00:00,29,0.058,0,1,False,True,0.0,1.0,2510.6474609375
2025-09-28 16:00:00,25,0.05,0,1,False,True,0.0,1.0,2705.9021240234374
2025-09-28 17:00:00,25,0.05,0,1,False,True,0.0,1.0,2862.8182739257813
2025-09-28 18:00:00,28,0.056,0,1,False,True,0.0,1.0,2867.10888671875
2025-09-28 19:00:00,25,0.05,0,2,False,True,0.0,1.0,2862.4110595703123
2025-09-28 20:00:00,28,0.056,0,1,False,True,0.0,1.0,2868.25
2025-09-28 21:00:00,29,0.058,0,2,False,True,0.0,1.0,2868.322998046875
2025-09-28 22:00:00,25,0.05,0,1,False,True,0.0,1.0,2865.3789794921877
2025-09-28 23:00:00,25,0.05,0,2,False,True,0.0,1.0,2869.658093261719
2025-09-29 00:00:00,28,0.056,0,1,False,True,0.0,1.0,2872.35302734375
2025-09-29 01:00:00,28,0.056,0,1,False,True,0.0,1.0,2872.35302734375
2025-09-29 02:00:00,33,0.066,0,1,False,True,0.0,1.0,2872.334716796875
2025-09-29 03:00:00,25,0.05,0,2,False,True,0.0,1.0,2864.479040527344
2025-09-29 04:00:00,32,0.064,0,1,False,True,0.0,1.0,2872.977294921875
2025-09-29 05:00:00,26,0.052,0,2,False,True,0.0,1.0,2857.107177734375
2025-09-29 06:00:00,28,0.056,0,2,False,True,0.0,1.0,2856.798583984375
2025-09-29 07:00:00,25,0.05,0,1,False,True,0.0,1.0,2857.1389770507812
2025-09-29 08:00:00,27,0.054,0,2,False,True,0.0,1.0,2860.287353515625
2025-09-29 09:00:00,25,0.05,0,2,False,True,0.0,1.0,3348.191564941406
2025-09-29 10:00:00,25,0.05,0,2,False,True,0.0,1.0,3426.794775390624
2025-09-29 11:00:00,27,0.054,0,3,False,True,0.0,1.0,3985.88818359375
2025-09-29 12:00:00,26,0.052,0,2,False,True,0.0,1.0,3994.063720703125
2025-09-29 13:00:00,36,0.072,0,1,False,True,0.0,1.0,3980.39013671875
2025-09-29 14:00:00,33,0.066,0,2,False,True,0.0,1.0,4204.26708984375
2025-09-29 15:00:00,25,0.05,0,1,False,True,0.0,1.0,4482.033154296875
2025-09-29 16:00:00,35,0.07,0,1,False,True,0.0,1.0,4585.8740234375
2025-09-29 17:00:00,35,0.07,0,2,False,True,0.0,1.0,4623.51513671875
2025-09-29 18:00:00,25,0.05,0,1,False,True,0.0,1.0,4616.777612304688
2025-09-29 19:00:00,33,0.066,0,2,False,True,0.0,1.0,4617.21484375
2025-09-29 20:00:00,25,0.05,0,2,False,True,0.0,1.0,4606.984204101563
2025-09-29 21:00:00,31,0.062,1,2,True,True,1.0,1.0,4616.43798828125
2025-09-29 22:00:00,29,0.058,0,2,False,True,0.0,1.0,4616.46240234375
2025-09-29 23:00:00,25,0.05,0,2,False,True,0.0,1.0,4609.17373046875
2025-09-30 00:00:00,25,0.05,0,3,False,True,0.0,1.0,4610.0103515625
2025-09-30 01:00:00,25,0.05,0,1,False,True,0.0,1.0,4606.45517578125
2025-09-30 02:00:00,25,0.05,0,3,False,True,0.0,1.0,4616.408959960938
2025-09-30 03:00:00,25,0.05,0,1,False,True,0.0,1.0,4614.3248291015625
2025-09-30 04:00:00,25,0.05,0,2,False,True,0.0,1.0,4614.755712890625
2025-09-30 05:00:00,29,0.058,0,1,False,True,0.0,1.0,4603.08935546875
2025-09-30 06:00:00,25,0.05,0,1,False,True,0.0,1.0,4596.678637695312
2025-09-30 07:00:00,31,0.062,0,1,False,True,0.0,1.0,4601.0869140625
2025-09-30 08:00:00,25,0.05,0,1,False,True,0.0,1.0,4590.91123046875
2025-09-30 09:00:00,27,0.054,0,1,False,True,0.0,1.0,4602.837890625
2025-09-30 10:00:00,25,0.05,0,1,False,True,0.0,1.0,4597.793017578125
2025-09-30 11:00:00,25,0.05,0,3,False,True,0.0,1.0,4590.296630859375
2025-09-30 12:00:00,25,0.05,0,1,False,True,0.0,1.0,4609.231420898437
2025-09-30 13:00:00,25,0.05,0,1,False,True,0.0,1.0,4608.57607421875
2025-09-30 14:00:00,26,0.052,0,1,False,True,0.0,1.0,4648.701171875
2025-09-30 15:00:00,25,0.05,0,2,False,True,0.0,1.0,4563.92578125
2025-09-30 16:00:00,25,0.05,0,1,False,True,0.0,1.0,4538.366967773438
2025-09-30 17:00:00,27,0.054,0,2,False,True,0.0,1.0,4447.99267578125
2025-09-30 18:00:00,25,0.05,0,2,False,True,0.0,1.0,4507.46064453125
2025-09-30 19:00:00,25,0.05,0,2,False,True,0.0,1.0,4513.344946289062
2025-09-30 20:00:00,25,0.05,0,2,False,True,0.0,1.0,4489.824121093749
2025-09-30 21:00:00,35,0.07,0,2,False,True,0.0,1.0,4511.85009765625
2025-09-30 22:00:00,26,0.052,0,1,False,True,0.0,1.0,4514.20703125
2025-09-30 23:00:00,33,0.066,0,2,False,True,0.0,1.0,4436.94921875
2025-10-01 00:00:00,27,0.054,0,2,False,True,0.0,1.0,4473.2919921875
2025-10-01 01:00:00,25,0.05,1,2,True,True,1.0,1.0,4436.792993164062
2025-10-01 02:00:00,25,0.05,0,4,False,True,0.0,1.0,4459.754101562499
2025-10-01 03:00:00,33,0.066,0,1,False,True,0.0,1.0,4484.4296875
2025-10-01 04:00:00,35,0.07,0,2,False,True,0.0,1.0,4483.91162109375
2025-10-01 05:00:00,29,0.058,0,3,False,True,0.0,1.0,4470.8837890625
2025-10-01 06:00:00,25,0.05,0,1,False,True,0.0,1.0,4487.39013671875
2025-10-01 07:00:00,25,0.05,0,3,False,True,0.0,1.0,4467.063427734374
2025-10-01 08:00:00,36,0.072,0,3,False,True,0.0,1.0,4406.86669921875
2025-10-01 09:00:00,25,0.05,0,2,False,True,0.0,1.0,4410.066552734374
2025-10-01 10:00:00,25,0.05,0,1,False,True,0.0,1.0,4455.69091796875
2025-10-01 11:00:00,31,0.062,0,2,False,True,0.0,1.0,4526.32275390625
2025-10-01 12:00:00,25,0.05,1,1,True,True,1.0,1.0,4450.5626220703125
2025-10-01 13:00:00,25,0.05,0,2,False,True,0.0,1.0,4558.183349609375
2025-10-01 14:00:00,25,0.05,0,2,False,True,0.0,1.0,4449.90625
2025-10-01 15:00:00,25,0.05,0,1,False,True,0.0,1.0,4394.473583984375
2025-10-01 16:00:00,37,0.074,0,2,False,True,0.0,1.0,4413.5830078125
2025-10-01 17:00:00,39,0.078,0,1,False,True,0.0,1.0,4408.498046875
2025-10-01 18:00:00,29,0.058,0,1,False,True,0.0,1.0,4394.59912109375
2025-10-01 19:00:00,32,0.064,0,1,False,True,0.0,1.0,4396.779296875
2025-10-01 20:00:00,41,0.082,0,3,False,True,0.0,1.0,4380.47412109375
2025-10-01 21:00:00,27,0.054,0,1,False,True,0.0,1.0,4391.31201171875
2025-10-01 22:00:00,25,0.05,1,1,True,True,1.0,1.0,4380.661303710937
2025-10-01 23:00:00,25,0.05,0,2,False,True,0.0,1.0,4380.225976562499
2025-10-02 00:00:00,25,0.05,0,2,False,True,0.0,1.0,4389.879345703125
2025-10-02 01:00:00,25,0.05,0,1,False,True,0.0,1.0,4380.828002929687
2025-10-02 02:00:00,32,0.064,0,2,False,True,0.0,1.0,4400.49462890625
2025-10-02 03:00:00,28,0.056,0,1,False,True,0.0,1.0,4404.3701171875
2025-10-02 04:00:00,29,0.058,0,2,False,True,0.0,1.0,4382.3544921875
2025-10-02 05:00:00,39,0.078,0,1,False,True,0.0,1.0,4371.3193359375
2025-10-02 06:00:00,39,0.078,0,1,False,True,0.0,1.0,4373.73828125
2025-10-02 07:00:00,29,0.058,0,4,False,True,0.0,1.0,4387.70068359375
2025-10-02 08:00:00,25,0.05,0,1,False,True,0.0,1.0,4386.679907226562
2025-10-02 09:00:00,25,0.05,0,1,False,True,0.0,1.0,4382.19755859375
2025-10-02 10:00:00,25,0.05,0,2,False,True,0.0,1.0,4366.583813476563
2025-10-02 11:00:00,32,0.064,0,4,False,True,0.0,1.0,4371.8154296875
2025-10-02 12:00:00,30,0.06,0,2,False,True,0.0,1.0,4356.00732421875
2025-10-02 13:00:00,28,0.056,0,1,False,True,0.0,1.0,4348.98095703125
2025-10-02 14:00:00,30,0.06,0,2,False,True,0.0,1.0,4327.51318359375
2025-10-02 15:00:00,27,0.054,1,1,True,True,1.0,1.0,4325.72509765625
2025-10-02 16:00:00,25,0.05,0,1,False,True,0.0,1.0,4376.663647460938
2025-10-02 17:00:00,31,0.062,0,2,False,True,0.0,1.0,4141.982421875
2025-10-02 18:00:00,26,0.052,0,2,False,True,0.0,1.0,4124.6064453125
2025-10-02 19:00:00,25,0.05,0,2,False,True,0.0,1.0,4089.1605957031247
2025-10-02 20:00:00,25,0.05,0,2,False,True,0.0,1.0,4101.7977294921875
2025-10-02 21:00:00,31,0.062,0,2,False,True,0.0,1.0,4116.9267578125
2025-10-02 22:00:00,31,0.062,0,1,False,True,0.0,1.0,4120.57666015625
2025-10-02 23:00:00,29,0.058,0,2,False,True,0.0,1.0,4117.27490234375
2025-10-03 00:00:00,25,0.05,0,2,False,True,0.0,1.0,4083.0951538085938
2025-10-03 01:00:00,29,0.058,0,2,False,True,0.0,1.0,4128.0185546875
2025-10-03 02:00:00,25,0.05,1,2,True,True,1.0,1.0,4122.20888671875
2025-10-03 03:00:00,26,0.052,0,3,False,True,0.0,1.0,4129.8408203125
2025-10-03 04:00:00,25,0.05,0,4,False,True,0.0,1.0,4100.906787109375
2025-10-03 05:00:00,25,0.05,0,1,False,True,0.0,1.0,4103.375708007812
2025-10-03 06:00:00,25,0.05,0,1,False,True,0.0,1.0,4125.694409179688
2025-10-03 07:00:00,27,0.054,0,2,False,True,0.0,1.0,4155.94091796875
2025-10-03 08:00:00,25,0.05,0,2,False,True,0.0,1.0,4154.118920898438
2025-10-03 09:00:00,27,0.054,0,3,False,True,0.0,1.0,4136.3330078125
2025-10-03 10:00:00,25,0.05,0,2,False,True,0.0,1.0,4055.022180175781
2025-10-03 11:00:00,26,0.052,1,2,True,True,1.0,1.0,4077.28271484375
2025-10-03 12:00:00,25,0.05,0,2,False,True,0.0,1.0,4048.232678222656
2025-10-03 13:00:00,25,0.05,0,2,False,True,0.0,1.0,4112.645922851562
2025-10-03 14:00:00,25,0.05,0,3,False,True,0.0,1.0,4123.541357421875
2025-10-03 15:00:00,25,0.05,0,2,False,True,0.0,1.0,4093.5901000976564
2025-10-03 16:00:00,25,0.05,0,1,False,True,0.0,1.0,4005.521130371094
2025-10-03 17:00:00,500,1.0,5,5,True,True,1.0,1.0,3729.0
2025-10-03 18:00:00,500,1.0,5,5,True,True,1.0,1.0,3318.0
2025-10-03 19:00:00,500,1.0,5,5,True,True,1.0,1.0,3073.0
2025-10-03 20:00:00,500,1.0,5,5,True,True,1.0,1.0,2797.0
2025-10-03 21:00:00,30,0.06,0,2,False,True,0.0,1.0,2681.927978515625
2025-10-03 22:00:00,29,0.058,0,1,False,True,0.0,1.0,2682.662353515625
2025-10-03 23:00:00,30,0.06,0,1,False,True,0.0,1.0,2681.68798828125
2025-10-04 00:00:00,29,0.058,0,1,False,True,0.0,1.0,2679.889404296875
2025-10-04 01:00:00,25,0.05,0,2,False,True,0.0,1.0,2680.9178833007813
2025-10-04 02:00:00,25,0.05,0,2,False,True,0.0,1.0,2668.5383178710936
2025-10-04 03:00:00,26,0.052,0,1,False,True,0.0,1.0,2682.1103515625
2025-10-04 04:00:00,25,0.05,0,2,False,True,0.0,1.0,2680.426135253906
2025-10-04 05:00:00,25,0.05,0,1,False,True,0.0,1.0,2673.838452148437
2025-10-04 06:00:00,27,0.054,0,2,False,True,0.0,1.0,2683.419189453125
2025-10-04 07:00:00,29,0.058,0,2,False,True,0.0,1.0,2681.5224609375
2025-10-04 08:00:00,25,0.05,0,1,False,True,0.0,1.0,2681.03359375
2025-10-04 09:00:00,25,0.05,0,1,False,True,0.0,1.0,2678.877795410156
2025-10-04 10:00:00,35,0.07,0,3,False,True,0.0,1.0,2681.688232421875
2025-10-04 11:00:00,25,0.05,0,2,False,True,0.0,1.0,2663.801794433594
2025-10-04 12:00:00,25,0.05,0,1,False,True,0.0,1.0,2662.8307006835935
2025-10-04 13:00:00,44,0.088,0,2,False,True,0.0,1.0,2670.56787109375
2025-10-04 14:00:00,500,1.0,5,5,True,True,1.0,1.0,2659.0
2025-10-04 15:00:00,500,1.0,5,5,True,True,1.0,1.0,2659.0
2025-10-04 16:00:00,500,1.0,5,5,True,True,1.0,1.0,2659.0
2025-10-04 17:00:00,500,1.0,5,5,True,True,1.0,1.0,2659.0
2025-10-04 18:00:00,500,1.0,5,5,True,True,1.0,1.0,2592.0
2025-10-04 19:00:00,500,1.0,5,5,True,True,1.0,1.0,2592.0
2025-10-04 20:00:00,500,1.0,5,5,True,True,1.0,1.0,2592.0
2025-10-04 21:00:00,500,1.0,5,5,True,True,1.0,1.0,2592.0
2025-10-04 22:00:00,500,1.0,5,5,True,True,1.0,1.0,2592.0
2025-10-04 23:00:00,500,1.0,5,5,True,True,1.0,1.0,2592.0
2025-10-05 00:00:00,500,1.0,5,5,True,True,1.0,1.0,2592.0
2025-10-05 01:00:00,500,1.0,5,5,True,True,1.0,1.0,2592.0
2025-10-05 02:00:00,500,1.0,5,5,True,True,1.0,1.0,2592.0
2025-10-05 03:00:00,500,1.0,5,5,True,True,1.0,1.0,2592.0
2025-10-05 04:00:00,500,1.0,5,5,True,True,1.0,1.0,2592.0
2025-10-05 05:00:00,500,1.0,5,5,True,True,1.0,1.0,2592.0
2025-10-05 06:00:00,500,1.0,5,5,True,True,1.0,1.0,2592.0
2025-10-05 07:00:00,500,1.0,5,5,True,True,1.0,1.0,2592.0
2025-10-05 08:00:00,500,1.0,5,5,True,True,1.0,1.0,2592.0
2025-10-05 09:00:00,500,1.0,5,5,True,True,1.0,1.0,2592.0
2025-10-05 10:00:00,500,1.0,5,5,True,True,1.0,1.0,2592.0
2025-10-05 11:00:00,500,1.0,5,5,True,True,1.0,1.0,2592.0
2025-10-05 12:00:00,500,1.0,5,5,True,True,1.0,1.0,2592.0
2025-10-05 13:00:00,500,1.0,5,5,True,True,1.0,1.0,2592.0
2025-10-05 14:00:00,500,1.0,5,5,True,True,1.0,1.0,2592.0
2025-10-05 15:00:00,500,1.0,5,5,True,True,1.0,1.0,2592.0
2025-10-05 16:00:00,25,0.05,0,2,False,True,0.0,1.0,2636.302990722656
2025-10-05 17:00:00,26,0.052,0,1,False,True,0.0,1.0,2816.945556640625
2025-10-05 18:00:00,39,0.078,0,1,False,True,0.0,1.0,2817.366943359375
2025-10-05 19:00:00,25,0.05,0,1,False,True,0.0,1.0,2813.2873657226564
2025-10-05 20:00:00,25,0.05,0,1,False,True,0.0,1.0,2816.186535644531
2025-10-05 21:00:00,25,0.05,1,1,True,True,1.0,1.0,2812.002966308594
2025-10-05 22:00:00,25,0.05,0,1,False,True,0.0,1.0,2815.657922363281
2025-10-05 23:00:00,500,1.0,5,5,True,True,1.0,1.0,2812.0
2025-10-06 00:00:00,25,0.05,0,1,False,True,0.0,1.0,2817.6693115234375
2025-10-06 01:00:00,30,0.06,0,2,False,True,0.0,1.0,2819.52587890625
2025-10-06 02:00:00,29,0.058,0,2,False,True,0.0,1.0,2819.76904296875
2025-10-06 03:00:00,25,0.05,0,1,False,True,0.0,1.0,2812.0018920898438
2025-10-06 04:00:00,25,0.05,0,2,False,True,0.0,1.0,2814.446423339844
2025-10-06 05:00:00,26,0.052,0,2,False,True,0.0,1.0,2815.227294921875
2025-10-06 06:00:00,25,0.05,0,1,False,True,0.0,1.0,2813.818493652344
2025-10-06 07:00:00,28,0.056,0,1,False,True,0.0,1.0,2818.484130859375
2025-10-06 08:00:00,25,0.05,0,1,False,True,0.0,1.0,3122.2033203125
2025-10-06 09:00:00,25,0.05,0,2,False,True,0.0,1.0,3612.9114990234375
2025-10-06 10:00:00,31,0.062,0,2,False,True,0.0,1.0,3680.050537109375
2025-10-06 11:00:00,25,0.05,0,2,False,True,0.0,1.0,3789.2064331054685
2025-10-06 12:00:00,25,0.05,0,2,False,True,0.0,1.0,3748.9726928710934
2025-10-06 13:00:00,25,0.05,0,1,False,True,0.0,1.0,3895.444824218749
2025-10-06 14:00:00,25,0.05,1,2,True,True,1.0,1.0,3956.7811645507804
2025-10-06 15:00:00,25,0.05,0,1,False,True,0.0,1.0,4244.652270507812
2025-10-06 16:00:00,25,0.05,0,2,False,True,0.0,1.0,4403.752514648438
2025-10-06 17:00:00,25,0.05,0,1,False,True,0.0,1.0,4487.80732421875
2025-10-06 18:00:00,35,0.07,0,2,False,True,0.0,1.0,4487.63134765625
2025-10-06 19:00:00,25,0.05,1,1,True,True,1.0,1.0,4479.972973632813
2025-10-06 20:00:00,28,0.056,0,2,False,True,0.0,1.0,4487.365234375
2025-10-06 21:00:00,33,0.066,0,2,False,True,0.0,1.0,4488.263671875
2025-10-06 22:00:00,28,0.056,0,1,False,True,0.0,1.0,4488.08203125
2025-10-06 23:00:00,25,0.05,0,1,False,True,0.0,1.0,4477.561010742187
2025-10-07 00:00:00,25,0.05,0,1,False,True,0.0,1.0,4483.929150390624
2025-10-07 01:00:00,29,0.058,0,1,False,True,0.0,1.0,4490.34130859375
2025-10-07 02:00:00,25,0.05,0,2,False,True,0.0,1.0,4477.79423828125
2025-10-07 03:00:00,32,0.064,0,1,False,True,0.0,1.0,4490.97265625
2025-10-07 04:00:00,25,0.05,1,3,True,True,1.0,1.0,4489.380639648437
2025-10-07 05:00:00,25,0.05,0,1,False,True,0.0,1.0,4489.657080078125
2025-10-07 06:00:00,25,0.05,0,3,False,True,0.0,1.0,4491.614086914063
2025-10-07 07:00:00,32,0.064,0,2,False,True,0.0,1.0,4493.3759765625
2025-10-07 08:00:00,33,0.066,0,1,False,True,0.0,1.0,4490.40869140625
2025-10-07 09:00:00,32,0.064,0,1,False,True,0.0,1.0,4490.28515625
2025-10-07 10:00:00,25,0.05,1,3,True,True,1.0,1.0,4490.4197265625
2025-10-07 11:00:00,38,0.076,0,2,False,True,0.0,1.0,4471.6865234375
2025-10-07 12:00:00,31,0.062,0,2,False,True,0.0,1.0,4466.36181640625
2025-10-07 13:00:00,26,0.052,0,2,False,True,0.0,1.0,4464.2861328125
2025-10-07 14:00:00,25,0.05,0,1,False,True,0.0,1.0,4438.488598632813
2025-10-07 15:00:00,25,0.05,1,2,True,True,1.0,1.0,4430.137060546875
2025-10-07 16:00:00,25,0.05,0,1,False,True,0.0,1.0,4433.14912109375
2025-10-07 17:00:00,500,1.0,5,5,True,True,1.0,1.0,4275.0
2025-10-07 18:00:00,25,0.05,0,1,False,True,0.0,1.0,4227.7886962890625
2025-10-07 19:00:00,32,0.064,0,2,False,True,0.0,1.0,4241.98095703125
2025-10-07 20:00:00,29,0.058,0,1,False,True,0.0,1.0,4242.5908203125
2025-10-07 21:00:00,25,0.05,0,2,False,True,0.0,1.0,4242.597192382813
2025-10-07 22:00:00,32,0.064,0,2,False,True,0.0,1.0,4242.81201171875
2025-10-07 23:00:00,25,0.05,0,1,False,True,0.0,1.0,4233.529223632812
2025-10-08 00:00:00,25,0.05,0,1,False,True,0.0,1.0,4232.823999023438
2025-10-08 01:00:00,25,0.05,0,1,False,True,0.0,1.0,4238.671435546875
2025-10-08 02:00:00,25,0.05,0,2,False,True,0.0,1.0,4242.710400390625
2025-10-08 03:00:00,25,0.05,0,1,False,True,0.0,1.0,4241.936254882812
2025-10-08 04:00:00,31,0.062,0,2,False,True,0.0,1.0,4246.10498046875
2025-10-08 05:00:00,25,0.05,0,1,False,True,0.0,1.0,4241.507836914063
2025-10-08 06:00:00,31,0.062,0,1,False,True,0.0,1.0,4253.072265625
2025-10-08 07:00:00,25,0.05,0,1,False,True,0.0,1.0,4249.304052734375
2025-10-08 08:00:00,25,0.05,0,2,False,True,0.0,1.0,4239.59931640625
2025-10-08 09:00:00,25,0.05,0,2,False,True,0.0,1.0,4247.766357421875
2025-10-08 10:00:00,36,0.072,0,2,False,True,0.0,1.0,4249.79443359375
2025-10-08 11:00:00,25,0.05,0,1,False,True,0.0,1.0,4237.641137695313
2025-10-08 12:00:00,25,0.05,0,1,False,True,0.0,1.0,4232.4093017578125
2025-10-08 13:00:00,28,0.056,0,3,False,True,0.0,1.0,4288.5791015625
2025-10-08 14:00:00,25,0.05,0,1,False,True,0.0,1.0,4355.904736328125
2025-10-08 15:00:00,26,0.052,0,1,False,True,0.0,1.0,4269.08544921875
2025-10-08 16:00:00,25,0.05,0,2,False,True,0.0,1.0,4238.469653320312
2025-10-08 17:00:00,30,0.06,0,1,False,True,0.0,1.0,4236.38037109375
2025-10-08 18:00:00,25,0.05,0,2,False,True,0.0,1.0,4234.8218994140625
2025-10-08 19:00:00,25,0.05,0,1,False,True,0.0,1.0,4220.423046875
2025-10-08 20:00:00,25,0.05,0,2,False,True,0.0,1.0,4235.699487304687
2025-10-08 21:00:00,31,0.062,0,2,False,True,0.0,1.0,4237.13037109375
2025-10-08 22:00:00,32,0.064,0,2,False,True,0.0,1.0,4240.45751953125
2025-10-08 23:00:00,26,0.052,0,2,False,True,0.0,1.0,4237.82373046875
2025-10-09 00:00:00,25,0.05,0,1,False,True,0.0,1.0,4243.0306396484375
2025-10-09 01:00:00,25,0.05,0,2,False,True,0.0,1.0,4228.466259765624
2025-10-09 02:00:00,25,0.05,0,1,False,True,0.0,1.0,4239.346752929688
2025-10-09 03:00:00,25,0.05,0,2,False,True,0.0,1.0,4232.185229492187
2025-10-09 04:00:00,25,0.05,0,2,False,True,0.0,1.0,4266.664990234375
2025-10-09 05:00:00,31,0.062,0,2,False,True,0.0,1.0,4256.328125
2025-10-09 06:00:00,25,0.05,0,2,False,True,0.0,1.0,4233.916479492187
2025-10-09 07:00:00,25,0.05,0,1,False,True,0.0,1.0,4238.246337890625
2025-10-09 08:00:00,25,0.05,0,2,False,True,0.0,1.0,4245.5494140625
2025-10-09 09:00:00,25,0.05,0,2,False,True,0.0,1.0,4242.692456054687
2025-10-09 10:00:00,29,0.058,0,3,False,True,0.0,1.0,4224.60791015625
2025-10-09 11:00:00,36,0.072,0,3,False,True,0.0,1.0,4115.271484375
2025-10-09 12:00:00,25,0.05,0,2,False,True,0.0,1.0,4123.316308593749
2025-10-09 13:00:00,33,0.066,0,2,False,True,0.0,1.0,4109.05517578125
2025-10-09 14:00:00,25,0.05,0,2,False,True,0.0,1.0,4087.374645996094
2025-10-09 15:00:00,25,0.05,0,1,False,True,0.0,1.0,4077.7900146484376
2025-10-09 16:00:00,25,0.05,0,2,False,True,0.0,1.0,4074.999365234375
2025-10-09 17:00:00,500,1.0,5,5,True,True,1.0,1.0,3917.0
2025-10-09 18:00:00,500,1.0,5,5,True,True,1.0,1.0,3625.0
2025-10-09 19:00:00,500,1.0,5,5,True,True,1.0,1.0,3240.0
2025-10-09 20:00:00,500,1.0,5,5,True,True,1.0,1.0,2900.0
2025-10-09 21:00:00,500,1.0,5,5,True,True,1.0,1.0,2807.0
2025-10-09 22:00:00,500,1.0,5,5,True,True,1.0,1.0,2807.0
2025-10-09 23:00:00,500,1.0,5,5,True,True,1.0,1.0,2807.0
2025-10-10 00:00:00,500,1.0,5,5,True,True,1.0,1.0,2807.0
2025-10-10 01:00:00,500,1.0,5,5,True,True,1.0,1.0,2807.0
2025-10-10 02:00:00,500,1.0,5,5,True,True,1.0,1.0,2807.0
2025-10-10 03:00:00,500,1.0,5,5,True,True,1.0,1.0,2807.0
2025-10-10 04:00:00,500,1.0,5,5,True,True,1.0,1.0,2807.0
2025-10-10 05:00:00,500,1.0,5,5,True,True,1.0,1.0,2807.0
2025-10-10 06:00:00,500,1.0,5,5,True,True,1.0,1.0,2807.0
2025-10-10 07:00:00,500,1.0,5,5,True,True,1.0,1.0,2807.0
2025-10-10 08:00:00,500,1.0,5,5,True,True,1.0,1.0,2807.0
2025-10-10 09:00:00,500,1.0,5,5,True,True,1.0,1.0,2807.0
2025-10-10 10:00:00,500,1.0,5,5,True,True,1.0,1.0,2807.0
2025-10-10 11:00:00,500,1.0,5,5,True,True,1.0,1.0,2807.0
2025-10-10 12:00:00,500,1.0,5,5,True,True,1.0,1.0,2807.0
2025-10-10 13:00:00,500,1.0,5,5,True,True,1.0,1.0,2807.0
2025-10-10 14:00:00,500,1.0,5,5,True,True,1.0,1.0,2807.0
2025-10-10 15:00:00,500,1.0,5,5,True,True,1.0,1.0,2807.0
2025-10-10 16:00:00,500,1.0,5,5,True,True,1.0,1.0,2807.0
2025-10-10 17:00:00,500,1.0,5,5,True,True,1.0,1.0,2807.0
2025-10-10 18:00:00,27,0.054,0,2,False,True,0.0,1.0,2777.371826171875
2025-10-10 19:00:00,26,0.052,0,1,False,True,0.0,1.0,2772.05078125
2025-10-10 20:00:00,29,0.058,0,1,False,True,0.0,1.0,2779.1259765625
2025-10-10 21:00:00,26,0.052,0,1,False,True,0.0,1.0,2771.335693359375
2025-10-10 22:00:00,44,0.088,0,3,False,True,0.0,1.0,2772.243896484375
2025-10-10 23:00:00,25,0.05,0,1,False,True,0.0,1.0,2772.090966796875
2025-10-11 00:00:00,26,0.052,0,1,False,True,0.0,1.0,2791.57958984375
2025-10-11 01:00:00,25,0.05,0,1,False,True,0.0,1.0,2782.835498046875
2025-10-11 02:00:00,38,0.076,0,1,False,True,0.0,1.0,2800.604248046875
2025-10-11 03:00:00,25,0.05,0,2,False,True,0.0,1.0,2774.5497436523433
2025-10-11 04:00:00,31,0.062,0,1,False,True,0.0,1.0,2772.642333984375
2025-10-11 05:00:00,29,0.058,0,1,False,True,0.0,1.0,2769.29638671875
2025-10-11 06:00:00,36,0.072,1,2,True,True,1.0,1.0,2769.874267578125
2025-10-11 07:00:00,32,0.064,0,1,False,True,0.0,1.0,2776.595703125
2025-10-11 08:00:00,32,0.064,0,2,False,True,0.0,1.0,2769.523193359375
2025-10-11 09:00:00,26,0.052,0,1,False,True,0.0,1.0,2783.577880859375
2025-10-11 10:00:00,25,0.05,0,2,False,True,0.0,1.0,2763.77822265625
2025-10-11 11:00:00,30,0.06,0,3,False,True,0.0,1.0,2779.75341796875
2025-10-11 12:00:00,32,0.064,0,1,False,True,0.0,1.0,2759.466796875
2025-10-11 13:00:00,26,0.052,1,1,True,True,1.0,1.0,2757.9169921875
2025-10-11 14:00:00,28,0.056,0,1,False,True,0.0,1.0,2795.0947265625
2025-10-11 15:00:00,29,0.058,0,1,False,True,0.0,1.0,2839.315673828125
2025-10-11 16:00:00,30,0.06,0,2,False,True,0.0,1.0,2734.389892578125
2025-10-11 17:00:00,25,0.05,0,2,False,True,0.0,1.0,2773.05361328125
2025-10-11 18:00:00,500,1.0,5,5,True,True,1.0,1.0,2848.0
2025-10-11 19:00:00,500,1.0,5,5,True,True,1.0,1.0,2848.0
2025-10-11 20:00:00,500,1.0,5,5,True,True,1.0,1.0,2848.0
2025-10-11 21:00:00,500,1.0,5,5,True,True,1.0,1.0,2848.0
2025-10-11 22:00:00,500,1.0,5,5,True,True,1.0,1.0,2848.0
2025-10-11 23:00:00,500,1.0,5,5,True,True,1.0,1.0,2848.0
2025-10-12 00:00:00,500,1.0,5,5,True,True,1.0,1.0,2848.0
2025-10-12 01:00:00,500,1.0,5,5,True,True,1.0,1.0,2848.0
2025-10-12 02:00:00,500,1.0,5,5,True,True,1.0,1.0,2848.0
2025-10-12 03:00:00,500,1.0,5,5,True,True,1.0,1.0,2848.0
2025-10-12 04:00:00,500,1.0,5,5,True,True,1.0,1.0,2848.0
2025-10-12 05:00:00,500,1.0,5,5,True,True,1.0,1.0,2848.0
2025-10-12 06:00:00,500,1.0,5,5,True,True,1.0,1.0,2848.0
2025-10-12 07:00:00,500,1.0,5,5,True,True,1.0,1.0,2848.0
2025-10-12 08:00:00,25,0.05,0,1,False,True,0.0,1.0,2957.3552734375
2025-10-12 09:00:00,29,0.058,0,1,False,True,0.0,1.0,3403.626220703125
2025-10-12 10:00:00,25,0.05,0,2,False,True,0.0,1.0,3588.544201660156
2025-10-12 11:00:00,25,0.05,0,2,False,True,0.0,1.0,3846.628869628906
2025-10-12 12:00:00,25,0.05,0,3,False,True,0.0,1.0,4243.965502929687
2025-10-12 13:00:00,25,0.05,1,2,True,True,1.0,1.0,4362.582104492187
2025-10-12 14:00:00,26,0.052,0,3,False,True,0.0,1.0,4394.033203125
2025-10-12 15:00:00,25,0.05,0,1,False,True,0.0,1.0,4425.262841796874
2025-10-12 16:00:00,43,0.086,0,2,False,True,0.0,1.0,4443.50048828125
2025-10-12 17:00:00,34,0.068,1,2,True,True,1.0,1.0,4443.5439453125
2025-10-12 18:00:00,29,0.058,0,1,False,True,0.0,1.0,4448.2958984375
2025-10-12 19:00:00,41,0.082,0,1,False,True,0.0,1.0,4407.56689453125
2025-10-12 20:00:00,25,0.05,0,2,False,True,0.0,1.0,4431.7755126953125
2025-10-12 21:00:00,28,0.056,0,2,False,True,0.0,1.0,4450.1865234375
2025-10-12 22:00:00,35,0.07,0,2,False,True,0.0,1.0,4410.80322265625
2025-10-12 23:00:00,25,0.05,0,3,False,True,0.0,1.0,4432.929272460938
2025-10-13 00:00:00,26,0.052,0,2,False,True,0.0,1.0,4517.25
2025-10-13 01:00:00,25,0.05,0,3,False,True,0.0,1.0,4508.691137695312
2025-10-13 02:00:00,28,0.056,0,2,False,True,0.0,1.0,4517.494140625
2025-10-13 03:00:00,29,0.058,1,3,True,True,1.0,1.0,4534.203125
2025-10-13 04:00:00,26,0.052,0,2,False,True,0.0,1.0,4529.24365234375
2025-10-13 05:00:00,29,0.058,0,1,False,True,0.0,1.0,4525.181640625
2025-10-13 06:00:00,28,0.056,0,2,False,True,0.0,1.0,4489.06591796875
2025-10-13 07:00:00,25,0.05,0,3,False,True,0.0,1.0,4427.026147460937
2025-10-13 08:00:00,27,0.054,0,2,False,True,0.0,1.0,4483.53125
2025-10-13 09:00:00,30,0.06,0,2,False,True,0.0,1.0,4435.046875
2025-10-13 10:00:00,37,0.074,0,2,False,True,0.0,1.0,4410.3056640625
2025-10-13 11:00:00,25,0.05,0,2,False,True,0.0,1.0,4449.038647460938
2025-10-13 12:00:00,25,0.05,0,1,False,True,0.0,1.0,4392.6271484375
2025-10-13 13:00:00,33,0.066,0,1,False,True,0.0,1.0,4392.39794921875
2025-10-13 14:00:00,25,0.05,0,2,False,True,0.0,1.0,4371.297265625
2025-10-13 15:00:00,25,0.05,0,2,False,True,0.0,1.0,4403.742504882812
2025-10-13 16:00:00,25,0.05,0,2,False,True,0.0,1.0,4417.4097900390625
2025-10-13 17:00:00,26,0.052,1,1,True,True,1.0,1.0,4474.43408203125
2025-10-13 18:00:00,25,0.05,0,2,False,True,0.0,1.0,4468.430346679687
2025-10-13 19:00:00,25,0.05,0,2,False,True,0.0,1.0,4467.601831054688
2025-10-13 20:00:00,25,0.05,0,1,False,True,0.0,1.0,4473.704858398438
2025-10-13 21:00:00,25,0.05,0,1,False,True,0.0,1.0,4470.238110351563
2025-10-13 22:00:00,31,0.062,0,2,False,True,0.0,1.0,4474.22509765625
2025-10-13 23:00:00,25,0.05,0,1,False,True,0.0,1.0,4472.86279296875
2025-10-14 00:00:00,40,0.08,0,1,False,True,0.0,1.0,4475.03271484375
2025-10-14 01:00:00,25,0.05,0,1,False,True,0.0,1.0,4468.58447265625
2025-10-14 02:00:00,31,0.062,0,2,False,True,0.0,1.0,4475.57275390625
2025-10-14 03:00:00,27,0.054,0,2,False,True,0.0,1.0,4475.52197265625
2025-10-14 04:00:00,25,0.05,0,2,False,True,0.0,1.0,4472.6964111328125
2025-10-14 05:00:00,25,0.05,0,1,False,True,0.0,1.0,4472.204663085938
2025-10-14 06:00:00,25,0.05,0,1,False,True,0.0,1.0,4472.726513671875
2025-10-14 07:00:00,27,0.054,0,2,False,True,0.0,1.0,4475.6591796875
2025-10-14 08:00:00,25,0.05,1,1,True,True,1.0,1.0,4461.8707275390625
2025-10-14 09:00:00,25,0.05,0,1,False,True,0.0,1.0,4469.481005859375
2025-10-14 10:00:00,28,0.056,0,1,False,True,0.0,1.0,4474.55712890625
2025-10-14 11:00:00,28,0.056,0,2,False,True,0.0,1.0,4463.1435546875
2025-10-14 12:00:00,25,0.05,0,2,False,True,0.0,1.0,4457.498095703125
2025-10-14 13:00:00,25,0.05,0,3,False,True,0.0,1.0,4461.321264648437
2025-10-14 14:00:00,27,0.054,0,1,False,True,0.0,1.0,4470.19287109375
2025-10-14 15:00:00,25,0.05,0,1,False,True,0.0,1.0,4458.165576171875
2025-10-14 16:00:00,30,0.06,0,1,False,True,0.0,1.0,4435.76904296875
2025-10-14 17:00:00,25,0.05,0,2,False,True,0.0,1.0,4258.285131835937
2025-10-14 18:00:00,25,0.05,0,4,False,True,0.0,1.0,4245.309716796874
2025-10-14 19:00:00,25,0.05,0,2,False,True,0.0,1.0,4247.5150146484375
2025-10-14 20:00:00,25,0.05,0,3,False,True,0.0,1.0,4285.878881835937
2025-10-14 21:00:00,25,0.05,0,2,False,True,0.0,1.0,4265.072998046874
2025-10-14 22:00:00,25,0.05,0,3,False,True,0.0,1.0,4246.634497070312
2025-10-14 23:00:00,33,0.066,0,1,False,True,0.0,1.0,4289.15576171875
2025-10-15 00:00:00,30,0.06,0,1,False,True,0.0,1.0,4301.9052734375
2025-10-15 01:00:00,26,0.052,0,3,False,True,0.0,1.0,4301.9052734375
2025-10-15 02:00:00,25,0.05,0,3,False,True,0.0,1.0,4279.228149414062
2025-10-15 03:00:00,29,0.058,0,2,False,True,0.0,1.0,4298.9892578125
2025-10-15 04:00:00,30,0.06,0,3,False,True,0.0,1.0,4285.1943359375
2025-10-15 05:00:00,25,0.05,0,1,False,True,0.0,1.0,4261.71396484375
2025-10-15 06:00:00,25,0.05,0,3,False,True,0.0,1.0,4285.91533203125
2025-10-15 07:00:00,25,0.05,0,1,False,True,0.0,1.0,4264.8943359375
2025-10-15 08:00:00,38,0.076,0,2,False,True,0.0,1.0,4239.75927734375
2025-10-15 09:00:00,25,0.05,0,2,False,True,0.0,1.0,4214.494873046875
2025-10-15 10:00:00,25,0.05,0,3,False,True,0.0,1.0,4208.758764648437
2025-10-15 11:00:00,25,0.05,0,2,False,True,0.0,1.0,4195.772485351563
2025-10-15 12:00:00,28,0.056,0,3,False,True,0.0,1.0,4192.30517578125
2025-10-15 13:00:00,30,0.06,0,1,False,True,0.0,1.0,4193.3046875
2025-10-15 14:00:00,25,0.05,2,1,True,True,1.0,1.0,4187.9384765625
2025-10-15 15:00:00,25,0.05,0,2,False,True,0.0,1.0,4353.635522460937
2025-10-15 16:00:00,25,0.05,0,1,False,True,0.0,1.0,4450.149438476563
2025-10-15 17:00:00,25,0.05,0,1,False,True,0.0,1.0,4487.866455078125
2025-10-15 18:00:00,25,0.05,0,1,False,True,0.0,1.0,4487.050634765625
2025-10-15 19:00:00,31,0.062,0,2,False,True,0.0,1.0,4490.64794921875
2025-10-15 20:00:00,32,0.064,0,1,False,True,0.0,1.0,4490.86865234375
2025-10-15 21:00:00,25,0.05,0,1,False,True,0.0,1.0,4489.973315429687
2025-10-15 22:00:00,26,0.052,0,1,False,True,0.0,1.0,4490.9970703125
2025-10-15 23:00:00,25,0.05,0,2,False,True,0.0,1.0,4487.075048828125
2025-10-16 00:00:00,27,0.054,0,2,False,True,0.0,1.0,4505.50927734375
2025-10-16 01:00:00,25,0.05,0,3,False,True,0.0,1.0,4500.362890625
2025-10-16 02:00:00,28,0.056,1,1,True,True,1.0,1.0,4504.5712890625
2025-10-16 03:00:00,25,0.05,0,1,False,True,0.0,1.0,4504.486401367188
2025-10-16 04:00:00,25,0.05,0,2,False,True,0.0,1.0,4492.114086914063
2025-10-16 05:00:00,25,0.05,0,1,False,True,0.0,1.0,4491.30615234375
2025-10-16 06:00:00,26,0.052,0,3,False,True,0.0,1.0,4498.7158203125
2025-10-16 07:00:00,25,0.05,0,1,False,True,0.0,1.0,4489.6063232421875
2025-10-16 08:00:00,30,0.06,0,1,False,True,0.0,1.0,4491.880859375
2025-10-16 09:00:00,25,0.05,0,3,False,True,0.0,1.0,4485.215112304688
2025-10-16 10:00:00,37,0.074,0,2,False,True,0.0,1.0,4492.173828125
2025-10-16 11:00:00,25,0.05,1,2,True,True,1.0,1.0,4468.318994140625
2025-10-16 12:00:00,25,0.05,0,2,False,True,0.0,1.0,4462.008618164063
2025-10-16 13:00:00,25,0.05,0,1,False,True,0.0,1.0,4466.833813476563
2025-10-16 14:00:00,33,0.066,0,1,False,True,0.0,1.0,4472.33056640625
2025-10-16 15:00:00,25,0.05,0,1,False,True,0.0,1.0,4457.896435546875
2025-10-16 16:00:00,25,0.05,0,1,False,True,0.0,1.0,4455.851171875
2025-10-16 17:00:00,25,0.05,0,2,False,True,0.0,1.0,4279.252783203125
2025-10-16 18:00:00,25,0.05,0,1,False,True,0.0,1.0,4290.151611328125
2025-10-16 19:00:00,25,0.05,0,2,False,True,0.0,1.0,4290.0259765625
2025-10-16 20:00:00,28,0.056,0,1,False,True,0.0,1.0,4298.76806640625
2025-10-16 21:00:00,25,0.05,0,2,False,True,0.0,1.0,4281.548095703125
2025-10-16 22:00:00,26,0.052,1,2,True,True,1.0,1.0,4298.44091796875
2025-10-16 23:00:00,25,0.05,0,2,False,True,0.0,1.0,4288.715258789062
2025-10-17 00:00:00,28,0.056,0,2,False,True,0.0,1.0,4269.5078125
2025-10-17 01:00:00,26,0.052,0,1,False,True,0.0,1.0,4271.75390625
2025-10-17 02:00:00,25,0.05,0,2,False,True,0.0,1.0,4257.877197265625
2025-10-17 03:00:00,25,0.05,0,2,False,True,0.0,1.0,4279.829565429687
2025-10-17 04:00:00,25,0.05,0,1,False,True,0.0,1.0,4251.829638671875
2025-10-17 05:00:00,25,0.05,0,1,False,True,0.0,1.0,4253.608129882812
2025-10-17 06:00:00,25,0.05,0,1,False,True,0.0,1.0,4257.214453125
2025-10-17 07:00:00,25,0.05,0,2,False,True,0.0,1.0,4246.534326171874
2025-10-17 08:00:00,25,0.05,0,3,False,True,0.0,1.0,4268.878955078125
2025-10-17 09:00:00,25,0.05,0,3,False,True,0.0,1.0,4279.454931640625
2025-10-17 10:00:00,26,0.052,0,2,False,True,0.0,1.0,4194.65380859375
2025-10-17 11:00:00,29,0.058,0,2,False,True,0.0,1.0,4348.28076171875
2025-10-17 12:00:00,25,0.05,0,2,False,True,0.0,1.0,4218.781274414062
2025-10-17 13:00:00,41,0.082,0,2,False,True,0.0,1.0,4160.88134765625
2025-10-17 14:00:00,25,0.05,0,2,False,True,0.0,1.0,4153.6732421875
2025-10-17 15:00:00,25,0.05,0,2,False,True,0.0,1.0,4147.5521484375
2025-10-17 16:00:00,25,0.05,0,3,False,True,0.0,1.0,4140.67392578125
2025-10-17 17:00:00,500,1.0,5,5,True,True,1.0,1.0,3915.0
2025-10-17 18:00:00,500,1.0,5,5,True,True,1.0,1.0,3601.0
2025-10-17 19:00:00,500,1.0,5,5,True,True,1.0,1.0,3344.0
2025-10-17 20:00:00,25,0.05,0,1,False,True,0.0,1.0,3101.2217529296877
2025-10-17 21:00:00,30,0.06,0,2,False,True,0.0,1.0,3104.463134765625
2025-10-17 22:00:00,25,0.05,0,1,False,True,0.0,1.0,3103.6997802734377
2025-10-17 23:00:00,30,0.06,0,1,False,True,0.0,1.0,3104.47021484375
2025-10-18 00:00:00,25,0.05,0,2,False,True,0.0,1.0,3104.1618408203126
2025-10-18 01:00:00,26,0.052,0,1,False,True,0.0,1.0,3104.4892578125
2025-10-18 02:00:00,44,0.088,0,1,False,True,0.0,1.0,3104.68310546875
2025-10-18 03:00:00,25,0.05,0,1,False,True,0.0,1.0,3103.41748046875
2025-10-18 04:00:00,25,0.05,0,2,False,True,0.0,1.0,3101.4230224609373
2025-10-18 05:00:00,26,0.052,0,1,False,True,0.0,1.0,3105.510498046875
2025-10-18 06:00:00,26,0.052,0,1,False,True,0.0,1.0,3104.428955078125
2025-10-18 07:00:00,26,0.052,0,1,False,True,0.0,1.0,3104.317138671875
2025-10-18 08:00:00,25,0.05,0,1,False,True,0.0,1.0,3100.4239501953125
2025-10-18 09:00:00,30,0.06,0,1,False,True,0.0,1.0,3103.271728515625
2025-10-18 10:00:00,27,0.054,0,2,False,True,0.0,1.0,3102.92431640625
2025-10-18 11:00:00,30,0.06,0,1,False,True,0.0,1.0,3091.1669921875
2025-10-18 12:00:00,27,0.054,0,1,False,True,0.0,1.0,3088.082275390625
2025-10-18 13:00:00,25,0.05,1,1,True,True,1.0,1.0,3089.546276855469
2025-10-18 14:00:00,25,0.05,0,1,False,True,0.0,1.0,3075.2424072265626
2025-10-18 15:00:00,30,0.06,0,1,False,True,0.0,1.0,3073.60595703125
2025-10-18 16:00:00,25,0.05,0,1,False,True,0.0,1.0,3067.68447265625
2025-10-18 17:00:00,500,1.0,5,5,True,True,1.0,1.0,3031.0
2025-10-18 18:00:00,500,1.0,5,5,True,True,1.0,1.0,2865.0
2025-10-18 19:00:00,25,0.05,0,1,False,True,0.0,1.0,2813.6706665039064
2025-10-18 20:00:00,25,0.05,0,1,False,True,0.0,1.0,2813.2301635742188
2025-10-18 21:00:00,30,0.06,0,1,False,True,0.0,1.0,2813.765380859375
2025-10-18 22:00:00,37,0.074,1,2,True,True,1.0,1.0,2813.765380859375
2025-10-18 23:00:00,25,0.05,0,1,False,True,0.0,1.0,2812.7275268554686
2025-10-19 00:00:00,25,0.05,0,2,False,True,0.0,1.0,2798.2519042968747
2025-10-19 01:00:00,33,0.066,1,2,True,True,1.0,1.0,2808.6875
2025-10-19 02:00:00,25,0.05,0,1,False,True,0.0,1.0,2810.0441162109373
2025-10-19 03:00:00,25,0.05,0,1,False,True,0.0,1.0,2804.4037475585938
2025-10-19 04:00:00,25,0.05,0,3,False,True,0.0,1.0,2815.161999511719
2025-10-19 05:00:00,34,0.068,0,1,False,True,0.0,1.0,2817.931640625
2025-10-19 06:00:00,26,0.052,0,2,False,True,0.0,1.0,2807.462158203125
2025-10-19 07:00:00,25,0.05,0,1,False,True,0.0,1.0,2789.354541015625
2025-10-19 08:00:00,25,0.05,0,2,False,True,0.0,1.0,2803.774072265625
2025-10-19 09:00:00,28,0.056,0,1,False,True,0.0,1.0,3176.56689453125
2025-10-19 10:00:00,30,0.06,0,2,False,True,0.0,1.0,3424.9375
2025-10-19 11:00:00,25,0.05,0,2,False,True,0.0,1.0,3689.3878173828125
2025-10-19 12:00:00,25,0.05,0,2,False,True,0.0,1.0,3885.4465942382812
2025-10-19 13:00:00,31,0.062,0,2,False,True,0.0,1.0,3904.916259765625
2025-10-19 14:00:00,25,0.05,0,2,False,True,0.0,1.0,3916.4242431640623
2025-10-19 15:00:00,25,0.05,0,1,False,True,0.0,1.0,3902.656689453125
2025-10-19 16:00:00,25,0.05,1,2,True,True,1.0,1.0,3904.1608276367188
2025-10-19 17:00:00,25,0.05,0,2,False,True,0.0,1.0,3887.674914550781
2025-10-19 18:00:00,25,0.05,0,1,False,True,0.0,1.0,3904.2929931640624
2025-10-19 19:00:00,25,0.05,0,2,False,True,0.0,1.0,3903.662646484375
2025-10-19 20:00:00,28,0.056,0,2,False,True,0.0,1.0,3908.77685546875
2025-10-19 21:00:00,25,0.05,0,1,False,True,0.0,1.0,3903.204248046875
2025-10-19 22:00:00,25,0.05,0,2,False,True,0.0,1.0,3907.459790039062
2025-10-19 23:00:00,31,0.062,0,2,False,True,0.0,1.0,3910.11669921875
2025-10-20 00:00:00,29,0.058,0,1,False,True,0.0,1.0,3922.85400390625
2025-10-20 01:00:00,25,0.05,0,1,False,True,0.0,1.0,3904.5380859375
2025-10-20 02:00:00,31,0.062,0,2,False,True,0.0,1.0,3904.2705078125
2025-10-20 03:00:00,25,0.05,0,1,False,True,0.0,1.0,3925.6644775390623
2025-10-20 04:00:00,25,0.05,0,2,False,True,0.0,1.0,3910.9364501953123
2025-10-20 05:00:00,31,0.062,0,1,False,True,0.0,1.0,3925.51171875
2025-10-20 06:00:00,29,0.058,0,3,False,True,0.0,1.0,3921.91259765625
2025-10-20 07:00:00,25,0.05,0,2,False,True,0.0,1.0,3929.8342041015626
2025-10-20 08:00:00,25,0.05,0,2,False,True,0.0,1.0,3930.3449218749997
2025-10-20 09:00:00,25,0.05,0,2,False,True,0.0,1.0,3937.6171752929686
2025-10-20 10:00:00,28,0.056,0,2,False,True,0.0,1.0,3930.2431640625
2025-10-20 11:00:00,26,0.052,0,1,False,True,0.0,1.0,3964.679443359375
2025-10-20 12:00:00,25,0.05,0,2,False,True,0.0,1.0,3886.119873046875
2025-10-20 13:00:00,25,0.05,0,1,False,True,0.0,1.0,3780.9895874023437
2025-10-20 14:00:00,25,0.05,0,1,False,True,0.0,1.0,3776.980517578125
2025-10-20 15:00:00,25,0.05,0,3,False,True,0.0,1.0,3636.5687622070313
2025-10-20 16:00:00,25,0.05,0,1,False,True,0.0,1.0,3613.1255126953124
2025-10-20 17:00:00,500,1.0,5,5,True,True,1.0,1.0,3557.0
2025-10-20 18:00:00,25,0.05,0,3,False,True,0.0,1.0,3420.614367675781
2025-10-20 19:00:00,46,0.092,0,3,False,True,0.0,1.0,3422.968017578125
2025-10-20 20:00:00,36,0.072,0,3,False,True,0.0,1.0,3424.410888671875
2025-10-20 21:00:00,26,0.052,0,2,False,True,0.0,1.0,3426.545166015625
2025-10-20 22:00:00,25,0.05,0,2,False,True,0.0,1.0,3419.0470581054688
2025-10-20 23:00:00,25,0.05,0,1,False,True,0.0,1.0,3423.390625
2025-10-21 00:00:00,25,0.05,0,3,False,True,0.0,1.0,3437.0469604492187
2025-10-21 01:00:00,32,0.064,0,3,False,True,0.0,1.0,3414.96484375
2025-10-21 02:00:00,25,0.05,0,3,False,True,0.0,1.0,3416.6711669921874
2025-10-21 03:00:00,28,0.056,0,2,False,True,0.0,1.0,3410.333251953125
2025-10-21 04:00:00,25,0.05,0,2,False,True,0.0,1.0,3406.968298339844
2025-10-21 05:00:00,26,0.052,0,2,False,True,0.0,1.0,3409.94482421875
2025-10-21 06:00:00,25,0.05,0,2,False,True,0.0,1.0,3407.508642578125
2025-10-21 07:00:00,32,0.064,0,2,False,True,0.0,1.0,3399.84033203125
2025-10-21 08:00:00,28,0.056,0,3,False,True,0.0,1.0,3404.1474609375
2025-10-21 09:00:00,30,0.06,0,2,False,True,0.0,1.0,3399.32373046875
2025-10-21 10:00:00,25,0.05,0,1,False,True,0.0,1.0,3375.330603027344
2025-10-21 11:00:00,25,0.05,0,2,False,True,0.0,1.0,3409.560437011719
2025-10-21 12:00:00,25,0.05,0,2,False,True,0.0,1.0,3380.8830444335936
2025-10-21 13:00:00,28,0.056,0,1,False,True,0.0,1.0,3342.454833984375
2025-10-21 14:00:00,25,0.05,0,1,False,True,0.0,1.0,3357.6312866210938
2025-10-21 15:00:00,25,0.05,0,1,False,True,0.0,1.0,3341.7251098632814
2025-10-21 16:00:00,26,0.052,0,2,False,True,0.0,1.0,3341.2408081054687
2025-10-21 17:00:00,25,0.05,0,3,False,True,0.0,1.0,3280.8591064453126
2025-10-21 18:00:00,28,0.056,1,2,True,True,1.0,1.0,3265.888427734375
2025-10-21 19:00:00,39,0.078,0,2,False,True,0.0,1.0,3270.37353515625
2025-10-21 20:00:00,27,0.054,0,2,False,True,0.0,1.0,3258.671630859375
2025-10-21 21:00:00,27,0.054,0,3,False,True,0.0,1.0,3264.09765625
2025-10-21 22:00:00,26,0.052,0,2,False,True,0.0,1.0,3264.09765625
2025-10-21 23:00:00,27,0.054,0,1,False,True,0.0,1.0,3264.50390625
2025-10-22 00:00:00,39,0.078,0,2,False,True,0.0,1.0,3275.224609375
2025-10-22 01:00:00,25,0.05,0,3,False,True,0.0,1.0,3297.6161987304686
2025-10-22 02:00:00,30,0.06,0,2,False,True,0.0,1.0,3293.17724609375
2025-10-22 03:00:00,25,0.05,0,2,False,True,0.0,1.0,3298.1941040039064
2025-10-22 04:00:00,25,0.05,0,2,False,True,0.0,1.0,3302.70244140625
2025-10-22 05:00:00,27,0.054,0,3,False,True,0.0,1.0,3300.083984375
2025-10-22 06:00:00,34,0.068,0,1,False,True,0.0,1.0,3300.319580078125
2025-10-22 07:00:00,32,0.064,0,2,False,True,0.0,1.0,3290.525390625
2025-10-22 08:00:00,25,0.05,0,2,False,True,0.0,1.0,3285.3063110351563
2025-10-22 09:00:00,27,0.054,1,3,True,True,1.0,1.0,3293.546142578125
2025-10-22 10:00:00,26,0.052,0,3,False,True,0.0,1.0,3319.936279296875
2025-10-22 11:00:00,33,0.066,0,2,False,True,0.0,1.0,3278.0263671875
2025-10-22 12:00:00,29,0.058,0,2,False,True,0.0,1.0,3289.6396484375
2025-10-22 13:00:00,25,0.05,0,1,False,True,0.0,1.0,3271.4572021484373
2025-10-22 14:00:00,25,0.05,0,2,False,True,0.0,1.0,3226.982568359375
2025-10-22 15:00:00,25,0.05,0,1,False,True,0.0,1.0,3222.2030517578123
2025-10-22 16:00:00,27,0.054,0,2,False,True,0.0,1.0,3233.24560546875
2025-10-22 17:00:00,28,0.056,0,1,False,True,0.0,1.0,3217.70166015625
2025-10-22 18:00:00,26,0.052,0,1,False,True,0.0,1.0,3237.74365234375
2025-10-22 19:00:00,26,0.052,0,2,False,True,0.0,1.0,3235.852404785156
2025-10-22 20:00:00,34,0.068,0,1,False,True,0.0,1.0,3247.448974609375
2025-10-22 21:00:00,25,0.05,0,1,False,True,0.0,1.0,3244.7119995117187
2025-10-22 22:00:00,27,0.054,0,2,False,True,0.0,1.0,3247.448974609375
2025-10-22 23:00:00,25,0.05,0,1,False,True,0.0,1.0,3233.3435913085937
2025-10-23 00:00:00,26,0.052,0,1,False,True,0.0,1.0,3227.491943359375
2025-10-23 01:00:00,25,0.05,0,1,False,True,0.0,1.0,3217.7744873046877
2025-10-23 02:00:00,29,0.058,0,1,False,True,0.0,1.0,3223.834716796875
2025-10-23 03:00:00,33,0.066,0,2,False,True,0.0,1.0,3220.62255859375
2025-10-23 04:00:00,28,0.056,0,1,False,True,0.0,1.0,3220.552978515625
2025-10-23 05:00:00,29,0.058,0,1,False,True,0.0,1.0,3220.352294921875
2025-10-23 06:00:00,25,0.05,0,1,False,True,0.0,1.0,3248.9049682617188
2025-10-23 07:00:00,25,0.05,0,1,False,True,0.0,1.0,3211.636267089844
2025-10-23 08:00:00,25,0.05,0,2,False,True,0.0,1.0,3186.0498291015624
2025-10-23 09:00:00,27,0.054,0,2,False,True,0.0,1.0,3156.87353515625
2025-10-23 10:00:00,25,0.05,0,2,False,True,0.0,1.0,3184.842541503906
2025-10-23 11:00:00,27,0.054,0,1,False,True,0.0,1.0,3157.8740234375
2025-10-23 12:00:00,25,0.05,0,1,False,True,0.0,1.0,3196.0412475585936
2025-10-23 13:00:00,25,0.05,0,1,False,True,0.0,1.0,3158.1390869140623
2025-10-23 14:00:00,26,0.052,0,1,False,True,0.0,1.0,3157.3125
2025-10-23 15:00:00,25,0.05,0,1,False,True,0.0,1.0,3157.1740600585936
2025-10-23 16:00:00,25,0.05,0,1,False,True,0.0,1.0,3157.3654663085936
2025-10-23 17:00:00,500,1.0,5,5,True,True,1.0,1.0,3012.0
2025-10-23 18:00:00,500,1.0,5,5,True,True,1.0,1.0,2806.0
2025-10-23 19:00:00,500,1.0,5,5,True,True,1.0,1.0,2608.0
2025-10-23 20:00:00,500,1.0,5,5,True,True,1.0,1.0,2409.0
2025-10-23 21:00:00,25,0.05,0,1,False,True,0.0,1.0,2172.1782104492186
2025-10-23 22:00:00,25,0.05,0,1,False,True,0.0,1.0,2171.8228271484377
2025-10-23 23:00:00,46,0.092,0,2,False,True,0.0,1.0,2172.47509765625
2025-10-24 00:00:00,25,0.05,0,1,False,True,0.0,1.0,2171.606591796875
2025-10-24 01:00:00,26,0.052,0,2,False,True,0.0,1.0,2172.4306762695314
2025-10-24 02:00:00,31,0.062,0,1,False,True,0.0,1.0,2172.5439453125
2025-10-24 03:00:00,30,0.06,0,1,False,True,0.0,1.0,2172.535888671875
2025-10-24 04:00:00,31,0.062,0,1,False,True,0.0,1.0,2172.5439453125
2025-10-24 05:00:00,25,0.05,0,1,False,True,0.0,1.0,2172.1752075195313
2025-10-24 06:00:00,28,0.056,0,1,False,True,0.0,1.0,2173.87060546875
2025-10-24 07:00:00,28,0.056,0,1,False,True,0.0,1.0,2173.89892578125
2025-10-24 08:00:00,29,0.058,0,2,False,True,0.0,1.0,2173.912353515625
2025-10-24 09:00:00,31,0.062,0,2,False,True,0.0,1.0,2173.736328125
2025-10-24 10:00:00,25,0.05,0,1,False,True,0.0,1.0,2172.7316040039063
2025-10-24 11:00:00,26,0.052,0,1,False,True,0.0,1.0,2175.354736328125
2025-10-24 12:00:00,25,0.05,0,1,False,True,0.0,1.0,2175.094384765625
2025-10-24 13:00:00,25,0.05,0,1,False,True,0.0,1.0,2174.170166015625
2025-10-24 14:00:00,29,0.058,0,1,False,True,0.0,1.0,2173.64599609375
2025-10-24 15:00:00,27,0.054,0,1,False,True,0.0,1.0,2171.84716796875
2025-10-24 16:00:00,32,0.064,0,1,False,True,0.0,1.0,2170.637451171875
2025-10-24 17:00:00,500,1.0,5,5,True,True,1.0,1.0,2135.0
2025-10-24 18:00:00,500,1.0,5,5,True,True,1.0,1.0,2137.0
2025-10-24 19:00:00,500,1.0,5,5,True,True,1.0,1.0,2137.0
2025-10-24 20:00:00,500,1.0,5,5,True,True,1.0,1.0,2137.0
2025-10-24 21:00:00,500,1.0,5,5,True,True,1.0,1.0,2137.0
2025-10-24 22:00:00,500,1.0,5,5,True,True,1.0,1.0,2137.0
2025-10-24 23:00:00,500,1.0,5,5,True,True,1.0,1.0,2137.0
2025-10-25 00:00:00,500,1.0,5,5,True,True,1.0,1.0,2137.0
2025-10-25 01:00:00,500,1.0,5,5,True,True,1.0,1.0,2137.0
2025-10-25 02:00:00,500,1.0,5,5,True,True,1.0,1.0,2137.0
2025-10-25 03:00:00,500,1.0,5,5,True,True,1.0,1.0,2137.0
2025-10-25 04:00:00,500,1.0,5,5,True,True,1.0,1.0,2137.0
2025-10-25 05:00:00,500,1.0,5,5,True,True,1.0,1.0,2137.0
2025-10-25 06:00:00,500,1.0,5,5,True,True,1.0,1.0,2137.0
2025-10-25 07:00:00,500,1.0,5,5,True,True,1.0,1.0,2137.0
2025-10-25 08:00:00,500,1.0,5,5,True,True,1.0,1.0,2137.0
2025-10-25 09:00:00,500,1.0,5,5,True,True,1.0,1.0,2137.0
2025-10-25 10:00:00,500,1.0,5,5,True,True,1.0,1.0,2137.0
2025-10-25 11:00:00,500,1.0,5,5,True,True,1.0,1.0,2137.0
2025-10-25 12:00:00,500,1.0,5,5,True,True,1.0,1.0,2137.0
2025-10-25 13:00:00,500,1.0,5,5,True,True,1.0,1.0,2137.0
2025-10-25 14:00:00,500,1.0,5,5,True,True,1.0,1.0,2137.0
2025-10-25 15:00:00,500,1.0,5,5,True,True,1.0,1.0,2137.0
2025-10-25 16:00:00,500,1.0,5,5,True,True,1.0,1.0,2137.0
2025-10-25 17:00:00,500,1.0,5,5,True,True,1.0,1.0,2137.0
2025-10-25 18:00:00,500,1.0,5,5,True,True,1.0,1.0,2196.0
2025-10-25 19:00:00,500,1.0,5,5,True,True,1.0,1.0,2196.0
2025-10-25 20:00:00,500,1.0,5,5,True,True,1.0,1.0,2196.0
2025-10-25 21:00:00,500,1.0,5,5,True,True,1.0,1.0,2196.0
2025-10-25 22:00:00,500,1.0,5,5,True,True,1.0,1.0,2196.0
2025-10-25 23:00:00,500,1.0,5,5,True,True,1.0,1.0,2196.0
2025-10-26 00:00:00,500,1.0,5,5,True,True,1.0,1.0,2196.0
2025-10-26 01:00:00,500,1.0,5,5,True,True,1.0,1.0,2196.0
2025-10-26 02:00:00,500,1.0,5,5,True,True,1.0,1.0,2196.0
2025-10-26 03:00:00,500,1.0,5,5,True,True,1.0,1.0,2196.0
2025-10-26 04:00:00,500,1.0,5,5,True,True,1.0,1.0,2196.0
2025-10-26 05:00:00,500,1.0,5,5,True,True,1.0,1.0,2196.0
2025-10-26 06:00:00,500,1.0,5,5,True,True,1.0,1.0,2196.0
2025-10-26 07:00:00,500,1.0,5,5,True,True,1.0,1.0,2196.0
2025-10-26 08:00:00,30,0.06,0,1,False,True,0.0,1.0,2326.968017578125
2025-10-26 09:00:00,28,0.056,0,1,False,True,0.0,1.0,2523.1611328125
2025-10-26 10:00:00,25,0.05,0,1,False,True,0.0,1.0,2593.561560058594
2025-10-26 11:00:00,26,0.052,0,1,False,True,0.0,1.0,2708.10986328125
2025-10-26 12:00:00,32,0.064,0,2,False,True,0.0,1.0,2912.806640625
2025-10-26 13:00:00,28,0.056,1,1,True,True,1.0,1.0,2926.113525390625
2025-10-26 14:00:00,25,0.05,0,2,False,True,0.0,1.0,2929.3868774414063
2025-10-26 15:00:00,25,0.05,0,1,False,True,0.0,1.0,2994.3471923828124
2025-10-26 16:00:00,25,0.05,0,1,False,True,0.0,1.0,3010.667272949219
2025-10-26 17:00:00,500,1.0,5,5,True,True,1.0,1.0,3044.0
2025-10-26 18:00:00,500,1.0,5,5,True,True,1.0,1.0,3044.0
2025-10-26 19:00:00,500,1.0,5,5,True,True,1.0,1.0,3044.0
2025-10-26 20:00:00,500,1.0,5,5,True,True,1.0,1.0,3044.0
2025-10-26 21:00:00,500,1.0,5,5,True,True,1.0,1.0,3044.0
2025-10-26 22:00:00,500,1.0,5,5,True,True,1.0,1.0,3044.0
2025-10-26 23:00:00,500,1.0,5,5,True,True,1.0,1.0,3044.0
2025-10-27 00:00:00,500,1.0,5,5,True,True,1.0,1.0,3044.0
2025-10-27 01:00:00,500,1.0,5,5,True,True,1.0,1.0,3044.0
2025-10-27 02:00:00,500,1.0,5,5,True,True,1.0,1.0,3044.0
2025-10-27 03:00:00,500,1.0,5,5,True,True,1.0,1.0,3044.0
2025-10-27 04:00:00,500,1.0,5,5,True,True,1.0,1.0,3044.0
2025-10-27 05:00:00,500,1.0,5,5,True,True,1.0,1.0,3044.0
2025-10-27 06:00:00,35,0.07,0,2,False,True,0.0,1.0,3048.68798828125
2025-10-27 07:00:00,500,1.0,5,5,True,True,1.0,1.0,3044.0
2025-10-27 08:00:00,500,1.0,5,5,True,True,1.0,1.0,3044.0
2025-10-27 09:00:00,500,1.0,5,5,True,True,1.0,1.0,3044.0
2025-10-27 10:00:00,500,1.0,5,5,True,True,1.0,1.0,3044.0
2025-10-27 11:00:00,500,1.0,5,5,True,True,1.0,1.0,3044.0
2025-10-27 12:00:00,500,1.0,5,5,True,True,1.0,1.0,3044.0
2025-10-27 13:00:00,500,1.0,5,5,True,True,1.0,1.0,3044.0
2025-10-27 14:00:00,500,1.0,5,5,True,True,1.0,1.0,3044.0
2025-10-27 15:00:00,500,1.0,5,5,True,True,1.0,1.0,3044.0
2025-10-27 16:00:00,500,1.0,5,5,True,True,1.0,1.0,3044.0
2025-10-27 17:00:00,25,0.05,0,2,False,True,0.0,1.0,3013.66416015625
2025-10-27 18:00:00,33,0.066,0,2,False,True,0.0,1.0,3015.447998046875
2025-10-27 19:00:00,26,0.052,0,1,False,True,0.0,1.0,3013.77001953125
2025-10-27 20:00:00,25,0.05,0,1,False,True,0.0,1.0,3006.314318847656
2025-10-27 21:00:00,25,0.05,0,2,False,True,0.0,1.0,3014.908239746094
2025-10-27 22:00:00,25,0.05,0,1,False,True,0.0,1.0,3013.95439453125
2025-10-27 23:00:00,25,0.05,0,2,False,True,0.0,1.0,3013.712719726562
2025-10-28 00:00:00,40,0.08,0,1,False,True,0.0,1.0,3012.954345703125
2025-10-28 01:00:00,500,1.0,5,5,True,True,1.0,1.0,3006.0
2025-10-28 02:00:00,500,1.0,5,5,True,True,1.0,1.0,3006.0
2025-10-28 03:00:00,500,1.0,5,5,True,True,1.0,1.0,3006.0
2025-10-28 04:00:00,500,1.0,5,5,True,True,1.0,1.0,3006.0
2025-10-28 05:00:00,500,1.0,5,5,True,True,1.0,1.0,3006.0
2025-10-28 06:00:00,25,0.05,0,1,False,True,0.0,1.0,3034.2388305664062
2025-10-28 07:00:00,36,0.072,0,2,False,True,0.0,1.0,3049.607421875
2025-10-28 08:00:00,25,0.05,0,1,False,True,0.0,1.0,3046.35078125
2025-10-28 09:00:00,27,0.054,0,2,False,True,0.0,1.0,3058.52001953125
2025-10-28 10:00:00,28,0.056,0,2,False,True,0.0,1.0,3048.76220703125
2025-10-28 11:00:00,25,0.05,0,2,False,True,0.0,1.0,3033.229443359375
2025-10-28 12:00:00,36,0.072,0,1,False,True,0.0,1.0,3043.044921875
2025-10-28 13:00:00,32,0.064,0,1,False,True,0.0,1.0,3071.4970703125
2025-10-28 14:00:00,25,0.05,0,2,False,True,0.0,1.0,3067.5608764648437
2025-10-28 15:00:00,30,0.06,0,2,False,True,0.0,1.0,3070.36865234375
2025-10-28 16:00:00,25,0.05,0,2,False,True,0.0,1.0,3052.7963012695313
2025-10-28 17:00:00,32,0.064,0,2,False,True,0.0,1.0,3070.36865234375
2025-10-28 18:00:00,31,0.062,0,2,False,True,0.0,1.0,3083.239501953125
2025-10-28 19:00:00,25,0.05,0,1,False,True,0.0,1.0,3063.7810668945312
2025-10-28 20:00:00,25,0.05,0,2,False,True,0.0,1.0,3057.1696533203126
2025-10-28 21:00:00,25,0.05,0,2,False,True,0.0,1.0,3081.559375
2025-10-28 22:00:00,25,0.05,0,2,False,True,0.0,1.0,3081.495373535156
2025-10-28 23:00:00,28,0.056,0,2,False,True,0.0,1.0,3083.490234375
2025-10-29 00:00:00,25,0.05,0,2,False,True,0.0,1.0,3089.736572265625
2025-10-29 01:00:00,25,0.05,0,1,False,True,0.0,1.0,3114.310205078125
2025-10-29 02:00:00,26,0.052,0,2,False,True,0.0,1.0,3115.42919921875
2025-10-29 03:00:00,25,0.05,0,2,False,True,0.0,1.0,3116.685095214844
2025-10-29 04:00:00,31,0.062,0,2,False,True,0.0,1.0,3123.949462890625
2025-10-29 05:00:00,25,0.05,0,1,False,True,0.0,1.0,3106.008081054687
2025-10-29 06:00:00,25,0.05,0,1,False,True,0.0,1.0,3085.1370971679685
2025-10-29 07:00:00,500,1.0,5,5,True,True,1.0,1.0,3044.0
2025-10-29 08:00:00,500,1.0,5,5,True,True,1.0,1.0,3044.0
2025-10-29 09:00:00,500,1.0,5,5,True,True,1.0,1.0,3044.0
2025-10-29 10:00:00,500,1.0,5,5,True,True,1.0,1.0,3044.0
2025-10-29 11:00:00,25,0.05,0,1,False,True,0.0,1.0,3084.3849243164063
2025-10-29 12:00:00,25,0.05,0,2,False,True,0.0,1.0,3145.319030761718
2025-10-29 13:00:00,29,0.058,0,2,False,True,0.0,1.0,3231.4853515625
2025-10-29 14:00:00,35,0.07,0,2,False,True,0.0,1.0,3231.916259765625
2025-10-29 15:00:00,25,0.05,0,2,False,True,0.0,1.0,3362.0871093749997
2025-10-29 16:00:00,25,0.05,1,2,True,True,1.0,1.0,3489.1947265625
2025-10-29 17:00:00,36,0.072,0,2,False,True,0.0,1.0,3507.97900390625
2025-10-29 18:00:00,25,0.05,0,1,False,True,0.0,1.0,3507.093310546875
2025-10-29 19:00:00,26,0.052,0,2,False,True,0.0,1.0,3510.09521484375
2025-10-29 20:00:00,25,0.05,1,2,True,True,1.0,1.0,3507.2001953125
2025-10-29 21:00:00,28,0.056,0,2,False,True,0.0,1.0,3509.534423828125
2025-10-29 22:00:00,30,0.06,0,2,False,True,0.0,1.0,3507.16796875
2025-10-29 23:00:00,25,0.05,0,2,False,True,0.0,1.0,3497.267858886719
2025-10-30 00:00:00,27,0.054,0,1,False,True,0.0,1.0,3515.19873046875
2025-10-30 01:00:00,25,0.05,0,2,False,True,0.0,1.0,3510.99453125
2025-10-30 02:00:00,25,0.05,0,1,False,True,0.0,1.0,3512.5660400390625
2025-10-30 03:00:00,26,0.052,0,3,False,True,0.0,1.0,3517.553955078125
2025-10-30 04:00:00,25,0.05,0,2,False,True,0.0,1.0,3511.039514160156
2025-10-30 05:00:00,25,0.05,0,1,False,True,0.0,1.0,3495.9375854492187
2025-10-30 06:00:00,28,0.056,0,1,False,True,0.0,1.0,3516.514404296875
2025-10-30 07:00:00,25,0.05,0,2,False,True,0.0,1.0,3514.388391113281
2025-10-30 08:00:00,25,0.05,0,2,False,True,0.0,1.0,3512.150744628906
2025-10-30 09:00:00,25,0.05,0,2,False,True,0.0,1.0,3511.4968505859374
2025-10-30 10:00:00,25,0.05,0,2,False,True,0.0,1.0,3497.057653808594
2025-10-30 11:00:00,32,0.064,0,3,False,True,0.0,1.0,3485.40478515625
2025-10-30 12:00:00,25,0.05,0,1,False,True,0.0,1.0,3510.4391479492188
2025-10-30 13:00:00,25,0.05,0,2,False,True,0.0,1.0,3480.6490600585935
2025-10-30 14:00:00,27,0.054,0,2,False,True,0.0,1.0,3504.904541015625
2025-10-30 15:00:00,30,0.06,0,1,False,True,0.0,1.0,3427.869873046875
2025-10-30 16:00:00,500,1.0,5,5,True,True,1.0,1.0,3424.0
2025-10-30 17:00:00,500,1.0,5,5,True,True,1.0,1.0,3353.0
2025-10-30 18:00:00,25,0.05,0,2,False,True,0.0,1.0,3178.0072021484375
2025-10-30 19:00:00,25,0.05,0,1,False,True,0.0,1.0,3179.696057128906
2025-10-30 20:00:00,25,0.05,0,2,False,True,0.0,1.0,3183.1742065429685
2025-10-30 21:00:00,25,0.05,0,2,False,True,0.0,1.0,3186.5565551757813
2025-10-30 22:00:00,34,0.068,0,2,False,True,0.0,1.0,3190.96240234375
2025-10-30 23:00:00,25,0.05,0,2,False,True,0.0,1.0,3182.5699951171873
2025-10-31 00:00:00,25,0.05,0,2,False,True,0.0,1.0,3185.3635375976555
2025-10-31 01:00:00,31,0.062,0,1,False,True,0.0,1.0,3176.741943359375
2025-10-31 02:00:00,29,0.058,0,2,False,True,0.0,1.0,3176.03759765625
2025-10-31 03:00:00,29,0.058,0,2,False,True,0.0,1.0,3161.501220703125
2025-10-31 04:00:00,25,0.05,0,1,False,True,0.0,1.0,3143.491015625
2025-10-31 05:00:00,32,0.064,0,2,False,True,0.0,1.0,3151.09521484375
2025-10-31 06:00:00,29,0.058,0,2,False,True,0.0,1.0,3201.940673828125
2025-10-31 07:00:00,32,0.064,0,2,False,True,0.0,1.0,3148.78955078125
2025-10-31 08:00:00,34,0.068,0,3,False,True,0.0,1.0,3153.322998046875
2025-10-31 09:00:00,25,0.05,0,1,False,True,0.0,1.0,3186.2859863281246
2025-10-31 10:00:00,25,0.05,0,1,False,True,0.0,1.0,3131.9132812499997
2025-10-31 11:00:00,25,0.05,0,3,False,True,0.0,1.0,3295.344104003906
2025-10-31 12:00:00,28,0.056,0,1,False,True,0.0,1.0,3146.706787109375
2025-10-31 13:00:00,25,0.05,0,2,False,True,0.0,1.0,3202.9046020507812
2025-10-31 14:00:00,33,0.066,0,2,False,True,0.0,1.0,3161.521484375
2025-10-31 15:00:00,25,0.05,0,1,False,True,0.0,1.0,3137.4065185546874
2025-10-31 16:00:00,500,1.0,5,5,True,True,1.0,1.0,3045.0
2025-10-31 17:00:00,500,1.0,5,5,True,True,1.0,1.0,2906.0
2025-10-31 18:00:00,500,1.0,5,5,True,True,1.0,1.0,2615.0
2025-10-31 19:00:00,500,1.0,5,5,True,True,1.0,1.0,2457.0
2025-10-31 20:00:00,500,1.0,5,5,True,True,1.0,1.0,2281.0
2025-10-31 21:00:00,500,1.0,5,5,True,True,1.0,1.0,2145.0
2025-10-31 22:00:00,500,1.0,5,5,True,True,1.0,1.0,2018.0
