issue_time,raw_low_pv_scenario_count,raw_low_pv_probability_mass,R1_low_pv_representative_count,R3_low_pv_representative_count,R1_low_pv_included,R3_low_pv_included,R1_low_pv_inclusion_score,R3_low_pv_inclusion_score,low_pv_threshold_p05_energy_kwh
2024-10-31 07:00:00,29,0.058,0,1,False,True,0.0,1.0,6.582155704498291
2024-10-31 08:00:00,25,0.05,0,1,False,True,0.0,1.0,51.403875541687015
2024-10-31 09:00:00,25,0.05,0,1,False,True,0.0,1.0,135.8547088623047
2024-10-31 10:00:00,25,0.05,0,2,False,True,0.0,1.0,274.9954116821289
2024-10-31 11:00:00,25,0.05,0,2,False,True,0.0,1.0,422.42100677490237
2024-10-31 12:00:00,25,0.05,0,1,False,True,0.0,1.0,656.9664123535156
2024-10-31 13:00:00,25,0.05,0,1,False,True,0.0,1.0,858.7999542236328
2024-10-31 14:00:00,25,0.05,0,1,False,True,0.0,1.0,1084.8195556640626
2024-10-31 15:00:00,25,0.05,0,2,False,True,0.0,1.0,1267.7165893554688
2024-10-31 16:00:00,25,0.05,0,2,False,True,0.0,1.0,1368.155694580078
2024-10-31 17:00:00,25,0.05,0,2,False,True,0.0,1.0,1338.6045288085938
2024-10-31 18:00:00,25,0.05,0,2,False,True,0.0,1.0,1310.0318908691406
2024-10-31 19:00:00,25,0.05,0,2,False,True,0.0,1.0,1361.7783630371093
2024-10-31 20:00:00,25,0.05,0,1,False,True,0.0,1.0,1436.3238342285156
2024-10-31 21:00:00,25,0.05,0,2,False,True,0.0,1.0,1354.9451904296875
2024-10-31 22:00:00,25,0.05,0,2,False,True,0.0,1.0,1285.0338439941406
2024-10-31 23:00:00,25,0.05,0,3,False,True,0.0,1.0,1274.8439819335938
2024-11-01 00:00:00,25,0.05,0,2,False,True,0.0,1.0,1441.9568298339846
2024-11-01 01:00:00,25,0.05,0,2,False,True,0.0,1.0,1404.177331542969
2024-11-01 02:00:00,25,0.05,0,1,False,True,0.0,1.0,1339.742901611328
2024-11-01 03:00:00,25,0.05,0,2,False,True,0.0,1.0,1420.416552734375
2024-11-01 04:00:00,25,0.05,0,1,False,True,0.0,1.0,1364.0643188476563
2024-11-01 05:00:00,25,0.05,0,2,False,True,0.0,1.0,1426.9030456542969
2024-11-01 06:00:00,25,0.05,0,1,False,True,0.0,1.0,1429.31826171875
2024-11-01 07:00:00,25,0.05,0,1,False,True,0.0,1.0,1454.2154235839844
2024-11-01 08:00:00,25,0.05,0,2,False,True,0.0,1.0,1301.0450134277344
2024-11-01 09:00:00,25,0.05,0,1,False,True,0.0,1.0,1304.9842834472656
2024-11-01 10:00:00,25,0.05,0,2,False,True,0.0,1.0,1589.3981872558595
2024-11-01 11:00:00,25,0.05,0,1,False,True,0.0,1.0,1892.2977905273438
2024-11-01 12:00:00,25,0.05,0,1,False,True,0.0,1.0,2363.0394775390623
2024-11-01 13:00:00,25,0.05,0,1,False,True,0.0,1.0,1883.134130859375
2024-11-01 14:00:00,25,0.05,0,1,False,True,0.0,1.0,1918.3380920410157
2024-11-01 15:00:00,25,0.05,0,1,False,True,0.0,1.0,1919.7536071777345
2024-11-01 16:00:00,25,0.05,0,1,False,True,0.0,1.0,2073.9632446289065
2024-11-01 17:00:00,25,0.05,0,1,False,True,0.0,1.0,2173.370556640625
2024-11-01 18:00:00,25,0.05,0,1,False,True,0.0,1.0,1923.591912841797
2024-11-01 19:00:00,25,0.05,0,1,False,True,0.0,1.0,2170.0249755859377
2024-11-01 20:00:00,25,0.05,0,1,False,True,0.0,1.0,2127.98466796875
2024-11-01 21:00:00,25,0.05,0,1,False,True,0.0,1.0,2172.0506225585937
2024-11-01 22:00:00,25,0.05,0,1,False,True,0.0,1.0,2047.1702880859375
2024-11-01 23:00:00,25,0.05,0,1,False,True,0.0,1.0,2188.1754638671873
2024-11-02 00:00:00,25,0.05,0,1,False,True,0.0,1.0,2090.9729858398437
2024-11-02 01:00:00,25,0.05,0,1,False,True,0.0,1.0,2120.038537597656
2024-11-02 02:00:00,25,0.05,0,1,False,True,0.0,1.0,1983.3487548828125
2024-11-02 03:00:00,25,0.05,0,1,False,True,0.0,1.0,1929.706072998047
2024-11-02 04:00:00,25,0.05,0,1,False,True,0.0,1.0,1950.7881652832032
2024-11-02 05:00:00,25,0.05,0,1,False,True,0.0,1.0,2030.6959533691406
2024-11-02 06:00:00,25,0.05,0,2,False,True,0.0,1.0,2010.8726928710937
2024-11-02 07:00:00,25,0.05,0,1,False,True,0.0,1.0,2481.8686279296876
2024-11-02 08:00:00,25,0.05,0,1,False,True,0.0,1.0,2859.4446655273437
2024-11-02 09:00:00,25,0.05,0,1,False,True,0.0,1.0,2430.1180908203123
2024-11-02 10:00:00,25,0.05,0,1,False,True,0.0,1.0,2835.6590942382813
2024-11-02 11:00:00,25,0.05,0,1,False,True,0.0,1.0,3295.022424316406
2024-11-02 12:00:00,25,0.05,0,1,False,True,0.0,1.0,4155.5833740234375
2024-11-02 13:00:00,25,0.05,0,1,False,True,0.0,1.0,4326.2962646484375
2024-11-02 14:00:00,25,0.05,0,1,False,True,0.0,1.0,4229.680102539062
2024-11-02 15:00:00,25,0.05,0,1,False,True,0.0,1.0,4247.9058837890625
2024-11-02 16:00:00,25,0.05,0,1,False,True,0.0,1.0,4586.510766601563
2024-11-02 17:00:00,25,0.05,0,1,False,True,0.0,1.0,4347.658129882812
2024-11-02 18:00:00,25,0.05,1,2,True,True,1.0,1.0,4996.442211914063
2024-11-02 19:00:00,25,0.05,0,1,False,True,0.0,1.0,4763.856176757812
2024-11-02 20:00:00,25,0.05,0,1,False,True,0.0,1.0,4662.7283203125
2024-11-02 21:00:00,25,0.05,0,1,False,True,0.0,1.0,5066.85166015625
2024-11-02 22:00:00,25,0.05,0,1,False,True,0.0,1.0,5121.10009765625
2024-11-02 23:00:00,25,0.05,0,1,False,True,0.0,1.0,5023.09296875
2024-11-03 00:00:00,25,0.05,0,1,False,True,0.0,1.0,6059.690380859375
2024-11-03 01:00:00,25,0.05,0,1,False,True,0.0,1.0,6031.491650390625
2024-11-03 02:00:00,25,0.05,1,1,True,True,1.0,1.0,6154.625024414063
2024-11-03 03:00:00,25,0.05,0,1,False,True,0.0,1.0,6343.453100585937
2024-11-03 04:00:00,25,0.05,0,1,False,True,0.0,1.0,6270.234643554688
2024-11-03 05:00:00,25,0.05,1,1,True,True,1.0,1.0,5850.830029296875
2024-11-03 06:00:00,25,0.05,0,1,False,True,0.0,1.0,5317.174462890625
2024-11-03 07:00:00,25,0.05,0,1,False,True,0.0,1.0,5075.373779296875
2024-11-03 08:00:00,25,0.05,1,1,True,True,1.0,1.0,4878.30322265625
2024-11-03 09:00:00,25,0.05,0,1,False,True,0.0,1.0,4961.404956054687
2024-11-03 10:00:00,25,0.05,0,2,False,True,0.0,1.0,4334.4957275390625
2024-11-03 11:00:00,25,0.05,0,2,False,True,0.0,1.0,4221.030908203125
2024-11-03 12:00:00,25,0.05,0,2,False,True,0.0,1.0,3967.8073120117188
2024-11-03 13:00:00,25,0.05,0,2,False,True,0.0,1.0,4255.723413085938
2024-11-03 14:00:00,25,0.05,0,2,False,True,0.0,1.0,4250.340649414063
2024-11-03 15:00:00,25,0.05,0,2,False,True,0.0,1.0,4019.2559204101562
2024-11-03 16:00:00,25,0.05,0,1,False,True,0.0,1.0,3659.011608886719
2024-11-03 17:00:00,25,0.05,0,1,False,True,0.0,1.0,3899.736376953125
2024-11-03 18:00:00,25,0.05,0,2,False,True,0.0,1.0,3585.014782714844
2024-11-03 19:00:00,25,0.05,0,2,False,True,0.0,1.0,3643.5319946289064
2024-11-03 20:00:00,25,0.05,0,2,False,True,0.0,1.0,3788.4213500976566
2024-11-03 21:00:00,25,0.05,0,1,False,True,0.0,1.0,3777.5089599609373
2024-11-03 22:00:00,25,0.05,0,2,False,True,0.0,1.0,3649.445849609375
2024-11-03 23:00:00,25,0.05,0,3,False,True,0.0,1.0,3813.331091308594
2024-11-04 00:00:00,25,0.05,0,2,False,True,0.0,1.0,3898.1172363281253
2024-11-04 01:00:00,25,0.05,0,2,False,True,0.0,1.0,3879.7438354492188
2024-11-04 02:00:00,25,0.05,0,2,False,True,0.0,1.0,3737.3651733398438
2024-11-04 03:00:00,25,0.05,0,1,False,True,0.0,1.0,3765.463098144531
2024-11-04 04:00:00,25,0.05,0,2,False,True,0.0,1.0,4018.021459960938
2024-11-04 05:00:00,25,0.05,0,1,False,True,0.0,1.0,3846.2251098632814
2024-11-04 06:00:00,25,0.05,0,1,False,True,0.0,1.0,4006.5623413085937
2024-11-04 07:00:00,25,0.05,0,1,False,True,0.0,1.0,5626.532641601562
2024-11-04 08:00:00,25,0.05,1,1,True,True,1.0,1.0,6168.90771484375
2024-11-04 09:00:00,25,0.05,0,1,False,True,0.0,1.0,6975.151806640625
2024-11-04 10:00:00,25,0.05,0,1,False,True,0.0,1.0,6438.201318359375
2024-11-04 11:00:00,25,0.05,0,1,False,True,0.0,1.0,5137.934228515625
2024-11-04 12:00:00,25,0.05,0,1,False,True,0.0,1.0,4525.723803710937
2024-11-04 13:00:00,25,0.05,0,1,False,True,0.0,1.0,3538.8601318359374
2024-11-04 14:00:00,25,0.05,0,1,False,True,0.0,1.0,3274.9419555664062
2024-11-04 15:00:00,25,0.05,0,1,False,True,0.0,1.0,3012.6861083984377
2024-11-04 16:00:00,25,0.05,1,2,True,True,1.0,1.0,2859.0132568359377
2024-11-04 17:00:00,25,0.05,0,1,False,True,0.0,1.0,2987.0505126953126
2024-11-04 18:00:00,25,0.05,0,1,False,True,0.0,1.0,2608.9446411132812
2024-11-04 19:00:00,25,0.05,0,1,False,True,0.0,1.0,2766.91728515625
2024-11-04 20:00:00,25,0.05,0,1,False,True,0.0,1.0,2789.7593627929687
2024-11-04 21:00:00,25,0.05,0,2,False,True,0.0,1.0,2714.025354003906
2024-11-04 22:00:00,25,0.05,0,2,False,True,0.0,1.0,2751.228759765625
2024-11-04 23:00:00,25,0.05,0,1,False,True,0.0,1.0,2732.5866943359374
2024-11-05 00:00:00,25,0.05,0,1,False,True,0.0,1.0,2640.81240234375
2024-11-05 01:00:00,25,0.05,0,1,False,True,0.0,1.0,2626.993859863281
2024-11-05 02:00:00,25,0.05,0,2,False,True,0.0,1.0,2705.7275390625
2024-11-05 03:00:00,25,0.05,0,2,False,True,0.0,1.0,2646.618054199219
2024-11-05 04:00:00,25,0.05,0,1,False,True,0.0,1.0,2653.106298828125
2024-11-05 05:00:00,25,0.05,0,1,False,True,0.0,1.0,2478.180212402344
2024-11-05 06:00:00,25,0.05,0,2,False,True,0.0,1.0,2540.3245849609375
2024-11-05 07:00:00,25,0.05,0,2,False,True,0.0,1.0,2136.216296386719
2024-11-05 08:00:00,25,0.05,0,2,False,True,0.0,1.0,1954.6994201660157
2024-11-05 09:00:00,25,0.05,0,2,False,True,0.0,1.0,1471.5801574707032
2024-11-05 10:00:00,25,0.05,0,1,False,True,0.0,1.0,1534.1885864257813
2024-11-05 11:00:00,25,0.05,0,1,False,True,0.0,1.0,1483.8458740234375
2024-11-05 12:00:00,25,0.05,0,2,False,True,0.0,1.0,2080.0627197265626
2024-11-05 13:00:00,25,0.05,0,1,False,True,0.0,1.0,2041.0536071777344
2024-11-05 14:00:00,25,0.05,0,1,False,True,0.0,1.0,2364.1173828125
2024-11-05 15:00:00,25,0.05,0,1,False,True,0.0,1.0,2168.9794677734376
2024-11-05 16:00:00,25,0.05,0,1,False,True,0.0,1.0,2156.5161865234377
2024-11-05 17:00:00,25,0.05,0,1,False,True,0.0,1.0,2272.850305175781
2024-11-05 18:00:00,25,0.05,0,2,False,True,0.0,1.0,2179.0876708984374
2024-11-05 19:00:00,25,0.05,0,1,False,True,0.0,1.0,2028.951348876953
2024-11-05 20:00:00,25,0.05,0,1,False,True,0.0,1.0,2087.942346191406
2024-11-05 21:00:00,25,0.05,0,1,False,True,0.0,1.0,2033.2372192382813
2024-11-05 22:00:00,25,0.05,0,1,False,True,0.0,1.0,2026.7276000976562
2024-11-05 23:00:00,25,0.05,0,2,False,True,0.0,1.0,2147.22548828125
2024-11-06 00:00:00,25,0.05,0,1,False,True,0.0,1.0,2080.0221923828126
2024-11-06 01:00:00,25,0.05,0,2,False,True,0.0,1.0,2052.459716796875
2024-11-06 02:00:00,25,0.05,0,1,False,True,0.0,1.0,2091.71025390625
2024-11-06 03:00:00,25,0.05,0,1,False,True,0.0,1.0,2143.2958740234376
2024-11-06 04:00:00,25,0.05,0,1,False,True,0.0,1.0,2011.760430908203
2024-11-06 05:00:00,25,0.05,0,1,False,True,0.0,1.0,2093.63349609375
2024-11-06 06:00:00,25,0.05,0,1,False,True,0.0,1.0,2200.1586059570313
2024-11-06 07:00:00,25,0.05,0,1,False,True,0.0,1.0,1978.9114868164063
2024-11-06 08:00:00,25,0.05,0,2,False,True,0.0,1.0,1813.33583984375
2024-11-06 09:00:00,25,0.05,0,1,False,True,0.0,1.0,1615.2811157226563
2024-11-06 10:00:00,25,0.05,0,1,False,True,0.0,1.0,1639.7196655273438
2024-11-06 11:00:00,25,0.05,0,1,False,True,0.0,1.0,1947.6854431152344
2024-11-06 12:00:00,25,0.05,1,2,True,True,1.0,1.0,2464.5230712890625
2024-11-06 13:00:00,25,0.05,0,1,False,True,0.0,1.0,2561.136999511719
2024-11-06 14:00:00,25,0.05,0,1,False,True,0.0,1.0,2493.76484375
2024-11-06 15:00:00,25,0.05,0,1,False,True,0.0,1.0,3091.4956909179687
2024-11-06 16:00:00,25,0.05,0,1,False,True,0.0,1.0,3066.17392578125
2024-11-06 17:00:00,25,0.05,0,1,False,True,0.0,1.0,3060.7819580078126
2024-11-06 18:00:00,25,0.05,0,1,False,True,0.0,1.0,2122.325964355469
2024-11-06 19:00:00,25,0.05,0,1,False,True,0.0,1.0,2174.5049560546877
2024-11-06 20:00:00,25,0.05,0,1,False,True,0.0,1.0,2098.1394653320312
2024-11-06 21:00:00,25,0.05,0,1,False,True,0.0,1.0,2128.83525390625
2024-11-06 22:00:00,25,0.05,0,2,False,True,0.0,1.0,2087.988916015625
2024-11-06 23:00:00,25,0.05,0,1,False,True,0.0,1.0,2086.363317871094
2024-11-07 00:00:00,25,0.05,0,1,False,True,0.0,1.0,1987.0505859375
2024-11-07 01:00:00,25,0.05,0,1,False,True,0.0,1.0,1986.168310546875
2024-11-07 02:00:00,25,0.05,0,2,False,True,0.0,1.0,1957.5834045410156
2024-11-07 03:00:00,25,0.05,0,2,False,True,0.0,1.0,1996.3781982421876
2024-11-07 04:00:00,25,0.05,0,1,False,True,0.0,1.0,1862.2801574707032
2024-11-07 05:00:00,25,0.05,0,1,False,True,0.0,1.0,1919.3742065429688
2024-11-07 06:00:00,25,0.05,0,2,False,True,0.0,1.0,1831.9453491210938
2024-11-07 07:00:00,25,0.05,0,1,False,True,0.0,1.0,1728.6700744628906
2024-11-07 08:00:00,25,0.05,0,1,False,True,0.0,1.0,2172.1907348632812
2024-11-07 09:00:00,25,0.05,0,2,False,True,0.0,1.0,1701.953466796875
2024-11-07 10:00:00,25,0.05,0,1,False,True,0.0,1.0,1969.0236145019533
2024-11-07 11:00:00,25,0.05,0,1,False,True,0.0,1.0,2217.3815795898436
2024-11-07 12:00:00,25,0.05,0,1,False,True,0.0,1.0,2173.7165649414064
2024-11-07 13:00:00,25,0.05,0,2,False,True,0.0,1.0,2052.200891113281
2024-11-07 14:00:00,25,0.05,0,1,False,True,0.0,1.0,2143.0188232421874
2024-11-07 15:00:00,25,0.05,0,1,False,True,0.0,1.0,2027.8755004882812
2024-11-07 16:00:00,25,0.05,0,1,False,True,0.0,1.0,1875.0846862792969
2024-11-07 17:00:00,25,0.05,0,1,False,True,0.0,1.0,1953.2592834472657
2024-11-07 18:00:00,25,0.05,0,1,False,True,0.0,1.0,1846.7265625
2024-11-07 19:00:00,25,0.05,0,2,False,True,0.0,1.0,1951.4176025390625
2024-11-07 20:00:00,25,0.05,0,1,False,True,0.0,1.0,1887.7874145507812
2024-11-07 21:00:00,25,0.05,0,1,False,True,0.0,1.0,1886.534423828125
2024-11-07 22:00:00,25,0.05,0,1,False,True,0.0,1.0,1906.6932617187501
2024-11-07 23:00:00,25,0.05,0,1,False,True,0.0,1.0,2003.877862548828
2024-11-08 00:00:00,25,0.05,0,1,False,True,0.0,1.0,2010.6564147949218
2024-11-08 01:00:00,25,0.05,0,2,False,True,0.0,1.0,1977.1952819824219
2024-11-08 02:00:00,25,0.05,0,1,False,True,0.0,1.0,2022.922540283203
2024-11-08 03:00:00,25,0.05,0,1,False,True,0.0,1.0,1923.6211242675781
2024-11-08 04:00:00,25,0.05,0,1,False,True,0.0,1.0,2009.7323181152344
2024-11-08 05:00:00,25,0.05,0,1,False,True,0.0,1.0,2061.3600952148436
2024-11-08 06:00:00,25,0.05,0,1,False,True,0.0,1.0,1893.3839904785157
2024-11-08 07:00:00,25,0.05,0,1,False,True,0.0,1.0,1888.6273864746095
2024-11-08 08:00:00,25,0.05,0,1,False,True,0.0,1.0,2564.2144042968753
2024-11-08 09:00:00,25,0.05,0,1,False,True,0.0,1.0,2646.5264526367187
2024-11-08 10:00:00,25,0.05,0,1,False,True,0.0,1.0,2315.366064453125
2024-11-08 11:00:00,25,0.05,0,1,False,True,0.0,1.0,2129.4328369140626
2024-11-08 12:00:00,25,0.05,0,1,False,True,0.0,1.0,2207.270886230469
2024-11-08 13:00:00,25,0.05,0,1,False,True,0.0,1.0,2176.561169433594
2024-11-08 14:00:00,25,0.05,0,1,False,True,0.0,1.0,2185.903210449219
2024-11-08 15:00:00,25,0.05,0,1,False,True,0.0,1.0,2333.2652954101563
2024-11-08 16:00:00,25,0.05,0,1,False,True,0.0,1.0,2136.3026611328123
2024-11-08 17:00:00,25,0.05,0,1,False,True,0.0,1.0,2045.565167236328
2024-11-08 18:00:00,25,0.05,0,1,False,True,0.0,1.0,2102.850939941406
2024-11-08 19:00:00,25,0.05,0,2,False,True,0.0,1.0,2031.1331359863282
2024-11-08 20:00:00,25,0.05,0,1,False,True,0.0,1.0,2087.123645019531
2024-11-08 21:00:00,25,0.05,0,1,False,True,0.0,1.0,2217.9405883789063
2024-11-08 22:00:00,25,0.05,0,2,False,True,0.0,1.0,2192.5400878906253
2024-11-08 23:00:00,25,0.05,0,2,False,True,0.0,1.0,1993.5344665527346
2024-11-09 00:00:00,25,0.05,0,3,False,True,0.0,1.0,2291.7635986328123
2024-11-09 01:00:00,25,0.05,0,1,False,True,0.0,1.0,2230.32568359375
2024-11-09 02:00:00,25,0.05,0,1,False,True,0.0,1.0,2214.979772949219
2024-11-09 03:00:00,25,0.05,0,1,False,True,0.0,1.0,2231.217419433594
2024-11-09 04:00:00,25,0.05,0,1,False,True,0.0,1.0,2102.244250488281
2024-11-09 05:00:00,25,0.05,0,1,False,True,0.0,1.0,2060.958673095703
2024-11-09 06:00:00,25,0.05,0,1,False,True,0.0,1.0,2011.9615661621094
2024-11-09 07:00:00,25,0.05,0,2,False,True,0.0,1.0,1869.4914855957031
2024-11-09 08:00:00,25,0.05,0,2,False,True,0.0,1.0,1861.9818237304687
2024-11-09 09:00:00,25,0.05,0,1,False,True,0.0,1.0,1892.9906494140625
2024-11-09 10:00:00,25,0.05,0,1,False,True,0.0,1.0,2861.9276123046875
2024-11-09 11:00:00,25,0.05,0,2,False,True,0.0,1.0,2994.8412353515623
2024-11-09 12:00:00,25,0.05,0,1,False,True,0.0,1.0,2893.5266845703127
2024-11-09 13:00:00,25,0.05,0,1,False,True,0.0,1.0,2756.9654296875
2024-11-09 14:00:00,25,0.05,0,1,False,True,0.0,1.0,2408.8428466796877
2024-11-09 15:00:00,25,0.05,0,1,False,True,0.0,1.0,2387.1935302734373
2024-11-09 16:00:00,25,0.05,0,2,False,True,0.0,1.0,2422.4936279296876
2024-11-09 17:00:00,25,0.05,0,1,False,True,0.0,1.0,2370.6868408203127
2024-11-09 18:00:00,25,0.05,0,1,False,True,0.0,1.0,2511.9675048828126
2024-11-09 19:00:00,25,0.05,0,1,False,True,0.0,1.0,2421.0934936523436
2024-11-09 20:00:00,25,0.05,0,1,False,True,0.0,1.0,2516.533740234375
2024-11-09 21:00:00,25,0.05,0,1,False,True,0.0,1.0,2466.4068359375
2024-11-09 22:00:00,25,0.05,0,1,False,True,0.0,1.0,2391.500415039063
2024-11-09 23:00:00,25,0.05,0,1,False,True,0.0,1.0,2414.893505859375
2024-11-10 00:00:00,25,0.05,0,1,False,True,0.0,1.0,2495.1397583007815
2024-11-10 01:00:00,25,0.05,0,1,False,True,0.0,1.0,2618.5005981445315
2024-11-10 02:00:00,25,0.05,0,1,False,True,0.0,1.0,2565.02705078125
2024-11-10 03:00:00,25,0.05,0,1,False,True,0.0,1.0,2327.587634277344
2024-11-10 04:00:00,25,0.05,0,1,False,True,0.0,1.0,2438.547998046875
2024-11-10 05:00:00,25,0.05,0,1,False,True,0.0,1.0,2525.246203613281
2024-11-10 06:00:00,25,0.05,0,1,False,True,0.0,1.0,2523.6368041992187
2024-11-10 07:00:00,25,0.05,0,1,False,True,0.0,1.0,2688.026086425781
2024-11-10 08:00:00,25,0.05,0,1,False,True,0.0,1.0,3589.0671630859374
2024-11-10 09:00:00,25,0.05,0,1,False,True,0.0,1.0,3395.4238403320314
2024-11-10 10:00:00,25,0.05,0,1,False,True,0.0,1.0,3204.1563232421877
2024-11-10 11:00:00,25,0.05,0,2,False,True,0.0,1.0,3408.4152099609373
2024-11-10 12:00:00,25,0.05,0,2,False,True,0.0,1.0,3028.41123046875
2024-11-10 13:00:00,25,0.05,0,1,False,True,0.0,1.0,3201.198522949219
2024-11-10 14:00:00,25,0.05,0,1,False,True,0.0,1.0,3090.594372558594
2024-11-10 15:00:00,25,0.05,0,1,False,True,0.0,1.0,2781.286853027344
2024-11-10 16:00:00,25,0.05,0,1,False,True,0.0,1.0,2808.1543823242187
2024-11-10 17:00:00,25,0.05,0,2,False,True,0.0,1.0,2782.3707885742188
2024-11-10 18:00:00,25,0.05,0,2,False,True,0.0,1.0,2604.4536987304687
2024-11-10 19:00:00,25,0.05,0,1,False,True,0.0,1.0,2812.2546997070312
2024-11-10 20:00:00,25,0.05,0,2,False,True,0.0,1.0,2674.2864990234375
2024-11-10 21:00:00,25,0.05,0,2,False,True,0.0,1.0,2594.884875488281
2024-11-10 22:00:00,25,0.05,0,2,False,True,0.0,1.0,2593.075634765625
2024-11-10 23:00:00,25,0.05,0,1,False,True,0.0,1.0,2694.125341796875
2024-11-11 00:00:00,25,0.05,0,1,False,True,0.0,1.0,2462.246533203125
2024-11-11 01:00:00,25,0.05,0,1,False,True,0.0,1.0,2616.2791381835937
2024-11-11 02:00:00,25,0.05,0,1,False,True,0.0,1.0,2512.4658325195314
2024-11-11 03:00:00,25,0.05,0,1,False,True,0.0,1.0,2572.1817138671877
2024-11-11 04:00:00,25,0.05,0,2,False,True,0.0,1.0,2466.2095581054687
2024-11-11 05:00:00,25,0.05,0,1,False,True,0.0,1.0,2384.5280151367188
2024-11-11 06:00:00,25,0.05,0,1,False,True,0.0,1.0,2219.9557373046873
2024-11-11 07:00:00,25,0.05,0,2,False,True,0.0,1.0,2311.8932861328126
2024-11-11 08:00:00,25,0.05,0,1,False,True,0.0,1.0,2605.930944824219
2024-11-11 09:00:00,25,0.05,0,2,False,True,0.0,1.0,2544.1460693359377
2024-11-11 10:00:00,25,0.05,0,1,False,True,0.0,1.0,2389.199365234375
2024-11-11 11:00:00,25,0.05,0,1,False,True,0.0,1.0,2980.4213134765623
2024-11-11 12:00:00,25,0.05,0,1,False,True,0.0,1.0,2192.5604736328123
2024-11-11 13:00:00,25,0.05,0,1,False,True,0.0,1.0,2135.7681396484377
2024-11-11 14:00:00,25,0.05,0,2,False,True,0.0,1.0,2159.1251831054688
2024-11-11 15:00:00,25,0.05,0,1,False,True,0.0,1.0,2232.1844970703123
2024-11-11 16:00:00,25,0.05,0,1,False,True,0.0,1.0,2101.8939575195313
2024-11-11 17:00:00,25,0.05,0,2,False,True,0.0,1.0,2180.131762695313
2024-11-11 18:00:00,25,0.05,0,2,False,True,0.0,1.0,1992.255517578125
2024-11-11 19:00:00,25,0.05,0,2,False,True,0.0,1.0,2046.9122253417968
2024-11-11 20:00:00,25,0.05,0,2,False,True,0.0,1.0,2047.4374389648438
2024-11-11 21:00:00,25,0.05,0,3,False,True,0.0,1.0,2093.6639892578123
2024-11-11 22:00:00,25,0.05,0,2,False,True,0.0,1.0,1865.3665161132812
2024-11-11 23:00:00,25,0.05,0,2,False,True,0.0,1.0,1972.4344726562501
2024-11-12 00:00:00,25,0.05,0,2,False,True,0.0,1.0,2031.9241027832031
2024-11-12 01:00:00,25,0.05,0,2,False,True,0.0,1.0,1941.9344787597656
2024-11-12 02:00:00,25,0.05,0,2,False,True,0.0,1.0,2066.0945068359374
2024-11-12 03:00:00,25,0.05,0,2,False,True,0.0,1.0,1894.4095764160156
2024-11-12 04:00:00,25,0.05,0,2,False,True,0.0,1.0,2010.5137512207032
2024-11-12 05:00:00,25,0.05,0,1,False,True,0.0,1.0,1790.5016723632812
2024-11-12 06:00:00,25,0.05,0,1,False,True,0.0,1.0,1915.1922973632813
2024-11-12 07:00:00,25,0.05,0,1,False,True,0.0,1.0,1656.5378112792969
2024-11-12 08:00:00,25,0.05,0,2,False,True,0.0,1.0,1883.8906860351562
2024-11-12 09:00:00,25,0.05,0,2,False,True,0.0,1.0,1901.6318664550781
2024-11-12 10:00:00,25,0.05,0,1,False,True,0.0,1.0,2241.8479736328127
2024-11-12 11:00:00,25,0.05,0,2,False,True,0.0,1.0,2772.4372436523436
2024-11-12 12:00:00,25,0.05,0,1,False,True,0.0,1.0,3261.70185546875
2024-11-12 13:00:00,25,0.05,0,1,False,True,0.0,1.0,3666.211865234375
2024-11-12 14:00:00,25,0.05,0,1,False,True,0.0,1.0,3686.9264282226563
2024-11-12 15:00:00,25,0.05,0,1,False,True,0.0,1.0,4342.692944335938
2024-11-12 16:00:00,25,0.05,0,2,False,True,0.0,1.0,4306.697216796875
2024-11-12 17:00:00,25,0.05,0,1,False,True,0.0,1.0,4331.48291015625
2024-11-12 18:00:00,25,0.05,0,1,False,True,0.0,1.0,4280.879174804688
2024-11-12 19:00:00,25,0.05,0,1,False,True,0.0,1.0,4098.919848632812
2024-11-12 20:00:00,25,0.05,0,1,False,True,0.0,1.0,4275.09345703125
2024-11-12 21:00:00,25,0.05,0,1,False,True,0.0,1.0,4057.375524902344
2024-11-12 22:00:00,25,0.05,0,2,False,True,0.0,1.0,3864.2122680664065
2024-11-12 23:00:00,25,0.05,0,2,False,True,0.0,1.0,3755.755517578125
2024-11-13 00:00:00,25,0.05,0,2,False,True,0.0,1.0,3732.086181640625
2024-11-13 01:00:00,25,0.05,0,2,False,True,0.0,1.0,4115.7611083984375
2024-11-13 02:00:00,25,0.05,0,2,False,True,0.0,1.0,3676.912561035156
2024-11-13 03:00:00,25,0.05,0,3,False,True,0.0,1.0,3201.7381225585937
2024-11-13 04:00:00,25,0.05,0,2,False,True,0.0,1.0,3260.8325927734377
2024-11-13 05:00:00,25,0.05,0,2,False,True,0.0,1.0,3189.3875244140627
2024-11-13 06:00:00,25,0.05,0,1,False,True,0.0,1.0,3079.6249267578123
2024-11-13 07:00:00,25,0.05,0,1,False,True,0.0,1.0,3220.606579589844
2024-11-13 08:00:00,25,0.05,0,2,False,True,0.0,1.0,3465.125659179688
2024-11-13 09:00:00,25,0.05,0,1,False,True,0.0,1.0,3977.293627929688
2024-11-13 10:00:00,25,0.05,0,1,False,True,0.0,1.0,3835.3631225585937
2024-11-13 11:00:00,25,0.05,0,1,False,True,0.0,1.0,4361.7677734375
2024-11-13 12:00:00,25,0.05,0,2,False,True,0.0,1.0,4055.1184814453127
2024-11-13 13:00:00,25,0.05,0,1,False,True,0.0,1.0,4542.2030029296875
2024-11-13 14:00:00,25,0.05,0,2,False,True,0.0,1.0,4279.631372070313
2024-11-13 15:00:00,25,0.05,0,2,False,True,0.0,1.0,4065.0679443359377
2024-11-13 16:00:00,25,0.05,0,2,False,True,0.0,1.0,4173.167211914062
2024-11-13 17:00:00,25,0.05,0,1,False,True,0.0,1.0,4090.9901489257813
2024-11-13 18:00:00,25,0.05,0,2,False,True,0.0,1.0,4607.009228515625
2024-11-13 19:00:00,25,0.05,0,2,False,True,0.0,1.0,4423.83955078125
2024-11-13 20:00:00,25,0.05,0,2,False,True,0.0,1.0,4354.057763671875
2024-11-13 21:00:00,25,0.05,0,1,False,True,0.0,1.0,4477.278076171875
2024-11-13 22:00:00,25,0.05,0,2,False,True,0.0,1.0,4469.4410400390625
2024-11-13 23:00:00,25,0.05,0,2,False,True,0.0,1.0,4270.644213867187
2024-11-14 00:00:00,25,0.05,0,1,False,True,0.0,1.0,4401.62216796875
2024-11-14 01:00:00,25,0.05,0,3,False,True,0.0,1.0,4051.2778564453124
2024-11-14 02:00:00,25,0.05,0,1,False,True,0.0,1.0,4327.247290039062
2024-11-14 03:00:00,25,0.05,0,2,False,True,0.0,1.0,4244.851342773438
2024-11-14 04:00:00,25,0.05,0,1,False,True,0.0,1.0,4196.408984375
2024-11-14 05:00:00,25,0.05,0,2,False,True,0.0,1.0,4231.852392578125
2024-11-14 06:00:00,25,0.05,0,1,False,True,0.0,1.0,4037.3657958984377
2024-11-14 07:00:00,25,0.05,0,2,False,True,0.0,1.0,4520.087841796875
2024-11-14 08:00:00,25,0.05,0,2,False,True,0.0,1.0,6954.0794677734375
2024-11-14 09:00:00,25,0.05,0,1,False,True,0.0,1.0,6879.407641601562
2024-11-14 10:00:00,25,0.05,0,1,False,True,0.0,1.0,6448.12197265625
2024-11-14 11:00:00,25,0.05,0,2,False,True,0.0,1.0,4951.35673828125
2024-11-14 12:00:00,25,0.05,0,2,False,True,0.0,1.0,4122.263671875
2024-11-14 13:00:00,25,0.05,0,3,False,True,0.0,1.0,3996.207666015625
2024-11-14 14:00:00,25,0.05,0,3,False,True,0.0,1.0,3302.1680297851562
2024-11-14 15:00:00,25,0.05,0,2,False,True,0.0,1.0,3322.0666381835936
2024-11-14 16:00:00,25,0.05,0,3,False,True,0.0,1.0,3115.607104492188
2024-11-14 17:00:00,25,0.05,1,2,True,True,1.0,1.0,3077.5588623046874
2024-11-14 18:00:00,25,0.05,0,2,False,True,0.0,1.0,3444.4193359375
2024-11-14 19:00:00,25,0.05,0,2,False,True,0.0,1.0,3765.86435546875
2024-11-14 20:00:00,25,0.05,0,2,False,True,0.0,1.0,3737.8277465820315
2024-11-14 21:00:00,25,0.05,0,1,False,True,0.0,1.0,3581.4977783203126
2024-11-14 22:00:00,25,0.05,0,2,False,True,0.0,1.0,3538.9698486328125
2024-11-14 23:00:00,25,0.05,1,2,True,True,1.0,1.0,3567.6854248046875
2024-11-15 00:00:00,25,0.05,0,1,False,True,0.0,1.0,3679.0725341796874
2024-11-15 01:00:00,25,0.05,0,3,False,True,0.0,1.0,3647.9758911132812
2024-11-15 02:00:00,25,0.05,0,3,False,True,0.0,1.0,3576.935717773438
2024-11-15 03:00:00,25,0.05,0,1,False,True,0.0,1.0,3595.2315185546877
2024-11-15 04:00:00,25,0.05,0,1,False,True,0.0,1.0,3581.944323730469
2024-11-15 05:00:00,25,0.05,0,2,False,True,0.0,1.0,3326.5907958984376
2024-11-15 06:00:00,25,0.05,0,2,False,True,0.0,1.0,3570.070068359375
2024-11-15 07:00:00,25,0.05,0,2,False,True,0.0,1.0,3530.0292724609376
2024-11-15 08:00:00,25,0.05,0,2,False,True,0.0,1.0,5146.327001953125
2024-11-15 09:00:00,25,0.05,1,2,True,True,1.0,1.0,4085.1016845703125
2024-11-15 10:00:00,25,0.05,0,2,False,True,0.0,1.0,4237.5408203125
2024-11-15 11:00:00,25,0.05,0,1,False,True,0.0,1.0,5593.49326171875
2024-11-15 12:00:00,25,0.05,0,1,False,True,0.0,1.0,4711.83330078125
2024-11-15 13:00:00,25,0.05,0,1,False,True,0.0,1.0,4036.1207275390625
2024-11-15 14:00:00,25,0.05,0,1,False,True,0.0,1.0,3620.358117675781
2024-11-15 15:00:00,25,0.05,0,1,False,True,0.0,1.0,3157.267712402344
2024-11-15 16:00:00,25,0.05,0,1,False,True,0.0,1.0,3329.818603515625
2024-11-15 17:00:00,25,0.05,0,1,False,True,0.0,1.0,3177.764453125
2024-11-15 18:00:00,25,0.05,0,2,False,True,0.0,1.0,2101.4582641601564
2024-11-15 19:00:00,25,0.05,0,1,False,True,0.0,1.0,2180.5790161132813
2024-11-15 20:00:00,25,0.05,0,1,False,True,0.0,1.0,2303.758752441406
2024-11-15 21:00:00,25,0.05,0,2,False,True,0.0,1.0,2340.793835449219
2024-11-15 22:00:00,25,0.05,0,1,False,True,0.0,1.0,2435.3438110351562
2024-11-15 23:00:00,25,0.05,0,1,False,True,0.0,1.0,2167.7964721679687
2024-11-16 00:00:00,25,0.05,0,1,False,True,0.0,1.0,2996.4015991210936
2024-11-16 01:00:00,25,0.05,0,1,False,True,0.0,1.0,3128.7107788085937
2024-11-16 02:00:00,25,0.05,0,2,False,True,0.0,1.0,3116.0076538085937
2024-11-16 03:00:00,25,0.05,0,1,False,True,0.0,1.0,3111.6537963867186
2024-11-16 04:00:00,25,0.05,0,2,False,True,0.0,1.0,3059.386865234375
2024-11-16 05:00:00,25,0.05,0,2,False,True,0.0,1.0,3042.3347045898436
2024-11-16 06:00:00,25,0.05,0,1,False,True,0.0,1.0,2365.302478027344
2024-11-16 07:00:00,25,0.05,0,1,False,True,0.0,1.0,1777.8866333007813
2024-11-16 08:00:00,25,0.05,0,1,False,True,0.0,1.0,1505.6839904785156
2024-11-16 09:00:00,25,0.05,0,1,False,True,0.0,1.0,1333.1451293945313
2024-11-16 10:00:00,25,0.05,0,1,False,True,0.0,1.0,1238.024395751953
2024-11-16 11:00:00,25,0.05,0,1,False,True,0.0,1.0,1466.0063415527345
2024-11-16 12:00:00,25,0.05,0,1,False,True,0.0,1.0,1398.9222473144532
2024-11-16 13:00:00,25,0.05,0,1,False,True,0.0,1.0,2023.1556701660156
2024-11-16 14:00:00,25,0.05,0,1,False,True,0.0,1.0,1738.5436889648438
2024-11-16 15:00:00,25,0.05,0,1,False,True,0.0,1.0,1657.1736206054688
2024-11-16 16:00:00,25,0.05,0,1,False,True,0.0,1.0,1584.6744750976563
2024-11-16 17:00:00,25,0.05,0,1,False,True,0.0,1.0,1502.3921264648438
2024-11-16 18:00:00,25,0.05,0,1,False,True,0.0,1.0,1620.508709716797
2024-11-16 19:00:00,25,0.05,0,1,False,True,0.0,1.0,1593.5485961914062
2024-11-16 20:00:00,25,0.05,0,1,False,True,0.0,1.0,1666.111590576172
2024-11-16 21:00:00,25,0.05,0,1,False,True,0.0,1.0,1682.1973449707032
2024-11-16 22:00:00,25,0.05,0,1,False,True,0.0,1.0,1645.1049438476562
2024-11-16 23:00:00,25,0.05,0,1,False,True,0.0,1.0,1649.332098388672
2024-11-17 00:00:00,25,0.05,0,1,False,True,0.0,1.0,1894.9444763183594
2024-11-17 01:00:00,25,0.05,0,1,False,True,0.0,1.0,1757.9923034667968
2024-11-17 02:00:00,25,0.05,0,1,False,True,0.0,1.0,1805.4809204101564
2024-11-17 03:00:00,25,0.05,0,1,False,True,0.0,1.0,1762.8396484375
2024-11-17 04:00:00,25,0.05,0,1,False,True,0.0,1.0,1717.426953125
2024-11-17 05:00:00,25,0.05,0,1,False,True,0.0,1.0,1771.1144897460938
2024-11-17 06:00:00,25,0.05,0,1,False,True,0.0,1.0,1911.3438842773437
2024-11-17 07:00:00,25,0.05,0,2,False,True,0.0,1.0,1620.7312744140625
2024-11-17 08:00:00,25,0.05,0,1,False,True,0.0,1.0,1450.9323669433595
2024-11-17 09:00:00,25,0.05,0,2,False,True,0.0,1.0,1754.1260864257813
2024-11-17 10:00:00,25,0.05,0,1,False,True,0.0,1.0,1818.3886169433595
2024-11-17 11:00:00,25,0.05,0,1,False,True,0.0,1.0,1429.4817016601562
2024-11-17 12:00:00,25,0.05,0,1,False,True,0.0,1.0,1380.5432678222658
2024-11-17 13:00:00,25,0.05,0,1,False,True,0.0,1.0,1430.11435546875
2024-11-17 14:00:00,25,0.05,0,1,False,True,0.0,1.0,1477.3852294921876
2024-11-17 15:00:00,25,0.05,0,1,False,True,0.0,1.0,1391.4191772460938
2024-11-17 16:00:00,25,0.05,0,1,False,True,0.0,1.0,1360.8272583007813
2024-11-17 17:00:00,25,0.05,0,1,False,True,0.0,1.0,1412.484686279297
2024-11-17 18:00:00,25,0.05,0,1,False,True,0.0,1.0,1453.115301513672
2024-11-17 19:00:00,25,0.05,0,1,False,True,0.0,1.0,1356.1830932617188
2024-11-17 20:00:00,25,0.05,0,2,False,True,0.0,1.0,1425.5141479492188
2024-11-17 21:00:00,25,0.05,0,1,False,True,0.0,1.0,1478.96865234375
2024-11-17 22:00:00,25,0.05,0,1,False,True,0.0,1.0,1419.5648803710938
2024-11-17 23:00:00,25,0.05,0,1,False,True,0.0,1.0,1522.1275634765625
2024-11-18 00:00:00,25,0.05,0,1,False,True,0.0,1.0,1412.4854858398437
2024-11-18 01:00:00,25,0.05,0,1,False,True,0.0,1.0,1425.6646484375
2024-11-18 02:00:00,25,0.05,0,2,False,True,0.0,1.0,1411.9188659667968
2024-11-18 03:00:00,25,0.05,0,1,False,True,0.0,1.0,1523.0410400390626
2024-11-18 04:00:00,25,0.05,0,1,False,True,0.0,1.0,1399.509539794922
2024-11-18 05:00:00,25,0.05,0,1,False,True,0.0,1.0,1476.161639404297
2024-11-18 06:00:00,25,0.05,0,1,False,True,0.0,1.0,1596.5662414550782
2024-11-18 07:00:00,25,0.05,0,1,False,True,0.0,1.0,1567.252423095703
2024-11-18 08:00:00,25,0.05,0,1,False,True,0.0,1.0,1535.8299377441406
2024-11-18 09:00:00,25,0.05,0,1,False,True,0.0,1.0,1680.3107299804688
2024-11-18 10:00:00,25,0.05,0,2,False,True,0.0,1.0,1616.4864440917968
2024-11-18 11:00:00,25,0.05,0,1,False,True,0.0,1.0,1630.1917602539063
2024-11-18 12:00:00,25,0.05,0,2,False,True,0.0,1.0,1716.6658264160158
2024-11-18 13:00:00,25,0.05,0,1,False,True,0.0,1.0,1649.6459411621095
2024-11-18 14:00:00,25,0.05,0,1,False,True,0.0,1.0,1724.9745544433595
2024-11-18 15:00:00,25,0.05,0,1,False,True,0.0,1.0,1666.533953857422
2024-11-18 16:00:00,25,0.05,0,1,False,True,0.0,1.0,1701.3852172851564
2024-11-18 17:00:00,25,0.05,0,1,False,True,0.0,1.0,1857.889794921875
2024-11-18 18:00:00,25,0.05,0,1,False,True,0.0,1.0,1732.6035949707032
2024-11-18 19:00:00,25,0.05,0,1,False,True,0.0,1.0,1773.6323181152343
2024-11-18 20:00:00,25,0.05,0,1,False,True,0.0,1.0,1719.8649597167969
2024-11-18 21:00:00,25,0.05,0,1,False,True,0.0,1.0,1691.5001220703125
2024-11-18 22:00:00,25,0.05,0,1,False,True,0.0,1.0,1569.7125610351563
2024-11-18 23:00:00,25,0.05,0,1,False,True,0.0,1.0,1501.599102783203
2024-11-19 00:00:00,25,0.05,0,2,False,True,0.0,1.0,1613.5515441894531
2024-11-19 01:00:00,25,0.05,0,2,False,True,0.0,1.0,1578.467889404297
2024-11-19 02:00:00,25,0.05,0,1,False,True,0.0,1.0,1642.5753662109375
2024-11-19 03:00:00,25,0.05,0,1,False,True,0.0,1.0,1600.6321411132812
2024-11-19 04:00:00,25,0.05,0,1,False,True,0.0,1.0,1545.6748413085938
2024-11-19 05:00:00,25,0.05,0,1,False,True,0.0,1.0,1660.0611206054687
2024-11-19 06:00:00,25,0.05,0,1,False,True,0.0,1.0,1458.1063537597656
2024-11-19 07:00:00,25,0.05,0,1,False,True,0.0,1.0,1453.0671630859376
2024-11-19 08:00:00,25,0.05,0,1,False,True,0.0,1.0,1284.2321044921875
2024-11-19 09:00:00,25,0.05,0,1,False,True,0.0,1.0,1798.0783813476562
2024-11-19 10:00:00,25,0.05,0,1,False,True,0.0,1.0,1690.9511474609376
2024-11-19 11:00:00,25,0.05,0,1,False,True,0.0,1.0,2008.8064331054688
2024-11-19 12:00:00,25,0.05,0,1,False,True,0.0,1.0,1810.0274353027344
2024-11-19 13:00:00,25,0.05,0,1,False,True,0.0,1.0,1776.5221069335937
2024-11-19 14:00:00,25,0.05,0,2,False,True,0.0,1.0,1549.3270385742187
2024-11-19 15:00:00,25,0.05,0,1,False,True,0.0,1.0,1645.3504516601563
2024-11-19 16:00:00,25,0.05,0,2,False,True,0.0,1.0,1530.4067077636719
2024-11-19 17:00:00,25,0.05,0,1,False,True,0.0,1.0,1588.6163635253906
2024-11-19 18:00:00,25,0.05,0,1,False,True,0.0,1.0,1640.222607421875
2024-11-19 19:00:00,25,0.05,0,1,False,True,0.0,1.0,1662.0466857910155
2024-11-19 20:00:00,25,0.05,0,2,False,True,0.0,1.0,1629.370703125
2024-11-19 21:00:00,25,0.05,0,2,False,True,0.0,1.0,1559.0306213378906
2024-11-19 22:00:00,25,0.05,0,1,False,True,0.0,1.0,1563.2757995605468
2024-11-19 23:00:00,25,0.05,0,2,False,True,0.0,1.0,1694.0587524414063
2024-11-20 00:00:00,25,0.05,0,1,False,True,0.0,1.0,1661.3497558593751
2024-11-20 01:00:00,25,0.05,0,1,False,True,0.0,1.0,1656.8594970703125
2024-11-20 02:00:00,25,0.05,0,1,False,True,0.0,1.0,1568.2241638183593
2024-11-20 03:00:00,25,0.05,0,1,False,True,0.0,1.0,1647.5669921875
2024-11-20 04:00:00,25,0.05,0,1,False,True,0.0,1.0,1681.364306640625
2024-11-20 05:00:00,25,0.05,0,2,False,True,0.0,1.0,1539.6700744628906
2024-11-20 06:00:00,25,0.05,0,1,False,True,0.0,1.0,1523.063232421875
2024-11-20 07:00:00,25,0.05,0,1,False,True,0.0,1.0,1405.9750854492188
2024-11-20 08:00:00,25,0.05,0,2,False,True,0.0,1.0,1371.0845520019532
2024-11-20 09:00:00,25,0.05,0,1,False,True,0.0,1.0,1602.1906860351562
2024-11-20 10:00:00,25,0.05,0,2,False,True,0.0,1.0,1910.2904296875
2024-11-20 11:00:00,25,0.05,0,1,False,True,0.0,1.0,1912.1900146484375
2024-11-20 12:00:00,25,0.05,0,1,False,True,0.0,1.0,1852.7890380859376
2024-11-20 13:00:00,25,0.05,0,1,False,True,0.0,1.0,2109.9085571289065
2024-11-20 14:00:00,25,0.05,0,2,False,True,0.0,1.0,1710.0983276367188
2024-11-20 15:00:00,25,0.05,0,1,False,True,0.0,1.0,1474.4025085449218
2024-11-20 16:00:00,25,0.05,0,2,False,True,0.0,1.0,1366.1758850097656
2024-11-20 17:00:00,25,0.05,0,1,False,True,0.0,1.0,1406.3058532714845
2024-11-20 18:00:00,25,0.05,0,1,False,True,0.0,1.0,1335.8809509277344
2024-11-20 19:00:00,25,0.05,0,2,False,True,0.0,1.0,1374.0352416992187
2024-11-20 20:00:00,25,0.05,0,1,False,True,0.0,1.0,1379.80458984375
2024-11-20 21:00:00,25,0.05,0,1,False,True,0.0,1.0,1407.723651123047
2024-11-20 22:00:00,25,0.05,0,1,False,True,0.0,1.0,1375.2561950683594
2024-11-20 23:00:00,25,0.05,0,2,False,True,0.0,1.0,1492.7073303222655
2024-11-21 00:00:00,25,0.05,0,1,False,True,0.0,1.0,1596.8477722167968
2024-11-21 01:00:00,25,0.05,0,1,False,True,0.0,1.0,1694.801287841797
2024-11-21 02:00:00,25,0.05,0,2,False,True,0.0,1.0,1691.3769653320312
2024-11-21 03:00:00,25,0.05,0,1,False,True,0.0,1.0,1730.6175231933594
2024-11-21 04:00:00,25,0.05,0,1,False,True,0.0,1.0,1713.7019287109374
2024-11-21 05:00:00,25,0.05,0,1,False,True,0.0,1.0,1694.4917236328124
2024-11-21 06:00:00,25,0.05,0,1,False,True,0.0,1.0,1666.7519409179688
2024-11-21 07:00:00,25,0.05,0,1,False,True,0.0,1.0,1665.241436767578
2024-11-21 08:00:00,25,0.05,0,1,False,True,0.0,1.0,1894.3833740234375
2024-11-21 09:00:00,25,0.05,0,1,False,True,0.0,1.0,1970.0103759765625
2024-11-21 10:00:00,25,0.05,0,1,False,True,0.0,1.0,1755.3418701171875
2024-11-21 11:00:00,25,0.05,0,1,False,True,0.0,1.0,1369.3869873046874
2024-11-21 12:00:00,25,0.05,0,2,False,True,0.0,1.0,1423.6850952148438
2024-11-21 13:00:00,25,0.05,0,1,False,True,0.0,1.0,1505.4826721191407
2024-11-21 14:00:00,25,0.05,0,1,False,True,0.0,1.0,1475.0193176269531
2024-11-21 15:00:00,25,0.05,0,1,False,True,0.0,1.0,1457.4383666992187
2024-11-21 16:00:00,25,0.05,0,1,False,True,0.0,1.0,1473.1588562011718
2024-11-21 17:00:00,25,0.05,0,1,False,True,0.0,1.0,1484.2225708007813
2024-11-21 18:00:00,25,0.05,0,1,False,True,0.0,1.0,1441.7722534179688
2024-11-21 19:00:00,25,0.05,0,2,False,True,0.0,1.0,1350.227606201172
2024-11-21 20:00:00,25,0.05,0,2,False,True,0.0,1.0,1448.8858886718751
2024-11-21 21:00:00,25,0.05,0,1,False,True,0.0,1.0,1445.020837402344
2024-11-21 22:00:00,25,0.05,0,1,False,True,0.0,1.0,1510.6669250488283
2024-11-21 23:00:00,25,0.05,0,1,False,True,0.0,1.0,1559.4959045410155
2024-11-22 00:00:00,25,0.05,0,1,False,True,0.0,1.0,1518.5135070800782
2024-11-22 01:00:00,25,0.05,0,1,False,True,0.0,1.0,1619.8811340332031
2024-11-22 02:00:00,25,0.05,0,1,False,True,0.0,1.0,1538.6273254394532
2024-11-22 03:00:00,25,0.05,0,1,False,True,0.0,1.0,1570.9397216796874
2024-11-22 04:00:00,25,0.05,0,1,False,True,0.0,1.0,1617.1887145996093
2024-11-22 05:00:00,25,0.05,0,1,False,True,0.0,1.0,1719.4118591308593
2024-11-22 06:00:00,25,0.05,0,1,False,True,0.0,1.0,1680.7079528808595
2024-11-22 07:00:00,25,0.05,0,1,False,True,0.0,1.0,1575.662579345703
2024-11-22 08:00:00,25,0.05,0,2,False,True,0.0,1.0,1713.436572265625
2024-11-22 09:00:00,25,0.05,0,1,False,True,0.0,1.0,2299.9313110351563
2024-11-22 10:00:00,25,0.05,0,1,False,True,0.0,1.0,2253.897509765625
2024-11-22 11:00:00,25,0.05,0,1,False,True,0.0,1.0,2175.4425048828125
2024-11-22 12:00:00,25,0.05,0,1,False,True,0.0,1.0,2391.159631347656
2024-11-22 13:00:00,25,0.05,0,1,False,True,0.0,1.0,2127.330920410156
2024-11-22 14:00:00,25,0.05,0,1,False,True,0.0,1.0,1724.6097229003906
2024-11-22 15:00:00,25,0.05,0,1,False,True,0.0,1.0,1665.4814331054688
2024-11-22 16:00:00,25,0.05,0,1,False,True,0.0,1.0,1572.779833984375
2024-11-22 17:00:00,25,0.05,0,1,False,True,0.0,1.0,1562.6718811035157
2024-11-22 18:00:00,25,0.05,0,1,False,True,0.0,1.0,1701.987371826172
2024-11-22 19:00:00,25,0.05,0,1,False,True,0.0,1.0,1685.3722534179688
2024-11-22 20:00:00,25,0.05,0,1,False,True,0.0,1.0,1692.387677001953
2024-11-22 21:00:00,25,0.05,0,1,False,True,0.0,1.0,1750.5717712402345
2024-11-22 22:00:00,25,0.05,0,2,False,True,0.0,1.0,1858.096923828125
2024-11-22 23:00:00,25,0.05,0,1,False,True,0.0,1.0,1752.88251953125
2024-11-23 00:00:00,25,0.05,0,1,False,True,0.0,1.0,1645.8925048828125
2024-11-23 01:00:00,25,0.05,0,1,False,True,0.0,1.0,1580.3780090332032
2024-11-23 02:00:00,25,0.05,0,2,False,True,0.0,1.0,1499.7404541015626
2024-11-23 03:00:00,25,0.05,0,1,False,True,0.0,1.0,1571.81845703125
2024-11-23 04:00:00,25,0.05,0,1,False,True,0.0,1.0,1603.3552368164062
2024-11-23 05:00:00,25,0.05,0,1,False,True,0.0,1.0,1565.7423156738282
2024-11-23 06:00:00,25,0.05,0,2,False,True,0.0,1.0,1619.0981506347657
2024-11-23 07:00:00,25,0.05,0,1,False,True,0.0,1.0,1487.6136291503906
2024-11-23 08:00:00,25,0.05,0,1,False,True,0.0,1.0,2041.5983276367188
2024-11-23 09:00:00,25,0.05,0,1,False,True,0.0,1.0,1993.9514526367188
2024-11-23 10:00:00,25,0.05,0,1,False,True,0.0,1.0,2599.8612548828123
2024-11-23 11:00:00,25,0.05,0,1,False,True,0.0,1.0,2862.894177246094
2024-11-23 12:00:00,25,0.05,0,1,False,True,0.0,1.0,3580.388562011719
2024-11-23 13:00:00,25,0.05,0,1,False,True,0.0,1.0,3127.3439453125
2024-11-23 14:00:00,25,0.05,0,1,False,True,0.0,1.0,2994.1990356445312
2024-11-23 15:00:00,25,0.05,0,2,False,True,0.0,1.0,3087.166540527344
2024-11-23 16:00:00,25,0.05,0,1,False,True,0.0,1.0,3143.1008789062503
2024-11-23 17:00:00,25,0.05,0,1,False,True,0.0,1.0,3041.9913208007815
2024-11-23 18:00:00,25,0.05,0,1,False,True,0.0,1.0,2652.815319824219
2024-11-23 19:00:00,25,0.05,0,2,False,True,0.0,1.0,2650.0598754882812
2024-11-23 20:00:00,25,0.05,0,1,False,True,0.0,1.0,2516.1828735351564
2024-11-23 21:00:00,25,0.05,0,1,False,True,0.0,1.0,2580.0646362304688
2024-11-23 22:00:00,25,0.05,0,1,False,True,0.0,1.0,2535.3318969726565
2024-11-23 23:00:00,25,0.05,0,1,False,True,0.0,1.0,2565.528112792969
2024-11-24 00:00:00,25,0.05,0,1,False,True,0.0,1.0,2668.068005371094
2024-11-24 01:00:00,25,0.05,0,1,False,True,0.0,1.0,2830.7408203125
2024-11-24 02:00:00,25,0.05,0,1,False,True,0.0,1.0,2796.462646484375
2024-11-24 03:00:00,25,0.05,0,2,False,True,0.0,1.0,2870.6597290039062
2024-11-24 04:00:00,25,0.05,0,1,False,True,0.0,1.0,2812.706823730469
2024-11-24 05:00:00,25,0.05,0,2,False,True,0.0,1.0,2680.52392578125
2024-11-24 06:00:00,25,0.05,0,2,False,True,0.0,1.0,2810.3572387695312
2024-11-24 07:00:00,25,0.05,0,1,False,True,0.0,1.0,3264.976281738281
2024-11-24 08:00:00,25,0.05,0,1,False,True,0.0,1.0,3606.2940307617187
2024-11-24 09:00:00,25,0.05,0,1,False,True,0.0,1.0,4606.715283203125
2024-11-24 10:00:00,25,0.05,0,1,False,True,0.0,1.0,4922.818798828125
2024-11-24 11:00:00,25,0.05,0,1,False,True,0.0,1.0,5294.45888671875
2024-11-24 12:00:00,25,0.05,0,1,False,True,0.0,1.0,5028.661450195313
2024-11-24 13:00:00,25,0.05,0,1,False,True,0.0,1.0,4976.5123291015625
2024-11-24 14:00:00,25,0.05,0,1,False,True,0.0,1.0,4821.605786132813
2024-11-24 15:00:00,25,0.05,0,1,False,True,0.0,1.0,4903.846606445312
2024-11-24 16:00:00,25,0.05,0,1,False,True,0.0,1.0,4797.002783203125
2024-11-24 17:00:00,25,0.05,1,1,True,True,1.0,1.0,4741.285083007812
2024-11-24 18:00:00,25,0.05,0,1,False,True,0.0,1.0,5048.193676757813
2024-11-24 19:00:00,25,0.05,0,2,False,True,0.0,1.0,5359.344677734375
2024-11-24 20:00:00,25,0.05,0,1,False,True,0.0,1.0,4976.862817382813
2024-11-24 21:00:00,25,0.05,0,2,False,True,0.0,1.0,5486.508837890625
2024-11-24 22:00:00,25,0.05,0,1,False,True,0.0,1.0,5278.2869873046875
2024-11-24 23:00:00,25,0.05,0,1,False,True,0.0,1.0,5364.734326171875
2024-11-25 00:00:00,25,0.05,0,1,False,True,0.0,1.0,4838.285668945313
2024-11-25 01:00:00,25,0.05,0,1,False,True,0.0,1.0,4845.901538085937
2024-11-25 02:00:00,25,0.05,0,1,False,True,0.0,1.0,4717.342236328125
2024-11-25 03:00:00,25,0.05,0,1,False,True,0.0,1.0,4746.192211914063
2024-11-25 04:00:00,25,0.05,0,1,False,True,0.0,1.0,4826.401318359375
2024-11-25 05:00:00,25,0.05,0,1,False,True,0.0,1.0,4516.969018554688
2024-11-25 06:00:00,25,0.05,1,1,True,True,1.0,1.0,4650.425634765625
2024-11-25 07:00:00,25,0.05,0,1,False,True,0.0,1.0,5198.253637695312
2024-11-25 08:00:00,25,0.05,0,2,False,True,0.0,1.0,6595.503564453125
2024-11-25 09:00:00,25,0.05,0,1,False,True,0.0,1.0,6195.457690429687
2024-11-25 10:00:00,25,0.05,0,1,False,True,0.0,1.0,5751.001782226563
2024-11-25 11:00:00,25,0.05,0,2,False,True,0.0,1.0,4363.774584960937
2024-11-25 12:00:00,25,0.05,0,1,False,True,0.0,1.0,3349.852685546875
2024-11-25 13:00:00,25,0.05,0,1,False,True,0.0,1.0,2949.4889526367188
2024-11-25 14:00:00,25,0.05,0,1,False,True,0.0,1.0,2304.0517822265624
2024-11-25 15:00:00,25,0.05,0,1,False,True,0.0,1.0,2074.6581298828123
2024-11-25 16:00:00,25,0.05,0,1,False,True,0.0,1.0,1766.2600708007812
2024-11-25 17:00:00,25,0.05,0,1,False,True,0.0,1.0,1809.7430908203125
2024-11-25 18:00:00,25,0.05,0,1,False,True,0.0,1.0,1828.7998596191405
2024-11-25 19:00:00,25,0.05,0,1,False,True,0.0,1.0,1885.454345703125
2024-11-25 20:00:00,25,0.05,0,1,False,True,0.0,1.0,1682.7523010253906
2024-11-25 21:00:00,25,0.05,0,1,False,True,0.0,1.0,1815.3713806152343
2024-11-25 22:00:00,25,0.05,0,1,False,True,0.0,1.0,1744.2593017578126
2024-11-25 23:00:00,25,0.05,0,1,False,True,0.0,1.0,1724.213073730469
2024-11-26 00:00:00,25,0.05,0,2,False,True,0.0,1.0,1804.7617126464843
2024-11-26 01:00:00,25,0.05,0,1,False,True,0.0,1.0,1749.3896118164064
2024-11-26 02:00:00,25,0.05,0,1,False,True,0.0,1.0,1840.8507507324218
2024-11-26 03:00:00,25,0.05,0,2,False,True,0.0,1.0,1761.0065063476563
2024-11-26 04:00:00,25,0.05,0,1,False,True,0.0,1.0,1815.6624450683594
2024-11-26 05:00:00,25,0.05,0,2,False,True,0.0,1.0,1731.1187622070313
2024-11-26 06:00:00,25,0.05,0,1,False,True,0.0,1.0,1714.516339111328
2024-11-26 07:00:00,25,0.05,0,1,False,True,0.0,1.0,1718.9532165527344
2024-11-26 08:00:00,25,0.05,1,1,True,True,1.0,1.0,1673.857666015625
2024-11-26 09:00:00,25,0.05,0,2,False,True,0.0,1.0,1646.4665466308593
2024-11-26 10:00:00,25,0.05,0,1,False,True,0.0,1.0,2217.818078613281
2024-11-26 11:00:00,25,0.05,1,1,True,True,1.0,1.0,3105.474609375
2024-11-26 12:00:00,25,0.05,0,1,False,True,0.0,1.0,3771.373779296875
2024-11-26 13:00:00,25,0.05,0,1,False,True,0.0,1.0,4799.678759765625
2024-11-26 14:00:00,25,0.05,0,1,False,True,0.0,1.0,5141.508544921875
2024-11-26 15:00:00,25,0.05,0,1,False,True,0.0,1.0,4964.26650390625
2024-11-26 16:00:00,25,0.05,0,1,False,True,0.0,1.0,5184.86669921875
2024-11-26 17:00:00,25,0.05,1,1,True,True,1.0,1.0,5454.688427734375
2024-11-26 18:00:00,25,0.05,0,1,False,True,0.0,1.0,5192.181713867188
2024-11-26 19:00:00,25,0.05,0,1,False,True,0.0,1.0,5337.082373046875
2024-11-26 20:00:00,25,0.05,0,1,False,True,0.0,1.0,5355.125903320312
2024-11-26 21:00:00,25,0.05,1,1,True,True,1.0,1.0,5322.289208984375
2024-11-26 22:00:00,25,0.05,0,1,False,True,0.0,1.0,5177.022045898438
2024-11-26 23:00:00,25,0.05,0,1,False,True,0.0,1.0,5300.693041992187
2024-11-27 00:00:00,25,0.05,0,1,False,True,0.0,1.0,4912.786108398437
2024-11-27 01:00:00,25,0.05,0,1,False,True,0.0,1.0,4854.232275390626
2024-11-27 02:00:00,25,0.05,0,1,False,True,0.0,1.0,5131.4324951171875
2024-11-27 03:00:00,25,0.05,0,1,False,True,0.0,1.0,4921.935205078125
2024-11-27 04:00:00,25,0.05,0,1,False,True,0.0,1.0,4971.848681640625
2024-11-27 05:00:00,25,0.05,0,1,False,True,0.0,1.0,4868.9005126953125
2024-11-27 06:00:00,25,0.05,0,1,False,True,0.0,1.0,4291.9759521484375
2024-11-27 07:00:00,25,0.05,0,1,False,True,0.0,1.0,4580.958764648438
2024-11-27 08:00:00,25,0.05,0,1,False,True,0.0,1.0,6106.13603515625
2024-11-27 09:00:00,25,0.05,0,1,False,True,0.0,1.0,7199.634619140625
2024-11-27 10:00:00,25,0.05,0,1,False,True,0.0,1.0,6918.17861328125
2024-11-27 11:00:00,25,0.05,0,1,False,True,0.0,1.0,7212.5
2024-11-27 12:00:00,25,0.05,1,1,True,True,1.0,1.0,7107.681665039063
2024-11-27 13:00:00,25,0.05,0,2,False,True,0.0,1.0,6985.617138671875
2024-11-27 14:00:00,25,0.05,0,1,False,True,0.0,1.0,6193.009228515625
2024-11-27 15:00:00,25,0.05,1,1,True,True,1.0,1.0,6247.211889648437
2024-11-27 16:00:00,25,0.05,0,1,False,True,0.0,1.0,6149.759204101562
2024-11-27 17:00:00,25,0.05,1,2,True,True,1.0,1.0,6046.280737304687
2024-11-27 18:00:00,25,0.05,0,1,False,True,0.0,1.0,6263.158032226563
2024-11-27 19:00:00,25,0.05,0,1,False,True,0.0,1.0,6215.692919921875
2024-11-27 20:00:00,25,0.05,1,1,True,True,1.0,1.0,6197.751000976563
2024-11-27 21:00:00,25,0.05,1,1,True,True,1.0,1.0,6418.270166015625
2024-11-27 22:00:00,25,0.05,0,1,False,True,0.0,1.0,6043.987353515625
2024-11-27 23:00:00,25,0.05,0,1,False,True,0.0,1.0,5963.425
2024-11-28 00:00:00,25,0.05,0,1,False,True,0.0,1.0,5859.955737304687
2024-11-28 01:00:00,25,0.05,0,1,False,True,0.0,1.0,5929.6416015625
2024-11-28 02:00:00,25,0.05,0,1,False,True,0.0,1.0,6036.052563476563
2024-11-28 03:00:00,25,0.05,0,1,False,True,0.0,1.0,5951.217309570313
2024-11-28 04:00:00,25,0.05,0,1,False,True,0.0,1.0,5834.76171875
2024-11-28 05:00:00,25,0.05,1,1,True,True,1.0,1.0,5711.04931640625
2024-11-28 06:00:00,25,0.05,0,1,False,True,0.0,1.0,5006.9241943359375
2024-11-28 07:00:00,25,0.05,0,2,False,True,0.0,1.0,4960.873779296875
2024-11-28 08:00:00,25,0.05,0,1,False,True,0.0,1.0,6694.181103515625
2024-11-28 09:00:00,25,0.05,1,1,True,True,1.0,1.0,5908.697436523437
2024-11-28 10:00:00,25,0.05,0,1,False,True,0.0,1.0,6433.37607421875
2024-11-28 11:00:00,25,0.05,0,1,False,True,0.0,1.0,6195.199267578125
2024-11-28 12:00:00,25,0.05,0,1,False,True,0.0,1.0,5377.190234375
2024-11-28 13:00:00,25,0.05,0,1,False,True,0.0,1.0,5732.0946044921875
2024-11-28 14:00:00,25,0.05,0,1,False,True,0.0,1.0,5878.387280273438
2024-11-28 15:00:00,25,0.05,0,1,False,True,0.0,1.0,5536.659594726562
2024-11-28 16:00:00,25,0.05,0,1,False,True,0.0,1.0,5445.882788085938
2024-11-28 17:00:00,25,0.05,0,1,False,True,0.0,1.0,5481.283447265625
2024-11-28 18:00:00,25,0.05,0,1,False,True,0.0,1.0,5528.036181640625
2024-11-28 19:00:00,25,0.05,0,1,False,True,0.0,1.0,5753.915869140625
2024-11-28 20:00:00,25,0.05,0,2,False,True,0.0,1.0,5586.67314453125
2024-11-28 21:00:00,25,0.05,0,1,False,True,0.0,1.0,5639.621875
2024-11-28 22:00:00,25,0.05,0,2,False,True,0.0,1.0,5447.970629882812
2024-11-28 23:00:00,25,0.05,0,1,False,True,0.0,1.0,5567.438549804688
2024-11-29 00:00:00,25,0.05,0,1,False,True,0.0,1.0,5304.085522460938
2024-11-29 01:00:00,25,0.05,1,2,True,True,1.0,1.0,5621.508569335938
2024-11-29 02:00:00,25,0.05,0,2,False,True,0.0,1.0,5323.339672851563
2024-11-29 03:00:00,25,0.05,0,1,False,True,0.0,1.0,5296.05927734375
2024-11-29 04:00:00,25,0.05,1,1,True,True,1.0,1.0,5398.3382568359375
2024-11-29 05:00:00,25,0.05,0,1,False,True,0.0,1.0,5245.0072265625
2024-11-29 06:00:00,25,0.05,0,1,False,True,0.0,1.0,5239.47060546875
2024-11-29 07:00:00,25,0.05,0,1,False,True,0.0,1.0,5007.7140625
2024-11-29 08:00:00,25,0.05,0,1,False,True,0.0,1.0,5954.872119140625
2024-11-29 09:00:00,25,0.05,0,1,False,True,0.0,1.0,7194.2900390625
2024-11-29 10:00:00,25,0.05,0,1,False,True,0.0,1.0,6822.332373046876
2024-11-29 11:00:00,25,0.05,0,1,False,True,0.0,1.0,6360.54072265625
2024-11-29 12:00:00,25,0.05,0,1,False,True,0.0,1.0,6496.827099609375
2024-11-29 13:00:00,25,0.05,0,1,False,True,0.0,1.0,6173.784716796875
2024-11-29 14:00:00,25,0.05,1,1,True,True,1.0,1.0,5857.043432617188
2024-11-29 15:00:00,25,0.05,0,1,False,True,0.0,1.0,5505.919897460937
2024-11-29 16:00:00,25,0.05,0,2,False,True,0.0,1.0,5557.833081054688
2024-11-29 17:00:00,25,0.05,0,2,False,True,0.0,1.0,5595.287353515625
2024-11-29 18:00:00,25,0.05,0,1,False,True,0.0,1.0,5229.332836914063
2024-11-29 19:00:00,25,0.05,0,1,False,True,0.0,1.0,5232.19208984375
2024-11-29 20:00:00,25,0.05,1,1,True,True,1.0,1.0,5337.201977539063
2024-11-29 21:00:00,25,0.05,0,1,False,True,0.0,1.0,5125.922534179687
2024-11-29 22:00:00,25,0.05,1,2,True,True,1.0,1.0,5236.502587890625
2024-11-29 23:00:00,25,0.05,0,1,False,True,0.0,1.0,5031.597021484376
2024-11-30 00:00:00,25,0.05,0,1,False,True,0.0,1.0,5063.37314453125
2024-11-30 01:00:00,25,0.05,0,1,False,True,0.0,1.0,5061.068530273437
2024-11-30 02:00:00,25,0.05,0,1,False,True,0.0,1.0,5108.410107421875
2024-11-30 03:00:00,25,0.05,0,1,False,True,0.0,1.0,5169.931420898438
2024-11-30 04:00:00,25,0.05,0,1,False,True,0.0,1.0,5083.453173828125
2024-11-30 05:00:00,25,0.05,0,2,False,True,0.0,1.0,5171.687744140625
2024-11-30 06:00:00,25,0.05,0,2,False,True,0.0,1.0,5174.065258789063
2024-11-30 07:00:00,25,0.05,1,2,True,True,1.0,1.0,6275.492285156251
2024-11-30 08:00:00,25,0.05,0,1,False,True,0.0,1.0,7129.590551757812
2024-11-30 09:00:00,25,0.05,0,1,False,True,0.0,1.0,7416.852783203125
2024-11-30 10:00:00,25,0.05,0,1,False,True,0.0,1.0,7328.083642578125
2024-11-30 11:00:00,25,0.05,0,1,False,True,0.0,1.0,7483.0599365234375
2024-11-30 12:00:00,25,0.05,0,1,False,True,0.0,1.0,6987.897241210938
2024-11-30 13:00:00,25,0.05,0,1,False,True,0.0,1.0,6898.466772460937
2024-11-30 14:00:00,25,0.05,0,1,False,True,0.0,1.0,6494.290502929688
2024-11-30 15:00:00,25,0.05,1,1,True,True,1.0,1.0,6079.90126953125
2024-11-30 16:00:00,25,0.05,0,1,False,True,0.0,1.0,5942.828784179687
2024-11-30 17:00:00,25,0.05,1,2,True,True,1.0,1.0,6233.491918945312
2024-11-30 18:00:00,25,0.05,0,1,False,True,0.0,1.0,6085.323754882813
2024-11-30 19:00:00,25,0.05,0,1,False,True,0.0,1.0,6339.504980468751
2024-11-30 20:00:00,25,0.05,0,1,False,True,0.0,1.0,6226.191162109375
2024-11-30 21:00:00,25,0.05,0,1,False,True,0.0,1.0,6235.596630859375
2024-11-30 22:00:00,25,0.05,0,2,False,True,0.0,1.0,6318.23583984375
2024-11-30 23:00:00,25,0.05,0,1,False,True,0.0,1.0,6124.57216796875
2024-12-01 00:00:00,25,0.05,0,1,False,True,0.0,1.0,6113.632885742188
2024-12-01 01:00:00,25,0.05,0,2,False,True,0.0,1.0,6021.785717773438
2024-12-01 02:00:00,25,0.05,0,1,False,True,0.0,1.0,6043.763842773437
2024-12-01 03:00:00,25,0.05,0,1,False,True,0.0,1.0,5917.693994140625
2024-12-01 04:00:00,25,0.05,0,1,False,True,0.0,1.0,5876.135913085937
2024-12-01 05:00:00,25,0.05,0,1,False,True,0.0,1.0,5889.340161132813
2024-12-01 06:00:00,25,0.05,0,1,False,True,0.0,1.0,5843.082666015625
2024-12-01 07:00:00,25,0.05,0,1,False,True,0.0,1.0,5848.694750976562
2024-12-01 08:00:00,25,0.05,0,1,False,True,0.0,1.0,5846.540014648437
2024-12-01 09:00:00,25,0.05,0,1,False,True,0.0,1.0,5853.806713867188
2024-12-01 10:00:00,25,0.05,0,1,False,True,0.0,1.0,7053.101416015625
2024-12-01 11:00:00,25,0.05,0,1,False,True,0.0,1.0,6949.090112304688
2024-12-01 12:00:00,25,0.05,0,1,False,True,0.0,1.0,7094.9779052734375
2024-12-01 13:00:00,25,0.05,0,2,False,True,0.0,1.0,6875.71455078125
2024-12-01 14:00:00,25,0.05,0,1,False,True,0.0,1.0,6837.225903320313
2024-12-01 15:00:00,25,0.05,0,1,False,True,0.0,1.0,6628.1871337890625
2024-12-01 16:00:00,25,0.05,0,1,False,True,0.0,1.0,6628.132421875
2024-12-01 17:00:00,25,0.05,0,1,False,True,0.0,1.0,6638.876879882812
2024-12-01 18:00:00,25,0.05,0,1,False,True,0.0,1.0,6333.630541992187
2024-12-01 19:00:00,25,0.05,0,1,False,True,0.0,1.0,6314.502758789063
2024-12-01 20:00:00,25,0.05,0,1,False,True,0.0,1.0,6147.4083251953125
2024-12-01 21:00:00,25,0.05,0,1,False,True,0.0,1.0,6296.1861572265625
2024-12-01 22:00:00,25,0.05,0,1,False,True,0.0,1.0,6414.5369873046875
2024-12-01 23:00:00,25,0.05,0,1,False,True,0.0,1.0,6228.009423828125
2024-12-02 00:00:00,25,0.05,0,1,False,True,0.0,1.0,6100.763745117188
2024-12-02 01:00:00,25,0.05,0,1,False,True,0.0,1.0,5880.013671875
2024-12-02 02:00:00,25,0.05,0,1,False,True,0.0,1.0,5886.103662109375
2024-12-02 03:00:00,25,0.05,0,1,False,True,0.0,1.0,6207.855541992188
2024-12-02 04:00:00,25,0.05,0,1,False,True,0.0,1.0,6032.621118164063
2024-12-02 05:00:00,25,0.05,0,1,False,True,0.0,1.0,5861.383935546875
2024-12-02 06:00:00,25,0.05,0,1,False,True,0.0,1.0,5847.469677734375
2024-12-02 07:00:00,25,0.05,0,1,False,True,0.0,1.0,6263.7384033203125
2024-12-02 08:00:00,25,0.05,0,1,False,True,0.0,1.0,7479.519140625
2024-12-02 09:00:00,25,0.05,0,1,False,True,0.0,1.0,7411.57841796875
2024-12-02 10:00:00,25,0.05,0,1,False,True,0.0,1.0,6964.25185546875
2024-12-02 11:00:00,25,0.05,0,1,False,True,0.0,1.0,6802.5306640625
2024-12-02 12:00:00,25,0.05,0,1,False,True,0.0,1.0,5906.488623046875
2024-12-02 13:00:00,25,0.05,0,2,False,True,0.0,1.0,5598.034814453125
2024-12-02 14:00:00,25,0.05,0,1,False,True,0.0,1.0,4910.854809570313
2024-12-02 15:00:00,25,0.05,0,1,False,True,0.0,1.0,4532.211450195313
2024-12-02 16:00:00,25,0.05,0,1,False,True,0.0,1.0,4083.5993774414064
2024-12-02 17:00:00,25,0.05,0,1,False,True,0.0,1.0,4393.227514648437
2024-12-02 18:00:00,25,0.05,0,2,False,True,0.0,1.0,4070.311938476563
2024-12-02 19:00:00,25,0.05,0,1,False,True,0.0,1.0,4058.5771484375005
2024-12-02 20:00:00,25,0.05,0,1,False,True,0.0,1.0,4277.626123046875
2024-12-02 21:00:00,25,0.05,0,1,False,True,0.0,1.0,4115.933508300782
2024-12-02 22:00:00,25,0.05,0,1,False,True,0.0,1.0,4059.106298828125
2024-12-02 23:00:00,25,0.05,0,1,False,True,0.0,1.0,4258.36806640625
2024-12-03 00:00:00,25,0.05,0,1,False,True,0.0,1.0,4126.680224609375
2024-12-03 01:00:00,25,0.05,0,1,False,True,0.0,1.0,4282.49619140625
2024-12-03 02:00:00,25,0.05,0,1,False,True,0.0,1.0,4191.787451171875
2024-12-03 03:00:00,25,0.05,0,1,False,True,0.0,1.0,4585.746655273438
2024-12-03 04:00:00,25,0.05,0,1,False,True,0.0,1.0,4413.150732421875
2024-12-03 05:00:00,25,0.05,0,1,False,True,0.0,1.0,4108.417797851563
2024-12-03 06:00:00,25,0.05,0,1,False,True,0.0,1.0,4188.010229492187
2024-12-03 07:00:00,25,0.05,0,1,False,True,0.0,1.0,4082.3589721679687
2024-12-03 08:00:00,25,0.05,0,1,False,True,0.0,1.0,6396.960229492188
2024-12-03 09:00:00,25,0.05,0,1,False,True,0.0,1.0,6151.651635742188
2024-12-03 10:00:00,25,0.05,0,2,False,True,0.0,1.0,3894.8352294921874
2024-12-03 11:00:00,25,0.05,0,2,False,True,0.0,1.0,3400.170275878906
2024-12-03 12:00:00,25,0.05,0,1,False,True,0.0,1.0,2777.540234375
2024-12-03 13:00:00,25,0.05,0,1,False,True,0.0,1.0,2875.1902709960937
2024-12-03 14:00:00,25,0.05,0,1,False,True,0.0,1.0,2313.3063232421873
2024-12-03 15:00:00,25,0.05,0,1,False,True,0.0,1.0,1889.0285705566407
2024-12-03 16:00:00,25,0.05,0,1,False,True,0.0,1.0,1894.7171997070313
2024-12-03 17:00:00,25,0.05,0,1,False,True,0.0,1.0,1950.775244140625
2024-12-03 18:00:00,25,0.05,0,1,False,True,0.0,1.0,2049.7787475585938
2024-12-03 19:00:00,25,0.05,0,1,False,True,0.0,1.0,2207.5736328125
2024-12-03 20:00:00,25,0.05,0,2,False,True,0.0,1.0,2027.0902893066407
2024-12-03 21:00:00,25,0.05,0,1,False,True,0.0,1.0,2099.415966796875
2024-12-03 22:00:00,25,0.05,0,1,False,True,0.0,1.0,1994.9148559570312
2024-12-03 23:00:00,25,0.05,0,1,False,True,0.0,1.0,2091.4892456054686
2024-12-04 00:00:00,25,0.05,0,2,False,True,0.0,1.0,2234.7024536132812
2024-12-04 01:00:00,25,0.05,0,1,False,True,0.0,1.0,2140.1821411132814
2024-12-04 02:00:00,25,0.05,0,1,False,True,0.0,1.0,2125.9648681640624
2024-12-04 03:00:00,25,0.05,0,1,False,True,0.0,1.0,2290.233154296875
2024-12-04 04:00:00,25,0.05,0,1,False,True,0.0,1.0,2208.1884887695314
2024-12-04 05:00:00,25,0.05,0,1,False,True,0.0,1.0,2152.857946777344
2024-12-04 06:00:00,25,0.05,0,1,False,True,0.0,1.0,2016.7492065429688
2024-12-04 07:00:00,25,0.05,0,1,False,True,0.0,1.0,2191.411413574219
2024-12-04 08:00:00,25,0.05,0,1,False,True,0.0,1.0,3419.209423828125
2024-12-04 09:00:00,25,0.05,0,1,False,True,0.0,1.0,2919.0718505859377
2024-12-04 10:00:00,25,0.05,0,1,False,True,0.0,1.0,3860.5324584960936
2024-12-04 11:00:00,25,0.05,0,1,False,True,0.0,1.0,4748.438500976563
2024-12-04 12:00:00,25,0.05,0,1,False,True,0.0,1.0,3021.9009521484377
2024-12-04 13:00:00,25,0.05,0,1,False,True,0.0,1.0,2404.3382202148437
2024-12-04 14:00:00,25,0.05,0,1,False,True,0.0,1.0,2127.964892578125
2024-12-04 15:00:00,25,0.05,0,1,False,True,0.0,1.0,1932.8791564941407
2024-12-04 16:00:00,25,0.05,0,1,False,True,0.0,1.0,1839.004443359375
2024-12-04 17:00:00,25,0.05,0,1,False,True,0.0,1.0,1963.8891174316407
2024-12-04 18:00:00,25,0.05,0,1,False,True,0.0,1.0,1762.5614562988283
2024-12-04 19:00:00,25,0.05,0,1,False,True,0.0,1.0,1843.4723266601563
2024-12-04 20:00:00,25,0.05,0,1,False,True,0.0,1.0,1856.6217712402345
2024-12-04 21:00:00,25,0.05,0,1,False,True,0.0,1.0,1842.709423828125
2024-12-04 22:00:00,25,0.05,0,2,False,True,0.0,1.0,1780.0221984863283
2024-12-04 23:00:00,25,0.05,0,2,False,True,0.0,1.0,1836.6135375976562
2024-12-05 00:00:00,25,0.05,0,1,False,True,0.0,1.0,1935.7489379882813
2024-12-05 01:00:00,25,0.05,0,1,False,True,0.0,1.0,2031.9555053710938
2024-12-05 02:00:00,25,0.05,0,1,False,True,0.0,1.0,2016.289971923828
2024-12-05 03:00:00,25,0.05,0,1,False,True,0.0,1.0,1984.1920104980468
2024-12-05 04:00:00,25,0.05,0,1,False,True,0.0,1.0,1837.7878967285155
2024-12-05 05:00:00,25,0.05,0,1,False,True,0.0,1.0,1894.9559936523438
2024-12-05 06:00:00,25,0.05,0,1,False,True,0.0,1.0,1986.1683654785156
2024-12-05 07:00:00,25,0.05,0,1,False,True,0.0,1.0,2476.3615478515626
2024-12-05 08:00:00,25,0.05,0,1,False,True,0.0,1.0,4220.531787109376
2024-12-05 09:00:00,25,0.05,0,1,False,True,0.0,1.0,4404.106469726563
2024-12-05 10:00:00,25,0.05,0,1,False,True,0.0,1.0,3851.5608398437503
2024-12-05 11:00:00,25,0.05,0,1,False,True,0.0,1.0,2523.823034667969
2024-12-05 12:00:00,25,0.05,0,1,False,True,0.0,1.0,2960.9072509765624
2024-12-05 13:00:00,25,0.05,0,1,False,True,0.0,1.0,2825.852087402344
2024-12-05 14:00:00,25,0.05,0,1,False,True,0.0,1.0,2750.024206542969
2024-12-05 15:00:00,25,0.05,0,1,False,True,0.0,1.0,2742.9640747070316
2024-12-05 16:00:00,25,0.05,0,1,False,True,0.0,1.0,2581.0507934570314
2024-12-05 17:00:00,25,0.05,0,1,False,True,0.0,1.0,2579.227526855469
2024-12-05 18:00:00,25,0.05,0,1,False,True,0.0,1.0,2217.0709594726563
2024-12-05 19:00:00,25,0.05,0,1,False,True,0.0,1.0,2195.5390747070314
2024-12-05 20:00:00,25,0.05,0,1,False,True,0.0,1.0,2272.7306518554688
2024-12-05 21:00:00,25,0.05,0,1,False,True,0.0,1.0,2222.4695312500003
2024-12-05 22:00:00,25,0.05,0,1,False,True,0.0,1.0,2219.9515380859375
2024-12-05 23:00:00,25,0.05,0,1,False,True,0.0,1.0,2181.7499755859376
2024-12-06 00:00:00,25,0.05,0,1,False,True,0.0,1.0,2403.370361328125
2024-12-06 01:00:00,25,0.05,0,1,False,True,0.0,1.0,2332.38125
2024-12-06 02:00:00,25,0.05,0,1,False,True,0.0,1.0,2366.410290527344
2024-12-06 03:00:00,25,0.05,0,1,False,True,0.0,1.0,2493.665612792969
2024-12-06 04:00:00,25,0.05,0,1,False,True,0.0,1.0,2260.2163818359377
2024-12-06 05:00:00,25,0.05,0,1,False,True,0.0,1.0,2290.1566528320313
2024-12-06 06:00:00,25,0.05,0,1,False,True,0.0,1.0,2457.6478515625
2024-12-06 07:00:00,25,0.05,0,1,False,True,0.0,1.0,2807.9837158203127
2024-12-06 08:00:00,25,0.05,0,1,False,True,0.0,1.0,5014.439868164062
2024-12-06 09:00:00,25,0.05,0,1,False,True,0.0,1.0,5011.397729492188
2024-12-06 10:00:00,25,0.05,1,1,True,True,1.0,1.0,4699.41923828125
2024-12-06 11:00:00,25,0.05,0,2,False,True,0.0,1.0,4428.717211914062
2024-12-06 12:00:00,25,0.05,0,1,False,True,0.0,1.0,3539.570947265625
2024-12-06 13:00:00,25,0.05,0,1,False,True,0.0,1.0,2891.8599731445315
2024-12-06 14:00:00,25,0.05,0,1,False,True,0.0,1.0,2452.444934082031
2024-12-06 15:00:00,25,0.05,0,1,False,True,0.0,1.0,1791.5030517578125
2024-12-06 16:00:00,25,0.05,0,1,False,True,0.0,1.0,1642.6797668457032
2024-12-06 17:00:00,25,0.05,0,2,False,True,0.0,1.0,1809.4810485839844
2024-12-06 18:00:00,25,0.05,0,1,False,True,0.0,1.0,1733.1868774414063
2024-12-06 19:00:00,25,0.05,0,1,False,True,0.0,1.0,1771.3238342285156
2024-12-06 20:00:00,25,0.05,0,1,False,True,0.0,1.0,1728.6154479980469
2024-12-06 21:00:00,25,0.05,0,1,False,True,0.0,1.0,1705.7448852539064
2024-12-06 22:00:00,25,0.05,0,1,False,True,0.0,1.0,1739.2678283691407
2024-12-06 23:00:00,25,0.05,0,1,False,True,0.0,1.0,1680.0572692871094
2024-12-07 00:00:00,25,0.05,0,1,False,True,0.0,1.0,1655.326153564453
2024-12-07 01:00:00,25,0.05,0,2,False,True,0.0,1.0,1680.6030212402343
2024-12-07 02:00:00,25,0.05,0,2,False,True,0.0,1.0,1860.957745361328
2024-12-07 03:00:00,25,0.05,0,2,False,True,0.0,1.0,1766.881817626953
2024-12-07 04:00:00,25,0.05,0,1,False,True,0.0,1.0,1838.48505859375
2024-12-07 05:00:00,25,0.05,0,1,False,True,0.0,1.0,1779.9519165039062
2024-12-07 06:00:00,25,0.05,0,2,False,True,0.0,1.0,1706.4125854492188
2024-12-07 07:00:00,25,0.05,0,2,False,True,0.0,1.0,1563.4396423339845
2024-12-07 08:00:00,25,0.05,0,1,False,True,0.0,1.0,1555.875262451172
2024-12-07 09:00:00,25,0.05,0,1,False,True,0.0,1.0,2105.960827636719
2024-12-07 10:00:00,25,0.05,0,2,False,True,0.0,1.0,1387.8990600585937
2024-12-07 11:00:00,25,0.05,0,1,False,True,0.0,1.0,1883.3490234375001
2024-12-07 12:00:00,25,0.05,0,2,False,True,0.0,1.0,1882.7976318359374
2024-12-07 13:00:00,25,0.05,0,2,False,True,0.0,1.0,1617.4579162597656
2024-12-07 14:00:00,25,0.05,0,1,False,True,0.0,1.0,1287.8193664550781
2024-12-07 15:00:00,25,0.05,0,1,False,True,0.0,1.0,1237.519091796875
2024-12-07 16:00:00,25,0.05,0,1,False,True,0.0,1.0,1228.4704345703126
2024-12-07 17:00:00,25,0.05,0,1,False,True,0.0,1.0,1283.7843078613282
2024-12-07 18:00:00,25,0.05,0,1,False,True,0.0,1.0,1288.0185302734376
2024-12-07 19:00:00,25,0.05,0,1,False,True,0.0,1.0,1192.4167602539062
2024-12-07 20:00:00,25,0.05,0,2,False,True,0.0,1.0,1252.1888549804687
2024-12-07 21:00:00,25,0.05,0,1,False,True,0.0,1.0,1320.8734497070313
2024-12-07 22:00:00,25,0.05,0,1,False,True,0.0,1.0,1334.7594970703126
2024-12-07 23:00:00,25,0.05,0,1,False,True,0.0,1.0,1403.1275390625
2024-12-08 00:00:00,25,0.05,0,1,False,True,0.0,1.0,1410.0980712890625
2024-12-08 01:00:00,25,0.05,0,1,False,True,0.0,1.0,1467.5555786132813
2024-12-08 02:00:00,25,0.05,0,2,False,True,0.0,1.0,1442.9905700683594
2024-12-08 03:00:00,25,0.05,0,1,False,True,0.0,1.0,1420.1825195312501
2024-12-08 04:00:00,25,0.05,0,2,False,True,0.0,1.0,1448.6069946289062
2024-12-08 05:00:00,25,0.05,0,1,False,True,0.0,1.0,1404.1843872070312
2024-12-08 06:00:00,25,0.05,0,1,False,True,0.0,1.0,1484.5791076660157
2024-12-08 07:00:00,25,0.05,0,1,False,True,0.0,1.0,1451.3063415527345
2024-12-08 08:00:00,25,0.05,0,1,False,True,0.0,1.0,1236.5743896484375
2024-12-08 09:00:00,25,0.05,0,1,False,True,0.0,1.0,1298.0840637207032
2024-12-08 10:00:00,25,0.05,0,2,False,True,0.0,1.0,1314.8633422851562
2024-12-08 11:00:00,25,0.05,0,1,False,True,0.0,1.0,1536.1470336914062
2024-12-08 12:00:00,25,0.05,0,1,False,True,0.0,1.0,1468.2279113769532
2024-12-08 13:00:00,25,0.05,0,1,False,True,0.0,1.0,1598.2931640625
2024-12-08 14:00:00,25,0.05,0,2,False,True,0.0,1.0,1754.9620178222656
2024-12-08 15:00:00,25,0.05,0,1,False,True,0.0,1.0,1983.073223876953
2024-12-08 16:00:00,25,0.05,0,1,False,True,0.0,1.0,2037.2225769042968
2024-12-08 17:00:00,25,0.05,0,1,False,True,0.0,1.0,2129.7088989257813
2024-12-08 18:00:00,25,0.05,0,1,False,True,0.0,1.0,2152.2915283203124
2024-12-08 19:00:00,25,0.05,0,1,False,True,0.0,1.0,2122.9461059570312
2024-12-08 20:00:00,25,0.05,0,1,False,True,0.0,1.0,2078.5094604492188
2024-12-08 21:00:00,25,0.05,0,1,False,True,0.0,1.0,2123.0052001953127
2024-12-08 22:00:00,25,0.05,0,1,False,True,0.0,1.0,2122.829064941406
2024-12-08 23:00:00,25,0.05,0,1,False,True,0.0,1.0,2126.098986816406
2024-12-09 00:00:00,25,0.05,0,2,False,True,0.0,1.0,2101.9916015625
2024-12-09 01:00:00,25,0.05,0,1,False,True,0.0,1.0,2198.2608276367187
2024-12-09 02:00:00,25,0.05,0,1,False,True,0.0,1.0,2051.5209045410156
2024-12-09 03:00:00,25,0.05,0,1,False,True,0.0,1.0,2231.8729248046875
2024-12-09 04:00:00,25,0.05,0,1,False,True,0.0,1.0,2080.935266113281
2024-12-09 05:00:00,25,0.05,0,1,False,True,0.0,1.0,1993.1636474609377
2024-12-09 06:00:00,25,0.05,0,1,False,True,0.0,1.0,2111.004284667969
2024-12-09 07:00:00,25,0.05,0,1,False,True,0.0,1.0,2638.488757324219
2024-12-09 08:00:00,25,0.05,0,1,False,True,0.0,1.0,2602.3130859375
2024-12-09 09:00:00,25,0.05,0,1,False,True,0.0,1.0,3318.1918701171876
2024-12-09 10:00:00,25,0.05,0,1,False,True,0.0,1.0,4163.944091796875
2024-12-09 11:00:00,25,0.05,0,1,False,True,0.0,1.0,4941.520703125
2024-12-09 12:00:00,25,0.05,0,1,False,True,0.0,1.0,5390.1304931640625
2024-12-09 13:00:00,25,0.05,0,1,False,True,0.0,1.0,4977.27685546875
2024-12-09 14:00:00,25,0.05,1,1,True,True,1.0,1.0,5504.69326171875
2024-12-09 15:00:00,25,0.05,0,1,False,True,0.0,1.0,5489.880712890625
2024-12-09 16:00:00,25,0.05,1,1,True,True,1.0,1.0,5329.47548828125
2024-12-09 17:00:00,25,0.05,0,1,False,True,0.0,1.0,5502.85078125
2024-12-09 18:00:00,25,0.05,0,1,False,True,0.0,1.0,5117.063403320312
2024-12-09 19:00:00,25,0.05,0,1,False,True,0.0,1.0,4948.9849853515625
2024-12-09 20:00:00,25,0.05,0,1,False,True,0.0,1.0,5042.420263671876
2024-12-09 21:00:00,25,0.05,0,1,False,True,0.0,1.0,5003.667749023438
2024-12-09 22:00:00,25,0.05,0,1,False,True,0.0,1.0,5080.710009765625
2024-12-09 23:00:00,25,0.05,0,1,False,True,0.0,1.0,5237.780029296875
2024-12-10 00:00:00,25,0.05,0,1,False,True,0.0,1.0,4051.804064941406
2024-12-10 01:00:00,25,0.05,0,2,False,True,0.0,1.0,4277.767797851562
2024-12-10 02:00:00,25,0.05,0,1,False,True,0.0,1.0,4302.322290039063
2024-12-10 03:00:00,25,0.05,0,1,False,True,0.0,1.0,4333.226977539062
2024-12-10 04:00:00,25,0.05,0,1,False,True,0.0,1.0,4380.347802734375
2024-12-10 05:00:00,25,0.05,0,1,False,True,0.0,1.0,4534.033471679688
2024-12-10 06:00:00,25,0.05,0,1,False,True,0.0,1.0,4229.906958007812
2024-12-10 07:00:00,25,0.05,0,1,False,True,0.0,1.0,4242.058349609375
2024-12-10 08:00:00,25,0.05,0,1,False,True,0.0,1.0,4203.774877929687
2024-12-10 09:00:00,25,0.05,0,1,False,True,0.0,1.0,4383.868823242187
2024-12-10 10:00:00,25,0.05,0,1,False,True,0.0,1.0,3704.8126586914063
2024-12-10 11:00:00,25,0.05,0,1,False,True,0.0,1.0,3234.6226806640625
2024-12-10 12:00:00,25,0.05,0,1,False,True,0.0,1.0,2761.885107421875
2024-12-10 13:00:00,25,0.05,0,1,False,True,0.0,1.0,2506.18994140625
2024-12-10 14:00:00,25,0.05,0,1,False,True,0.0,1.0,2205.5754150390626
2024-12-10 15:00:00,25,0.05,0,1,False,True,0.0,1.0,1820.05869140625
2024-12-10 16:00:00,25,0.05,0,1,False,True,0.0,1.0,1616.1838073730469
2024-12-10 17:00:00,25,0.05,0,1,False,True,0.0,1.0,1650.3331115722656
2024-12-10 18:00:00,25,0.05,0,1,False,True,0.0,1.0,1577.3420959472655
2024-12-10 19:00:00,25,0.05,0,1,False,True,0.0,1.0,1644.1708740234376
2024-12-10 20:00:00,25,0.05,0,1,False,True,0.0,1.0,1538.789727783203
2024-12-10 21:00:00,25,0.05,0,2,False,True,0.0,1.0,1593.3359252929688
2024-12-10 22:00:00,25,0.05,0,1,False,True,0.0,1.0,1584.160223388672
2024-12-10 23:00:00,25,0.05,0,1,False,True,0.0,1.0,1556.4939270019531
2024-12-11 00:00:00,25,0.05,0,1,False,True,0.0,1.0,1612.501708984375
2024-12-11 01:00:00,25,0.05,0,2,False,True,0.0,1.0,1641.737664794922
2024-12-11 02:00:00,25,0.05,0,1,False,True,0.0,1.0,1634.734197998047
2024-12-11 03:00:00,25,0.05,0,1,False,True,0.0,1.0,1587.540771484375
2024-12-11 04:00:00,25,0.05,0,2,False,True,0.0,1.0,1706.5923217773438
2024-12-11 05:00:00,25,0.05,0,1,False,True,0.0,1.0,1687.2404541015626
2024-12-11 06:00:00,25,0.05,0,1,False,True,0.0,1.0,1610.2536315917969
2024-12-11 07:00:00,25,0.05,0,2,False,True,0.0,1.0,2213.134875488281
2024-12-11 08:00:00,25,0.05,0,1,False,True,0.0,1.0,3412.7430419921875
2024-12-11 09:00:00,25,0.05,0,1,False,True,0.0,1.0,3065.6010864257814
2024-12-11 10:00:00,25,0.05,0,1,False,True,0.0,1.0,3071.574743652344
2024-12-11 11:00:00,25,0.05,0,2,False,True,0.0,1.0,2446.738732910156
2024-12-11 12:00:00,25,0.05,0,1,False,True,0.0,1.0,2249.5716796875
2024-12-11 13:00:00,25,0.05,0,1,False,True,0.0,1.0,2087.609130859375
2024-12-11 14:00:00,25,0.05,0,2,False,True,0.0,1.0,1413.2056091308593
2024-12-11 15:00:00,25,0.05,0,1,False,True,0.0,1.0,1459.6929260253905
2024-12-11 16:00:00,25,0.05,0,1,False,True,0.0,1.0,1401.6986267089844
2024-12-11 17:00:00,25,0.05,0,1,False,True,0.0,1.0,1610.6264892578124
2024-12-11 18:00:00,25,0.05,0,1,False,True,0.0,1.0,1761.439031982422
2024-12-11 19:00:00,25,0.05,0,1,False,True,0.0,1.0,1770.3038635253906
2024-12-11 20:00:00,25,0.05,0,1,False,True,0.0,1.0,1735.5576049804688
2024-12-11 21:00:00,25,0.05,0,1,False,True,0.0,1.0,1782.65693359375
2024-12-11 22:00:00,25,0.05,0,1,False,True,0.0,1.0,1777.8366638183595
2024-12-11 23:00:00,25,0.05,0,1,False,True,0.0,1.0,1694.4125366210938
2024-12-12 00:00:00,25,0.05,0,1,False,True,0.0,1.0,1471.9182250976562
2024-12-12 01:00:00,25,0.05,0,1,False,True,0.0,1.0,1555.0813720703125
2024-12-12 02:00:00,25,0.05,0,1,False,True,0.0,1.0,1494.8472961425782
2024-12-12 03:00:00,25,0.05,0,1,False,True,0.0,1.0,1541.8159118652343
2024-12-12 04:00:00,25,0.05,0,1,False,True,0.0,1.0,1583.8908142089845
2024-12-12 05:00:00,25,0.05,0,1,False,True,0.0,1.0,1548.6533752441408
2024-12-12 06:00:00,25,0.05,0,1,False,True,0.0,1.0,1471.5232849121094
2024-12-12 07:00:00,25,0.05,0,1,False,True,0.0,1.0,1387.0758483886718
2024-12-12 08:00:00,25,0.05,0,1,False,True,0.0,1.0,1622.6214294433594
2024-12-12 09:00:00,25,0.05,0,1,False,True,0.0,1.0,1397.3586791992188
2024-12-12 10:00:00,25,0.05,0,1,False,True,0.0,1.0,1465.2981201171874
2024-12-12 11:00:00,25,0.05,0,1,False,True,0.0,1.0,1382.2837707519532
2024-12-12 12:00:00,25,0.05,0,1,False,True,0.0,1.0,1467.767645263672
2024-12-12 13:00:00,25,0.05,0,1,False,True,0.0,1.0,1410.1495849609375
2024-12-12 14:00:00,25,0.05,0,1,False,True,0.0,1.0,1316.1918701171876
2024-12-12 15:00:00,25,0.05,0,2,False,True,0.0,1.0,1116.712518310547
2024-12-12 16:00:00,25,0.05,0,1,False,True,0.0,1.0,1138.5043090820313
2024-12-12 17:00:00,25,0.05,0,1,False,True,0.0,1.0,1137.5760314941406
2024-12-12 18:00:00,25,0.05,0,1,False,True,0.0,1.0,1030.8810668945312
2024-12-12 19:00:00,25,0.05,0,1,False,True,0.0,1.0,1083.2814575195312
2024-12-12 20:00:00,25,0.05,0,2,False,True,0.0,1.0,1107.7298461914063
2024-12-12 21:00:00,25,0.05,0,2,False,True,0.0,1.0,1077.6434265136718
2024-12-12 22:00:00,25,0.05,0,1,False,True,0.0,1.0,1072.8490356445313
2024-12-12 23:00:00,25,0.05,0,2,False,True,0.0,1.0,1123.4490051269531
2024-12-13 00:00:00,25,0.05,0,1,False,True,0.0,1.0,1333.855401611328
2024-12-13 01:00:00,25,0.05,0,1,False,True,0.0,1.0,1314.0957092285157
2024-12-13 02:00:00,25,0.05,0,1,False,True,0.0,1.0,1224.8421508789063
2024-12-13 03:00:00,25,0.05,0,1,False,True,0.0,1.0,1208.9338439941407
2024-12-13 04:00:00,25,0.05,0,2,False,True,0.0,1.0,1278.8319030761718
2024-12-13 05:00:00,25,0.05,0,1,False,True,0.0,1.0,1246.5374572753906
2024-12-13 06:00:00,25,0.05,0,1,False,True,0.0,1.0,1287.8619201660156
2024-12-13 07:00:00,25,0.05,0,2,False,True,0.0,1.0,1254.6551940917968
2024-12-13 08:00:00,25,0.05,0,1,False,True,0.0,1.0,1158.7563842773438
2024-12-13 09:00:00,25,0.05,0,1,False,True,0.0,1.0,1778.3039978027343
2024-12-13 10:00:00,25,0.05,0,1,False,True,0.0,1.0,1143.156719970703
2024-12-13 11:00:00,25,0.05,0,2,False,True,0.0,1.0,832.8768096923828
2024-12-13 12:00:00,25,0.05,0,1,False,True,0.0,1.0,684.626611328125
2024-12-13 13:00:00,25,0.05,0,1,False,True,0.0,1.0,720.9735809326172
2024-12-13 14:00:00,25,0.05,0,1,False,True,0.0,1.0,622.7849212646485
2024-12-13 15:00:00,25,0.05,0,1,False,True,0.0,1.0,599.0617919921875
2024-12-13 16:00:00,25,0.05,0,1,False,True,0.0,1.0,621.75458984375
2024-12-13 17:00:00,25,0.05,0,1,False,True,0.0,1.0,655.450570678711
2024-12-13 18:00:00,25,0.05,0,2,False,True,0.0,1.0,695.6408416748047
2024-12-13 19:00:00,25,0.05,0,1,False,True,0.0,1.0,662.0924591064453
2024-12-13 20:00:00,25,0.05,0,1,False,True,0.0,1.0,718.0558471679688
2024-12-13 21:00:00,25,0.05,0,2,False,True,0.0,1.0,680.7437591552734
2024-12-13 22:00:00,25,0.05,0,1,False,True,0.0,1.0,778.5142578125
2024-12-13 23:00:00,25,0.05,0,1,False,True,0.0,1.0,784.1181884765625
2024-12-14 00:00:00,25,0.05,0,1,False,True,0.0,1.0,713.0936218261719
2024-12-14 01:00:00,25,0.05,0,2,False,True,0.0,1.0,704.3010620117187
2024-12-14 02:00:00,25,0.05,0,1,False,True,0.0,1.0,660.3268463134766
2024-12-14 03:00:00,25,0.05,0,2,False,True,0.0,1.0,676.0975921630859
2024-12-14 04:00:00,25,0.05,0,1,False,True,0.0,1.0,714.2898132324219
2024-12-14 05:00:00,25,0.05,0,1,False,True,0.0,1.0,769.3208038330079
2024-12-14 06:00:00,25,0.05,0,2,False,True,0.0,1.0,724.0930236816406
2024-12-14 07:00:00,25,0.05,0,1,False,True,0.0,1.0,668.3692169189453
2024-12-14 08:00:00,25,0.05,0,1,False,True,0.0,1.0,613.7506042480469
2024-12-14 09:00:00,25,0.05,0,2,False,True,0.0,1.0,556.8687530517578
2024-12-14 10:00:00,25,0.05,0,2,False,True,0.0,1.0,596.5516235351563
2024-12-14 11:00:00,25,0.05,0,1,False,True,0.0,1.0,607.5176330566406
2024-12-14 12:00:00,25,0.05,0,1,False,True,0.0,1.0,754.9092834472657
2024-12-14 13:00:00,25,0.05,0,2,False,True,0.0,1.0,744.7065734863281
2024-12-14 14:00:00,25,0.05,0,2,False,True,0.0,1.0,784.2626983642579
2024-12-14 15:00:00,25,0.05,0,1,False,True,0.0,1.0,844.5996734619141
2024-12-14 16:00:00,25,0.05,0,1,False,True,0.0,1.0,902.3121887207031
2024-12-14 17:00:00,25,0.05,0,1,False,True,0.0,1.0,914.7708984375
2024-12-14 18:00:00,25,0.05,0,1,False,True,0.0,1.0,957.4170654296876
2024-12-14 19:00:00,25,0.05,0,1,False,True,0.0,1.0,940.4450103759766
2024-12-14 20:00:00,25,0.05,0,1,False,True,0.0,1.0,982.8465270996094
2024-12-14 21:00:00,25,0.05,0,1,False,True,0.0,1.0,890.7869445800782
2024-12-14 22:00:00,25,0.05,0,1,False,True,0.0,1.0,977.4196746826173
2024-12-14 23:00:00,25,0.05,0,1,False,True,0.0,1.0,930.7812316894531
2024-12-15 00:00:00,25,0.05,0,2,False,True,0.0,1.0,1025.7728576660156
2024-12-15 01:00:00,25,0.05,0,1,False,True,0.0,1.0,1120.9719970703125
2024-12-15 02:00:00,25,0.05,0,1,False,True,0.0,1.0,1104.8533325195312
2024-12-15 03:00:00,25,0.05,0,2,False,True,0.0,1.0,1094.0337341308593
2024-12-15 04:00:00,25,0.05,0,1,False,True,0.0,1.0,1092.0482238769532
2024-12-15 05:00:00,25,0.05,0,1,False,True,0.0,1.0,1098.8142395019531
2024-12-15 06:00:00,25,0.05,0,2,False,True,0.0,1.0,1144.0234313964843
2024-12-15 07:00:00,25,0.05,0,1,False,True,0.0,1.0,1039.432763671875
2024-12-15 08:00:00,25,0.05,0,1,False,True,0.0,1.0,907.347705078125
2024-12-15 09:00:00,25,0.05,0,2,False,True,0.0,1.0,1236.1093444824219
2024-12-15 10:00:00,25,0.05,0,1,False,True,0.0,1.0,1479.4894653320312
2024-12-15 11:00:00,25,0.05,0,1,False,True,0.0,1.0,1570.7470031738283
2024-12-15 12:00:00,25,0.05,0,1,False,True,0.0,1.0,1708.9877868652345
2024-12-15 13:00:00,25,0.05,0,1,False,True,0.0,1.0,1875.438787841797
2024-12-15 14:00:00,25,0.05,0,2,False,True,0.0,1.0,2221.6097412109375
2024-12-15 15:00:00,25,0.05,0,1,False,True,0.0,1.0,2371.279431152344
2024-12-15 16:00:00,25,0.05,0,1,False,True,0.0,1.0,2465.138330078125
2024-12-15 17:00:00,25,0.05,0,1,False,True,0.0,1.0,2572.949743652344
2024-12-15 18:00:00,25,0.05,0,1,False,True,0.0,1.0,2829.9433471679686
2024-12-15 19:00:00,25,0.05,0,1,False,True,0.0,1.0,2785.403430175781
2024-12-15 20:00:00,25,0.05,0,1,False,True,0.0,1.0,2811.7549438476562
2024-12-15 21:00:00,25,0.05,0,1,False,True,0.0,1.0,2540.5322265625
2024-12-15 22:00:00,25,0.05,0,1,False,True,0.0,1.0,2710.1015014648438
2024-12-15 23:00:00,25,0.05,0,1,False,True,0.0,1.0,2676.642443847656
2024-12-16 00:00:00,25,0.05,0,1,False,True,0.0,1.0,2170.1998291015625
2024-12-16 01:00:00,25,0.05,0,1,False,True,0.0,1.0,2065.569958496094
2024-12-16 02:00:00,25,0.05,0,1,False,True,0.0,1.0,1994.9867126464844
2024-12-16 03:00:00,25,0.05,0,1,False,True,0.0,1.0,1975.6839660644532
2024-12-16 04:00:00,25,0.05,0,1,False,True,0.0,1.0,2116.2732666015627
2024-12-16 05:00:00,25,0.05,0,1,False,True,0.0,1.0,2027.3061279296876
2024-12-16 06:00:00,25,0.05,0,1,False,True,0.0,1.0,2128.890380859375
2024-12-16 07:00:00,25,0.05,0,1,False,True,0.0,1.0,1907.6141540527344
2024-12-16 08:00:00,25,0.05,0,1,False,True,0.0,1.0,2576.6325073242188
2024-12-16 09:00:00,25,0.05,0,1,False,True,0.0,1.0,2389.8067626953125
2024-12-16 10:00:00,25,0.05,0,1,False,True,0.0,1.0,2598.770495605469
2024-12-16 11:00:00,25,0.05,0,1,False,True,0.0,1.0,2692.7422119140624
2024-12-16 12:00:00,25,0.05,0,1,False,True,0.0,1.0,2016.1302795410156
2024-12-16 13:00:00,25,0.05,0,1,False,True,0.0,1.0,2038.1204528808594
2024-12-16 14:00:00,25,0.05,0,1,False,True,0.0,1.0,1908.1786193847656
2024-12-16 15:00:00,25,0.05,0,1,False,True,0.0,1.0,1782.9554504394532
2024-12-16 16:00:00,25,0.05,0,1,False,True,0.0,1.0,1700.9418395996095
2024-12-16 17:00:00,25,0.05,0,1,False,True,0.0,1.0,1723.4583862304687
2024-12-16 18:00:00,25,0.05,0,1,False,True,0.0,1.0,1792.4959228515625
2024-12-16 19:00:00,25,0.05,0,1,False,True,0.0,1.0,1881.4368225097658
2024-12-16 20:00:00,25,0.05,0,1,False,True,0.0,1.0,1839.601904296875
2024-12-16 21:00:00,25,0.05,0,1,False,True,0.0,1.0,1809.2745483398437
2024-12-16 22:00:00,25,0.05,0,1,False,True,0.0,1.0,1792.3729736328125
2024-12-16 23:00:00,25,0.05,0,2,False,True,0.0,1.0,1866.380078125
2024-12-17 00:00:00,25,0.05,0,1,False,True,0.0,1.0,1754.3554138183595
2024-12-17 01:00:00,25,0.05,0,2,False,True,0.0,1.0,1745.064892578125
2024-12-17 02:00:00,25,0.05,0,1,False,True,0.0,1.0,1726.6508850097657
2024-12-17 03:00:00,25,0.05,0,1,False,True,0.0,1.0,1845.6201599121093
2024-12-17 04:00:00,25,0.05,0,1,False,True,0.0,1.0,1867.1943725585938
2024-12-17 05:00:00,25,0.05,0,1,False,True,0.0,1.0,1853.3268005371094
2024-12-17 06:00:00,25,0.05,0,1,False,True,0.0,1.0,1768.0292663574219
2024-12-17 07:00:00,25,0.05,0,1,False,True,0.0,1.0,2075.167578125
2024-12-17 08:00:00,25,0.05,0,1,False,True,0.0,1.0,3652.2761718750003
2024-12-17 09:00:00,25,0.05,0,1,False,True,0.0,1.0,3456.632434082031
2024-12-17 10:00:00,25,0.05,0,1,False,True,0.0,1.0,3299.3703002929688
2024-12-17 11:00:00,25,0.05,0,1,False,True,0.0,1.0,2884.370263671875
2024-12-17 12:00:00,25,0.05,0,1,False,True,0.0,1.0,2626.5133422851563
2024-12-17 13:00:00,25,0.05,0,1,False,True,0.0,1.0,1951.864794921875
2024-12-17 14:00:00,25,0.05,0,1,False,True,0.0,1.0,1608.3757568359376
2024-12-17 15:00:00,25,0.05,0,1,False,True,0.0,1.0,1349.1602661132813
2024-12-17 16:00:00,25,0.05,0,1,False,True,0.0,1.0,1144.742608642578
2024-12-17 17:00:00,25,0.05,0,1,False,True,0.0,1.0,1187.492498779297
2024-12-17 18:00:00,25,0.05,0,1,False,True,0.0,1.0,1300.3463317871094
2024-12-17 19:00:00,25,0.05,0,1,False,True,0.0,1.0,1291.5124206542969
2024-12-17 20:00:00,25,0.05,0,1,False,True,0.0,1.0,1289.897265625
2024-12-17 21:00:00,25,0.05,0,2,False,True,0.0,1.0,1353.2888061523438
2024-12-17 22:00:00,25,0.05,0,1,False,True,0.0,1.0,1309.9030517578126
2024-12-17 23:00:00,25,0.05,0,1,False,True,0.0,1.0,1349.348565673828
2024-12-18 00:00:00,25,0.05,0,1,False,True,0.0,1.0,1540.941748046875
2024-12-18 01:00:00,25,0.05,0,1,False,True,0.0,1.0,1642.96044921875
2024-12-18 02:00:00,25,0.05,0,1,False,True,0.0,1.0,1691.6953063964845
2024-12-18 03:00:00,25,0.05,0,1,False,True,0.0,1.0,1744.7461059570312
2024-12-18 04:00:00,25,0.05,0,1,False,True,0.0,1.0,1764.396258544922
2024-12-18 05:00:00,25,0.05,0,1,False,True,0.0,1.0,1718.1302612304687
2024-12-18 06:00:00,25,0.05,0,2,False,True,0.0,1.0,1489.6751831054687
2024-12-18 07:00:00,25,0.05,0,1,False,True,0.0,1.0,1582.970819091797
2024-12-18 08:00:00,25,0.05,0,1,False,True,0.0,1.0,1584.0618896484375
2024-12-18 09:00:00,25,0.05,0,1,False,True,0.0,1.0,1104.4859741210937
2024-12-18 10:00:00,25,0.05,0,1,False,True,0.0,1.0,1095.8302917480469
2024-12-18 11:00:00,25,0.05,0,1,False,True,0.0,1.0,1139.6937316894532
2024-12-18 12:00:00,25,0.05,0,1,False,True,0.0,1.0,1105.3089294433594
2024-12-18 13:00:00,25,0.05,0,1,False,True,0.0,1.0,1214.7297058105469
2024-12-18 14:00:00,25,0.05,0,1,False,True,0.0,1.0,1096.5422729492188
2024-12-18 15:00:00,25,0.05,0,2,False,True,0.0,1.0,1099.079833984375
2024-12-18 16:00:00,25,0.05,0,2,False,True,0.0,1.0,1033.187811279297
2024-12-18 17:00:00,25,0.05,0,1,False,True,0.0,1.0,1052.4237121582032
2024-12-18 18:00:00,25,0.05,0,1,False,True,0.0,1.0,1072.4661193847655
2024-12-18 19:00:00,25,0.05,0,2,False,True,0.0,1.0,1066.8121459960937
2024-12-18 20:00:00,25,0.05,0,1,False,True,0.0,1.0,1070.1748168945312
2024-12-18 21:00:00,25,0.05,0,1,False,True,0.0,1.0,1051.190478515625
2024-12-18 22:00:00,25,0.05,0,2,False,True,0.0,1.0,1055.3331787109375
2024-12-18 23:00:00,25,0.05,0,1,False,True,0.0,1.0,1037.3025146484374
2024-12-19 00:00:00,25,0.05,0,1,False,True,0.0,1.0,971.6379608154297
2024-12-19 01:00:00,25,0.05,0,1,False,True,0.0,1.0,920.6045043945312
2024-12-19 02:00:00,25,0.05,0,1,False,True,0.0,1.0,953.1399169921875
2024-12-19 03:00:00,25,0.05,0,1,False,True,0.0,1.0,1061.163134765625
2024-12-19 04:00:00,25,0.05,0,1,False,True,0.0,1.0,972.5878967285156
2024-12-19 05:00:00,25,0.05,0,1,False,True,0.0,1.0,1023.5656127929688
2024-12-19 06:00:00,25,0.05,0,1,False,True,0.0,1.0,1038.6674560546876
2024-12-19 07:00:00,25,0.05,0,1,False,True,0.0,1.0,873.8000854492188
2024-12-19 08:00:00,25,0.05,0,1,False,True,0.0,1.0,849.3942962646485
2024-12-19 09:00:00,25,0.05,0,1,False,True,0.0,1.0,1040.185888671875
2024-12-19 10:00:00,25,0.05,0,2,False,True,0.0,1.0,1161.0003295898437
2024-12-19 11:00:00,25,0.05,0,1,False,True,0.0,1.0,1475.7899047851563
2024-12-19 12:00:00,25,0.05,0,1,False,True,0.0,1.0,1435.3078491210938
2024-12-19 13:00:00,25,0.05,0,1,False,True,0.0,1.0,1373.2847839355468
2024-12-19 14:00:00,25,0.05,0,1,False,True,0.0,1.0,1408.7803833007813
2024-12-19 15:00:00,25,0.05,0,2,False,True,0.0,1.0,1511.6779663085938
2024-12-19 16:00:00,25,0.05,0,1,False,True,0.0,1.0,1491.5137634277344
2024-12-19 17:00:00,25,0.05,0,1,False,True,0.0,1.0,1547.6645812988281
2024-12-19 18:00:00,25,0.05,0,1,False,True,0.0,1.0,1608.098486328125
2024-12-19 19:00:00,25,0.05,0,2,False,True,0.0,1.0,1393.856787109375
2024-12-19 20:00:00,25,0.05,0,2,False,True,0.0,1.0,1485.2926147460937
2024-12-19 21:00:00,25,0.05,0,1,False,True,0.0,1.0,1601.9991882324218
2024-12-19 22:00:00,25,0.05,0,1,False,True,0.0,1.0,1410.7446716308593
2024-12-19 23:00:00,25,0.05,0,1,False,True,0.0,1.0,1447.9374877929688
2024-12-20 00:00:00,25,0.05,0,2,False,True,0.0,1.0,1657.0447814941406
2024-12-20 01:00:00,25,0.05,0,1,False,True,0.0,1.0,1757.0725158691407
2024-12-20 02:00:00,25,0.05,0,1,False,True,0.0,1.0,1721.1561767578125
2024-12-20 03:00:00,25,0.05,0,1,False,True,0.0,1.0,1645.3783081054687
2024-12-20 04:00:00,25,0.05,0,1,False,True,0.0,1.0,1637.2875366210938
2024-12-20 05:00:00,25,0.05,0,1,False,True,0.0,1.0,1462.5690795898438
2024-12-20 06:00:00,25,0.05,0,1,False,True,0.0,1.0,1426.3890197753906
2024-12-20 07:00:00,25,0.05,0,1,False,True,0.0,1.0,1271.3789855957032
2024-12-20 08:00:00,25,0.05,0,1,False,True,0.0,1.0,1658.0242004394531
2024-12-20 09:00:00,25,0.05,0,2,False,True,0.0,1.0,1898.0476867675782
2024-12-20 10:00:00,25,0.05,0,1,False,True,0.0,1.0,1545.77783203125
2024-12-20 11:00:00,25,0.05,0,1,False,True,0.0,1.0,1468.8246704101564
2024-12-20 12:00:00,25,0.05,0,1,False,True,0.0,1.0,1474.0327209472657
2024-12-20 13:00:00,25,0.05,0,1,False,True,0.0,1.0,1668.9211975097658
2024-12-20 14:00:00,25,0.05,0,1,False,True,0.0,1.0,1379.642236328125
2024-12-20 15:00:00,25,0.05,0,1,False,True,0.0,1.0,1102.1565551757812
2024-12-20 16:00:00,25,0.05,0,1,False,True,0.0,1.0,1073.4100952148438
2024-12-20 17:00:00,25,0.05,0,1,False,True,0.0,1.0,1091.9486145019532
2024-12-20 18:00:00,25,0.05,0,1,False,True,0.0,1.0,1065.25625
2024-12-20 19:00:00,25,0.05,0,1,False,True,0.0,1.0,1054.4593750000001
2024-12-20 20:00:00,25,0.05,0,2,False,True,0.0,1.0,1035.0013427734375
2024-12-20 21:00:00,25,0.05,0,1,False,True,0.0,1.0,1058.9140625
2024-12-20 22:00:00,25,0.05,0,1,False,True,0.0,1.0,954.9822387695312
2024-12-20 23:00:00,25,0.05,0,1,False,True,0.0,1.0,1030.4635162353516
2024-12-21 00:00:00,25,0.05,0,2,False,True,0.0,1.0,1044.9683959960937
2024-12-21 01:00:00,25,0.05,0,1,False,True,0.0,1.0,935.2246063232423
2024-12-21 02:00:00,25,0.05,0,1,False,True,0.0,1.0,930.5781036376953
2024-12-21 03:00:00,25,0.05,0,2,False,True,0.0,1.0,919.9926025390625
2024-12-21 04:00:00,25,0.05,0,1,False,True,0.0,1.0,918.7229278564453
2024-12-21 05:00:00,25,0.05,0,2,False,True,0.0,1.0,938.7516632080078
2024-12-21 06:00:00,25,0.05,0,2,False,True,0.0,1.0,893.0791381835937
2024-12-21 07:00:00,25,0.05,0,1,False,True,0.0,1.0,1099.3206665039063
2024-12-21 08:00:00,25,0.05,0,1,False,True,0.0,1.0,1298.0632263183593
2024-12-21 09:00:00,25,0.05,0,1,False,True,0.0,1.0,1592.8510620117188
2024-12-21 10:00:00,25,0.05,0,1,False,True,0.0,1.0,1547.0739135742188
2024-12-21 11:00:00,25,0.05,0,1,False,True,0.0,1.0,1573.8156372070314
2024-12-21 12:00:00,25,0.05,0,1,False,True,0.0,1.0,1467.3782897949218
2024-12-21 13:00:00,25,0.05,0,2,False,True,0.0,1.0,1375.6266357421875
2024-12-21 14:00:00,25,0.05,0,1,False,True,0.0,1.0,1351.4763061523438
2024-12-21 15:00:00,25,0.05,0,2,False,True,0.0,1.0,1339.6266723632812
2024-12-21 16:00:00,25,0.05,0,1,False,True,0.0,1.0,1418.420068359375
2024-12-21 17:00:00,25,0.05,0,1,False,True,0.0,1.0,1387.226318359375
2024-12-21 18:00:00,25,0.05,0,1,False,True,0.0,1.0,1395.9303344726563
2024-12-21 19:00:00,25,0.05,0,1,False,True,0.0,1.0,1460.685791015625
2024-12-21 20:00:00,25,0.05,0,1,False,True,0.0,1.0,1497.3670654296875
2024-12-21 21:00:00,25,0.05,0,1,False,True,0.0,1.0,1544.062274169922
2024-12-21 22:00:00,25,0.05,0,1,False,True,0.0,1.0,1405.1097473144532
2024-12-21 23:00:00,25,0.05,0,1,False,True,0.0,1.0,1350.8207214355468
2024-12-22 00:00:00,25,0.05,0,1,False,True,0.0,1.0,1453.2350646972657
2024-12-22 01:00:00,25,0.05,0,1,False,True,0.0,1.0,1416.582830810547
2024-12-22 02:00:00,25,0.05,0,1,False,True,0.0,1.0,1445.592303466797
2024-12-22 03:00:00,25,0.05,0,1,False,True,0.0,1.0,1384.9347595214845
2024-12-22 04:00:00,25,0.05,0,1,False,True,0.0,1.0,1317.9108215332033
2024-12-22 05:00:00,25,0.05,0,1,False,True,0.0,1.0,1397.2806213378906
2024-12-22 06:00:00,25,0.05,0,1,False,True,0.0,1.0,1396.2325927734375
2024-12-22 07:00:00,25,0.05,0,1,False,True,0.0,1.0,1123.3250427246094
2024-12-22 08:00:00,25,0.05,0,1,False,True,0.0,1.0,960.4430053710937
2024-12-22 09:00:00,25,0.05,0,1,False,True,0.0,1.0,877.5519958496094
2024-12-22 10:00:00,25,0.05,0,2,False,True,0.0,1.0,914.4959442138672
2024-12-22 11:00:00,25,0.05,0,1,False,True,0.0,1.0,1035.35712890625
2024-12-22 12:00:00,25,0.05,0,1,False,True,0.0,1.0,1148.233447265625
2024-12-22 13:00:00,25,0.05,0,1,False,True,0.0,1.0,1238.0844116210938
2024-12-22 14:00:00,25,0.05,0,2,False,True,0.0,1.0,1297.099951171875
2024-12-22 15:00:00,25,0.05,0,2,False,True,0.0,1.0,1246.6086730957031
2024-12-22 16:00:00,25,0.05,0,1,False,True,0.0,1.0,1430.9211669921874
2024-12-22 17:00:00,25,0.05,0,1,False,True,0.0,1.0,1420.7538024902344
2024-12-22 18:00:00,25,0.05,0,1,False,True,0.0,1.0,1396.7749816894532
2024-12-22 19:00:00,25,0.05,0,1,False,True,0.0,1.0,1395.5000854492187
2024-12-22 20:00:00,25,0.05,0,1,False,True,0.0,1.0,1360.442852783203
2024-12-22 21:00:00,25,0.05,0,1,False,True,0.0,1.0,1371.6971374511718
2024-12-22 22:00:00,25,0.05,0,1,False,True,0.0,1.0,1336.3103393554688
2024-12-22 23:00:00,25,0.05,0,1,False,True,0.0,1.0,1329.7741760253907
2024-12-23 00:00:00,25,0.05,0,2,False,True,0.0,1.0,1266.1332214355468
2024-12-23 01:00:00,25,0.05,0,2,False,True,0.0,1.0,1244.3854736328126
2024-12-23 02:00:00,25,0.05,0,1,False,True,0.0,1.0,1239.5339050292969
2024-12-23 03:00:00,25,0.05,0,1,False,True,0.0,1.0,1243.7530944824218
2024-12-23 04:00:00,25,0.05,0,1,False,True,0.0,1.0,1170.7014892578125
2024-12-23 05:00:00,25,0.05,0,1,False,True,0.0,1.0,1270.9515075683594
2024-12-23 06:00:00,25,0.05,0,2,False,True,0.0,1.0,1255.8704223632812
2024-12-23 07:00:00,25,0.05,0,2,False,True,0.0,1.0,1168.621875
2024-12-23 08:00:00,25,0.05,0,1,False,True,0.0,1.0,1688.1383911132814
2024-12-23 09:00:00,25,0.05,0,1,False,True,0.0,1.0,2357.7214843750003
2024-12-23 10:00:00,25,0.05,0,1,False,True,0.0,1.0,2423.5580322265623
2024-12-23 11:00:00,25,0.05,0,1,False,True,0.0,1.0,1940.7658935546874
2024-12-23 12:00:00,25,0.05,0,2,False,True,0.0,1.0,1818.9507629394532
2024-12-23 13:00:00,25,0.05,0,1,False,True,0.0,1.0,1467.8735412597657
2024-12-23 14:00:00,25,0.05,0,2,False,True,0.0,1.0,1287.3578308105468
2024-12-23 15:00:00,25,0.05,0,1,False,True,0.0,1.0,1278.365380859375
2024-12-23 16:00:00,25,0.05,0,1,False,True,0.0,1.0,1286.2467468261718
2024-12-23 17:00:00,25,0.05,0,1,False,True,0.0,1.0,1273.4379516601562
2024-12-23 18:00:00,25,0.05,0,1,False,True,0.0,1.0,1317.7479309082032
2024-12-23 19:00:00,25,0.05,0,2,False,True,0.0,1.0,1295.3603210449219
2024-12-23 20:00:00,25,0.05,0,1,False,True,0.0,1.0,1330.1778137207032
2024-12-23 21:00:00,25,0.05,0,1,False,True,0.0,1.0,1341.3593322753907
2024-12-23 22:00:00,25,0.05,0,2,False,True,0.0,1.0,1332.7864196777343
2024-12-23 23:00:00,25,0.05,0,1,False,True,0.0,1.0,1249.8941772460937
2024-12-24 00:00:00,25,0.05,0,1,False,True,0.0,1.0,1332.7259460449218
2024-12-24 01:00:00,25,0.05,0,1,False,True,0.0,1.0,1299.1528625488281
2024-12-24 02:00:00,25,0.05,0,1,False,True,0.0,1.0,1335.0569885253906
2024-12-24 03:00:00,25,0.05,0,1,False,True,0.0,1.0,1357.0964782714843
2024-12-24 04:00:00,25,0.05,0,1,False,True,0.0,1.0,1291.2693359375
2024-12-24 05:00:00,25,0.05,0,1,False,True,0.0,1.0,1414.048321533203
2024-12-24 06:00:00,25,0.05,0,1,False,True,0.0,1.0,1297.8376525878907
2024-12-24 07:00:00,25,0.05,0,1,False,True,0.0,1.0,1289.2466613769532
2024-12-24 08:00:00,25,0.05,0,2,False,True,0.0,1.0,1295.4239379882813
2024-12-24 09:00:00,25,0.05,0,1,False,True,0.0,1.0,1623.7103149414063
2024-12-24 10:00:00,25,0.05,0,1,False,True,0.0,1.0,2333.473669433594
2024-12-24 11:00:00,25,0.05,0,1,False,True,0.0,1.0,2842.0307006835938
2024-12-24 12:00:00,25,0.05,0,1,False,True,0.0,1.0,2917.2326904296874
2024-12-24 13:00:00,25,0.05,0,1,False,True,0.0,1.0,3062.0608154296874
2024-12-24 14:00:00,25,0.05,0,1,False,True,0.0,1.0,3030.7444091796874
2024-12-24 15:00:00,25,0.05,0,1,False,True,0.0,1.0,3096.160437011719
2024-12-24 16:00:00,25,0.05,0,1,False,True,0.0,1.0,2981.2324951171877
2024-12-24 17:00:00,25,0.05,0,1,False,True,0.0,1.0,2955.722900390625
2024-12-24 18:00:00,25,0.05,0,2,False,True,0.0,1.0,2605.16416015625
2024-12-24 19:00:00,25,0.05,0,1,False,True,0.0,1.0,2434.32119140625
2024-12-24 20:00:00,25,0.05,0,1,False,True,0.0,1.0,2515.960339355469
2024-12-24 21:00:00,25,0.05,0,1,False,True,0.0,1.0,2507.3123046875003
2024-12-24 22:00:00,25,0.05,0,1,False,True,0.0,1.0,2531.2005004882812
2024-12-24 23:00:00,25,0.05,0,1,False,True,0.0,1.0,2437.533410644531
2024-12-25 00:00:00,25,0.05,0,1,False,True,0.0,1.0,2673.855090332031
2024-12-25 01:00:00,25,0.05,0,1,False,True,0.0,1.0,2648.3159790039062
2024-12-25 02:00:00,25,0.05,0,1,False,True,0.0,1.0,2613.2892211914063
2024-12-25 03:00:00,25,0.05,0,2,False,True,0.0,1.0,2569.183984375
2024-12-25 04:00:00,25,0.05,0,1,False,True,0.0,1.0,2637.2211669921876
2024-12-25 05:00:00,25,0.05,0,1,False,True,0.0,1.0,2779.3469360351564
2024-12-25 06:00:00,25,0.05,0,1,False,True,0.0,1.0,2849.8450805664065
2024-12-25 07:00:00,25,0.05,0,1,False,True,0.0,1.0,3078.659875488281
2024-12-25 08:00:00,25,0.05,0,1,False,True,0.0,1.0,3108.5913208007814
2024-12-25 09:00:00,25,0.05,0,2,False,True,0.0,1.0,2439.589404296875
2024-12-25 10:00:00,25,0.05,0,1,False,True,0.0,1.0,2857.4082641601562
2024-12-25 11:00:00,25,0.05,0,1,False,True,0.0,1.0,2600.4044799804688
2024-12-25 12:00:00,25,0.05,0,1,False,True,0.0,1.0,2447.1240112304686
2024-12-25 13:00:00,25,0.05,0,1,False,True,0.0,1.0,1983.0961120605468
2024-12-25 14:00:00,25,0.05,0,1,False,True,0.0,1.0,1980.4428649902345
2024-12-25 15:00:00,25,0.05,0,1,False,True,0.0,1.0,1659.6212890625
2024-12-25 16:00:00,25,0.05,0,1,False,True,0.0,1.0,1591.0072265625001
2024-12-25 17:00:00,25,0.05,0,1,False,True,0.0,1.0,1583.3741882324218
2024-12-25 18:00:00,25,0.05,0,1,False,True,0.0,1.0,1562.6451843261718
2024-12-25 19:00:00,25,0.05,0,1,False,True,0.0,1.0,1604.1729797363282
2024-12-25 20:00:00,25,0.05,0,2,False,True,0.0,1.0,1596.5760498046875
2024-12-25 21:00:00,25,0.05,0,1,False,True,0.0,1.0,1553.1705505371094
2024-12-25 22:00:00,25,0.05,0,2,False,True,0.0,1.0,1599.6257446289062
2024-12-25 23:00:00,25,0.05,0,1,False,True,0.0,1.0,1535.665643310547
2024-12-26 00:00:00,25,0.05,0,2,False,True,0.0,1.0,1613.134503173828
2024-12-26 01:00:00,25,0.05,0,1,False,True,0.0,1.0,1570.417462158203
2024-12-26 02:00:00,25,0.05,0,1,False,True,0.0,1.0,1719.7336120605469
2024-12-26 03:00:00,25,0.05,0,1,False,True,0.0,1.0,1635.0392944335938
2024-12-26 04:00:00,25,0.05,0,1,False,True,0.0,1.0,1578.1203063964845
2024-12-26 05:00:00,25,0.05,0,1,False,True,0.0,1.0,1787.6108276367188
2024-12-26 06:00:00,25,0.05,0,1,False,True,0.0,1.0,1862.5814331054687
2024-12-26 07:00:00,25,0.05,0,1,False,True,0.0,1.0,1949.56796875
2024-12-26 08:00:00,25,0.05,0,2,False,True,0.0,1.0,1589.227899169922
2024-12-26 09:00:00,25,0.05,0,1,False,True,0.0,1.0,1854.0494812011718
2024-12-26 10:00:00,25,0.05,0,1,False,True,0.0,1.0,2305.6695556640625
2024-12-26 11:00:00,25,0.05,0,1,False,True,0.0,1.0,2239.5212890625003
2024-12-26 12:00:00,25,0.05,0,1,False,True,0.0,1.0,1742.3248962402345
2024-12-26 13:00:00,25,0.05,0,1,False,True,0.0,1.0,1571.6987670898438
2024-12-26 14:00:00,25,0.05,0,1,False,True,0.0,1.0,1524.3267944335937
2024-12-26 15:00:00,25,0.05,0,1,False,True,0.0,1.0,1444.5836303710937
2024-12-26 16:00:00,25,0.05,0,1,False,True,0.0,1.0,1394.0157897949218
2024-12-26 17:00:00,25,0.05,0,2,False,True,0.0,1.0,1527.1166870117188
2024-12-26 18:00:00,25,0.05,0,1,False,True,0.0,1.0,1469.451971435547
2024-12-26 19:00:00,25,0.05,0,2,False,True,0.0,1.0,1539.0198364257812
2024-12-26 20:00:00,25,0.05,0,1,False,True,0.0,1.0,1493.927392578125
2024-12-26 21:00:00,25,0.05,0,1,False,True,0.0,1.0,1424.174139404297
2024-12-26 22:00:00,25,0.05,0,1,False,True,0.0,1.0,1385.281884765625
2024-12-26 23:00:00,25,0.05,0,2,False,True,0.0,1.0,1447.481512451172
2024-12-27 00:00:00,25,0.05,0,1,False,True,0.0,1.0,1623.8419982910157
2024-12-27 01:00:00,25,0.05,0,1,False,True,0.0,1.0,1670.58505859375
2024-12-27 02:00:00,25,0.05,0,1,False,True,0.0,1.0,1758.9348388671874
2024-12-27 03:00:00,25,0.05,0,1,False,True,0.0,1.0,1714.832568359375
2024-12-27 04:00:00,25,0.05,0,1,False,True,0.0,1.0,1679.3506652832032
2024-12-27 05:00:00,25,0.05,0,1,False,True,0.0,1.0,1563.321826171875
2024-12-27 06:00:00,25,0.05,0,1,False,True,0.0,1.0,1542.9892578125
2024-12-27 07:00:00,25,0.05,0,1,False,True,0.0,1.0,1680.5791625976562
2024-12-27 08:00:00,25,0.05,0,1,False,True,0.0,1.0,1815.395928955078
2024-12-27 09:00:00,25,0.05,0,1,False,True,0.0,1.0,2033.824444580078
2024-12-27 10:00:00,25,0.05,0,2,False,True,0.0,1.0,1995.0639587402345
2024-12-27 11:00:00,25,0.05,0,1,False,True,0.0,1.0,2459.9470092773436
2024-12-27 12:00:00,25,0.05,0,1,False,True,0.0,1.0,2884.305517578125
2024-12-27 13:00:00,25,0.05,0,1,False,True,0.0,1.0,2516.084521484375
2024-12-27 14:00:00,25,0.05,0,1,False,True,0.0,1.0,2477.8143188476565
2024-12-27 15:00:00,25,0.05,0,1,False,True,0.0,1.0,2854.2906127929687
2024-12-27 16:00:00,25,0.05,0,1,False,True,0.0,1.0,2660.037243652344
2024-12-27 17:00:00,25,0.05,0,1,False,True,0.0,1.0,2602.543481445313
2024-12-27 18:00:00,25,0.05,0,2,False,True,0.0,1.0,2170.5178955078127
2024-12-27 19:00:00,25,0.05,0,1,False,True,0.0,1.0,2332.4459594726563
2024-12-27 20:00:00,25,0.05,0,1,False,True,0.0,1.0,2275.3500366210938
2024-12-27 21:00:00,25,0.05,0,1,False,True,0.0,1.0,2306.2974121093753
2024-12-27 22:00:00,25,0.05,0,3,False,True,0.0,1.0,2255.695837402344
2024-12-27 23:00:00,25,0.05,0,1,False,True,0.0,1.0,2276.68505859375
2024-12-28 00:00:00,25,0.05,0,1,False,True,0.0,1.0,2324.4848510742186
2024-12-28 01:00:00,25,0.05,0,1,False,True,0.0,1.0,2398.2477416992188
2024-12-28 02:00:00,25,0.05,0,1,False,True,0.0,1.0,2218.2877197265625
2024-12-28 03:00:00,25,0.05,0,1,False,True,0.0,1.0,2572.144458007813
2024-12-28 04:00:00,25,0.05,0,2,False,True,0.0,1.0,2850.6744262695315
2024-12-28 05:00:00,25,0.05,0,1,False,True,0.0,1.0,2597.16796875
2024-12-28 06:00:00,25,0.05,0,1,False,True,0.0,1.0,2304.258825683594
2024-12-28 07:00:00,25,0.05,0,1,False,True,0.0,1.0,2255.7632934570315
2024-12-28 08:00:00,25,0.05,0,1,False,True,0.0,1.0,2268.39033203125
2024-12-28 09:00:00,25,0.05,0,1,False,True,0.0,1.0,3139.6570434570312
2024-12-28 10:00:00,25,0.05,0,1,False,True,0.0,1.0,3276.21962890625
2024-12-28 11:00:00,25,0.05,0,1,False,True,0.0,1.0,3317.4975708007814
2024-12-28 12:00:00,25,0.05,0,1,False,True,0.0,1.0,3586.094372558594
2024-12-28 13:00:00,25,0.05,0,1,False,True,0.0,1.0,3855.526208496094
2024-12-28 14:00:00,25,0.05,1,1,True,True,1.0,1.0,4424.88427734375
2024-12-28 15:00:00,25,0.05,0,1,False,True,0.0,1.0,4869.364282226563
2024-12-28 16:00:00,25,0.05,0,2,False,True,0.0,1.0,4959.312255859375
2024-12-28 17:00:00,25,0.05,0,1,False,True,0.0,1.0,5005.645849609376
2024-12-28 18:00:00,25,0.05,0,1,False,True,0.0,1.0,4934.458544921875
2024-12-28 19:00:00,25,0.05,1,1,True,True,1.0,1.0,5147.892553710937
2024-12-28 20:00:00,25,0.05,0,2,False,True,0.0,1.0,5075.8767578125
2024-12-28 21:00:00,25,0.05,0,1,False,True,0.0,1.0,4927.481689453125
2024-12-28 22:00:00,25,0.05,0,1,False,True,0.0,1.0,4954.494775390625
2024-12-28 23:00:00,25,0.05,0,1,False,True,0.0,1.0,4736.068994140625
2024-12-29 00:00:00,25,0.05,0,1,False,True,0.0,1.0,4986.923315429688
2024-12-29 01:00:00,25,0.05,0,1,False,True,0.0,1.0,5021.977856445313
2024-12-29 02:00:00,25,0.05,0,1,False,True,0.0,1.0,4959.1812744140625
2024-12-29 03:00:00,25,0.05,1,1,True,True,1.0,1.0,5048.199145507812
2024-12-29 04:00:00,25,0.05,0,1,False,True,0.0,1.0,4767.411474609375
2024-12-29 05:00:00,25,0.05,0,1,False,True,0.0,1.0,4935.921655273438
2024-12-29 06:00:00,25,0.05,0,1,False,True,0.0,1.0,4202.378369140625
2024-12-29 07:00:00,25,0.05,0,1,False,True,0.0,1.0,4195.2274169921875
2024-12-29 08:00:00,25,0.05,0,1,False,True,0.0,1.0,4547.720361328125
2024-12-29 09:00:00,25,0.05,0,1,False,True,0.0,1.0,5810.7340087890625
2024-12-29 10:00:00,25,0.05,0,1,False,True,0.0,1.0,6581.8796875
2024-12-29 11:00:00,25,0.05,1,2,True,True,1.0,1.0,6694.30224609375
2024-12-29 12:00:00,25,0.05,0,2,False,True,0.0,1.0,5772.407250976563
2024-12-29 13:00:00,25,0.05,0,2,False,True,0.0,1.0,5508.5628662109375
2024-12-29 14:00:00,25,0.05,0,1,False,True,0.0,1.0,4603.4088134765625
2024-12-29 15:00:00,25,0.05,0,2,False,True,0.0,1.0,4392.40556640625
2024-12-29 16:00:00,25,0.05,0,1,False,True,0.0,1.0,4583.3529052734375
2024-12-29 17:00:00,25,0.05,0,1,False,True,0.0,1.0,4504.86025390625
2024-12-29 18:00:00,25,0.05,0,1,False,True,0.0,1.0,4601.014575195312
2024-12-29 19:00:00,25,0.05,0,1,False,True,0.0,1.0,4409.475634765625
2024-12-29 20:00:00,25,0.05,1,1,True,True,1.0,1.0,4069.7930908203125
2024-12-29 21:00:00,25,0.05,0,1,False,True,0.0,1.0,4353.532788085938
2024-12-29 22:00:00,25,0.05,1,2,True,True,1.0,1.0,4262.10224609375
2024-12-29 23:00:00,25,0.05,0,1,False,True,0.0,1.0,4432.576708984375
2024-12-30 00:00:00,25,0.05,0,1,False,True,0.0,1.0,4774.289135742188
2024-12-30 01:00:00,25,0.05,0,1,False,True,0.0,1.0,4660.396264648438
2024-12-30 02:00:00,25,0.05,0,1,False,True,0.0,1.0,4686.097607421875
2024-12-30 03:00:00,25,0.05,0,1,False,True,0.0,1.0,4673.447705078125
2024-12-30 04:00:00,25,0.05,0,1,False,True,0.0,1.0,4663.022778320313
2024-12-30 05:00:00,25,0.05,0,1,False,True,0.0,1.0,4722.05849609375
2024-12-30 06:00:00,25,0.05,0,1,False,True,0.0,1.0,4276.283544921875
2024-12-30 07:00:00,25,0.05,0,1,False,True,0.0,1.0,3816.6175048828127
2024-12-30 08:00:00,25,0.05,0,2,False,True,0.0,1.0,3524.8102783203126
2024-12-30 09:00:00,25,0.05,0,1,False,True,0.0,1.0,4027.1425537109376
2024-12-30 10:00:00,25,0.05,0,1,False,True,0.0,1.0,3994.2896240234377
2024-12-30 11:00:00,25,0.05,0,1,False,True,0.0,1.0,3767.6841552734377
2024-12-30 12:00:00,25,0.05,0,1,False,True,0.0,1.0,3994.2365600585936
2024-12-30 13:00:00,25,0.05,0,1,False,True,0.0,1.0,4207.719262695313
2024-12-30 14:00:00,25,0.05,0,1,False,True,0.0,1.0,4039.383203125
2024-12-30 15:00:00,25,0.05,0,1,False,True,0.0,1.0,4471.260693359375
2024-12-30 16:00:00,25,0.05,0,1,False,True,0.0,1.0,4492.093041992188
2024-12-30 17:00:00,25,0.05,0,1,False,True,0.0,1.0,4503.619409179688
2024-12-30 18:00:00,25,0.05,0,2,False,True,0.0,1.0,4599.973071289062
2024-12-30 19:00:00,25,0.05,0,1,False,True,0.0,1.0,4555.855395507812
2024-12-30 20:00:00,25,0.05,0,2,False,True,0.0,1.0,4236.14267578125
2024-12-30 21:00:00,25,0.05,0,3,False,True,0.0,1.0,4739.9666015625
2024-12-30 22:00:00,25,0.05,0,2,False,True,0.0,1.0,4383.359350585937
2024-12-30 23:00:00,25,0.05,0,1,False,True,0.0,1.0,4330.1077880859375
2024-12-31 00:00:00,25,0.05,0,1,False,True,0.0,1.0,4311.514013671875
2024-12-31 01:00:00,25,0.05,0,1,False,True,0.0,1.0,4565.947680664062
2024-12-31 02:00:00,25,0.05,0,1,False,True,0.0,1.0,4407.614501953125
2024-12-31 03:00:00,25,0.05,0,1,False,True,0.0,1.0,4290.270288085938
2024-12-31 04:00:00,25,0.05,0,1,False,True,0.0,1.0,4242.718823242188
2024-12-31 05:00:00,25,0.05,0,1,False,True,0.0,1.0,4303.658740234375
2024-12-31 06:00:00,25,0.05,0,1,False,True,0.0,1.0,3576.2436401367186
2024-12-31 07:00:00,25,0.05,0,1,False,True,0.0,1.0,3623.7587036132813
2024-12-31 08:00:00,25,0.05,0,1,False,True,0.0,1.0,4083.808068847656
2024-12-31 09:00:00,25,0.05,0,1,False,True,0.0,1.0,4477.351000976562
2024-12-31 10:00:00,25,0.05,0,1,False,True,0.0,1.0,3253.7042846679688
2024-12-31 11:00:00,25,0.05,0,1,False,True,0.0,1.0,3632.4981323242187
2024-12-31 12:00:00,25,0.05,0,2,False,True,0.0,1.0,2590.5220336914062
2024-12-31 13:00:00,25,0.05,0,1,False,True,0.0,1.0,2256.6050659179687
2024-12-31 14:00:00,25,0.05,0,1,False,True,0.0,1.0,2021.464959716797
2024-12-31 15:00:00,25,0.05,0,1,False,True,0.0,1.0,1788.2795654296876
2024-12-31 16:00:00,25,0.05,0,1,False,True,0.0,1.0,1741.4154296875
2024-12-31 17:00:00,25,0.05,0,1,False,True,0.0,1.0,1926.232049560547
2024-12-31 18:00:00,25,0.05,0,1,False,True,0.0,1.0,1973.3433410644532
2024-12-31 19:00:00,25,0.05,0,1,False,True,0.0,1.0,2120.4909912109374
2024-12-31 20:00:00,25,0.05,0,1,False,True,0.0,1.0,2155.5779296875
2024-12-31 21:00:00,25,0.05,0,1,False,True,0.0,1.0,2108.4285400390627
2024-12-31 22:00:00,25,0.05,0,1,False,True,0.0,1.0,2092.5701538085937
2024-12-31 23:00:00,25,0.05,0,1,False,True,0.0,1.0,1966.9419921875
2025-01-01 00:00:00,25,0.05,0,1,False,True,0.0,1.0,1680.29921875
2025-01-01 01:00:00,25,0.05,0,1,False,True,0.0,1.0,1778.4192504882812
2025-01-01 02:00:00,25,0.05,0,1,False,True,0.0,1.0,1667.1980285644531
2025-01-01 03:00:00,25,0.05,0,1,False,True,0.0,1.0,1612.4098571777345
2025-01-01 04:00:00,25,0.05,0,1,False,True,0.0,1.0,1673.6545227050783
2025-01-01 05:00:00,25,0.05,0,1,False,True,0.0,1.0,1729.7409240722657
2025-01-01 06:00:00,25,0.05,0,1,False,True,0.0,1.0,1636.5182861328126
2025-01-01 07:00:00,25,0.05,0,1,False,True,0.0,1.0,2331.7344970703125
2025-01-01 08:00:00,25,0.05,0,1,False,True,0.0,1.0,2021.5620422363281
2025-01-01 09:00:00,25,0.05,0,1,False,True,0.0,1.0,1740.6526794433594
2025-01-01 10:00:00,25,0.05,0,2,False,True,0.0,1.0,1730.403173828125
2025-01-01 11:00:00,25,0.05,0,1,False,True,0.0,1.0,1687.8279907226563
2025-01-01 12:00:00,25,0.05,0,2,False,True,0.0,1.0,1690.0839660644533
2025-01-01 13:00:00,25,0.05,0,1,False,True,0.0,1.0,1742.580615234375
2025-01-01 14:00:00,25,0.05,0,1,False,True,0.0,1.0,1875.0064758300782
2025-01-01 15:00:00,25,0.05,0,2,False,True,0.0,1.0,1722.6324645996094
2025-01-01 16:00:00,25,0.05,0,1,False,True,0.0,1.0,1937.5853393554687
2025-01-01 17:00:00,25,0.05,0,1,False,True,0.0,1.0,1849.9531799316408
2025-01-01 18:00:00,25,0.05,0,1,False,True,0.0,1.0,1828.582012939453
2025-01-01 19:00:00,25,0.05,0,1,False,True,0.0,1.0,1938.2614135742188
2025-01-01 20:00:00,25,0.05,0,1,False,True,0.0,1.0,1886.8827087402344
2025-01-01 21:00:00,25,0.05,0,1,False,True,0.0,1.0,1803.9631652832031
2025-01-01 22:00:00,25,0.05,0,1,False,True,0.0,1.0,1799.3543395996094
2025-01-01 23:00:00,25,0.05,0,1,False,True,0.0,1.0,1795.7641723632812
2025-01-02 00:00:00,25,0.05,0,2,False,True,0.0,1.0,1804.6715942382812
2025-01-02 01:00:00,25,0.05,0,1,False,True,0.0,1.0,1850.953466796875
2025-01-02 02:00:00,25,0.05,0,1,False,True,0.0,1.0,1789.057879638672
2025-01-02 03:00:00,25,0.05,0,1,False,True,0.0,1.0,1707.8614135742187
2025-01-02 04:00:00,25,0.05,0,1,False,True,0.0,1.0,1731.7415588378906
2025-01-02 05:00:00,25,0.05,0,1,False,True,0.0,1.0,1837.2928771972656
2025-01-02 06:00:00,25,0.05,0,1,False,True,0.0,1.0,1782.6163269042968
2025-01-02 07:00:00,25,0.05,0,1,False,True,0.0,1.0,2075.536120605469
2025-01-02 08:00:00,25,0.05,0,1,False,True,0.0,1.0,1573.8467529296877
2025-01-02 09:00:00,25,0.05,0,1,False,True,0.0,1.0,2138.5370239257813
2025-01-02 10:00:00,25,0.05,0,1,False,True,0.0,1.0,2041.2742492675782
2025-01-02 11:00:00,25,0.05,0,1,False,True,0.0,1.0,2533.6976928710938
2025-01-02 12:00:00,25,0.05,0,1,False,True,0.0,1.0,2338.2427612304687
2025-01-02 13:00:00,25,0.05,0,1,False,True,0.0,1.0,1983.2838073730468
2025-01-02 14:00:00,25,0.05,0,1,False,True,0.0,1.0,1729.021502685547
2025-01-02 15:00:00,25,0.05,0,2,False,True,0.0,1.0,1723.5224731445312
2025-01-02 16:00:00,25,0.05,0,2,False,True,0.0,1.0,1500.5912658691407
2025-01-02 17:00:00,25,0.05,0,2,False,True,0.0,1.0,1613.179180908203
2025-01-02 18:00:00,25,0.05,0,2,False,True,0.0,1.0,1277.30166015625
2025-01-02 19:00:00,25,0.05,0,1,False,True,0.0,1.0,1334.677557373047
2025-01-02 20:00:00,25,0.05,0,1,False,True,0.0,1.0,1355.5787048339844
2025-01-02 21:00:00,25,0.05,0,1,False,True,0.0,1.0,1330.3167541503906
2025-01-02 22:00:00,25,0.05,0,1,False,True,0.0,1.0,1275.7355834960938
2025-01-02 23:00:00,25,0.05,0,1,False,True,0.0,1.0,1351.7043762207031
2025-01-03 00:00:00,25,0.05,1,1,True,True,1.0,1.0,1426.3614135742187
2025-01-03 01:00:00,25,0.05,0,2,False,True,0.0,1.0,1382.411572265625
2025-01-03 02:00:00,25,0.05,0,1,False,True,0.0,1.0,1443.0332275390626
2025-01-03 03:00:00,25,0.05,0,1,False,True,0.0,1.0,1376.012469482422
2025-01-03 04:00:00,25,0.05,0,1,False,True,0.0,1.0,1582.1850830078124
2025-01-03 05:00:00,25,0.05,0,3,False,True,0.0,1.0,1497.8744689941407
2025-01-03 06:00:00,25,0.05,0,2,False,True,0.0,1.0,1545.6798461914063
2025-01-03 07:00:00,25,0.05,0,2,False,True,0.0,1.0,1395.5544494628907
2025-01-03 08:00:00,25,0.05,0,1,False,True,0.0,1.0,1528.7222778320313
2025-01-03 09:00:00,25,0.05,0,1,False,True,0.0,1.0,1724.1887268066407
2025-01-03 10:00:00,25,0.05,0,1,False,True,0.0,1.0,2264.9785034179686
2025-01-03 11:00:00,25,0.05,0,1,False,True,0.0,1.0,2339.515270996094
2025-01-03 12:00:00,25,0.05,0,1,False,True,0.0,1.0,2682.6932250976565
2025-01-03 13:00:00,25,0.05,0,1,False,True,0.0,1.0,3089.701940917969
2025-01-03 14:00:00,25,0.05,1,1,True,True,1.0,1.0,3603.7669189453127
2025-01-03 15:00:00,25,0.05,0,1,False,True,0.0,1.0,4162.583569335938
2025-01-03 16:00:00,25,0.05,0,1,False,True,0.0,1.0,3962.260791015625
2025-01-03 17:00:00,25,0.05,0,1,False,True,0.0,1.0,4266.058740234375
2025-01-03 18:00:00,25,0.05,0,1,False,True,0.0,1.0,4236.420556640625
2025-01-03 19:00:00,25,0.05,0,1,False,True,0.0,1.0,4297.30166015625
2025-01-03 20:00:00,25,0.05,1,2,True,True,1.0,1.0,4293.53544921875
2025-01-03 21:00:00,25,0.05,0,2,False,True,0.0,1.0,4268.4578125
2025-01-03 22:00:00,25,0.05,0,1,False,True,0.0,1.0,4340.6703125
2025-01-03 23:00:00,25,0.05,0,1,False,True,0.0,1.0,4438.528662109376
2025-01-04 00:00:00,25,0.05,0,2,False,True,0.0,1.0,3958.4151123046877
2025-01-04 01:00:00,25,0.05,0,1,False,True,0.0,1.0,4249.135009765625
2025-01-04 02:00:00,25,0.05,0,1,False,True,0.0,1.0,4144.776928710938
2025-01-04 03:00:00,25,0.05,0,1,False,True,0.0,1.0,4129.65810546875
2025-01-04 04:00:00,25,0.05,0,1,False,True,0.0,1.0,4152.716845703125
2025-01-04 05:00:00,25,0.05,0,1,False,True,0.0,1.0,4226.087329101562
2025-01-04 06:00:00,25,0.05,0,1,False,True,0.0,1.0,4104.65859375
2025-01-04 07:00:00,25,0.05,0,1,False,True,0.0,1.0,3634.771936035156
2025-01-04 08:00:00,25,0.05,0,1,False,True,0.0,1.0,3370.255163574219
2025-01-04 09:00:00,25,0.05,0,1,False,True,0.0,1.0,3404.4874633789063
2025-01-04 10:00:00,25,0.05,0,1,False,True,0.0,1.0,3438.4520263671875
2025-01-04 11:00:00,25,0.05,0,2,False,True,0.0,1.0,3237.6437255859373
2025-01-04 12:00:00,25,0.05,0,1,False,True,0.0,1.0,3178.1194458007812
2025-01-04 13:00:00,25,0.05,0,1,False,True,0.0,1.0,3054.8835693359374
2025-01-04 14:00:00,25,0.05,0,1,False,True,0.0,1.0,2797.8459594726564
2025-01-04 15:00:00,25,0.05,0,1,False,True,0.0,1.0,2493.7129028320314
2025-01-04 16:00:00,25,0.05,0,1,False,True,0.0,1.0,2329.1834106445312
2025-01-04 17:00:00,25,0.05,0,1,False,True,0.0,1.0,2266.7235473632813
2025-01-04 18:00:00,25,0.05,0,1,False,True,0.0,1.0,2644.7505493164062
2025-01-04 19:00:00,25,0.05,0,1,False,True,0.0,1.0,2554.331982421875
2025-01-04 20:00:00,25,0.05,0,1,False,True,0.0,1.0,2327.7444946289065
2025-01-04 21:00:00,25,0.05,0,1,False,True,0.0,1.0,2482.09208984375
2025-01-04 22:00:00,25,0.05,0,1,False,True,0.0,1.0,2693.865026855469
2025-01-04 23:00:00,25,0.05,0,1,False,True,0.0,1.0,2510.8822631835938
2025-01-05 00:00:00,25,0.05,0,1,False,True,0.0,1.0,2490.312841796875
2025-01-05 01:00:00,25,0.05,0,2,False,True,0.0,1.0,2686.7304809570314
2025-01-05 02:00:00,25,0.05,0,1,False,True,0.0,1.0,2515.423059082031
2025-01-05 03:00:00,25,0.05,0,1,False,True,0.0,1.0,2708.176953125
2025-01-05 04:00:00,25,0.05,0,1,False,True,0.0,1.0,3017.816516113281
2025-01-05 05:00:00,25,0.05,0,1,False,True,0.0,1.0,2608.337646484375
2025-01-05 06:00:00,25,0.05,0,1,False,True,0.0,1.0,2777.8215454101564
2025-01-05 07:00:00,25,0.05,0,1,False,True,0.0,1.0,3123.5555908203123
2025-01-05 08:00:00,25,0.05,0,1,False,True,0.0,1.0,3440.3133178710937
2025-01-05 09:00:00,25,0.05,0,1,False,True,0.0,1.0,3722.154992675781
2025-01-05 10:00:00,25,0.05,0,1,False,True,0.0,1.0,4577.260766601563
2025-01-05 11:00:00,25,0.05,1,1,True,True,1.0,1.0,4159.588696289063
2025-01-05 12:00:00,25,0.05,0,2,False,True,0.0,1.0,4698.116235351563
2025-01-05 13:00:00,25,0.05,0,1,False,True,0.0,1.0,3821.50830078125
2025-01-05 14:00:00,25,0.05,0,2,False,True,0.0,1.0,3710.040576171875
2025-01-05 15:00:00,25,0.05,0,1,False,True,0.0,1.0,3130.414782714844
2025-01-05 16:00:00,25,0.05,0,1,False,True,0.0,1.0,3281.020056152344
2025-01-05 17:00:00,25,0.05,0,1,False,True,0.0,1.0,3318.271691894531
2025-01-05 18:00:00,25,0.05,0,2,False,True,0.0,1.0,3263.0999755859375
2025-01-05 19:00:00,25,0.05,0,1,False,True,0.0,1.0,3224.983349609375
2025-01-05 20:00:00,25,0.05,0,1,False,True,0.0,1.0,3370.104870605469
2025-01-05 21:00:00,25,0.05,0,1,False,True,0.0,1.0,3330.2652954101563
2025-01-05 22:00:00,25,0.05,0,1,False,True,0.0,1.0,3440.0917724609376
2025-01-05 23:00:00,25,0.05,0,1,False,True,0.0,1.0,3479.04296875
2025-01-06 00:00:00,25,0.05,0,1,False,True,0.0,1.0,3358.080456542969
2025-01-06 01:00:00,25,0.05,0,1,False,True,0.0,1.0,3126.7792846679686
2025-01-06 02:00:00,25,0.05,0,1,False,True,0.0,1.0,3294.200048828125
2025-01-06 03:00:00,25,0.05,0,1,False,True,0.0,1.0,3385.7000122070312
2025-01-06 04:00:00,25,0.05,0,1,False,True,0.0,1.0,3383.3876342773438
2025-01-06 05:00:00,25,0.05,0,1,False,True,0.0,1.0,3314.8751953125
2025-01-06 06:00:00,25,0.05,0,1,False,True,0.0,1.0,2959.2498779296875
2025-01-06 07:00:00,25,0.05,0,1,False,True,0.0,1.0,3491.0156127929686
2025-01-06 08:00:00,25,0.05,0,1,False,True,0.0,1.0,5268.893286132812
2025-01-06 09:00:00,25,0.05,0,1,False,True,0.0,1.0,5522.825854492187
2025-01-06 10:00:00,25,0.05,0,2,False,True,0.0,1.0,5742.995458984376
2025-01-06 11:00:00,25,0.05,0,2,False,True,0.0,1.0,4906.583056640625
2025-01-06 12:00:00,25,0.05,0,1,False,True,0.0,1.0,4075.372265625
2025-01-06 13:00:00,25,0.05,0,1,False,True,0.0,1.0,2820.8539428710938
2025-01-06 14:00:00,25,0.05,0,2,False,True,0.0,1.0,2641.899157714844
2025-01-06 15:00:00,25,0.05,0,1,False,True,0.0,1.0,2477.410852050781
2025-01-06 16:00:00,25,0.05,0,1,False,True,0.0,1.0,2064.5366455078124
2025-01-06 17:00:00,25,0.05,0,1,False,True,0.0,1.0,2086.192724609375
2025-01-06 18:00:00,25,0.05,0,1,False,True,0.0,1.0,2372.10595703125
2025-01-06 19:00:00,25,0.05,0,1,False,True,0.0,1.0,2274.6608032226563
2025-01-06 20:00:00,25,0.05,0,1,False,True,0.0,1.0,2343.2052734375
2025-01-06 21:00:00,25,0.05,0,1,False,True,0.0,1.0,2362.8203125
2025-01-06 22:00:00,25,0.05,0,1,False,True,0.0,1.0,2361.52294921875
2025-01-06 23:00:00,25,0.05,0,1,False,True,0.0,1.0,2289.588586425781
2025-01-07 00:00:00,25,0.05,0,1,False,True,0.0,1.0,2429.3542968750003
2025-01-07 01:00:00,25,0.05,0,1,False,True,0.0,1.0,2478.2399780273436
2025-01-07 02:00:00,25,0.05,0,1,False,True,0.0,1.0,2389.0810424804686
2025-01-07 03:00:00,25,0.05,0,1,False,True,0.0,1.0,2207.339990234375
2025-01-07 04:00:00,25,0.05,0,1,False,True,0.0,1.0,2250.7403930664063
2025-01-07 05:00:00,25,0.05,0,1,False,True,0.0,1.0,2362.972155761719
2025-01-07 06:00:00,25,0.05,0,1,False,True,0.0,1.0,3039.1392089843753
2025-01-07 07:00:00,25,0.05,0,1,False,True,0.0,1.0,3342.599328613281
2025-01-07 08:00:00,25,0.05,0,2,False,True,0.0,1.0,5130.574047851563
2025-01-07 09:00:00,25,0.05,0,1,False,True,0.0,1.0,6217.876391601562
2025-01-07 10:00:00,25,0.05,1,2,True,True,1.0,1.0,6079.244213867188
2025-01-07 11:00:00,25,0.05,0,2,False,True,0.0,1.0,4535.074169921875
2025-01-07 12:00:00,25,0.05,0,1,False,True,0.0,1.0,4064.9121826171877
2025-01-07 13:00:00,25,0.05,0,1,False,True,0.0,1.0,2827.0491577148437
2025-01-07 14:00:00,25,0.05,0,1,False,True,0.0,1.0,2381.518969726563
2025-01-07 15:00:00,25,0.05,0,1,False,True,0.0,1.0,2339.4115356445313
2025-01-07 16:00:00,25,0.05,0,1,False,True,0.0,1.0,2148.673022460938
2025-01-07 17:00:00,25,0.05,0,1,False,True,0.0,1.0,2126.3588989257814
2025-01-07 18:00:00,25,0.05,0,1,False,True,0.0,1.0,2209.508642578125
2025-01-07 19:00:00,25,0.05,0,1,False,True,0.0,1.0,2330.3666259765623
2025-01-07 20:00:00,25,0.05,0,1,False,True,0.0,1.0,2288.7548706054686
2025-01-07 21:00:00,25,0.05,0,2,False,True,0.0,1.0,2220.226354980469
2025-01-07 22:00:00,25,0.05,0,2,False,True,0.0,1.0,2166.420458984375
2025-01-07 23:00:00,25,0.05,0,2,False,True,0.0,1.0,2106.12099609375
2025-01-08 00:00:00,25,0.05,1,1,True,True,1.0,1.0,2276.972265625
2025-01-08 01:00:00,25,0.05,0,2,False,True,0.0,1.0,2249.9677490234376
2025-01-08 02:00:00,25,0.05,0,1,False,True,0.0,1.0,2338.909106445313
2025-01-08 03:00:00,25,0.05,0,1,False,True,0.0,1.0,2181.3029174804688
2025-01-08 04:00:00,25,0.05,0,1,False,True,0.0,1.0,2286.6741333007812
2025-01-08 05:00:00,25,0.05,0,1,False,True,0.0,1.0,2392.2720214843753
2025-01-08 06:00:00,25,0.05,0,1,False,True,0.0,1.0,2386.8285278320313
2025-01-08 07:00:00,25,0.05,0,1,False,True,0.0,1.0,2111.63720703125
2025-01-08 08:00:00,25,0.05,0,1,False,True,0.0,1.0,1884.382391357422
2025-01-08 09:00:00,25,0.05,0,1,False,True,0.0,1.0,1533.7220031738282
2025-01-08 10:00:00,25,0.05,0,1,False,True,0.0,1.0,1309.9671203613282
2025-01-08 11:00:00,25,0.05,0,1,False,True,0.0,1.0,1711.1775512695312
2025-01-08 12:00:00,25,0.05,0,1,False,True,0.0,1.0,1948.7695617675781
2025-01-08 13:00:00,25,0.05,0,1,False,True,0.0,1.0,1511.5223205566406
2025-01-08 14:00:00,25,0.05,0,1,False,True,0.0,1.0,1347.5496215820312
2025-01-08 15:00:00,25,0.05,0,2,False,True,0.0,1.0,897.8505310058594
2025-01-08 16:00:00,25,0.05,0,2,False,True,0.0,1.0,767.9708099365234
2025-01-08 17:00:00,25,0.05,0,2,False,True,0.0,1.0,663.2687957763671
2025-01-08 18:00:00,25,0.05,0,2,False,True,0.0,1.0,695.316796875
2025-01-08 19:00:00,25,0.05,0,1,False,True,0.0,1.0,650.0835174560547
2025-01-08 20:00:00,25,0.05,0,1,False,True,0.0,1.0,741.5018951416016
2025-01-08 21:00:00,25,0.05,0,2,False,True,0.0,1.0,748.9386322021485
2025-01-08 22:00:00,25,0.05,0,1,False,True,0.0,1.0,729.6966156005859
2025-01-08 23:00:00,25,0.05,0,2,False,True,0.0,1.0,695.5825622558593
2025-01-09 00:00:00,25,0.05,0,2,False,True,0.0,1.0,788.0445220947266
2025-01-09 01:00:00,25,0.05,0,1,False,True,0.0,1.0,680.7692016601563
2025-01-09 02:00:00,25,0.05,0,2,False,True,0.0,1.0,760.113525390625
2025-01-09 03:00:00,25,0.05,0,1,False,True,0.0,1.0,738.1009796142579
2025-01-09 04:00:00,25,0.05,0,1,False,True,0.0,1.0,661.4048767089844
2025-01-09 05:00:00,25,0.05,0,1,False,True,0.0,1.0,831.4670837402344
2025-01-09 06:00:00,25,0.05,0,1,False,True,0.0,1.0,940.5693511962891
2025-01-09 07:00:00,25,0.05,0,2,False,True,0.0,1.0,773.2066162109375
2025-01-09 08:00:00,25,0.05,0,1,False,True,0.0,1.0,814.4588165283203
2025-01-09 09:00:00,25,0.05,0,2,False,True,0.0,1.0,882.0411407470704
2025-01-09 10:00:00,25,0.05,0,1,False,True,0.0,1.0,1034.3186645507812
2025-01-09 11:00:00,25,0.05,0,1,False,True,0.0,1.0,1025.8195190429688
2025-01-09 12:00:00,25,0.05,0,1,False,True,0.0,1.0,891.2603210449219
2025-01-09 13:00:00,25,0.05,0,1,False,True,0.0,1.0,718.3221160888672
2025-01-09 14:00:00,25,0.05,0,1,False,True,0.0,1.0,803.6353637695313
2025-01-09 15:00:00,25,0.05,0,2,False,True,0.0,1.0,802.7589141845704
2025-01-09 16:00:00,25,0.05,0,1,False,True,0.0,1.0,828.6646057128906
2025-01-09 17:00:00,25,0.05,0,1,False,True,0.0,1.0,767.34912109375
2025-01-09 18:00:00,25,0.05,0,1,False,True,0.0,1.0,748.5085479736329
2025-01-09 19:00:00,25,0.05,0,1,False,True,0.0,1.0,833.2617218017579
2025-01-09 20:00:00,25,0.05,0,1,False,True,0.0,1.0,841.0241577148438
2025-01-09 21:00:00,25,0.05,0,1,False,True,0.0,1.0,778.3507537841797
2025-01-09 22:00:00,25,0.05,0,1,False,True,0.0,1.0,818.3943847656251
2025-01-09 23:00:00,25,0.05,0,2,False,True,0.0,1.0,801.9473541259766
2025-01-10 00:00:00,25,0.05,0,2,False,True,0.0,1.0,799.801937866211
2025-01-10 01:00:00,25,0.05,0,2,False,True,0.0,1.0,876.3118225097656
2025-01-10 02:00:00,25,0.05,0,1,False,True,0.0,1.0,904.8374328613281
2025-01-10 03:00:00,25,0.05,0,2,False,True,0.0,1.0,761.0528015136719
2025-01-10 04:00:00,25,0.05,0,1,False,True,0.0,1.0,787.2977111816406
2025-01-10 05:00:00,25,0.05,0,1,False,True,0.0,1.0,798.7351959228516
2025-01-10 06:00:00,25,0.05,0,2,False,True,0.0,1.0,702.6794677734375
2025-01-10 07:00:00,25,0.05,0,1,False,True,0.0,1.0,548.8355529785156
2025-01-10 08:00:00,25,0.05,0,1,False,True,0.0,1.0,457.75816497802737
2025-01-10 09:00:00,25,0.05,0,2,False,True,0.0,1.0,503.0996398925781
2025-01-10 10:00:00,25,0.05,0,1,False,True,0.0,1.0,592.3544799804688
2025-01-10 11:00:00,25,0.05,0,1,False,True,0.0,1.0,603.7095245361328
2025-01-10 12:00:00,25,0.05,0,1,False,True,0.0,1.0,712.5568603515625
2025-01-10 13:00:00,25,0.05,0,1,False,True,0.0,1.0,763.4370422363281
2025-01-10 14:00:00,25,0.05,0,1,False,True,0.0,1.0,817.7044677734375
2025-01-10 15:00:00,25,0.05,0,2,False,True,0.0,1.0,761.4464172363281
2025-01-10 16:00:00,25,0.05,0,1,False,True,0.0,1.0,738.0196044921875
2025-01-10 17:00:00,25,0.05,0,1,False,True,0.0,1.0,735.11826171875
2025-01-10 18:00:00,25,0.05,0,2,False,True,0.0,1.0,935.2516723632813
2025-01-10 19:00:00,25,0.05,0,1,False,True,0.0,1.0,899.541650390625
2025-01-10 20:00:00,25,0.05,0,1,False,True,0.0,1.0,900.1372253417969
2025-01-10 21:00:00,25,0.05,0,1,False,True,0.0,1.0,961.0341888427735
2025-01-10 22:00:00,25,0.05,0,1,False,True,0.0,1.0,886.739013671875
2025-01-10 23:00:00,25,0.05,0,1,False,True,0.0,1.0,853.2767486572266
2025-01-11 00:00:00,25,0.05,0,1,False,True,0.0,1.0,810.5784088134766
2025-01-11 01:00:00,25,0.05,0,1,False,True,0.0,1.0,908.1181884765625
2025-01-11 02:00:00,25,0.05,0,2,False,True,0.0,1.0,808.8881500244141
2025-01-11 03:00:00,25,0.05,0,1,False,True,0.0,1.0,806.5455474853516
2025-01-11 04:00:00,25,0.05,0,1,False,True,0.0,1.0,884.8802276611328
2025-01-11 05:00:00,25,0.05,0,1,False,True,0.0,1.0,793.4267547607421
2025-01-11 06:00:00,25,0.05,0,1,False,True,0.0,1.0,816.1743896484375
2025-01-11 07:00:00,25,0.05,0,1,False,True,0.0,1.0,1564.7953979492188
2025-01-11 08:00:00,25,0.05,0,1,False,True,0.0,1.0,1245.2566467285155
2025-01-11 09:00:00,25,0.05,0,1,False,True,0.0,1.0,1616.3926818847656
2025-01-11 10:00:00,25,0.05,0,1,False,True,0.0,1.0,2243.952282714844
2025-01-11 11:00:00,25,0.05,0,1,False,True,0.0,1.0,2681.5953369140625
2025-01-11 12:00:00,25,0.05,0,1,False,True,0.0,1.0,3516.6965576171874
2025-01-11 13:00:00,25,0.05,0,1,False,True,0.0,1.0,3766.0299926757816
2025-01-11 14:00:00,25,0.05,0,1,False,True,0.0,1.0,4534.41064453125
2025-01-11 15:00:00,25,0.05,0,1,False,True,0.0,1.0,4789.057690429688
2025-01-11 16:00:00,25,0.05,0,1,False,True,0.0,1.0,5013.327709960938
2025-01-11 17:00:00,25,0.05,0,1,False,True,0.0,1.0,5245.6556396484375
2025-01-11 18:00:00,25,0.05,0,1,False,True,0.0,1.0,4904.6053466796875
2025-01-11 19:00:00,25,0.05,0,1,False,True,0.0,1.0,5102.028369140625
2025-01-11 20:00:00,25,0.05,0,1,False,True,0.0,1.0,5041.091259765625
2025-01-11 21:00:00,25,0.05,0,1,False,True,0.0,1.0,4804.302807617188
2025-01-11 22:00:00,25,0.05,0,2,False,True,0.0,1.0,4939.505395507813
2025-01-11 23:00:00,25,0.05,0,2,False,True,0.0,1.0,4950.17431640625
2025-01-12 00:00:00,25,0.05,0,1,False,True,0.0,1.0,5241.2523193359375
2025-01-12 01:00:00,25,0.05,0,1,False,True,0.0,1.0,4758.740380859375
2025-01-12 02:00:00,25,0.05,0,2,False,True,0.0,1.0,4951.633398437501
2025-01-12 03:00:00,25,0.05,0,1,False,True,0.0,1.0,4936.803686523438
2025-01-12 04:00:00,25,0.05,0,1,False,True,0.0,1.0,4683.340405273438
2025-01-12 05:00:00,25,0.05,1,1,True,True,1.0,1.0,4431.664721679687
2025-01-12 06:00:00,25,0.05,0,1,False,True,0.0,1.0,4270.153002929687
2025-01-12 07:00:00,25,0.05,0,1,False,True,0.0,1.0,4571.37509765625
2025-01-12 08:00:00,25,0.05,0,1,False,True,0.0,1.0,5848.260278320313
2025-01-12 09:00:00,25,0.05,0,1,False,True,0.0,1.0,6854.480712890625
2025-01-12 10:00:00,25,0.05,0,1,False,True,0.0,1.0,5881.369360351562
2025-01-12 11:00:00,25,0.05,0,2,False,True,0.0,1.0,5253.183666992188
2025-01-12 12:00:00,25,0.05,0,2,False,True,0.0,1.0,6097.897192382813
2025-01-12 13:00:00,25,0.05,0,1,False,True,0.0,1.0,6003.908935546875
2025-01-12 14:00:00,25,0.05,0,1,False,True,0.0,1.0,5903.895361328125
2025-01-12 15:00:00,25,0.05,0,1,False,True,0.0,1.0,5732.16513671875
2025-01-12 16:00:00,25,0.05,0,1,False,True,0.0,1.0,5582.267578125
2025-01-12 17:00:00,25,0.05,0,1,False,True,0.0,1.0,5792.788720703125
2025-01-12 18:00:00,25,0.05,0,1,False,True,0.0,1.0,6026.960522460938
2025-01-12 19:00:00,25,0.05,0,2,False,True,0.0,1.0,6136.158959960938
2025-01-12 20:00:00,25,0.05,0,1,False,True,0.0,1.0,5968.073706054688
2025-01-12 21:00:00,25,0.05,0,1,False,True,0.0,1.0,5696.782397460937
2025-01-12 22:00:00,25,0.05,1,1,True,True,1.0,1.0,6177.548364257813
2025-01-12 23:00:00,25,0.05,0,1,False,True,0.0,1.0,5965.031665039062
2025-01-13 00:00:00,25,0.05,0,1,False,True,0.0,1.0,6011.51240234375
2025-01-13 01:00:00,25,0.05,0,1,False,True,0.0,1.0,6006.778881835938
2025-01-13 02:00:00,25,0.05,0,1,False,True,0.0,1.0,5800.977368164063
2025-01-13 03:00:00,25,0.05,0,1,False,True,0.0,1.0,6044.262280273438
2025-01-13 04:00:00,25,0.05,0,1,False,True,0.0,1.0,6068.740942382812
2025-01-13 05:00:00,25,0.05,0,1,False,True,0.0,1.0,6084.667895507812
2025-01-13 06:00:00,25,0.05,0,1,False,True,0.0,1.0,5553.828466796876
2025-01-13 07:00:00,25,0.05,0,1,False,True,0.0,1.0,5643.992602539062
2025-01-13 08:00:00,25,0.05,0,1,False,True,0.0,1.0,7560.4647216796875
2025-01-13 09:00:00,25,0.05,0,2,False,True,0.0,1.0,8183.596337890625
2025-01-13 10:00:00,25,0.05,0,1,False,True,0.0,1.0,7972.5455322265625
2025-01-13 11:00:00,25,0.05,0,1,False,True,0.0,1.0,7394.9117431640625
2025-01-13 12:00:00,25,0.05,0,1,False,True,0.0,1.0,5900.5669921875
2025-01-13 13:00:00,25,0.05,0,2,False,True,0.0,1.0,5201.390454101563
2025-01-13 14:00:00,25,0.05,0,1,False,True,0.0,1.0,4363.436352539063
2025-01-13 15:00:00,25,0.05,0,1,False,True,0.0,1.0,3495.9453125
2025-01-13 16:00:00,25,0.05,0,1,False,True,0.0,1.0,2897.4415283203125
2025-01-13 17:00:00,25,0.05,0,1,False,True,0.0,1.0,3044.649304199219
2025-01-13 18:00:00,25,0.05,0,1,False,True,0.0,1.0,3597.389294433594
2025-01-13 19:00:00,25,0.05,0,1,False,True,0.0,1.0,3774.8659790039064
2025-01-13 20:00:00,25,0.05,0,1,False,True,0.0,1.0,3590.0930419921874
2025-01-13 21:00:00,25,0.05,0,1,False,True,0.0,1.0,3632.9030517578126
2025-01-13 22:00:00,25,0.05,0,1,False,True,0.0,1.0,3726.460729980469
2025-01-13 23:00:00,25,0.05,0,1,False,True,0.0,1.0,3677.0883911132814
2025-01-14 00:00:00,25,0.05,0,1,False,True,0.0,1.0,4039.1257080078126
2025-01-14 01:00:00,25,0.05,0,2,False,True,0.0,1.0,3862.4388793945313
2025-01-14 02:00:00,25,0.05,1,1,True,True,1.0,1.0,4092.678125
2025-01-14 03:00:00,25,0.05,0,1,False,True,0.0,1.0,3892.7533447265623
2025-01-14 04:00:00,25,0.05,0,1,False,True,0.0,1.0,4041.6274536132814
2025-01-14 05:00:00,25,0.05,0,1,False,True,0.0,1.0,3988.0194091796875
2025-01-14 06:00:00,25,0.05,0,1,False,True,0.0,1.0,4045.7843505859373
2025-01-14 07:00:00,25,0.05,0,1,False,True,0.0,1.0,4538.248852539063
2025-01-14 08:00:00,25,0.05,0,1,False,True,0.0,1.0,5649.970385742187
2025-01-14 09:00:00,25,0.05,0,1,False,True,0.0,1.0,5493.7628173828125
2025-01-14 10:00:00,25,0.05,0,1,False,True,0.0,1.0,5235.426171875
2025-01-14 11:00:00,25,0.05,0,1,False,True,0.0,1.0,4769.158544921875
2025-01-14 12:00:00,25,0.05,0,1,False,True,0.0,1.0,3822.8160766601563
2025-01-14 13:00:00,25,0.05,0,1,False,True,0.0,1.0,3149.6705322265625
2025-01-14 14:00:00,25,0.05,0,2,False,True,0.0,1.0,2385.427136230469
2025-01-14 15:00:00,25,0.05,0,1,False,True,0.0,1.0,1610.9461975097656
2025-01-14 16:00:00,25,0.05,0,1,False,True,0.0,1.0,1173.793701171875
2025-01-14 17:00:00,25,0.05,0,1,False,True,0.0,1.0,1207.836163330078
2025-01-14 18:00:00,25,0.05,0,1,False,True,0.0,1.0,1198.2078857421875
2025-01-14 19:00:00,25,0.05,0,1,False,True,0.0,1.0,1221.713201904297
2025-01-14 20:00:00,25,0.05,0,2,False,True,0.0,1.0,1321.4361145019532
2025-01-14 21:00:00,25,0.05,0,2,False,True,0.0,1.0,1293.8702453613282
2025-01-14 22:00:00,25,0.05,0,2,False,True,0.0,1.0,1218.295751953125
2025-01-14 23:00:00,25,0.05,0,1,False,True,0.0,1.0,1216.032098388672
2025-01-15 00:00:00,25,0.05,0,2,False,True,0.0,1.0,1234.8451904296876
2025-01-15 01:00:00,25,0.05,0,1,False,True,0.0,1.0,1208.0609313964844
2025-01-15 02:00:00,25,0.05,0,2,False,True,0.0,1.0,1289.844567871094
2025-01-15 03:00:00,25,0.05,0,1,False,True,0.0,1.0,1315.0785888671876
2025-01-15 04:00:00,25,0.05,0,2,False,True,0.0,1.0,1083.2021362304688
2025-01-15 05:00:00,25,0.05,0,1,False,True,0.0,1.0,1231.269873046875
2025-01-15 06:00:00,25,0.05,0,1,False,True,0.0,1.0,989.6561798095703
2025-01-15 07:00:00,25,0.05,0,2,False,True,0.0,1.0,959.0335418701172
2025-01-15 08:00:00,25,0.05,0,1,False,True,0.0,1.0,847.5765899658203
2025-01-15 09:00:00,25,0.05,0,1,False,True,0.0,1.0,912.9672210693359
2025-01-15 10:00:00,25,0.05,0,1,False,True,0.0,1.0,908.3542572021486
2025-01-15 11:00:00,25,0.05,0,1,False,True,0.0,1.0,1033.7433105468751
2025-01-15 12:00:00,25,0.05,0,1,False,True,0.0,1.0,885.9388793945312
2025-01-15 13:00:00,25,0.05,0,1,False,True,0.0,1.0,996.1912811279298
2025-01-15 14:00:00,25,0.05,0,1,False,True,0.0,1.0,1043.8581176757812
2025-01-15 15:00:00,25,0.05,0,1,False,True,0.0,1.0,1149.8931823730468
2025-01-15 16:00:00,25,0.05,0,2,False,True,0.0,1.0,1163.3434265136718
2025-01-15 17:00:00,25,0.05,0,1,False,True,0.0,1.0,1185.0955139160158
2025-01-15 18:00:00,25,0.05,0,1,False,True,0.0,1.0,1292.5918273925781
2025-01-15 19:00:00,25,0.05,0,2,False,True,0.0,1.0,1269.6392028808593
2025-01-15 20:00:00,25,0.05,0,1,False,True,0.0,1.0,1189.6844726562501
2025-01-15 21:00:00,25,0.05,0,1,False,True,0.0,1.0,1174.8100830078126
2025-01-15 22:00:00,25,0.05,0,1,False,True,0.0,1.0,1146.4062622070312
2025-01-15 23:00:00,25,0.05,0,1,False,True,0.0,1.0,1265.8393432617188
2025-01-16 00:00:00,25,0.05,0,1,False,True,0.0,1.0,1163.0351501464843
2025-01-16 01:00:00,25,0.05,0,1,False,True,0.0,1.0,1188.5987365722658
2025-01-16 02:00:00,25,0.05,0,1,False,True,0.0,1.0,1111.162127685547
2025-01-16 03:00:00,25,0.05,0,1,False,True,0.0,1.0,1100.1252563476562
2025-01-16 04:00:00,25,0.05,0,1,False,True,0.0,1.0,1204.9158264160155
2025-01-16 05:00:00,25,0.05,0,1,False,True,0.0,1.0,1157.3195373535157
2025-01-16 06:00:00,25,0.05,0,1,False,True,0.0,1.0,1002.9958038330078
2025-01-16 07:00:00,25,0.05,0,1,False,True,0.0,1.0,1029.8368408203125
2025-01-16 08:00:00,25,0.05,0,1,False,True,0.0,1.0,1392.3195312500002
2025-01-16 09:00:00,25,0.05,0,1,False,True,0.0,1.0,2212.784460449219
2025-01-16 10:00:00,25,0.05,0,1,False,True,0.0,1.0,1854.4380004882814
2025-01-16 11:00:00,25,0.05,0,1,False,True,0.0,1.0,3593.71796875
2025-01-16 12:00:00,25,0.05,0,1,False,True,0.0,1.0,3922.489636230469
2025-01-16 13:00:00,25,0.05,0,1,False,True,0.0,1.0,3548.7978271484376
2025-01-16 14:00:00,25,0.05,0,1,False,True,0.0,1.0,3391.3135620117187
2025-01-16 15:00:00,25,0.05,0,1,False,True,0.0,1.0,3353.38525390625
2025-01-16 16:00:00,25,0.05,1,1,True,True,1.0,1.0,3630.714074707031
2025-01-16 17:00:00,25,0.05,0,1,False,True,0.0,1.0,3351.4470336914064
2025-01-16 18:00:00,25,0.05,0,1,False,True,0.0,1.0,3537.066784667969
2025-01-16 19:00:00,25,0.05,0,1,False,True,0.0,1.0,3681.652685546875
2025-01-16 20:00:00,25,0.05,0,1,False,True,0.0,1.0,3513.912353515625
2025-01-16 21:00:00,25,0.05,0,1,False,True,0.0,1.0,3651.331018066406
2025-01-16 22:00:00,25,0.05,0,1,False,True,0.0,1.0,3384.1814697265627
2025-01-16 23:00:00,25,0.05,1,1,True,True,1.0,1.0,3521.6896118164063
2025-01-17 00:00:00,25,0.05,0,2,False,True,0.0,1.0,2779.3110473632814
2025-01-17 01:00:00,25,0.05,0,1,False,True,0.0,1.0,2914.45966796875
2025-01-17 02:00:00,25,0.05,0,1,False,True,0.0,1.0,2988.9991455078125
2025-01-17 03:00:00,25,0.05,0,1,False,True,0.0,1.0,2956.3429321289063
2025-01-17 04:00:00,25,0.05,0,2,False,True,0.0,1.0,2858.8312133789063
2025-01-17 05:00:00,25,0.05,0,1,False,True,0.0,1.0,3006.92236328125
2025-01-17 06:00:00,25,0.05,0,2,False,True,0.0,1.0,3112.0066040039064
2025-01-17 07:00:00,25,0.05,0,2,False,True,0.0,1.0,2903.0173828125003
2025-01-17 08:00:00,25,0.05,0,2,False,True,0.0,1.0,3698.6492553710937
2025-01-17 09:00:00,25,0.05,0,1,False,True,0.0,1.0,4191.621264648437
2025-01-17 10:00:00,25,0.05,0,1,False,True,0.0,1.0,4900.32099609375
2025-01-17 11:00:00,25,0.05,0,1,False,True,0.0,1.0,4845.812744140625
2025-01-17 12:00:00,25,0.05,0,1,False,True,0.0,1.0,3895.6101806640627
2025-01-17 13:00:00,25,0.05,0,2,False,True,0.0,1.0,3775.5074829101563
2025-01-17 14:00:00,25,0.05,0,2,False,True,0.0,1.0,3569.3463134765625
2025-01-17 15:00:00,25,0.05,0,1,False,True,0.0,1.0,3166.07802734375
2025-01-17 16:00:00,25,0.05,0,1,False,True,0.0,1.0,3340.535595703125
2025-01-17 17:00:00,25,0.05,0,1,False,True,0.0,1.0,3257.8002319335938
2025-01-17 18:00:00,25,0.05,0,1,False,True,0.0,1.0,3857.3121215820315
2025-01-17 19:00:00,25,0.05,0,1,False,True,0.0,1.0,3584.2041748046877
2025-01-17 20:00:00,25,0.05,0,1,False,True,0.0,1.0,3840.1439208984375
2025-01-17 21:00:00,25,0.05,0,1,False,True,0.0,1.0,3837.8537841796874
2025-01-17 22:00:00,25,0.05,1,1,True,True,1.0,1.0,3991.3286743164062
2025-01-17 23:00:00,25,0.05,0,1,False,True,0.0,1.0,3833.1634521484375
2025-01-18 00:00:00,25,0.05,0,1,False,True,0.0,1.0,2970.7813110351562
2025-01-18 01:00:00,25,0.05,1,1,True,True,1.0,1.0,2789.84912109375
2025-01-18 02:00:00,25,0.05,0,1,False,True,0.0,1.0,2859.6340454101564
2025-01-18 03:00:00,25,0.05,0,2,False,True,0.0,1.0,2886.42958984375
2025-01-18 04:00:00,25,0.05,0,1,False,True,0.0,1.0,3012.2916137695315
2025-01-18 05:00:00,25,0.05,0,2,False,True,0.0,1.0,2872.759558105469
2025-01-18 06:00:00,25,0.05,0,1,False,True,0.0,1.0,3058.8447021484376
2025-01-18 07:00:00,25,0.05,0,1,False,True,0.0,1.0,4183.994311523437
2025-01-18 08:00:00,25,0.05,0,1,False,True,0.0,1.0,5010.1568359375
2025-01-18 09:00:00,25,0.05,0,1,False,True,0.0,1.0,5957.356640625
2025-01-18 10:00:00,25,0.05,1,1,True,True,1.0,1.0,5877.557934570313
2025-01-18 11:00:00,25,0.05,0,1,False,True,0.0,1.0,5612.417993164063
2025-01-18 12:00:00,25,0.05,0,1,False,True,0.0,1.0,4138.6728515625
2025-01-18 13:00:00,25,0.05,0,1,False,True,0.0,1.0,3714.511889648438
2025-01-18 14:00:00,25,0.05,0,1,False,True,0.0,1.0,3633.4526123046876
2025-01-18 15:00:00,25,0.05,0,1,False,True,0.0,1.0,3644.3051147460938
2025-01-18 16:00:00,25,0.05,0,1,False,True,0.0,1.0,3722.4055786132812
2025-01-18 17:00:00,25,0.05,0,2,False,True,0.0,1.0,3796.8345825195315
2025-01-18 18:00:00,25,0.05,0,2,False,True,0.0,1.0,4445.4244384765625
2025-01-18 19:00:00,25,0.05,0,1,False,True,0.0,1.0,4528.512719726563
2025-01-18 20:00:00,25,0.05,0,1,False,True,0.0,1.0,4175.901953125
2025-01-18 21:00:00,25,0.05,0,1,False,True,0.0,1.0,4126.100073242187
2025-01-18 22:00:00,25,0.05,0,1,False,True,0.0,1.0,4300.959252929688
2025-01-18 23:00:00,25,0.05,0,1,False,True,0.0,1.0,4317.745874023438
2025-01-19 00:00:00,25,0.05,0,1,False,True,0.0,1.0,4285.55595703125
2025-01-19 01:00:00,25,0.05,0,1,False,True,0.0,1.0,4475.762963867188
2025-01-19 02:00:00,25,0.05,0,1,False,True,0.0,1.0,4333.662841796875
2025-01-19 03:00:00,25,0.05,0,1,False,True,0.0,1.0,4109.678491210938
2025-01-19 04:00:00,25,0.05,0,2,False,True,0.0,1.0,3496.0886474609374
2025-01-19 05:00:00,25,0.05,0,1,False,True,0.0,1.0,3142.4219238281253
2025-01-19 06:00:00,25,0.05,1,1,True,True,1.0,1.0,3809.078503417969
2025-01-19 07:00:00,25,0.05,0,1,False,True,0.0,1.0,2927.1587890625
2025-01-19 08:00:00,25,0.05,0,1,False,True,0.0,1.0,2764.846398925781
2025-01-19 09:00:00,25,0.05,0,1,False,True,0.0,1.0,2522.6698608398438
2025-01-19 10:00:00,25,0.05,0,2,False,True,0.0,1.0,2475.7025512695313
2025-01-19 11:00:00,25,0.05,1,1,True,True,1.0,1.0,2562.20263671875
2025-01-19 12:00:00,25,0.05,0,1,False,True,0.0,1.0,2375.2177490234376
2025-01-19 13:00:00,25,0.05,0,1,False,True,0.0,1.0,2661.207556152344
2025-01-19 14:00:00,25,0.05,0,1,False,True,0.0,1.0,2641.067175292969
2025-01-19 15:00:00,25,0.05,0,1,False,True,0.0,1.0,2691.229870605469
2025-01-19 16:00:00,25,0.05,0,1,False,True,0.0,1.0,2946.322448730469
2025-01-19 17:00:00,25,0.05,0,1,False,True,0.0,1.0,2803.564599609375
2025-01-19 18:00:00,25,0.05,0,1,False,True,0.0,1.0,2816.342626953125
2025-01-19 19:00:00,25,0.05,0,1,False,True,0.0,1.0,3014.2697021484373
2025-01-19 20:00:00,25,0.05,0,1,False,True,0.0,1.0,2832.1877685546874
2025-01-19 21:00:00,25,0.05,0,1,False,True,0.0,1.0,2683.124865722656
2025-01-19 22:00:00,25,0.05,0,1,False,True,0.0,1.0,2858.537219238281
2025-01-19 23:00:00,25,0.05,0,1,False,True,0.0,1.0,2832.2807495117186
2025-01-20 00:00:00,25,0.05,0,1,False,True,0.0,1.0,3142.8489379882812
2025-01-20 01:00:00,25,0.05,0,1,False,True,0.0,1.0,3184.8053588867188
2025-01-20 02:00:00,25,0.05,0,2,False,True,0.0,1.0,3066.1166137695313
2025-01-20 03:00:00,25,0.05,1,1,True,True,1.0,1.0,3439.570544433594
2025-01-20 04:00:00,25,0.05,0,2,False,True,0.0,1.0,3251.5898193359376
2025-01-20 05:00:00,25,0.05,0,1,False,True,0.0,1.0,3315.070947265625
2025-01-20 06:00:00,25,0.05,0,1,False,True,0.0,1.0,2941.8327880859374
2025-01-20 07:00:00,25,0.05,0,1,False,True,0.0,1.0,3308.329089355469
2025-01-20 08:00:00,25,0.05,0,1,False,True,0.0,1.0,6413.922119140625
2025-01-20 09:00:00,25,0.05,0,1,False,True,0.0,1.0,6742.295703125
2025-01-20 10:00:00,25,0.05,0,2,False,True,0.0,1.0,7157.817333984375
2025-01-20 11:00:00,25,0.05,0,2,False,True,0.0,1.0,7208.515771484375
2025-01-20 12:00:00,25,0.05,0,1,False,True,0.0,1.0,7014.135961914062
2025-01-20 13:00:00,25,0.05,0,1,False,True,0.0,1.0,6425.83984375
2025-01-20 14:00:00,25,0.05,0,1,False,True,0.0,1.0,5734.904541015625
2025-01-20 15:00:00,25,0.05,0,1,False,True,0.0,1.0,5967.67470703125
2025-01-20 16:00:00,25,0.05,0,1,False,True,0.0,1.0,6013.49912109375
2025-01-20 17:00:00,25,0.05,0,1,False,True,0.0,1.0,6155.121752929687
2025-01-20 18:00:00,25,0.05,0,2,False,True,0.0,1.0,6160.69013671875
2025-01-20 19:00:00,25,0.05,0,1,False,True,0.0,1.0,6406.64501953125
2025-01-20 20:00:00,25,0.05,1,2,True,True,1.0,1.0,6262.376220703125
2025-01-20 21:00:00,25,0.05,0,1,False,True,0.0,1.0,5863.7874755859375
2025-01-20 22:00:00,25,0.05,1,1,True,True,1.0,1.0,6254.939477539063
2025-01-20 23:00:00,25,0.05,0,2,False,True,0.0,1.0,6235.243334960937
2025-01-21 00:00:00,25,0.05,0,1,False,True,0.0,1.0,6593.044946289063
2025-01-21 01:00:00,25,0.05,0,1,False,True,0.0,1.0,6385.504809570312
2025-01-21 02:00:00,25,0.05,0,1,False,True,0.0,1.0,6350.241259765625
2025-01-21 03:00:00,25,0.05,0,1,False,True,0.0,1.0,6678.2439453125
2025-01-21 04:00:00,25,0.05,0,1,False,True,0.0,1.0,6332.866137695312
2025-01-21 05:00:00,25,0.05,0,1,False,True,0.0,1.0,6423.091723632812
2025-01-21 06:00:00,25,0.05,0,1,False,True,0.0,1.0,6016.010083007813
2025-01-21 07:00:00,25,0.05,0,1,False,True,0.0,1.0,5842.165209960937
2025-01-21 08:00:00,25,0.05,0,1,False,True,0.0,1.0,6900.212377929687
2025-01-21 09:00:00,25,0.05,0,1,False,True,0.0,1.0,7738.7623046875
2025-01-21 10:00:00,25,0.05,0,1,False,True,0.0,1.0,7567.917944335937
2025-01-21 11:00:00,25,0.05,0,1,False,True,0.0,1.0,7419.950439453125
2025-01-21 12:00:00,25,0.05,0,1,False,True,0.0,1.0,6229.916552734375
2025-01-21 13:00:00,25,0.05,0,1,False,True,0.0,1.0,5625.200952148438
2025-01-21 14:00:00,25,0.05,0,1,False,True,0.0,1.0,4717.737084960938
2025-01-21 15:00:00,25,0.05,0,1,False,True,0.0,1.0,4340.160180664063
2025-01-21 16:00:00,25,0.05,0,1,False,True,0.0,1.0,3912.1910888671873
2025-01-21 17:00:00,25,0.05,1,1,True,True,1.0,1.0,4145.829431152344
2025-01-21 18:00:00,25,0.05,0,1,False,True,0.0,1.0,4098.220263671875
2025-01-21 19:00:00,25,0.05,0,1,False,True,0.0,1.0,3871.928356933594
2025-01-21 20:00:00,25,0.05,0,1,False,True,0.0,1.0,4102.555639648438
2025-01-21 21:00:00,25,0.05,0,1,False,True,0.0,1.0,4086.8021484375
2025-01-21 22:00:00,25,0.05,0,1,False,True,0.0,1.0,4005.6912841796875
2025-01-21 23:00:00,25,0.05,0,1,False,True,0.0,1.0,4065.50048828125
2025-01-22 00:00:00,25,0.05,0,1,False,True,0.0,1.0,3647.2955932617188
2025-01-22 01:00:00,25,0.05,0,2,False,True,0.0,1.0,3941.603405761719
2025-01-22 02:00:00,25,0.05,0,1,False,True,0.0,1.0,3798.466064453125
2025-01-22 03:00:00,25,0.05,1,1,True,True,1.0,1.0,4113.309399414063
2025-01-22 04:00:00,25,0.05,0,2,False,True,0.0,1.0,3897.2888305664064
2025-01-22 05:00:00,25,0.05,0,1,False,True,0.0,1.0,4046.5478515625
2025-01-22 06:00:00,25,0.05,0,1,False,True,0.0,1.0,4028.6465454101567
2025-01-22 07:00:00,25,0.05,0,1,False,True,0.0,1.0,3813.4784790039066
2025-01-22 08:00:00,25,0.05,0,1,False,True,0.0,1.0,3323.8898803710936
2025-01-22 09:00:00,25,0.05,0,2,False,True,0.0,1.0,3790.0269409179687
2025-01-22 10:00:00,25,0.05,0,3,False,True,0.0,1.0,3988.8427978515624
2025-01-22 11:00:00,25,0.05,0,3,False,True,0.0,1.0,4174.48310546875
2025-01-22 12:00:00,25,0.05,0,1,False,True,0.0,1.0,4013.3403442382814
2025-01-22 13:00:00,25,0.05,0,1,False,True,0.0,1.0,3785.8004638671873
2025-01-22 14:00:00,25,0.05,0,1,False,True,0.0,1.0,3602.015869140625
2025-01-22 15:00:00,25,0.05,0,1,False,True,0.0,1.0,3455.8784301757814
2025-01-22 16:00:00,25,0.05,0,1,False,True,0.0,1.0,3321.8245483398437
2025-01-22 17:00:00,25,0.05,0,1,False,True,0.0,1.0,3437.1137817382814
2025-01-22 18:00:00,25,0.05,0,2,False,True,0.0,1.0,3275.3159301757814
2025-01-22 19:00:00,25,0.05,0,1,False,True,0.0,1.0,3543.6152587890624
2025-01-22 20:00:00,25,0.05,0,1,False,True,0.0,1.0,3456.111804199219
2025-01-22 21:00:00,25,0.05,0,1,False,True,0.0,1.0,3390.1254272460938
2025-01-22 22:00:00,25,0.05,0,1,False,True,0.0,1.0,3297.9954711914065
2025-01-22 23:00:00,25,0.05,0,2,False,True,0.0,1.0,3301.7754028320314
2025-01-23 00:00:00,25,0.05,0,1,False,True,0.0,1.0,2312.023779296875
2025-01-23 01:00:00,25,0.05,0,1,False,True,0.0,1.0,2504.437841796875
2025-01-23 02:00:00,25,0.05,0,1,False,True,0.0,1.0,2470.8733398437503
2025-01-23 03:00:00,25,0.05,0,1,False,True,0.0,1.0,2566.158679199219
2025-01-23 04:00:00,25,0.05,1,1,True,True,1.0,1.0,2329.87265625
2025-01-23 05:00:00,25,0.05,0,1,False,True,0.0,1.0,2581.4238891601562
2025-01-23 06:00:00,25,0.05,0,1,False,True,0.0,1.0,2480.764794921875
2025-01-23 07:00:00,25,0.05,0,1,False,True,0.0,1.0,2453.88232421875
2025-01-23 08:00:00,25,0.05,0,1,False,True,0.0,1.0,1923.0080932617188
2025-01-23 09:00:00,25,0.05,0,3,False,True,0.0,1.0,1798.6521240234374
2025-01-23 10:00:00,25,0.05,0,1,False,True,0.0,1.0,1795.3351562500002
2025-01-23 11:00:00,25,0.05,0,1,False,True,0.0,1.0,2060.0441772460936
2025-01-23 12:00:00,25,0.05,0,1,False,True,0.0,1.0,2574.338415527344
2025-01-23 13:00:00,25,0.05,0,1,False,True,0.0,1.0,2496.493542480469
2025-01-23 14:00:00,25,0.05,0,1,False,True,0.0,1.0,2670.7780151367188
2025-01-23 15:00:00,25,0.05,0,1,False,True,0.0,1.0,2717.316845703125
2025-01-23 16:00:00,25,0.05,0,1,False,True,0.0,1.0,2416.2902709960936
2025-01-23 17:00:00,25,0.05,0,1,False,True,0.0,1.0,2411.71591796875
2025-01-23 18:00:00,25,0.05,0,1,False,True,0.0,1.0,2749.4604736328124
2025-01-23 19:00:00,25,0.05,0,1,False,True,0.0,1.0,2633.185498046875
2025-01-23 20:00:00,25,0.05,0,1,False,True,0.0,1.0,2681.874157714844
2025-01-23 21:00:00,25,0.05,0,1,False,True,0.0,1.0,2368.3840576171874
2025-01-23 22:00:00,25,0.05,0,1,False,True,0.0,1.0,2551.1796752929686
2025-01-23 23:00:00,25,0.05,0,1,False,True,0.0,1.0,2530.961389160156
2025-01-24 00:00:00,25,0.05,0,1,False,True,0.0,1.0,2533.233056640625
2025-01-24 01:00:00,25,0.05,0,1,False,True,0.0,1.0,2785.4451538085937
2025-01-24 02:00:00,25,0.05,0,1,False,True,0.0,1.0,2783.7917236328126
2025-01-24 03:00:00,25,0.05,0,1,False,True,0.0,1.0,2661.3514038085937
2025-01-24 04:00:00,25,0.05,0,1,False,True,0.0,1.0,2591.7913330078127
2025-01-24 05:00:00,25,0.05,0,1,False,True,0.0,1.0,2844.732067871094
2025-01-24 06:00:00,25,0.05,0,1,False,True,0.0,1.0,2207.3747680664064
2025-01-24 07:00:00,25,0.05,0,1,False,True,0.0,1.0,2054.5342529296877
2025-01-24 08:00:00,25,0.05,0,2,False,True,0.0,1.0,2218.2265747070314
2025-01-24 09:00:00,25,0.05,0,1,False,True,0.0,1.0,2657.1906982421874
2025-01-24 10:00:00,25,0.05,0,1,False,True,0.0,1.0,3945.109814453125
2025-01-24 11:00:00,25,0.05,0,1,False,True,0.0,1.0,3411.6591064453123
2025-01-24 12:00:00,25,0.05,0,1,False,True,0.0,1.0,3562.5960205078127
2025-01-24 13:00:00,25,0.05,0,1,False,True,0.0,1.0,3312.7735595703125
2025-01-24 14:00:00,25,0.05,0,1,False,True,0.0,1.0,3370.73095703125
2025-01-24 15:00:00,25,0.05,0,1,False,True,0.0,1.0,2950.2701416015625
2025-01-24 16:00:00,25,0.05,0,1,False,True,0.0,1.0,2652.0830932617187
2025-01-24 17:00:00,25,0.05,0,1,False,True,0.0,1.0,2654.7458129882816
2025-01-24 18:00:00,25,0.05,0,1,False,True,0.0,1.0,2619.2160888671874
2025-01-24 19:00:00,25,0.05,0,1,False,True,0.0,1.0,2589.4507446289062
2025-01-24 20:00:00,25,0.05,0,1,False,True,0.0,1.0,2686.2083129882812
2025-01-24 21:00:00,25,0.05,0,1,False,True,0.0,1.0,2733.621435546875
2025-01-24 22:00:00,25,0.05,0,1,False,True,0.0,1.0,2590.196533203125
2025-01-24 23:00:00,25,0.05,0,1,False,True,0.0,1.0,2778.426123046875
2025-01-25 00:00:00,25,0.05,0,1,False,True,0.0,1.0,2481.3785400390625
2025-01-25 01:00:00,25,0.05,0,1,False,True,0.0,1.0,2448.246435546875
2025-01-25 02:00:00,25,0.05,0,1,False,True,0.0,1.0,2602.1456542968754
2025-01-25 03:00:00,25,0.05,0,1,False,True,0.0,1.0,2441.5139404296874
2025-01-25 04:00:00,25,0.05,0,1,False,True,0.0,1.0,2548.401257324219
2025-01-25 05:00:00,25,0.05,0,1,False,True,0.0,1.0,2444.7053466796874
2025-01-25 06:00:00,25,0.05,0,1,False,True,0.0,1.0,2320.8306640625
2025-01-25 07:00:00,25,0.05,0,1,False,True,0.0,1.0,2322.474658203125
2025-01-25 08:00:00,25,0.05,0,1,False,True,0.0,1.0,2699.91748046875
2025-01-25 09:00:00,25,0.05,0,1,False,True,0.0,1.0,3499.941027832031
2025-01-25 10:00:00,25,0.05,0,1,False,True,0.0,1.0,2617.2486328125
2025-01-25 11:00:00,25,0.05,0,1,False,True,0.0,1.0,2604.6494873046877
2025-01-25 12:00:00,25,0.05,0,1,False,True,0.0,1.0,1897.2465637207033
2025-01-25 13:00:00,25,0.05,0,1,False,True,0.0,1.0,1740.6327758789064
2025-01-25 14:00:00,25,0.05,0,1,False,True,0.0,1.0,1622.5947265625
2025-01-25 15:00:00,25,0.05,0,1,False,True,0.0,1.0,1298.9128295898438
2025-01-25 16:00:00,25,0.05,0,1,False,True,0.0,1.0,1128.2256774902344
2025-01-25 17:00:00,25,0.05,0,2,False,True,0.0,1.0,1129.0192749023438
2025-01-25 18:00:00,25,0.05,0,1,False,True,0.0,1.0,1013.0410369873047
2025-01-25 19:00:00,25,0.05,0,1,False,True,0.0,1.0,1057.1261657714845
2025-01-25 20:00:00,25,0.05,0,2,False,True,0.0,1.0,1007.5110015869141
2025-01-25 21:00:00,25,0.05,0,1,False,True,0.0,1.0,1079.6653564453125
2025-01-25 22:00:00,25,0.05,0,1,False,True,0.0,1.0,1086.2541931152343
2025-01-25 23:00:00,25,0.05,0,1,False,True,0.0,1.0,1029.8270874023438
2025-01-26 00:00:00,25,0.05,0,1,False,True,0.0,1.0,1155.0313049316405
2025-01-26 01:00:00,25,0.05,0,1,False,True,0.0,1.0,1191.5537353515624
2025-01-26 02:00:00,25,0.05,0,1,False,True,0.0,1.0,1213.8923828125
2025-01-26 03:00:00,25,0.05,0,1,False,True,0.0,1.0,1048.917498779297
2025-01-26 04:00:00,25,0.05,0,1,False,True,0.0,1.0,1222.1158569335937
2025-01-26 05:00:00,25,0.05,0,1,False,True,0.0,1.0,1170.567578125
2025-01-26 06:00:00,25,0.05,0,1,False,True,0.0,1.0,1058.6810424804687
2025-01-26 07:00:00,25,0.05,0,1,False,True,0.0,1.0,1397.7174011230468
2025-01-26 08:00:00,25,0.05,0,1,False,True,0.0,1.0,1513.4302307128905
2025-01-26 09:00:00,25,0.05,0,2,False,True,0.0,1.0,1598.3597839355468
2025-01-26 10:00:00,25,0.05,0,1,False,True,0.0,1.0,1647.4697326660157
2025-01-26 11:00:00,25,0.05,0,1,False,True,0.0,1.0,2033.875506591797
2025-01-26 12:00:00,25,0.05,0,1,False,True,0.0,1.0,1926.170788574219
2025-01-26 13:00:00,25,0.05,0,1,False,True,0.0,1.0,2450.5646362304688
2025-01-26 14:00:00,25,0.05,0,1,False,True,0.0,1.0,2830.5879638671877
2025-01-26 15:00:00,25,0.05,0,1,False,True,0.0,1.0,3030.9722167968753
2025-01-26 16:00:00,25,0.05,0,1,False,True,0.0,1.0,3198.4951904296877
2025-01-26 17:00:00,25,0.05,0,1,False,True,0.0,1.0,3068.2275634765624
2025-01-26 18:00:00,25,0.05,0,1,False,True,0.0,1.0,3076.751452636719
2025-01-26 19:00:00,25,0.05,0,1,False,True,0.0,1.0,2974.1103271484376
2025-01-26 20:00:00,25,0.05,0,1,False,True,0.0,1.0,2987.7203247070315
2025-01-26 21:00:00,25,0.05,0,1,False,True,0.0,1.0,3054.6716552734374
2025-01-26 22:00:00,25,0.05,0,1,False,True,0.0,1.0,2881.364428710938
2025-01-26 23:00:00,25,0.05,0,1,False,True,0.0,1.0,2535.967663574219
2025-01-27 00:00:00,25,0.05,0,1,False,True,0.0,1.0,2738.258837890625
2025-01-27 01:00:00,25,0.05,0,1,False,True,0.0,1.0,2867.8894165039064
2025-01-27 02:00:00,25,0.05,0,1,False,True,0.0,1.0,2670.6952514648438
2025-01-27 03:00:00,25,0.05,0,1,False,True,0.0,1.0,2454.2088134765627
2025-01-27 04:00:00,25,0.05,0,1,False,True,0.0,1.0,2421.1933837890624
2025-01-27 05:00:00,25,0.05,0,1,False,True,0.0,1.0,2615.137829589844
2025-01-27 06:00:00,25,0.05,0,2,False,True,0.0,1.0,2615.55166015625
2025-01-27 07:00:00,25,0.05,0,1,False,True,0.0,1.0,2173.5442504882812
2025-01-27 08:00:00,25,0.05,0,1,False,True,0.0,1.0,2015.1404235839843
2025-01-27 09:00:00,25,0.05,0,1,False,True,0.0,1.0,2227.4767456054688
2025-01-27 10:00:00,25,0.05,0,1,False,True,0.0,1.0,2442.721716308594
2025-01-27 11:00:00,25,0.05,0,1,False,True,0.0,1.0,2601.2085205078124
2025-01-27 12:00:00,25,0.05,0,1,False,True,0.0,1.0,2730.809948730469
2025-01-27 13:00:00,25,0.05,0,2,False,True,0.0,1.0,3309.139306640625
2025-01-27 14:00:00,25,0.05,0,1,False,True,0.0,1.0,4118.68623046875
2025-01-27 15:00:00,25,0.05,0,1,False,True,0.0,1.0,4721.1392822265625
2025-01-27 16:00:00,25,0.05,0,1,False,True,0.0,1.0,4362.137915039063
2025-01-27 17:00:00,25,0.05,0,1,False,True,0.0,1.0,4720.584301757813
2025-01-27 18:00:00,25,0.05,0,1,False,True,0.0,1.0,4400.887451171876
2025-01-27 19:00:00,25,0.05,0,1,False,True,0.0,1.0,4392.695239257812
2025-01-27 20:00:00,25,0.05,1,1,True,True,1.0,1.0,4359.001708984375
2025-01-27 21:00:00,25,0.05,0,1,False,True,0.0,1.0,4467.526879882813
2025-01-27 22:00:00,25,0.05,0,1,False,True,0.0,1.0,4618.336767578125
2025-01-27 23:00:00,25,0.05,1,1,True,True,1.0,1.0,4450.709741210938
2025-01-28 00:00:00,25,0.05,0,1,False,True,0.0,1.0,5026.334033203125
2025-01-28 01:00:00,25,0.05,0,1,False,True,0.0,1.0,5029.264599609375
2025-01-28 02:00:00,25,0.05,0,1,False,True,0.0,1.0,4587.80537109375
2025-01-28 03:00:00,25,0.05,0,1,False,True,0.0,1.0,4545.779614257813
2025-01-28 04:00:00,25,0.05,1,1,True,True,1.0,1.0,4704.608837890625
2025-01-28 05:00:00,25,0.05,0,1,False,True,0.0,1.0,4538.2371826171875
2025-01-28 06:00:00,25,0.05,0,1,False,True,0.0,1.0,4139.02919921875
2025-01-28 07:00:00,25,0.05,0,1,False,True,0.0,1.0,4488.176708984375
2025-01-28 08:00:00,25,0.05,0,1,False,True,0.0,1.0,6319.832788085938
2025-01-28 09:00:00,25,0.05,0,1,False,True,0.0,1.0,6186.720532226563
2025-01-28 10:00:00,25,0.05,1,1,True,True,1.0,1.0,7757.6593017578125
2025-01-28 11:00:00,25,0.05,0,1,False,True,0.0,1.0,7402.1624755859375
2025-01-28 12:00:00,25,0.05,0,1,False,True,0.0,1.0,6397.785791015625
2025-01-28 13:00:00,25,0.05,0,1,False,True,0.0,1.0,5665.025
2025-01-28 14:00:00,25,0.05,0,1,False,True,0.0,1.0,4314.415454101562
2025-01-28 15:00:00,25,0.05,0,1,False,True,0.0,1.0,4171.621655273438
2025-01-28 16:00:00,25,0.05,0,1,False,True,0.0,1.0,4024.4040161132816
2025-01-28 17:00:00,25,0.05,0,2,False,True,0.0,1.0,3958.8524780273438
2025-01-28 18:00:00,25,0.05,0,1,False,True,0.0,1.0,4295.89736328125
2025-01-28 19:00:00,25,0.05,0,1,False,True,0.0,1.0,3850.4849243164062
2025-01-28 20:00:00,25,0.05,0,1,False,True,0.0,1.0,4231.328564453125
2025-01-28 21:00:00,25,0.05,0,1,False,True,0.0,1.0,4437.06708984375
2025-01-28 22:00:00,25,0.05,0,1,False,True,0.0,1.0,4002.926513671875
2025-01-28 23:00:00,25,0.05,1,1,True,True,1.0,1.0,4035.197802734375
2025-01-29 00:00:00,25,0.05,0,1,False,True,0.0,1.0,3883.1472900390627
2025-01-29 01:00:00,25,0.05,0,1,False,True,0.0,1.0,3998.728955078125
2025-01-29 02:00:00,25,0.05,0,1,False,True,0.0,1.0,3850.1064941406253
2025-01-29 03:00:00,25,0.05,0,2,False,True,0.0,1.0,4008.8336791992188
2025-01-29 04:00:00,25,0.05,0,1,False,True,0.0,1.0,3992.462060546875
2025-01-29 05:00:00,25,0.05,0,1,False,True,0.0,1.0,4434.127124023438
2025-01-29 06:00:00,25,0.05,0,1,False,True,0.0,1.0,4131.457421875
2025-01-29 07:00:00,25,0.05,0,1,False,True,0.0,1.0,5091.5650634765625
2025-01-29 08:00:00,25,0.05,1,1,True,True,1.0,1.0,6260.661206054688
2025-01-29 09:00:00,25,0.05,0,2,False,True,0.0,1.0,7295.64951171875
2025-01-29 10:00:00,25,0.05,0,1,False,True,0.0,1.0,7879.1329345703125
2025-01-29 11:00:00,25,0.05,0,1,False,True,0.0,1.0,7861.8065185546875
2025-01-29 12:00:00,25,0.05,1,3,True,True,1.0,1.0,7873.233081054687
2025-01-29 13:00:00,25,0.05,0,1,False,True,0.0,1.0,7724.725537109375
2025-01-29 14:00:00,25,0.05,0,1,False,True,0.0,1.0,7515.426513671875
2025-01-29 15:00:00,25,0.05,0,1,False,True,0.0,1.0,7081.8900146484375
2025-01-29 16:00:00,25,0.05,0,1,False,True,0.0,1.0,7076.6121826171875
2025-01-29 17:00:00,25,0.05,1,2,True,True,1.0,1.0,7145.8465576171875
2025-01-29 18:00:00,25,0.05,0,1,False,True,0.0,1.0,6955.5615234375
2025-01-29 19:00:00,25,0.05,1,1,True,True,1.0,1.0,6969.108081054687
2025-01-29 20:00:00,25,0.05,0,1,False,True,0.0,1.0,7294.381811523438
2025-01-29 21:00:00,25,0.05,0,1,False,True,0.0,1.0,6838.72119140625
2025-01-29 22:00:00,25,0.05,1,1,True,True,1.0,1.0,7122.65224609375
2025-01-29 23:00:00,25,0.05,0,1,False,True,0.0,1.0,7152.644506835938
2025-01-30 00:00:00,25,0.05,0,2,False,True,0.0,1.0,7329.226342773438
2025-01-30 01:00:00,25,0.05,0,1,False,True,0.0,1.0,7003.7572021484375
2025-01-30 02:00:00,25,0.05,0,1,False,True,0.0,1.0,7347.879296875
2025-01-30 03:00:00,25,0.05,0,1,False,True,0.0,1.0,7684.803295898438
2025-01-30 04:00:00,25,0.05,0,1,False,True,0.0,1.0,7260.285888671875
2025-01-30 05:00:00,25,0.05,0,1,False,True,0.0,1.0,7332.459326171875
2025-01-30 06:00:00,25,0.05,0,1,False,True,0.0,1.0,6563.382348632813
2025-01-30 07:00:00,25,0.05,0,1,False,True,0.0,1.0,6705.8416748046875
2025-01-30 08:00:00,25,0.05,0,1,False,True,0.0,1.0,8160.48271484375
2025-01-30 09:00:00,25,0.05,0,1,False,True,0.0,1.0,7737.576025390625
2025-01-30 10:00:00,25,0.05,0,1,False,True,0.0,1.0,7764.931372070312
2025-01-30 11:00:00,25,0.05,0,1,False,True,0.0,1.0,7321.99794921875
2025-01-30 12:00:00,25,0.05,1,1,True,True,1.0,1.0,5495.506030273437
2025-01-30 13:00:00,25,0.05,0,1,False,True,0.0,1.0,4609.671362304687
2025-01-30 14:00:00,25,0.05,0,1,False,True,0.0,1.0,3597.287072753906
2025-01-30 15:00:00,25,0.05,0,1,False,True,0.0,1.0,2729.3899780273437
2025-01-30 16:00:00,25,0.05,0,1,False,True,0.0,1.0,2143.552697753906
2025-01-30 17:00:00,25,0.05,0,1,False,True,0.0,1.0,2124.7839233398436
2025-01-30 18:00:00,25,0.05,0,1,False,True,0.0,1.0,2553.028674316406
2025-01-30 19:00:00,25,0.05,0,1,False,True,0.0,1.0,2933.7215087890627
2025-01-30 20:00:00,25,0.05,0,1,False,True,0.0,1.0,2755.45693359375
2025-01-30 21:00:00,25,0.05,0,1,False,True,0.0,1.0,2461.752404785156
2025-01-30 22:00:00,25,0.05,0,1,False,True,0.0,1.0,2651.0056640625003
2025-01-30 23:00:00,25,0.05,0,1,False,True,0.0,1.0,2803.5775390625
2025-01-31 00:00:00,25,0.05,0,1,False,True,0.0,1.0,2657.0159179687503
2025-01-31 01:00:00,25,0.05,0,1,False,True,0.0,1.0,2707.635217285156
2025-01-31 02:00:00,25,0.05,1,1,True,True,1.0,1.0,2683.2823852539063
2025-01-31 03:00:00,25,0.05,0,2,False,True,0.0,1.0,2709.4598266601565
2025-01-31 04:00:00,25,0.05,0,1,False,True,0.0,1.0,2718.734265136719
2025-01-31 05:00:00,25,0.05,0,1,False,True,0.0,1.0,2808.7280151367186
2025-01-31 06:00:00,25,0.05,0,1,False,True,0.0,1.0,2379.869836425781
2025-01-31 07:00:00,25,0.05,0,1,False,True,0.0,1.0,2526.5846191406254
2025-01-31 08:00:00,25,0.05,0,1,False,True,0.0,1.0,2599.1796997070314
2025-01-31 09:00:00,25,0.05,0,1,False,True,0.0,1.0,2671.3235717773437
2025-01-31 10:00:00,25,0.05,0,2,False,True,0.0,1.0,3496.45390625
2025-01-31 11:00:00,25,0.05,0,1,False,True,0.0,1.0,3178.474645996094
2025-01-31 12:00:00,25,0.05,0,1,False,True,0.0,1.0,2699.7584716796873
2025-01-31 13:00:00,25,0.05,0,1,False,True,0.0,1.0,2730.170373535156
2025-01-31 14:00:00,25,0.05,0,1,False,True,0.0,1.0,2571.684497070313
2025-01-31 15:00:00,25,0.05,0,1,False,True,0.0,1.0,2256.6344360351563
2025-01-31 16:00:00,25,0.05,0,1,False,True,0.0,1.0,2055.7221435546876
2025-01-31 17:00:00,25,0.05,0,1,False,True,0.0,1.0,2200.20498046875
2025-01-31 18:00:00,25,0.05,0,1,False,True,0.0,1.0,2532.2938842773438
2025-01-31 19:00:00,25,0.05,0,1,False,True,0.0,1.0,2372.9227172851565
2025-01-31 20:00:00,25,0.05,0,1,False,True,0.0,1.0,2223.370703125
2025-01-31 21:00:00,25,0.05,0,1,False,True,0.0,1.0,2173.9977905273436
2025-01-31 22:00:00,25,0.05,0,1,False,True,0.0,1.0,2171.8851684570313
2025-01-31 23:00:00,25,0.05,0,1,False,True,0.0,1.0,2262.0126831054686
2025-02-01 00:00:00,25,0.05,0,1,False,True,0.0,1.0,2180.766015625
2025-02-01 01:00:00,25,0.05,0,1,False,True,0.0,1.0,2049.8165283203125
2025-02-01 02:00:00,25,0.05,0,1,False,True,0.0,1.0,2144.739208984375
2025-02-01 03:00:00,25,0.05,1,1,True,True,1.0,1.0,2242.089404296875
2025-02-01 04:00:00,25,0.05,0,1,False,True,0.0,1.0,1995.9961547851562
2025-02-01 05:00:00,25,0.05,0,1,False,True,0.0,1.0,2129.6344604492188
2025-02-01 06:00:00,25,0.05,0,1,False,True,0.0,1.0,2468.9099975585937
2025-02-01 07:00:00,25,0.05,0,1,False,True,0.0,1.0,2259.2568115234376
2025-02-01 08:00:00,25,0.05,0,1,False,True,0.0,1.0,4268.132861328125
2025-02-01 09:00:00,25,0.05,0,1,False,True,0.0,1.0,3721.5730102539064
2025-02-01 10:00:00,25,0.05,0,1,False,True,0.0,1.0,3348.4444946289063
2025-02-01 11:00:00,25,0.05,0,1,False,True,0.0,1.0,2891.8842651367186
2025-02-01 12:00:00,25,0.05,0,1,False,True,0.0,1.0,3308.036865234375
2025-02-01 13:00:00,25,0.05,0,1,False,True,0.0,1.0,2607.2218383789063
2025-02-01 14:00:00,25,0.05,0,1,False,True,0.0,1.0,2212.0482177734375
2025-02-01 15:00:00,25,0.05,0,1,False,True,0.0,1.0,2050.420544433594
2025-02-01 16:00:00,25,0.05,0,1,False,True,0.0,1.0,1984.95009765625
2025-02-01 17:00:00,25,0.05,0,1,False,True,0.0,1.0,1902.2847595214844
2025-02-01 18:00:00,25,0.05,0,1,False,True,0.0,1.0,1899.1945678710938
2025-02-01 19:00:00,25,0.05,0,1,False,True,0.0,1.0,1923.7735595703125
2025-02-01 20:00:00,25,0.05,0,1,False,True,0.0,1.0,1983.966571044922
2025-02-01 21:00:00,25,0.05,0,1,False,True,0.0,1.0,2138.8777587890627
2025-02-01 22:00:00,25,0.05,0,1,False,True,0.0,1.0,2179.736767578125
2025-02-01 23:00:00,25,0.05,0,1,False,True,0.0,1.0,1886.3367980957032
2025-02-02 00:00:00,25,0.05,0,1,False,True,0.0,1.0,2154.2754028320314
2025-02-02 01:00:00,25,0.05,0,1,False,True,0.0,1.0,2198.9498657226563
2025-02-02 02:00:00,25,0.05,0,1,False,True,0.0,1.0,2107.9351318359377
2025-02-02 03:00:00,25,0.05,0,1,False,True,0.0,1.0,1932.3607055664065
2025-02-02 04:00:00,25,0.05,0,1,False,True,0.0,1.0,1926.6780395507812
2025-02-02 05:00:00,25,0.05,0,1,False,True,0.0,1.0,1857.8050720214844
2025-02-02 06:00:00,25,0.05,0,2,False,True,0.0,1.0,1767.9362854003907
2025-02-02 07:00:00,25,0.05,0,1,False,True,0.0,1.0,1776.1906799316407
2025-02-02 08:00:00,25,0.05,0,1,False,True,0.0,1.0,1405.8079772949218
2025-02-02 09:00:00,25,0.05,0,1,False,True,0.0,1.0,1625.3600646972657
2025-02-02 10:00:00,25,0.05,0,1,False,True,0.0,1.0,1425.7096862792969
2025-02-02 11:00:00,25,0.05,0,2,False,True,0.0,1.0,1051.1086364746093
2025-02-02 12:00:00,25,0.05,0,2,False,True,0.0,1.0,1112.7256164550781
2025-02-02 13:00:00,25,0.05,0,1,False,True,0.0,1.0,1084.9338317871095
2025-02-02 14:00:00,25,0.05,0,1,False,True,0.0,1.0,1059.03095703125
2025-02-02 15:00:00,25,0.05,0,2,False,True,0.0,1.0,875.6611358642579
2025-02-02 16:00:00,25,0.05,0,1,False,True,0.0,1.0,805.1850006103516
2025-02-02 17:00:00,25,0.05,0,1,False,True,0.0,1.0,774.3586822509766
2025-02-02 18:00:00,25,0.05,0,1,False,True,0.0,1.0,815.3949188232422
2025-02-02 19:00:00,25,0.05,0,1,False,True,0.0,1.0,782.7220397949219
2025-02-02 20:00:00,25,0.05,0,1,False,True,0.0,1.0,820.2301544189453
2025-02-02 21:00:00,25,0.05,0,2,False,True,0.0,1.0,889.7822723388672
2025-02-02 22:00:00,25,0.05,0,1,False,True,0.0,1.0,843.7214050292969
2025-02-02 23:00:00,25,0.05,0,1,False,True,0.0,1.0,915.0208099365235
2025-02-03 00:00:00,25,0.05,0,1,False,True,0.0,1.0,874.31982421875
2025-02-03 01:00:00,25,0.05,0,1,False,True,0.0,1.0,878.1587677001953
2025-02-03 02:00:00,25,0.05,0,2,False,True,0.0,1.0,878.635873413086
2025-02-03 03:00:00,25,0.05,0,1,False,True,0.0,1.0,928.145263671875
2025-02-03 04:00:00,25,0.05,0,1,False,True,0.0,1.0,949.0549560546875
2025-02-03 05:00:00,25,0.05,0,1,False,True,0.0,1.0,910.7038848876953
2025-02-03 06:00:00,25,0.05,0,1,False,True,0.0,1.0,969.1051361083985
2025-02-03 07:00:00,25,0.05,0,1,False,True,0.0,1.0,891.6416381835937
2025-02-03 08:00:00,25,0.05,0,1,False,True,0.0,1.0,750.5292144775391
2025-02-03 09:00:00,25,0.05,0,2,False,True,0.0,1.0,768.5928497314453
2025-02-03 10:00:00,25,0.05,0,1,False,True,0.0,1.0,817.6191619873048
2025-02-03 11:00:00,25,0.05,0,1,False,True,0.0,1.0,867.0023162841796
2025-02-03 12:00:00,25,0.05,0,2,False,True,0.0,1.0,1074.409753417969
2025-02-03 13:00:00,25,0.05,0,1,False,True,0.0,1.0,1244.0582885742188
2025-02-03 14:00:00,25,0.05,0,1,False,True,0.0,1.0,1351.951611328125
2025-02-03 15:00:00,25,0.05,0,1,False,True,0.0,1.0,1443.5212463378907
2025-02-03 16:00:00,25,0.05,0,1,False,True,0.0,1.0,1636.3218566894532
2025-02-03 17:00:00,25,0.05,0,1,False,True,0.0,1.0,1720.195733642578
2025-02-03 18:00:00,25,0.05,0,1,False,True,0.0,1.0,1678.3014709472657
2025-02-03 19:00:00,25,0.05,0,1,False,True,0.0,1.0,1631.7304260253907
2025-02-03 20:00:00,25,0.05,0,1,False,True,0.0,1.0,1628.5898559570312
2025-02-03 21:00:00,25,0.05,0,2,False,True,0.0,1.0,1600.7193298339844
2025-02-03 22:00:00,25,0.05,0,1,False,True,0.0,1.0,1479.8032653808593
2025-02-03 23:00:00,25,0.05,0,1,False,True,0.0,1.0,1557.1250122070312
2025-02-04 00:00:00,25,0.05,0,2,False,True,0.0,1.0,2465.5762817382815
2025-02-04 01:00:00,25,0.05,0,2,False,True,0.0,1.0,2342.7742553710937
2025-02-04 02:00:00,25,0.05,0,1,False,True,0.0,1.0,2079.0781372070314
2025-02-04 03:00:00,25,0.05,0,1,False,True,0.0,1.0,2075.405926513672
2025-02-04 04:00:00,25,0.05,1,1,True,True,1.0,1.0,2789.9509887695312
2025-02-04 05:00:00,25,0.05,0,1,False,True,0.0,1.0,2732.9830688476563
2025-02-04 06:00:00,25,0.05,0,1,False,True,0.0,1.0,2618.37060546875
2025-02-04 07:00:00,25,0.05,0,1,False,True,0.0,1.0,2583.9497192382814
2025-02-04 08:00:00,25,0.05,0,1,False,True,0.0,1.0,3524.0971435546876
2025-02-04 09:00:00,25,0.05,0,2,False,True,0.0,1.0,3752.027880859375
2025-02-04 10:00:00,25,0.05,0,2,False,True,0.0,1.0,5323.90517578125
2025-02-04 11:00:00,25,0.05,1,1,True,True,1.0,1.0,5909.148120117187
2025-02-04 12:00:00,25,0.05,0,1,False,True,0.0,1.0,4324.562744140625
2025-02-04 13:00:00,25,0.05,0,2,False,True,0.0,1.0,3913.7458618164064
2025-02-04 14:00:00,25,0.05,0,1,False,True,0.0,1.0,3527.2696044921877
2025-02-04 15:00:00,25,0.05,0,1,False,True,0.0,1.0,2928.467529296875
2025-02-04 16:00:00,25,0.05,0,1,False,True,0.0,1.0,2731.0665649414063
2025-02-04 17:00:00,25,0.05,0,1,False,True,0.0,1.0,2700.451135253906
2025-02-04 18:00:00,25,0.05,0,2,False,True,0.0,1.0,2796.186901855469
2025-02-04 19:00:00,25,0.05,0,2,False,True,0.0,1.0,2803.8694335937503
2025-02-04 20:00:00,25,0.05,0,1,False,True,0.0,1.0,2854.362927246094
2025-02-04 21:00:00,25,0.05,0,1,False,True,0.0,1.0,2955.0083862304687
2025-02-04 22:00:00,25,0.05,0,2,False,True,0.0,1.0,2778.6050048828124
2025-02-04 23:00:00,25,0.05,0,1,False,True,0.0,1.0,2904.0283813476562
2025-02-05 00:00:00,25,0.05,0,2,False,True,0.0,1.0,4007.2073974609375
2025-02-05 01:00:00,25,0.05,0,1,False,True,0.0,1.0,3840.9839111328124
2025-02-05 02:00:00,25,0.05,0,1,False,True,0.0,1.0,3614.929833984375
2025-02-05 03:00:00,25,0.05,0,1,False,True,0.0,1.0,3702.80078125
2025-02-05 04:00:00,25,0.05,0,1,False,True,0.0,1.0,3740.7566650390627
2025-02-05 05:00:00,25,0.05,0,1,False,True,0.0,1.0,3701.8354980468753
2025-02-05 06:00:00,25,0.05,0,1,False,True,0.0,1.0,2785.115856933594
2025-02-05 07:00:00,25,0.05,0,1,False,True,0.0,1.0,2665.8394165039062
2025-02-05 08:00:00,25,0.05,0,2,False,True,0.0,1.0,3965.9850830078126
2025-02-05 09:00:00,25,0.05,0,1,False,True,0.0,1.0,4248.341625976563
2025-02-05 10:00:00,25,0.05,0,1,False,True,0.0,1.0,4294.125805664063
2025-02-05 11:00:00,25,0.05,0,1,False,True,0.0,1.0,5018.701806640625
2025-02-05 12:00:00,25,0.05,0,1,False,True,0.0,1.0,3872.907214355469
2025-02-05 13:00:00,25,0.05,0,2,False,True,0.0,1.0,3212.684704589844
2025-02-05 14:00:00,25,0.05,0,1,False,True,0.0,1.0,2248.4829711914062
2025-02-05 15:00:00,25,0.05,0,1,False,True,0.0,1.0,1892.2601989746095
2025-02-05 16:00:00,25,0.05,0,1,False,True,0.0,1.0,1746.1099731445313
2025-02-05 17:00:00,25,0.05,0,1,False,True,0.0,1.0,1728.1161071777344
2025-02-05 18:00:00,25,0.05,0,2,False,True,0.0,1.0,1752.3157531738282
2025-02-05 19:00:00,25,0.05,0,1,False,True,0.0,1.0,1671.802099609375
2025-02-05 20:00:00,25,0.05,0,1,False,True,0.0,1.0,1814.3555114746096
2025-02-05 21:00:00,25,0.05,0,1,False,True,0.0,1.0,1888.4334228515625
2025-02-05 22:00:00,25,0.05,0,2,False,True,0.0,1.0,1719.2722106933595
2025-02-05 23:00:00,25,0.05,0,2,False,True,0.0,1.0,1703.7126342773438
2025-02-06 00:00:00,25,0.05,0,1,False,True,0.0,1.0,1797.190673828125
2025-02-06 01:00:00,25,0.05,0,1,False,True,0.0,1.0,1712.3866333007813
2025-02-06 02:00:00,25,0.05,0,2,False,True,0.0,1.0,1738.6553771972656
2025-02-06 03:00:00,25,0.05,0,1,False,True,0.0,1.0,1814.2577270507813
2025-02-06 04:00:00,25,0.05,0,1,False,True,0.0,1.0,1838.9844299316405
2025-02-06 05:00:00,25,0.05,0,1,False,True,0.0,1.0,1834.4817138671876
2025-02-06 06:00:00,25,0.05,0,1,False,True,0.0,1.0,1881.141552734375
2025-02-06 07:00:00,25,0.05,0,1,False,True,0.0,1.0,1685.1755493164062
2025-02-06 08:00:00,25,0.05,0,1,False,True,0.0,1.0,1454.6293640136719
2025-02-06 09:00:00,25,0.05,0,1,False,True,0.0,1.0,1294.7990478515626
2025-02-06 10:00:00,25,0.05,0,1,False,True,0.0,1.0,1280.812341308594
2025-02-06 11:00:00,25,0.05,0,1,False,True,0.0,1.0,1224.4951965332032
2025-02-06 12:00:00,25,0.05,0,1,False,True,0.0,1.0,1535.243145751953
2025-02-06 13:00:00,25,0.05,0,1,False,True,0.0,1.0,1500.923913574219
2025-02-06 14:00:00,25,0.05,0,2,False,True,0.0,1.0,1060.0017333984374
2025-02-06 15:00:00,25,0.05,0,2,False,True,0.0,1.0,658.9254119873046
2025-02-06 16:00:00,25,0.05,0,1,False,True,0.0,1.0,647.0078857421876
2025-02-06 17:00:00,25,0.05,0,1,False,True,0.0,1.0,608.3383239746094
2025-02-06 18:00:00,25,0.05,0,1,False,True,0.0,1.0,686.2565521240234
2025-02-06 19:00:00,25,0.05,0,2,False,True,0.0,1.0,659.7656280517579
2025-02-06 20:00:00,25,0.05,0,2,False,True,0.0,1.0,703.3048126220704
2025-02-06 21:00:00,25,0.05,0,1,False,True,0.0,1.0,718.5084106445313
2025-02-06 22:00:00,25,0.05,0,3,False,True,0.0,1.0,745.8471984863281
2025-02-06 23:00:00,25,0.05,0,2,False,True,0.0,1.0,704.1854278564454
2025-02-07 00:00:00,25,0.05,0,1,False,True,0.0,1.0,697.7794555664062
2025-02-07 01:00:00,25,0.05,0,1,False,True,0.0,1.0,721.6824920654298
2025-02-07 02:00:00,25,0.05,0,1,False,True,0.0,1.0,620.7782562255859
2025-02-07 03:00:00,25,0.05,0,2,False,True,0.0,1.0,564.266650390625
2025-02-07 04:00:00,25,0.05,0,1,False,True,0.0,1.0,641.3407501220703
2025-02-07 05:00:00,25,0.05,0,1,False,True,0.0,1.0,775.8923492431641
2025-02-07 06:00:00,25,0.05,0,1,False,True,0.0,1.0,964.8819427490234
2025-02-07 07:00:00,25,0.05,0,1,False,True,0.0,1.0,886.2816833496095
2025-02-07 08:00:00,25,0.05,0,1,False,True,0.0,1.0,738.6498382568359
2025-02-07 09:00:00,25,0.05,0,1,False,True,0.0,1.0,822.0037658691406
2025-02-07 10:00:00,25,0.05,0,1,False,True,0.0,1.0,729.2083770751954
2025-02-07 11:00:00,25,0.05,0,1,False,True,0.0,1.0,883.3998291015625
2025-02-07 12:00:00,25,0.05,0,1,False,True,0.0,1.0,982.7612426757813
2025-02-07 13:00:00,25,0.05,0,1,False,True,0.0,1.0,961.3802764892579
2025-02-07 14:00:00,25,0.05,0,1,False,True,0.0,1.0,758.5789855957031
2025-02-07 15:00:00,25,0.05,0,1,False,True,0.0,1.0,776.0387969970703
2025-02-07 16:00:00,25,0.05,0,1,False,True,0.0,1.0,892.5136749267579
2025-02-07 17:00:00,25,0.05,0,2,False,True,0.0,1.0,885.5405853271484
2025-02-07 18:00:00,25,0.05,0,1,False,True,0.0,1.0,694.5934478759766
2025-02-07 19:00:00,25,0.05,0,1,False,True,0.0,1.0,694.6229400634766
2025-02-07 20:00:00,25,0.05,0,1,False,True,0.0,1.0,574.4273803710938
2025-02-07 21:00:00,25,0.05,0,1,False,True,0.0,1.0,582.5720977783203
2025-02-07 22:00:00,25,0.05,0,1,False,True,0.0,1.0,658.18330078125
2025-02-07 23:00:00,25,0.05,0,1,False,True,0.0,1.0,642.4694732666015
2025-02-08 00:00:00,25,0.05,0,1,False,True,0.0,1.0,735.0364349365235
2025-02-08 01:00:00,25,0.05,0,1,False,True,0.0,1.0,659.904019165039
2025-02-08 02:00:00,25,0.05,0,1,False,True,0.0,1.0,808.7373901367188
2025-02-08 03:00:00,25,0.05,0,1,False,True,0.0,1.0,839.7400543212891
2025-02-08 04:00:00,25,0.05,0,1,False,True,0.0,1.0,887.114144897461
2025-02-08 05:00:00,25,0.05,0,3,False,True,0.0,1.0,746.1280120849609
2025-02-08 06:00:00,25,0.05,0,3,False,True,0.0,1.0,812.7494415283204
2025-02-08 07:00:00,25,0.05,0,2,False,True,0.0,1.0,754.7745086669922
2025-02-08 08:00:00,25,0.05,0,2,False,True,0.0,1.0,804.2478973388672
2025-02-08 09:00:00,25,0.05,0,2,False,True,0.0,1.0,757.1633483886719
2025-02-08 10:00:00,25,0.05,0,1,False,True,0.0,1.0,742.2654907226563
2025-02-08 11:00:00,25,0.05,0,2,False,True,0.0,1.0,803.0030029296876
2025-02-08 12:00:00,25,0.05,0,1,False,True,0.0,1.0,928.3343872070312
2025-02-08 13:00:00,25,0.05,0,2,False,True,0.0,1.0,1015.7802001953125
2025-02-08 14:00:00,25,0.05,0,1,False,True,0.0,1.0,1186.3361389160157
2025-02-08 15:00:00,25,0.05,0,1,False,True,0.0,1.0,1231.6600708007813
2025-02-08 16:00:00,25,0.05,0,1,False,True,0.0,1.0,1381.3013244628905
2025-02-08 17:00:00,25,0.05,0,2,False,True,0.0,1.0,1380.7357788085938
2025-02-08 18:00:00,25,0.05,0,1,False,True,0.0,1.0,1629.9200134277344
2025-02-08 19:00:00,25,0.05,0,2,False,True,0.0,1.0,1561.5704406738282
2025-02-08 20:00:00,25,0.05,0,2,False,True,0.0,1.0,1543.3573364257813
2025-02-08 21:00:00,25,0.05,0,1,False,True,0.0,1.0,1457.976611328125
2025-02-08 22:00:00,25,0.05,0,2,False,True,0.0,1.0,1459.9513610839845
2025-02-08 23:00:00,25,0.05,0,2,False,True,0.0,1.0,1468.9468688964846
2025-02-09 00:00:00,25,0.05,0,1,False,True,0.0,1.0,1530.43515625
2025-02-09 01:00:00,25,0.05,0,1,False,True,0.0,1.0,1646.3994445800781
2025-02-09 02:00:00,25,0.05,0,1,False,True,0.0,1.0,1573.3210876464843
2025-02-09 03:00:00,25,0.05,0,1,False,True,0.0,1.0,1553.621044921875
2025-02-09 04:00:00,25,0.05,0,2,False,True,0.0,1.0,1447.0072631835938
2025-02-09 05:00:00,25,0.05,0,1,False,True,0.0,1.0,1466.4020202636718
2025-02-09 06:00:00,25,0.05,0,1,False,True,0.0,1.0,1579.1603637695314
2025-02-09 07:00:00,25,0.05,0,2,False,True,0.0,1.0,1306.4370361328126
2025-02-09 08:00:00,25,0.05,0,1,False,True,0.0,1.0,1492.5408203125
2025-02-09 09:00:00,25,0.05,0,1,False,True,0.0,1.0,1854.4806823730469
2025-02-09 10:00:00,25,0.05,0,1,False,True,0.0,1.0,2883.978381347656
2025-02-09 11:00:00,25,0.05,0,1,False,True,0.0,1.0,3693.8108154296874
2025-02-09 12:00:00,25,0.05,0,1,False,True,0.0,1.0,4155.611962890625
2025-02-09 13:00:00,25,0.05,0,1,False,True,0.0,1.0,4870.584204101563
2025-02-09 14:00:00,25,0.05,0,2,False,True,0.0,1.0,5544.029833984375
2025-02-09 15:00:00,25,0.05,0,1,False,True,0.0,1.0,5890.918627929687
2025-02-09 16:00:00,25,0.05,0,1,False,True,0.0,1.0,6091.063305664063
2025-02-09 17:00:00,25,0.05,0,1,False,True,0.0,1.0,6650.822119140626
2025-02-09 18:00:00,25,0.05,0,2,False,True,0.0,1.0,6093.129492187501
2025-02-09 19:00:00,25,0.05,0,1,False,True,0.0,1.0,6341.106640625
2025-02-09 20:00:00,25,0.05,0,1,False,True,0.0,1.0,6283.0017578125
2025-02-09 21:00:00,25,0.05,0,1,False,True,0.0,1.0,5992.47939453125
2025-02-09 22:00:00,25,0.05,0,2,False,True,0.0,1.0,6301.4412109375
2025-02-09 23:00:00,25,0.05,0,2,False,True,0.0,1.0,6457.812231445312
2025-02-10 00:00:00,25,0.05,0,1,False,True,0.0,1.0,5785.323779296875
2025-02-10 01:00:00,25,0.05,0,1,False,True,0.0,1.0,6146.073657226562
2025-02-10 02:00:00,25,0.05,0,1,False,True,0.0,1.0,6077.389477539063
2025-02-10 03:00:00,25,0.05,0,1,False,True,0.0,1.0,5877.699731445313
2025-02-10 04:00:00,25,0.05,0,1,False,True,0.0,1.0,5624.165625000001
2025-02-10 05:00:00,25,0.05,0,1,False,True,0.0,1.0,5419.5681640625
2025-02-10 06:00:00,25,0.05,0,1,False,True,0.0,1.0,4696.8513671875
2025-02-10 07:00:00,25,0.05,0,2,False,True,0.0,1.0,4373.7003173828125
2025-02-10 08:00:00,25,0.05,0,2,False,True,0.0,1.0,4459.617016601563
2025-02-10 09:00:00,25,0.05,0,1,False,True,0.0,1.0,5305.373022460938
2025-02-10 10:00:00,25,0.05,0,1,False,True,0.0,1.0,7023.986840820313
2025-02-10 11:00:00,25,0.05,0,1,False,True,0.0,1.0,7737.230712890625
2025-02-10 12:00:00,25,0.05,0,1,False,True,0.0,1.0,7576.953125
2025-02-10 13:00:00,25,0.05,0,1,False,True,0.0,1.0,7102.609155273438
2025-02-10 14:00:00,25,0.05,0,1,False,True,0.0,1.0,6650.680517578125
2025-02-10 15:00:00,25,0.05,0,1,False,True,0.0,1.0,6268.670385742187
2025-02-10 16:00:00,25,0.05,0,1,False,True,0.0,1.0,5997.8590087890625
2025-02-10 17:00:00,25,0.05,1,1,True,True,1.0,1.0,6289.048681640626
2025-02-10 18:00:00,25,0.05,0,1,False,True,0.0,1.0,6339.96982421875
2025-02-10 19:00:00,25,0.05,1,1,True,True,1.0,1.0,6201.992895507812
2025-02-10 20:00:00,25,0.05,0,2,False,True,0.0,1.0,6533.304150390625
2025-02-10 21:00:00,25,0.05,0,1,False,True,0.0,1.0,6277.132836914063
2025-02-10 22:00:00,25,0.05,0,1,False,True,0.0,1.0,6489.954663085938
2025-02-10 23:00:00,25,0.05,0,1,False,True,0.0,1.0,6614.14912109375
2025-02-11 00:00:00,25,0.05,0,1,False,True,0.0,1.0,6640.544604492187
2025-02-11 01:00:00,25,0.05,0,1,False,True,0.0,1.0,6660.371826171875
2025-02-11 02:00:00,25,0.05,0,1,False,True,0.0,1.0,6675.459912109375
2025-02-11 03:00:00,25,0.05,0,1,False,True,0.0,1.0,6678.4227294921875
2025-02-11 04:00:00,25,0.05,0,2,False,True,0.0,1.0,6731.714208984375
2025-02-11 05:00:00,25,0.05,0,1,False,True,0.0,1.0,6672.336279296875
2025-02-11 06:00:00,25,0.05,0,1,False,True,0.0,1.0,5933.892358398438
2025-02-11 07:00:00,25,0.05,1,1,True,True,1.0,1.0,6461.549853515625
2025-02-11 08:00:00,25,0.05,0,1,False,True,0.0,1.0,7156.817919921875
2025-02-11 09:00:00,25,0.05,0,2,False,True,0.0,1.0,7502.626733398438
2025-02-11 10:00:00,25,0.05,0,2,False,True,0.0,1.0,6911.161083984375
2025-02-11 11:00:00,25,0.05,0,1,False,True,0.0,1.0,6540.271020507813
2025-02-11 12:00:00,25,0.05,0,1,False,True,0.0,1.0,5542.71943359375
2025-02-11 13:00:00,25,0.05,0,2,False,True,0.0,1.0,4393.385595703126
2025-02-11 14:00:00,25,0.05,0,1,False,True,0.0,1.0,3860.8677368164062
2025-02-11 15:00:00,25,0.05,0,1,False,True,0.0,1.0,3074.4865966796874
2025-02-11 16:00:00,25,0.05,0,1,False,True,0.0,1.0,2472.3284301757812
2025-02-11 17:00:00,25,0.05,0,1,False,True,0.0,1.0,2316.2438842773436
2025-02-11 18:00:00,25,0.05,0,1,False,True,0.0,1.0,2142.0513305664062
2025-02-11 19:00:00,25,0.05,0,1,False,True,0.0,1.0,2237.9862548828123
2025-02-11 20:00:00,25,0.05,0,1,False,True,0.0,1.0,2149.5751953125
2025-02-11 21:00:00,25,0.05,0,1,False,True,0.0,1.0,2150.271618652344
2025-02-11 22:00:00,25,0.05,0,1,False,True,0.0,1.0,1967.8463623046875
2025-02-11 23:00:00,25,0.05,0,1,False,True,0.0,1.0,2147.50927734375
2025-02-12 00:00:00,25,0.05,0,1,False,True,0.0,1.0,2013.8285888671876
2025-02-12 01:00:00,25,0.05,0,1,False,True,0.0,1.0,1898.2846313476562
2025-02-12 02:00:00,25,0.05,0,2,False,True,0.0,1.0,2102.951550292969
2025-02-12 03:00:00,25,0.05,0,2,False,True,0.0,1.0,1934.7451538085938
2025-02-12 04:00:00,25,0.05,0,1,False,True,0.0,1.0,2067.8993225097656
2025-02-12 05:00:00,25,0.05,0,1,False,True,0.0,1.0,2200.544958496094
2025-02-12 06:00:00,25,0.05,0,1,False,True,0.0,1.0,1812.37568359375
2025-02-12 07:00:00,25,0.05,0,1,False,True,0.0,1.0,2118.824755859375
2025-02-12 08:00:00,25,0.05,0,2,False,True,0.0,1.0,2116.500134277344
2025-02-12 09:00:00,25,0.05,0,1,False,True,0.0,1.0,2187.043908691406
2025-02-12 10:00:00,25,0.05,0,1,False,True,0.0,1.0,1890.97021484375
2025-02-12 11:00:00,25,0.05,0,2,False,True,0.0,1.0,2016.6758178710938
2025-02-12 12:00:00,25,0.05,0,1,False,True,0.0,1.0,1976.2795959472655
2025-02-12 13:00:00,25,0.05,0,1,False,True,0.0,1.0,1960.7664978027344
2025-02-12 14:00:00,25,0.05,0,1,False,True,0.0,1.0,1474.2364868164063
2025-02-12 15:00:00,25,0.05,0,2,False,True,0.0,1.0,1297.3439392089845
2025-02-12 16:00:00,25,0.05,0,1,False,True,0.0,1.0,1189.2649047851562
2025-02-12 17:00:00,25,0.05,0,1,False,True,0.0,1.0,1253.4139404296875
2025-02-12 18:00:00,25,0.05,0,2,False,True,0.0,1.0,1372.5116882324219
2025-02-12 19:00:00,25,0.05,0,1,False,True,0.0,1.0,1474.6659912109376
2025-02-12 20:00:00,25,0.05,0,1,False,True,0.0,1.0,1467.5949951171874
2025-02-12 21:00:00,25,0.05,0,1,False,True,0.0,1.0,1429.75546875
2025-02-12 22:00:00,25,0.05,0,1,False,True,0.0,1.0,1485.7598083496093
2025-02-12 23:00:00,25,0.05,0,2,False,True,0.0,1.0,1530.1740661621095
2025-02-13 00:00:00,25,0.05,0,1,False,True,0.0,1.0,1925.8363586425783
2025-02-13 01:00:00,25,0.05,0,1,False,True,0.0,1.0,1842.9250244140626
2025-02-13 02:00:00,25,0.05,0,1,False,True,0.0,1.0,1994.7020080566406
2025-02-13 03:00:00,25,0.05,0,1,False,True,0.0,1.0,2034.0472473144532
2025-02-13 04:00:00,25,0.05,0,1,False,True,0.0,1.0,2044.341290283203
2025-02-13 05:00:00,25,0.05,0,1,False,True,0.0,1.0,1953.6967529296876
2025-02-13 06:00:00,25,0.05,0,1,False,True,0.0,1.0,2014.3659973144531
2025-02-13 07:00:00,25,0.05,0,1,False,True,0.0,1.0,1784.1621337890626
2025-02-13 08:00:00,25,0.05,0,2,False,True,0.0,1.0,1655.9306579589843
2025-02-13 09:00:00,25,0.05,0,1,False,True,0.0,1.0,1861.8491943359375
2025-02-13 10:00:00,25,0.05,0,1,False,True,0.0,1.0,2213.2408081054687
2025-02-13 11:00:00,25,0.05,0,1,False,True,0.0,1.0,2261.8792358398437
2025-02-13 12:00:00,25,0.05,0,1,False,True,0.0,1.0,2312.6604125976564
2025-02-13 13:00:00,25,0.05,0,1,False,True,0.0,1.0,2393.5576293945314
2025-02-13 14:00:00,25,0.05,0,1,False,True,0.0,1.0,2953.093615722656
2025-02-13 15:00:00,25,0.05,0,1,False,True,0.0,1.0,2988.1071533203126
2025-02-13 16:00:00,25,0.05,0,1,False,True,0.0,1.0,3257.9419189453124
2025-02-13 17:00:00,25,0.05,0,2,False,True,0.0,1.0,3088.5134521484374
2025-02-13 18:00:00,25,0.05,0,1,False,True,0.0,1.0,3281.62734375
2025-02-13 19:00:00,25,0.05,0,1,False,True,0.0,1.0,3440.181176757813
2025-02-13 20:00:00,25,0.05,0,1,False,True,0.0,1.0,3317.6163330078125
2025-02-13 21:00:00,25,0.05,0,1,False,True,0.0,1.0,3261.080163574219
2025-02-13 22:00:00,25,0.05,0,1,False,True,0.0,1.0,3391.819970703125
2025-02-13 23:00:00,25,0.05,0,1,False,True,0.0,1.0,3181.6268310546875
2025-02-14 00:00:00,25,0.05,0,2,False,True,0.0,1.0,4271.984155273438
2025-02-14 01:00:00,25,0.05,0,1,False,True,0.0,1.0,4434.48818359375
2025-02-14 02:00:00,25,0.05,0,2,False,True,0.0,1.0,4195.474145507813
2025-02-14 03:00:00,25,0.05,0,1,False,True,0.0,1.0,4282.248315429688
2025-02-14 04:00:00,25,0.05,0,1,False,True,0.0,1.0,4156.155126953126
2025-02-14 05:00:00,25,0.05,0,1,False,True,0.0,1.0,4537.5972900390625
2025-02-14 06:00:00,25,0.05,0,1,False,True,0.0,1.0,4190.950708007813
2025-02-14 07:00:00,25,0.05,0,1,False,True,0.0,1.0,4425.386889648437
2025-02-14 08:00:00,25,0.05,0,1,False,True,0.0,1.0,4099.105053710938
2025-02-14 09:00:00,25,0.05,0,1,False,True,0.0,1.0,4569.130053710937
2025-02-14 10:00:00,25,0.05,0,2,False,True,0.0,1.0,5430.436840820313
2025-02-14 11:00:00,25,0.05,0,2,False,True,0.0,1.0,5414.518701171875
2025-02-14 12:00:00,25,0.05,0,1,False,True,0.0,1.0,6018.760791015625
2025-02-14 13:00:00,25,0.05,0,1,False,True,0.0,1.0,6239.0360107421875
2025-02-14 14:00:00,25,0.05,0,1,False,True,0.0,1.0,6040.814282226563
2025-02-14 15:00:00,25,0.05,0,1,False,True,0.0,1.0,6022.970361328125
2025-02-14 16:00:00,25,0.05,0,1,False,True,0.0,1.0,6037.344580078125
2025-02-14 17:00:00,25,0.05,0,2,False,True,0.0,1.0,6176.81630859375
2025-02-14 18:00:00,25,0.05,0,1,False,True,0.0,1.0,5921.747241210937
2025-02-14 19:00:00,25,0.05,0,1,False,True,0.0,1.0,6196.738818359375
2025-02-14 20:00:00,25,0.05,0,2,False,True,0.0,1.0,5912.027490234375
2025-02-14 21:00:00,25,0.05,0,1,False,True,0.0,1.0,6038.796728515625
2025-02-14 22:00:00,25,0.05,0,1,False,True,0.0,1.0,5919.848413085938
2025-02-14 23:00:00,25,0.05,0,2,False,True,0.0,1.0,5984.8223876953125
2025-02-15 00:00:00,25,0.05,0,1,False,True,0.0,1.0,6184.70302734375
2025-02-15 01:00:00,25,0.05,0,2,False,True,0.0,1.0,6149.958813476563
2025-02-15 02:00:00,25,0.05,0,1,False,True,0.0,1.0,5875.780541992188
2025-02-15 03:00:00,25,0.05,0,1,False,True,0.0,1.0,6090.536645507813
2025-02-15 04:00:00,25,0.05,0,1,False,True,0.0,1.0,5747.025659179688
2025-02-15 05:00:00,25,0.05,1,2,True,True,1.0,1.0,6148.32587890625
2025-02-15 06:00:00,25,0.05,0,1,False,True,0.0,1.0,5575.870092773437
2025-02-15 07:00:00,25,0.05,0,2,False,True,0.0,1.0,5822.545581054687
2025-02-15 08:00:00,25,0.05,0,1,False,True,0.0,1.0,7104.9881591796875
2025-02-15 09:00:00,25,0.05,0,2,False,True,0.0,1.0,7406.645922851562
2025-02-15 10:00:00,25,0.05,0,1,False,True,0.0,1.0,7085.56044921875
2025-02-15 11:00:00,25,0.05,0,1,False,True,0.0,1.0,6591.38857421875
2025-02-15 12:00:00,25,0.05,0,1,False,True,0.0,1.0,5671.768994140625
2025-02-15 13:00:00,25,0.05,0,1,False,True,0.0,1.0,5527.69189453125
2025-02-15 14:00:00,25,0.05,0,1,False,True,0.0,1.0,4919.760595703125
2025-02-15 15:00:00,25,0.05,0,1,False,True,0.0,1.0,4544.867651367187
2025-02-15 16:00:00,25,0.05,0,1,False,True,0.0,1.0,4495.873754882812
2025-02-15 17:00:00,25,0.05,0,2,False,True,0.0,1.0,4362.876806640626
2025-02-15 18:00:00,25,0.05,0,1,False,True,0.0,1.0,4245.180737304688
2025-02-15 19:00:00,25,0.05,0,1,False,True,0.0,1.0,4299.226391601563
2025-02-15 20:00:00,25,0.05,0,1,False,True,0.0,1.0,4382.222802734375
2025-02-15 21:00:00,25,0.05,0,1,False,True,0.0,1.0,4394.661206054688
2025-02-15 22:00:00,25,0.05,0,1,False,True,0.0,1.0,4447.838525390625
2025-02-15 23:00:00,25,0.05,0,1,False,True,0.0,1.0,4476.71201171875
2025-02-16 00:00:00,25,0.05,0,1,False,True,0.0,1.0,4582.104516601563
2025-02-16 01:00:00,25,0.05,0,1,False,True,0.0,1.0,4357.722387695312
2025-02-16 02:00:00,25,0.05,0,1,False,True,0.0,1.0,4758.779296875
2025-02-16 03:00:00,25,0.05,0,1,False,True,0.0,1.0,4684.198559570313
2025-02-16 04:00:00,25,0.05,0,1,False,True,0.0,1.0,4721.410888671875
2025-02-16 05:00:00,25,0.05,0,1,False,True,0.0,1.0,4696.2484130859375
2025-02-16 06:00:00,25,0.05,0,1,False,True,0.0,1.0,5062.1890869140625
2025-02-16 07:00:00,25,0.05,0,1,False,True,0.0,1.0,4720.167749023438
2025-02-16 08:00:00,25,0.05,0,1,False,True,0.0,1.0,4012.1169921875
2025-02-16 09:00:00,25,0.05,0,3,False,True,0.0,1.0,6427.238134765625
2025-02-16 10:00:00,25,0.05,0,2,False,True,0.0,1.0,4017.978051757813
2025-02-16 11:00:00,25,0.05,0,1,False,True,0.0,1.0,4442.139453125
2025-02-16 12:00:00,25,0.05,0,1,False,True,0.0,1.0,4413.283740234375
2025-02-16 13:00:00,25,0.05,0,2,False,True,0.0,1.0,5566.303784179688
2025-02-16 14:00:00,25,0.05,0,2,False,True,0.0,1.0,5567.648486328125
2025-02-16 15:00:00,25,0.05,0,1,False,True,0.0,1.0,5244.6961669921875
2025-02-16 16:00:00,25,0.05,1,1,True,True,1.0,1.0,5036.511254882813
2025-02-16 17:00:00,25,0.05,0,1,False,True,0.0,1.0,4651.641625976563
2025-02-16 18:00:00,25,0.05,0,1,False,True,0.0,1.0,5210.278833007813
2025-02-16 19:00:00,25,0.05,0,2,False,True,0.0,1.0,5012.724780273437
2025-02-16 20:00:00,25,0.05,0,1,False,True,0.0,1.0,5006.681079101562
2025-02-16 21:00:00,25,0.05,0,1,False,True,0.0,1.0,5019.662084960937
2025-02-16 22:00:00,25,0.05,0,1,False,True,0.0,1.0,5277.7330078125
2025-02-16 23:00:00,25,0.05,0,1,False,True,0.0,1.0,5195.6291015625
2025-02-17 00:00:00,25,0.05,1,1,True,True,1.0,1.0,4555.1248046875
2025-02-17 01:00:00,25,0.05,0,2,False,True,0.0,1.0,4779.792236328125
2025-02-17 02:00:00,25,0.05,0,1,False,True,0.0,1.0,4832.900048828125
2025-02-17 03:00:00,25,0.05,0,1,False,True,0.0,1.0,4814.730126953125
2025-02-17 04:00:00,25,0.05,0,1,False,True,0.0,1.0,4827.3345703125
2025-02-17 05:00:00,25,0.05,0,1,False,True,0.0,1.0,4734.433447265625
2025-02-17 06:00:00,25,0.05,0,2,False,True,0.0,1.0,4746.010229492188
2025-02-17 07:00:00,25,0.05,0,1,False,True,0.0,1.0,5425.920190429688
2025-02-17 08:00:00,25,0.05,0,1,False,True,0.0,1.0,6978.901928710938
2025-02-17 09:00:00,25,0.05,0,1,False,True,0.0,1.0,7352.2134765625
2025-02-17 10:00:00,25,0.05,0,1,False,True,0.0,1.0,7212.101147460938
2025-02-17 11:00:00,25,0.05,1,1,True,True,1.0,1.0,6621.57705078125
2025-02-17 12:00:00,25,0.05,0,1,False,True,0.0,1.0,5349.994897460938
2025-02-17 13:00:00,25,0.05,0,1,False,True,0.0,1.0,3572.1246704101563
2025-02-17 14:00:00,25,0.05,0,1,False,True,0.0,1.0,2790.6004882812504
2025-02-17 15:00:00,25,0.05,0,1,False,True,0.0,1.0,2262.4820922851563
2025-02-17 16:00:00,25,0.05,0,2,False,True,0.0,1.0,1912.829327392578
2025-02-17 17:00:00,25,0.05,0,1,False,True,0.0,1.0,1767.8180480957033
2025-02-17 18:00:00,25,0.05,0,2,False,True,0.0,1.0,1966.1397033691408
2025-02-17 19:00:00,25,0.05,0,1,False,True,0.0,1.0,1957.5231628417969
2025-02-17 20:00:00,25,0.05,0,1,False,True,0.0,1.0,1911.0516235351563
2025-02-17 21:00:00,25,0.05,0,1,False,True,0.0,1.0,2052.2123046875
2025-02-17 22:00:00,25,0.05,0,1,False,True,0.0,1.0,1998.382666015625
2025-02-17 23:00:00,25,0.05,0,1,False,True,0.0,1.0,1884.6894897460938
2025-02-18 00:00:00,25,0.05,0,1,False,True,0.0,1.0,2001.6845703125
2025-02-18 01:00:00,25,0.05,0,1,False,True,0.0,1.0,2081.7228515625
2025-02-18 02:00:00,25,0.05,0,1,False,True,0.0,1.0,1929.3096313476562
2025-02-18 03:00:00,25,0.05,0,1,False,True,0.0,1.0,1994.0640502929687
2025-02-18 04:00:00,25,0.05,0,2,False,True,0.0,1.0,2065.181506347656
2025-02-18 05:00:00,25,0.05,0,2,False,True,0.0,1.0,2158.9865844726564
2025-02-18 06:00:00,25,0.05,0,1,False,True,0.0,1.0,2300.6771850585938
2025-02-18 07:00:00,25,0.05,0,1,False,True,0.0,1.0,2003.9359558105468
2025-02-18 08:00:00,25,0.05,0,1,False,True,0.0,1.0,1924.0295715332031
2025-02-18 09:00:00,25,0.05,0,1,False,True,0.0,1.0,1991.6917297363282
2025-02-18 10:00:00,25,0.05,0,1,False,True,0.0,1.0,2235.960693359375
2025-02-18 11:00:00,25,0.05,0,1,False,True,0.0,1.0,2169.6458251953127
2025-02-18 12:00:00,25,0.05,0,1,False,True,0.0,1.0,3004.1617065429687
2025-02-18 13:00:00,25,0.05,0,1,False,True,0.0,1.0,3544.667333984375
2025-02-18 14:00:00,25,0.05,0,1,False,True,0.0,1.0,3599.405065917969
2025-02-18 15:00:00,25,0.05,0,1,False,True,0.0,1.0,3476.5771972656253
2025-02-18 16:00:00,25,0.05,0,2,False,True,0.0,1.0,3298.7082275390626
2025-02-18 17:00:00,25,0.05,0,2,False,True,0.0,1.0,3317.800646972656
2025-02-18 18:00:00,25,0.05,0,1,False,True,0.0,1.0,3122.822229003906
2025-02-18 19:00:00,25,0.05,0,1,False,True,0.0,1.0,3118.8738525390627
2025-02-18 20:00:00,25,0.05,0,2,False,True,0.0,1.0,3057.2127319335937
2025-02-18 21:00:00,25,0.05,0,2,False,True,0.0,1.0,3081.5531005859375
2025-02-18 22:00:00,25,0.05,0,2,False,True,0.0,1.0,3267.025866699219
2025-02-18 23:00:00,25,0.05,0,1,False,True,0.0,1.0,3108.8425048828126
2025-02-19 00:00:00,25,0.05,0,1,False,True,0.0,1.0,3126.5579223632812
2025-02-19 01:00:00,25,0.05,0,1,False,True,0.0,1.0,3156.276806640625
2025-02-19 02:00:00,25,0.05,0,1,False,True,0.0,1.0,3072.698767089844
2025-02-19 03:00:00,25,0.05,0,1,False,True,0.0,1.0,3162.895227050781
2025-02-19 04:00:00,25,0.05,0,1,False,True,0.0,1.0,2938.8253784179688
2025-02-19 05:00:00,25,0.05,0,1,False,True,0.0,1.0,3239.9370849609377
2025-02-19 06:00:00,25,0.05,0,1,False,True,0.0,1.0,3004.550183105469
2025-02-19 07:00:00,25,0.05,0,1,False,True,0.0,1.0,2774.968432617188
2025-02-19 08:00:00,25,0.05,0,2,False,True,0.0,1.0,2477.37451171875
2025-02-19 09:00:00,25,0.05,0,1,False,True,0.0,1.0,2638.3941650390625
2025-02-19 10:00:00,25,0.05,0,1,False,True,0.0,1.0,2762.0812255859373
2025-02-19 11:00:00,25,0.05,0,1,False,True,0.0,1.0,3528.594934082031
2025-02-19 12:00:00,25,0.05,0,2,False,True,0.0,1.0,3279.3279541015627
2025-02-19 13:00:00,25,0.05,0,1,False,True,0.0,1.0,2895.5215576171877
2025-02-19 14:00:00,25,0.05,0,1,False,True,0.0,1.0,2899.148889160156
2025-02-19 15:00:00,25,0.05,0,2,False,True,0.0,1.0,3116.8211669921875
2025-02-19 16:00:00,25,0.05,0,1,False,True,0.0,1.0,3003.402978515625
2025-02-19 17:00:00,25,0.05,0,1,False,True,0.0,1.0,2880.697448730469
2025-02-19 18:00:00,25,0.05,0,2,False,True,0.0,1.0,2622.8276611328124
2025-02-19 19:00:00,25,0.05,0,1,False,True,0.0,1.0,2687.8840454101564
2025-02-19 20:00:00,25,0.05,0,1,False,True,0.0,1.0,2874.5338500976563
2025-02-19 21:00:00,25,0.05,0,1,False,True,0.0,1.0,3020.356408691406
2025-02-19 22:00:00,25,0.05,0,1,False,True,0.0,1.0,2985.6204101562503
2025-02-19 23:00:00,25,0.05,0,1,False,True,0.0,1.0,2847.994409179688
2025-02-20 00:00:00,25,0.05,0,2,False,True,0.0,1.0,2368.738415527344
2025-02-20 01:00:00,25,0.05,0,1,False,True,0.0,1.0,2186.0580810546876
2025-02-20 02:00:00,25,0.05,1,1,True,True,1.0,1.0,2333.9684082031254
2025-02-20 03:00:00,25,0.05,0,1,False,True,0.0,1.0,2356.0216796875
2025-02-20 04:00:00,25,0.05,0,1,False,True,0.0,1.0,2363.0045043945315
2025-02-20 05:00:00,25,0.05,0,1,False,True,0.0,1.0,2202.158935546875
2025-02-20 06:00:00,25,0.05,0,1,False,True,0.0,1.0,2483.5159423828127
2025-02-20 07:00:00,25,0.05,0,1,False,True,0.0,1.0,2272.4773681640627
2025-02-20 08:00:00,25,0.05,0,2,False,True,0.0,1.0,2375.340686035156
2025-02-20 09:00:00,25,0.05,0,1,False,True,0.0,1.0,3589.8847778320314
2025-02-20 10:00:00,25,0.05,0,1,False,True,0.0,1.0,4738.31181640625
2025-02-20 11:00:00,25,0.05,0,1,False,True,0.0,1.0,2973.8976440429688
2025-02-20 12:00:00,25,0.05,0,1,False,True,0.0,1.0,3367.43935546875
2025-02-20 13:00:00,25,0.05,0,2,False,True,0.0,1.0,3098.8061279296876
2025-02-20 14:00:00,25,0.05,0,1,False,True,0.0,1.0,2674.9634033203124
2025-02-20 15:00:00,25,0.05,0,1,False,True,0.0,1.0,2040.4637329101563
2025-02-20 16:00:00,25,0.05,0,1,False,True,0.0,1.0,1805.2616760253907
2025-02-20 17:00:00,25,0.05,0,1,False,True,0.0,1.0,1814.914422607422
2025-02-20 18:00:00,25,0.05,0,1,False,True,0.0,1.0,1868.9810302734375
2025-02-20 19:00:00,25,0.05,0,1,False,True,0.0,1.0,1788.5961242675783
2025-02-20 20:00:00,25,0.05,0,1,False,True,0.0,1.0,2054.338934326172
2025-02-20 21:00:00,25,0.05,0,1,False,True,0.0,1.0,1840.2231689453126
2025-02-20 22:00:00,25,0.05,0,2,False,True,0.0,1.0,1849.3582946777344
2025-02-20 23:00:00,25,0.05,0,1,False,True,0.0,1.0,1857.6270874023437
2025-02-21 00:00:00,25,0.05,0,1,False,True,0.0,1.0,1771.0197998046876
2025-02-21 01:00:00,25,0.05,0,1,False,True,0.0,1.0,1872.8120544433593
2025-02-21 02:00:00,25,0.05,0,1,False,True,0.0,1.0,1856.4740966796876
2025-02-21 03:00:00,25,0.05,0,1,False,True,0.0,1.0,1830.4085571289063
2025-02-21 04:00:00,25,0.05,0,1,False,True,0.0,1.0,1897.2960876464845
2025-02-21 05:00:00,25,0.05,0,1,False,True,0.0,1.0,1833.2776977539063
2025-02-21 06:00:00,25,0.05,0,1,False,True,0.0,1.0,2076.833740234375
2025-02-21 07:00:00,25,0.05,0,1,False,True,0.0,1.0,1859.9691772460938
2025-02-21 08:00:00,25,0.05,0,1,False,True,0.0,1.0,1988.6859436035156
2025-02-21 09:00:00,25,0.05,0,1,False,True,0.0,1.0,1964.9158569335937
2025-02-21 10:00:00,25,0.05,0,1,False,True,0.0,1.0,1847.15146484375
2025-02-21 11:00:00,25,0.05,0,1,False,True,0.0,1.0,3362.3334838867186
2025-02-21 12:00:00,25,0.05,0,1,False,True,0.0,1.0,3198.0923706054687
2025-02-21 13:00:00,25,0.05,0,1,False,True,0.0,1.0,3412.469091796875
2025-02-21 14:00:00,25,0.05,0,1,False,True,0.0,1.0,2972.3303466796874
2025-02-21 15:00:00,25,0.05,0,1,False,True,0.0,1.0,2734.6619262695312
2025-02-21 16:00:00,25,0.05,0,1,False,True,0.0,1.0,2664.544775390625
2025-02-21 17:00:00,25,0.05,0,1,False,True,0.0,1.0,2709.5157470703125
2025-02-21 18:00:00,25,0.05,0,1,False,True,0.0,1.0,2794.348522949219
2025-02-21 19:00:00,25,0.05,0,1,False,True,0.0,1.0,2871.836877441406
2025-02-21 20:00:00,25,0.05,0,1,False,True,0.0,1.0,2888.027551269531
2025-02-21 21:00:00,25,0.05,0,1,False,True,0.0,1.0,2611.3984130859376
2025-02-21 22:00:00,25,0.05,0,1,False,True,0.0,1.0,2558.893444824219
2025-02-21 23:00:00,25,0.05,0,1,False,True,0.0,1.0,2694.690051269531
2025-02-22 00:00:00,25,0.05,0,1,False,True,0.0,1.0,2395.482177734375
2025-02-22 01:00:00,25,0.05,0,1,False,True,0.0,1.0,2462.2469482421875
2025-02-22 02:00:00,25,0.05,0,2,False,True,0.0,1.0,2508.4311645507814
2025-02-22 03:00:00,25,0.05,0,1,False,True,0.0,1.0,2390.678601074219
2025-02-22 04:00:00,25,0.05,0,1,False,True,0.0,1.0,2401.11796875
2025-02-22 05:00:00,25,0.05,0,1,False,True,0.0,1.0,2395.845458984375
2025-02-22 06:00:00,25,0.05,0,1,False,True,0.0,1.0,2339.7746337890626
2025-02-22 07:00:00,25,0.05,0,1,False,True,0.0,1.0,2194.454736328125
2025-02-22 08:00:00,25,0.05,0,1,False,True,0.0,1.0,2474.8906372070314
2025-02-22 09:00:00,25,0.05,0,1,False,True,0.0,1.0,3213.0836181640625
2025-02-22 10:00:00,25,0.05,0,2,False,True,0.0,1.0,3635.76455078125
2025-02-22 11:00:00,25,0.05,0,2,False,True,0.0,1.0,2814.5670654296873
2025-02-22 12:00:00,25,0.05,0,1,False,True,0.0,1.0,2144.5548583984373
2025-02-22 13:00:00,25,0.05,0,1,False,True,0.0,1.0,1710.2883178710938
2025-02-22 14:00:00,25,0.05,0,1,False,True,0.0,1.0,1769.051446533203
2025-02-22 15:00:00,25,0.05,0,1,False,True,0.0,1.0,1612.0595458984376
2025-02-22 16:00:00,25,0.05,0,1,False,True,0.0,1.0,1717.5021606445314
2025-02-22 17:00:00,25,0.05,0,1,False,True,0.0,1.0,1632.1022216796875
2025-02-22 18:00:00,25,0.05,0,1,False,True,0.0,1.0,1638.6655639648438
2025-02-22 19:00:00,25,0.05,0,1,False,True,0.0,1.0,1693.0990722656252
2025-02-22 20:00:00,25,0.05,0,1,False,True,0.0,1.0,1719.0783630371095
2025-02-22 21:00:00,25,0.05,0,1,False,True,0.0,1.0,1646.5891174316407
2025-02-22 22:00:00,25,0.05,0,1,False,True,0.0,1.0,1657.1082824707032
2025-02-22 23:00:00,25,0.05,0,1,False,True,0.0,1.0,1633.9217590332032
2025-02-23 00:00:00,25,0.05,0,1,False,True,0.0,1.0,1513.0500793457031
2025-02-23 01:00:00,25,0.05,0,1,False,True,0.0,1.0,1552.0815979003908
2025-02-23 02:00:00,25,0.05,0,1,False,True,0.0,1.0,1564.1754699707033
2025-02-23 03:00:00,25,0.05,0,1,False,True,0.0,1.0,1462.4813903808595
2025-02-23 04:00:00,25,0.05,0,1,False,True,0.0,1.0,1423.9361083984375
2025-02-23 05:00:00,25,0.05,0,1,False,True,0.0,1.0,1353.8566223144533
2025-02-23 06:00:00,25,0.05,0,2,False,True,0.0,1.0,1417.6075500488282
2025-02-23 07:00:00,25,0.05,0,1,False,True,0.0,1.0,1259.2908996582032
2025-02-23 08:00:00,25,0.05,0,2,False,True,0.0,1.0,1433.805682373047
2025-02-23 09:00:00,25,0.05,0,1,False,True,0.0,1.0,1497.4818603515625
2025-02-23 10:00:00,25,0.05,0,1,False,True,0.0,1.0,1263.839990234375
2025-02-23 11:00:00,25,0.05,0,1,False,True,0.0,1.0,1389.394219970703
2025-02-23 12:00:00,25,0.05,0,1,False,True,0.0,1.0,1809.345556640625
2025-02-23 13:00:00,25,0.05,0,2,False,True,0.0,1.0,1915.2777893066407
2025-02-23 14:00:00,25,0.05,0,1,False,True,0.0,1.0,1927.6608398437502
2025-02-23 15:00:00,25,0.05,0,1,False,True,0.0,1.0,2111.5943237304687
2025-02-23 16:00:00,25,0.05,0,1,False,True,0.0,1.0,1913.6204833984375
2025-02-23 17:00:00,25,0.05,0,2,False,True,0.0,1.0,2157.4011352539064
2025-02-23 18:00:00,25,0.05,0,1,False,True,0.0,1.0,1887.9485961914063
2025-02-23 19:00:00,25,0.05,0,1,False,True,0.0,1.0,2125.960400390625
2025-02-23 20:00:00,25,0.05,0,1,False,True,0.0,1.0,2048.663250732422
2025-02-23 21:00:00,25,0.05,0,2,False,True,0.0,1.0,2276.4826049804688
2025-02-23 22:00:00,25,0.05,0,2,False,True,0.0,1.0,2098.3123046875003
2025-02-23 23:00:00,25,0.05,0,2,False,True,0.0,1.0,2253.4777099609373
2025-02-24 00:00:00,25,0.05,0,1,False,True,0.0,1.0,2078.3493774414064
2025-02-24 01:00:00,25,0.05,0,1,False,True,0.0,1.0,2214.284387207031
2025-02-24 02:00:00,25,0.05,0,1,False,True,0.0,1.0,2135.0755126953127
2025-02-24 03:00:00,25,0.05,0,2,False,True,0.0,1.0,2028.7699096679687
2025-02-24 04:00:00,25,0.05,0,1,False,True,0.0,1.0,2265.8796508789064
2025-02-24 05:00:00,25,0.05,0,2,False,True,0.0,1.0,2075.0240051269534
2025-02-24 06:00:00,25,0.05,0,1,False,True,0.0,1.0,1757.295916748047
2025-02-24 07:00:00,25,0.05,0,1,False,True,0.0,1.0,1690.3903686523438
2025-02-24 08:00:00,25,0.05,0,1,False,True,0.0,1.0,1908.2547851562501
2025-02-24 09:00:00,25,0.05,0,1,False,True,0.0,1.0,2057.283337402344
2025-02-24 10:00:00,25,0.05,0,1,False,True,0.0,1.0,2247.3821899414065
2025-02-24 11:00:00,25,0.05,0,1,False,True,0.0,1.0,2791.9374877929686
2025-02-24 12:00:00,25,0.05,0,2,False,True,0.0,1.0,2731.707238769531
2025-02-24 13:00:00,25,0.05,0,1,False,True,0.0,1.0,3104.606787109375
2025-02-24 14:00:00,25,0.05,0,1,False,True,0.0,1.0,3386.7109130859376
2025-02-24 15:00:00,25,0.05,0,1,False,True,0.0,1.0,3632.227465820313
2025-02-24 16:00:00,25,0.05,0,1,False,True,0.0,1.0,3490.783642578125
2025-02-24 17:00:00,25,0.05,0,1,False,True,0.0,1.0,3914.8291625976562
2025-02-24 18:00:00,25,0.05,0,1,False,True,0.0,1.0,4032.9069213867188
2025-02-24 19:00:00,25,0.05,0,2,False,True,0.0,1.0,3974.1201049804686
2025-02-24 20:00:00,25,0.05,0,1,False,True,0.0,1.0,4088.9212158203127
2025-02-24 21:00:00,25,0.05,0,2,False,True,0.0,1.0,4212.777978515625
2025-02-24 22:00:00,25,0.05,0,2,False,True,0.0,1.0,4246.503247070313
2025-02-24 23:00:00,25,0.05,0,2,False,True,0.0,1.0,4130.99248046875
2025-02-25 00:00:00,25,0.05,0,2,False,True,0.0,1.0,3788.783801269531
2025-02-25 01:00:00,25,0.05,0,1,False,True,0.0,1.0,3710.0203491210937
2025-02-25 02:00:00,25,0.05,0,1,False,True,0.0,1.0,3852.4832397460937
2025-02-25 03:00:00,25,0.05,0,2,False,True,0.0,1.0,3967.1848876953127
2025-02-25 04:00:00,25,0.05,0,1,False,True,0.0,1.0,4147.776611328125
2025-02-25 05:00:00,25,0.05,0,2,False,True,0.0,1.0,4158.492236328125
2025-02-25 06:00:00,25,0.05,0,1,False,True,0.0,1.0,3960.8924438476565
2025-02-25 07:00:00,25,0.05,0,1,False,True,0.0,1.0,3522.0879516601562
2025-02-25 08:00:00,25,0.05,0,1,False,True,0.0,1.0,3177.5102661132814
2025-02-25 09:00:00,25,0.05,0,1,False,True,0.0,1.0,3290.7382690429686
2025-02-25 10:00:00,25,0.05,0,1,False,True,0.0,1.0,4605.93037109375
2025-02-25 11:00:00,25,0.05,1,1,True,True,1.0,1.0,5461.03662109375
2025-02-25 12:00:00,25,0.05,0,1,False,True,0.0,1.0,5531.5970458984375
2025-02-25 13:00:00,25,0.05,0,1,False,True,0.0,1.0,5792.58818359375
2025-02-25 14:00:00,25,0.05,0,1,False,True,0.0,1.0,5348.64150390625
2025-02-25 15:00:00,25,0.05,0,1,False,True,0.0,1.0,4543.6375732421875
2025-02-25 16:00:00,25,0.05,1,1,True,True,1.0,1.0,4574.237084960938
2025-02-25 17:00:00,25,0.05,0,1,False,True,0.0,1.0,4637.6934814453125
2025-02-25 18:00:00,25,0.05,1,1,True,True,1.0,1.0,5435.683081054687
2025-02-25 19:00:00,25,0.05,0,2,False,True,0.0,1.0,5311.496850585938
2025-02-25 20:00:00,25,0.05,0,1,False,True,0.0,1.0,5567.501733398438
2025-02-25 21:00:00,25,0.05,0,1,False,True,0.0,1.0,5438.84677734375
2025-02-25 22:00:00,25,0.05,0,1,False,True,0.0,1.0,5123.454174804688
2025-02-25 23:00:00,25,0.05,0,1,False,True,0.0,1.0,5046.504467773438
2025-02-26 00:00:00,25,0.05,0,2,False,True,0.0,1.0,6015.825415039063
2025-02-26 01:00:00,25,0.05,0,1,False,True,0.0,1.0,5774.969995117188
2025-02-26 02:00:00,25,0.05,0,1,False,True,0.0,1.0,5864.61611328125
2025-02-26 03:00:00,25,0.05,0,1,False,True,0.0,1.0,6389.7572021484375
2025-02-26 04:00:00,25,0.05,0,1,False,True,0.0,1.0,6145.496533203125
2025-02-26 05:00:00,25,0.05,0,1,False,True,0.0,1.0,5959.8634033203125
2025-02-26 06:00:00,25,0.05,0,1,False,True,0.0,1.0,5685.215063476563
2025-02-26 07:00:00,25,0.05,0,1,False,True,0.0,1.0,5189.633471679687
2025-02-26 08:00:00,25,0.05,0,1,False,True,0.0,1.0,5894.321875000001
2025-02-26 09:00:00,25,0.05,0,1,False,True,0.0,1.0,4782.475
2025-02-26 10:00:00,25,0.05,0,1,False,True,0.0,1.0,4534.139672851563
2025-02-26 11:00:00,25,0.05,0,1,False,True,0.0,1.0,4371.305249023438
2025-02-26 12:00:00,25,0.05,0,1,False,True,0.0,1.0,4497.311694335937
2025-02-26 13:00:00,25,0.05,0,1,False,True,0.0,1.0,5842.590087890625
2025-02-26 14:00:00,25,0.05,0,1,False,True,0.0,1.0,5947.60556640625
2025-02-26 15:00:00,25,0.05,0,1,False,True,0.0,1.0,6038.24013671875
2025-02-26 16:00:00,25,0.05,0,3,False,True,0.0,1.0,6211.73896484375
2025-02-26 17:00:00,25,0.05,0,1,False,True,0.0,1.0,6680.839770507812
2025-02-26 18:00:00,25,0.05,0,1,False,True,0.0,1.0,5905.6263671875
2025-02-26 19:00:00,25,0.05,0,1,False,True,0.0,1.0,5720.76396484375
2025-02-26 20:00:00,25,0.05,0,1,False,True,0.0,1.0,6173.295458984375
2025-02-26 21:00:00,25,0.05,0,1,False,True,0.0,1.0,6235.898999023438
2025-02-26 22:00:00,25,0.05,0,1,False,True,0.0,1.0,5691.804541015625
2025-02-26 23:00:00,25,0.05,0,1,False,True,0.0,1.0,6078.88564453125
2025-02-27 00:00:00,25,0.05,0,2,False,True,0.0,1.0,5395.03564453125
2025-02-27 01:00:00,25,0.05,0,1,False,True,0.0,1.0,5089.116308593751
2025-02-27 02:00:00,25,0.05,0,1,False,True,0.0,1.0,5496.05947265625
2025-02-27 03:00:00,25,0.05,1,1,True,True,1.0,1.0,5300.572045898438
2025-02-27 04:00:00,25,0.05,0,1,False,True,0.0,1.0,5271.302905273437
2025-02-27 05:00:00,25,0.05,0,1,False,True,0.0,1.0,5366.720043945313
2025-02-27 06:00:00,25,0.05,0,1,False,True,0.0,1.0,4468.802099609376
2025-02-27 07:00:00,25,0.05,0,1,False,True,0.0,1.0,5009.710522460938
2025-02-27 08:00:00,25,0.05,0,1,False,True,0.0,1.0,5455.805224609375
2025-02-27 09:00:00,25,0.05,0,1,False,True,0.0,1.0,4944.870263671875
2025-02-27 10:00:00,25,0.05,0,1,False,True,0.0,1.0,3991.53251953125
2025-02-27 11:00:00,25,0.05,0,1,False,True,0.0,1.0,4356.092456054687
2025-02-27 12:00:00,25,0.05,0,1,False,True,0.0,1.0,5332.436767578125
2025-02-27 13:00:00,25,0.05,0,1,False,True,0.0,1.0,6263.551416015625
2025-02-27 14:00:00,25,0.05,0,1,False,True,0.0,1.0,6678.754614257812
2025-02-27 15:00:00,25,0.05,0,1,False,True,0.0,1.0,6736.769995117187
2025-02-27 16:00:00,25,0.05,0,1,False,True,0.0,1.0,6700.208520507813
2025-02-27 17:00:00,25,0.05,0,1,False,True,0.0,1.0,6643.9781494140625
2025-02-27 18:00:00,25,0.05,0,1,False,True,0.0,1.0,6582.1539306640625
2025-02-27 19:00:00,25,0.05,0,1,False,True,0.0,1.0,6874.095043945313
2025-02-27 20:00:00,25,0.05,0,1,False,True,0.0,1.0,6747.749853515625
2025-02-27 21:00:00,25,0.05,0,1,False,True,0.0,1.0,6755.347265625001
2025-02-27 22:00:00,25,0.05,0,1,False,True,0.0,1.0,6556.952734375
2025-02-27 23:00:00,25,0.05,1,1,True,True,1.0,1.0,6888.879345703125
2025-02-28 00:00:00,25,0.05,1,1,True,True,1.0,1.0,6813.031030273438
2025-02-28 01:00:00,25,0.05,0,1,False,True,0.0,1.0,6898.563745117188
2025-02-28 02:00:00,25,0.05,0,1,False,True,0.0,1.0,6965.2252197265625
2025-02-28 03:00:00,25,0.05,1,1,True,True,1.0,1.0,6619.520971679687
2025-02-28 04:00:00,25,0.05,0,1,False,True,0.0,1.0,6925.976049804687
2025-02-28 05:00:00,25,0.05,1,1,True,True,1.0,1.0,6861.321484375
2025-02-28 06:00:00,25,0.05,0,1,False,True,0.0,1.0,6559.728271484375
2025-02-28 07:00:00,25,0.05,0,1,False,True,0.0,1.0,7456.172094726562
2025-02-28 08:00:00,25,0.05,0,1,False,True,0.0,1.0,9189.41796875
2025-02-28 09:00:00,25,0.05,0,2,False,True,0.0,1.0,9108.95009765625
2025-02-28 10:00:00,25,0.05,0,2,False,True,0.0,1.0,8807.275439453126
2025-02-28 11:00:00,25,0.05,0,1,False,True,0.0,1.0,8958.93447265625
2025-02-28 12:00:00,25,0.05,1,1,True,True,1.0,1.0,8693.822460937501
2025-02-28 13:00:00,25,0.05,1,1,True,True,1.0,1.0,8651.587890625
2025-02-28 14:00:00,25,0.05,0,2,False,True,0.0,1.0,8431.289599609376
2025-02-28 15:00:00,25,0.05,0,1,False,True,0.0,1.0,8415.085205078125
2025-02-28 16:00:00,25,0.05,0,1,False,True,0.0,1.0,8001.6734619140625
2025-02-28 17:00:00,25,0.05,0,1,False,True,0.0,1.0,7860.373120117188
2025-02-28 18:00:00,25,0.05,0,1,False,True,0.0,1.0,7811.2711181640625
2025-02-28 19:00:00,25,0.05,0,1,False,True,0.0,1.0,7528.264331054687
2025-02-28 20:00:00,25,0.05,0,1,False,True,0.0,1.0,7709.690209960938
2025-02-28 21:00:00,25,0.05,0,1,False,True,0.0,1.0,7281.302758789063
2025-02-28 22:00:00,25,0.05,0,1,False,True,0.0,1.0,7821.9561767578125
2025-02-28 23:00:00,25,0.05,0,1,False,True,0.0,1.0,7670.050097656251
2025-03-01 00:00:00,25,0.05,0,1,False,True,0.0,1.0,7433.156665039063
2025-03-01 01:00:00,25,0.05,0,1,False,True,0.0,1.0,7222.595629882813
2025-03-01 02:00:00,25,0.05,0,1,False,True,0.0,1.0,6982.24697265625
2025-03-01 03:00:00,25,0.05,0,1,False,True,0.0,1.0,7490.5159912109375
2025-03-01 04:00:00,25,0.05,0,1,False,True,0.0,1.0,7222.714672851563
2025-03-01 05:00:00,25,0.05,0,1,False,True,0.0,1.0,7345.399487304688
2025-03-01 06:00:00,25,0.05,0,1,False,True,0.0,1.0,6747.5451171875
2025-03-01 07:00:00,25,0.05,0,1,False,True,0.0,1.0,6515.862573242188
2025-03-01 08:00:00,25,0.05,0,1,False,True,0.0,1.0,6908.882104492188
2025-03-01 09:00:00,25,0.05,0,1,False,True,0.0,1.0,6734.79248046875
2025-03-01 10:00:00,25,0.05,0,1,False,True,0.0,1.0,7873.497802734375
2025-03-01 11:00:00,25,0.05,0,1,False,True,0.0,1.0,8634.95849609375
2025-03-01 12:00:00,25,0.05,0,1,False,True,0.0,1.0,8968.4974609375
2025-03-01 13:00:00,25,0.05,0,1,False,True,0.0,1.0,9131.7146484375
2025-03-01 14:00:00,25,0.05,0,1,False,True,0.0,1.0,8864.905712890624
2025-03-01 15:00:00,25,0.05,0,2,False,True,0.0,1.0,8671.0869140625
2025-03-01 16:00:00,25,0.05,1,1,True,True,1.0,1.0,8477.980126953125
2025-03-01 17:00:00,25,0.05,1,1,True,True,1.0,1.0,8369.51826171875
2025-03-01 18:00:00,25,0.05,0,1,False,True,0.0,1.0,8252.2892578125
2025-03-01 19:00:00,25,0.05,0,1,False,True,0.0,1.0,8254.916845703125
2025-03-01 20:00:00,25,0.05,0,1,False,True,0.0,1.0,8232.49345703125
2025-03-01 21:00:00,25,0.05,0,1,False,True,0.0,1.0,8115.483471679688
2025-03-01 22:00:00,25,0.05,0,1,False,True,0.0,1.0,8110.2904052734375
2025-03-01 23:00:00,25,0.05,0,1,False,True,0.0,1.0,8119.0587890625
2025-03-02 00:00:00,25,0.05,0,1,False,True,0.0,1.0,7873.745532226562
2025-03-02 01:00:00,25,0.05,0,1,False,True,0.0,1.0,7689.068920898438
2025-03-02 02:00:00,25,0.05,0,1,False,True,0.0,1.0,7887.394091796875
2025-03-02 03:00:00,25,0.05,0,1,False,True,0.0,1.0,7705.717211914062
2025-03-02 04:00:00,25,0.05,0,2,False,True,0.0,1.0,7574.773608398437
2025-03-02 05:00:00,25,0.05,0,2,False,True,0.0,1.0,7627.792993164063
2025-03-02 06:00:00,25,0.05,0,1,False,True,0.0,1.0,7742.326806640625
2025-03-02 07:00:00,25,0.05,0,1,False,True,0.0,1.0,6963.564916992187
2025-03-02 08:00:00,25,0.05,0,1,False,True,0.0,1.0,6463.7466796875
2025-03-02 09:00:00,25,0.05,0,2,False,True,0.0,1.0,8002.899145507812
2025-03-02 10:00:00,25,0.05,0,1,False,True,0.0,1.0,6775.550366210938
2025-03-02 11:00:00,25,0.05,0,1,False,True,0.0,1.0,6097.857495117188
2025-03-02 12:00:00,25,0.05,0,1,False,True,0.0,1.0,6036.871801757813
2025-03-02 13:00:00,25,0.05,0,1,False,True,0.0,1.0,5739.275830078125
2025-03-02 14:00:00,25,0.05,0,1,False,True,0.0,1.0,5952.042309570313
2025-03-02 15:00:00,25,0.05,0,1,False,True,0.0,1.0,4905.432543945312
2025-03-02 16:00:00,25,0.05,0,1,False,True,0.0,1.0,5087.301953125
2025-03-02 17:00:00,25,0.05,0,1,False,True,0.0,1.0,4521.187182617187
2025-03-02 18:00:00,25,0.05,0,1,False,True,0.0,1.0,5665.257861328125
2025-03-02 19:00:00,25,0.05,0,1,False,True,0.0,1.0,5354.924047851562
2025-03-02 20:00:00,25,0.05,0,1,False,True,0.0,1.0,5791.960107421875
2025-03-02 21:00:00,25,0.05,0,1,False,True,0.0,1.0,5616.8922119140625
2025-03-02 22:00:00,25,0.05,0,1,False,True,0.0,1.0,5667.737377929688
2025-03-02 23:00:00,25,0.05,0,1,False,True,0.0,1.0,5511.618017578125
2025-03-03 00:00:00,25,0.05,1,1,True,True,1.0,1.0,5513.644702148437
2025-03-03 01:00:00,25,0.05,0,1,False,True,0.0,1.0,5480.818896484375
2025-03-03 02:00:00,25,0.05,0,1,False,True,0.0,1.0,5489.4193359375
2025-03-03 03:00:00,25,0.05,0,1,False,True,0.0,1.0,5362.082861328126
2025-03-03 04:00:00,25,0.05,0,1,False,True,0.0,1.0,5265.865966796875
2025-03-03 05:00:00,25,0.05,0,1,False,True,0.0,1.0,5439.407641601562
2025-03-03 06:00:00,25,0.05,0,1,False,True,0.0,1.0,5732.2757568359375
2025-03-03 07:00:00,25,0.05,0,1,False,True,0.0,1.0,5054.253979492188
2025-03-03 08:00:00,25,0.05,0,1,False,True,0.0,1.0,5212.55830078125
2025-03-03 09:00:00,25,0.05,0,2,False,True,0.0,1.0,5508.037622070313
2025-03-03 10:00:00,25,0.05,0,1,False,True,0.0,1.0,2994.0753051757815
2025-03-03 11:00:00,25,0.05,0,2,False,True,0.0,1.0,3401.4451416015627
2025-03-03 12:00:00,25,0.05,0,2,False,True,0.0,1.0,2293.4791748046873
2025-03-03 13:00:00,25,0.05,0,1,False,True,0.0,1.0,2285.320178222656
2025-03-03 14:00:00,25,0.05,0,1,False,True,0.0,1.0,2259.8927612304688
2025-03-03 15:00:00,25,0.05,0,1,False,True,0.0,1.0,2122.0613647460937
2025-03-03 16:00:00,25,0.05,0,1,False,True,0.0,1.0,1777.056463623047
2025-03-03 17:00:00,25,0.05,0,1,False,True,0.0,1.0,1689.5145080566406
2025-03-03 18:00:00,25,0.05,0,1,False,True,0.0,1.0,1723.0402160644533
2025-03-03 19:00:00,25,0.05,0,1,False,True,0.0,1.0,1698.259375
2025-03-03 20:00:00,25,0.05,0,1,False,True,0.0,1.0,1754.4086486816407
2025-03-03 21:00:00,25,0.05,0,1,False,True,0.0,1.0,1831.9491577148438
2025-03-03 22:00:00,25,0.05,0,2,False,True,0.0,1.0,1719.7347717285156
2025-03-03 23:00:00,25,0.05,0,1,False,True,0.0,1.0,1985.5816467285156
2025-03-04 00:00:00,25,0.05,0,1,False,True,0.0,1.0,2251.984411621094
2025-03-04 01:00:00,25,0.05,0,2,False,True,0.0,1.0,2097.8875366210937
2025-03-04 02:00:00,25,0.05,0,1,False,True,0.0,1.0,2286.5755249023437
2025-03-04 03:00:00,25,0.05,0,1,False,True,0.0,1.0,2300.9754272460937
2025-03-04 04:00:00,25,0.05,0,1,False,True,0.0,1.0,2410.009899902344
2025-03-04 05:00:00,25,0.05,0,1,False,True,0.0,1.0,2299.9825073242187
2025-03-04 06:00:00,25,0.05,0,1,False,True,0.0,1.0,2371.2712890625003
2025-03-04 07:00:00,25,0.05,0,2,False,True,0.0,1.0,2397.724560546875
2025-03-04 08:00:00,25,0.05,1,1,True,True,1.0,1.0,3569.374267578125
2025-03-04 09:00:00,25,0.05,0,1,False,True,0.0,1.0,2931.3083374023436
2025-03-04 10:00:00,25,0.05,0,2,False,True,0.0,1.0,2432.786083984375
2025-03-04 11:00:00,25,0.05,0,1,False,True,0.0,1.0,2258.3452636718753
2025-03-04 12:00:00,25,0.05,0,1,False,True,0.0,1.0,1848.6037841796874
2025-03-04 13:00:00,25,0.05,0,1,False,True,0.0,1.0,2707.4358398437503
2025-03-04 14:00:00,25,0.05,0,1,False,True,0.0,1.0,2856.8795776367188
2025-03-04 15:00:00,25,0.05,0,2,False,True,0.0,1.0,2196.454553222656
2025-03-04 16:00:00,25,0.05,0,1,False,True,0.0,1.0,1768.246697998047
2025-03-04 17:00:00,25,0.05,0,1,False,True,0.0,1.0,1572.0264404296877
2025-03-04 18:00:00,25,0.05,0,1,False,True,0.0,1.0,1783.6035766601562
2025-03-04 19:00:00,25,0.05,0,1,False,True,0.0,1.0,1847.8463806152345
2025-03-04 20:00:00,25,0.05,0,1,False,True,0.0,1.0,1897.4806823730469
2025-03-04 21:00:00,25,0.05,0,2,False,True,0.0,1.0,1869.9415283203125
2025-03-04 22:00:00,25,0.05,0,2,False,True,0.0,1.0,1969.7683044433593
2025-03-04 23:00:00,25,0.05,0,1,False,True,0.0,1.0,2044.8314086914063
2025-03-05 00:00:00,25,0.05,0,2,False,True,0.0,1.0,1966.3473693847657
2025-03-05 01:00:00,25,0.05,0,1,False,True,0.0,1.0,2022.3667114257812
2025-03-05 02:00:00,25,0.05,0,1,False,True,0.0,1.0,1937.7606811523438
2025-03-05 03:00:00,25,0.05,0,1,False,True,0.0,1.0,2002.9890075683593
2025-03-05 04:00:00,25,0.05,0,1,False,True,0.0,1.0,1967.7566711425782
2025-03-05 05:00:00,25,0.05,0,2,False,True,0.0,1.0,1982.7300354003908
2025-03-05 06:00:00,25,0.05,0,2,False,True,0.0,1.0,1915.542333984375
2025-03-05 07:00:00,25,0.05,0,1,False,True,0.0,1.0,1705.3970031738281
2025-03-05 08:00:00,25,0.05,0,2,False,True,0.0,1.0,1446.43974609375
2025-03-05 09:00:00,25,0.05,0,2,False,True,0.0,1.0,1495.3344665527343
2025-03-05 10:00:00,25,0.05,0,1,False,True,0.0,1.0,1669.5779907226563
2025-03-05 11:00:00,25,0.05,0,1,False,True,0.0,1.0,1554.1683166503906
2025-03-05 12:00:00,25,0.05,0,1,False,True,0.0,1.0,1769.7927307128907
2025-03-05 13:00:00,25,0.05,0,1,False,True,0.0,1.0,1158.586279296875
2025-03-05 14:00:00,25,0.05,0,2,False,True,0.0,1.0,763.0766906738281
2025-03-05 15:00:00,25,0.05,0,1,False,True,0.0,1.0,776.4186401367188
2025-03-05 16:00:00,25,0.05,0,1,False,True,0.0,1.0,669.9922668457032
2025-03-05 17:00:00,25,0.05,0,2,False,True,0.0,1.0,761.7941131591797
2025-03-05 18:00:00,25,0.05,0,1,False,True,0.0,1.0,796.2492218017579
2025-03-05 19:00:00,25,0.05,0,2,False,True,0.0,1.0,739.5893432617188
2025-03-05 20:00:00,25,0.05,0,2,False,True,0.0,1.0,739.028353881836
2025-03-05 21:00:00,25,0.05,0,1,False,True,0.0,1.0,703.6556915283203
2025-03-05 22:00:00,25,0.05,0,2,False,True,0.0,1.0,819.9416656494141
2025-03-05 23:00:00,25,0.05,0,2,False,True,0.0,1.0,772.6161895751953
2025-03-06 00:00:00,25,0.05,0,1,False,True,0.0,1.0,839.414306640625
2025-03-06 01:00:00,25,0.05,0,1,False,True,0.0,1.0,872.7476837158204
2025-03-06 02:00:00,25,0.05,0,1,False,True,0.0,1.0,877.3781463623047
2025-03-06 03:00:00,25,0.05,0,2,False,True,0.0,1.0,741.3892364501954
2025-03-06 04:00:00,25,0.05,0,2,False,True,0.0,1.0,819.2349212646484
2025-03-06 05:00:00,25,0.05,0,3,False,True,0.0,1.0,831.115365600586
2025-03-06 06:00:00,25,0.05,0,2,False,True,0.0,1.0,923.1588958740234
2025-03-06 07:00:00,25,0.05,0,2,False,True,0.0,1.0,870.3501647949219
2025-03-06 08:00:00,25,0.05,0,1,False,True,0.0,1.0,1002.5055084228516
2025-03-06 09:00:00,25,0.05,0,1,False,True,0.0,1.0,1399.9992309570314
2025-03-06 10:00:00,25,0.05,0,1,False,True,0.0,1.0,1827.2975280761718
2025-03-06 11:00:00,25,0.05,0,1,False,True,0.0,1.0,1427.891064453125
2025-03-06 12:00:00,25,0.05,0,1,False,True,0.0,1.0,1710.0084167480468
2025-03-06 13:00:00,25,0.05,0,1,False,True,0.0,1.0,1893.9681762695313
2025-03-06 14:00:00,25,0.05,0,2,False,True,0.0,1.0,1743.8784790039062
2025-03-06 15:00:00,25,0.05,0,1,False,True,0.0,1.0,1801.8613586425781
2025-03-06 16:00:00,25,0.05,0,1,False,True,0.0,1.0,1840.200439453125
2025-03-06 17:00:00,25,0.05,0,1,False,True,0.0,1.0,1787.2733154296875
2025-03-06 18:00:00,25,0.05,0,1,False,True,0.0,1.0,1722.6147094726562
2025-03-06 19:00:00,25,0.05,0,2,False,True,0.0,1.0,1686.0937622070312
2025-03-06 20:00:00,25,0.05,0,1,False,True,0.0,1.0,1621.0682861328125
2025-03-06 21:00:00,25,0.05,0,1,False,True,0.0,1.0,1641.0677001953125
2025-03-06 22:00:00,25,0.05,0,1,False,True,0.0,1.0,1696.12744140625
2025-03-06 23:00:00,25,0.05,0,1,False,True,0.0,1.0,1616.3940490722657
2025-03-07 00:00:00,25,0.05,0,1,False,True,0.0,1.0,1668.10302734375
2025-03-07 01:00:00,25,0.05,0,1,False,True,0.0,1.0,1780.7827758789062
2025-03-07 02:00:00,25,0.05,0,2,False,True,0.0,1.0,1720.4738525390626
2025-03-07 03:00:00,25,0.05,0,1,False,True,0.0,1.0,1669.0180358886719
2025-03-07 04:00:00,25,0.05,0,1,False,True,0.0,1.0,1766.2409606933593
2025-03-07 05:00:00,25,0.05,0,1,False,True,0.0,1.0,1762.2394775390626
2025-03-07 06:00:00,25,0.05,0,1,False,True,0.0,1.0,1738.9638549804688
2025-03-07 07:00:00,25,0.05,0,1,False,True,0.0,1.0,1506.9493713378906
2025-03-07 08:00:00,25,0.05,0,1,False,True,0.0,1.0,1517.3027893066405
2025-03-07 09:00:00,25,0.05,0,1,False,True,0.0,1.0,1650.5856811523438
2025-03-07 10:00:00,25,0.05,0,1,False,True,0.0,1.0,1740.0380615234376
2025-03-07 11:00:00,25,0.05,0,1,False,True,0.0,1.0,2262.996472167969
2025-03-07 12:00:00,25,0.05,0,1,False,True,0.0,1.0,2326.6908203125
2025-03-07 13:00:00,25,0.05,0,1,False,True,0.0,1.0,2270.0110717773437
2025-03-07 14:00:00,25,0.05,0,1,False,True,0.0,1.0,1921.50751953125
2025-03-07 15:00:00,25,0.05,0,1,False,True,0.0,1.0,1986.3983398437501
2025-03-07 16:00:00,25,0.05,0,1,False,True,0.0,1.0,2094.3601196289064
2025-03-07 17:00:00,25,0.05,0,2,False,True,0.0,1.0,2124.9598388671875
2025-03-07 18:00:00,25,0.05,0,1,False,True,0.0,1.0,2030.22802734375
2025-03-07 19:00:00,25,0.05,0,1,False,True,0.0,1.0,1867.9179382324219
2025-03-07 20:00:00,25,0.05,0,1,False,True,0.0,1.0,1946.7489990234376
2025-03-07 21:00:00,25,0.05,0,1,False,True,0.0,1.0,1998.2927368164062
2025-03-07 22:00:00,25,0.05,0,1,False,True,0.0,1.0,1914.5211120605468
2025-03-07 23:00:00,25,0.05,0,1,False,True,0.0,1.0,2037.7770385742188
2025-03-08 00:00:00,25,0.05,0,1,False,True,0.0,1.0,2149.379040527344
2025-03-08 01:00:00,25,0.05,0,2,False,True,0.0,1.0,2004.6486083984375
2025-03-08 02:00:00,25,0.05,0,2,False,True,0.0,1.0,2069.7010375976565
2025-03-08 03:00:00,25,0.05,0,1,False,True,0.0,1.0,2102.0505493164064
2025-03-08 04:00:00,25,0.05,0,1,False,True,0.0,1.0,2029.7325317382813
2025-03-08 05:00:00,25,0.05,0,1,False,True,0.0,1.0,1975.1952514648438
2025-03-08 06:00:00,25,0.05,0,1,False,True,0.0,1.0,1926.7925170898438
2025-03-08 07:00:00,25,0.05,0,1,False,True,0.0,1.0,1896.3001892089844
2025-03-08 08:00:00,25,0.05,0,1,False,True,0.0,1.0,1679.6246765136718
2025-03-08 09:00:00,25,0.05,0,1,False,True,0.0,1.0,1823.6761962890625
2025-03-08 10:00:00,25,0.05,0,1,False,True,0.0,1.0,2196.3113647460937
2025-03-08 11:00:00,25,0.05,0,1,False,True,0.0,1.0,2887.5048217773438
2025-03-08 12:00:00,25,0.05,0,1,False,True,0.0,1.0,3167.5788452148436
2025-03-08 13:00:00,25,0.05,0,1,False,True,0.0,1.0,3196.4662109375
2025-03-08 14:00:00,25,0.05,0,1,False,True,0.0,1.0,3029.349890136719
2025-03-08 15:00:00,25,0.05,0,1,False,True,0.0,1.0,3426.343005371094
2025-03-08 16:00:00,25,0.05,0,1,False,True,0.0,1.0,3403.7957031250003
2025-03-08 17:00:00,25,0.05,0,1,False,True,0.0,1.0,3672.8773803710938
2025-03-08 18:00:00,25,0.05,0,2,False,True,0.0,1.0,3299.66259765625
2025-03-08 19:00:00,25,0.05,0,1,False,True,0.0,1.0,3330.7076416015625
2025-03-08 20:00:00,25,0.05,0,1,False,True,0.0,1.0,3329.3605712890626
2025-03-08 21:00:00,25,0.05,0,1,False,True,0.0,1.0,3636.4179931640624
2025-03-08 22:00:00,25,0.05,0,1,False,True,0.0,1.0,3125.8334350585938
2025-03-08 23:00:00,25,0.05,0,1,False,True,0.0,1.0,3356.06748046875
2025-03-09 00:00:00,25,0.05,0,1,False,True,0.0,1.0,3217.178466796875
2025-03-09 01:00:00,25,0.05,0,2,False,True,0.0,1.0,3239.230187988281
2025-03-09 02:00:00,25,0.05,0,1,False,True,0.0,1.0,2915.110144042969
2025-03-09 03:00:00,25,0.05,0,1,False,True,0.0,1.0,2943.54140625
2025-03-09 04:00:00,25,0.05,0,1,False,True,0.0,1.0,3347.4782104492188
2025-03-09 05:00:00,25,0.05,0,1,False,True,0.0,1.0,3115.7585205078126
2025-03-09 06:00:00,25,0.05,0,1,False,True,0.0,1.0,2709.9527954101563
2025-03-09 07:00:00,25,0.05,0,1,False,True,0.0,1.0,3514.192419433594
2025-03-09 08:00:00,25,0.05,0,1,False,True,0.0,1.0,3554.603759765625
2025-03-09 09:00:00,25,0.05,0,1,False,True,0.0,1.0,5395.027001953125
2025-03-09 10:00:00,25,0.05,0,1,False,True,0.0,1.0,5599.739233398437
2025-03-09 11:00:00,25,0.05,0,1,False,True,0.0,1.0,6425.001977539063
2025-03-09 12:00:00,25,0.05,0,2,False,True,0.0,1.0,7810.834692382812
2025-03-09 13:00:00,25,0.05,0,2,False,True,0.0,1.0,8443.77548828125
2025-03-09 14:00:00,25,0.05,0,1,False,True,0.0,1.0,7395.9708984375
2025-03-09 15:00:00,25,0.05,0,1,False,True,0.0,1.0,7036.9728515625
2025-03-09 16:00:00,25,0.05,0,1,False,True,0.0,1.0,6986.687744140625
2025-03-09 17:00:00,25,0.05,0,1,False,True,0.0,1.0,6902.68994140625
2025-03-09 18:00:00,25,0.05,0,1,False,True,0.0,1.0,6674.420703125
2025-03-09 19:00:00,25,0.05,0,1,False,True,0.0,1.0,6804.527001953125
2025-03-09 20:00:00,25,0.05,0,1,False,True,0.0,1.0,6538.203540039062
2025-03-09 21:00:00,25,0.05,0,1,False,True,0.0,1.0,6798.261645507812
2025-03-09 22:00:00,25,0.05,1,1,True,True,1.0,1.0,7054.022436523438
2025-03-09 23:00:00,25,0.05,0,2,False,True,0.0,1.0,6983.53369140625
2025-03-10 00:00:00,25,0.05,1,1,True,True,1.0,1.0,7112.928173828125
2025-03-10 01:00:00,25,0.05,0,1,False,True,0.0,1.0,7338.471459960938
2025-03-10 02:00:00,25,0.05,0,1,False,True,0.0,1.0,6946.133813476563
2025-03-10 03:00:00,25,0.05,0,1,False,True,0.0,1.0,7173.310644531251
2025-03-10 04:00:00,25,0.05,0,1,False,True,0.0,1.0,7708.259301757813
2025-03-10 05:00:00,25,0.05,0,1,False,True,0.0,1.0,6630.770263671875
2025-03-10 06:00:00,25,0.05,0,1,False,True,0.0,1.0,6562.991479492188
2025-03-10 07:00:00,25,0.05,0,1,False,True,0.0,1.0,8093.7865234375
2025-03-10 08:00:00,25,0.05,0,2,False,True,0.0,1.0,9117.544775390625
2025-03-10 09:00:00,25,0.05,0,1,False,True,0.0,1.0,9052.436572265626
2025-03-10 10:00:00,25,0.05,0,1,False,True,0.0,1.0,8996.772802734375
2025-03-10 11:00:00,25,0.05,0,1,False,True,0.0,1.0,9201.408349609375
2025-03-10 12:00:00,25,0.05,0,1,False,True,0.0,1.0,8890.558447265625
2025-03-10 13:00:00,25,0.05,0,1,False,True,0.0,1.0,8250.31630859375
2025-03-10 14:00:00,25,0.05,0,1,False,True,0.0,1.0,8105.589306640625
2025-03-10 15:00:00,25,0.05,0,2,False,True,0.0,1.0,7895.850634765625
2025-03-10 16:00:00,25,0.05,0,1,False,True,0.0,1.0,7598.941674804688
2025-03-10 17:00:00,25,0.05,0,1,False,True,0.0,1.0,7411.1349609375
2025-03-10 18:00:00,25,0.05,0,2,False,True,0.0,1.0,7889.126708984375
2025-03-10 19:00:00,25,0.05,0,2,False,True,0.0,1.0,7673.506762695312
2025-03-10 20:00:00,25,0.05,1,1,True,True,1.0,1.0,7860.731054687501
2025-03-10 21:00:00,25,0.05,0,1,False,True,0.0,1.0,7824.39873046875
2025-03-10 22:00:00,25,0.05,0,3,False,True,0.0,1.0,8057.973779296875
2025-03-10 23:00:00,25,0.05,0,1,False,True,0.0,1.0,7583.810546875
2025-03-11 00:00:00,25,0.05,0,2,False,True,0.0,1.0,8111.367700195313
2025-03-11 01:00:00,25,0.05,0,1,False,True,0.0,1.0,8215.347607421874
2025-03-11 02:00:00,25,0.05,0,1,False,True,0.0,1.0,8274.321923828125
2025-03-11 03:00:00,25,0.05,0,1,False,True,0.0,1.0,8157.980908203125
2025-03-11 04:00:00,25,0.05,0,1,False,True,0.0,1.0,8436.43662109375
2025-03-11 05:00:00,25,0.05,0,1,False,True,0.0,1.0,7702.933642578125
2025-03-11 06:00:00,25,0.05,0,1,False,True,0.0,1.0,7691.520483398438
2025-03-11 07:00:00,25,0.05,0,2,False,True,0.0,1.0,6925.508032226562
2025-03-11 08:00:00,25,0.05,0,1,False,True,0.0,1.0,6681.7467041015625
2025-03-11 09:00:00,25,0.05,0,1,False,True,0.0,1.0,7117.71953125
2025-03-11 10:00:00,25,0.05,0,1,False,True,0.0,1.0,6897.22197265625
2025-03-11 11:00:00,25,0.05,0,1,False,True,0.0,1.0,7833.107568359375
2025-03-11 12:00:00,25,0.05,0,1,False,True,0.0,1.0,7643.404760742187
2025-03-11 13:00:00,25,0.05,0,1,False,True,0.0,1.0,8136.075903320313
2025-03-11 14:00:00,25,0.05,0,1,False,True,0.0,1.0,7977.300805664063
2025-03-11 15:00:00,25,0.05,0,1,False,True,0.0,1.0,7713.357641601562
2025-03-11 16:00:00,25,0.05,0,1,False,True,0.0,1.0,7361.6689453125
2025-03-11 17:00:00,25,0.05,0,1,False,True,0.0,1.0,7272.066552734375
2025-03-11 18:00:00,25,0.05,0,1,False,True,0.0,1.0,7639.987646484375
2025-03-11 19:00:00,25,0.05,0,2,False,True,0.0,1.0,7529.533544921875
2025-03-11 20:00:00,25,0.05,0,1,False,True,0.0,1.0,7494.139428710938
2025-03-11 21:00:00,25,0.05,1,1,True,True,1.0,1.0,7497.0086669921875
2025-03-11 22:00:00,25,0.05,0,1,False,True,0.0,1.0,7204.920629882812
2025-03-11 23:00:00,25,0.05,0,2,False,True,0.0,1.0,7346.393139648438
2025-03-12 00:00:00,25,0.05,0,1,False,True,0.0,1.0,7035.36005859375
2025-03-12 01:00:00,25,0.05,1,2,True,True,1.0,1.0,7267.6536865234375
2025-03-12 02:00:00,25,0.05,0,1,False,True,0.0,1.0,6995.915356445313
2025-03-12 03:00:00,25,0.05,1,1,True,True,1.0,1.0,6813.065771484376
2025-03-12 04:00:00,25,0.05,0,1,False,True,0.0,1.0,7125.674560546875
2025-03-12 05:00:00,25,0.05,0,1,False,True,0.0,1.0,7350.2679443359375
2025-03-12 06:00:00,25,0.05,0,1,False,True,0.0,1.0,6484.547314453125
2025-03-12 07:00:00,25,0.05,0,1,False,True,0.0,1.0,7260.620654296876
2025-03-12 08:00:00,25,0.05,0,1,False,True,0.0,1.0,8211.1203125
2025-03-12 09:00:00,25,0.05,0,1,False,True,0.0,1.0,6054.02880859375
2025-03-12 10:00:00,25,0.05,0,2,False,True,0.0,1.0,4743.848461914063
2025-03-12 11:00:00,25,0.05,0,1,False,True,0.0,1.0,5212.5490234375
2025-03-12 12:00:00,25,0.05,0,1,False,True,0.0,1.0,6204.309301757813
2025-03-12 13:00:00,25,0.05,0,1,False,True,0.0,1.0,6150.8837890625
2025-03-12 14:00:00,25,0.05,1,1,True,True,1.0,1.0,4612.025439453125
2025-03-12 15:00:00,25,0.05,0,1,False,True,0.0,1.0,4073.3599365234377
2025-03-12 16:00:00,25,0.05,0,1,False,True,0.0,1.0,3587.9749145507812
2025-03-12 17:00:00,25,0.05,0,1,False,True,0.0,1.0,3769.6506103515626
2025-03-12 18:00:00,25,0.05,0,1,False,True,0.0,1.0,3225.5139892578127
2025-03-12 19:00:00,25,0.05,0,2,False,True,0.0,1.0,3083.8363647460938
2025-03-12 20:00:00,25,0.05,0,2,False,True,0.0,1.0,3037.362634277344
2025-03-12 21:00:00,25,0.05,0,1,False,True,0.0,1.0,3034.510668945313
2025-03-12 22:00:00,25,0.05,0,1,False,True,0.0,1.0,2984.095849609375
2025-03-12 23:00:00,25,0.05,0,1,False,True,0.0,1.0,3093.5117065429686
2025-03-13 00:00:00,25,0.05,0,2,False,True,0.0,1.0,3245.5658569335938
2025-03-13 01:00:00,25,0.05,0,1,False,True,0.0,1.0,3059.9172119140626
2025-03-13 02:00:00,25,0.05,0,1,False,True,0.0,1.0,3086.910681152344
2025-03-13 03:00:00,25,0.05,0,2,False,True,0.0,1.0,3265.2273681640627
2025-03-13 04:00:00,25,0.05,0,1,False,True,0.0,1.0,3087.901892089844
2025-03-13 05:00:00,25,0.05,0,1,False,True,0.0,1.0,3379.3955566406253
2025-03-13 06:00:00,25,0.05,0,1,False,True,0.0,1.0,3069.841662597656
2025-03-13 07:00:00,25,0.05,0,1,False,True,0.0,1.0,3536.6811279296876
2025-03-13 08:00:00,25,0.05,0,2,False,True,0.0,1.0,4195.581591796875
2025-03-13 09:00:00,25,0.05,0,1,False,True,0.0,1.0,2680.5313720703125
2025-03-13 10:00:00,25,0.05,0,1,False,True,0.0,1.0,2383.12890625
2025-03-13 11:00:00,25,0.05,0,2,False,True,0.0,1.0,2403.7771118164064
2025-03-13 12:00:00,25,0.05,0,1,False,True,0.0,1.0,3176.5015502929687
2025-03-13 13:00:00,25,0.05,0,2,False,True,0.0,1.0,4186.150805664062
2025-03-13 14:00:00,25,0.05,0,1,False,True,0.0,1.0,3371.210095214844
2025-03-13 15:00:00,25,0.05,0,1,False,True,0.0,1.0,3233.8561401367188
2025-03-13 16:00:00,25,0.05,0,1,False,True,0.0,1.0,3483.3868408203125
2025-03-13 17:00:00,25,0.05,0,2,False,True,0.0,1.0,3404.9733032226563
2025-03-13 18:00:00,25,0.05,0,1,False,True,0.0,1.0,3340.53671875
2025-03-13 19:00:00,25,0.05,0,1,False,True,0.0,1.0,3393.1420166015623
2025-03-13 20:00:00,25,0.05,0,1,False,True,0.0,1.0,3172.5386352539062
2025-03-13 21:00:00,25,0.05,0,1,False,True,0.0,1.0,3222.3175415039063
2025-03-13 22:00:00,25,0.05,0,1,False,True,0.0,1.0,3239.6907714843755
2025-03-13 23:00:00,25,0.05,0,1,False,True,0.0,1.0,3281.6015747070314
2025-03-14 00:00:00,25,0.05,0,1,False,True,0.0,1.0,3296.104699707031
2025-03-14 01:00:00,25,0.05,0,1,False,True,0.0,1.0,3349.5165405273438
2025-03-14 02:00:00,25,0.05,0,1,False,True,0.0,1.0,3564.24404296875
2025-03-14 03:00:00,25,0.05,0,1,False,True,0.0,1.0,3373.5772216796877
2025-03-14 04:00:00,25,0.05,0,1,False,True,0.0,1.0,3607.959509277344
2025-03-14 05:00:00,25,0.05,0,1,False,True,0.0,1.0,3795.0941772460938
2025-03-14 06:00:00,25,0.05,0,2,False,True,0.0,1.0,3536.6520874023436
2025-03-14 07:00:00,25,0.05,0,2,False,True,0.0,1.0,2990.632250976563
2025-03-14 08:00:00,25,0.05,0,1,False,True,0.0,1.0,3684.0287109375004
2025-03-14 09:00:00,25,0.05,0,1,False,True,0.0,1.0,3981.259729003906
2025-03-14 10:00:00,25,0.05,0,2,False,True,0.0,1.0,2646.3397827148438
2025-03-14 11:00:00,25,0.05,0,2,False,True,0.0,1.0,2080.3046264648438
2025-03-14 12:00:00,25,0.05,0,1,False,True,0.0,1.0,2139.3818603515624
2025-03-14 13:00:00,25,0.05,0,2,False,True,0.0,1.0,1739.8942749023438
2025-03-14 14:00:00,25,0.05,0,1,False,True,0.0,1.0,1653.2820068359376
2025-03-14 15:00:00,25,0.05,0,1,False,True,0.0,1.0,1856.5761962890626
2025-03-14 16:00:00,25,0.05,0,1,False,True,0.0,1.0,1539.8372009277343
2025-03-14 17:00:00,25,0.05,0,1,False,True,0.0,1.0,1572.1059082031252
2025-03-14 18:00:00,25,0.05,0,1,False,True,0.0,1.0,1571.4271606445313
2025-03-14 19:00:00,25,0.05,0,2,False,True,0.0,1.0,1596.6627258300782
2025-03-14 20:00:00,25,0.05,0,1,False,True,0.0,1.0,1493.4987670898438
2025-03-14 21:00:00,25,0.05,0,1,False,True,0.0,1.0,1565.0611267089844
2025-03-14 22:00:00,25,0.05,0,1,False,True,0.0,1.0,1510.9897155761719
2025-03-14 23:00:00,25,0.05,0,1,False,True,0.0,1.0,1649.093701171875
2025-03-15 00:00:00,25,0.05,0,2,False,True,0.0,1.0,1632.1821411132812
2025-03-15 01:00:00,25,0.05,0,1,False,True,0.0,1.0,1619.4675354003907
2025-03-15 02:00:00,25,0.05,0,1,False,True,0.0,1.0,1683.7779724121094
2025-03-15 03:00:00,25,0.05,0,1,False,True,0.0,1.0,1649.7518310546875
2025-03-15 04:00:00,25,0.05,0,1,False,True,0.0,1.0,1506.6456542968751
2025-03-15 05:00:00,25,0.05,0,1,False,True,0.0,1.0,1627.1760986328125
2025-03-15 06:00:00,25,0.05,0,1,False,True,0.0,1.0,1598.9711608886719
2025-03-15 07:00:00,25,0.05,0,1,False,True,0.0,1.0,1551.6233459472658
2025-03-15 08:00:00,25,0.05,0,1,False,True,0.0,1.0,1791.3125549316405
2025-03-15 09:00:00,25,0.05,0,1,False,True,0.0,1.0,1044.5039855957032
2025-03-15 10:00:00,25,0.05,0,1,False,True,0.0,1.0,1158.5236694335938
2025-03-15 11:00:00,25,0.05,0,1,False,True,0.0,1.0,855.2264923095703
2025-03-15 12:00:00,25,0.05,0,1,False,True,0.0,1.0,886.1661346435546
2025-03-15 13:00:00,25,0.05,0,1,False,True,0.0,1.0,720.6687133789063
2025-03-15 14:00:00,25,0.05,0,1,False,True,0.0,1.0,837.4435943603515
2025-03-15 15:00:00,25,0.05,0,2,False,True,0.0,1.0,532.9759857177735
2025-03-15 16:00:00,25,0.05,0,1,False,True,0.0,1.0,532.4015106201173
2025-03-15 17:00:00,25,0.05,0,2,False,True,0.0,1.0,526.9719268798829
2025-03-15 18:00:00,25,0.05,0,2,False,True,0.0,1.0,734.4525756835938
2025-03-15 19:00:00,25,0.05,0,1,False,True,0.0,1.0,891.1884948730469
2025-03-15 20:00:00,25,0.05,0,1,False,True,0.0,1.0,820.3989318847656
2025-03-15 21:00:00,25,0.05,0,2,False,True,0.0,1.0,1059.055194091797
2025-03-15 22:00:00,25,0.05,0,2,False,True,0.0,1.0,888.2713470458986
2025-03-15 23:00:00,25,0.05,0,2,False,True,0.0,1.0,1003.1435119628907
2025-03-16 00:00:00,25,0.05,0,1,False,True,0.0,1.0,1035.4657958984376
2025-03-16 01:00:00,25,0.05,0,3,False,True,0.0,1.0,862.4285278320312
2025-03-16 02:00:00,25,0.05,0,1,False,True,0.0,1.0,755.0663848876953
2025-03-16 03:00:00,25,0.05,0,1,False,True,0.0,1.0,746.3421112060547
2025-03-16 04:00:00,25,0.05,0,1,False,True,0.0,1.0,964.5730743408203
2025-03-16 05:00:00,25,0.05,0,1,False,True,0.0,1.0,1155.7266723632813
2025-03-16 06:00:00,25,0.05,0,1,False,True,0.0,1.0,874.7266967773438
2025-03-16 07:00:00,25,0.05,0,2,False,True,0.0,1.0,720.1962677001953
2025-03-16 08:00:00,25,0.05,0,1,False,True,0.0,1.0,793.0887145996094
2025-03-16 09:00:00,25,0.05,0,1,False,True,0.0,1.0,821.1389099121094
2025-03-16 10:00:00,25,0.05,0,1,False,True,0.0,1.0,965.5534851074219
2025-03-16 11:00:00,25,0.05,0,1,False,True,0.0,1.0,1619.6110717773438
2025-03-16 12:00:00,25,0.05,0,1,False,True,0.0,1.0,1743.0485595703126
2025-03-16 13:00:00,25,0.05,0,2,False,True,0.0,1.0,1475.9834106445312
2025-03-16 14:00:00,25,0.05,0,2,False,True,0.0,1.0,1459.6221496582032
2025-03-16 15:00:00,25,0.05,0,1,False,True,0.0,1.0,1589.8703491210938
2025-03-16 16:00:00,25,0.05,0,1,False,True,0.0,1.0,1155.0578369140626
2025-03-16 17:00:00,25,0.05,0,1,False,True,0.0,1.0,1053.2527221679688
2025-03-16 18:00:00,25,0.05,0,1,False,True,0.0,1.0,1514.7703186035155
2025-03-16 19:00:00,25,0.05,0,1,False,True,0.0,1.0,1300.3520812988281
2025-03-16 20:00:00,25,0.05,0,1,False,True,0.0,1.0,1430.0240417480468
2025-03-16 21:00:00,25,0.05,0,1,False,True,0.0,1.0,1411.3456237792968
2025-03-16 22:00:00,25,0.05,0,1,False,True,0.0,1.0,1505.0690795898438
2025-03-16 23:00:00,25,0.05,0,1,False,True,0.0,1.0,1319.390155029297
2025-03-17 00:00:00,25,0.05,0,1,False,True,0.0,1.0,1662.2218383789063
2025-03-17 01:00:00,25,0.05,0,1,False,True,0.0,1.0,1677.735858154297
2025-03-17 02:00:00,25,0.05,0,2,False,True,0.0,1.0,1744.6698181152344
2025-03-17 03:00:00,25,0.05,0,1,False,True,0.0,1.0,1650.7071655273437
2025-03-17 04:00:00,25,0.05,0,1,False,True,0.0,1.0,1644.4767150878906
2025-03-17 05:00:00,25,0.05,0,1,False,True,0.0,1.0,1608.570977783203
2025-03-17 06:00:00,25,0.05,0,1,False,True,0.0,1.0,1897.9584167480468
2025-03-17 07:00:00,25,0.05,0,1,False,True,0.0,1.0,1557.2648681640626
2025-03-17 08:00:00,25,0.05,0,1,False,True,0.0,1.0,1394.3728332519531
2025-03-17 09:00:00,25,0.05,0,2,False,True,0.0,1.0,1705.3192321777344
2025-03-17 10:00:00,25,0.05,0,1,False,True,0.0,1.0,1926.2456115722657
2025-03-17 11:00:00,25,0.05,0,1,False,True,0.0,1.0,2291.8446655273438
2025-03-17 12:00:00,25,0.05,0,1,False,True,0.0,1.0,2735.695703125
2025-03-17 13:00:00,25,0.05,0,1,False,True,0.0,1.0,2773.5991455078124
2025-03-17 14:00:00,25,0.05,0,1,False,True,0.0,1.0,3374.9367919921874
2025-03-17 15:00:00,25,0.05,0,1,False,True,0.0,1.0,3479.178466796875
2025-03-17 16:00:00,25,0.05,0,1,False,True,0.0,1.0,3956.28173828125
2025-03-17 17:00:00,25,0.05,0,1,False,True,0.0,1.0,4124.955541992187
2025-03-17 18:00:00,25,0.05,0,1,False,True,0.0,1.0,3127.1273071289065
2025-03-17 19:00:00,25,0.05,0,2,False,True,0.0,1.0,2873.511645507813
2025-03-17 20:00:00,25,0.05,0,2,False,True,0.0,1.0,2880.3310180664066
2025-03-17 21:00:00,25,0.05,0,1,False,True,0.0,1.0,3112.3241333007813
2025-03-17 22:00:00,25,0.05,0,1,False,True,0.0,1.0,3209.1149780273436
2025-03-17 23:00:00,25,0.05,0,1,False,True,0.0,1.0,2934.5829345703123
2025-03-18 00:00:00,25,0.05,0,2,False,True,0.0,1.0,3294.588586425781
2025-03-18 01:00:00,25,0.05,0,1,False,True,0.0,1.0,3505.778076171875
2025-03-18 02:00:00,25,0.05,0,1,False,True,0.0,1.0,3590.3195556640626
2025-03-18 03:00:00,25,0.05,0,2,False,True,0.0,1.0,3735.8042602539067
2025-03-18 04:00:00,25,0.05,0,1,False,True,0.0,1.0,3455.6124267578125
2025-03-18 05:00:00,25,0.05,0,1,False,True,0.0,1.0,3813.82587890625
2025-03-18 06:00:00,25,0.05,0,1,False,True,0.0,1.0,3990.17783203125
2025-03-18 07:00:00,25,0.05,0,1,False,True,0.0,1.0,3765.372277832031
2025-03-18 08:00:00,25,0.05,0,1,False,True,0.0,1.0,3466.6722412109375
2025-03-18 09:00:00,25,0.05,0,1,False,True,0.0,1.0,3082.8952880859374
2025-03-18 10:00:00,25,0.05,0,1,False,True,0.0,1.0,2954.252233886719
2025-03-18 11:00:00,25,0.05,0,2,False,True,0.0,1.0,3224.865234375
2025-03-18 12:00:00,25,0.05,0,1,False,True,0.0,1.0,2557.2919921875
2025-03-18 13:00:00,25,0.05,0,1,False,True,0.0,1.0,2701.8697509765625
2025-03-18 14:00:00,25,0.05,0,1,False,True,0.0,1.0,2211.4562255859373
2025-03-18 15:00:00,25,0.05,0,1,False,True,0.0,1.0,2537.99091796875
2025-03-18 16:00:00,25,0.05,0,1,False,True,0.0,1.0,2635.5564697265627
2025-03-18 17:00:00,25,0.05,0,1,False,True,0.0,1.0,3013.4832397460937
2025-03-18 18:00:00,25,0.05,0,1,False,True,0.0,1.0,2702.2092895507812
2025-03-18 19:00:00,25,0.05,0,1,False,True,0.0,1.0,3005.11142578125
2025-03-18 20:00:00,25,0.05,0,2,False,True,0.0,1.0,2855.4724243164064
2025-03-18 21:00:00,25,0.05,0,2,False,True,0.0,1.0,2972.5741577148438
2025-03-18 22:00:00,25,0.05,0,2,False,True,0.0,1.0,2566.084948730469
2025-03-18 23:00:00,25,0.05,0,2,False,True,0.0,1.0,2881.3421264648437
2025-03-19 00:00:00,25,0.05,0,2,False,True,0.0,1.0,3359.1037109375
2025-03-19 01:00:00,25,0.05,0,1,False,True,0.0,1.0,3588.394323730469
2025-03-19 02:00:00,25,0.05,0,1,False,True,0.0,1.0,3524.6829467773437
2025-03-19 03:00:00,25,0.05,0,1,False,True,0.0,1.0,3737.84775390625
2025-03-19 04:00:00,25,0.05,0,2,False,True,0.0,1.0,3704.1370239257812
2025-03-19 05:00:00,25,0.05,0,2,False,True,0.0,1.0,3606.6906127929688
2025-03-19 06:00:00,25,0.05,0,1,False,True,0.0,1.0,2963.037463378906
2025-03-19 07:00:00,25,0.05,0,2,False,True,0.0,1.0,2728.9014526367187
2025-03-19 08:00:00,25,0.05,0,1,False,True,0.0,1.0,2571.6553588867187
2025-03-19 09:00:00,25,0.05,0,1,False,True,0.0,1.0,2941.728271484375
2025-03-19 10:00:00,25,0.05,0,1,False,True,0.0,1.0,3833.9798583984375
2025-03-19 11:00:00,25,0.05,0,1,False,True,0.0,1.0,5014.526586914062
2025-03-19 12:00:00,25,0.05,1,1,True,True,1.0,1.0,6930.611108398438
2025-03-19 13:00:00,25,0.05,0,1,False,True,0.0,1.0,7694.053051757813
2025-03-19 14:00:00,25,0.05,0,1,False,True,0.0,1.0,7525.1971435546875
2025-03-19 15:00:00,25,0.05,0,1,False,True,0.0,1.0,7406.9568359375
2025-03-19 16:00:00,25,0.05,0,2,False,True,0.0,1.0,7258.4302978515625
2025-03-19 17:00:00,25,0.05,0,1,False,True,0.0,1.0,7590.609057617187
2025-03-19 18:00:00,25,0.05,0,1,False,True,0.0,1.0,7375.365014648438
2025-03-19 19:00:00,25,0.05,0,1,False,True,0.0,1.0,7599.439721679688
2025-03-19 20:00:00,25,0.05,0,1,False,True,0.0,1.0,7686.995532226562
2025-03-19 21:00:00,25,0.05,0,1,False,True,0.0,1.0,7631.033911132812
2025-03-19 22:00:00,25,0.05,0,1,False,True,0.0,1.0,7579.16494140625
2025-03-19 23:00:00,25,0.05,0,1,False,True,0.0,1.0,7679.4232177734375
2025-03-20 00:00:00,25,0.05,0,1,False,True,0.0,1.0,7294.3482666015625
2025-03-20 01:00:00,25,0.05,0,1,False,True,0.0,1.0,7498.7325439453125
2025-03-20 02:00:00,25,0.05,0,1,False,True,0.0,1.0,7511.278295898438
2025-03-20 03:00:00,25,0.05,0,1,False,True,0.0,1.0,7427.176513671875
2025-03-20 04:00:00,25,0.05,0,1,False,True,0.0,1.0,7744.225732421875
2025-03-20 05:00:00,25,0.05,0,1,False,True,0.0,1.0,7401.8193359375
2025-03-20 06:00:00,25,0.05,0,1,False,True,0.0,1.0,7077.148828125
2025-03-20 07:00:00,25,0.05,0,1,False,True,0.0,1.0,9142.79931640625
2025-03-20 08:00:00,25,0.05,0,2,False,True,0.0,1.0,10474.92509765625
2025-03-20 09:00:00,25,0.05,0,1,False,True,0.0,1.0,10841.50419921875
2025-03-20 10:00:00,25,0.05,0,1,False,True,0.0,1.0,11858.1791015625
2025-03-20 11:00:00,25,0.05,0,1,False,True,0.0,1.0,11504.603759765625
2025-03-20 12:00:00,25,0.05,1,1,True,True,1.0,1.0,11192.279248046874
2025-03-20 13:00:00,25,0.05,0,2,False,True,0.0,1.0,11020.826953125
2025-03-20 14:00:00,25,0.05,1,1,True,True,1.0,1.0,10616.7794921875
2025-03-20 15:00:00,25,0.05,0,1,False,True,0.0,1.0,9853.21201171875
2025-03-20 16:00:00,25,0.05,1,1,True,True,1.0,1.0,9508.11240234375
2025-03-20 17:00:00,25,0.05,0,1,False,True,0.0,1.0,9653.933203125
2025-03-20 18:00:00,25,0.05,1,1,True,True,1.0,1.0,9904.41806640625
2025-03-20 19:00:00,25,0.05,0,1,False,True,0.0,1.0,10152.813134765625
2025-03-20 20:00:00,25,0.05,0,1,False,True,0.0,1.0,10084.493505859375
2025-03-20 21:00:00,25,0.05,0,1,False,True,0.0,1.0,10250.251171875
2025-03-20 22:00:00,25,0.05,1,1,True,True,1.0,1.0,9694.840478515625
2025-03-20 23:00:00,25,0.05,0,1,False,True,0.0,1.0,10137.4359375
2025-03-21 00:00:00,25,0.05,0,1,False,True,0.0,1.0,10179.361279296874
2025-03-21 01:00:00,25,0.05,0,1,False,True,0.0,1.0,10094.209619140625
2025-03-21 02:00:00,25,0.05,0,1,False,True,0.0,1.0,10013.377099609375
2025-03-21 03:00:00,25,0.05,0,2,False,True,0.0,1.0,9877.519921875
2025-03-21 04:00:00,25,0.05,1,1,True,True,1.0,1.0,10158.8994140625
2025-03-21 05:00:00,25,0.05,0,2,False,True,0.0,1.0,9512.6224609375
2025-03-21 06:00:00,25,0.05,0,1,False,True,0.0,1.0,9226.76787109375
2025-03-21 07:00:00,25,0.05,0,1,False,True,0.0,1.0,10779.5380859375
2025-03-21 08:00:00,25,0.05,0,2,False,True,0.0,1.0,11223.11865234375
2025-03-21 09:00:00,25,0.05,1,1,True,True,1.0,1.0,12220.907373046875
2025-03-21 10:00:00,25,0.05,1,1,True,True,1.0,1.0,12400.3208984375
2025-03-21 11:00:00,25,0.05,0,1,False,True,0.0,1.0,12010.237548828125
2025-03-21 12:00:00,25,0.05,0,1,False,True,0.0,1.0,11755.3736328125
2025-03-21 13:00:00,25,0.05,0,1,False,True,0.0,1.0,11261.498193359375
2025-03-21 14:00:00,25,0.05,0,1,False,True,0.0,1.0,10796.38076171875
2025-03-21 15:00:00,25,0.05,0,1,False,True,0.0,1.0,10236.75302734375
2025-03-21 16:00:00,25,0.05,0,2,False,True,0.0,1.0,9994.84345703125
2025-03-21 17:00:00,25,0.05,0,1,False,True,0.0,1.0,9881.88291015625
2025-03-21 18:00:00,25,0.05,0,1,False,True,0.0,1.0,9908.7654296875
2025-03-21 19:00:00,25,0.05,0,2,False,True,0.0,1.0,9848.417529296876
2025-03-21 20:00:00,25,0.05,0,1,False,True,0.0,1.0,9957.442041015625
2025-03-21 21:00:00,25,0.05,0,2,False,True,0.0,1.0,9732.885791015626
2025-03-21 22:00:00,25,0.05,1,1,True,True,1.0,1.0,9840.08271484375
2025-03-21 23:00:00,25,0.05,0,1,False,True,0.0,1.0,10031.718994140625
2025-03-22 00:00:00,25,0.05,0,2,False,True,0.0,1.0,9879.3146484375
2025-03-22 01:00:00,25,0.05,0,2,False,True,0.0,1.0,9996.55537109375
2025-03-22 02:00:00,25,0.05,0,2,False,True,0.0,1.0,10146.77890625
2025-03-22 03:00:00,25,0.05,0,2,False,True,0.0,1.0,10102.19091796875
2025-03-22 04:00:00,25,0.05,0,2,False,True,0.0,1.0,10123.590039062501
2025-03-22 05:00:00,25,0.05,0,1,False,True,0.0,1.0,9976.592919921875
2025-03-22 06:00:00,25,0.05,0,1,False,True,0.0,1.0,9469.004541015625
2025-03-22 07:00:00,25,0.05,0,1,False,True,0.0,1.0,10936.28642578125
2025-03-22 08:00:00,25,0.05,1,1,True,True,1.0,1.0,11339.220947265625
2025-03-22 09:00:00,25,0.05,0,1,False,True,0.0,1.0,11378.38427734375
2025-03-22 10:00:00,25,0.05,0,1,False,True,0.0,1.0,12187.14248046875
2025-03-22 11:00:00,25,0.05,0,1,False,True,0.0,1.0,11859.74423828125
2025-03-22 12:00:00,25,0.05,0,1,False,True,0.0,1.0,11244.060986328124
2025-03-22 13:00:00,25,0.05,0,1,False,True,0.0,1.0,10741.7111328125
2025-03-22 14:00:00,25,0.05,0,1,False,True,0.0,1.0,10645.681982421875
2025-03-22 15:00:00,25,0.05,0,1,False,True,0.0,1.0,10291.767236328125
2025-03-22 16:00:00,25,0.05,1,1,True,True,1.0,1.0,9840.325244140626
2025-03-22 17:00:00,25,0.05,0,2,False,True,0.0,1.0,9734.76474609375
2025-03-22 18:00:00,25,0.05,0,1,False,True,0.0,1.0,10383.548046875
2025-03-22 19:00:00,25,0.05,0,1,False,True,0.0,1.0,10114.266650390626
2025-03-22 20:00:00,25,0.05,0,2,False,True,0.0,1.0,9719.178076171875
2025-03-22 21:00:00,25,0.05,0,1,False,True,0.0,1.0,9873.640234375
2025-03-22 22:00:00,25,0.05,0,1,False,True,0.0,1.0,9767.072802734376
2025-03-22 23:00:00,25,0.05,0,1,False,True,0.0,1.0,9942.112744140624
2025-03-23 00:00:00,25,0.05,0,1,False,True,0.0,1.0,10089.2845703125
2025-03-23 01:00:00,25,0.05,0,1,False,True,0.0,1.0,10279.686474609374
2025-03-23 02:00:00,25,0.05,0,1,False,True,0.0,1.0,10073.894580078126
2025-03-23 03:00:00,25,0.05,0,2,False,True,0.0,1.0,10429.8767578125
2025-03-23 04:00:00,25,0.05,0,3,False,True,0.0,1.0,10118.75908203125
2025-03-23 05:00:00,25,0.05,0,1,False,True,0.0,1.0,9766.31982421875
2025-03-23 06:00:00,25,0.05,0,1,False,True,0.0,1.0,9358.86357421875
2025-03-23 07:00:00,25,0.05,0,1,False,True,0.0,1.0,10759.3166015625
2025-03-23 08:00:00,25,0.05,0,1,False,True,0.0,1.0,10814.373046875
2025-03-23 09:00:00,25,0.05,0,1,False,True,0.0,1.0,10741.978857421875
2025-03-23 10:00:00,25,0.05,0,1,False,True,0.0,1.0,11542.320166015625
2025-03-23 11:00:00,25,0.05,0,1,False,True,0.0,1.0,11461.487841796876
2025-03-23 12:00:00,25,0.05,0,1,False,True,0.0,1.0,11089.622021484374
2025-03-23 13:00:00,25,0.05,0,1,False,True,0.0,1.0,11033.20615234375
2025-03-23 14:00:00,25,0.05,0,1,False,True,0.0,1.0,11077.61796875
2025-03-23 15:00:00,25,0.05,0,2,False,True,0.0,1.0,10783.19921875
2025-03-23 16:00:00,25,0.05,0,1,False,True,0.0,1.0,10509.16455078125
2025-03-23 17:00:00,25,0.05,0,2,False,True,0.0,1.0,10447.886279296876
2025-03-23 18:00:00,25,0.05,0,1,False,True,0.0,1.0,10544.999072265626
2025-03-23 19:00:00,25,0.05,0,1,False,True,0.0,1.0,10853.0130859375
2025-03-23 20:00:00,25,0.05,0,2,False,True,0.0,1.0,10773.4373046875
2025-03-23 21:00:00,25,0.05,0,1,False,True,0.0,1.0,10243.850927734375
2025-03-23 22:00:00,25,0.05,0,1,False,True,0.0,1.0,10568.297558593751
2025-03-23 23:00:00,25,0.05,0,1,False,True,0.0,1.0,10440.9115234375
2025-03-24 00:00:00,25,0.05,0,1,False,True,0.0,1.0,10208.35546875
2025-03-24 01:00:00,25,0.05,0,1,False,True,0.0,1.0,10551.354296875
2025-03-24 02:00:00,25,0.05,0,1,False,True,0.0,1.0,10478.70498046875
2025-03-24 03:00:00,25,0.05,0,1,False,True,0.0,1.0,10401.169580078125
2025-03-24 04:00:00,25,0.05,0,1,False,True,0.0,1.0,10244.380322265624
2025-03-24 05:00:00,25,0.05,0,1,False,True,0.0,1.0,10088.594921875
2025-03-24 06:00:00,25,0.05,0,1,False,True,0.0,1.0,9639.40927734375
2025-03-24 07:00:00,25,0.05,0,1,False,True,0.0,1.0,10379.90751953125
2025-03-24 08:00:00,25,0.05,0,1,False,True,0.0,1.0,10875.503759765625
2025-03-24 09:00:00,25,0.05,0,1,False,True,0.0,1.0,10836.94228515625
2025-03-24 10:00:00,25,0.05,0,1,False,True,0.0,1.0,11188.1845703125
2025-03-24 11:00:00,25,0.05,0,1,False,True,0.0,1.0,11529.12958984375
2025-03-24 12:00:00,25,0.05,0,1,False,True,0.0,1.0,11362.149462890626
2025-03-24 13:00:00,25,0.05,0,2,False,True,0.0,1.0,11204.924658203125
2025-03-24 14:00:00,25,0.05,0,1,False,True,0.0,1.0,10890.98291015625
2025-03-24 15:00:00,25,0.05,0,1,False,True,0.0,1.0,10097.33125
2025-03-24 16:00:00,25,0.05,0,1,False,True,0.0,1.0,10009.96044921875
2025-03-24 17:00:00,25,0.05,0,2,False,True,0.0,1.0,9720.483203125
2025-03-24 18:00:00,25,0.05,0,1,False,True,0.0,1.0,9793.21767578125
2025-03-24 19:00:00,25,0.05,1,1,True,True,1.0,1.0,10253.54306640625
2025-03-24 20:00:00,25,0.05,0,1,False,True,0.0,1.0,10083.1318359375
2025-03-24 21:00:00,25,0.05,0,1,False,True,0.0,1.0,10242.9638671875
2025-03-24 22:00:00,25,0.05,0,1,False,True,0.0,1.0,10120.287646484376
2025-03-24 23:00:00,25,0.05,0,1,False,True,0.0,1.0,9997.501708984375
2025-03-25 00:00:00,25,0.05,0,1,False,True,0.0,1.0,9937.95537109375
2025-03-25 01:00:00,25,0.05,0,1,False,True,0.0,1.0,9696.89150390625
2025-03-25 02:00:00,25,0.05,0,1,False,True,0.0,1.0,9790.37919921875
2025-03-25 03:00:00,25,0.05,0,1,False,True,0.0,1.0,9794.20478515625
2025-03-25 04:00:00,25,0.05,0,1,False,True,0.0,1.0,9911.560693359375
2025-03-25 05:00:00,25,0.05,1,1,True,True,1.0,1.0,9526.410205078126
2025-03-25 06:00:00,25,0.05,1,1,True,True,1.0,1.0,9170.229443359376
2025-03-25 07:00:00,25,0.05,0,2,False,True,0.0,1.0,10154.586474609376
2025-03-25 08:00:00,25,0.05,0,1,False,True,0.0,1.0,10632.931103515626
2025-03-25 09:00:00,25,0.05,0,1,False,True,0.0,1.0,10278.289794921875
2025-03-25 10:00:00,25,0.05,0,1,False,True,0.0,1.0,10436.0435546875
2025-03-25 11:00:00,25,0.05,0,1,False,True,0.0,1.0,10422.965478515625
2025-03-25 12:00:00,25,0.05,0,2,False,True,0.0,1.0,10461.8380859375
2025-03-25 13:00:00,25,0.05,0,1,False,True,0.0,1.0,10374.755712890625
2025-03-25 14:00:00,25,0.05,0,1,False,True,0.0,1.0,10019.157861328125
2025-03-25 15:00:00,25,0.05,0,1,False,True,0.0,1.0,9321.32939453125
2025-03-25 16:00:00,25,0.05,0,3,False,True,0.0,1.0,8665.677294921876
2025-03-25 17:00:00,25,0.05,0,1,False,True,0.0,1.0,8975.222412109375
2025-03-25 18:00:00,25,0.05,0,1,False,True,0.0,1.0,9159.91171875
2025-03-25 19:00:00,25,0.05,0,2,False,True,0.0,1.0,8945.652783203124
2025-03-25 20:00:00,25,0.05,1,1,True,True,1.0,1.0,9062.368359375
2025-03-25 21:00:00,25,0.05,0,1,False,True,0.0,1.0,8986.303271484376
2025-03-25 22:00:00,25,0.05,0,1,False,True,0.0,1.0,9134.172314453124
2025-03-25 23:00:00,25,0.05,0,1,False,True,0.0,1.0,9078.4818359375
2025-03-26 00:00:00,25,0.05,0,1,False,True,0.0,1.0,8800.009375
2025-03-26 01:00:00,25,0.05,0,1,False,True,0.0,1.0,8480.549072265625
2025-03-26 02:00:00,25,0.05,0,2,False,True,0.0,1.0,8812.296435546876
2025-03-26 03:00:00,25,0.05,0,2,False,True,0.0,1.0,9092.228857421875
2025-03-26 04:00:00,25,0.05,0,1,False,True,0.0,1.0,8865.75234375
2025-03-26 05:00:00,25,0.05,0,1,False,True,0.0,1.0,8540.5
2025-03-26 06:00:00,25,0.05,0,1,False,True,0.0,1.0,8341.446240234374
2025-03-26 07:00:00,25,0.05,0,1,False,True,0.0,1.0,9239.3986328125
2025-03-26 08:00:00,25,0.05,0,1,False,True,0.0,1.0,8945.318066406251
2025-03-26 09:00:00,25,0.05,0,2,False,True,0.0,1.0,9450.3345703125
2025-03-26 10:00:00,25,0.05,0,1,False,True,0.0,1.0,9455.09296875
2025-03-26 11:00:00,25,0.05,0,2,False,True,0.0,1.0,9604.772802734375
2025-03-26 12:00:00,25,0.05,0,1,False,True,0.0,1.0,8969.649560546875
2025-03-26 13:00:00,25,0.05,1,1,True,True,1.0,1.0,8837.147265625
2025-03-26 14:00:00,25,0.05,0,1,False,True,0.0,1.0,8619.510498046875
2025-03-26 15:00:00,25,0.05,1,1,True,True,1.0,1.0,8860.312109375
2025-03-26 16:00:00,25,0.05,0,2,False,True,0.0,1.0,7824.093310546875
2025-03-26 17:00:00,25,0.05,0,1,False,True,0.0,1.0,7777.52724609375
2025-03-26 18:00:00,25,0.05,0,1,False,True,0.0,1.0,7776.901611328125
2025-03-26 19:00:00,25,0.05,0,2,False,True,0.0,1.0,8248.3001953125
2025-03-26 20:00:00,25,0.05,0,2,False,True,0.0,1.0,7840.758325195313
2025-03-26 21:00:00,25,0.05,1,2,True,True,1.0,1.0,8214.694482421875
2025-03-26 22:00:00,25,0.05,0,2,False,True,0.0,1.0,7962.816943359375
2025-03-26 23:00:00,25,0.05,0,2,False,True,0.0,1.0,7934.959301757813
2025-03-27 00:00:00,25,0.05,0,1,False,True,0.0,1.0,8469.51572265625
2025-03-27 01:00:00,25,0.05,0,2,False,True,0.0,1.0,8449.565380859374
2025-03-27 02:00:00,25,0.05,1,2,True,True,1.0,1.0,8511.599609375
2025-03-27 03:00:00,25,0.05,0,1,False,True,0.0,1.0,8627.338037109375
2025-03-27 04:00:00,25,0.05,0,1,False,True,0.0,1.0,8683.018310546875
2025-03-27 05:00:00,25,0.05,0,1,False,True,0.0,1.0,8547.2966796875
2025-03-27 06:00:00,25,0.05,0,2,False,True,0.0,1.0,8193.012255859376
2025-03-27 07:00:00,25,0.05,0,1,False,True,0.0,1.0,8370.42578125
2025-03-27 08:00:00,25,0.05,0,1,False,True,0.0,1.0,8406.72392578125
2025-03-27 09:00:00,25,0.05,0,1,False,True,0.0,1.0,7586.1343994140625
2025-03-27 10:00:00,25,0.05,1,2,True,True,1.0,1.0,6700.554418945313
2025-03-27 11:00:00,25,0.05,0,1,False,True,0.0,1.0,5657.806469726563
2025-03-27 12:00:00,25,0.05,0,1,False,True,0.0,1.0,5204.405126953125
2025-03-27 13:00:00,25,0.05,0,2,False,True,0.0,1.0,4376.022998046875
2025-03-27 14:00:00,25,0.05,0,1,False,True,0.0,1.0,3721.3986694335936
2025-03-27 15:00:00,25,0.05,0,2,False,True,0.0,1.0,2914.049560546875
2025-03-27 16:00:00,25,0.05,0,1,False,True,0.0,1.0,2199.2151123046874
2025-03-27 17:00:00,25,0.05,0,1,False,True,0.0,1.0,2008.5278259277345
2025-03-27 18:00:00,25,0.05,0,1,False,True,0.0,1.0,2044.0157897949218
2025-03-27 19:00:00,25,0.05,0,1,False,True,0.0,1.0,1982.4598388671875
2025-03-27 20:00:00,25,0.05,0,1,False,True,0.0,1.0,1860.701922607422
2025-03-27 21:00:00,25,0.05,0,1,False,True,0.0,1.0,1888.9877319335938
2025-03-27 22:00:00,25,0.05,0,2,False,True,0.0,1.0,1985.7957824707032
2025-03-27 23:00:00,25,0.05,1,1,True,True,1.0,1.0,2100.3716552734377
2025-03-28 00:00:00,25,0.05,0,1,False,True,0.0,1.0,2343.19921875
2025-03-28 01:00:00,25,0.05,0,2,False,True,0.0,1.0,2221.4481811523438
2025-03-28 02:00:00,25,0.05,0,1,False,True,0.0,1.0,2598.7716796875
2025-03-28 03:00:00,25,0.05,0,1,False,True,0.0,1.0,3010.24599609375
2025-03-28 04:00:00,25,0.05,0,2,False,True,0.0,1.0,2786.8627685546876
2025-03-28 05:00:00,25,0.05,0,1,False,True,0.0,1.0,2755.1337036132813
2025-03-28 06:00:00,25,0.05,0,1,False,True,0.0,1.0,2662.4185668945315
2025-03-28 07:00:00,25,0.05,0,1,False,True,0.0,1.0,2228.072021484375
2025-03-28 08:00:00,25,0.05,0,1,False,True,0.0,1.0,1836.939501953125
2025-03-28 09:00:00,25,0.05,0,1,False,True,0.0,1.0,1743.6189514160155
2025-03-28 10:00:00,25,0.05,0,2,False,True,0.0,1.0,1534.1964538574218
2025-03-28 11:00:00,25,0.05,0,1,False,True,0.0,1.0,1700.0027954101563
2025-03-28 12:00:00,25,0.05,0,2,False,True,0.0,1.0,1819.1327514648438
2025-03-28 13:00:00,25,0.05,0,1,False,True,0.0,1.0,2587.4321533203124
2025-03-28 14:00:00,25,0.05,0,1,False,True,0.0,1.0,1906.3937622070314
2025-03-28 15:00:00,25,0.05,0,1,False,True,0.0,1.0,1822.6310729980469
2025-03-28 16:00:00,25,0.05,0,2,False,True,0.0,1.0,1891.7900634765626
2025-03-28 17:00:00,25,0.05,0,1,False,True,0.0,1.0,1846.2805114746095
2025-03-28 18:00:00,25,0.05,0,1,False,True,0.0,1.0,1652.026593017578
2025-03-28 19:00:00,25,0.05,0,1,False,True,0.0,1.0,1688.907537841797
2025-03-28 20:00:00,25,0.05,0,2,False,True,0.0,1.0,1626.307440185547
2025-03-28 21:00:00,25,0.05,0,1,False,True,0.0,1.0,1653.8578125
2025-03-28 22:00:00,25,0.05,0,1,False,True,0.0,1.0,1647.2588623046875
2025-03-28 23:00:00,25,0.05,0,1,False,True,0.0,1.0,1712.6480895996094
2025-03-29 00:00:00,25,0.05,0,1,False,True,0.0,1.0,1756.1326599121094
2025-03-29 01:00:00,25,0.05,0,1,False,True,0.0,1.0,1782.2005859375001
2025-03-29 02:00:00,25,0.05,0,1,False,True,0.0,1.0,1905.7861938476562
2025-03-29 03:00:00,25,0.05,0,1,False,True,0.0,1.0,1776.4541259765624
2025-03-29 04:00:00,25,0.05,0,1,False,True,0.0,1.0,1778.6889709472657
2025-03-29 05:00:00,25,0.05,0,1,False,True,0.0,1.0,1807.9148864746094
2025-03-29 06:00:00,25,0.05,0,1,False,True,0.0,1.0,1774.4653869628908
2025-03-29 07:00:00,25,0.05,0,1,False,True,0.0,1.0,1741.011944580078
2025-03-29 08:00:00,25,0.05,0,1,False,True,0.0,1.0,2199.3621215820312
2025-03-29 09:00:00,25,0.05,0,1,False,True,0.0,1.0,2040.9847534179687
2025-03-29 10:00:00,25,0.05,0,1,False,True,0.0,1.0,1631.616162109375
2025-03-29 11:00:00,25,0.05,0,1,False,True,0.0,1.0,1544.6552612304688
2025-03-29 12:00:00,25,0.05,0,1,False,True,0.0,1.0,1524.6425354003907
2025-03-29 13:00:00,25,0.05,0,1,False,True,0.0,1.0,1601.9091064453125
2025-03-29 14:00:00,25,0.05,0,2,False,True,0.0,1.0,1567.1649841308595
2025-03-29 15:00:00,25,0.05,0,1,False,True,0.0,1.0,1569.8942077636718
2025-03-29 16:00:00,25,0.05,0,1,False,True,0.0,1.0,1596.8166870117188
2025-03-29 17:00:00,25,0.05,0,1,False,True,0.0,1.0,1510.3241333007813
2025-03-29 18:00:00,25,0.05,0,1,False,True,0.0,1.0,1627.4185791015627
2025-03-29 19:00:00,25,0.05,0,1,False,True,0.0,1.0,1588.972186279297
2025-03-29 20:00:00,25,0.05,0,1,False,True,0.0,1.0,1716.1564025878906
2025-03-29 21:00:00,25,0.05,0,1,False,True,0.0,1.0,1611.158288574219
2025-03-29 22:00:00,25,0.05,0,1,False,True,0.0,1.0,1640.565496826172
2025-03-29 23:00:00,25,0.05,0,1,False,True,0.0,1.0,1686.212762451172
2025-03-30 00:00:00,25,0.05,0,2,False,True,0.0,1.0,1564.0175415039064
2025-03-30 01:00:00,25,0.05,0,1,False,True,0.0,1.0,1598.004217529297
2025-03-30 02:00:00,25,0.05,0,1,False,True,0.0,1.0,1556.0675048828125
2025-03-30 03:00:00,25,0.05,0,1,False,True,0.0,1.0,1513.7830139160155
2025-03-30 04:00:00,25,0.05,0,1,False,True,0.0,1.0,1419.0516540527344
2025-03-30 05:00:00,25,0.05,0,1,False,True,0.0,1.0,1469.474786376953
2025-03-30 06:00:00,25,0.05,0,1,False,True,0.0,1.0,1383.3208740234375
2025-03-30 07:00:00,25,0.05,0,2,False,True,0.0,1.0,1361.9163879394532
2025-03-30 08:00:00,25,0.05,0,1,False,True,0.0,1.0,1595.1307800292968
2025-03-30 09:00:00,25,0.05,0,1,False,True,0.0,1.0,1587.9623229980468
2025-03-30 10:00:00,25,0.05,0,2,False,True,0.0,1.0,1351.048516845703
2025-03-30 11:00:00,25,0.05,0,1,False,True,0.0,1.0,1275.4487426757812
2025-03-30 12:00:00,25,0.05,0,1,False,True,0.0,1.0,1360.9549072265625
2025-03-30 13:00:00,25,0.05,0,1,False,True,0.0,1.0,1493.3231079101563
2025-03-30 14:00:00,25,0.05,0,1,False,True,0.0,1.0,1409.9431701660155
2025-03-30 15:00:00,25,0.05,0,1,False,True,0.0,1.0,1484.2021545410157
2025-03-30 16:00:00,25,0.05,0,1,False,True,0.0,1.0,1529.2136352539062
2025-03-30 17:00:00,25,0.05,0,1,False,True,0.0,1.0,1493.4053955078125
2025-03-30 18:00:00,25,0.05,0,1,False,True,0.0,1.0,1610.1360961914063
2025-03-30 19:00:00,25,0.05,0,1,False,True,0.0,1.0,1607.2440429687501
2025-03-30 20:00:00,25,0.05,0,1,False,True,0.0,1.0,1571.133660888672
2025-03-30 21:00:00,25,0.05,0,1,False,True,0.0,1.0,1549.3216979980468
2025-03-30 22:00:00,25,0.05,0,2,False,True,0.0,1.0,1570.0331542968752
2025-03-30 23:00:00,25,0.05,0,1,False,True,0.0,1.0,1579.2479187011718
2025-03-31 00:00:00,25,0.05,0,1,False,True,0.0,1.0,1493.7772216796875
2025-03-31 01:00:00,25,0.05,0,1,False,True,0.0,1.0,1476.7669006347655
2025-03-31 02:00:00,25,0.05,0,1,False,True,0.0,1.0,1504.7538757324219
2025-03-31 03:00:00,25,0.05,0,2,False,True,0.0,1.0,1557.4741271972657
2025-03-31 04:00:00,25,0.05,0,1,False,True,0.0,1.0,1444.354510498047
2025-03-31 05:00:00,25,0.05,0,1,False,True,0.0,1.0,1444.5257080078125
2025-03-31 06:00:00,25,0.05,0,1,False,True,0.0,1.0,1433.3811828613282
2025-03-31 07:00:00,25,0.05,0,2,False,True,0.0,1.0,1353.7948059082032
2025-03-31 08:00:00,25,0.05,0,1,False,True,0.0,1.0,1396.576025390625
2025-03-31 09:00:00,25,0.05,0,1,False,True,0.0,1.0,1244.2861267089843
2025-03-31 10:00:00,25,0.05,0,1,False,True,0.0,1.0,1086.4394470214843
2025-03-31 11:00:00,25,0.05,0,2,False,True,0.0,1.0,1217.068212890625
2025-03-31 12:00:00,25,0.05,0,1,False,True,0.0,1.0,957.5828125
2025-03-31 13:00:00,25,0.05,0,2,False,True,0.0,1.0,919.0650177001953
2025-03-31 14:00:00,25,0.05,0,1,False,True,0.0,1.0,998.0228881835938
2025-03-31 15:00:00,25,0.05,0,1,False,True,0.0,1.0,1090.1262145996093
2025-03-31 16:00:00,25,0.05,0,2,False,True,0.0,1.0,1111.1442504882812
2025-03-31 17:00:00,25,0.05,0,1,False,True,0.0,1.0,1348.7894409179687
2025-03-31 18:00:00,25,0.05,0,1,False,True,0.0,1.0,1075.98232421875
2025-03-31 19:00:00,25,0.05,0,2,False,True,0.0,1.0,1060.8433715820313
2025-03-31 20:00:00,25,0.05,0,1,False,True,0.0,1.0,1100.889471435547
2025-03-31 21:00:00,25,0.05,0,1,False,True,0.0,1.0,1219.4976379394532
2025-03-31 22:00:00,25,0.05,0,1,False,True,0.0,1.0,1032.2876708984375
2025-03-31 23:00:00,25,0.05,0,1,False,True,0.0,1.0,1025.3057922363282
2025-04-01 00:00:00,25,0.05,0,1,False,True,0.0,1.0,966.1192260742188
2025-04-01 01:00:00,25,0.05,0,2,False,True,0.0,1.0,971.655517578125
2025-04-01 02:00:00,25,0.05,0,2,False,True,0.0,1.0,917.6314514160157
2025-04-01 03:00:00,25,0.05,0,2,False,True,0.0,1.0,1021.2982513427735
2025-04-01 04:00:00,25,0.05,0,2,False,True,0.0,1.0,873.0282531738281
2025-04-01 05:00:00,25,0.05,0,1,False,True,0.0,1.0,1174.4065734863282
2025-04-01 06:00:00,25,0.05,0,1,False,True,0.0,1.0,1087.9878540039062
2025-04-01 07:00:00,25,0.05,0,1,False,True,0.0,1.0,982.223388671875
2025-04-01 08:00:00,25,0.05,0,1,False,True,0.0,1.0,1277.0703674316405
2025-04-01 09:00:00,25,0.05,0,1,False,True,0.0,1.0,1316.6966125488282
2025-04-01 10:00:00,25,0.05,0,1,False,True,0.0,1.0,1679.4626159667969
2025-04-01 11:00:00,25,0.05,0,1,False,True,0.0,1.0,1853.4336669921875
2025-04-01 12:00:00,25,0.05,0,1,False,True,0.0,1.0,2266.277966308594
2025-04-01 13:00:00,25,0.05,0,1,False,True,0.0,1.0,2364.031945800781
2025-04-01 14:00:00,25,0.05,0,1,False,True,0.0,1.0,2738.716821289063
2025-04-01 15:00:00,25,0.05,0,1,False,True,0.0,1.0,2688.2141967773437
2025-04-01 16:00:00,25,0.05,0,1,False,True,0.0,1.0,2969.2250000000004
2025-04-01 17:00:00,25,0.05,0,1,False,True,0.0,1.0,2776.1489013671876
2025-04-01 18:00:00,25,0.05,0,1,False,True,0.0,1.0,4198.247229003907
2025-04-01 19:00:00,25,0.05,0,1,False,True,0.0,1.0,3962.7394775390626
2025-04-01 20:00:00,25,0.05,0,1,False,True,0.0,1.0,4202.411401367188
2025-04-01 21:00:00,25,0.05,0,1,False,True,0.0,1.0,4642.505224609375
2025-04-01 22:00:00,25,0.05,0,1,False,True,0.0,1.0,4172.578845214844
2025-04-01 23:00:00,25,0.05,0,2,False,True,0.0,1.0,4516.3558349609375
2025-04-02 00:00:00,25,0.05,0,1,False,True,0.0,1.0,2643.005126953125
2025-04-02 01:00:00,25,0.05,0,1,False,True,0.0,1.0,2593.0044677734377
2025-04-02 02:00:00,25,0.05,0,2,False,True,0.0,1.0,2949.450537109375
2025-04-02 03:00:00,25,0.05,0,1,False,True,0.0,1.0,2925.440185546875
2025-04-02 04:00:00,25,0.05,0,1,False,True,0.0,1.0,3105.4055786132812
2025-04-02 05:00:00,25,0.05,0,1,False,True,0.0,1.0,3102.490270996094
2025-04-02 06:00:00,25,0.05,0,1,False,True,0.0,1.0,3473.686669921875
2025-04-02 07:00:00,25,0.05,0,1,False,True,0.0,1.0,3896.1427612304688
2025-04-02 08:00:00,25,0.05,0,1,False,True,0.0,1.0,4378.6884765625
2025-04-02 09:00:00,25,0.05,0,1,False,True,0.0,1.0,3715.7065917968753
2025-04-02 10:00:00,25,0.05,0,1,False,True,0.0,1.0,4097.949951171875
2025-04-02 11:00:00,25,0.05,0,2,False,True,0.0,1.0,5394.909326171875
2025-04-02 12:00:00,25,0.05,0,1,False,True,0.0,1.0,5627.618627929687
2025-04-02 13:00:00,25,0.05,0,1,False,True,0.0,1.0,5990.324633789062
2025-04-02 14:00:00,25,0.05,0,1,False,True,0.0,1.0,6260.833959960937
2025-04-02 15:00:00,25,0.05,0,1,False,True,0.0,1.0,6674.8900146484375
2025-04-02 16:00:00,25,0.05,0,1,False,True,0.0,1.0,6830.7708984375
2025-04-02 17:00:00,25,0.05,1,1,True,True,1.0,1.0,6890.743701171875
2025-04-02 18:00:00,25,0.05,0,2,False,True,0.0,1.0,6514.3185546875
2025-04-02 19:00:00,25,0.05,0,1,False,True,0.0,1.0,6015.385009765625
2025-04-02 20:00:00,25,0.05,0,1,False,True,0.0,1.0,6541.219580078125
2025-04-02 21:00:00,25,0.05,0,1,False,True,0.0,1.0,6666.818701171876
2025-04-02 22:00:00,25,0.05,0,1,False,True,0.0,1.0,6108.399731445313
2025-04-02 23:00:00,25,0.05,0,1,False,True,0.0,1.0,7133.34501953125
2025-04-03 00:00:00,25,0.05,0,1,False,True,0.0,1.0,7590.265649414063
2025-04-03 01:00:00,25,0.05,0,1,False,True,0.0,1.0,7374.120141601563
2025-04-03 02:00:00,25,0.05,0,1,False,True,0.0,1.0,7809.779467773437
2025-04-03 03:00:00,25,0.05,0,1,False,True,0.0,1.0,7688.051684570312
2025-04-03 04:00:00,25,0.05,0,1,False,True,0.0,1.0,7558.213134765625
2025-04-03 05:00:00,25,0.05,0,2,False,True,0.0,1.0,7943.814892578125
2025-04-03 06:00:00,25,0.05,0,1,False,True,0.0,1.0,6627.8245849609375
2025-04-03 07:00:00,25,0.05,0,1,False,True,0.0,1.0,6952.359790039062
2025-04-03 08:00:00,25,0.05,0,1,False,True,0.0,1.0,6565.218237304688
2025-04-03 09:00:00,25,0.05,0,1,False,True,0.0,1.0,6831.50537109375
2025-04-03 10:00:00,25,0.05,0,1,False,True,0.0,1.0,7440.909985351563
2025-04-03 11:00:00,25,0.05,0,1,False,True,0.0,1.0,6713.36025390625
2025-04-03 12:00:00,25,0.05,0,2,False,True,0.0,1.0,8082.992578125
2025-04-03 13:00:00,25,0.05,1,1,True,True,1.0,1.0,6896.87900390625
2025-04-03 14:00:00,25,0.05,0,1,False,True,0.0,1.0,6185.273657226563
2025-04-03 15:00:00,25,0.05,0,1,False,True,0.0,1.0,5166.367968750001
2025-04-03 16:00:00,25,0.05,0,1,False,True,0.0,1.0,5199.632104492188
2025-04-03 17:00:00,25,0.05,0,1,False,True,0.0,1.0,4715.099438476563
2025-04-03 18:00:00,25,0.05,0,1,False,True,0.0,1.0,5172.562963867188
2025-04-03 19:00:00,25,0.05,0,1,False,True,0.0,1.0,5075.648364257812
2025-04-03 20:00:00,25,0.05,0,1,False,True,0.0,1.0,5178.6754150390625
2025-04-03 21:00:00,25,0.05,0,1,False,True,0.0,1.0,4677.625537109375
2025-04-03 22:00:00,25,0.05,0,1,False,True,0.0,1.0,5208.62666015625
2025-04-03 23:00:00,25,0.05,0,1,False,True,0.0,1.0,5348.305761718751
2025-04-04 00:00:00,25,0.05,1,1,True,True,1.0,1.0,5696.0775146484375
2025-04-04 01:00:00,25,0.05,0,1,False,True,0.0,1.0,5630.043920898438
2025-04-04 02:00:00,25,0.05,0,1,False,True,0.0,1.0,5591.492993164063
2025-04-04 03:00:00,25,0.05,0,1,False,True,0.0,1.0,5567.708520507813
2025-04-04 04:00:00,25,0.05,0,1,False,True,0.0,1.0,5861.15458984375
2025-04-04 05:00:00,25,0.05,0,1,False,True,0.0,1.0,5886.469897460937
2025-04-04 06:00:00,25,0.05,0,1,False,True,0.0,1.0,5335.790234375
2025-04-04 07:00:00,25,0.05,0,1,False,True,0.0,1.0,7280.015185546875
2025-04-04 08:00:00,25,0.05,0,1,False,True,0.0,1.0,8560.4025390625
2025-04-04 09:00:00,25,0.05,0,1,False,True,0.0,1.0,7089.8623046875
2025-04-04 10:00:00,25,0.05,0,1,False,True,0.0,1.0,6136.098706054688
2025-04-04 11:00:00,25,0.05,0,1,False,True,0.0,1.0,5524.97021484375
2025-04-04 12:00:00,25,0.05,0,1,False,True,0.0,1.0,4555.68076171875
2025-04-04 13:00:00,25,0.05,0,1,False,True,0.0,1.0,4915.865576171875
2025-04-04 14:00:00,25,0.05,0,1,False,True,0.0,1.0,3941.9969970703123
2025-04-04 15:00:00,25,0.05,0,1,False,True,0.0,1.0,3196.962854003906
2025-04-04 16:00:00,25,0.05,0,1,False,True,0.0,1.0,2301.809289550781
2025-04-04 17:00:00,25,0.05,0,1,False,True,0.0,1.0,2027.0377746582033
2025-04-04 18:00:00,25,0.05,0,1,False,True,0.0,1.0,2060.6686828613283
2025-04-04 19:00:00,25,0.05,0,1,False,True,0.0,1.0,2220.028527832031
2025-04-04 20:00:00,25,0.05,0,1,False,True,0.0,1.0,2046.5107482910157
2025-04-04 21:00:00,25,0.05,0,1,False,True,0.0,1.0,2214.2059692382813
2025-04-04 22:00:00,25,0.05,0,1,False,True,0.0,1.0,2355.3696411132814
2025-04-04 23:00:00,25,0.05,0,1,False,True,0.0,1.0,2082.898083496094
2025-04-05 00:00:00,25,0.05,0,2,False,True,0.0,1.0,2097.419958496094
2025-04-05 01:00:00,25,0.05,0,1,False,True,0.0,1.0,1990.2202026367188
2025-04-05 02:00:00,25,0.05,0,2,False,True,0.0,1.0,2105.9468994140625
2025-04-05 03:00:00,25,0.05,0,1,False,True,0.0,1.0,1897.568231201172
2025-04-05 04:00:00,25,0.05,0,1,False,True,0.0,1.0,1982.8885620117187
2025-04-05 05:00:00,25,0.05,0,1,False,True,0.0,1.0,1984.5516540527344
2025-04-05 06:00:00,25,0.05,0,1,False,True,0.0,1.0,2004.184783935547
2025-04-05 07:00:00,25,0.05,0,1,False,True,0.0,1.0,2002.2012451171875
2025-04-05 08:00:00,25,0.05,0,1,False,True,0.0,1.0,2000.2599853515626
2025-04-05 09:00:00,25,0.05,0,1,False,True,0.0,1.0,2113.8935668945314
2025-04-05 10:00:00,25,0.05,0,1,False,True,0.0,1.0,2223.897595214844
2025-04-05 11:00:00,25,0.05,0,1,False,True,0.0,1.0,2597.7377197265623
2025-04-05 12:00:00,25,0.05,0,1,False,True,0.0,1.0,2596.6699340820314
2025-04-05 13:00:00,25,0.05,0,1,False,True,0.0,1.0,2797.6321411132812
2025-04-05 14:00:00,25,0.05,0,1,False,True,0.0,1.0,2925.03662109375
2025-04-05 15:00:00,25,0.05,0,1,False,True,0.0,1.0,2923.8172973632813
2025-04-05 16:00:00,25,0.05,0,2,False,True,0.0,1.0,2852.7994750976563
2025-04-05 17:00:00,25,0.05,0,1,False,True,0.0,1.0,2908.7754028320314
2025-04-05 18:00:00,25,0.05,0,1,False,True,0.0,1.0,4393.43349609375
2025-04-05 19:00:00,25,0.05,0,1,False,True,0.0,1.0,4370.370288085937
2025-04-05 20:00:00,25,0.05,0,1,False,True,0.0,1.0,4774.51904296875
2025-04-05 21:00:00,25,0.05,0,1,False,True,0.0,1.0,4547.607250976563
2025-04-05 22:00:00,25,0.05,0,1,False,True,0.0,1.0,4846.271704101562
2025-04-05 23:00:00,25,0.05,0,1,False,True,0.0,1.0,4450.705541992187
2025-04-06 00:00:00,25,0.05,0,1,False,True,0.0,1.0,4312.427783203126
2025-04-06 01:00:00,25,0.05,0,1,False,True,0.0,1.0,5227.36396484375
2025-04-06 02:00:00,25,0.05,0,1,False,True,0.0,1.0,3723.5110107421874
2025-04-06 03:00:00,25,0.05,0,1,False,True,0.0,1.0,3530.350134277344
2025-04-06 04:00:00,25,0.05,0,1,False,True,0.0,1.0,4872.7906494140625
2025-04-06 05:00:00,25,0.05,0,1,False,True,0.0,1.0,3957.481237792969
2025-04-06 06:00:00,25,0.05,0,1,False,True,0.0,1.0,3608.535607910156
2025-04-06 07:00:00,25,0.05,0,1,False,True,0.0,1.0,4247.2263671875
2025-04-06 08:00:00,25,0.05,0,1,False,True,0.0,1.0,3433.867626953125
2025-04-06 09:00:00,25,0.05,0,1,False,True,0.0,1.0,4095.6689208984376
2025-04-06 10:00:00,25,0.05,0,1,False,True,0.0,1.0,4033.7827148437505
2025-04-06 11:00:00,25,0.05,0,2,False,True,0.0,1.0,4227.233959960938
2025-04-06 12:00:00,25,0.05,0,1,False,True,0.0,1.0,3831.4973388671874
2025-04-06 13:00:00,25,0.05,0,1,False,True,0.0,1.0,3940.802380371094
2025-04-06 14:00:00,25,0.05,0,1,False,True,0.0,1.0,3563.360974121094
2025-04-06 15:00:00,25,0.05,0,2,False,True,0.0,1.0,4097.757727050781
2025-04-06 16:00:00,25,0.05,0,1,False,True,0.0,1.0,4273.822827148438
2025-04-06 17:00:00,25,0.05,0,1,False,True,0.0,1.0,4723.1585693359375
2025-04-06 18:00:00,25,0.05,0,1,False,True,0.0,1.0,4214.885791015625
2025-04-06 19:00:00,25,0.05,0,2,False,True,0.0,1.0,4204.39267578125
2025-04-06 20:00:00,25,0.05,0,1,False,True,0.0,1.0,3919.9673583984377
2025-04-06 21:00:00,25,0.05,0,1,False,True,0.0,1.0,4258.937597656251
2025-04-06 22:00:00,25,0.05,0,1,False,True,0.0,1.0,4245.159204101563
2025-04-06 23:00:00,25,0.05,0,1,False,True,0.0,1.0,4485.104296875
2025-04-07 00:00:00,25,0.05,0,1,False,True,0.0,1.0,3586.5972290039062
2025-04-07 01:00:00,25,0.05,0,1,False,True,0.0,1.0,3738.9627075195312
2025-04-07 02:00:00,25,0.05,0,1,False,True,0.0,1.0,3705.9948974609374
2025-04-07 03:00:00,25,0.05,0,1,False,True,0.0,1.0,3687.5460083007815
2025-04-07 04:00:00,25,0.05,0,2,False,True,0.0,1.0,3848.9250732421874
2025-04-07 05:00:00,25,0.05,0,1,False,True,0.0,1.0,3814.1044189453123
2025-04-07 06:00:00,25,0.05,0,1,False,True,0.0,1.0,4654.925268554687
2025-04-07 07:00:00,25,0.05,0,1,False,True,0.0,1.0,6652.240087890625
2025-04-07 08:00:00,25,0.05,0,1,False,True,0.0,1.0,8207.6927734375
2025-04-07 09:00:00,25,0.05,0,1,False,True,0.0,1.0,7750.003466796875
2025-04-07 10:00:00,25,0.05,0,1,False,True,0.0,1.0,7503.26962890625
2025-04-07 11:00:00,25,0.05,0,1,False,True,0.0,1.0,7045.181640625
2025-04-07 12:00:00,25,0.05,0,1,False,True,0.0,1.0,6640.756127929688
2025-04-07 13:00:00,25,0.05,0,1,False,True,0.0,1.0,6889.9595947265625
2025-04-07 14:00:00,25,0.05,0,1,False,True,0.0,1.0,7795.486376953125
2025-04-07 15:00:00,25,0.05,0,1,False,True,0.0,1.0,7816.0732421875
2025-04-07 16:00:00,25,0.05,0,1,False,True,0.0,1.0,7705.555346679687
2025-04-07 17:00:00,25,0.05,0,1,False,True,0.0,1.0,7314.612890625
2025-04-07 18:00:00,25,0.05,0,1,False,True,0.0,1.0,6714.148681640625
2025-04-07 19:00:00,25,0.05,0,2,False,True,0.0,1.0,6677.9227294921875
2025-04-07 20:00:00,25,0.05,0,2,False,True,0.0,1.0,7111.37197265625
2025-04-07 21:00:00,25,0.05,0,1,False,True,0.0,1.0,6959.830590820313
2025-04-07 22:00:00,25,0.05,0,1,False,True,0.0,1.0,6676.035131835937
2025-04-07 23:00:00,25,0.05,0,1,False,True,0.0,1.0,6798.193432617188
2025-04-08 00:00:00,25,0.05,0,1,False,True,0.0,1.0,6918.359228515626
2025-04-08 01:00:00,25,0.05,0,1,False,True,0.0,1.0,6834.262744140625
2025-04-08 02:00:00,25,0.05,1,1,True,True,1.0,1.0,7176.480126953125
2025-04-08 03:00:00,25,0.05,0,2,False,True,0.0,1.0,6825.2291015625
2025-04-08 04:00:00,25,0.05,0,1,False,True,0.0,1.0,7092.045190429688
2025-04-08 05:00:00,25,0.05,0,1,False,True,0.0,1.0,6876.922436523438
2025-04-08 06:00:00,25,0.05,1,1,True,True,1.0,1.0,6272.608642578125
2025-04-08 07:00:00,25,0.05,0,2,False,True,0.0,1.0,5919.9305419921875
2025-04-08 08:00:00,25,0.05,0,1,False,True,0.0,1.0,6888.738989257813
2025-04-08 09:00:00,25,0.05,0,2,False,True,0.0,1.0,6552.3079833984375
2025-04-08 10:00:00,25,0.05,0,1,False,True,0.0,1.0,7311.714697265625
2025-04-08 11:00:00,25,0.05,0,2,False,True,0.0,1.0,6961.4906005859375
2025-04-08 12:00:00,25,0.05,0,1,False,True,0.0,1.0,6207.863793945313
2025-04-08 13:00:00,25,0.05,0,2,False,True,0.0,1.0,6061.51728515625
2025-04-08 14:00:00,25,0.05,0,1,False,True,0.0,1.0,5777.152490234375
2025-04-08 15:00:00,25,0.05,0,1,False,True,0.0,1.0,5610.56962890625
2025-04-08 16:00:00,25,0.05,0,1,False,True,0.0,1.0,5078.6436767578125
2025-04-08 17:00:00,25,0.05,0,1,False,True,0.0,1.0,5110.301782226563
2025-04-08 18:00:00,25,0.05,0,2,False,True,0.0,1.0,5167.118212890625
2025-04-08 19:00:00,25,0.05,1,1,True,True,1.0,1.0,4918.768310546875
2025-04-08 20:00:00,25,0.05,0,1,False,True,0.0,1.0,5100.383862304688
2025-04-08 21:00:00,25,0.05,0,1,False,True,0.0,1.0,4805.967260742188
2025-04-08 22:00:00,25,0.05,0,1,False,True,0.0,1.0,4820.597143554688
2025-04-08 23:00:00,25,0.05,0,2,False,True,0.0,1.0,4943.490893554687
2025-04-09 00:00:00,25,0.05,0,1,False,True,0.0,1.0,4929.797900390625
2025-04-09 01:00:00,25,0.05,1,1,True,True,1.0,1.0,4943.816723632813
2025-04-09 02:00:00,25,0.05,0,1,False,True,0.0,1.0,4814.8841796875
2025-04-09 03:00:00,25,0.05,0,1,False,True,0.0,1.0,4996.278125
2025-04-09 04:00:00,25,0.05,0,1,False,True,0.0,1.0,4739.996630859375
2025-04-09 05:00:00,25,0.05,0,2,False,True,0.0,1.0,4915.400317382812
2025-04-09 06:00:00,25,0.05,0,1,False,True,0.0,1.0,5700.190966796875
2025-04-09 07:00:00,25,0.05,0,2,False,True,0.0,1.0,5663.314868164062
2025-04-09 08:00:00,25,0.05,0,1,False,True,0.0,1.0,5397.610327148437
2025-04-09 09:00:00,25,0.05,0,1,False,True,0.0,1.0,6031.11298828125
2025-04-09 10:00:00,25,0.05,0,1,False,True,0.0,1.0,6408.8870849609375
2025-04-09 11:00:00,25,0.05,0,2,False,True,0.0,1.0,4419.097875976563
2025-04-09 12:00:00,25,0.05,0,2,False,True,0.0,1.0,4585.256103515625
2025-04-09 13:00:00,25,0.05,1,1,True,True,1.0,1.0,5542.32109375
2025-04-09 14:00:00,25,0.05,1,1,True,True,1.0,1.0,4366.369067382812
2025-04-09 15:00:00,25,0.05,0,1,False,True,0.0,1.0,4053.9838012695313
2025-04-09 16:00:00,25,0.05,0,1,False,True,0.0,1.0,3768.3662719726562
2025-04-09 17:00:00,25,0.05,0,1,False,True,0.0,1.0,3960.526501464844
2025-04-09 18:00:00,25,0.05,1,1,True,True,1.0,1.0,3779.6141357421875
2025-04-09 19:00:00,25,0.05,0,2,False,True,0.0,1.0,3555.1470336914062
2025-04-09 20:00:00,25,0.05,0,1,False,True,0.0,1.0,3433.348974609375
2025-04-09 21:00:00,25,0.05,1,1,True,True,1.0,1.0,3970.4045532226564
2025-04-09 22:00:00,25,0.05,0,2,False,True,0.0,1.0,3534.1418945312503
2025-04-09 23:00:00,25,0.05,0,1,False,True,0.0,1.0,3599.4486450195313
2025-04-10 00:00:00,25,0.05,0,1,False,True,0.0,1.0,4003.044458007813
2025-04-10 01:00:00,25,0.05,0,1,False,True,0.0,1.0,3920.9779296875
2025-04-10 02:00:00,25,0.05,0,1,False,True,0.0,1.0,3448.1045776367187
2025-04-10 03:00:00,25,0.05,0,1,False,True,0.0,1.0,4341.963647460938
2025-04-10 04:00:00,25,0.05,0,2,False,True,0.0,1.0,4394.9205322265625
2025-04-10 05:00:00,25,0.05,0,1,False,True,0.0,1.0,3584.2195556640627
2025-04-10 06:00:00,25,0.05,0,1,False,True,0.0,1.0,2991.4325439453123
2025-04-10 07:00:00,25,0.05,0,2,False,True,0.0,1.0,2021.481530761719
2025-04-10 08:00:00,25,0.05,0,1,False,True,0.0,1.0,2462.655859375
2025-04-10 09:00:00,25,0.05,0,1,False,True,0.0,1.0,2285.86484375
2025-04-10 10:00:00,25,0.05,0,1,False,True,0.0,1.0,2338.838903808594
2025-04-10 11:00:00,25,0.05,0,2,False,True,0.0,1.0,2147.101794433594
2025-04-10 12:00:00,25,0.05,0,1,False,True,0.0,1.0,2762.4738403320316
2025-04-10 13:00:00,25,0.05,0,1,False,True,0.0,1.0,3092.5558471679688
2025-04-10 14:00:00,25,0.05,0,2,False,True,0.0,1.0,3188.520227050781
2025-04-10 15:00:00,25,0.05,0,2,False,True,0.0,1.0,3352.2866943359377
2025-04-10 16:00:00,25,0.05,0,2,False,True,0.0,1.0,3460.0378173828126
2025-04-10 17:00:00,25,0.05,0,1,False,True,0.0,1.0,3565.783312988281
2025-04-10 18:00:00,25,0.05,0,3,False,True,0.0,1.0,3616.440466308594
2025-04-10 19:00:00,25,0.05,0,1,False,True,0.0,1.0,3540.374597167969
2025-04-10 20:00:00,25,0.05,1,2,True,True,1.0,1.0,3730.8600708007816
2025-04-10 21:00:00,25,0.05,0,3,False,True,0.0,1.0,3759.9646240234374
2025-04-10 22:00:00,25,0.05,0,2,False,True,0.0,1.0,3485.408410644531
2025-04-10 23:00:00,25,0.05,0,1,False,True,0.0,1.0,4095.146728515625
2025-04-11 00:00:00,25,0.05,0,3,False,True,0.0,1.0,3624.333874511719
2025-04-11 01:00:00,25,0.05,0,1,False,True,0.0,1.0,3335.9820556640625
2025-04-11 02:00:00,25,0.05,0,2,False,True,0.0,1.0,3420.7011962890624
2025-04-11 03:00:00,25,0.05,0,2,False,True,0.0,1.0,3757.255883789063
2025-04-11 04:00:00,25,0.05,0,3,False,True,0.0,1.0,3503.18935546875
2025-04-11 05:00:00,25,0.05,0,3,False,True,0.0,1.0,3531.9646118164064
2025-04-11 06:00:00,25,0.05,0,1,False,True,0.0,1.0,4745.196215820312
2025-04-11 07:00:00,25,0.05,0,1,False,True,0.0,1.0,6415.7689208984375
2025-04-11 08:00:00,25,0.05,0,2,False,True,0.0,1.0,7073.506591796875
2025-04-11 09:00:00,25,0.05,0,1,False,True,0.0,1.0,7136.420922851563
2025-04-11 10:00:00,25,0.05,0,2,False,True,0.0,1.0,7028.630883789063
2025-04-11 11:00:00,25,0.05,0,1,False,True,0.0,1.0,6924.928393554687
2025-04-11 12:00:00,25,0.05,0,1,False,True,0.0,1.0,6917.166333007813
2025-04-11 13:00:00,25,0.05,0,2,False,True,0.0,1.0,6326.66640625
2025-04-11 14:00:00,25,0.05,0,1,False,True,0.0,1.0,5339.333715820313
2025-04-11 15:00:00,25,0.05,0,1,False,True,0.0,1.0,4802.74892578125
2025-04-11 16:00:00,25,0.05,0,1,False,True,0.0,1.0,4702.752172851562
2025-04-11 17:00:00,25,0.05,0,1,False,True,0.0,1.0,4600.9027099609375
2025-04-11 18:00:00,25,0.05,0,1,False,True,0.0,1.0,4605.1416015625
2025-04-11 19:00:00,25,0.05,0,1,False,True,0.0,1.0,4409.3568115234375
2025-04-11 20:00:00,25,0.05,0,1,False,True,0.0,1.0,4509.55859375
2025-04-11 21:00:00,25,0.05,0,2,False,True,0.0,1.0,4601.534985351563
2025-04-11 22:00:00,25,0.05,0,1,False,True,0.0,1.0,4421.332983398437
2025-04-11 23:00:00,25,0.05,0,1,False,True,0.0,1.0,4354.200903320312
2025-04-12 00:00:00,25,0.05,0,1,False,True,0.0,1.0,4397.4090576171875
2025-04-12 01:00:00,25,0.05,0,1,False,True,0.0,1.0,4613.614404296875
2025-04-12 02:00:00,25,0.05,0,1,False,True,0.0,1.0,4273.039819335938
2025-04-12 03:00:00,25,0.05,0,1,False,True,0.0,1.0,4367.714892578126
2025-04-12 04:00:00,25,0.05,0,1,False,True,0.0,1.0,4415.616845703125
2025-04-12 05:00:00,25,0.05,0,1,False,True,0.0,1.0,4324.6136474609375
2025-04-12 06:00:00,25,0.05,0,1,False,True,0.0,1.0,5191.683032226562
2025-04-12 07:00:00,25,0.05,0,1,False,True,0.0,1.0,4941.426171875
2025-04-12 08:00:00,25,0.05,0,1,False,True,0.0,1.0,5166.069750976562
2025-04-12 09:00:00,25,0.05,0,2,False,True,0.0,1.0,4473.503637695312
2025-04-12 10:00:00,25,0.05,0,1,False,True,0.0,1.0,3864.8301635742187
2025-04-12 11:00:00,25,0.05,0,1,False,True,0.0,1.0,3556.077099609375
2025-04-12 12:00:00,25,0.05,0,1,False,True,0.0,1.0,3653.3452392578124
2025-04-12 13:00:00,25,0.05,0,1,False,True,0.0,1.0,3793.896044921875
2025-04-12 14:00:00,25,0.05,1,1,True,True,1.0,1.0,4306.802880859375
2025-04-12 15:00:00,25,0.05,0,1,False,True,0.0,1.0,4422.245703125
2025-04-12 16:00:00,25,0.05,0,1,False,True,0.0,1.0,4410.086694335938
2025-04-12 17:00:00,25,0.05,0,1,False,True,0.0,1.0,4281.129467773438
2025-04-12 18:00:00,25,0.05,1,1,True,True,1.0,1.0,4973.130908203125
2025-04-12 19:00:00,25,0.05,0,1,False,True,0.0,1.0,5032.55673828125
2025-04-12 20:00:00,25,0.05,0,1,False,True,0.0,1.0,4824.373559570313
2025-04-12 21:00:00,25,0.05,0,1,False,True,0.0,1.0,4864.336669921875
2025-04-12 22:00:00,25,0.05,0,1,False,True,0.0,1.0,4402.315454101563
2025-04-12 23:00:00,25,0.05,0,1,False,True,0.0,1.0,4670.164794921875
2025-04-13 00:00:00,25,0.05,0,1,False,True,0.0,1.0,5124.541430664062
2025-04-13 01:00:00,25,0.05,0,1,False,True,0.0,1.0,5131.855078125
2025-04-13 02:00:00,25,0.05,0,1,False,True,0.0,1.0,5073.32275390625
2025-04-13 03:00:00,25,0.05,0,1,False,True,0.0,1.0,4484.049047851562
2025-04-13 04:00:00,25,0.05,0,1,False,True,0.0,1.0,4744.171875
2025-04-13 05:00:00,25,0.05,0,1,False,True,0.0,1.0,5203.1544921875
2025-04-13 06:00:00,25,0.05,0,1,False,True,0.0,1.0,5998.38212890625
2025-04-13 07:00:00,25,0.05,0,1,False,True,0.0,1.0,5420.013818359375
2025-04-13 08:00:00,25,0.05,0,1,False,True,0.0,1.0,5365.317895507813
2025-04-13 09:00:00,25,0.05,0,2,False,True,0.0,1.0,5767.784155273437
2025-04-13 10:00:00,25,0.05,0,1,False,True,0.0,1.0,6279.0831298828125
2025-04-13 11:00:00,25,0.05,0,1,False,True,0.0,1.0,6644.181640625
2025-04-13 12:00:00,25,0.05,0,1,False,True,0.0,1.0,7390.202563476562
2025-04-13 13:00:00,25,0.05,0,1,False,True,0.0,1.0,7861.079394531251
2025-04-13 14:00:00,25,0.05,1,2,True,True,1.0,1.0,8634.161572265624
2025-04-13 15:00:00,25,0.05,0,2,False,True,0.0,1.0,8646.00302734375
2025-04-13 16:00:00,25,0.05,0,2,False,True,0.0,1.0,9159.08642578125
2025-04-13 17:00:00,25,0.05,0,3,False,True,0.0,1.0,8464.741552734375
2025-04-13 18:00:00,25,0.05,0,1,False,True,0.0,1.0,7889.199291992188
2025-04-13 19:00:00,25,0.05,0,2,False,True,0.0,1.0,7121.688525390625
2025-04-13 20:00:00,25,0.05,0,1,False,True,0.0,1.0,7609.903051757813
2025-04-13 21:00:00,25,0.05,0,1,False,True,0.0,1.0,7410.497973632812
2025-04-13 22:00:00,25,0.05,0,1,False,True,0.0,1.0,7901.688403320313
2025-04-13 23:00:00,25,0.05,0,2,False,True,0.0,1.0,7702.840966796875
2025-04-14 00:00:00,25,0.05,0,1,False,True,0.0,1.0,6813.956030273438
2025-04-14 01:00:00,25,0.05,0,1,False,True,0.0,1.0,6934.385888671875
2025-04-14 02:00:00,25,0.05,0,1,False,True,0.0,1.0,7038.8131103515625
2025-04-14 03:00:00,25,0.05,0,1,False,True,0.0,1.0,6782.965112304688
2025-04-14 04:00:00,25,0.05,1,1,True,True,1.0,1.0,6970.951245117188
2025-04-14 05:00:00,25,0.05,0,1,False,True,0.0,1.0,6770.190942382813
2025-04-14 06:00:00,25,0.05,0,2,False,True,0.0,1.0,8037.77724609375
2025-04-14 07:00:00,25,0.05,0,2,False,True,0.0,1.0,9824.756103515625
2025-04-14 08:00:00,25,0.05,0,1,False,True,0.0,1.0,10464.8029296875
2025-04-14 09:00:00,25,0.05,0,1,False,True,0.0,1.0,10743.2634765625
2025-04-14 10:00:00,25,0.05,0,1,False,True,0.0,1.0,10727.36357421875
2025-04-14 11:00:00,25,0.05,0,1,False,True,0.0,1.0,10802.985400390626
2025-04-14 12:00:00,25,0.05,0,1,False,True,0.0,1.0,10703.860107421875
2025-04-14 13:00:00,25,0.05,0,1,False,True,0.0,1.0,10275.140869140625
2025-04-14 14:00:00,25,0.05,0,1,False,True,0.0,1.0,9733.668603515625
2025-04-14 15:00:00,25,0.05,0,2,False,True,0.0,1.0,9499.55732421875
2025-04-14 16:00:00,25,0.05,0,1,False,True,0.0,1.0,8734.392529296874
2025-04-14 17:00:00,25,0.05,0,1,False,True,0.0,1.0,8575.29755859375
2025-04-14 18:00:00,25,0.05,0,2,False,True,0.0,1.0,8817.951318359375
2025-04-14 19:00:00,25,0.05,0,1,False,True,0.0,1.0,8833.653369140626
2025-04-14 20:00:00,25,0.05,0,2,False,True,0.0,1.0,8770.320703125
2025-04-14 21:00:00,25,0.05,0,1,False,True,0.0,1.0,8697.750390625
2025-04-14 22:00:00,25,0.05,1,1,True,True,1.0,1.0,9038.913671875
2025-04-14 23:00:00,25,0.05,1,1,True,True,1.0,1.0,9348.416162109375
2025-04-15 00:00:00,25,0.05,0,1,False,True,0.0,1.0,10190.39697265625
2025-04-15 01:00:00,25,0.05,0,1,False,True,0.0,1.0,10311.346142578126
2025-04-15 02:00:00,25,0.05,0,2,False,True,0.0,1.0,9950.170947265626
2025-04-15 03:00:00,25,0.05,0,1,False,True,0.0,1.0,10370.614453125001
2025-04-15 04:00:00,25,0.05,1,1,True,True,1.0,1.0,9883.365478515625
2025-04-15 05:00:00,25,0.05,1,1,True,True,1.0,1.0,10251.16142578125
2025-04-15 06:00:00,25,0.05,0,1,False,True,0.0,1.0,10916.03017578125
2025-04-15 07:00:00,25,0.05,0,1,False,True,0.0,1.0,10980.245751953125
2025-04-15 08:00:00,25,0.05,0,1,False,True,0.0,1.0,11686.150146484375
2025-04-15 09:00:00,25,0.05,0,1,False,True,0.0,1.0,11754.848046875
2025-04-15 10:00:00,25,0.05,0,1,False,True,0.0,1.0,12042.530224609374
2025-04-15 11:00:00,25,0.05,0,1,False,True,0.0,1.0,11847.711572265625
2025-04-15 12:00:00,25,0.05,0,1,False,True,0.0,1.0,11428.405908203125
2025-04-15 13:00:00,25,0.05,0,1,False,True,0.0,1.0,10971.843017578125
2025-04-15 14:00:00,25,0.05,0,2,False,True,0.0,1.0,10244.41435546875
2025-04-15 15:00:00,25,0.05,0,1,False,True,0.0,1.0,9312.043652343751
2025-04-15 16:00:00,25,0.05,1,1,True,True,1.0,1.0,9126.211962890626
2025-04-15 17:00:00,25,0.05,0,1,False,True,0.0,1.0,9111.420849609374
2025-04-15 18:00:00,25,0.05,0,1,False,True,0.0,1.0,9383.26337890625
2025-04-15 19:00:00,25,0.05,0,2,False,True,0.0,1.0,9204.665576171876
2025-04-15 20:00:00,25,0.05,0,1,False,True,0.0,1.0,9629.948388671875
2025-04-15 21:00:00,25,0.05,0,1,False,True,0.0,1.0,9364.88447265625
2025-04-15 22:00:00,25,0.05,0,1,False,True,0.0,1.0,9515.9353515625
2025-04-15 23:00:00,25,0.05,0,1,False,True,0.0,1.0,9595.99326171875
2025-04-16 00:00:00,25,0.05,0,1,False,True,0.0,1.0,9905.85283203125
2025-04-16 01:00:00,25,0.05,0,1,False,True,0.0,1.0,9481.763671875
2025-04-16 02:00:00,25,0.05,0,1,False,True,0.0,1.0,9899.653173828125
2025-04-16 03:00:00,25,0.05,0,1,False,True,0.0,1.0,9970.625830078125
2025-04-16 04:00:00,25,0.05,0,1,False,True,0.0,1.0,10101.869580078124
2025-04-16 05:00:00,25,0.05,0,1,False,True,0.0,1.0,9885.459912109374
2025-04-16 06:00:00,25,0.05,0,1,False,True,0.0,1.0,9976.6873046875
2025-04-16 07:00:00,25,0.05,0,1,False,True,0.0,1.0,10342.26875
2025-04-16 08:00:00,25,0.05,0,1,False,True,0.0,1.0,10910.6615234375
2025-04-16 09:00:00,25,0.05,0,1,False,True,0.0,1.0,11114.52783203125
2025-04-16 10:00:00,25,0.05,1,1,True,True,1.0,1.0,11474.809375
2025-04-16 11:00:00,25,0.05,0,1,False,True,0.0,1.0,9322.83720703125
2025-04-16 12:00:00,25,0.05,0,1,False,True,0.0,1.0,10280.117138671874
2025-04-16 13:00:00,25,0.05,0,1,False,True,0.0,1.0,9759.257373046876
2025-04-16 14:00:00,25,0.05,0,2,False,True,0.0,1.0,9267.246435546875
2025-04-16 15:00:00,25,0.05,0,1,False,True,0.0,1.0,8899.82138671875
2025-04-16 16:00:00,25,0.05,0,2,False,True,0.0,1.0,8698.941650390625
2025-04-16 17:00:00,25,0.05,0,1,False,True,0.0,1.0,8279.317724609375
2025-04-16 18:00:00,25,0.05,0,1,False,True,0.0,1.0,8404.062109375
2025-04-16 19:00:00,25,0.05,0,1,False,True,0.0,1.0,8620.439404296874
2025-04-16 20:00:00,25,0.05,0,1,False,True,0.0,1.0,8589.734765625
2025-04-16 21:00:00,25,0.05,1,1,True,True,1.0,1.0,8827.476904296875
2025-04-16 22:00:00,25,0.05,1,1,True,True,1.0,1.0,8561.468701171876
2025-04-16 23:00:00,25,0.05,0,2,False,True,0.0,1.0,8869.620166015626
2025-04-17 00:00:00,25,0.05,0,1,False,True,0.0,1.0,9023.089990234375
2025-04-17 01:00:00,25,0.05,0,1,False,True,0.0,1.0,8971.678955078125
2025-04-17 02:00:00,25,0.05,0,1,False,True,0.0,1.0,9056.133056640625
2025-04-17 03:00:00,25,0.05,0,1,False,True,0.0,1.0,9145.509619140625
2025-04-17 04:00:00,25,0.05,0,1,False,True,0.0,1.0,9181.691455078126
2025-04-17 05:00:00,25,0.05,0,2,False,True,0.0,1.0,9406.84560546875
2025-04-17 06:00:00,25,0.05,0,1,False,True,0.0,1.0,9199.5541015625
2025-04-17 07:00:00,25,0.05,0,2,False,True,0.0,1.0,9579.73095703125
2025-04-17 08:00:00,25,0.05,0,1,False,True,0.0,1.0,8315.201611328124
2025-04-17 09:00:00,25,0.05,0,2,False,True,0.0,1.0,8586.24267578125
2025-04-17 10:00:00,25,0.05,0,1,False,True,0.0,1.0,9659.95859375
2025-04-17 11:00:00,25,0.05,0,1,False,True,0.0,1.0,9548.9130859375
2025-04-17 12:00:00,25,0.05,0,1,False,True,0.0,1.0,8098.72841796875
2025-04-17 13:00:00,25,0.05,1,1,True,True,1.0,1.0,6709.8118896484375
2025-04-17 14:00:00,25,0.05,0,2,False,True,0.0,1.0,7059.155615234375
2025-04-17 15:00:00,25,0.05,0,2,False,True,0.0,1.0,6405.408740234375
2025-04-17 16:00:00,25,0.05,0,2,False,True,0.0,1.0,6292.5107421875
2025-04-17 17:00:00,25,0.05,0,2,False,True,0.0,1.0,5829.656518554688
2025-04-17 18:00:00,25,0.05,0,1,False,True,0.0,1.0,6864.775805664062
2025-04-17 19:00:00,25,0.05,0,1,False,True,0.0,1.0,6556.534399414063
2025-04-17 20:00:00,25,0.05,0,2,False,True,0.0,1.0,6559.543139648437
2025-04-17 21:00:00,25,0.05,0,2,False,True,0.0,1.0,6866.1173095703125
2025-04-17 22:00:00,25,0.05,0,2,False,True,0.0,1.0,6357.620556640625
2025-04-17 23:00:00,25,0.05,0,2,False,True,0.0,1.0,6534.9822265625
2025-04-18 00:00:00,25,0.05,0,1,False,True,0.0,1.0,6351.214916992188
2025-04-18 01:00:00,25,0.05,0,1,False,True,0.0,1.0,6887.571606445313
2025-04-18 02:00:00,25,0.05,0,3,False,True,0.0,1.0,6456.078198242188
2025-04-18 03:00:00,25,0.05,0,1,False,True,0.0,1.0,6262.221118164062
2025-04-18 04:00:00,25,0.05,0,1,False,True,0.0,1.0,6394.92734375
2025-04-18 05:00:00,25,0.05,0,1,False,True,0.0,1.0,6623.527319335938
2025-04-18 06:00:00,25,0.05,0,3,False,True,0.0,1.0,5829.49091796875
2025-04-18 07:00:00,25,0.05,0,2,False,True,0.0,1.0,5437.3666015625
2025-04-18 08:00:00,25,0.05,1,1,True,True,1.0,1.0,6668.915600585938
2025-04-18 09:00:00,25,0.05,0,1,False,True,0.0,1.0,7174.353515625
2025-04-18 10:00:00,25,0.05,0,1,False,True,0.0,1.0,6876.88896484375
2025-04-18 11:00:00,25,0.05,0,1,False,True,0.0,1.0,7354.6583984375
2025-04-18 12:00:00,25,0.05,0,1,False,True,0.0,1.0,6210.515795898437
2025-04-18 13:00:00,25,0.05,0,1,False,True,0.0,1.0,6023.5567626953125
2025-04-18 14:00:00,25,0.05,0,1,False,True,0.0,1.0,5532.1165771484375
2025-04-18 15:00:00,25,0.05,0,1,False,True,0.0,1.0,4766.06640625
2025-04-18 16:00:00,25,0.05,0,2,False,True,0.0,1.0,4804.000146484375
2025-04-18 17:00:00,25,0.05,0,1,False,True,0.0,1.0,4743.030322265625
2025-04-18 18:00:00,25,0.05,0,1,False,True,0.0,1.0,5106.712084960937
2025-04-18 19:00:00,25,0.05,0,1,False,True,0.0,1.0,4807.9644775390625
2025-04-18 20:00:00,25,0.05,0,1,False,True,0.0,1.0,4585.736376953125
2025-04-18 21:00:00,25,0.05,0,1,False,True,0.0,1.0,4849.840478515625
2025-04-18 22:00:00,25,0.05,0,1,False,True,0.0,1.0,4788.728857421876
2025-04-18 23:00:00,25,0.05,0,1,False,True,0.0,1.0,4542.855786132813
2025-04-19 00:00:00,25,0.05,0,1,False,True,0.0,1.0,4778.474658203125
2025-04-19 01:00:00,25,0.05,0,1,False,True,0.0,1.0,4771.58642578125
2025-04-19 02:00:00,25,0.05,0,2,False,True,0.0,1.0,4760.741552734375
2025-04-19 03:00:00,25,0.05,0,2,False,True,0.0,1.0,4666.52451171875
2025-04-19 04:00:00,25,0.05,0,1,False,True,0.0,1.0,4826.386572265625
2025-04-19 05:00:00,25,0.05,0,1,False,True,0.0,1.0,4927.236767578125
2025-04-19 06:00:00,25,0.05,0,2,False,True,0.0,1.0,5226.896899414062
2025-04-19 07:00:00,25,0.05,0,2,False,True,0.0,1.0,6806.224853515625
2025-04-19 08:00:00,25,0.05,0,2,False,True,0.0,1.0,6741.657397460937
2025-04-19 09:00:00,25,0.05,1,1,True,True,1.0,1.0,6934.100610351563
2025-04-19 10:00:00,25,0.05,0,1,False,True,0.0,1.0,6865.6544189453125
2025-04-19 11:00:00,25,0.05,0,1,False,True,0.0,1.0,5791.67822265625
2025-04-19 12:00:00,25,0.05,0,1,False,True,0.0,1.0,7136.438452148437
2025-04-19 13:00:00,25,0.05,0,1,False,True,0.0,1.0,6714.892065429687
2025-04-19 14:00:00,25,0.05,0,1,False,True,0.0,1.0,5414.892578125
2025-04-19 15:00:00,25,0.05,0,1,False,True,0.0,1.0,5669.5867919921875
2025-04-19 16:00:00,25,0.05,0,2,False,True,0.0,1.0,5215.026953125
2025-04-19 17:00:00,25,0.05,1,2,True,True,1.0,1.0,5438.483325195312
2025-04-19 18:00:00,25,0.05,0,2,False,True,0.0,1.0,4346.641699218751
2025-04-19 19:00:00,25,0.05,0,2,False,True,0.0,1.0,4511.948315429688
2025-04-19 20:00:00,25,0.05,0,1,False,True,0.0,1.0,4442.5595703125
2025-04-19 21:00:00,25,0.05,0,1,False,True,0.0,1.0,4517.081616210938
2025-04-19 22:00:00,25,0.05,0,1,False,True,0.0,1.0,4657.777026367187
2025-04-19 23:00:00,25,0.05,1,1,True,True,1.0,1.0,4714.712377929688
2025-04-20 00:00:00,25,0.05,0,1,False,True,0.0,1.0,5020.4943359375
2025-04-20 01:00:00,25,0.05,0,1,False,True,0.0,1.0,4741.161865234375
2025-04-20 02:00:00,25,0.05,0,1,False,True,0.0,1.0,5085.472509765626
2025-04-20 03:00:00,25,0.05,0,1,False,True,0.0,1.0,5224.323193359375
2025-04-20 04:00:00,25,0.05,0,1,False,True,0.0,1.0,5535.839038085937
2025-04-20 05:00:00,25,0.05,1,1,True,True,1.0,1.0,5248.9771728515625
2025-04-20 06:00:00,25,0.05,0,1,False,True,0.0,1.0,4912.88408203125
2025-04-20 07:00:00,25,0.05,0,1,False,True,0.0,1.0,4946.744897460938
2025-04-20 08:00:00,25,0.05,0,1,False,True,0.0,1.0,4297.886645507812
2025-04-20 09:00:00,25,0.05,0,1,False,True,0.0,1.0,5342.155126953126
2025-04-20 10:00:00,25,0.05,0,1,False,True,0.0,1.0,5744.1414794921875
2025-04-20 11:00:00,25,0.05,0,1,False,True,0.0,1.0,5332.725390625
2025-04-20 12:00:00,25,0.05,0,1,False,True,0.0,1.0,4149.486401367188
2025-04-20 13:00:00,25,0.05,0,1,False,True,0.0,1.0,4359.651684570313
2025-04-20 14:00:00,25,0.05,0,2,False,True,0.0,1.0,4532.02958984375
2025-04-20 15:00:00,25,0.05,0,2,False,True,0.0,1.0,4344.982983398438
2025-04-20 16:00:00,25,0.05,0,2,False,True,0.0,1.0,3954.2428466796873
2025-04-20 17:00:00,25,0.05,0,2,False,True,0.0,1.0,4263.021557617188
2025-04-20 18:00:00,25,0.05,0,2,False,True,0.0,1.0,4270.277905273438
2025-04-20 19:00:00,25,0.05,0,2,False,True,0.0,1.0,4120.31982421875
2025-04-20 20:00:00,25,0.05,0,1,False,True,0.0,1.0,4057.2882568359373
2025-04-20 21:00:00,25,0.05,0,2,False,True,0.0,1.0,4044.4843139648438
2025-04-20 22:00:00,25,0.05,0,2,False,True,0.0,1.0,4083.25576171875
2025-04-20 23:00:00,25,0.05,0,2,False,True,0.0,1.0,3877.2549072265624
2025-04-21 00:00:00,25,0.05,0,2,False,True,0.0,1.0,4378.60771484375
2025-04-21 01:00:00,25,0.05,0,2,False,True,0.0,1.0,4085.6936279296874
2025-04-21 02:00:00,25,0.05,0,2,False,True,0.0,1.0,3603.1170043945312
2025-04-21 03:00:00,25,0.05,0,2,False,True,0.0,1.0,3887.6345703125
2025-04-21 04:00:00,25,0.05,0,2,False,True,0.0,1.0,4034.65361328125
2025-04-21 05:00:00,25,0.05,0,1,False,True,0.0,1.0,4270.7689208984375
2025-04-21 06:00:00,25,0.05,0,1,False,True,0.0,1.0,4220.54482421875
2025-04-21 07:00:00,25,0.05,0,2,False,True,0.0,1.0,5227.672045898437
2025-04-21 08:00:00,25,0.05,0,2,False,True,0.0,1.0,5227.73662109375
2025-04-21 09:00:00,25,0.05,0,1,False,True,0.0,1.0,5622.976391601563
2025-04-21 10:00:00,25,0.05,0,1,False,True,0.0,1.0,7036.868579101562
2025-04-21 11:00:00,25,0.05,1,2,True,True,1.0,1.0,8658.96240234375
2025-04-21 12:00:00,25,0.05,0,1,False,True,0.0,1.0,8534.7705078125
2025-04-21 13:00:00,25,0.05,0,2,False,True,0.0,1.0,8808.580859375
2025-04-21 14:00:00,25,0.05,0,1,False,True,0.0,1.0,8548.971826171875
2025-04-21 15:00:00,25,0.05,0,2,False,True,0.0,1.0,8623.7783203125
2025-04-21 16:00:00,25,0.05,0,1,False,True,0.0,1.0,8032.41083984375
2025-04-21 17:00:00,25,0.05,0,1,False,True,0.0,1.0,7994.339306640625
2025-04-21 18:00:00,25,0.05,0,2,False,True,0.0,1.0,7824.141650390625
2025-04-21 19:00:00,25,0.05,0,2,False,True,0.0,1.0,8002.866430664063
2025-04-21 20:00:00,25,0.05,0,3,False,True,0.0,1.0,7782.182104492188
2025-04-21 21:00:00,25,0.05,0,1,False,True,0.0,1.0,8176.64375
2025-04-21 22:00:00,25,0.05,0,1,False,True,0.0,1.0,7961.679541015625
2025-04-21 23:00:00,25,0.05,1,3,True,True,1.0,1.0,7841.028002929687
2025-04-22 00:00:00,25,0.05,1,1,True,True,1.0,1.0,8422.466162109375
2025-04-22 01:00:00,25,0.05,1,2,True,True,1.0,1.0,8655.89873046875
2025-04-22 02:00:00,25,0.05,0,3,False,True,0.0,1.0,8329.39228515625
2025-04-22 03:00:00,25,0.05,0,2,False,True,0.0,1.0,8451.73291015625
2025-04-22 04:00:00,25,0.05,0,2,False,True,0.0,1.0,8466.05595703125
2025-04-22 05:00:00,25,0.05,0,2,False,True,0.0,1.0,8630.59091796875
2025-04-22 06:00:00,25,0.05,0,1,False,True,0.0,1.0,9962.897802734375
2025-04-22 07:00:00,25,0.05,0,1,False,True,0.0,1.0,10006.47177734375
2025-04-22 08:00:00,25,0.05,1,3,True,True,1.0,1.0,10258.00126953125
2025-04-22 09:00:00,25,0.05,0,3,False,True,0.0,1.0,9399.229345703125
2025-04-22 10:00:00,25,0.05,0,3,False,True,0.0,1.0,9377.61796875
2025-04-22 11:00:00,25,0.05,0,1,False,True,0.0,1.0,7750.959082031251
2025-04-22 12:00:00,25,0.05,0,2,False,True,0.0,1.0,7126.3080078125
2025-04-22 13:00:00,25,0.05,0,1,False,True,0.0,1.0,6447.377856445312
2025-04-22 14:00:00,25,0.05,0,2,False,True,0.0,1.0,5431.590673828125
2025-04-22 15:00:00,25,0.05,0,2,False,True,0.0,1.0,4488.471459960938
2025-04-22 16:00:00,25,0.05,0,2,False,True,0.0,1.0,3796.760546875
2025-04-22 17:00:00,25,0.05,0,2,False,True,0.0,1.0,3805.0673828125005
2025-04-22 18:00:00,25,0.05,0,2,False,True,0.0,1.0,3864.937536621094
2025-04-22 19:00:00,25,0.05,0,1,False,True,0.0,1.0,3843.821630859375
2025-04-22 20:00:00,25,0.05,0,1,False,True,0.0,1.0,4285.677587890626
2025-04-22 21:00:00,25,0.05,0,1,False,True,0.0,1.0,3841.595849609375
2025-04-22 22:00:00,25,0.05,0,3,False,True,0.0,1.0,4179.785998535156
2025-04-22 23:00:00,25,0.05,0,2,False,True,0.0,1.0,4209.238940429687
2025-04-23 00:00:00,25,0.05,0,1,False,True,0.0,1.0,3478.70634765625
2025-04-23 01:00:00,25,0.05,0,1,False,True,0.0,1.0,3505.1845703125
2025-04-23 02:00:00,25,0.05,0,2,False,True,0.0,1.0,3446.0266357421874
2025-04-23 03:00:00,25,0.05,0,2,False,True,0.0,1.0,3218.5632446289064
2025-04-23 04:00:00,25,0.05,0,3,False,True,0.0,1.0,3392.3921142578124
2025-04-23 05:00:00,25,0.05,0,2,False,True,0.0,1.0,3212.1050659179687
2025-04-23 06:00:00,25,0.05,0,1,False,True,0.0,1.0,2919.9342529296873
2025-04-23 07:00:00,25,0.05,0,1,False,True,0.0,1.0,3897.7145263671873
2025-04-23 08:00:00,25,0.05,0,1,False,True,0.0,1.0,2176.352294921875
2025-04-23 09:00:00,25,0.05,0,3,False,True,0.0,1.0,2496.7818359375
2025-04-23 10:00:00,25,0.05,0,1,False,True,0.0,1.0,2213.5818725585937
2025-04-23 11:00:00,25,0.05,0,2,False,True,0.0,1.0,3942.1378540039063
2025-04-23 12:00:00,25,0.05,0,1,False,True,0.0,1.0,4404.9661865234375
2025-04-23 13:00:00,25,0.05,1,1,True,True,1.0,1.0,4420.38515625
2025-04-23 14:00:00,25,0.05,0,2,False,True,0.0,1.0,3947.2944213867186
2025-04-23 15:00:00,25,0.05,0,2,False,True,0.0,1.0,4090.257836914063
2025-04-23 16:00:00,25,0.05,0,1,False,True,0.0,1.0,3767.446533203125
2025-04-23 17:00:00,25,0.05,0,1,False,True,0.0,1.0,3252.62568359375
2025-04-23 18:00:00,25,0.05,0,2,False,True,0.0,1.0,2945.6785522460937
2025-04-23 19:00:00,25,0.05,0,2,False,True,0.0,1.0,3198.7764770507815
2025-04-23 20:00:00,25,0.05,0,2,False,True,0.0,1.0,3472.776843261719
2025-04-23 21:00:00,25,0.05,0,1,False,True,0.0,1.0,3139.104248046875
2025-04-23 22:00:00,25,0.05,0,1,False,True,0.0,1.0,3554.403942871094
2025-04-23 23:00:00,25,0.05,0,1,False,True,0.0,1.0,3399.6494262695314
2025-04-24 00:00:00,25,0.05,0,2,False,True,0.0,1.0,2771.4324340820312
2025-04-24 01:00:00,25,0.05,0,1,False,True,0.0,1.0,2700.63505859375
2025-04-24 02:00:00,25,0.05,0,2,False,True,0.0,1.0,3156.7182373046876
2025-04-24 03:00:00,25,0.05,0,1,False,True,0.0,1.0,2828.9469970703126
2025-04-24 04:00:00,25,0.05,0,2,False,True,0.0,1.0,2955.094482421875
2025-04-24 05:00:00,25,0.05,0,1,False,True,0.0,1.0,3112.7857055664062
2025-04-24 06:00:00,25,0.05,0,1,False,True,0.0,1.0,2671.2286865234373
2025-04-24 07:00:00,25,0.05,0,1,False,True,0.0,1.0,2554.8387329101565
2025-04-24 08:00:00,25,0.05,0,3,False,True,0.0,1.0,2552.3615844726564
2025-04-24 09:00:00,25,0.05,0,2,False,True,0.0,1.0,2397.8429565429688
2025-04-24 10:00:00,25,0.05,0,2,False,True,0.0,1.0,1926.120935058594
2025-04-24 11:00:00,25,0.05,0,2,False,True,0.0,1.0,1819.9173889160156
2025-04-24 12:00:00,25,0.05,0,1,False,True,0.0,1.0,1646.4819458007812
2025-04-24 13:00:00,25,0.05,0,3,False,True,0.0,1.0,1477.997540283203
2025-04-24 14:00:00,25,0.05,0,1,False,True,0.0,1.0,1761.3269653320312
2025-04-24 15:00:00,25,0.05,0,1,False,True,0.0,1.0,1631.0773193359375
2025-04-24 16:00:00,25,0.05,0,1,False,True,0.0,1.0,1741.0365966796876
2025-04-24 17:00:00,25,0.05,0,1,False,True,0.0,1.0,1622.7355285644533
2025-04-24 18:00:00,25,0.05,0,1,False,True,0.0,1.0,1653.36923828125
2025-04-24 19:00:00,25,0.05,0,1,False,True,0.0,1.0,1652.9253479003908
2025-04-24 20:00:00,25,0.05,0,2,False,True,0.0,1.0,1570.0825744628908
2025-04-24 21:00:00,25,0.05,0,1,False,True,0.0,1.0,1833.4736389160157
2025-04-24 22:00:00,25,0.05,0,1,False,True,0.0,1.0,1632.1645080566407
2025-04-24 23:00:00,25,0.05,0,1,False,True,0.0,1.0,1806.426251220703
2025-04-25 00:00:00,25,0.05,0,1,False,True,0.0,1.0,1726.4065185546876
2025-04-25 01:00:00,25,0.05,0,1,False,True,0.0,1.0,1693.6314819335937
2025-04-25 02:00:00,25,0.05,0,1,False,True,0.0,1.0,1784.3658020019532
2025-04-25 03:00:00,25,0.05,0,1,False,True,0.0,1.0,1819.6783325195313
2025-04-25 04:00:00,25,0.05,0,1,False,True,0.0,1.0,1797.7248352050783
2025-04-25 05:00:00,25,0.05,0,2,False,True,0.0,1.0,1793.7641235351562
2025-04-25 06:00:00,25,0.05,0,2,False,True,0.0,1.0,1723.801336669922
2025-04-25 07:00:00,25,0.05,0,2,False,True,0.0,1.0,1691.5561645507812
2025-04-25 08:00:00,25,0.05,0,2,False,True,0.0,1.0,1688.8275634765625
2025-04-25 09:00:00,25,0.05,0,1,False,True,0.0,1.0,1611.593359375
2025-04-25 10:00:00,25,0.05,0,2,False,True,0.0,1.0,1761.1315368652345
2025-04-25 11:00:00,25,0.05,0,2,False,True,0.0,1.0,1937.766778564453
2025-04-25 12:00:00,25,0.05,0,1,False,True,0.0,1.0,1906.2924133300783
2025-04-25 13:00:00,25,0.05,0,1,False,True,0.0,1.0,1903.7562133789063
2025-04-25 14:00:00,25,0.05,0,1,False,True,0.0,1.0,2010.0675476074218
2025-04-25 15:00:00,25,0.05,0,1,False,True,0.0,1.0,2067.9579223632813
2025-04-25 16:00:00,25,0.05,0,1,False,True,0.0,1.0,2224.9721923828124
2025-04-25 17:00:00,25,0.05,0,1,False,True,0.0,1.0,2246.1726928710937
2025-04-25 18:00:00,25,0.05,0,1,False,True,0.0,1.0,2103.20205078125
2025-04-25 19:00:00,25,0.05,0,2,False,True,0.0,1.0,2127.465368652344
2025-04-25 20:00:00,25,0.05,0,1,False,True,0.0,1.0,2375.8948364257812
2025-04-25 21:00:00,25,0.05,0,1,False,True,0.0,1.0,2250.061279296875
2025-04-25 22:00:00,25,0.05,0,1,False,True,0.0,1.0,2331.594616699219
2025-04-25 23:00:00,25,0.05,0,1,False,True,0.0,1.0,2309.291357421875
2025-04-26 00:00:00,25,0.05,0,2,False,True,0.0,1.0,2397.1183227539063
2025-04-26 01:00:00,25,0.05,0,1,False,True,0.0,1.0,2434.8316162109377
2025-04-26 02:00:00,25,0.05,0,1,False,True,0.0,1.0,2349.471728515625
2025-04-26 03:00:00,25,0.05,0,1,False,True,0.0,1.0,2361.7880004882813
2025-04-26 04:00:00,25,0.05,0,2,False,True,0.0,1.0,2330.5064331054687
2025-04-26 05:00:00,25,0.05,0,1,False,True,0.0,1.0,2462.976037597656
2025-04-26 06:00:00,25,0.05,0,1,False,True,0.0,1.0,2556.7941284179688
2025-04-26 07:00:00,25,0.05,0,2,False,True,0.0,1.0,2920.72587890625
2025-04-26 08:00:00,25,0.05,0,1,False,True,0.0,1.0,3376.1185791015623
2025-04-26 09:00:00,25,0.05,0,2,False,True,0.0,1.0,2989.813818359375
2025-04-26 10:00:00,25,0.05,0,1,False,True,0.0,1.0,3285.1963623046877
2025-04-26 11:00:00,25,0.05,0,1,False,True,0.0,1.0,3264.620495605469
2025-04-26 12:00:00,25,0.05,0,1,False,True,0.0,1.0,4147.381640625
2025-04-26 13:00:00,25,0.05,0,1,False,True,0.0,1.0,3994.4906372070313
2025-04-26 14:00:00,25,0.05,0,1,False,True,0.0,1.0,4342.925366210938
2025-04-26 15:00:00,25,0.05,0,2,False,True,0.0,1.0,4659.728857421875
2025-04-26 16:00:00,25,0.05,0,1,False,True,0.0,1.0,4689.816918945313
2025-04-26 17:00:00,25,0.05,0,2,False,True,0.0,1.0,4929.02119140625
2025-04-26 18:00:00,25,0.05,0,1,False,True,0.0,1.0,5741.94228515625
2025-04-26 19:00:00,25,0.05,0,1,False,True,0.0,1.0,5755.055444335938
2025-04-26 20:00:00,25,0.05,0,1,False,True,0.0,1.0,5904.1898193359375
2025-04-26 21:00:00,25,0.05,0,1,False,True,0.0,1.0,5754.290991210937
2025-04-26 22:00:00,25,0.05,0,1,False,True,0.0,1.0,5799.31396484375
2025-04-26 23:00:00,25,0.05,0,1,False,True,0.0,1.0,5402.515307617187
2025-04-27 00:00:00,25,0.05,0,1,False,True,0.0,1.0,5408.741235351563
2025-04-27 01:00:00,25,0.05,0,2,False,True,0.0,1.0,5209.881933593751
2025-04-27 02:00:00,25,0.05,0,1,False,True,0.0,1.0,5346.5146484375
2025-04-27 03:00:00,25,0.05,0,1,False,True,0.0,1.0,5488.147680664062
2025-04-27 04:00:00,25,0.05,0,1,False,True,0.0,1.0,5328.057299804687
2025-04-27 05:00:00,25,0.05,0,1,False,True,0.0,1.0,5017.927392578125
2025-04-27 06:00:00,25,0.05,0,1,False,True,0.0,1.0,6714.793920898438
2025-04-27 07:00:00,25,0.05,0,1,False,True,0.0,1.0,6943.591381835938
2025-04-27 08:00:00,25,0.05,0,1,False,True,0.0,1.0,6213.066577148437
2025-04-27 09:00:00,25,0.05,0,2,False,True,0.0,1.0,7384.802319335938
2025-04-27 10:00:00,25,0.05,1,1,True,True,1.0,1.0,6777.023193359375
2025-04-27 11:00:00,25,0.05,0,2,False,True,0.0,1.0,5276.6651611328125
2025-04-27 12:00:00,25,0.05,0,1,False,True,0.0,1.0,5704.2535400390625
2025-04-27 13:00:00,25,0.05,0,1,False,True,0.0,1.0,4419.534155273438
2025-04-27 14:00:00,25,0.05,0,2,False,True,0.0,1.0,4430.849926757813
2025-04-27 15:00:00,25,0.05,0,1,False,True,0.0,1.0,4576.314111328125
2025-04-27 16:00:00,25,0.05,0,1,False,True,0.0,1.0,4590.446337890625
2025-04-27 17:00:00,25,0.05,0,1,False,True,0.0,1.0,4179.310986328125
2025-04-27 18:00:00,25,0.05,0,1,False,True,0.0,1.0,3998.654931640625
2025-04-27 19:00:00,25,0.05,0,1,False,True,0.0,1.0,4160.345654296875
2025-04-27 20:00:00,25,0.05,0,1,False,True,0.0,1.0,4126.097607421875
2025-04-27 21:00:00,25,0.05,0,1,False,True,0.0,1.0,4135.41875
2025-04-27 22:00:00,25,0.05,0,2,False,True,0.0,1.0,4744.8182373046875
2025-04-27 23:00:00,25,0.05,0,1,False,True,0.0,1.0,4268.868017578125
2025-04-28 00:00:00,25,0.05,0,1,False,True,0.0,1.0,5146.184423828125
2025-04-28 01:00:00,25,0.05,0,1,False,True,0.0,1.0,4943.8887939453125
2025-04-28 02:00:00,25,0.05,0,2,False,True,0.0,1.0,5191.256616210938
2025-04-28 03:00:00,25,0.05,0,2,False,True,0.0,1.0,5415.35830078125
2025-04-28 04:00:00,25,0.05,0,1,False,True,0.0,1.0,5573.217431640625
2025-04-28 05:00:00,25,0.05,0,1,False,True,0.0,1.0,5410.413256835937
2025-04-28 06:00:00,25,0.05,0,1,False,True,0.0,1.0,4980.724560546875
2025-04-28 07:00:00,25,0.05,0,1,False,True,0.0,1.0,4365.151782226562
2025-04-28 08:00:00,25,0.05,0,1,False,True,0.0,1.0,4564.069921875
2025-04-28 09:00:00,25,0.05,0,1,False,True,0.0,1.0,4485.402661132813
2025-04-28 10:00:00,25,0.05,1,1,True,True,1.0,1.0,4755.237158203125
2025-04-28 11:00:00,25,0.05,0,1,False,True,0.0,1.0,5210.4591796875
2025-04-28 12:00:00,25,0.05,0,2,False,True,0.0,1.0,7214.628662109375
2025-04-28 13:00:00,25,0.05,0,1,False,True,0.0,1.0,7460.904223632813
2025-04-28 14:00:00,25,0.05,0,1,False,True,0.0,1.0,7699.4320068359375
2025-04-28 15:00:00,25,0.05,0,1,False,True,0.0,1.0,7372.4595703125
2025-04-28 16:00:00,25,0.05,0,1,False,True,0.0,1.0,7241.737451171875
2025-04-28 17:00:00,25,0.05,0,1,False,True,0.0,1.0,7164.636743164063
2025-04-28 18:00:00,25,0.05,0,1,False,True,0.0,1.0,8021.493505859375
2025-04-28 19:00:00,25,0.05,0,1,False,True,0.0,1.0,7643.574682617188
2025-04-28 20:00:00,25,0.05,0,2,False,True,0.0,1.0,7722.496923828126
2025-04-28 21:00:00,25,0.05,0,1,False,True,0.0,1.0,7470.506420898438
2025-04-28 22:00:00,25,0.05,0,1,False,True,0.0,1.0,8094.054516601563
2025-04-28 23:00:00,25,0.05,0,1,False,True,0.0,1.0,7567.469213867187
2025-04-29 00:00:00,25,0.05,0,2,False,True,0.0,1.0,7254.13623046875
2025-04-29 01:00:00,25,0.05,0,1,False,True,0.0,1.0,7704.037622070313
2025-04-29 02:00:00,25,0.05,0,1,False,True,0.0,1.0,7776.397631835937
2025-04-29 03:00:00,25,0.05,0,1,False,True,0.0,1.0,7613.185400390626
2025-04-29 04:00:00,25,0.05,0,1,False,True,0.0,1.0,7042.798681640626
2025-04-29 05:00:00,25,0.05,0,1,False,True,0.0,1.0,6883.630810546875
2025-04-29 06:00:00,25,0.05,0,1,False,True,0.0,1.0,8591.75908203125
2025-04-29 07:00:00,25,0.05,0,1,False,True,0.0,1.0,10123.229833984375
2025-04-29 08:00:00,25,0.05,0,1,False,True,0.0,1.0,10319.529248046874
2025-04-29 09:00:00,25,0.05,0,2,False,True,0.0,1.0,10930.51455078125
2025-04-29 10:00:00,25,0.05,0,2,False,True,0.0,1.0,10864.42119140625
2025-04-29 11:00:00,25,0.05,0,1,False,True,0.0,1.0,11054.59189453125
2025-04-29 12:00:00,25,0.05,0,1,False,True,0.0,1.0,10099.902294921874
2025-04-29 13:00:00,25,0.05,0,1,False,True,0.0,1.0,9799.101171875
2025-04-29 14:00:00,25,0.05,0,2,False,True,0.0,1.0,9325.531445312501
2025-04-29 15:00:00,25,0.05,0,1,False,True,0.0,1.0,8970.290283203125
2025-04-29 16:00:00,25,0.05,1,1,True,True,1.0,1.0,8336.600439453125
2025-04-29 17:00:00,25,0.05,0,2,False,True,0.0,1.0,8779.177734375
2025-04-29 18:00:00,25,0.05,0,1,False,True,0.0,1.0,8390.543310546875
2025-04-29 19:00:00,25,0.05,0,1,False,True,0.0,1.0,8724.504638671875
2025-04-29 20:00:00,25,0.05,0,1,False,True,0.0,1.0,8157.615551757813
2025-04-29 21:00:00,25,0.05,0,1,False,True,0.0,1.0,8460.249853515625
2025-04-29 22:00:00,25,0.05,0,1,False,True,0.0,1.0,8618.672705078125
2025-04-29 23:00:00,25,0.05,0,1,False,True,0.0,1.0,8390.704248046875
2025-04-30 00:00:00,25,0.05,0,1,False,True,0.0,1.0,8725.869775390625
2025-04-30 01:00:00,25,0.05,0,1,False,True,0.0,1.0,8996.984423828126
2025-04-30 02:00:00,25,0.05,0,1,False,True,0.0,1.0,8812.2052734375
2025-04-30 03:00:00,25,0.05,0,1,False,True,0.0,1.0,8975.3443359375
2025-04-30 04:00:00,25,0.05,0,1,False,True,0.0,1.0,8831.077001953125
2025-04-30 05:00:00,25,0.05,0,2,False,True,0.0,1.0,8866.545166015625
2025-04-30 06:00:00,25,0.05,0,1,False,True,0.0,1.0,9336.922314453124
2025-04-30 07:00:00,25,0.05,0,1,False,True,0.0,1.0,10577.067333984374
2025-04-30 08:00:00,25,0.05,1,2,True,True,1.0,1.0,10392.21982421875
2025-04-30 09:00:00,25,0.05,0,1,False,True,0.0,1.0,10681.829833984375
2025-04-30 10:00:00,25,0.05,0,1,False,True,0.0,1.0,10912.08408203125
2025-04-30 11:00:00,25,0.05,1,1,True,True,1.0,1.0,9238.603759765625
2025-04-30 12:00:00,25,0.05,0,1,False,True,0.0,1.0,10247.326123046874
2025-04-30 13:00:00,25,0.05,0,1,False,True,0.0,1.0,10077.431689453126
2025-04-30 14:00:00,25,0.05,0,1,False,True,0.0,1.0,9583.52939453125
2025-04-30 15:00:00,25,0.05,0,1,False,True,0.0,1.0,8502.412646484376
2025-04-30 16:00:00,25,0.05,0,1,False,True,0.0,1.0,7844.5213623046875
2025-04-30 17:00:00,25,0.05,0,1,False,True,0.0,1.0,7926.44453125
2025-04-30 18:00:00,25,0.05,0,1,False,True,0.0,1.0,8061.604467773437
2025-04-30 19:00:00,25,0.05,0,1,False,True,0.0,1.0,8321.303076171875
2025-04-30 20:00:00,25,0.05,0,1,False,True,0.0,1.0,8431.595751953126
2025-04-30 21:00:00,25,0.05,0,1,False,True,0.0,1.0,8561.821875
2025-04-30 22:00:00,25,0.05,0,2,False,True,0.0,1.0,8727.199169921874
2025-04-30 23:00:00,25,0.05,0,1,False,True,0.0,1.0,8719.12529296875
2025-05-01 00:00:00,25,0.05,0,1,False,True,0.0,1.0,9503.273291015625
2025-05-01 01:00:00,25,0.05,0,1,False,True,0.0,1.0,9286.9701171875
2025-05-01 02:00:00,25,0.05,0,1,False,True,0.0,1.0,9013.51318359375
2025-05-01 03:00:00,25,0.05,0,1,False,True,0.0,1.0,8989.24208984375
2025-05-01 04:00:00,25,0.05,0,1,False,True,0.0,1.0,9202.474951171875
2025-05-01 05:00:00,25,0.05,0,1,False,True,0.0,1.0,8674.00478515625
2025-05-01 06:00:00,25,0.05,0,2,False,True,0.0,1.0,8221.449096679688
2025-05-01 07:00:00,25,0.05,0,1,False,True,0.0,1.0,7963.698974609375
2025-05-01 08:00:00,25,0.05,0,1,False,True,0.0,1.0,7607.960864257812
2025-05-01 09:00:00,25,0.05,0,1,False,True,0.0,1.0,7243.221459960938
2025-05-01 10:00:00,25,0.05,0,2,False,True,0.0,1.0,6539.77470703125
2025-05-01 11:00:00,25,0.05,0,1,False,True,0.0,1.0,6806.60732421875
2025-05-01 12:00:00,25,0.05,0,1,False,True,0.0,1.0,7571.178393554687
2025-05-01 13:00:00,25,0.05,0,2,False,True,0.0,1.0,8082.486352539063
2025-05-01 14:00:00,25,0.05,0,1,False,True,0.0,1.0,8067.054638671875
2025-05-01 15:00:00,25,0.05,0,2,False,True,0.0,1.0,8060.523901367187
2025-05-01 16:00:00,25,0.05,0,2,False,True,0.0,1.0,7433.54140625
2025-05-01 17:00:00,25,0.05,0,1,False,True,0.0,1.0,7461.303540039063
2025-05-01 18:00:00,25,0.05,0,2,False,True,0.0,1.0,8090.313940429687
2025-05-01 19:00:00,25,0.05,0,1,False,True,0.0,1.0,8361.86953125
2025-05-01 20:00:00,25,0.05,0,1,False,True,0.0,1.0,8896.940283203125
2025-05-01 21:00:00,25,0.05,1,2,True,True,1.0,1.0,8976.444677734375
2025-05-01 22:00:00,25,0.05,0,1,False,True,0.0,1.0,8426.861376953126
2025-05-01 23:00:00,25,0.05,0,1,False,True,0.0,1.0,8302.001904296874
2025-05-02 00:00:00,25,0.05,0,2,False,True,0.0,1.0,8646.446923828125
2025-05-02 01:00:00,25,0.05,0,1,False,True,0.0,1.0,7998.323291015625
2025-05-02 02:00:00,25,0.05,0,2,False,True,0.0,1.0,7881.20791015625
2025-05-02 03:00:00,25,0.05,0,1,False,True,0.0,1.0,7840.1934814453125
2025-05-02 04:00:00,25,0.05,0,2,False,True,0.0,1.0,7975.590478515625
2025-05-02 05:00:00,25,0.05,0,1,False,True,0.0,1.0,7841.630102539063
2025-05-02 06:00:00,25,0.05,0,1,False,True,0.0,1.0,9245.955761718751
2025-05-02 07:00:00,25,0.05,0,3,False,True,0.0,1.0,10691.354052734376
2025-05-02 08:00:00,25,0.05,0,1,False,True,0.0,1.0,11330.8083984375
2025-05-02 09:00:00,25,0.05,0,2,False,True,0.0,1.0,11358.95087890625
2025-05-02 10:00:00,25,0.05,0,1,False,True,0.0,1.0,11385.2919921875
2025-05-02 11:00:00,25,0.05,0,1,False,True,0.0,1.0,10289.226611328126
2025-05-02 12:00:00,25,0.05,0,1,False,True,0.0,1.0,9007.472607421874
2025-05-02 13:00:00,25,0.05,0,2,False,True,0.0,1.0,8768.801025390625
2025-05-02 14:00:00,25,0.05,0,1,False,True,0.0,1.0,9093.708154296875
2025-05-02 15:00:00,25,0.05,0,1,False,True,0.0,1.0,8397.2640625
2025-05-02 16:00:00,25,0.05,0,1,False,True,0.0,1.0,8136.888720703125
2025-05-02 17:00:00,25,0.05,0,1,False,True,0.0,1.0,7677.042138671875
2025-05-02 18:00:00,25,0.05,0,2,False,True,0.0,1.0,5929.140454101563
2025-05-02 19:00:00,25,0.05,0,1,False,True,0.0,1.0,5915.115161132812
2025-05-02 20:00:00,25,0.05,0,2,False,True,0.0,1.0,5714.08642578125
2025-05-02 21:00:00,25,0.05,0,1,False,True,0.0,1.0,6123.8341796875
2025-05-02 22:00:00,25,0.05,0,1,False,True,0.0,1.0,6095.668383789062
2025-05-02 23:00:00,25,0.05,0,1,False,True,0.0,1.0,6126.706103515625
2025-05-03 00:00:00,25,0.05,0,1,False,True,0.0,1.0,6291.698315429688
2025-05-03 01:00:00,25,0.05,0,1,False,True,0.0,1.0,6460.778637695313
2025-05-03 02:00:00,25,0.05,0,1,False,True,0.0,1.0,6218.693408203125
2025-05-03 03:00:00,25,0.05,0,1,False,True,0.0,1.0,6222.8525390625
2025-05-03 04:00:00,25,0.05,0,1,False,True,0.0,1.0,6370.880151367188
2025-05-03 05:00:00,25,0.05,0,1,False,True,0.0,1.0,6115.624340820313
2025-05-03 06:00:00,25,0.05,0,1,False,True,0.0,1.0,5803.715185546875
2025-05-03 07:00:00,25,0.05,0,2,False,True,0.0,1.0,6551.960595703125
2025-05-03 08:00:00,25,0.05,0,1,False,True,0.0,1.0,6633.906762695313
2025-05-03 09:00:00,25,0.05,0,1,False,True,0.0,1.0,7250.27734375
2025-05-03 10:00:00,25,0.05,0,1,False,True,0.0,1.0,6622.168676757812
2025-05-03 11:00:00,25,0.05,0,1,False,True,0.0,1.0,7291.5921630859375
2025-05-03 12:00:00,25,0.05,0,1,False,True,0.0,1.0,7330.264501953126
2025-05-03 13:00:00,25,0.05,0,1,False,True,0.0,1.0,6341.726879882813
2025-05-03 14:00:00,25,0.05,0,1,False,True,0.0,1.0,6097.27900390625
2025-05-03 15:00:00,25,0.05,0,1,False,True,0.0,1.0,5683.484887695313
2025-05-03 16:00:00,25,0.05,0,1,False,True,0.0,1.0,5624.112622070313
2025-05-03 17:00:00,25,0.05,0,1,False,True,0.0,1.0,5315.717626953126
2025-05-03 18:00:00,25,0.05,0,1,False,True,0.0,1.0,5116.701928710938
2025-05-03 19:00:00,25,0.05,0,2,False,True,0.0,1.0,5436.499536132813
2025-05-03 20:00:00,25,0.05,0,1,False,True,0.0,1.0,5190.729516601563
2025-05-03 21:00:00,25,0.05,0,1,False,True,0.0,1.0,5222.731250000001
2025-05-03 22:00:00,25,0.05,0,1,False,True,0.0,1.0,5436.042553710938
2025-05-03 23:00:00,25,0.05,0,2,False,True,0.0,1.0,5470.369970703125
2025-05-04 00:00:00,25,0.05,0,1,False,True,0.0,1.0,4386.032958984375
2025-05-04 01:00:00,25,0.05,0,1,False,True,0.0,1.0,4547.958666992187
2025-05-04 02:00:00,25,0.05,0,1,False,True,0.0,1.0,4225.05693359375
2025-05-04 03:00:00,25,0.05,0,2,False,True,0.0,1.0,4340.469580078126
2025-05-04 04:00:00,25,0.05,0,1,False,True,0.0,1.0,4441.174780273438
2025-05-04 05:00:00,25,0.05,0,2,False,True,0.0,1.0,4228.26591796875
2025-05-04 06:00:00,25,0.05,0,2,False,True,0.0,1.0,4377.037866210938
2025-05-04 07:00:00,25,0.05,0,1,False,True,0.0,1.0,5587.608911132813
2025-05-04 08:00:00,25,0.05,0,1,False,True,0.0,1.0,5961.136743164063
2025-05-04 09:00:00,25,0.05,0,1,False,True,0.0,1.0,7719.89228515625
2025-05-04 10:00:00,25,0.05,0,1,False,True,0.0,1.0,7856.9505615234375
2025-05-04 11:00:00,25,0.05,0,2,False,True,0.0,1.0,6057.947436523437
2025-05-04 12:00:00,25,0.05,0,2,False,True,0.0,1.0,6805.853198242187
2025-05-04 13:00:00,25,0.05,0,1,False,True,0.0,1.0,6668.766772460937
2025-05-04 14:00:00,25,0.05,0,2,False,True,0.0,1.0,6249.6134765625
2025-05-04 15:00:00,25,0.05,0,1,False,True,0.0,1.0,6029.696923828125
2025-05-04 16:00:00,25,0.05,0,2,False,True,0.0,1.0,6016.719946289062
2025-05-04 17:00:00,25,0.05,0,1,False,True,0.0,1.0,6173.0743408203125
2025-05-04 18:00:00,25,0.05,0,3,False,True,0.0,1.0,5635.979101562501
2025-05-04 19:00:00,25,0.05,0,3,False,True,0.0,1.0,5557.76953125
2025-05-04 20:00:00,25,0.05,0,2,False,True,0.0,1.0,5932.388916015625
2025-05-04 21:00:00,25,0.05,0,1,False,True,0.0,1.0,5545.671240234375
2025-05-04 22:00:00,25,0.05,0,1,False,True,0.0,1.0,6103.558520507812
2025-05-04 23:00:00,25,0.05,0,2,False,True,0.0,1.0,5755.5681640625
2025-05-05 00:00:00,25,0.05,0,2,False,True,0.0,1.0,5534.9356689453125
2025-05-05 01:00:00,25,0.05,0,1,False,True,0.0,1.0,5270.950634765625
2025-05-05 02:00:00,25,0.05,0,3,False,True,0.0,1.0,4826.651049804687
2025-05-05 03:00:00,25,0.05,0,1,False,True,0.0,1.0,5123.105737304688
2025-05-05 04:00:00,25,0.05,0,1,False,True,0.0,1.0,5581.577709960938
2025-05-05 05:00:00,25,0.05,0,1,False,True,0.0,1.0,5207.86181640625
2025-05-05 06:00:00,25,0.05,0,1,False,True,0.0,1.0,5632.080786132812
2025-05-05 07:00:00,25,0.05,0,3,False,True,0.0,1.0,5165.535131835937
2025-05-05 08:00:00,25,0.05,0,1,False,True,0.0,1.0,5752.585302734375
2025-05-05 09:00:00,25,0.05,0,2,False,True,0.0,1.0,6449.15205078125
2025-05-05 10:00:00,25,0.05,0,1,False,True,0.0,1.0,6506.641455078125
2025-05-05 11:00:00,25,0.05,0,2,False,True,0.0,1.0,6082.254418945313
2025-05-05 12:00:00,25,0.05,0,1,False,True,0.0,1.0,6887.434057617187
2025-05-05 13:00:00,25,0.05,0,1,False,True,0.0,1.0,6588.3013916015625
2025-05-05 14:00:00,25,0.05,0,2,False,True,0.0,1.0,6371.822802734375
2025-05-05 15:00:00,25,0.05,0,2,False,True,0.0,1.0,5596.629907226563
2025-05-05 16:00:00,25,0.05,0,2,False,True,0.0,1.0,5489.9095703125
2025-05-05 17:00:00,25,0.05,0,3,False,True,0.0,1.0,4879.865258789063
2025-05-05 18:00:00,25,0.05,0,2,False,True,0.0,1.0,5506.194140625
2025-05-05 19:00:00,25,0.05,0,2,False,True,0.0,1.0,5369.694580078125
2025-05-05 20:00:00,25,0.05,0,2,False,True,0.0,1.0,5176.896875
2025-05-05 21:00:00,25,0.05,0,1,False,True,0.0,1.0,5269.408032226563
2025-05-05 22:00:00,25,0.05,0,2,False,True,0.0,1.0,5544.060864257813
2025-05-05 23:00:00,25,0.05,0,1,False,True,0.0,1.0,5741.3896484375
2025-05-06 00:00:00,25,0.05,0,2,False,True,0.0,1.0,6036.3848876953125
2025-05-06 01:00:00,25,0.05,0,2,False,True,0.0,1.0,5512.562646484375
2025-05-06 02:00:00,25,0.05,0,2,False,True,0.0,1.0,5756.251708984376
2025-05-06 03:00:00,25,0.05,0,1,False,True,0.0,1.0,5805.336352539063
2025-05-06 04:00:00,25,0.05,0,1,False,True,0.0,1.0,5597.010668945312
2025-05-06 05:00:00,25,0.05,0,2,False,True,0.0,1.0,6009.054638671875
2025-05-06 06:00:00,25,0.05,0,2,False,True,0.0,1.0,6446.690356445312
2025-05-06 07:00:00,25,0.05,0,1,False,True,0.0,1.0,5533.0681640625
2025-05-06 08:00:00,25,0.05,0,2,False,True,0.0,1.0,5154.053979492188
2025-05-06 09:00:00,25,0.05,0,2,False,True,0.0,1.0,6161.214941406251
2025-05-06 10:00:00,25,0.05,0,2,False,True,0.0,1.0,5871.2763671875
2025-05-06 11:00:00,25,0.05,0,1,False,True,0.0,1.0,3322.5796508789062
2025-05-06 12:00:00,25,0.05,0,1,False,True,0.0,1.0,2852.4382934570312
2025-05-06 13:00:00,25,0.05,0,2,False,True,0.0,1.0,2634.640100097656
2025-05-06 14:00:00,25,0.05,0,1,False,True,0.0,1.0,3050.3037841796877
2025-05-06 15:00:00,25,0.05,1,1,True,True,1.0,1.0,2702.376843261719
2025-05-06 16:00:00,25,0.05,0,1,False,True,0.0,1.0,2428.88984375
2025-05-06 17:00:00,25,0.05,0,1,False,True,0.0,1.0,2345.652783203125
2025-05-06 18:00:00,25,0.05,0,1,False,True,0.0,1.0,2472.016687011719
2025-05-06 19:00:00,25,0.05,0,1,False,True,0.0,1.0,2301.929724121094
2025-05-06 20:00:00,25,0.05,0,1,False,True,0.0,1.0,2705.0604858398438
2025-05-06 21:00:00,25,0.05,0,1,False,True,0.0,1.0,2646.937768554688
2025-05-06 22:00:00,25,0.05,0,1,False,True,0.0,1.0,2965.0209350585938
2025-05-06 23:00:00,25,0.05,0,1,False,True,0.0,1.0,2651.8839477539063
2025-05-07 00:00:00,25,0.05,0,1,False,True,0.0,1.0,2555.071337890625
2025-05-07 01:00:00,25,0.05,0,1,False,True,0.0,1.0,2528.713916015625
2025-05-07 02:00:00,25,0.05,0,2,False,True,0.0,1.0,2549.6447509765626
2025-05-07 03:00:00,25,0.05,0,2,False,True,0.0,1.0,2797.4590454101562
2025-05-07 04:00:00,25,0.05,0,1,False,True,0.0,1.0,2757.7296508789063
2025-05-07 05:00:00,25,0.05,0,1,False,True,0.0,1.0,2459.3488403320316
2025-05-07 06:00:00,25,0.05,0,1,False,True,0.0,1.0,2245.360632324219
2025-05-07 07:00:00,25,0.05,0,1,False,True,0.0,1.0,2572.0548583984373
2025-05-07 08:00:00,25,0.05,0,1,False,True,0.0,1.0,2795.6438842773437
2025-05-07 09:00:00,25,0.05,0,1,False,True,0.0,1.0,3176.3479614257812
2025-05-07 10:00:00,25,0.05,0,1,False,True,0.0,1.0,3540.2716552734373
2025-05-07 11:00:00,25,0.05,0,1,False,True,0.0,1.0,3990.8338500976565
2025-05-07 12:00:00,25,0.05,0,1,False,True,0.0,1.0,3703.8833618164062
2025-05-07 13:00:00,25,0.05,0,2,False,True,0.0,1.0,3687.245751953125
2025-05-07 14:00:00,25,0.05,0,2,False,True,0.0,1.0,4281.610083007812
2025-05-07 15:00:00,25,0.05,1,3,True,True,1.0,1.0,4851.2052001953125
2025-05-07 16:00:00,25,0.05,0,2,False,True,0.0,1.0,5082.406396484375
2025-05-07 17:00:00,25,0.05,0,2,False,True,0.0,1.0,5397.763989257813
2025-05-07 18:00:00,25,0.05,0,2,False,True,0.0,1.0,6317.805834960937
2025-05-07 19:00:00,25,0.05,0,2,False,True,0.0,1.0,6123.6408203125
2025-05-07 20:00:00,25,0.05,0,2,False,True,0.0,1.0,6165.1309814453125
2025-05-07 21:00:00,25,0.05,0,1,False,True,0.0,1.0,6209.377539062501
2025-05-07 22:00:00,25,0.05,0,2,False,True,0.0,1.0,5983.018725585938
2025-05-07 23:00:00,25,0.05,1,1,True,True,1.0,1.0,5912.2222900390625
2025-05-08 00:00:00,25,0.05,0,2,False,True,0.0,1.0,5872.7533203125
2025-05-08 01:00:00,25,0.05,1,1,True,True,1.0,1.0,5707.136523437501
2025-05-08 02:00:00,25,0.05,0,2,False,True,0.0,1.0,5957.679052734376
2025-05-08 03:00:00,25,0.05,1,2,True,True,1.0,1.0,5849.726513671875
2025-05-08 04:00:00,25,0.05,0,1,False,True,0.0,1.0,5513.669165039063
2025-05-08 05:00:00,25,0.05,0,1,False,True,0.0,1.0,5634.44638671875
2025-05-08 06:00:00,25,0.05,0,2,False,True,0.0,1.0,5461.735278320312
2025-05-08 07:00:00,25,0.05,0,2,False,True,0.0,1.0,5423.369384765625
2025-05-08 08:00:00,25,0.05,0,2,False,True,0.0,1.0,5790.246508789062
2025-05-08 09:00:00,25,0.05,0,1,False,True,0.0,1.0,6673.531567382813
2025-05-08 10:00:00,25,0.05,0,1,False,True,0.0,1.0,7015.6005859375
2025-05-08 11:00:00,25,0.05,0,3,False,True,0.0,1.0,7907.510693359375
2025-05-08 12:00:00,25,0.05,0,2,False,True,0.0,1.0,7262.053076171875
2025-05-08 13:00:00,25,0.05,0,2,False,True,0.0,1.0,7315.31181640625
2025-05-08 14:00:00,25,0.05,0,2,False,True,0.0,1.0,6902.994458007813
2025-05-08 15:00:00,25,0.05,0,2,False,True,0.0,1.0,6167.854296875001
2025-05-08 16:00:00,25,0.05,0,2,False,True,0.0,1.0,5856.694970703125
2025-05-08 17:00:00,25,0.05,0,2,False,True,0.0,1.0,5592.214038085937
2025-05-08 18:00:00,25,0.05,0,2,False,True,0.0,1.0,5999.204296875
2025-05-08 19:00:00,25,0.05,0,1,False,True,0.0,1.0,5962.272680664062
2025-05-08 20:00:00,25,0.05,0,1,False,True,0.0,1.0,6200.16962890625
2025-05-08 21:00:00,25,0.05,0,2,False,True,0.0,1.0,6233.428198242188
2025-05-08 22:00:00,25,0.05,0,1,False,True,0.0,1.0,5627.477197265625
2025-05-08 23:00:00,25,0.05,0,2,False,True,0.0,1.0,6140.85224609375
2025-05-09 00:00:00,25,0.05,0,2,False,True,0.0,1.0,6630.661669921875
2025-05-09 01:00:00,25,0.05,0,1,False,True,0.0,1.0,6664.596752929688
2025-05-09 02:00:00,25,0.05,0,2,False,True,0.0,1.0,6123.214379882813
2025-05-09 03:00:00,25,0.05,0,2,False,True,0.0,1.0,6488.615087890626
2025-05-09 04:00:00,25,0.05,0,2,False,True,0.0,1.0,6036.878149414063
2025-05-09 05:00:00,25,0.05,0,2,False,True,0.0,1.0,6357.325927734375
2025-05-09 06:00:00,25,0.05,0,3,False,True,0.0,1.0,5783.003637695312
2025-05-09 07:00:00,25,0.05,0,3,False,True,0.0,1.0,5731.880029296875
2025-05-09 08:00:00,25,0.05,0,2,False,True,0.0,1.0,5639.3978515625
2025-05-09 09:00:00,25,0.05,0,2,False,True,0.0,1.0,5680.231958007813
2025-05-09 10:00:00,25,0.05,0,2,False,True,0.0,1.0,5558.911401367188
2025-05-09 11:00:00,25,0.05,0,2,False,True,0.0,1.0,5220.166674804687
2025-05-09 12:00:00,25,0.05,0,2,False,True,0.0,1.0,5123.549487304687
2025-05-09 13:00:00,25,0.05,0,1,False,True,0.0,1.0,3564.4494750976564
2025-05-09 14:00:00,25,0.05,0,1,False,True,0.0,1.0,3087.4117431640625
2025-05-09 15:00:00,25,0.05,0,2,False,True,0.0,1.0,2625.5602661132816
2025-05-09 16:00:00,25,0.05,0,1,False,True,0.0,1.0,2618.0479125976562
2025-05-09 17:00:00,25,0.05,0,1,False,True,0.0,1.0,2454.396533203125
2025-05-09 18:00:00,25,0.05,0,1,False,True,0.0,1.0,2630.861840820313
2025-05-09 19:00:00,25,0.05,0,1,False,True,0.0,1.0,2531.913989257813
2025-05-09 20:00:00,25,0.05,0,1,False,True,0.0,1.0,2646.8286987304687
2025-05-09 21:00:00,25,0.05,0,1,False,True,0.0,1.0,2623.499865722656
2025-05-09 22:00:00,25,0.05,0,2,False,True,0.0,1.0,2644.0786254882814
2025-05-09 23:00:00,25,0.05,0,1,False,True,0.0,1.0,2546.403930664063
2025-05-10 00:00:00,25,0.05,0,1,False,True,0.0,1.0,3713.815539550781
2025-05-10 01:00:00,25,0.05,0,2,False,True,0.0,1.0,3905.69365234375
2025-05-10 02:00:00,25,0.05,0,1,False,True,0.0,1.0,3794.991003417969
2025-05-10 03:00:00,25,0.05,0,1,False,True,0.0,1.0,3472.27890625
2025-05-10 04:00:00,25,0.05,0,1,False,True,0.0,1.0,3580.0276611328127
2025-05-10 05:00:00,25,0.05,0,1,False,True,0.0,1.0,3194.3581420898436
2025-05-10 06:00:00,25,0.05,0,1,False,True,0.0,1.0,2885.5017822265627
2025-05-10 07:00:00,25,0.05,0,1,False,True,0.0,1.0,4120.974096679688
2025-05-10 08:00:00,25,0.05,0,1,False,True,0.0,1.0,3359.1644775390623
2025-05-10 09:00:00,25,0.05,0,1,False,True,0.0,1.0,2161.1907043457036
2025-05-10 10:00:00,25,0.05,0,1,False,True,0.0,1.0,1848.780078125
2025-05-10 11:00:00,25,0.05,0,1,False,True,0.0,1.0,1512.2835388183594
2025-05-10 12:00:00,25,0.05,0,1,False,True,0.0,1.0,2077.660046386719
2025-05-10 13:00:00,25,0.05,0,1,False,True,0.0,1.0,2248.4184814453124
2025-05-10 14:00:00,25,0.05,0,1,False,True,0.0,1.0,2034.2233459472657
2025-05-10 15:00:00,25,0.05,0,1,False,True,0.0,1.0,1878.0967407226562
2025-05-10 16:00:00,25,0.05,0,1,False,True,0.0,1.0,2104.8959716796876
2025-05-10 17:00:00,25,0.05,0,1,False,True,0.0,1.0,2023.7526245117188
2025-05-10 18:00:00,25,0.05,0,1,False,True,0.0,1.0,1962.356671142578
2025-05-10 19:00:00,25,0.05,0,1,False,True,0.0,1.0,2083.977392578125
2025-05-10 20:00:00,25,0.05,0,1,False,True,0.0,1.0,1909.2658813476562
2025-05-10 21:00:00,25,0.05,0,1,False,True,0.0,1.0,1928.8216369628906
2025-05-10 22:00:00,25,0.05,0,1,False,True,0.0,1.0,2008.5323486328125
2025-05-10 23:00:00,25,0.05,0,1,False,True,0.0,1.0,1955.2458923339843
2025-05-11 00:00:00,25,0.05,0,1,False,True,0.0,1.0,1924.1139770507814
2025-05-11 01:00:00,25,0.05,0,1,False,True,0.0,1.0,1967.0889282226562
2025-05-11 02:00:00,25,0.05,0,1,False,True,0.0,1.0,1947.6422973632812
2025-05-11 03:00:00,25,0.05,0,1,False,True,0.0,1.0,1957.0509704589845
2025-05-11 04:00:00,25,0.05,0,1,False,True,0.0,1.0,1887.6007507324218
2025-05-11 05:00:00,25,0.05,0,1,False,True,0.0,1.0,1831.6630493164062
2025-05-11 06:00:00,25,0.05,0,1,False,True,0.0,1.0,1612.043231201172
2025-05-11 07:00:00,25,0.05,0,1,False,True,0.0,1.0,1467.0336486816407
2025-05-11 08:00:00,25,0.05,0,1,False,True,0.0,1.0,1554.0814025878906
2025-05-11 09:00:00,25,0.05,0,2,False,True,0.0,1.0,1751.3244628906252
2025-05-11 10:00:00,25,0.05,0,1,False,True,0.0,1.0,2281.0637329101564
2025-05-11 11:00:00,25,0.05,0,2,False,True,0.0,1.0,2517.77333984375
2025-05-11 12:00:00,25,0.05,0,2,False,True,0.0,1.0,4034.650769042969
2025-05-11 13:00:00,25,0.05,0,1,False,True,0.0,1.0,4108.306665039063
2025-05-11 14:00:00,25,0.05,0,1,False,True,0.0,1.0,4901.756665039063
2025-05-11 15:00:00,25,0.05,0,1,False,True,0.0,1.0,5533.288671875001
2025-05-11 16:00:00,25,0.05,0,1,False,True,0.0,1.0,5838.6683349609375
2025-05-11 17:00:00,25,0.05,0,2,False,True,0.0,1.0,6066.1492919921875
2025-05-11 18:00:00,25,0.05,0,1,False,True,0.0,1.0,5816.690258789063
2025-05-11 19:00:00,25,0.05,0,1,False,True,0.0,1.0,6267.162329101562
2025-05-11 20:00:00,25,0.05,0,2,False,True,0.0,1.0,6137.326416015625
2025-05-11 21:00:00,25,0.05,0,1,False,True,0.0,1.0,6247.238232421875
2025-05-11 22:00:00,25,0.05,0,1,False,True,0.0,1.0,6573.252612304687
2025-05-11 23:00:00,25,0.05,0,1,False,True,0.0,1.0,6465.621264648437
2025-05-12 00:00:00,25,0.05,0,1,False,True,0.0,1.0,4890.2609375
2025-05-12 01:00:00,25,0.05,0,2,False,True,0.0,1.0,5506.752294921875
2025-05-12 02:00:00,25,0.05,0,3,False,True,0.0,1.0,5343.194311523437
2025-05-12 03:00:00,25,0.05,0,1,False,True,0.0,1.0,5137.2693359375
2025-05-12 04:00:00,25,0.05,0,1,False,True,0.0,1.0,5173.885986328125
2025-05-12 05:00:00,25,0.05,0,2,False,True,0.0,1.0,5430.0619140625
2025-05-12 06:00:00,25,0.05,0,1,False,True,0.0,1.0,6156.762744140625
2025-05-12 07:00:00,25,0.05,0,1,False,True,0.0,1.0,6678.154809570313
2025-05-12 08:00:00,25,0.05,0,1,False,True,0.0,1.0,6626.000732421875
2025-05-12 09:00:00,25,0.05,0,1,False,True,0.0,1.0,8434.38701171875
2025-05-12 10:00:00,25,0.05,0,1,False,True,0.0,1.0,8048.671435546875
2025-05-12 11:00:00,25,0.05,0,2,False,True,0.0,1.0,8335.91015625
2025-05-12 12:00:00,25,0.05,0,1,False,True,0.0,1.0,7737.906787109375
2025-05-12 13:00:00,25,0.05,0,1,False,True,0.0,1.0,7871.617700195313
2025-05-12 14:00:00,25,0.05,0,2,False,True,0.0,1.0,8163.10322265625
2025-05-12 15:00:00,25,0.05,0,2,False,True,0.0,1.0,7597.93798828125
2025-05-12 16:00:00,25,0.05,0,2,False,True,0.0,1.0,7468.956860351563
2025-05-12 17:00:00,25,0.05,0,2,False,True,0.0,1.0,8012.544580078125
2025-05-12 18:00:00,25,0.05,0,1,False,True,0.0,1.0,7690.182690429688
2025-05-12 19:00:00,25,0.05,0,2,False,True,0.0,1.0,7656.916088867188
2025-05-12 20:00:00,25,0.05,0,1,False,True,0.0,1.0,7593.163427734375
2025-05-12 21:00:00,25,0.05,0,2,False,True,0.0,1.0,8196.172216796875
2025-05-12 22:00:00,25,0.05,0,1,False,True,0.0,1.0,7666.160107421875
2025-05-12 23:00:00,25,0.05,0,2,False,True,0.0,1.0,7986.987109375
2025-05-13 00:00:00,25,0.05,0,2,False,True,0.0,1.0,7167.448266601563
2025-05-13 01:00:00,25,0.05,0,1,False,True,0.0,1.0,7065.146484375
2025-05-13 02:00:00,25,0.05,1,2,True,True,1.0,1.0,7162.0080078125
2025-05-13 03:00:00,25,0.05,0,2,False,True,0.0,1.0,7074.989599609376
2025-05-13 04:00:00,25,0.05,0,3,False,True,0.0,1.0,7231.752661132813
2025-05-13 05:00:00,25,0.05,0,2,False,True,0.0,1.0,7208.71865234375
2025-05-13 06:00:00,25,0.05,0,1,False,True,0.0,1.0,8785.580517578124
2025-05-13 07:00:00,25,0.05,0,2,False,True,0.0,1.0,9794.988232421874
2025-05-13 08:00:00,25,0.05,0,1,False,True,0.0,1.0,9988.534423828125
2025-05-13 09:00:00,25,0.05,0,2,False,True,0.0,1.0,10395.266552734374
2025-05-13 10:00:00,25,0.05,0,2,False,True,0.0,1.0,9995.89013671875
2025-05-13 11:00:00,25,0.05,0,2,False,True,0.0,1.0,9483.52890625
2025-05-13 12:00:00,25,0.05,0,1,False,True,0.0,1.0,9235.132373046876
2025-05-13 13:00:00,25,0.05,0,2,False,True,0.0,1.0,9091.06669921875
2025-05-13 14:00:00,25,0.05,0,2,False,True,0.0,1.0,8792.162060546874
2025-05-13 15:00:00,25,0.05,0,2,False,True,0.0,1.0,7922.435595703125
2025-05-13 16:00:00,25,0.05,0,2,False,True,0.0,1.0,7998.245288085937
2025-05-13 17:00:00,25,0.05,1,2,True,True,1.0,1.0,8155.5762939453125
2025-05-13 18:00:00,25,0.05,0,2,False,True,0.0,1.0,8876.503125
2025-05-13 19:00:00,25,0.05,0,3,False,True,0.0,1.0,8776.691796875
2025-05-13 20:00:00,25,0.05,0,3,False,True,0.0,1.0,8713.923681640625
2025-05-13 21:00:00,25,0.05,0,1,False,True,0.0,1.0,8575.049853515626
2025-05-13 22:00:00,25,0.05,0,3,False,True,0.0,1.0,8427.765087890624
2025-05-13 23:00:00,25,0.05,1,2,True,True,1.0,1.0,8674.702099609374
2025-05-14 00:00:00,25,0.05,0,2,False,True,0.0,1.0,8235.142211914062
2025-05-14 01:00:00,25,0.05,0,1,False,True,0.0,1.0,7928.551684570312
2025-05-14 02:00:00,25,0.05,0,1,False,True,0.0,1.0,8075.291528320313
2025-05-14 03:00:00,25,0.05,1,1,True,True,1.0,1.0,8574.820849609376
2025-05-14 04:00:00,25,0.05,0,1,False,True,0.0,1.0,8451.009912109375
2025-05-14 05:00:00,25,0.05,0,2,False,True,0.0,1.0,7764.591796875
2025-05-14 06:00:00,25,0.05,0,1,False,True,0.0,1.0,10557.25439453125
2025-05-14 07:00:00,25,0.05,0,2,False,True,0.0,1.0,11427.526123046875
2025-05-14 08:00:00,25,0.05,0,1,False,True,0.0,1.0,10944.22109375
2025-05-14 09:00:00,25,0.05,0,1,False,True,0.0,1.0,11261.366748046876
2025-05-14 10:00:00,25,0.05,0,2,False,True,0.0,1.0,11696.06259765625
2025-05-14 11:00:00,25,0.05,0,1,False,True,0.0,1.0,11560.52958984375
2025-05-14 12:00:00,25,0.05,0,2,False,True,0.0,1.0,11556.840625
2025-05-14 13:00:00,25,0.05,0,2,False,True,0.0,1.0,10389.775634765625
2025-05-14 14:00:00,25,0.05,0,2,False,True,0.0,1.0,11068.87294921875
2025-05-14 15:00:00,25,0.05,1,2,True,True,1.0,1.0,11012.502392578124
2025-05-14 16:00:00,25,0.05,0,1,False,True,0.0,1.0,10322.849609375
2025-05-14 17:00:00,25,0.05,0,1,False,True,0.0,1.0,9952.257666015625
2025-05-14 18:00:00,25,0.05,0,1,False,True,0.0,1.0,10474.3044921875
2025-05-14 19:00:00,25,0.05,0,2,False,True,0.0,1.0,10690.590283203124
2025-05-14 20:00:00,25,0.05,0,2,False,True,0.0,1.0,10342.45419921875
2025-05-14 21:00:00,25,0.05,1,2,True,True,1.0,1.0,10132.258447265625
2025-05-14 22:00:00,25,0.05,0,2,False,True,0.0,1.0,10662.83837890625
2025-05-14 23:00:00,25,0.05,0,2,False,True,0.0,1.0,10477.834619140625
2025-05-15 00:00:00,25,0.05,0,3,False,True,0.0,1.0,10199.7314453125
2025-05-15 01:00:00,25,0.05,0,2,False,True,0.0,1.0,9994.2783203125
2025-05-15 02:00:00,25,0.05,0,1,False,True,0.0,1.0,10320.227685546875
2025-05-15 03:00:00,25,0.05,0,2,False,True,0.0,1.0,10075.94541015625
2025-05-15 04:00:00,25,0.05,0,2,False,True,0.0,1.0,9950.972314453125
2025-05-15 05:00:00,25,0.05,0,2,False,True,0.0,1.0,9938.3951171875
2025-05-15 06:00:00,25,0.05,0,3,False,True,0.0,1.0,10414.85556640625
2025-05-15 07:00:00,25,0.05,0,2,False,True,0.0,1.0,9451.110205078125
2025-05-15 08:00:00,25,0.05,1,2,True,True,1.0,1.0,9152.677783203126
2025-05-15 09:00:00,25,0.05,0,3,False,True,0.0,1.0,8899.9064453125
2025-05-15 10:00:00,25,0.05,0,1,False,True,0.0,1.0,10267.67021484375
2025-05-15 11:00:00,25,0.05,0,2,False,True,0.0,1.0,9798.069384765626
2025-05-15 12:00:00,25,0.05,0,2,False,True,0.0,1.0,9970.59013671875
2025-05-15 13:00:00,25,0.05,0,1,False,True,0.0,1.0,10595.5681640625
2025-05-15 14:00:00,25,0.05,0,3,False,True,0.0,1.0,9633.493408203125
2025-05-15 15:00:00,25,0.05,0,1,False,True,0.0,1.0,9341.6978515625
2025-05-15 16:00:00,25,0.05,0,1,False,True,0.0,1.0,8494.549462890625
2025-05-15 17:00:00,25,0.05,0,2,False,True,0.0,1.0,8366.151953125
2025-05-15 18:00:00,25,0.05,0,1,False,True,0.0,1.0,9447.64404296875
2025-05-15 19:00:00,25,0.05,0,2,False,True,0.0,1.0,9382.566748046875
2025-05-15 20:00:00,25,0.05,0,1,False,True,0.0,1.0,9298.703515625
2025-05-15 21:00:00,25,0.05,1,1,True,True,1.0,1.0,9361.01298828125
2025-05-15 22:00:00,25,0.05,0,2,False,True,0.0,1.0,9702.105126953125
2025-05-15 23:00:00,25,0.05,0,2,False,True,0.0,1.0,9592.517822265625
2025-05-16 00:00:00,25,0.05,0,2,False,True,0.0,1.0,9006.56318359375
2025-05-16 01:00:00,25,0.05,1,2,True,True,1.0,1.0,8964.737451171875
2025-05-16 02:00:00,25,0.05,0,3,False,True,0.0,1.0,9067.57080078125
2025-05-16 03:00:00,25,0.05,0,2,False,True,0.0,1.0,8995.38173828125
2025-05-16 04:00:00,25,0.05,0,2,False,True,0.0,1.0,8987.190966796876
2025-05-16 05:00:00,25,0.05,0,1,False,True,0.0,1.0,9108.2966796875
2025-05-16 06:00:00,25,0.05,0,2,False,True,0.0,1.0,10186.4927734375
2025-05-16 07:00:00,25,0.05,0,2,False,True,0.0,1.0,10908.613525390625
2025-05-16 08:00:00,25,0.05,0,3,False,True,0.0,1.0,10763.048193359375
2025-05-16 09:00:00,25,0.05,0,2,False,True,0.0,1.0,10718.8697265625
2025-05-16 10:00:00,25,0.05,0,3,False,True,0.0,1.0,10837.416943359374
2025-05-16 11:00:00,25,0.05,0,2,False,True,0.0,1.0,10007.621826171875
2025-05-16 12:00:00,25,0.05,0,2,False,True,0.0,1.0,11042.209521484376
2025-05-16 13:00:00,25,0.05,0,1,False,True,0.0,1.0,10361.1099609375
2025-05-16 14:00:00,25,0.05,0,1,False,True,0.0,1.0,9287.845703125
2025-05-16 15:00:00,25,0.05,0,1,False,True,0.0,1.0,8173.138500976563
2025-05-16 16:00:00,25,0.05,0,1,False,True,0.0,1.0,7792.228247070313
2025-05-16 17:00:00,25,0.05,0,1,False,True,0.0,1.0,8338.033740234376
2025-05-16 18:00:00,25,0.05,0,1,False,True,0.0,1.0,7958.684423828126
2025-05-16 19:00:00,25,0.05,0,2,False,True,0.0,1.0,7915.87060546875
2025-05-16 20:00:00,25,0.05,0,2,False,True,0.0,1.0,8036.845922851562
2025-05-16 21:00:00,25,0.05,0,2,False,True,0.0,1.0,8070.439550781251
2025-05-16 22:00:00,25,0.05,0,2,False,True,0.0,1.0,8385.609619140625
2025-05-16 23:00:00,25,0.05,0,1,False,True,0.0,1.0,8109.131176757813
2025-05-17 00:00:00,25,0.05,0,1,False,True,0.0,1.0,7561.771728515625
2025-05-17 01:00:00,25,0.05,0,1,False,True,0.0,1.0,7890.2759765625
2025-05-17 02:00:00,25,0.05,0,1,False,True,0.0,1.0,7610.4197265625
2025-05-17 03:00:00,25,0.05,0,1,False,True,0.0,1.0,7949.085473632813
2025-05-17 04:00:00,25,0.05,0,2,False,True,0.0,1.0,7787.947802734375
2025-05-17 05:00:00,25,0.05,0,1,False,True,0.0,1.0,7800.95771484375
2025-05-17 06:00:00,25,0.05,0,1,False,True,0.0,1.0,8756.904443359375
2025-05-17 07:00:00,25,0.05,0,1,False,True,0.0,1.0,9366.53369140625
2025-05-17 08:00:00,25,0.05,0,1,False,True,0.0,1.0,8153.807397460938
2025-05-17 09:00:00,25,0.05,0,1,False,True,0.0,1.0,7799.625659179687
2025-05-17 10:00:00,25,0.05,0,2,False,True,0.0,1.0,7072.9569091796875
2025-05-17 11:00:00,25,0.05,0,1,False,True,0.0,1.0,5819.3330078125
2025-05-17 12:00:00,25,0.05,0,1,False,True,0.0,1.0,5326.677661132812
2025-05-17 13:00:00,25,0.05,0,1,False,True,0.0,1.0,5005.892993164062
2025-05-17 14:00:00,25,0.05,0,1,False,True,0.0,1.0,3838.1065673828125
2025-05-17 15:00:00,25,0.05,0,1,False,True,0.0,1.0,3952.9453735351562
2025-05-17 16:00:00,25,0.05,0,1,False,True,0.0,1.0,3837.452880859375
2025-05-17 17:00:00,25,0.05,0,1,False,True,0.0,1.0,4194.931396484375
2025-05-17 18:00:00,25,0.05,0,1,False,True,0.0,1.0,5019.665014648438
2025-05-17 19:00:00,25,0.05,0,1,False,True,0.0,1.0,4212.48330078125
2025-05-17 20:00:00,25,0.05,0,1,False,True,0.0,1.0,4439.497314453125
2025-05-17 21:00:00,25,0.05,0,1,False,True,0.0,1.0,4241.090063476563
2025-05-17 22:00:00,25,0.05,1,1,True,True,1.0,1.0,4571.653344726563
2025-05-17 23:00:00,25,0.05,0,2,False,True,0.0,1.0,4457.521533203125
2025-05-18 00:00:00,25,0.05,0,1,False,True,0.0,1.0,4845.886303710938
2025-05-18 01:00:00,25,0.05,0,2,False,True,0.0,1.0,5218.467138671876
2025-05-18 02:00:00,25,0.05,0,2,False,True,0.0,1.0,4765.70068359375
2025-05-18 03:00:00,25,0.05,0,1,False,True,0.0,1.0,4808.77607421875
2025-05-18 04:00:00,25,0.05,0,1,False,True,0.0,1.0,4621.7052734375
2025-05-18 05:00:00,25,0.05,0,1,False,True,0.0,1.0,5161.255859375
2025-05-18 06:00:00,25,0.05,0,1,False,True,0.0,1.0,4688.680932617188
2025-05-18 07:00:00,25,0.05,0,1,False,True,0.0,1.0,5661.567553710937
2025-05-18 08:00:00,25,0.05,0,1,False,True,0.0,1.0,6483.813549804688
2025-05-18 09:00:00,25,0.05,0,1,False,True,0.0,1.0,7036.608227539063
2025-05-18 10:00:00,25,0.05,0,1,False,True,0.0,1.0,7208.997314453125
2025-05-18 11:00:00,25,0.05,0,1,False,True,0.0,1.0,7066.115576171876
2025-05-18 12:00:00,25,0.05,0,2,False,True,0.0,1.0,6432.36845703125
2025-05-18 13:00:00,25,0.05,0,1,False,True,0.0,1.0,5317.903564453125
2025-05-18 14:00:00,25,0.05,0,2,False,True,0.0,1.0,5535.185717773437
2025-05-18 15:00:00,25,0.05,0,1,False,True,0.0,1.0,5709.463940429688
2025-05-18 16:00:00,25,0.05,0,1,False,True,0.0,1.0,5647.0015869140625
2025-05-18 17:00:00,25,0.05,0,3,False,True,0.0,1.0,5764.612377929688
2025-05-18 18:00:00,25,0.05,0,1,False,True,0.0,1.0,5551.930419921875
2025-05-18 19:00:00,25,0.05,0,3,False,True,0.0,1.0,5577.851635742188
2025-05-18 20:00:00,25,0.05,0,1,False,True,0.0,1.0,5418.344067382813
2025-05-18 21:00:00,25,0.05,0,2,False,True,0.0,1.0,5970.148876953125
2025-05-18 22:00:00,25,0.05,0,2,False,True,0.0,1.0,5948.915747070312
2025-05-18 23:00:00,25,0.05,0,2,False,True,0.0,1.0,5806.929418945313
2025-05-19 00:00:00,25,0.05,0,1,False,True,0.0,1.0,5792.890942382813
2025-05-19 01:00:00,25,0.05,0,2,False,True,0.0,1.0,5754.870336914062
2025-05-19 02:00:00,25,0.05,0,1,False,True,0.0,1.0,5780.518334960938
2025-05-19 03:00:00,25,0.05,0,2,False,True,0.0,1.0,5679.879614257812
2025-05-19 04:00:00,25,0.05,0,2,False,True,0.0,1.0,5308.4932861328125
2025-05-19 05:00:00,25,0.05,0,2,False,True,0.0,1.0,5276.837353515625
2025-05-19 06:00:00,25,0.05,0,2,False,True,0.0,1.0,6905.8591796875
2025-05-19 07:00:00,25,0.05,0,1,False,True,0.0,1.0,6275.79755859375
2025-05-19 08:00:00,25,0.05,0,2,False,True,0.0,1.0,5613.068188476563
2025-05-19 09:00:00,25,0.05,0,2,False,True,0.0,1.0,5733.60634765625
2025-05-19 10:00:00,25,0.05,0,1,False,True,0.0,1.0,6504.510888671875
2025-05-19 11:00:00,25,0.05,0,1,False,True,0.0,1.0,6595.605859375
2025-05-19 12:00:00,25,0.05,0,1,False,True,0.0,1.0,6327.484155273438
2025-05-19 13:00:00,25,0.05,0,1,False,True,0.0,1.0,7416.340747070312
2025-05-19 14:00:00,25,0.05,0,2,False,True,0.0,1.0,6456.764624023437
2025-05-19 15:00:00,25,0.05,0,2,False,True,0.0,1.0,7176.6763671875
2025-05-19 16:00:00,25,0.05,0,1,False,True,0.0,1.0,6875.841821289063
2025-05-19 17:00:00,25,0.05,0,2,False,True,0.0,1.0,7555.976293945313
2025-05-19 18:00:00,25,0.05,1,2,True,True,1.0,1.0,6665.81787109375
2025-05-19 19:00:00,25,0.05,1,1,True,True,1.0,1.0,6368.986767578125
2025-05-19 20:00:00,25,0.05,0,1,False,True,0.0,1.0,7140.7322998046875
2025-05-19 21:00:00,25,0.05,0,2,False,True,0.0,1.0,7066.010180664063
2025-05-19 22:00:00,25,0.05,0,1,False,True,0.0,1.0,6890.80087890625
2025-05-19 23:00:00,25,0.05,0,1,False,True,0.0,1.0,6873.157739257813
2025-05-20 00:00:00,25,0.05,0,1,False,True,0.0,1.0,6363.4337158203125
2025-05-20 01:00:00,25,0.05,0,2,False,True,0.0,1.0,6384.352709960938
2025-05-20 02:00:00,25,0.05,0,3,False,True,0.0,1.0,6261.22080078125
2025-05-20 03:00:00,25,0.05,0,2,False,True,0.0,1.0,6598.784204101563
2025-05-20 04:00:00,25,0.05,0,2,False,True,0.0,1.0,6511.7177734375
2025-05-20 05:00:00,25,0.05,0,2,False,True,0.0,1.0,6198.145190429687
2025-05-20 06:00:00,25,0.05,0,2,False,True,0.0,1.0,6002.088598632813
2025-05-20 07:00:00,25,0.05,0,3,False,True,0.0,1.0,6473.918041992188
2025-05-20 08:00:00,25,0.05,0,2,False,True,0.0,1.0,6841.273583984375
2025-05-20 09:00:00,25,0.05,0,2,False,True,0.0,1.0,7240.8328857421875
2025-05-20 10:00:00,25,0.05,0,1,False,True,0.0,1.0,7528.196337890625
2025-05-20 11:00:00,25,0.05,0,1,False,True,0.0,1.0,6980.578149414063
2025-05-20 12:00:00,25,0.05,0,2,False,True,0.0,1.0,7940.5048828125
2025-05-20 13:00:00,25,0.05,0,2,False,True,0.0,1.0,8018.713818359375
2025-05-20 14:00:00,25,0.05,0,1,False,True,0.0,1.0,8655.20810546875
2025-05-20 15:00:00,25,0.05,0,2,False,True,0.0,1.0,8394.421484375
2025-05-20 16:00:00,25,0.05,0,2,False,True,0.0,1.0,8156.172387695313
2025-05-20 17:00:00,25,0.05,0,2,False,True,0.0,1.0,7874.401782226562
2025-05-20 18:00:00,25,0.05,0,2,False,True,0.0,1.0,8482.9765625
2025-05-20 19:00:00,25,0.05,0,1,False,True,0.0,1.0,8116.81552734375
2025-05-20 20:00:00,25,0.05,0,1,False,True,0.0,1.0,8085.59375
2025-05-20 21:00:00,25,0.05,0,2,False,True,0.0,1.0,7870.169189453125
2025-05-20 22:00:00,25,0.05,0,2,False,True,0.0,1.0,7955.739965820312
2025-05-20 23:00:00,25,0.05,1,2,True,True,1.0,1.0,7969.87705078125
2025-05-21 00:00:00,25,0.05,0,2,False,True,0.0,1.0,7589.55244140625
2025-05-21 01:00:00,25,0.05,0,2,False,True,0.0,1.0,7872.407080078125
2025-05-21 02:00:00,25,0.05,0,2,False,True,0.0,1.0,7753.799731445312
2025-05-21 03:00:00,25,0.05,0,2,False,True,0.0,1.0,7994.137524414063
2025-05-21 04:00:00,25,0.05,0,1,False,True,0.0,1.0,8088.8319091796875
2025-05-21 05:00:00,25,0.05,0,2,False,True,0.0,1.0,8057.832592773438
2025-05-21 06:00:00,25,0.05,0,1,False,True,0.0,1.0,7807.513256835938
2025-05-21 07:00:00,25,0.05,0,1,False,True,0.0,1.0,7592.39833984375
2025-05-21 08:00:00,25,0.05,0,1,False,True,0.0,1.0,6635.521215820312
2025-05-21 09:00:00,25,0.05,0,1,False,True,0.0,1.0,6896.16064453125
2025-05-21 10:00:00,25,0.05,0,1,False,True,0.0,1.0,6871.432373046875
2025-05-21 11:00:00,25,0.05,0,1,False,True,0.0,1.0,7534.973120117187
2025-05-21 12:00:00,25,0.05,0,2,False,True,0.0,1.0,7696.281982421875
2025-05-21 13:00:00,25,0.05,0,1,False,True,0.0,1.0,8237.133984375
2025-05-21 14:00:00,25,0.05,0,1,False,True,0.0,1.0,7678.9586181640625
2025-05-21 15:00:00,25,0.05,0,2,False,True,0.0,1.0,7674.33974609375
2025-05-21 16:00:00,25,0.05,0,2,False,True,0.0,1.0,7816.688793945313
2025-05-21 17:00:00,25,0.05,0,1,False,True,0.0,1.0,7436.070239257812
2025-05-21 18:00:00,25,0.05,0,1,False,True,0.0,1.0,7178.369897460938
2025-05-21 19:00:00,25,0.05,1,1,True,True,1.0,1.0,7289.343115234375
2025-05-21 20:00:00,25,0.05,0,1,False,True,0.0,1.0,7023.284643554687
2025-05-21 21:00:00,25,0.05,0,1,False,True,0.0,1.0,7461.46943359375
2025-05-21 22:00:00,25,0.05,0,1,False,True,0.0,1.0,7170.177416992187
2025-05-21 23:00:00,25,0.05,1,1,True,True,1.0,1.0,7290.997509765625
2025-05-22 00:00:00,25,0.05,0,3,False,True,0.0,1.0,7191.513134765625
2025-05-22 01:00:00,25,0.05,0,2,False,True,0.0,1.0,7661.8302734375
2025-05-22 02:00:00,25,0.05,1,2,True,True,1.0,1.0,7585.912084960938
2025-05-22 03:00:00,25,0.05,0,2,False,True,0.0,1.0,7452.017529296875
2025-05-22 04:00:00,25,0.05,0,2,False,True,0.0,1.0,7820.58935546875
2025-05-22 05:00:00,25,0.05,0,2,False,True,0.0,1.0,7943.172338867187
2025-05-22 06:00:00,25,0.05,0,1,False,True,0.0,1.0,7480.79248046875
2025-05-22 07:00:00,25,0.05,1,2,True,True,1.0,1.0,8083.636279296875
2025-05-22 08:00:00,25,0.05,0,1,False,True,0.0,1.0,8306.368359375
2025-05-22 09:00:00,25,0.05,0,3,False,True,0.0,1.0,7834.665234375
2025-05-22 10:00:00,25,0.05,1,2,True,True,1.0,1.0,7618.970458984375
2025-05-22 11:00:00,25,0.05,0,2,False,True,0.0,1.0,7677.498559570313
2025-05-22 12:00:00,25,0.05,0,3,False,True,0.0,1.0,8205.41162109375
2025-05-22 13:00:00,25,0.05,0,1,False,True,0.0,1.0,8224.187890625
2025-05-22 14:00:00,25,0.05,0,3,False,True,0.0,1.0,8857.599365234375
2025-05-22 15:00:00,25,0.05,0,2,False,True,0.0,1.0,8176.5225830078125
2025-05-22 16:00:00,25,0.05,0,2,False,True,0.0,1.0,7905.003100585937
2025-05-22 17:00:00,25,0.05,0,1,False,True,0.0,1.0,7858.784228515625
2025-05-22 18:00:00,25,0.05,0,1,False,True,0.0,1.0,7572.314770507813
2025-05-22 19:00:00,25,0.05,0,1,False,True,0.0,1.0,7491.7850341796875
2025-05-22 20:00:00,25,0.05,0,2,False,True,0.0,1.0,7304.8609619140625
2025-05-22 21:00:00,25,0.05,0,1,False,True,0.0,1.0,7538.855395507812
2025-05-22 22:00:00,25,0.05,0,2,False,True,0.0,1.0,7540.81748046875
2025-05-22 23:00:00,25,0.05,0,2,False,True,0.0,1.0,7250.99482421875
2025-05-23 00:00:00,25,0.05,0,2,False,True,0.0,1.0,7934.384301757813
2025-05-23 01:00:00,25,0.05,0,1,False,True,0.0,1.0,7670.53232421875
2025-05-23 02:00:00,25,0.05,0,1,False,True,0.0,1.0,7482.290576171875
2025-05-23 03:00:00,25,0.05,0,2,False,True,0.0,1.0,7761.038159179688
2025-05-23 04:00:00,25,0.05,0,2,False,True,0.0,1.0,7820.439770507813
2025-05-23 05:00:00,25,0.05,0,1,False,True,0.0,1.0,8129.106469726563
2025-05-23 06:00:00,25,0.05,0,2,False,True,0.0,1.0,8071.4826171875
2025-05-23 07:00:00,25,0.05,0,1,False,True,0.0,1.0,7955.601660156251
2025-05-23 08:00:00,25,0.05,0,2,False,True,0.0,1.0,8063.523095703125
2025-05-23 09:00:00,25,0.05,0,2,False,True,0.0,1.0,7613.2595703125
2025-05-23 10:00:00,25,0.05,0,2,False,True,0.0,1.0,6773.8116455078125
2025-05-23 11:00:00,25,0.05,0,1,False,True,0.0,1.0,5844.6373291015625
2025-05-23 12:00:00,25,0.05,0,3,False,True,0.0,1.0,4852.206567382813
2025-05-23 13:00:00,25,0.05,0,1,False,True,0.0,1.0,3611.374169921875
2025-05-23 14:00:00,25,0.05,0,2,False,True,0.0,1.0,2919.25595703125
2025-05-23 15:00:00,25,0.05,0,1,False,True,0.0,1.0,2635.433386230469
2025-05-23 16:00:00,25,0.05,0,1,False,True,0.0,1.0,2403.5306640625
2025-05-23 17:00:00,25,0.05,0,1,False,True,0.0,1.0,2084.90556640625
2025-05-23 18:00:00,25,0.05,0,1,False,True,0.0,1.0,2155.973071289063
2025-05-23 19:00:00,25,0.05,0,1,False,True,0.0,1.0,1954.8869873046874
2025-05-23 20:00:00,25,0.05,0,1,False,True,0.0,1.0,2028.6814819335937
2025-05-23 21:00:00,25,0.05,0,2,False,True,0.0,1.0,2004.6720397949218
2025-05-23 22:00:00,25,0.05,0,1,False,True,0.0,1.0,2091.1513061523438
2025-05-23 23:00:00,25,0.05,0,1,False,True,0.0,1.0,2149.163781738281
2025-05-24 00:00:00,25,0.05,0,1,False,True,0.0,1.0,2055.5957153320314
2025-05-24 01:00:00,25,0.05,0,1,False,True,0.0,1.0,2127.4651123046874
2025-05-24 02:00:00,25,0.05,0,1,False,True,0.0,1.0,2122.4285156250003
2025-05-24 03:00:00,25,0.05,0,1,False,True,0.0,1.0,2120.443115234375
2025-05-24 04:00:00,25,0.05,0,1,False,True,0.0,1.0,2119.7144775390625
2025-05-24 05:00:00,25,0.05,0,1,False,True,0.0,1.0,2160.38349609375
2025-05-24 06:00:00,25,0.05,0,1,False,True,0.0,1.0,2450.12763671875
2025-05-24 07:00:00,25,0.05,0,1,False,True,0.0,1.0,2430.8424316406254
2025-05-24 08:00:00,25,0.05,0,1,False,True,0.0,1.0,2222.8953491210937
2025-05-24 09:00:00,25,0.05,0,2,False,True,0.0,1.0,1926.553515625
2025-05-24 10:00:00,25,0.05,0,1,False,True,0.0,1.0,1656.7949584960938
2025-05-24 11:00:00,25,0.05,0,1,False,True,0.0,1.0,1672.846484375
2025-05-24 12:00:00,25,0.05,0,1,False,True,0.0,1.0,1851.2088134765627
2025-05-24 13:00:00,25,0.05,0,1,False,True,0.0,1.0,1973.088232421875
2025-05-24 14:00:00,25,0.05,0,1,False,True,0.0,1.0,2200.0477172851565
2025-05-24 15:00:00,25,0.05,0,1,False,True,0.0,1.0,2071.19912109375
2025-05-24 16:00:00,25,0.05,0,1,False,True,0.0,1.0,1770.1313171386719
2025-05-24 17:00:00,25,0.05,0,1,False,True,0.0,1.0,1769.9323303222657
2025-05-24 18:00:00,25,0.05,0,1,False,True,0.0,1.0,1900.3266296386719
2025-05-24 19:00:00,25,0.05,0,1,False,True,0.0,1.0,1879.1435119628907
2025-05-24 20:00:00,25,0.05,0,1,False,True,0.0,1.0,2005.4050537109374
2025-05-24 21:00:00,25,0.05,0,1,False,True,0.0,1.0,1828.263299560547
2025-05-24 22:00:00,25,0.05,0,2,False,True,0.0,1.0,1965.9590576171875
2025-05-24 23:00:00,25,0.05,0,1,False,True,0.0,1.0,1995.7302612304688
2025-05-25 00:00:00,25,0.05,0,1,False,True,0.0,1.0,2019.6456420898437
2025-05-25 01:00:00,25,0.05,0,1,False,True,0.0,1.0,2212.3578247070313
2025-05-25 02:00:00,25,0.05,0,2,False,True,0.0,1.0,1899.5326904296876
2025-05-25 03:00:00,25,0.05,0,2,False,True,0.0,1.0,2178.726599121094
2025-05-25 04:00:00,25,0.05,0,1,False,True,0.0,1.0,2242.2426513671876
2025-05-25 05:00:00,25,0.05,0,1,False,True,0.0,1.0,2141.9867309570313
2025-05-25 06:00:00,25,0.05,0,1,False,True,0.0,1.0,2123.9721557617186
2025-05-25 07:00:00,25,0.05,0,1,False,True,0.0,1.0,2140.978857421875
2025-05-25 08:00:00,25,0.05,0,3,False,True,0.0,1.0,2100.9233520507814
2025-05-25 09:00:00,25,0.05,0,1,False,True,0.0,1.0,1990.223504638672
2025-05-25 10:00:00,25,0.05,0,1,False,True,0.0,1.0,1996.094812011719
2025-05-25 11:00:00,25,0.05,0,1,False,True,0.0,1.0,1950.8679992675782
2025-05-25 12:00:00,25,0.05,0,1,False,True,0.0,1.0,2232.6262451171874
2025-05-25 13:00:00,25,0.05,0,1,False,True,0.0,1.0,2348.6503295898438
2025-05-25 14:00:00,25,0.05,0,1,False,True,0.0,1.0,2231.1280517578125
2025-05-25 15:00:00,25,0.05,0,1,False,True,0.0,1.0,2647.818896484375
2025-05-25 16:00:00,25,0.05,0,2,False,True,0.0,1.0,2633.172875976563
2025-05-25 17:00:00,25,0.05,0,1,False,True,0.0,1.0,2548.217138671875
2025-05-25 18:00:00,25,0.05,0,2,False,True,0.0,1.0,2552.05185546875
2025-05-25 19:00:00,25,0.05,0,1,False,True,0.0,1.0,2611.9349609375
2025-05-25 20:00:00,25,0.05,0,2,False,True,0.0,1.0,2485.7043701171874
2025-05-25 21:00:00,25,0.05,0,1,False,True,0.0,1.0,2630.432971191406
2025-05-25 22:00:00,25,0.05,0,1,False,True,0.0,1.0,2809.9178100585937
2025-05-25 23:00:00,25,0.05,0,1,False,True,0.0,1.0,2551.4043579101562
2025-05-26 00:00:00,25,0.05,0,1,False,True,0.0,1.0,2899.6088134765623
2025-05-26 01:00:00,25,0.05,0,2,False,True,0.0,1.0,2481.917590332031
2025-05-26 02:00:00,25,0.05,0,2,False,True,0.0,1.0,2772.1804809570312
2025-05-26 03:00:00,25,0.05,0,1,False,True,0.0,1.0,2761.800915527344
2025-05-26 04:00:00,25,0.05,0,1,False,True,0.0,1.0,2918.5630615234377
2025-05-26 05:00:00,25,0.05,0,2,False,True,0.0,1.0,2994.298193359375
2025-05-26 06:00:00,25,0.05,0,1,False,True,0.0,1.0,2794.739953613281
2025-05-26 07:00:00,25,0.05,0,1,False,True,0.0,1.0,2458.901708984375
2025-05-26 08:00:00,25,0.05,0,1,False,True,0.0,1.0,2760.6062744140627
2025-05-26 09:00:00,25,0.05,0,1,False,True,0.0,1.0,2938.7619018554688
2025-05-26 10:00:00,25,0.05,0,1,False,True,0.0,1.0,3196.2255859375
2025-05-26 11:00:00,25,0.05,0,1,False,True,0.0,1.0,4119.829516601562
2025-05-26 12:00:00,25,0.05,0,1,False,True,0.0,1.0,4491.712353515625
2025-05-26 13:00:00,25,0.05,0,1,False,True,0.0,1.0,4420.9373779296875
2025-05-26 14:00:00,25,0.05,0,1,False,True,0.0,1.0,4867.621044921875
2025-05-26 15:00:00,25,0.05,0,1,False,True,0.0,1.0,4917.147680664063
2025-05-26 16:00:00,25,0.05,0,2,False,True,0.0,1.0,5092.877416992187
2025-05-26 17:00:00,25,0.05,1,2,True,True,1.0,1.0,4816.5072265625
2025-05-26 18:00:00,25,0.05,0,2,False,True,0.0,1.0,5181.681567382812
2025-05-26 19:00:00,25,0.05,0,2,False,True,0.0,1.0,5061.633203125
2025-05-26 20:00:00,25,0.05,0,1,False,True,0.0,1.0,5204.662890625
2025-05-26 21:00:00,25,0.05,0,1,False,True,0.0,1.0,5317.658740234375
2025-05-26 22:00:00,25,0.05,0,3,False,True,0.0,1.0,5323.981274414063
2025-05-26 23:00:00,25,0.05,0,1,False,True,0.0,1.0,5258.392041015625
2025-05-27 00:00:00,25,0.05,0,1,False,True,0.0,1.0,5337.660986328125
2025-05-27 01:00:00,25,0.05,0,1,False,True,0.0,1.0,5424.846142578125
2025-05-27 02:00:00,25,0.05,0,2,False,True,0.0,1.0,5721.121557617187
2025-05-27 03:00:00,25,0.05,0,1,False,True,0.0,1.0,5766.261499023438
2025-05-27 04:00:00,25,0.05,0,1,False,True,0.0,1.0,5473.695654296875
2025-05-27 05:00:00,25,0.05,0,1,False,True,0.0,1.0,5379.890454101563
2025-05-27 06:00:00,25,0.05,0,1,False,True,0.0,1.0,6721.850122070313
2025-05-27 07:00:00,25,0.05,0,2,False,True,0.0,1.0,6942.535131835937
2025-05-27 08:00:00,25,0.05,0,1,False,True,0.0,1.0,8093.769604492188
2025-05-27 09:00:00,25,0.05,0,2,False,True,0.0,1.0,7836.480737304688
2025-05-27 10:00:00,25,0.05,0,1,False,True,0.0,1.0,6265.458764648438
2025-05-27 11:00:00,25,0.05,0,1,False,True,0.0,1.0,6820.441552734375
2025-05-27 12:00:00,25,0.05,0,1,False,True,0.0,1.0,7081.527270507812
2025-05-27 13:00:00,25,0.05,0,1,False,True,0.0,1.0,6982.916674804687
2025-05-27 14:00:00,25,0.05,0,2,False,True,0.0,1.0,6076.7544921875
2025-05-27 15:00:00,25,0.05,0,2,False,True,0.0,1.0,5124.649096679687
2025-05-27 16:00:00,25,0.05,0,1,False,True,0.0,1.0,4634.64765625
2025-05-27 17:00:00,25,0.05,0,2,False,True,0.0,1.0,4387.2449951171875
2025-05-27 18:00:00,25,0.05,0,2,False,True,0.0,1.0,4602.6400146484375
2025-05-27 19:00:00,25,0.05,0,1,False,True,0.0,1.0,4758.718701171875
2025-05-27 20:00:00,25,0.05,0,2,False,True,0.0,1.0,4551.48662109375
2025-05-27 21:00:00,25,0.05,0,2,False,True,0.0,1.0,4398.22158203125
2025-05-27 22:00:00,25,0.05,0,1,False,True,0.0,1.0,4552.537841796875
2025-05-27 23:00:00,25,0.05,0,2,False,True,0.0,1.0,4728.429418945312
2025-05-28 00:00:00,25,0.05,0,3,False,True,0.0,1.0,4192.20576171875
2025-05-28 01:00:00,25,0.05,0,2,False,True,0.0,1.0,4176.1072265625
2025-05-28 02:00:00,25,0.05,0,1,False,True,0.0,1.0,3932.6910766601563
2025-05-28 03:00:00,25,0.05,0,1,False,True,0.0,1.0,4342.252978515625
2025-05-28 04:00:00,25,0.05,0,1,False,True,0.0,1.0,4439.559716796875
2025-05-28 05:00:00,25,0.05,0,2,False,True,0.0,1.0,3960.472509765625
2025-05-28 06:00:00,25,0.05,0,2,False,True,0.0,1.0,3833.5723876953125
2025-05-28 07:00:00,25,0.05,0,2,False,True,0.0,1.0,5026.9647216796875
2025-05-28 08:00:00,25,0.05,0,2,False,True,0.0,1.0,4699.348974609376
2025-05-28 09:00:00,25,0.05,0,1,False,True,0.0,1.0,4287.905297851563
2025-05-28 10:00:00,25,0.05,0,1,False,True,0.0,1.0,3749.3110473632814
2025-05-28 11:00:00,25,0.05,0,2,False,True,0.0,1.0,3217.07958984375
2025-05-28 12:00:00,25,0.05,0,1,False,True,0.0,1.0,2560.714245605469
2025-05-28 13:00:00,25,0.05,0,3,False,True,0.0,1.0,2401.8859375
2025-05-28 14:00:00,25,0.05,0,2,False,True,0.0,1.0,2445.1376831054686
2025-05-28 15:00:00,25,0.05,0,1,False,True,0.0,1.0,2166.440393066406
2025-05-28 16:00:00,25,0.05,0,1,False,True,0.0,1.0,1911.3072937011718
2025-05-28 17:00:00,25,0.05,0,1,False,True,0.0,1.0,1863.7051086425781
2025-05-28 18:00:00,25,0.05,0,2,False,True,0.0,1.0,1949.1502929687501
2025-05-28 19:00:00,25,0.05,0,1,False,True,0.0,1.0,1968.1318298339843
2025-05-28 20:00:00,25,0.05,0,1,False,True,0.0,1.0,2003.186016845703
2025-05-28 21:00:00,25,0.05,0,2,False,True,0.0,1.0,1957.5776245117188
2025-05-28 22:00:00,25,0.05,0,2,False,True,0.0,1.0,1910.0038818359376
2025-05-28 23:00:00,25,0.05,0,2,False,True,0.0,1.0,2071.6251953125
2025-05-29 00:00:00,25,0.05,0,2,False,True,0.0,1.0,1647.4769104003906
2025-05-29 01:00:00,25,0.05,0,3,False,True,0.0,1.0,1608.8921508789062
2025-05-29 02:00:00,25,0.05,0,2,False,True,0.0,1.0,1701.9280395507812
2025-05-29 03:00:00,25,0.05,0,1,False,True,0.0,1.0,1708.7737731933594
2025-05-29 04:00:00,25,0.05,0,1,False,True,0.0,1.0,1692.0241088867188
2025-05-29 05:00:00,25,0.05,0,1,False,True,0.0,1.0,1709.0116882324219
2025-05-29 06:00:00,25,0.05,0,1,False,True,0.0,1.0,1599.5217712402343
2025-05-29 07:00:00,25,0.05,0,1,False,True,0.0,1.0,1687.9995971679687
2025-05-29 08:00:00,25,0.05,0,1,False,True,0.0,1.0,2074.6292724609375
2025-05-29 09:00:00,25,0.05,0,1,False,True,0.0,1.0,2689.4482666015624
2025-05-29 10:00:00,25,0.05,0,2,False,True,0.0,1.0,3590.6592407226562
2025-05-29 11:00:00,25,0.05,0,1,False,True,0.0,1.0,3934.2618408203125
2025-05-29 12:00:00,25,0.05,0,1,False,True,0.0,1.0,5150.735668945313
2025-05-29 13:00:00,25,0.05,0,2,False,True,0.0,1.0,5807.513037109375
2025-05-29 14:00:00,25,0.05,0,1,False,True,0.0,1.0,6542.643579101563
2025-05-29 15:00:00,25,0.05,0,1,False,True,0.0,1.0,6570.854345703126
2025-05-29 16:00:00,25,0.05,0,1,False,True,0.0,1.0,6943.3037109375
2025-05-29 17:00:00,25,0.05,0,1,False,True,0.0,1.0,7133.008032226562
2025-05-29 18:00:00,25,0.05,0,1,False,True,0.0,1.0,6747.223876953125
2025-05-29 19:00:00,25,0.05,0,1,False,True,0.0,1.0,6748.509252929687
2025-05-29 20:00:00,25,0.05,0,1,False,True,0.0,1.0,7092.015209960938
2025-05-29 21:00:00,25,0.05,0,1,False,True,0.0,1.0,6632.766186523438
2025-05-29 22:00:00,25,0.05,0,2,False,True,0.0,1.0,6870.416284179688
2025-05-29 23:00:00,25,0.05,0,1,False,True,0.0,1.0,6714.04150390625
2025-05-30 00:00:00,25,0.05,0,2,False,True,0.0,1.0,6935.539721679688
2025-05-30 01:00:00,25,0.05,2,2,True,True,1.0,1.0,6815.367333984375
2025-05-30 02:00:00,25,0.05,0,1,False,True,0.0,1.0,6737.524658203125
2025-05-30 03:00:00,25,0.05,0,1,False,True,0.0,1.0,5187.747778320312
2025-05-30 04:00:00,25,0.05,0,1,False,True,0.0,1.0,6145.163989257812
2025-05-30 05:00:00,25,0.05,0,1,False,True,0.0,1.0,6480.010400390625
2025-05-30 06:00:00,25,0.05,0,1,False,True,0.0,1.0,6072.110083007812
2025-05-30 07:00:00,25,0.05,0,1,False,True,0.0,1.0,6754.389501953125
2025-05-30 08:00:00,25,0.05,0,1,False,True,0.0,1.0,7695.896435546875
2025-05-30 09:00:00,25,0.05,0,1,False,True,0.0,1.0,7045.349853515625
2025-05-30 10:00:00,25,0.05,0,2,False,True,0.0,1.0,8672.13193359375
2025-05-30 11:00:00,25,0.05,0,1,False,True,0.0,1.0,9615.34091796875
2025-05-30 12:00:00,25,0.05,0,1,False,True,0.0,1.0,10937.151025390625
2025-05-30 13:00:00,25,0.05,0,2,False,True,0.0,1.0,10862.4669921875
2025-05-30 14:00:00,25,0.05,1,2,True,True,1.0,1.0,10615.35751953125
2025-05-30 15:00:00,25,0.05,0,1,False,True,0.0,1.0,10530.199951171875
2025-05-30 16:00:00,25,0.05,1,1,True,True,1.0,1.0,9991.279248046876
2025-05-30 17:00:00,25,0.05,0,1,False,True,0.0,1.0,9888.906787109376
2025-05-30 18:00:00,25,0.05,0,1,False,True,0.0,1.0,8987.237451171875
2025-05-30 19:00:00,25,0.05,0,1,False,True,0.0,1.0,9901.611328125
2025-05-30 20:00:00,25,0.05,0,1,False,True,0.0,1.0,9906.48232421875
2025-05-30 21:00:00,25,0.05,0,2,False,True,0.0,1.0,9902.599267578125
2025-05-30 22:00:00,25,0.05,0,1,False,True,0.0,1.0,10039.42529296875
2025-05-30 23:00:00,25,0.05,0,1,False,True,0.0,1.0,9339.04072265625
2025-05-31 00:00:00,25,0.05,0,1,False,True,0.0,1.0,9963.608203125
2025-05-31 01:00:00,25,0.05,0,1,False,True,0.0,1.0,10044.111572265625
2025-05-31 02:00:00,25,0.05,0,1,False,True,0.0,1.0,10280.8552734375
2025-05-31 03:00:00,25,0.05,0,1,False,True,0.0,1.0,10241.28564453125
2025-05-31 04:00:00,25,0.05,0,1,False,True,0.0,1.0,10083.131689453125
2025-05-31 05:00:00,25,0.05,0,1,False,True,0.0,1.0,10140.213623046875
2025-05-31 06:00:00,25,0.05,1,1,True,True,1.0,1.0,10115.2025390625
2025-05-31 07:00:00,25,0.05,0,1,False,True,0.0,1.0,9900.339697265625
2025-05-31 08:00:00,25,0.05,0,2,False,True,0.0,1.0,9298.072412109375
2025-05-31 09:00:00,25,0.05,0,1,False,True,0.0,1.0,9762.41044921875
2025-05-31 10:00:00,25,0.05,0,2,False,True,0.0,1.0,9246.187646484375
2025-05-31 11:00:00,25,0.05,0,1,False,True,0.0,1.0,9511.151123046875
2025-05-31 12:00:00,25,0.05,0,1,False,True,0.0,1.0,9486.084619140625
2025-05-31 13:00:00,25,0.05,0,2,False,True,0.0,1.0,9952.96953125
2025-05-31 14:00:00,25,0.05,0,1,False,True,0.0,1.0,8854.56669921875
2025-05-31 15:00:00,25,0.05,0,1,False,True,0.0,1.0,8916.287744140625
2025-05-31 16:00:00,25,0.05,0,1,False,True,0.0,1.0,8690.18857421875
2025-05-31 17:00:00,25,0.05,0,1,False,True,0.0,1.0,8381.206640625
2025-05-31 18:00:00,25,0.05,0,1,False,True,0.0,1.0,5881.145483398437
2025-05-31 19:00:00,25,0.05,0,2,False,True,0.0,1.0,5919.837817382812
2025-05-31 20:00:00,25,0.05,0,1,False,True,0.0,1.0,5970.1502685546875
2025-05-31 21:00:00,25,0.05,0,1,False,True,0.0,1.0,6098.438891601562
2025-05-31 22:00:00,25,0.05,0,1,False,True,0.0,1.0,6092.6052734375
2025-05-31 23:00:00,25,0.05,0,1,False,True,0.0,1.0,5745.8390625
2025-06-01 00:00:00,25,0.05,0,1,False,True,0.0,1.0,6616.912768554687
2025-06-01 01:00:00,25,0.05,0,1,False,True,0.0,1.0,6624.284765625
2025-06-01 02:00:00,25,0.05,0,1,False,True,0.0,1.0,6740.054614257812
2025-06-01 03:00:00,25,0.05,0,1,False,True,0.0,1.0,6508.028076171875
2025-06-01 04:00:00,25,0.05,0,1,False,True,0.0,1.0,6690.94384765625
2025-06-01 05:00:00,25,0.05,0,1,False,True,0.0,1.0,6606.601098632813
2025-06-01 06:00:00,25,0.05,0,1,False,True,0.0,1.0,7030.786401367188
2025-06-01 07:00:00,25,0.05,0,2,False,True,0.0,1.0,6270.59375
2025-06-01 08:00:00,25,0.05,0,1,False,True,0.0,1.0,6322.2635498046875
2025-06-01 09:00:00,25,0.05,0,1,False,True,0.0,1.0,7156.52177734375
2025-06-01 10:00:00,25,0.05,0,1,False,True,0.0,1.0,8277.133349609376
2025-06-01 11:00:00,25,0.05,0,1,False,True,0.0,1.0,8487.89228515625
2025-06-01 12:00:00,25,0.05,0,2,False,True,0.0,1.0,8482.78544921875
2025-06-01 13:00:00,25,0.05,0,2,False,True,0.0,1.0,7961.369799804687
2025-06-01 14:00:00,25,0.05,0,2,False,True,0.0,1.0,8593.874755859375
2025-06-01 15:00:00,25,0.05,0,2,False,True,0.0,1.0,7936.3955078125
2025-06-01 16:00:00,25,0.05,0,3,False,True,0.0,1.0,7972.56435546875
2025-06-01 17:00:00,25,0.05,0,2,False,True,0.0,1.0,8316.661376953125
2025-06-01 18:00:00,25,0.05,0,2,False,True,0.0,1.0,8536.65234375
2025-06-01 19:00:00,25,0.05,0,2,False,True,0.0,1.0,8269.605712890625
2025-06-01 20:00:00,25,0.05,0,2,False,True,0.0,1.0,8466.154833984376
2025-06-01 21:00:00,25,0.05,0,2,False,True,0.0,1.0,8458.591162109375
2025-06-01 22:00:00,25,0.05,0,1,False,True,0.0,1.0,8456.855078125
2025-06-01 23:00:00,25,0.05,0,2,False,True,0.0,1.0,8465.625439453124
2025-06-02 00:00:00,25,0.05,0,2,False,True,0.0,1.0,8547.303173828124
2025-06-02 01:00:00,25,0.05,0,3,False,True,0.0,1.0,8679.774560546875
2025-06-02 02:00:00,25,0.05,0,1,False,True,0.0,1.0,8687.090039062501
2025-06-02 03:00:00,25,0.05,0,2,False,True,0.0,1.0,8415.7728515625
2025-06-02 04:00:00,25,0.05,0,2,False,True,0.0,1.0,8797.92001953125
2025-06-02 05:00:00,25,0.05,0,3,False,True,0.0,1.0,8044.7630615234375
2025-06-02 06:00:00,25,0.05,0,2,False,True,0.0,1.0,7969.102856445313
2025-06-02 07:00:00,25,0.05,0,2,False,True,0.0,1.0,8138.684594726563
2025-06-02 08:00:00,25,0.05,0,2,False,True,0.0,1.0,7354.117407226562
2025-06-02 09:00:00,25,0.05,0,1,False,True,0.0,1.0,7142.671118164062
2025-06-02 10:00:00,25,0.05,0,3,False,True,0.0,1.0,7282.905932617187
2025-06-02 11:00:00,25,0.05,0,1,False,True,0.0,1.0,5777.890551757812
2025-06-02 12:00:00,25,0.05,0,1,False,True,0.0,1.0,4455.9619140625
2025-06-02 13:00:00,25,0.05,0,1,False,True,0.0,1.0,3906.388708496094
2025-06-02 14:00:00,25,0.05,0,1,False,True,0.0,1.0,3445.6095458984373
2025-06-02 15:00:00,25,0.05,0,1,False,True,0.0,1.0,2828.374377441406
2025-06-02 16:00:00,25,0.05,0,1,False,True,0.0,1.0,2255.24384765625
2025-06-02 17:00:00,25,0.05,0,2,False,True,0.0,1.0,1884.6312622070313
2025-06-02 18:00:00,25,0.05,0,2,False,True,0.0,1.0,2257.8954223632813
2025-06-02 19:00:00,25,0.05,0,2,False,True,0.0,1.0,2145.6615478515623
2025-06-02 20:00:00,25,0.05,0,2,False,True,0.0,1.0,2170.2197265625
2025-06-02 21:00:00,25,0.05,0,1,False,True,0.0,1.0,2225.5302978515624
2025-06-02 22:00:00,25,0.05,0,2,False,True,0.0,1.0,2344.8200927734374
2025-06-02 23:00:00,25,0.05,0,2,False,True,0.0,1.0,2457.506103515625
2025-06-03 00:00:00,25,0.05,0,2,False,True,0.0,1.0,2455.307849121094
2025-06-03 01:00:00,25,0.05,0,1,False,True,0.0,1.0,2548.6767333984376
2025-06-03 02:00:00,25,0.05,0,2,False,True,0.0,1.0,2227.5736083984375
2025-06-03 03:00:00,25,0.05,0,2,False,True,0.0,1.0,2469.9464477539063
2025-06-03 04:00:00,25,0.05,0,3,False,True,0.0,1.0,2455.385705566406
2025-06-03 05:00:00,25,0.05,0,2,False,True,0.0,1.0,2417.0909423828125
2025-06-03 06:00:00,25,0.05,0,2,False,True,0.0,1.0,2900.599609375
2025-06-03 07:00:00,25,0.05,0,1,False,True,0.0,1.0,2913.98662109375
2025-06-03 08:00:00,25,0.05,0,2,False,True,0.0,1.0,3233.3107421875
2025-06-03 09:00:00,25,0.05,0,2,False,True,0.0,1.0,3168.6539916992188
2025-06-03 10:00:00,25,0.05,0,1,False,True,0.0,1.0,2391.99794921875
2025-06-03 11:00:00,25,0.05,0,2,False,True,0.0,1.0,1802.831591796875
2025-06-03 12:00:00,25,0.05,0,2,False,True,0.0,1.0,2664.142993164063
2025-06-03 13:00:00,25,0.05,0,1,False,True,0.0,1.0,2529.878552246094
2025-06-03 14:00:00,25,0.05,0,2,False,True,0.0,1.0,2777.7637207031253
2025-06-03 15:00:00,25,0.05,0,3,False,True,0.0,1.0,2827.9017700195313
2025-06-03 16:00:00,25,0.05,0,2,False,True,0.0,1.0,2843.0892211914065
2025-06-03 17:00:00,25,0.05,0,1,False,True,0.0,1.0,3167.7100219726562
2025-06-03 18:00:00,25,0.05,0,3,False,True,0.0,1.0,2394.159802246094
2025-06-03 19:00:00,25,0.05,0,2,False,True,0.0,1.0,2546.751110839844
2025-06-03 20:00:00,25,0.05,0,2,False,True,0.0,1.0,2396.212756347656
2025-06-03 21:00:00,25,0.05,0,3,False,True,0.0,1.0,2526.79306640625
2025-06-03 22:00:00,25,0.05,0,1,False,True,0.0,1.0,2414.709912109375
2025-06-03 23:00:00,25,0.05,0,2,False,True,0.0,1.0,2340.2617431640624
2025-06-04 00:00:00,25,0.05,0,2,False,True,0.0,1.0,2016.671063232422
2025-06-04 01:00:00,25,0.05,0,1,False,True,0.0,1.0,1909.48193359375
2025-06-04 02:00:00,25,0.05,0,1,False,True,0.0,1.0,2165.652490234375
2025-06-04 03:00:00,25,0.05,0,2,False,True,0.0,1.0,2255.1981079101565
2025-06-04 04:00:00,25,0.05,0,2,False,True,0.0,1.0,2056.46865234375
2025-06-04 05:00:00,25,0.05,0,3,False,True,0.0,1.0,1812.3534484863283
2025-06-04 06:00:00,25,0.05,0,1,False,True,0.0,1.0,1816.4562622070314
2025-06-04 07:00:00,25,0.05,0,2,False,True,0.0,1.0,1992.0649658203126
2025-06-04 08:00:00,25,0.05,0,1,False,True,0.0,1.0,2458.219384765625
2025-06-04 09:00:00,25,0.05,0,1,False,True,0.0,1.0,2825.144421386719
2025-06-04 10:00:00,25,0.05,0,1,False,True,0.0,1.0,2811.7306396484373
2025-06-04 11:00:00,25,0.05,0,2,False,True,0.0,1.0,3218.5553344726563
2025-06-04 12:00:00,25,0.05,0,2,False,True,0.0,1.0,2975.968005371094
2025-06-04 13:00:00,25,0.05,0,3,False,True,0.0,1.0,3271.1587646484377
2025-06-04 14:00:00,25,0.05,0,2,False,True,0.0,1.0,3471.6093017578123
2025-06-04 15:00:00,25,0.05,0,2,False,True,0.0,1.0,3385.257568359375
2025-06-04 16:00:00,25,0.05,0,2,False,True,0.0,1.0,3404.975268554688
2025-06-04 17:00:00,25,0.05,0,1,False,True,0.0,1.0,3587.711169433594
2025-06-04 18:00:00,25,0.05,0,2,False,True,0.0,1.0,4509.631640625
2025-06-04 19:00:00,25,0.05,0,2,False,True,0.0,1.0,4587.731591796875
2025-06-04 20:00:00,25,0.05,0,2,False,True,0.0,1.0,4460.051342773438
2025-06-04 21:00:00,25,0.05,0,1,False,True,0.0,1.0,4159.431201171875
2025-06-04 22:00:00,25,0.05,0,3,False,True,0.0,1.0,4543.347412109375
2025-06-04 23:00:00,25,0.05,0,1,False,True,0.0,1.0,4129.2706298828125
2025-06-05 00:00:00,25,0.05,0,2,False,True,0.0,1.0,4179.5911865234375
2025-06-05 01:00:00,25,0.05,0,3,False,True,0.0,1.0,4331.278417968751
2025-06-05 02:00:00,25,0.05,0,1,False,True,0.0,1.0,4219.314233398438
2025-06-05 03:00:00,25,0.05,0,3,False,True,0.0,1.0,4172.990161132812
2025-06-05 04:00:00,25,0.05,0,1,False,True,0.0,1.0,4025.963586425781
2025-06-05 05:00:00,25,0.05,1,2,True,True,1.0,1.0,3279.274450683594
2025-06-05 06:00:00,25,0.05,0,1,False,True,0.0,1.0,3714.900769042969
2025-06-05 07:00:00,25,0.05,1,1,True,True,1.0,1.0,4299.267016601562
2025-06-05 08:00:00,25,0.05,0,1,False,True,0.0,1.0,4572.982080078125
2025-06-05 09:00:00,25,0.05,0,1,False,True,0.0,1.0,3732.11328125
2025-06-05 10:00:00,25,0.05,0,1,False,True,0.0,1.0,4343.256665039063
2025-06-05 11:00:00,25,0.05,0,1,False,True,0.0,1.0,4983.8511962890625
2025-06-05 12:00:00,25,0.05,0,2,False,True,0.0,1.0,5119.786938476563
2025-06-05 13:00:00,25,0.05,0,1,False,True,0.0,1.0,4571.496435546876
2025-06-05 14:00:00,25,0.05,0,2,False,True,0.0,1.0,4568.82421875
2025-06-05 15:00:00,25,0.05,0,1,False,True,0.0,1.0,5148.183642578125
2025-06-05 16:00:00,25,0.05,0,2,False,True,0.0,1.0,4994.388208007813
2025-06-05 17:00:00,25,0.05,0,3,False,True,0.0,1.0,5058.995874023438
2025-06-05 18:00:00,25,0.05,0,1,False,True,0.0,1.0,4340.161694335938
2025-06-05 19:00:00,25,0.05,0,2,False,True,0.0,1.0,4501.560693359375
2025-06-05 20:00:00,25,0.05,0,2,False,True,0.0,1.0,4968.389428710938
2025-06-05 21:00:00,25,0.05,0,2,False,True,0.0,1.0,4733.2671875
2025-06-05 22:00:00,25,0.05,0,1,False,True,0.0,1.0,4414.65947265625
2025-06-05 23:00:00,25,0.05,0,1,False,True,0.0,1.0,4253.433691406251
2025-06-06 00:00:00,25,0.05,0,1,False,True,0.0,1.0,4537.888989257813
2025-06-06 01:00:00,25,0.05,0,1,False,True,0.0,1.0,4164.418896484375
2025-06-06 02:00:00,25,0.05,0,2,False,True,0.0,1.0,4847.198876953125
2025-06-06 03:00:00,25,0.05,0,2,False,True,0.0,1.0,4698.997290039063
2025-06-06 04:00:00,25,0.05,0,1,False,True,0.0,1.0,4931.2989501953125
2025-06-06 05:00:00,25,0.05,0,2,False,True,0.0,1.0,4758.954809570312
2025-06-06 06:00:00,25,0.05,0,2,False,True,0.0,1.0,5888.470703125
2025-06-06 07:00:00,25,0.05,0,1,False,True,0.0,1.0,6107.951977539063
2025-06-06 08:00:00,25,0.05,0,2,False,True,0.0,1.0,5851.52001953125
2025-06-06 09:00:00,25,0.05,0,2,False,True,0.0,1.0,5640.448999023438
2025-06-06 10:00:00,25,0.05,0,3,False,True,0.0,1.0,5647.411596679687
2025-06-06 11:00:00,25,0.05,0,3,False,True,0.0,1.0,6367.666455078125
2025-06-06 12:00:00,25,0.05,0,1,False,True,0.0,1.0,5287.012451171875
2025-06-06 13:00:00,25,0.05,0,1,False,True,0.0,1.0,4905.0080078125
2025-06-06 14:00:00,25,0.05,0,1,False,True,0.0,1.0,4659.2025390625
2025-06-06 15:00:00,25,0.05,0,1,False,True,0.0,1.0,4186.291528320313
2025-06-06 16:00:00,25,0.05,0,1,False,True,0.0,1.0,4342.26298828125
2025-06-06 17:00:00,25,0.05,0,1,False,True,0.0,1.0,4874.43662109375
2025-06-06 18:00:00,25,0.05,0,1,False,True,0.0,1.0,5517.282690429688
2025-06-06 19:00:00,25,0.05,0,1,False,True,0.0,1.0,5337.581713867187
2025-06-06 20:00:00,25,0.05,0,2,False,True,0.0,1.0,5224.38662109375
2025-06-06 21:00:00,25,0.05,0,2,False,True,0.0,1.0,5627.766577148437
2025-06-06 22:00:00,25,0.05,0,2,False,True,0.0,1.0,5241.704345703125
2025-06-06 23:00:00,25,0.05,0,2,False,True,0.0,1.0,5214.6486328125
2025-06-07 00:00:00,25,0.05,0,3,False,True,0.0,1.0,4311.832006835937
2025-06-07 01:00:00,25,0.05,0,1,False,True,0.0,1.0,4384.431982421875
2025-06-07 02:00:00,25,0.05,0,1,False,True,0.0,1.0,4284.371166992188
2025-06-07 03:00:00,25,0.05,0,1,False,True,0.0,1.0,4366.5662841796875
2025-06-07 04:00:00,25,0.05,0,1,False,True,0.0,1.0,4050.039294433594
2025-06-07 05:00:00,25,0.05,0,1,False,True,0.0,1.0,4380.278247070312
2025-06-07 06:00:00,25,0.05,0,1,False,True,0.0,1.0,4893.383935546875
2025-06-07 07:00:00,25,0.05,0,1,False,True,0.0,1.0,4444.807348632812
2025-06-07 08:00:00,25,0.05,0,1,False,True,0.0,1.0,5597.600170898438
2025-06-07 09:00:00,25,0.05,0,2,False,True,0.0,1.0,6464.113720703125
2025-06-07 10:00:00,25,0.05,0,1,False,True,0.0,1.0,7088.980419921875
2025-06-07 11:00:00,25,0.05,0,1,False,True,0.0,1.0,6825.087084960937
2025-06-07 12:00:00,25,0.05,1,1,True,True,1.0,1.0,6916.88076171875
2025-06-07 13:00:00,25,0.05,0,2,False,True,0.0,1.0,6133.55400390625
2025-06-07 14:00:00,25,0.05,0,1,False,True,0.0,1.0,5979.435717773437
2025-06-07 15:00:00,25,0.05,0,1,False,True,0.0,1.0,6187.4705810546875
2025-06-07 16:00:00,25,0.05,0,1,False,True,0.0,1.0,6485.213696289063
2025-06-07 17:00:00,25,0.05,0,2,False,True,0.0,1.0,6140.706103515625
2025-06-07 18:00:00,25,0.05,0,2,False,True,0.0,1.0,5645.542651367187
2025-06-07 19:00:00,25,0.05,0,1,False,True,0.0,1.0,5596.791015625
2025-06-07 20:00:00,25,0.05,0,1,False,True,0.0,1.0,5572.934814453125
2025-06-07 21:00:00,25,0.05,0,1,False,True,0.0,1.0,5635.319140625
2025-06-07 22:00:00,25,0.05,0,2,False,True,0.0,1.0,5520.302734375
2025-06-07 23:00:00,25,0.05,0,1,False,True,0.0,1.0,5575.985131835938
2025-06-08 00:00:00,25,0.05,0,1,False,True,0.0,1.0,5014.09931640625
2025-06-08 01:00:00,25,0.05,0,1,False,True,0.0,1.0,5125.570288085938
2025-06-08 02:00:00,25,0.05,0,1,False,True,0.0,1.0,4857.286083984375
2025-06-08 03:00:00,25,0.05,0,1,False,True,0.0,1.0,5266.05810546875
2025-06-08 04:00:00,25,0.05,0,1,False,True,0.0,1.0,4901.868676757813
2025-06-08 05:00:00,25,0.05,0,2,False,True,0.0,1.0,4726.602465820312
2025-06-08 06:00:00,25,0.05,0,1,False,True,0.0,1.0,5297.923315429688
2025-06-08 07:00:00,25,0.05,0,1,False,True,0.0,1.0,5270.5826416015625
2025-06-08 08:00:00,25,0.05,0,1,False,True,0.0,1.0,5689.506079101562
2025-06-08 09:00:00,25,0.05,0,2,False,True,0.0,1.0,5800.26572265625
2025-06-08 10:00:00,25,0.05,0,1,False,True,0.0,1.0,4981.9522705078125
2025-06-08 11:00:00,25,0.05,0,1,False,True,0.0,1.0,5716.764208984375
2025-06-08 12:00:00,25,0.05,0,2,False,True,0.0,1.0,6419.678076171876
2025-06-08 13:00:00,25,0.05,0,3,False,True,0.0,1.0,6355.98876953125
2025-06-08 14:00:00,25,0.05,1,2,True,True,1.0,1.0,6291.8819580078125
2025-06-08 15:00:00,25,0.05,0,2,False,True,0.0,1.0,5803.36767578125
2025-06-08 16:00:00,25,0.05,0,1,False,True,0.0,1.0,5842.29716796875
2025-06-08 17:00:00,25,0.05,0,2,False,True,0.0,1.0,5937.071215820312
2025-06-08 18:00:00,25,0.05,0,1,False,True,0.0,1.0,5824.745581054687
2025-06-08 19:00:00,25,0.05,0,3,False,True,0.0,1.0,6380.203295898437
2025-06-08 20:00:00,25,0.05,0,2,False,True,0.0,1.0,5956.615258789063
2025-06-08 21:00:00,25,0.05,0,2,False,True,0.0,1.0,6111.882568359375
2025-06-08 22:00:00,25,0.05,0,1,False,True,0.0,1.0,6369.66044921875
2025-06-08 23:00:00,25,0.05,1,2,True,True,1.0,1.0,6235.061596679688
2025-06-09 00:00:00,25,0.05,0,2,False,True,0.0,1.0,5844.124438476562
2025-06-09 01:00:00,25,0.05,0,2,False,True,0.0,1.0,6203.376635742187
2025-06-09 02:00:00,25,0.05,0,2,False,True,0.0,1.0,6498.456518554687
2025-06-09 03:00:00,25,0.05,0,1,False,True,0.0,1.0,6584.882763671875
2025-06-09 04:00:00,25,0.05,0,1,False,True,0.0,1.0,6325.259619140626
2025-06-09 05:00:00,25,0.05,0,2,False,True,0.0,1.0,6517.175610351563
2025-06-09 06:00:00,25,0.05,0,3,False,True,0.0,1.0,6378.80166015625
2025-06-09 07:00:00,25,0.05,0,2,False,True,0.0,1.0,6771.501318359375
2025-06-09 08:00:00,25,0.05,0,2,False,True,0.0,1.0,6578.705834960938
2025-06-09 09:00:00,25,0.05,0,3,False,True,0.0,1.0,7210.216235351562
2025-06-09 10:00:00,25,0.05,0,2,False,True,0.0,1.0,8171.271484375
2025-06-09 11:00:00,25,0.05,1,1,True,True,1.0,1.0,7428.746533203125
2025-06-09 12:00:00,25,0.05,0,2,False,True,0.0,1.0,8244.918212890625
2025-06-09 13:00:00,25,0.05,0,2,False,True,0.0,1.0,8333.245751953125
2025-06-09 14:00:00,25,0.05,0,2,False,True,0.0,1.0,8106.02509765625
2025-06-09 15:00:00,25,0.05,0,2,False,True,0.0,1.0,7525.652880859375
2025-06-09 16:00:00,25,0.05,0,3,False,True,0.0,1.0,7242.6103515625
2025-06-09 17:00:00,25,0.05,0,2,False,True,0.0,1.0,7373.425805664063
2025-06-09 18:00:00,25,0.05,0,2,False,True,0.0,1.0,7463.485888671876
2025-06-09 19:00:00,25,0.05,0,2,False,True,0.0,1.0,7179.086865234375
2025-06-09 20:00:00,25,0.05,0,2,False,True,0.0,1.0,7101.8583984375
2025-06-09 21:00:00,25,0.05,0,2,False,True,0.0,1.0,7367.384936523437
2025-06-09 22:00:00,25,0.05,0,2,False,True,0.0,1.0,7463.174340820313
2025-06-09 23:00:00,25,0.05,0,2,False,True,0.0,1.0,7059.067309570312
2025-06-10 00:00:00,25,0.05,0,2,False,True,0.0,1.0,7999.517016601562
2025-06-10 01:00:00,25,0.05,0,2,False,True,0.0,1.0,7482.46953125
2025-06-10 02:00:00,25,0.05,0,2,False,True,0.0,1.0,7831.807788085937
2025-06-10 03:00:00,25,0.05,0,1,False,True,0.0,1.0,7897.314990234375
2025-06-10 04:00:00,25,0.05,0,1,False,True,0.0,1.0,8317.943359375
2025-06-10 05:00:00,25,0.05,0,2,False,True,0.0,1.0,7949.888623046875
2025-06-10 06:00:00,25,0.05,1,2,True,True,1.0,1.0,9523.374658203125
2025-06-10 07:00:00,25,0.05,0,2,False,True,0.0,1.0,9748.26025390625
2025-06-10 08:00:00,25,0.05,0,1,False,True,0.0,1.0,9840.903125
2025-06-10 09:00:00,25,0.05,0,1,False,True,0.0,1.0,9689.678466796875
2025-06-10 10:00:00,25,0.05,0,2,False,True,0.0,1.0,9594.08671875
2025-06-10 11:00:00,25,0.05,0,2,False,True,0.0,1.0,9653.099609375
2025-06-10 12:00:00,25,0.05,1,2,True,True,1.0,1.0,8954.311669921875
2025-06-10 13:00:00,25,0.05,0,1,False,True,0.0,1.0,9656.48310546875
2025-06-10 14:00:00,25,0.05,0,1,False,True,0.0,1.0,9777.90986328125
2025-06-10 15:00:00,25,0.05,0,2,False,True,0.0,1.0,10052.5263671875
2025-06-10 16:00:00,25,0.05,0,3,False,True,0.0,1.0,9777.460986328126
2025-06-10 17:00:00,25,0.05,0,3,False,True,0.0,1.0,9996.76337890625
2025-06-10 18:00:00,25,0.05,0,1,False,True,0.0,1.0,10482.246484375
2025-06-10 19:00:00,25,0.05,0,1,False,True,0.0,1.0,10354.782373046875
2025-06-10 20:00:00,25,0.05,0,1,False,True,0.0,1.0,10611.039501953124
2025-06-10 21:00:00,25,0.05,0,1,False,True,0.0,1.0,10841.972509765625
2025-06-10 22:00:00,25,0.05,0,1,False,True,0.0,1.0,10482.842724609374
2025-06-10 23:00:00,25,0.05,0,1,False,True,0.0,1.0,10592.361669921875
2025-06-11 00:00:00,25,0.05,0,1,False,True,0.0,1.0,10314.47177734375
2025-06-11 01:00:00,25,0.05,0,2,False,True,0.0,1.0,9886.619091796874
2025-06-11 02:00:00,25,0.05,0,2,False,True,0.0,1.0,10393.229541015626
2025-06-11 03:00:00,25,0.05,0,2,False,True,0.0,1.0,10525.057666015626
2025-06-11 04:00:00,25,0.05,0,3,False,True,0.0,1.0,10454.157373046875
2025-06-11 05:00:00,25,0.05,0,1,False,True,0.0,1.0,10433.8390625
2025-06-11 06:00:00,25,0.05,0,3,False,True,0.0,1.0,11099.710400390624
2025-06-11 07:00:00,25,0.05,0,1,False,True,0.0,1.0,10745.995458984375
2025-06-11 08:00:00,25,0.05,1,2,True,True,1.0,1.0,10919.088037109375
2025-06-11 09:00:00,25,0.05,0,3,False,True,0.0,1.0,10864.2982421875
2025-06-11 10:00:00,25,0.05,0,2,False,True,0.0,1.0,9845.078466796875
2025-06-11 11:00:00,25,0.05,0,1,False,True,0.0,1.0,10999.649609375001
2025-06-11 12:00:00,25,0.05,0,2,False,True,0.0,1.0,11344.02470703125
2025-06-11 13:00:00,25,0.05,0,1,False,True,0.0,1.0,11039.809375
2025-06-11 14:00:00,25,0.05,0,1,False,True,0.0,1.0,10491.340039062501
2025-06-11 15:00:00,25,0.05,0,2,False,True,0.0,1.0,9313.02763671875
2025-06-11 16:00:00,25,0.05,0,1,False,True,0.0,1.0,8784.459423828126
2025-06-11 17:00:00,25,0.05,0,2,False,True,0.0,1.0,8583.731640625
2025-06-11 18:00:00,25,0.05,0,2,False,True,0.0,1.0,7463.326147460937
2025-06-11 19:00:00,25,0.05,0,1,False,True,0.0,1.0,7624.125830078125
2025-06-11 20:00:00,25,0.05,0,2,False,True,0.0,1.0,7750.16796875
2025-06-11 21:00:00,25,0.05,0,2,False,True,0.0,1.0,7857.934179687501
2025-06-11 22:00:00,25,0.05,0,1,False,True,0.0,1.0,7633.280517578125
2025-06-11 23:00:00,25,0.05,0,2,False,True,0.0,1.0,7605.259716796875
2025-06-12 00:00:00,25,0.05,0,1,False,True,0.0,1.0,5862.281518554688
2025-06-12 01:00:00,25,0.05,0,2,False,True,0.0,1.0,5524.9048828125
2025-06-12 02:00:00,25,0.05,0,2,False,True,0.0,1.0,5830.950390625
2025-06-12 03:00:00,25,0.05,0,2,False,True,0.0,1.0,5846.077612304687
2025-06-12 04:00:00,25,0.05,0,2,False,True,0.0,1.0,5674.571997070312
2025-06-12 05:00:00,25,0.05,0,2,False,True,0.0,1.0,5515.363549804688
2025-06-12 06:00:00,25,0.05,1,2,True,True,1.0,1.0,6652.327709960938
2025-06-12 07:00:00,25,0.05,0,1,False,True,0.0,1.0,5601.064111328125
2025-06-12 08:00:00,25,0.05,0,2,False,True,0.0,1.0,5097.417651367187
2025-06-12 09:00:00,25,0.05,0,1,False,True,0.0,1.0,3860.2224853515627
2025-06-12 10:00:00,25,0.05,0,1,False,True,0.0,1.0,3470.4583740234375
2025-06-12 11:00:00,25,0.05,0,2,False,True,0.0,1.0,3410.2501098632815
2025-06-12 12:00:00,25,0.05,0,2,False,True,0.0,1.0,3500.1681518554688
2025-06-12 13:00:00,25,0.05,0,2,False,True,0.0,1.0,3063.718884277344
2025-06-12 14:00:00,25,0.05,0,1,False,True,0.0,1.0,2999.2559814453125
2025-06-12 15:00:00,25,0.05,0,2,False,True,0.0,1.0,2915.2274047851565
2025-06-12 16:00:00,25,0.05,0,1,False,True,0.0,1.0,2947.7787963867186
2025-06-12 17:00:00,25,0.05,0,2,False,True,0.0,1.0,2989.8761596679688
2025-06-12 18:00:00,25,0.05,0,3,False,True,0.0,1.0,2697.0056396484374
2025-06-12 19:00:00,25,0.05,0,2,False,True,0.0,1.0,3063.2115478515625
2025-06-12 20:00:00,25,0.05,0,1,False,True,0.0,1.0,3031.010363769531
2025-06-12 21:00:00,25,0.05,0,1,False,True,0.0,1.0,2809.1837768554688
2025-06-12 22:00:00,25,0.05,0,1,False,True,0.0,1.0,2736.5366943359377
2025-06-12 23:00:00,25,0.05,0,3,False,True,0.0,1.0,3050.7744750976562
2025-06-13 00:00:00,25,0.05,0,1,False,True,0.0,1.0,2911.5112915039062
2025-06-13 01:00:00,25,0.05,0,2,False,True,0.0,1.0,3005.9417114257812
2025-06-13 02:00:00,25,0.05,0,2,False,True,0.0,1.0,2652.142333984375
2025-06-13 03:00:00,25,0.05,0,3,False,True,0.0,1.0,2903.0049438476562
2025-06-13 04:00:00,25,0.05,0,2,False,True,0.0,1.0,3137.7106689453126
2025-06-13 05:00:00,25,0.05,0,1,False,True,0.0,1.0,3008.109716796875
2025-06-13 06:00:00,25,0.05,0,2,False,True,0.0,1.0,3118.445031738281
2025-06-13 07:00:00,25,0.05,0,2,False,True,0.0,1.0,4406.035107421875
2025-06-13 08:00:00,25,0.05,0,1,False,True,0.0,1.0,4402.3558349609375
2025-06-13 09:00:00,25,0.05,0,2,False,True,0.0,1.0,4934.777905273438
2025-06-13 10:00:00,25,0.05,0,1,False,True,0.0,1.0,5114.278051757812
2025-06-13 11:00:00,25,0.05,0,1,False,True,0.0,1.0,5095.077392578125
2025-06-13 12:00:00,25,0.05,0,1,False,True,0.0,1.0,5749.672924804688
2025-06-13 13:00:00,25,0.05,0,2,False,True,0.0,1.0,6042.124609375001
2025-06-13 14:00:00,25,0.05,0,1,False,True,0.0,1.0,6097.815771484375
2025-06-13 15:00:00,25,0.05,0,1,False,True,0.0,1.0,6327.829541015625
2025-06-13 16:00:00,25,0.05,0,2,False,True,0.0,1.0,6180.401220703125
2025-06-13 17:00:00,25,0.05,1,1,True,True,1.0,1.0,6644.34365234375
2025-06-13 18:00:00,25,0.05,0,1,False,True,0.0,1.0,6396.443774414062
2025-06-13 19:00:00,25,0.05,0,2,False,True,0.0,1.0,6271.8431640625
2025-06-13 20:00:00,25,0.05,0,2,False,True,0.0,1.0,6157.3851318359375
2025-06-13 21:00:00,25,0.05,0,1,False,True,0.0,1.0,6127.527197265625
2025-06-13 22:00:00,25,0.05,0,1,False,True,0.0,1.0,6168.961279296875
2025-06-13 23:00:00,25,0.05,1,1,True,True,1.0,1.0,6137.261865234375
2025-06-14 00:00:00,25,0.05,0,1,False,True,0.0,1.0,6697.467065429688
2025-06-14 01:00:00,25,0.05,0,1,False,True,0.0,1.0,7055.437353515626
2025-06-14 02:00:00,25,0.05,0,1,False,True,0.0,1.0,6789.4798828125
2025-06-14 03:00:00,25,0.05,0,2,False,True,0.0,1.0,6746.3345947265625
2025-06-14 04:00:00,25,0.05,0,1,False,True,0.0,1.0,6658.6180419921875
2025-06-14 05:00:00,25,0.05,0,2,False,True,0.0,1.0,6936.052490234375
2025-06-14 06:00:00,25,0.05,0,1,False,True,0.0,1.0,7422.656958007813
2025-06-14 07:00:00,25,0.05,0,2,False,True,0.0,1.0,7040.202905273438
2025-06-14 08:00:00,25,0.05,0,1,False,True,0.0,1.0,7950.6955078125
2025-06-14 09:00:00,25,0.05,0,1,False,True,0.0,1.0,8068.412768554687
2025-06-14 10:00:00,25,0.05,0,1,False,True,0.0,1.0,9608.99990234375
2025-06-14 11:00:00,25,0.05,0,1,False,True,0.0,1.0,9281.42734375
2025-06-14 12:00:00,25,0.05,0,1,False,True,0.0,1.0,8522.045556640625
2025-06-14 13:00:00,25,0.05,0,1,False,True,0.0,1.0,9035.215087890625
2025-06-14 14:00:00,25,0.05,0,1,False,True,0.0,1.0,9257.64423828125
2025-06-14 15:00:00,25,0.05,0,1,False,True,0.0,1.0,9785.97392578125
2025-06-14 16:00:00,25,0.05,0,1,False,True,0.0,1.0,9285.34599609375
2025-06-14 17:00:00,25,0.05,0,1,False,True,0.0,1.0,9162.32314453125
2025-06-14 18:00:00,25,0.05,0,1,False,True,0.0,1.0,9969.196533203125
2025-06-14 19:00:00,25,0.05,0,1,False,True,0.0,1.0,9995.926123046875
2025-06-14 20:00:00,25,0.05,0,1,False,True,0.0,1.0,9959.601416015625
2025-06-14 21:00:00,25,0.05,0,1,False,True,0.0,1.0,9939.789453125
2025-06-14 22:00:00,25,0.05,0,2,False,True,0.0,1.0,9810.535205078126
2025-06-14 23:00:00,25,0.05,0,1,False,True,0.0,1.0,9627.391162109376
2025-06-15 00:00:00,25,0.05,0,2,False,True,0.0,1.0,9728.404931640625
2025-06-15 01:00:00,25,0.05,1,1,True,True,1.0,1.0,9546.09775390625
2025-06-15 02:00:00,25,0.05,0,1,False,True,0.0,1.0,9515.18896484375
2025-06-15 03:00:00,25,0.05,0,1,False,True,0.0,1.0,9459.8181640625
2025-06-15 04:00:00,25,0.05,0,1,False,True,0.0,1.0,9835.252197265625
2025-06-15 05:00:00,25,0.05,0,1,False,True,0.0,1.0,9308.489794921876
2025-06-15 06:00:00,25,0.05,0,2,False,True,0.0,1.0,10817.907958984375
2025-06-15 07:00:00,25,0.05,0,2,False,True,0.0,1.0,11250.77529296875
2025-06-15 08:00:00,25,0.05,0,1,False,True,0.0,1.0,10703.164599609376
2025-06-15 09:00:00,25,0.05,0,1,False,True,0.0,1.0,9723.539697265625
2025-06-15 10:00:00,25,0.05,0,2,False,True,0.0,1.0,9564.124462890624
2025-06-15 11:00:00,25,0.05,0,2,False,True,0.0,1.0,8339.4892578125
2025-06-15 12:00:00,25,0.05,0,1,False,True,0.0,1.0,9723.271435546874
2025-06-15 13:00:00,25,0.05,0,2,False,True,0.0,1.0,9172.91435546875
2025-06-15 14:00:00,25,0.05,0,2,False,True,0.0,1.0,8191.185278320313
2025-06-15 15:00:00,25,0.05,0,1,False,True,0.0,1.0,7570.869458007813
2025-06-15 16:00:00,25,0.05,0,2,False,True,0.0,1.0,6913.157250976563
2025-06-15 17:00:00,25,0.05,0,1,False,True,0.0,1.0,7246.6695556640625
2025-06-15 18:00:00,25,0.05,0,2,False,True,0.0,1.0,6840.545019531251
2025-06-15 19:00:00,25,0.05,0,1,False,True,0.0,1.0,7039.861962890625
2025-06-15 20:00:00,25,0.05,0,1,False,True,0.0,1.0,7191.20654296875
2025-06-15 21:00:00,25,0.05,0,1,False,True,0.0,1.0,7263.107421875
2025-06-15 22:00:00,25,0.05,0,3,False,True,0.0,1.0,6525.96689453125
2025-06-15 23:00:00,25,0.05,0,3,False,True,0.0,1.0,6726.228076171875
2025-06-16 00:00:00,25,0.05,0,2,False,True,0.0,1.0,7776.3103515625
2025-06-16 01:00:00,25,0.05,0,2,False,True,0.0,1.0,7812.0426025390625
2025-06-16 02:00:00,25,0.05,0,2,False,True,0.0,1.0,7824.837841796875
2025-06-16 03:00:00,25,0.05,0,2,False,True,0.0,1.0,7779.667724609375
2025-06-16 04:00:00,25,0.05,0,1,False,True,0.0,1.0,8136.699731445313
2025-06-16 05:00:00,25,0.05,0,2,False,True,0.0,1.0,7603.579907226563
2025-06-16 06:00:00,25,0.05,0,2,False,True,0.0,1.0,6243.608374023437
2025-06-16 07:00:00,25,0.05,0,2,False,True,0.0,1.0,6095.348413085938
2025-06-16 08:00:00,25,0.05,0,3,False,True,0.0,1.0,6303.724438476563
2025-06-16 09:00:00,25,0.05,0,1,False,True,0.0,1.0,6263.0235595703125
2025-06-16 10:00:00,25,0.05,0,1,False,True,0.0,1.0,5475.245166015625
2025-06-16 11:00:00,25,0.05,0,2,False,True,0.0,1.0,6450.397216796875
2025-06-16 12:00:00,25,0.05,0,2,False,True,0.0,1.0,8162.5665283203125
2025-06-16 13:00:00,25,0.05,0,1,False,True,0.0,1.0,7304.91923828125
2025-06-16 14:00:00,25,0.05,0,3,False,True,0.0,1.0,7320.7580078125
2025-06-16 15:00:00,25,0.05,0,2,False,True,0.0,1.0,7331.2521484375
2025-06-16 16:00:00,25,0.05,0,3,False,True,0.0,1.0,6950.714111328125
2025-06-16 17:00:00,25,0.05,0,1,False,True,0.0,1.0,7221.2081298828125
2025-06-16 18:00:00,25,0.05,0,1,False,True,0.0,1.0,6826.704736328125
2025-06-16 19:00:00,25,0.05,1,1,True,True,1.0,1.0,6908.628955078125
2025-06-16 20:00:00,25,0.05,0,2,False,True,0.0,1.0,7143.1619140625
2025-06-16 21:00:00,25,0.05,0,2,False,True,0.0,1.0,6689.893872070313
2025-06-16 22:00:00,25,0.05,0,2,False,True,0.0,1.0,6524.771459960938
2025-06-16 23:00:00,25,0.05,0,2,False,True,0.0,1.0,6975.326879882812
2025-06-17 00:00:00,25,0.05,0,2,False,True,0.0,1.0,7058.7884765625
2025-06-17 01:00:00,25,0.05,0,2,False,True,0.0,1.0,7450.821118164063
2025-06-17 02:00:00,25,0.05,0,2,False,True,0.0,1.0,7057.544165039063
2025-06-17 03:00:00,25,0.05,0,2,False,True,0.0,1.0,6817.912182617188
2025-06-17 04:00:00,25,0.05,0,1,False,True,0.0,1.0,7710.298803710938
2025-06-17 05:00:00,25,0.05,0,1,False,True,0.0,1.0,7229.583837890625
2025-06-17 06:00:00,25,0.05,0,2,False,True,0.0,1.0,7548.532421875
2025-06-17 07:00:00,25,0.05,0,2,False,True,0.0,1.0,8365.79130859375
2025-06-17 08:00:00,25,0.05,0,2,False,True,0.0,1.0,8497.210009765626
2025-06-17 09:00:00,25,0.05,0,3,False,True,0.0,1.0,7645.652270507812
2025-06-17 10:00:00,25,0.05,0,2,False,True,0.0,1.0,8440.314404296874
2025-06-17 11:00:00,25,0.05,0,1,False,True,0.0,1.0,7899.024560546875
2025-06-17 12:00:00,25,0.05,0,2,False,True,0.0,1.0,7987.6409912109375
2025-06-17 13:00:00,25,0.05,0,2,False,True,0.0,1.0,7252.680004882813
2025-06-17 14:00:00,25,0.05,0,2,False,True,0.0,1.0,6581.921923828126
2025-06-17 15:00:00,25,0.05,0,1,False,True,0.0,1.0,6536.7481689453125
2025-06-17 16:00:00,25,0.05,0,2,False,True,0.0,1.0,6665.831958007812
2025-06-17 17:00:00,25,0.05,0,2,False,True,0.0,1.0,6540.2066650390625
2025-06-17 18:00:00,25,0.05,0,3,False,True,0.0,1.0,6974.390112304688
2025-06-17 19:00:00,25,0.05,0,2,False,True,0.0,1.0,6987.526318359375
2025-06-17 20:00:00,25,0.05,0,1,False,True,0.0,1.0,6692.903076171875
2025-06-17 21:00:00,25,0.05,1,2,True,True,1.0,1.0,6987.350830078125
2025-06-17 22:00:00,25,0.05,0,2,False,True,0.0,1.0,6709.925732421875
2025-06-17 23:00:00,25,0.05,0,2,False,True,0.0,1.0,6745.58857421875
2025-06-18 00:00:00,25,0.05,0,1,False,True,0.0,1.0,7019.714624023438
2025-06-18 01:00:00,25,0.05,0,2,False,True,0.0,1.0,7180.348803710937
2025-06-18 02:00:00,25,0.05,0,1,False,True,0.0,1.0,7087.0726318359375
2025-06-18 03:00:00,25,0.05,0,2,False,True,0.0,1.0,7232.674169921876
2025-06-18 04:00:00,25,0.05,0,2,False,True,0.0,1.0,7276.963598632812
2025-06-18 05:00:00,25,0.05,0,2,False,True,0.0,1.0,7360.8142578125
2025-06-18 06:00:00,25,0.05,0,2,False,True,0.0,1.0,6252.011987304688
2025-06-18 07:00:00,25,0.05,0,1,False,True,0.0,1.0,6567.203857421875
2025-06-18 08:00:00,25,0.05,0,2,False,True,0.0,1.0,7142.797631835938
2025-06-18 09:00:00,25,0.05,1,1,True,True,1.0,1.0,7865.40693359375
2025-06-18 10:00:00,25,0.05,0,1,False,True,0.0,1.0,8235.896923828124
2025-06-18 11:00:00,25,0.05,0,1,False,True,0.0,1.0,8033.050073242188
2025-06-18 12:00:00,25,0.05,0,2,False,True,0.0,1.0,8620.385009765625
2025-06-18 13:00:00,25,0.05,0,2,False,True,0.0,1.0,8312.997265625
2025-06-18 14:00:00,25,0.05,0,2,False,True,0.0,1.0,9053.1302734375
2025-06-18 15:00:00,25,0.05,0,2,False,True,0.0,1.0,8437.206201171875
2025-06-18 16:00:00,25,0.05,0,1,False,True,0.0,1.0,8595.061767578125
2025-06-18 17:00:00,25,0.05,0,2,False,True,0.0,1.0,8386.261669921874
2025-06-18 18:00:00,25,0.05,0,2,False,True,0.0,1.0,8212.98828125
2025-06-18 19:00:00,25,0.05,0,1,False,True,0.0,1.0,8273.172216796875
2025-06-18 20:00:00,25,0.05,0,2,False,True,0.0,1.0,8277.15546875
2025-06-18 21:00:00,25,0.05,0,2,False,True,0.0,1.0,8148.418896484375
2025-06-18 22:00:00,25,0.05,0,1,False,True,0.0,1.0,8383.265966796875
2025-06-18 23:00:00,25,0.05,0,2,False,True,0.0,1.0,8130.2349609375
2025-06-19 00:00:00,25,0.05,0,2,False,True,0.0,1.0,7697.9515380859375
2025-06-19 01:00:00,25,0.05,0,1,False,True,0.0,1.0,7658.49990234375
2025-06-19 02:00:00,25,0.05,0,1,False,True,0.0,1.0,7685.715307617188
2025-06-19 03:00:00,25,0.05,0,2,False,True,0.0,1.0,7734.81103515625
2025-06-19 04:00:00,25,0.05,0,2,False,True,0.0,1.0,8006.71640625
2025-06-19 05:00:00,25,0.05,0,2,False,True,0.0,1.0,7840.109448242188
2025-06-19 06:00:00,25,0.05,0,1,False,True,0.0,1.0,8901.134912109375
2025-06-19 07:00:00,25,0.05,0,2,False,True,0.0,1.0,8950.009912109375
2025-06-19 08:00:00,25,0.05,0,2,False,True,0.0,1.0,9213.9955078125
2025-06-19 09:00:00,25,0.05,0,1,False,True,0.0,1.0,9255.68408203125
2025-06-19 10:00:00,25,0.05,0,1,False,True,0.0,1.0,9049.3419921875
2025-06-19 11:00:00,25,0.05,0,3,False,True,0.0,1.0,8850.272314453125
2025-06-19 12:00:00,25,0.05,0,3,False,True,0.0,1.0,8563.7388671875
2025-06-19 13:00:00,25,0.05,0,3,False,True,0.0,1.0,9115.882861328126
2025-06-19 14:00:00,25,0.05,0,2,False,True,0.0,1.0,8017.78935546875
2025-06-19 15:00:00,25,0.05,0,2,False,True,0.0,1.0,7676.3062744140625
2025-06-19 16:00:00,25,0.05,0,2,False,True,0.0,1.0,7946.72900390625
2025-06-19 17:00:00,25,0.05,0,2,False,True,0.0,1.0,7835.511157226562
2025-06-19 18:00:00,25,0.05,0,2,False,True,0.0,1.0,8351.08525390625
2025-06-19 19:00:00,25,0.05,0,2,False,True,0.0,1.0,8266.836328125
2025-06-19 20:00:00,25,0.05,0,2,False,True,0.0,1.0,8078.811791992188
2025-06-19 21:00:00,25,0.05,0,1,False,True,0.0,1.0,8452.8951171875
2025-06-19 22:00:00,25,0.05,0,2,False,True,0.0,1.0,8201.904077148438
2025-06-19 23:00:00,25,0.05,0,1,False,True,0.0,1.0,8338.305810546875
2025-06-20 00:00:00,25,0.05,0,1,False,True,0.0,1.0,7735.455737304687
2025-06-20 01:00:00,25,0.05,0,2,False,True,0.0,1.0,7768.1732177734375
2025-06-20 02:00:00,25,0.05,0,2,False,True,0.0,1.0,7815.551318359375
2025-06-20 03:00:00,25,0.05,1,2,True,True,1.0,1.0,7966.081030273437
2025-06-20 04:00:00,25,0.05,0,2,False,True,0.0,1.0,7863.059423828125
2025-06-20 05:00:00,25,0.05,0,2,False,True,0.0,1.0,7586.020654296875
2025-06-20 06:00:00,25,0.05,0,2,False,True,0.0,1.0,6864.972607421875
2025-06-20 07:00:00,25,0.05,0,2,False,True,0.0,1.0,7448.463647460938
2025-06-20 08:00:00,25,0.05,0,2,False,True,0.0,1.0,7525.691577148437
2025-06-20 09:00:00,25,0.05,0,3,False,True,0.0,1.0,7474.91396484375
2025-06-20 10:00:00,25,0.05,0,1,False,True,0.0,1.0,8049.872827148438
2025-06-20 11:00:00,25,0.05,0,1,False,True,0.0,1.0,8374.534814453125
2025-06-20 12:00:00,25,0.05,0,1,False,True,0.0,1.0,8773.92119140625
2025-06-20 13:00:00,25,0.05,1,1,True,True,1.0,1.0,9809.773974609376
2025-06-20 14:00:00,25,0.05,0,2,False,True,0.0,1.0,8791.563232421875
2025-06-20 15:00:00,25,0.05,0,1,False,True,0.0,1.0,8325.609692382814
2025-06-20 16:00:00,25,0.05,1,1,True,True,1.0,1.0,8161.298510742187
2025-06-20 17:00:00,25,0.05,0,1,False,True,0.0,1.0,7990.209594726563
2025-06-20 18:00:00,25,0.05,0,1,False,True,0.0,1.0,7734.9910888671875
2025-06-20 19:00:00,25,0.05,0,2,False,True,0.0,1.0,7623.835034179688
2025-06-20 20:00:00,25,0.05,0,1,False,True,0.0,1.0,8149.7298583984375
2025-06-20 21:00:00,25,0.05,0,1,False,True,0.0,1.0,7677.028393554688
2025-06-20 22:00:00,25,0.05,0,1,False,True,0.0,1.0,7860.278686523438
2025-06-20 23:00:00,25,0.05,1,1,True,True,1.0,1.0,7992.001904296875
2025-06-21 00:00:00,25,0.05,0,2,False,True,0.0,1.0,8052.441088867188
2025-06-21 01:00:00,25,0.05,1,1,True,True,1.0,1.0,8132.847436523438
2025-06-21 02:00:00,25,0.05,0,1,False,True,0.0,1.0,7791.727490234375
2025-06-21 03:00:00,25,0.05,0,2,False,True,0.0,1.0,7790.99033203125
2025-06-21 04:00:00,25,0.05,0,1,False,True,0.0,1.0,7966.370385742188
2025-06-21 05:00:00,25,0.05,0,2,False,True,0.0,1.0,7579.886010742188
2025-06-21 06:00:00,25,0.05,0,1,False,True,0.0,1.0,8738.6037109375
2025-06-21 07:00:00,25,0.05,0,1,False,True,0.0,1.0,8908.75185546875
2025-06-21 08:00:00,25,0.05,0,2,False,True,0.0,1.0,8891.55947265625
2025-06-21 09:00:00,25,0.05,0,1,False,True,0.0,1.0,9168.610693359375
2025-06-21 10:00:00,25,0.05,0,1,False,True,0.0,1.0,7620.692553710937
2025-06-21 11:00:00,25,0.05,0,1,False,True,0.0,1.0,7445.3341064453125
2025-06-21 12:00:00,25,0.05,0,2,False,True,0.0,1.0,7491.079077148437
2025-06-21 13:00:00,25,0.05,0,1,False,True,0.0,1.0,7769.514697265625
2025-06-21 14:00:00,25,0.05,0,1,False,True,0.0,1.0,7477.7882080078125
2025-06-21 15:00:00,25,0.05,0,1,False,True,0.0,1.0,7398.994360351563
2025-06-21 16:00:00,25,0.05,0,1,False,True,0.0,1.0,6948.595166015625
2025-06-21 17:00:00,25,0.05,0,1,False,True,0.0,1.0,7390.486010742187
2025-06-21 18:00:00,25,0.05,0,1,False,True,0.0,1.0,8183.370776367188
2025-06-21 19:00:00,25,0.05,0,1,False,True,0.0,1.0,7584.301928710937
2025-06-21 20:00:00,25,0.05,0,1,False,True,0.0,1.0,7294.938696289062
2025-06-21 21:00:00,25,0.05,0,2,False,True,0.0,1.0,7478.64228515625
2025-06-21 22:00:00,25,0.05,0,1,False,True,0.0,1.0,7908.383837890625
2025-06-21 23:00:00,25,0.05,0,1,False,True,0.0,1.0,7928.996337890625
2025-06-22 00:00:00,25,0.05,0,1,False,True,0.0,1.0,7680.737036132813
2025-06-22 01:00:00,25,0.05,0,1,False,True,0.0,1.0,7401.0201416015625
2025-06-22 02:00:00,25,0.05,0,2,False,True,0.0,1.0,7585.22509765625
2025-06-22 03:00:00,25,0.05,1,1,True,True,1.0,1.0,7366.87548828125
2025-06-22 04:00:00,25,0.05,0,1,False,True,0.0,1.0,7340.4317626953125
2025-06-22 05:00:00,25,0.05,0,1,False,True,0.0,1.0,7532.451733398438
2025-06-22 06:00:00,25,0.05,1,1,True,True,1.0,1.0,8452.87734375
2025-06-22 07:00:00,25,0.05,0,1,False,True,0.0,1.0,8442.444140625
2025-06-22 08:00:00,25,0.05,1,1,True,True,1.0,1.0,8965.143603515626
2025-06-22 09:00:00,25,0.05,0,1,False,True,0.0,1.0,9599.546533203125
2025-06-22 10:00:00,25,0.05,0,1,False,True,0.0,1.0,9173.5638671875
2025-06-22 11:00:00,25,0.05,0,1,False,True,0.0,1.0,9707.812158203125
2025-06-22 12:00:00,25,0.05,0,1,False,True,0.0,1.0,8725.44384765625
2025-06-22 13:00:00,25,0.05,0,2,False,True,0.0,1.0,8437.378564453125
2025-06-22 14:00:00,25,0.05,0,2,False,True,0.0,1.0,8069.138745117188
2025-06-22 15:00:00,25,0.05,0,3,False,True,0.0,1.0,7978.609130859375
2025-06-22 16:00:00,25,0.05,0,2,False,True,0.0,1.0,8013.134252929688
2025-06-22 17:00:00,25,0.05,0,2,False,True,0.0,1.0,8041.168701171875
2025-06-22 18:00:00,25,0.05,0,2,False,True,0.0,1.0,7686.865673828125
2025-06-22 19:00:00,25,0.05,0,2,False,True,0.0,1.0,7886.3529052734375
2025-06-22 20:00:00,25,0.05,0,1,False,True,0.0,1.0,8146.426782226563
2025-06-22 21:00:00,25,0.05,0,2,False,True,0.0,1.0,7991.479443359375
2025-06-22 22:00:00,25,0.05,0,2,False,True,0.0,1.0,7688.692919921875
2025-06-22 23:00:00,25,0.05,0,2,False,True,0.0,1.0,7757.7393798828125
2025-06-23 00:00:00,25,0.05,0,1,False,True,0.0,1.0,8065.327001953126
2025-06-23 01:00:00,25,0.05,0,1,False,True,0.0,1.0,7980.6291015625
2025-06-23 02:00:00,25,0.05,0,3,False,True,0.0,1.0,8177.271020507813
2025-06-23 03:00:00,25,0.05,0,2,False,True,0.0,1.0,8468.075732421876
2025-06-23 04:00:00,25,0.05,0,1,False,True,0.0,1.0,8445.485693359375
2025-06-23 05:00:00,25,0.05,0,2,False,True,0.0,1.0,8209.603393554688
2025-06-23 06:00:00,25,0.05,0,3,False,True,0.0,1.0,8607.923583984375
2025-06-23 07:00:00,25,0.05,0,3,False,True,0.0,1.0,9175.4474609375
2025-06-23 08:00:00,25,0.05,0,2,False,True,0.0,1.0,9027.0060546875
2025-06-23 09:00:00,25,0.05,0,3,False,True,0.0,1.0,8952.421533203125
2025-06-23 10:00:00,25,0.05,0,2,False,True,0.0,1.0,7883.162573242187
2025-06-23 11:00:00,25,0.05,0,2,False,True,0.0,1.0,7801.607592773437
2025-06-23 12:00:00,25,0.05,0,2,False,True,0.0,1.0,9577.267285156251
2025-06-23 13:00:00,25,0.05,0,2,False,True,0.0,1.0,10451.304736328126
2025-06-23 14:00:00,25,0.05,0,2,False,True,0.0,1.0,9631.6490234375
2025-06-23 15:00:00,25,0.05,0,2,False,True,0.0,1.0,8834.548486328125
2025-06-23 16:00:00,25,0.05,0,2,False,True,0.0,1.0,8823.20859375
2025-06-23 17:00:00,25,0.05,0,1,False,True,0.0,1.0,8725.09404296875
2025-06-23 18:00:00,25,0.05,0,3,False,True,0.0,1.0,8973.51396484375
2025-06-23 19:00:00,25,0.05,0,2,False,True,0.0,1.0,9372.1220703125
2025-06-23 20:00:00,25,0.05,0,1,False,True,0.0,1.0,9045.213134765625
2025-06-23 21:00:00,25,0.05,0,3,False,True,0.0,1.0,9244.9318359375
2025-06-23 22:00:00,25,0.05,0,3,False,True,0.0,1.0,9322.744091796876
2025-06-23 23:00:00,25,0.05,0,3,False,True,0.0,1.0,8966.092626953125
2025-06-24 00:00:00,25,0.05,0,1,False,True,0.0,1.0,9053.9880859375
2025-06-24 01:00:00,25,0.05,1,2,True,True,1.0,1.0,9401.19599609375
2025-06-24 02:00:00,25,0.05,0,2,False,True,0.0,1.0,9266.846826171875
2025-06-24 03:00:00,25,0.05,0,1,False,True,0.0,1.0,9309.06201171875
2025-06-24 04:00:00,25,0.05,0,2,False,True,0.0,1.0,9512.242236328126
2025-06-24 05:00:00,25,0.05,0,2,False,True,0.0,1.0,9124.647802734375
2025-06-24 06:00:00,25,0.05,0,2,False,True,0.0,1.0,9826.219384765625
2025-06-24 07:00:00,25,0.05,0,2,False,True,0.0,1.0,10384.946533203125
2025-06-24 08:00:00,25,0.05,0,2,False,True,0.0,1.0,10042.416845703125
2025-06-24 09:00:00,25,0.05,0,2,False,True,0.0,1.0,9195.51416015625
2025-06-24 10:00:00,25,0.05,0,1,False,True,0.0,1.0,9789.993701171876
2025-06-24 11:00:00,25,0.05,0,2,False,True,0.0,1.0,9450.44677734375
2025-06-24 12:00:00,25,0.05,0,2,False,True,0.0,1.0,9989.560009765624
2025-06-24 13:00:00,25,0.05,0,2,False,True,0.0,1.0,9662.902392578126
2025-06-24 14:00:00,25,0.05,0,1,False,True,0.0,1.0,9513.4546875
2025-06-24 15:00:00,25,0.05,0,2,False,True,0.0,1.0,8537.82978515625
2025-06-24 16:00:00,25,0.05,0,2,False,True,0.0,1.0,8333.68447265625
2025-06-24 17:00:00,25,0.05,1,1,True,True,1.0,1.0,8513.8580078125
2025-06-24 18:00:00,25,0.05,0,2,False,True,0.0,1.0,8979.588916015626
2025-06-24 19:00:00,25,0.05,1,2,True,True,1.0,1.0,8603.8470703125
2025-06-24 20:00:00,25,0.05,0,2,False,True,0.0,1.0,8850.2265625
2025-06-24 21:00:00,25,0.05,0,2,False,True,0.0,1.0,8730.0775390625
2025-06-24 22:00:00,25,0.05,0,2,False,True,0.0,1.0,9046.87373046875
2025-06-24 23:00:00,25,0.05,0,1,False,True,0.0,1.0,8900.894091796876
2025-06-25 00:00:00,25,0.05,0,2,False,True,0.0,1.0,8388.849462890625
2025-06-25 01:00:00,25,0.05,0,1,False,True,0.0,1.0,8315.647216796875
2025-06-25 02:00:00,25,0.05,0,2,False,True,0.0,1.0,8492.08642578125
2025-06-25 03:00:00,25,0.05,0,2,False,True,0.0,1.0,8172.532666015625
2025-06-25 04:00:00,25,0.05,0,1,False,True,0.0,1.0,8076.77119140625
2025-06-25 05:00:00,25,0.05,0,1,False,True,0.0,1.0,7901.5452880859375
2025-06-25 06:00:00,25,0.05,0,2,False,True,0.0,1.0,8343.74755859375
2025-06-25 07:00:00,25,0.05,0,3,False,True,0.0,1.0,7500.276147460938
2025-06-25 08:00:00,25,0.05,0,2,False,True,0.0,1.0,8400.71728515625
2025-06-25 09:00:00,25,0.05,0,3,False,True,0.0,1.0,8812.5244140625
2025-06-25 10:00:00,25,0.05,0,2,False,True,0.0,1.0,7941.3978271484375
2025-06-25 11:00:00,25,0.05,0,1,False,True,0.0,1.0,8102.7310546875
2025-06-25 12:00:00,25,0.05,0,2,False,True,0.0,1.0,8745.10263671875
2025-06-25 13:00:00,25,0.05,0,1,False,True,0.0,1.0,8907.47578125
2025-06-25 14:00:00,25,0.05,0,2,False,True,0.0,1.0,9232.36083984375
2025-06-25 15:00:00,25,0.05,0,2,False,True,0.0,1.0,8088.11796875
2025-06-25 16:00:00,25,0.05,0,2,False,True,0.0,1.0,8215.236328125
2025-06-25 17:00:00,25,0.05,0,1,False,True,0.0,1.0,8488.3431640625
2025-06-25 18:00:00,25,0.05,0,2,False,True,0.0,1.0,8120.7091064453125
2025-06-25 19:00:00,25,0.05,0,2,False,True,0.0,1.0,8588.831591796876
2025-06-25 20:00:00,25,0.05,0,2,False,True,0.0,1.0,8385.626708984375
2025-06-25 21:00:00,25,0.05,0,3,False,True,0.0,1.0,8862.490185546876
2025-06-25 22:00:00,25,0.05,0,2,False,True,0.0,1.0,8569.21572265625
2025-06-25 23:00:00,25,0.05,0,3,False,True,0.0,1.0,8435.624951171876
2025-06-26 00:00:00,25,0.05,0,1,False,True,0.0,1.0,8462.600732421875
2025-06-26 01:00:00,25,0.05,0,2,False,True,0.0,1.0,8052.15419921875
2025-06-26 02:00:00,25,0.05,0,2,False,True,0.0,1.0,8467.347998046875
2025-06-26 03:00:00,25,0.05,0,1,False,True,0.0,1.0,8243.978344726564
2025-06-26 04:00:00,25,0.05,0,3,False,True,0.0,1.0,8287.532177734374
2025-06-26 05:00:00,25,0.05,0,1,False,True,0.0,1.0,7966.42958984375
2025-06-26 06:00:00,25,0.05,0,1,False,True,0.0,1.0,9180.714453125
2025-06-26 07:00:00,25,0.05,0,2,False,True,0.0,1.0,9484.337109375
2025-06-26 08:00:00,25,0.05,0,2,False,True,0.0,1.0,9173.05517578125
2025-06-26 09:00:00,25,0.05,0,3,False,True,0.0,1.0,8588.6779296875
2025-06-26 10:00:00,25,0.05,0,2,False,True,0.0,1.0,7963.5580078125
2025-06-26 11:00:00,25,0.05,0,2,False,True,0.0,1.0,8071.009912109375
2025-06-26 12:00:00,25,0.05,0,2,False,True,0.0,1.0,8227.132421875
2025-06-26 13:00:00,25,0.05,0,2,False,True,0.0,1.0,8852.968994140625
2025-06-26 14:00:00,25,0.05,0,2,False,True,0.0,1.0,8707.9412109375
2025-06-26 15:00:00,25,0.05,0,2,False,True,0.0,1.0,8093.879858398437
2025-06-26 16:00:00,25,0.05,0,2,False,True,0.0,1.0,7879.382910156251
2025-06-26 17:00:00,25,0.05,0,1,False,True,0.0,1.0,8070.863330078125
2025-06-26 18:00:00,25,0.05,0,2,False,True,0.0,1.0,7827.998608398438
2025-06-26 19:00:00,25,0.05,0,2,False,True,0.0,1.0,7868.522924804687
2025-06-26 20:00:00,25,0.05,0,2,False,True,0.0,1.0,7674.519213867188
2025-06-26 21:00:00,25,0.05,0,3,False,True,0.0,1.0,7835.13818359375
2025-06-26 22:00:00,25,0.05,0,2,False,True,0.0,1.0,7930.4232177734375
2025-06-26 23:00:00,25,0.05,0,3,False,True,0.0,1.0,7769.123754882812
2025-06-27 00:00:00,25,0.05,0,2,False,True,0.0,1.0,7452.3687744140625
2025-06-27 01:00:00,25,0.05,0,2,False,True,0.0,1.0,7434.389990234376
2025-06-27 02:00:00,25,0.05,0,2,False,True,0.0,1.0,7686.794970703125
2025-06-27 03:00:00,25,0.05,0,2,False,True,0.0,1.0,8273.3703125
2025-06-27 04:00:00,25,0.05,0,1,False,True,0.0,1.0,7859.111157226563
2025-06-27 05:00:00,25,0.05,0,1,False,True,0.0,1.0,7825.379296875
2025-06-27 06:00:00,25,0.05,0,2,False,True,0.0,1.0,8943.905419921875
2025-06-27 07:00:00,25,0.05,0,1,False,True,0.0,1.0,9275.48994140625
2025-06-27 08:00:00,25,0.05,0,1,False,True,0.0,1.0,8962.850927734375
2025-06-27 09:00:00,25,0.05,0,3,False,True,0.0,1.0,8711.640380859375
2025-06-27 10:00:00,25,0.05,0,1,False,True,0.0,1.0,8827.317626953125
2025-06-27 11:00:00,25,0.05,0,2,False,True,0.0,1.0,7880.717919921875
2025-06-27 12:00:00,25,0.05,0,2,False,True,0.0,1.0,7601.765380859375
2025-06-27 13:00:00,25,0.05,0,2,False,True,0.0,1.0,8725.734814453124
2025-06-27 14:00:00,25,0.05,0,1,False,True,0.0,1.0,8571.9033203125
2025-06-27 15:00:00,25,0.05,0,1,False,True,0.0,1.0,8562.9427734375
2025-06-27 16:00:00,25,0.05,0,1,False,True,0.0,1.0,7696.27099609375
2025-06-27 17:00:00,25,0.05,0,1,False,True,0.0,1.0,8189.402978515625
2025-06-27 18:00:00,25,0.05,0,2,False,True,0.0,1.0,7836.142822265625
2025-06-27 19:00:00,25,0.05,0,1,False,True,0.0,1.0,7727.519189453125
2025-06-27 20:00:00,25,0.05,0,1,False,True,0.0,1.0,7972.911767578125
2025-06-27 21:00:00,25,0.05,0,1,False,True,0.0,1.0,8109.495629882813
2025-06-27 22:00:00,25,0.05,0,1,False,True,0.0,1.0,8167.2821044921875
2025-06-27 23:00:00,25,0.05,0,2,False,True,0.0,1.0,7896.317358398437
2025-06-28 00:00:00,25,0.05,0,2,False,True,0.0,1.0,8350.282421875
2025-06-28 01:00:00,25,0.05,0,1,False,True,0.0,1.0,8026.9904296875
2025-06-28 02:00:00,25,0.05,0,1,False,True,0.0,1.0,7640.085107421875
2025-06-28 03:00:00,25,0.05,0,1,False,True,0.0,1.0,8374.5099609375
2025-06-28 04:00:00,25,0.05,0,1,False,True,0.0,1.0,8247.026708984375
2025-06-28 05:00:00,25,0.05,0,2,False,True,0.0,1.0,7955.3060302734375
2025-06-28 06:00:00,25,0.05,0,1,False,True,0.0,1.0,8949.772998046876
2025-06-28 07:00:00,25,0.05,0,1,False,True,0.0,1.0,9459.23330078125
2025-06-28 08:00:00,25,0.05,0,1,False,True,0.0,1.0,9758.10791015625
2025-06-28 09:00:00,25,0.05,0,1,False,True,0.0,1.0,9984.282763671876
2025-06-28 10:00:00,25,0.05,0,1,False,True,0.0,1.0,10103.36787109375
2025-06-28 11:00:00,25,0.05,0,1,False,True,0.0,1.0,9921.692431640626
2025-06-28 12:00:00,25,0.05,0,2,False,True,0.0,1.0,10682.04619140625
2025-06-28 13:00:00,25,0.05,0,1,False,True,0.0,1.0,9070.711083984375
2025-06-28 14:00:00,25,0.05,0,1,False,True,0.0,1.0,8357.24833984375
2025-06-28 15:00:00,25,0.05,0,2,False,True,0.0,1.0,8475.1341796875
2025-06-28 16:00:00,25,0.05,0,1,False,True,0.0,1.0,8642.248046875
2025-06-28 17:00:00,25,0.05,1,1,True,True,1.0,1.0,8584.965771484374
2025-06-28 18:00:00,25,0.05,0,2,False,True,0.0,1.0,8250.094091796875
2025-06-28 19:00:00,25,0.05,0,1,False,True,0.0,1.0,8326.006689453125
2025-06-28 20:00:00,25,0.05,0,1,False,True,0.0,1.0,8429.53603515625
2025-06-28 21:00:00,25,0.05,0,2,False,True,0.0,1.0,8655.061669921875
2025-06-28 22:00:00,25,0.05,0,1,False,True,0.0,1.0,8358.149951171876
2025-06-28 23:00:00,25,0.05,0,1,False,True,0.0,1.0,8203.767456054688
2025-06-29 00:00:00,25,0.05,0,1,False,True,0.0,1.0,7501.295068359375
2025-06-29 01:00:00,25,0.05,0,2,False,True,0.0,1.0,7075.755883789063
2025-06-29 02:00:00,25,0.05,0,1,False,True,0.0,1.0,7008.767016601562
2025-06-29 03:00:00,25,0.05,0,1,False,True,0.0,1.0,7182.3564453125
2025-06-29 04:00:00,25,0.05,0,1,False,True,0.0,1.0,7081.716088867188
2025-06-29 05:00:00,25,0.05,0,1,False,True,0.0,1.0,6788.511376953125
2025-06-29 06:00:00,25,0.05,0,2,False,True,0.0,1.0,7172.978076171875
2025-06-29 07:00:00,25,0.05,0,1,False,True,0.0,1.0,8159.561865234376
2025-06-29 08:00:00,25,0.05,0,1,False,True,0.0,1.0,8284.409130859374
2025-06-29 09:00:00,25,0.05,0,3,False,True,0.0,1.0,9107.183935546875
2025-06-29 10:00:00,25,0.05,0,1,False,True,0.0,1.0,9440.237353515626
2025-06-29 11:00:00,25,0.05,0,1,False,True,0.0,1.0,8109.167407226562
2025-06-29 12:00:00,25,0.05,0,1,False,True,0.0,1.0,9828.431005859375
2025-06-29 13:00:00,25,0.05,0,1,False,True,0.0,1.0,10484.0978515625
2025-06-29 14:00:00,25,0.05,0,1,False,True,0.0,1.0,10668.969091796875
2025-06-29 15:00:00,25,0.05,0,1,False,True,0.0,1.0,11325.759619140625
2025-06-29 16:00:00,25,0.05,0,2,False,True,0.0,1.0,10272.367236328126
2025-06-29 17:00:00,25,0.05,0,2,False,True,0.0,1.0,10133.23671875
2025-06-29 18:00:00,25,0.05,0,2,False,True,0.0,1.0,10516.74658203125
2025-06-29 19:00:00,25,0.05,0,2,False,True,0.0,1.0,10675.682373046875
2025-06-29 20:00:00,25,0.05,0,1,False,True,0.0,1.0,10653.504736328125
2025-06-29 21:00:00,25,0.05,0,2,False,True,0.0,1.0,10760.557275390625
2025-06-29 22:00:00,25,0.05,0,3,False,True,0.0,1.0,11016.397412109374
2025-06-29 23:00:00,25,0.05,0,1,False,True,0.0,1.0,10840.91162109375
2025-06-30 00:00:00,25,0.05,1,1,True,True,1.0,1.0,10818.3935546875
2025-06-30 01:00:00,25,0.05,0,2,False,True,0.0,1.0,10933.32177734375
2025-06-30 02:00:00,25,0.05,0,2,False,True,0.0,1.0,10775.129345703124
2025-06-30 03:00:00,25,0.05,1,1,True,True,1.0,1.0,10992.04228515625
2025-06-30 04:00:00,25,0.05,0,2,False,True,0.0,1.0,11033.418310546875
2025-06-30 05:00:00,25,0.05,0,2,False,True,0.0,1.0,11015.883935546875
2025-06-30 06:00:00,25,0.05,0,2,False,True,0.0,1.0,11460.39140625
2025-06-30 07:00:00,25,0.05,0,1,False,True,0.0,1.0,11140.794970703126
2025-06-30 08:00:00,25,0.05,0,2,False,True,0.0,1.0,11437.1123046875
2025-06-30 09:00:00,25,0.05,0,2,False,True,0.0,1.0,10787.413134765626
2025-06-30 10:00:00,25,0.05,0,2,False,True,0.0,1.0,11872.644140625
2025-06-30 11:00:00,25,0.05,0,2,False,True,0.0,1.0,12167.99501953125
2025-06-30 12:00:00,25,0.05,0,1,False,True,0.0,1.0,12524.8455078125
2025-06-30 13:00:00,25,0.05,0,1,False,True,0.0,1.0,12404.475
2025-06-30 14:00:00,25,0.05,0,2,False,True,0.0,1.0,11883.46552734375
2025-06-30 15:00:00,25,0.05,0,2,False,True,0.0,1.0,11682.660595703124
2025-06-30 16:00:00,25,0.05,0,3,False,True,0.0,1.0,11742.757958984375
2025-06-30 17:00:00,25,0.05,0,1,False,True,0.0,1.0,12064.95458984375
2025-06-30 18:00:00,25,0.05,0,2,False,True,0.0,1.0,11817.2580078125
2025-06-30 19:00:00,25,0.05,0,2,False,True,0.0,1.0,11765.88857421875
2025-06-30 20:00:00,25,0.05,0,3,False,True,0.0,1.0,12084.634765625
2025-06-30 21:00:00,25,0.05,1,2,True,True,1.0,1.0,12179.592724609374
2025-06-30 22:00:00,25,0.05,0,2,False,True,0.0,1.0,12184.42900390625
2025-06-30 23:00:00,25,0.05,1,2,True,True,1.0,1.0,11842.972265625
2025-07-01 00:00:00,25,0.05,0,2,False,True,0.0,1.0,11934.487451171875
2025-07-01 01:00:00,25,0.05,0,2,False,True,0.0,1.0,11821.80458984375
2025-07-01 02:00:00,25,0.05,0,2,False,True,0.0,1.0,12092.98701171875
2025-07-01 03:00:00,25,0.05,0,2,False,True,0.0,1.0,11635.624267578125
2025-07-01 04:00:00,25,0.05,0,3,False,True,0.0,1.0,11864.259521484375
2025-07-01 05:00:00,25,0.05,0,2,False,True,0.0,1.0,11903.0703125
2025-07-01 06:00:00,25,0.05,0,1,False,True,0.0,1.0,12205.32861328125
2025-07-01 07:00:00,25,0.05,0,1,False,True,0.0,1.0,13040.930810546875
2025-07-01 08:00:00,25,0.05,1,2,True,True,1.0,1.0,12402.81943359375
2025-07-01 09:00:00,25,0.05,0,2,False,True,0.0,1.0,12647.700634765624
2025-07-01 10:00:00,25,0.05,0,1,False,True,0.0,1.0,12882.20966796875
2025-07-01 11:00:00,25,0.05,0,2,False,True,0.0,1.0,13372.56337890625
2025-07-01 12:00:00,25,0.05,0,1,False,True,0.0,1.0,13041.650244140625
2025-07-01 13:00:00,25,0.05,1,1,True,True,1.0,1.0,12704.7916015625
2025-07-01 14:00:00,25,0.05,0,2,False,True,0.0,1.0,12568.80673828125
2025-07-01 15:00:00,25,0.05,0,2,False,True,0.0,1.0,12177.040283203125
2025-07-01 16:00:00,25,0.05,0,2,False,True,0.0,1.0,12079.0470703125
2025-07-01 17:00:00,25,0.05,0,1,False,True,0.0,1.0,11612.298779296876
2025-07-01 18:00:00,25,0.05,0,2,False,True,0.0,1.0,11715.43974609375
2025-07-01 19:00:00,25,0.05,0,3,False,True,0.0,1.0,11971.67392578125
2025-07-01 20:00:00,25,0.05,0,1,False,True,0.0,1.0,11836.743847656251
2025-07-01 21:00:00,25,0.05,1,1,True,True,1.0,1.0,11928.4873046875
2025-07-01 22:00:00,25,0.05,0,2,False,True,0.0,1.0,11444.315087890625
2025-07-01 23:00:00,25,0.05,0,3,False,True,0.0,1.0,11599.864208984376
2025-07-02 00:00:00,25,0.05,0,2,False,True,0.0,1.0,11508.55908203125
2025-07-02 01:00:00,25,0.05,0,1,False,True,0.0,1.0,11232.226611328126
2025-07-02 02:00:00,25,0.05,0,2,False,True,0.0,1.0,11768.184765625001
2025-07-02 03:00:00,25,0.05,0,2,False,True,0.0,1.0,12130.092919921875
2025-07-02 04:00:00,25,0.05,0,2,False,True,0.0,1.0,11793.2087890625
2025-07-02 05:00:00,25,0.05,0,1,False,True,0.0,1.0,11696.386279296876
2025-07-02 06:00:00,25,0.05,1,2,True,True,1.0,1.0,11635.848828125
2025-07-02 07:00:00,25,0.05,0,2,False,True,0.0,1.0,12435.07294921875
2025-07-02 08:00:00,25,0.05,0,1,False,True,0.0,1.0,12397.2314453125
2025-07-02 09:00:00,25,0.05,0,1,False,True,0.0,1.0,12426.40166015625
2025-07-02 10:00:00,25,0.05,0,1,False,True,0.0,1.0,13203.089453125
2025-07-02 11:00:00,25,0.05,0,3,False,True,0.0,1.0,12177.847119140624
2025-07-02 12:00:00,25,0.05,0,1,False,True,0.0,1.0,12520.498486328124
2025-07-02 13:00:00,25,0.05,0,2,False,True,0.0,1.0,12652.438818359375
2025-07-02 14:00:00,25,0.05,0,1,False,True,0.0,1.0,12990.8505859375
2025-07-02 15:00:00,25,0.05,0,2,False,True,0.0,1.0,12515.006787109376
2025-07-02 16:00:00,25,0.05,0,1,False,True,0.0,1.0,12050.872119140626
2025-07-02 17:00:00,25,0.05,0,1,False,True,0.0,1.0,11990.03798828125
2025-07-02 18:00:00,25,0.05,1,2,True,True,1.0,1.0,12171.68603515625
2025-07-02 19:00:00,25,0.05,0,1,False,True,0.0,1.0,11983.673388671876
2025-07-02 20:00:00,25,0.05,0,2,False,True,0.0,1.0,12276.480908203124
2025-07-02 21:00:00,25,0.05,0,2,False,True,0.0,1.0,12083.423095703125
2025-07-02 22:00:00,25,0.05,1,1,True,True,1.0,1.0,12101.319921875
2025-07-02 23:00:00,25,0.05,0,2,False,True,0.0,1.0,12126.21767578125
2025-07-03 00:00:00,25,0.05,0,1,False,True,0.0,1.0,11993.053125
2025-07-03 01:00:00,25,0.05,0,2,False,True,0.0,1.0,12161.555419921875
2025-07-03 02:00:00,25,0.05,0,2,False,True,0.0,1.0,12223.843701171874
2025-07-03 03:00:00,25,0.05,0,1,False,True,0.0,1.0,12175.61435546875
2025-07-03 04:00:00,25,0.05,0,2,False,True,0.0,1.0,12410.549609375
2025-07-03 05:00:00,25,0.05,0,1,False,True,0.0,1.0,12334.364892578125
2025-07-03 06:00:00,25,0.05,0,1,False,True,0.0,1.0,12452.93896484375
2025-07-03 07:00:00,25,0.05,0,2,False,True,0.0,1.0,12155.4849609375
2025-07-03 08:00:00,25,0.05,0,1,False,True,0.0,1.0,12582.08037109375
2025-07-03 09:00:00,25,0.05,0,3,False,True,0.0,1.0,12847.182421875
2025-07-03 10:00:00,25,0.05,0,1,False,True,0.0,1.0,12937.59990234375
2025-07-03 11:00:00,25,0.05,0,2,False,True,0.0,1.0,12294.07919921875
2025-07-03 12:00:00,25,0.05,1,1,True,True,1.0,1.0,12956.0490234375
2025-07-03 13:00:00,25,0.05,0,1,False,True,0.0,1.0,12954.15126953125
2025-07-03 14:00:00,25,0.05,1,2,True,True,1.0,1.0,12535.913134765626
2025-07-03 15:00:00,25,0.05,0,2,False,True,0.0,1.0,12276.25361328125
2025-07-03 16:00:00,25,0.05,0,2,False,True,0.0,1.0,11607.057080078126
2025-07-03 17:00:00,25,0.05,0,2,False,True,0.0,1.0,11701.437548828126
2025-07-03 18:00:00,25,0.05,0,2,False,True,0.0,1.0,11063.41728515625
2025-07-03 19:00:00,25,0.05,0,2,False,True,0.0,1.0,11122.52900390625
2025-07-03 20:00:00,25,0.05,0,2,False,True,0.0,1.0,11057.080908203125
2025-07-03 21:00:00,25,0.05,0,3,False,True,0.0,1.0,11094.3576171875
2025-07-03 22:00:00,25,0.05,0,2,False,True,0.0,1.0,11252.57666015625
2025-07-03 23:00:00,25,0.05,0,2,False,True,0.0,1.0,11510.62880859375
2025-07-04 00:00:00,25,0.05,0,3,False,True,0.0,1.0,10397.733056640625
2025-07-04 01:00:00,25,0.05,0,3,False,True,0.0,1.0,10496.04130859375
2025-07-04 02:00:00,25,0.05,0,2,False,True,0.0,1.0,10331.93466796875
2025-07-04 03:00:00,25,0.05,0,2,False,True,0.0,1.0,11067.27548828125
2025-07-04 04:00:00,25,0.05,0,2,False,True,0.0,1.0,10718.791748046875
2025-07-04 05:00:00,25,0.05,0,2,False,True,0.0,1.0,10386.084912109374
2025-07-04 06:00:00,25,0.05,1,1,True,True,1.0,1.0,10350.420556640625
2025-07-04 07:00:00,25,0.05,0,2,False,True,0.0,1.0,10917.17333984375
2025-07-04 08:00:00,25,0.05,0,3,False,True,0.0,1.0,11231.3376953125
2025-07-04 09:00:00,25,0.05,0,2,False,True,0.0,1.0,10880.62587890625
2025-07-04 10:00:00,25,0.05,0,3,False,True,0.0,1.0,11578.850927734375
2025-07-04 11:00:00,25,0.05,0,2,False,True,0.0,1.0,11670.54892578125
2025-07-04 12:00:00,25,0.05,0,1,False,True,0.0,1.0,11407.497265625
2025-07-04 13:00:00,25,0.05,0,2,False,True,0.0,1.0,11544.9810546875
2025-07-04 14:00:00,25,0.05,0,2,False,True,0.0,1.0,11678.104833984375
2025-07-04 15:00:00,25,0.05,0,1,False,True,0.0,1.0,11323.689160156251
2025-07-04 16:00:00,25,0.05,0,1,False,True,0.0,1.0,10595.706738281251
2025-07-04 17:00:00,25,0.05,0,1,False,True,0.0,1.0,10076.35166015625
2025-07-04 18:00:00,25,0.05,0,1,False,True,0.0,1.0,10610.141650390626
2025-07-04 19:00:00,25,0.05,0,1,False,True,0.0,1.0,10929.891748046875
2025-07-04 20:00:00,25,0.05,0,1,False,True,0.0,1.0,11011.07568359375
2025-07-04 21:00:00,25,0.05,0,2,False,True,0.0,1.0,10918.177490234375
2025-07-04 22:00:00,25,0.05,0,1,False,True,0.0,1.0,10702.535693359376
2025-07-04 23:00:00,25,0.05,0,1,False,True,0.0,1.0,10838.126123046875
2025-07-05 00:00:00,25,0.05,1,1,True,True,1.0,1.0,10378.270458984374
2025-07-05 01:00:00,25,0.05,1,1,True,True,1.0,1.0,10188.924755859376
2025-07-05 02:00:00,25,0.05,0,1,False,True,0.0,1.0,10500.0220703125
2025-07-05 03:00:00,25,0.05,0,1,False,True,0.0,1.0,10434.2380859375
2025-07-05 04:00:00,25,0.05,0,2,False,True,0.0,1.0,10424.460205078125
2025-07-05 05:00:00,25,0.05,0,1,False,True,0.0,1.0,10008.653857421876
2025-07-05 06:00:00,25,0.05,0,1,False,True,0.0,1.0,9465.67841796875
2025-07-05 07:00:00,25,0.05,0,1,False,True,0.0,1.0,9063.01337890625
2025-07-05 08:00:00,25,0.05,0,1,False,True,0.0,1.0,8951.084228515625
2025-07-05 09:00:00,25,0.05,0,1,False,True,0.0,1.0,9097.12197265625
2025-07-05 10:00:00,25,0.05,0,1,False,True,0.0,1.0,7090.317138671875
2025-07-05 11:00:00,25,0.05,0,1,False,True,0.0,1.0,5558.826098632812
2025-07-05 12:00:00,25,0.05,0,1,False,True,0.0,1.0,5849.906030273438
2025-07-05 13:00:00,25,0.05,0,1,False,True,0.0,1.0,5971.490283203125
2025-07-05 14:00:00,25,0.05,0,1,False,True,0.0,1.0,6504.389575195312
2025-07-05 15:00:00,25,0.05,0,1,False,True,0.0,1.0,5729.65830078125
2025-07-05 16:00:00,25,0.05,0,1,False,True,0.0,1.0,5753.512133789062
2025-07-05 17:00:00,25,0.05,0,2,False,True,0.0,1.0,5652.931298828125
2025-07-05 18:00:00,25,0.05,0,1,False,True,0.0,1.0,5898.810498046875
2025-07-05 19:00:00,25,0.05,0,1,False,True,0.0,1.0,6224.751123046875
2025-07-05 20:00:00,25,0.05,0,1,False,True,0.0,1.0,6035.086376953125
2025-07-05 21:00:00,25,0.05,0,1,False,True,0.0,1.0,6092.953295898437
2025-07-05 22:00:00,25,0.05,0,1,False,True,0.0,1.0,6274.722753906251
2025-07-05 23:00:00,25,0.05,1,1,True,True,1.0,1.0,6056.711596679687
2025-07-06 00:00:00,25,0.05,0,1,False,True,0.0,1.0,6114.043505859375
2025-07-06 01:00:00,25,0.05,0,1,False,True,0.0,1.0,6368.1243896484375
2025-07-06 02:00:00,25,0.05,0,3,False,True,0.0,1.0,6231.305908203125
2025-07-06 03:00:00,25,0.05,0,1,False,True,0.0,1.0,6206.844189453125
2025-07-06 04:00:00,25,0.05,0,1,False,True,0.0,1.0,6360.107568359375
2025-07-06 05:00:00,25,0.05,0,1,False,True,0.0,1.0,6089.367578125
2025-07-06 06:00:00,25,0.05,0,2,False,True,0.0,1.0,7159.792041015626
2025-07-06 07:00:00,25,0.05,0,1,False,True,0.0,1.0,7174.0443359375
2025-07-06 08:00:00,25,0.05,0,1,False,True,0.0,1.0,7403.546606445312
2025-07-06 09:00:00,25,0.05,0,1,False,True,0.0,1.0,9257.2146484375
2025-07-06 10:00:00,25,0.05,0,1,False,True,0.0,1.0,9921.630419921876
2025-07-06 11:00:00,25,0.05,0,2,False,True,0.0,1.0,10719.9216796875
2025-07-06 12:00:00,25,0.05,0,2,False,True,0.0,1.0,6697.375317382813
2025-07-06 13:00:00,25,0.05,0,1,False,True,0.0,1.0,5797.274340820312
2025-07-06 14:00:00,25,0.05,0,2,False,True,0.0,1.0,4594.010571289063
2025-07-06 15:00:00,25,0.05,0,3,False,True,0.0,1.0,4858.74599609375
2025-07-06 16:00:00,25,0.05,0,2,False,True,0.0,1.0,4096.351098632813
2025-07-06 17:00:00,25,0.05,0,2,False,True,0.0,1.0,4006.4806396484373
2025-07-06 18:00:00,25,0.05,0,2,False,True,0.0,1.0,3620.006726074219
2025-07-06 19:00:00,25,0.05,0,1,False,True,0.0,1.0,4190.279223632812
2025-07-06 20:00:00,25,0.05,0,2,False,True,0.0,1.0,3829.3453369140625
2025-07-06 21:00:00,25,0.05,0,1,False,True,0.0,1.0,3326.171533203125
2025-07-06 22:00:00,25,0.05,0,1,False,True,0.0,1.0,3545.3712158203125
2025-07-06 23:00:00,25,0.05,0,2,False,True,0.0,1.0,3677.250170898438
2025-07-07 00:00:00,25,0.05,0,3,False,True,0.0,1.0,3019.402478027344
2025-07-07 01:00:00,25,0.05,0,2,False,True,0.0,1.0,2909.61318359375
2025-07-07 02:00:00,25,0.05,0,2,False,True,0.0,1.0,2488.2489624023438
2025-07-07 03:00:00,25,0.05,0,1,False,True,0.0,1.0,2759.0496459960937
2025-07-07 04:00:00,25,0.05,0,2,False,True,0.0,1.0,2923.998046875
2025-07-07 05:00:00,25,0.05,0,2,False,True,0.0,1.0,3164.94794921875
2025-07-07 06:00:00,25,0.05,0,3,False,True,0.0,1.0,3200.951867675781
2025-07-07 07:00:00,25,0.05,0,2,False,True,0.0,1.0,3711.839111328125
2025-07-07 08:00:00,25,0.05,0,1,False,True,0.0,1.0,3977.6322265625
2025-07-07 09:00:00,25,0.05,0,2,False,True,0.0,1.0,4355.1373291015625
2025-07-07 10:00:00,25,0.05,0,1,False,True,0.0,1.0,4572.53994140625
2025-07-07 11:00:00,25,0.05,0,2,False,True,0.0,1.0,3972.418627929688
2025-07-07 12:00:00,25,0.05,0,1,False,True,0.0,1.0,3951.6862182617188
2025-07-07 13:00:00,25,0.05,0,2,False,True,0.0,1.0,4372.679028320313
2025-07-07 14:00:00,25,0.05,0,2,False,True,0.0,1.0,4590.300512695312
2025-07-07 15:00:00,25,0.05,0,1,False,True,0.0,1.0,4628.160424804688
2025-07-07 16:00:00,25,0.05,0,2,False,True,0.0,1.0,4542.222485351563
2025-07-07 17:00:00,25,0.05,0,1,False,True,0.0,1.0,4496.271508789063
2025-07-07 18:00:00,25,0.05,0,2,False,True,0.0,1.0,4877.715844726563
2025-07-07 19:00:00,25,0.05,0,2,False,True,0.0,1.0,5401.952587890625
2025-07-07 20:00:00,25,0.05,0,1,False,True,0.0,1.0,5340.533178710938
2025-07-07 21:00:00,25,0.05,0,1,False,True,0.0,1.0,5214.124291992188
2025-07-07 22:00:00,25,0.05,0,3,False,True,0.0,1.0,4709.248950195312
2025-07-07 23:00:00,25,0.05,0,2,False,True,0.0,1.0,5237.415625
2025-07-08 00:00:00,25,0.05,0,1,False,True,0.0,1.0,5103.908203125
2025-07-08 01:00:00,25,0.05,0,1,False,True,0.0,1.0,5098.069750976562
2025-07-08 02:00:00,25,0.05,0,2,False,True,0.0,1.0,5351.798657226563
2025-07-08 03:00:00,25,0.05,0,1,False,True,0.0,1.0,5312.225512695312
2025-07-08 04:00:00,25,0.05,0,2,False,True,0.0,1.0,5499.835888671875
2025-07-08 05:00:00,25,0.05,0,3,False,True,0.0,1.0,5408.266552734375
2025-07-08 06:00:00,25,0.05,0,2,False,True,0.0,1.0,4861.716455078125
2025-07-08 07:00:00,25,0.05,0,1,False,True,0.0,1.0,4583.821508789062
2025-07-08 08:00:00,25,0.05,0,2,False,True,0.0,1.0,4470.393872070313
2025-07-08 09:00:00,25,0.05,0,2,False,True,0.0,1.0,4132.5716796875
2025-07-08 10:00:00,25,0.05,0,2,False,True,0.0,1.0,4536.748974609375
2025-07-08 11:00:00,25,0.05,0,1,False,True,0.0,1.0,4460.62314453125
2025-07-08 12:00:00,25,0.05,0,1,False,True,0.0,1.0,4139.451586914062
2025-07-08 13:00:00,25,0.05,0,1,False,True,0.0,1.0,3887.8671997070314
2025-07-08 14:00:00,25,0.05,0,1,False,True,0.0,1.0,3233.507080078125
2025-07-08 15:00:00,25,0.05,0,2,False,True,0.0,1.0,2681.522351074219
2025-07-08 16:00:00,25,0.05,0,1,False,True,0.0,1.0,2435.14892578125
2025-07-08 17:00:00,25,0.05,0,1,False,True,0.0,1.0,1893.9118957519531
2025-07-08 18:00:00,25,0.05,0,2,False,True,0.0,1.0,1956.8207275390625
2025-07-08 19:00:00,25,0.05,0,2,False,True,0.0,1.0,1854.5353088378906
2025-07-08 20:00:00,25,0.05,0,3,False,True,0.0,1.0,2007.221612548828
2025-07-08 21:00:00,25,0.05,0,2,False,True,0.0,1.0,2412.1685058593753
2025-07-08 22:00:00,25,0.05,0,1,False,True,0.0,1.0,2409.382006835938
2025-07-08 23:00:00,25,0.05,0,1,False,True,0.0,1.0,2486.628515625
2025-07-09 00:00:00,25,0.05,0,1,False,True,0.0,1.0,2755.147985839844
2025-07-09 01:00:00,25,0.05,0,2,False,True,0.0,1.0,2766.6559204101563
2025-07-09 02:00:00,25,0.05,1,2,True,True,1.0,1.0,3423.744128417969
2025-07-09 03:00:00,25,0.05,0,2,False,True,0.0,1.0,2871.9733276367188
2025-07-09 04:00:00,25,0.05,0,2,False,True,0.0,1.0,2979.5040649414063
2025-07-09 05:00:00,25,0.05,0,2,False,True,0.0,1.0,2905.819128417969
2025-07-09 06:00:00,25,0.05,0,2,False,True,0.0,1.0,2541.4991455078125
2025-07-09 07:00:00,25,0.05,0,1,False,True,0.0,1.0,2919.722302246094
2025-07-09 08:00:00,25,0.05,0,2,False,True,0.0,1.0,2851.294848632813
2025-07-09 09:00:00,25,0.05,0,1,False,True,0.0,1.0,2989.805310058594
2025-07-09 10:00:00,25,0.05,0,2,False,True,0.0,1.0,3074.620043945313
2025-07-09 11:00:00,25,0.05,0,1,False,True,0.0,1.0,2896.4070434570312
2025-07-09 12:00:00,25,0.05,0,2,False,True,0.0,1.0,3076.6543579101562
2025-07-09 13:00:00,25,0.05,0,3,False,True,0.0,1.0,3518.2991943359375
2025-07-09 14:00:00,25,0.05,0,3,False,True,0.0,1.0,3512.3265747070313
2025-07-09 15:00:00,25,0.05,0,2,False,True,0.0,1.0,3487.9848754882814
2025-07-09 16:00:00,25,0.05,0,2,False,True,0.0,1.0,3677.025378417969
2025-07-09 17:00:00,25,0.05,0,1,False,True,0.0,1.0,3475.1859497070313
2025-07-09 18:00:00,25,0.05,0,1,False,True,0.0,1.0,2763.3399658203125
2025-07-09 19:00:00,25,0.05,0,1,False,True,0.0,1.0,2900.7986572265627
2025-07-09 20:00:00,25,0.05,0,2,False,True,0.0,1.0,2878.202587890625
2025-07-09 21:00:00,25,0.05,0,2,False,True,0.0,1.0,2752.585900878906
2025-07-09 22:00:00,25,0.05,0,2,False,True,0.0,1.0,2924.381384277344
2025-07-09 23:00:00,25,0.05,0,1,False,True,0.0,1.0,3257.0346923828124
2025-07-10 00:00:00,25,0.05,0,1,False,True,0.0,1.0,2621.853125
2025-07-10 01:00:00,25,0.05,0,2,False,True,0.0,1.0,2548.822900390625
2025-07-10 02:00:00,25,0.05,0,3,False,True,0.0,1.0,2593.5798461914064
2025-07-10 03:00:00,25,0.05,0,1,False,True,0.0,1.0,2549.523962402344
2025-07-10 04:00:00,25,0.05,0,3,False,True,0.0,1.0,2998.8360107421877
2025-07-10 05:00:00,25,0.05,0,2,False,True,0.0,1.0,2610.306103515625
2025-07-10 06:00:00,25,0.05,0,2,False,True,0.0,1.0,2405.12373046875
2025-07-10 07:00:00,25,0.05,0,2,False,True,0.0,1.0,2680.407958984375
2025-07-10 08:00:00,25,0.05,0,1,False,True,0.0,1.0,2611.2163696289062
2025-07-10 09:00:00,25,0.05,0,1,False,True,0.0,1.0,2556.7437744140625
2025-07-10 10:00:00,25,0.05,0,2,False,True,0.0,1.0,2668.3485717773438
2025-07-10 11:00:00,25,0.05,0,1,False,True,0.0,1.0,3019.9732666015625
2025-07-10 12:00:00,25,0.05,0,2,False,True,0.0,1.0,2837.4641723632812
2025-07-10 13:00:00,25,0.05,0,1,False,True,0.0,1.0,2393.6531982421875
2025-07-10 14:00:00,25,0.05,0,2,False,True,0.0,1.0,2404.923669433594
2025-07-10 15:00:00,25,0.05,0,2,False,True,0.0,1.0,2422.2310546875
2025-07-10 16:00:00,25,0.05,0,2,False,True,0.0,1.0,2235.0158447265626
2025-07-10 17:00:00,25,0.05,0,1,False,True,0.0,1.0,1959.3318054199221
2025-07-10 18:00:00,25,0.05,0,2,False,True,0.0,1.0,2603.417834472656
2025-07-10 19:00:00,25,0.05,0,3,False,True,0.0,1.0,2451.0683837890624
2025-07-10 20:00:00,25,0.05,0,2,False,True,0.0,1.0,2501.107409667969
2025-07-10 21:00:00,25,0.05,0,1,False,True,0.0,1.0,2560.135778808594
2025-07-10 22:00:00,25,0.05,0,2,False,True,0.0,1.0,2950.3620483398436
2025-07-10 23:00:00,25,0.05,0,1,False,True,0.0,1.0,2905.5211791992188
2025-07-11 00:00:00,25,0.05,0,1,False,True,0.0,1.0,3785.9817504882812
2025-07-11 01:00:00,25,0.05,0,1,False,True,0.0,1.0,3686.16943359375
2025-07-11 02:00:00,25,0.05,0,2,False,True,0.0,1.0,3903.9837158203127
2025-07-11 03:00:00,25,0.05,0,2,False,True,0.0,1.0,3915.8636962890623
2025-07-11 04:00:00,25,0.05,0,2,False,True,0.0,1.0,3370.2702392578126
2025-07-11 05:00:00,25,0.05,0,1,False,True,0.0,1.0,4085.5374145507812
2025-07-11 06:00:00,25,0.05,0,2,False,True,0.0,1.0,3777.72744140625
2025-07-11 07:00:00,25,0.05,0,1,False,True,0.0,1.0,4286.2810546875
2025-07-11 08:00:00,25,0.05,0,2,False,True,0.0,1.0,3925.3142333984374
2025-07-11 09:00:00,25,0.05,0,3,False,True,0.0,1.0,3884.266796875
2025-07-11 10:00:00,25,0.05,0,2,False,True,0.0,1.0,4142.651013183594
2025-07-11 11:00:00,25,0.05,0,1,False,True,0.0,1.0,4355.381884765625
2025-07-11 12:00:00,25,0.05,1,1,True,True,1.0,1.0,5303.63935546875
2025-07-11 13:00:00,25,0.05,0,2,False,True,0.0,1.0,5197.314770507813
2025-07-11 14:00:00,25,0.05,0,1,False,True,0.0,1.0,5477.819165039063
2025-07-11 15:00:00,25,0.05,0,1,False,True,0.0,1.0,5550.370263671875
2025-07-11 16:00:00,25,0.05,0,1,False,True,0.0,1.0,5342.172192382813
2025-07-11 17:00:00,25,0.05,0,1,False,True,0.0,1.0,5531.0015869140625
2025-07-11 18:00:00,25,0.05,0,1,False,True,0.0,1.0,4514.4432373046875
2025-07-11 19:00:00,25,0.05,0,2,False,True,0.0,1.0,4762.196020507813
2025-07-11 20:00:00,25,0.05,0,1,False,True,0.0,1.0,4508.588916015625
2025-07-11 21:00:00,25,0.05,0,1,False,True,0.0,1.0,4697.880834960937
2025-07-11 22:00:00,25,0.05,0,1,False,True,0.0,1.0,4299.401513671875
2025-07-11 23:00:00,25,0.05,0,2,False,True,0.0,1.0,4340.232177734375
2025-07-12 00:00:00,25,0.05,0,2,False,True,0.0,1.0,4616.46787109375
2025-07-12 01:00:00,25,0.05,0,1,False,True,0.0,1.0,5004.903344726563
2025-07-12 02:00:00,25,0.05,0,1,False,True,0.0,1.0,4936.756494140625
2025-07-12 03:00:00,25,0.05,0,1,False,True,0.0,1.0,5227.634130859375
2025-07-12 04:00:00,25,0.05,0,1,False,True,0.0,1.0,5372.364331054688
2025-07-12 05:00:00,25,0.05,0,1,False,True,0.0,1.0,5110.672875976563
2025-07-12 06:00:00,25,0.05,0,1,False,True,0.0,1.0,6306.491186523438
2025-07-12 07:00:00,25,0.05,0,1,False,True,0.0,1.0,6898.38095703125
2025-07-12 08:00:00,25,0.05,0,2,False,True,0.0,1.0,6667.5496826171875
2025-07-12 09:00:00,25,0.05,0,1,False,True,0.0,1.0,5792.549560546875
2025-07-12 10:00:00,25,0.05,0,1,False,True,0.0,1.0,6599.6947021484375
2025-07-12 11:00:00,25,0.05,0,1,False,True,0.0,1.0,6968.770361328125
2025-07-12 12:00:00,25,0.05,0,1,False,True,0.0,1.0,8134.602368164063
2025-07-12 13:00:00,25,0.05,0,1,False,True,0.0,1.0,8414.503125000001
2025-07-12 14:00:00,25,0.05,0,1,False,True,0.0,1.0,7910.634350585938
2025-07-12 15:00:00,25,0.05,0,1,False,True,0.0,1.0,7967.946557617188
2025-07-12 16:00:00,25,0.05,0,1,False,True,0.0,1.0,7948.78076171875
2025-07-12 17:00:00,25,0.05,0,2,False,True,0.0,1.0,7586.15546875
2025-07-12 18:00:00,25,0.05,0,1,False,True,0.0,1.0,7759.872998046875
2025-07-12 19:00:00,25,0.05,0,1,False,True,0.0,1.0,7942.894799804688
2025-07-12 20:00:00,25,0.05,1,1,True,True,1.0,1.0,7860.967236328125
2025-07-12 21:00:00,25,0.05,0,1,False,True,0.0,1.0,8278.420556640625
2025-07-12 22:00:00,25,0.05,0,2,False,True,0.0,1.0,7552.630444335938
2025-07-12 23:00:00,25,0.05,0,1,False,True,0.0,1.0,7543.987890625
2025-07-13 00:00:00,25,0.05,0,1,False,True,0.0,1.0,7028.662646484375
2025-07-13 01:00:00,25,0.05,0,1,False,True,0.0,1.0,6694.86572265625
2025-07-13 02:00:00,25,0.05,0,1,False,True,0.0,1.0,6934.827197265625
2025-07-13 03:00:00,25,0.05,0,1,False,True,0.0,1.0,6874.5491943359375
2025-07-13 04:00:00,25,0.05,1,1,True,True,1.0,1.0,6792.3333984375
2025-07-13 05:00:00,25,0.05,0,1,False,True,0.0,1.0,6890.8421630859375
2025-07-13 06:00:00,25,0.05,0,1,False,True,0.0,1.0,7112.225659179688
2025-07-13 07:00:00,25,0.05,0,1,False,True,0.0,1.0,6324.930712890625
2025-07-13 08:00:00,25,0.05,0,1,False,True,0.0,1.0,8113.915551757813
2025-07-13 09:00:00,25,0.05,0,1,False,True,0.0,1.0,8275.990478515625
2025-07-13 10:00:00,25,0.05,0,1,False,True,0.0,1.0,7630.525463867189
2025-07-13 11:00:00,25,0.05,0,1,False,True,0.0,1.0,7842.392504882812
2025-07-13 12:00:00,25,0.05,0,2,False,True,0.0,1.0,5557.978857421875
2025-07-13 13:00:00,25,0.05,0,2,False,True,0.0,1.0,4877.5966796875
2025-07-13 14:00:00,25,0.05,0,2,False,True,0.0,1.0,5169.250024414063
2025-07-13 15:00:00,25,0.05,0,2,False,True,0.0,1.0,4957.515795898437
2025-07-13 16:00:00,25,0.05,0,1,False,True,0.0,1.0,4902.86025390625
2025-07-13 17:00:00,25,0.05,0,2,False,True,0.0,1.0,4311.355712890625
2025-07-13 18:00:00,25,0.05,0,2,False,True,0.0,1.0,4214.875048828125
2025-07-13 19:00:00,25,0.05,0,1,False,True,0.0,1.0,4345.828295898437
2025-07-13 20:00:00,25,0.05,0,1,False,True,0.0,1.0,4139.493139648438
2025-07-13 21:00:00,25,0.05,0,1,False,True,0.0,1.0,4391.091040039062
2025-07-13 22:00:00,25,0.05,0,2,False,True,0.0,1.0,4114.450537109375
2025-07-13 23:00:00,25,0.05,0,2,False,True,0.0,1.0,4025.665466308594
2025-07-14 00:00:00,25,0.05,0,2,False,True,0.0,1.0,4237.4626953125
2025-07-14 01:00:00,25,0.05,0,2,False,True,0.0,1.0,4341.308764648437
2025-07-14 02:00:00,25,0.05,0,1,False,True,0.0,1.0,4129.866381835937
2025-07-14 03:00:00,25,0.05,0,2,False,True,0.0,1.0,4269.561181640625
2025-07-14 04:00:00,25,0.05,0,1,False,True,0.0,1.0,4678.015893554688
2025-07-14 05:00:00,25,0.05,0,2,False,True,0.0,1.0,4017.1212890625
2025-07-14 06:00:00,25,0.05,0,2,False,True,0.0,1.0,5196.937231445313
2025-07-14 07:00:00,25,0.05,0,1,False,True,0.0,1.0,4833.64814453125
2025-07-14 08:00:00,25,0.05,0,2,False,True,0.0,1.0,4829.851879882813
2025-07-14 09:00:00,25,0.05,0,3,False,True,0.0,1.0,4799.486865234375
2025-07-14 10:00:00,25,0.05,0,2,False,True,0.0,1.0,5328.680273437501
2025-07-14 11:00:00,25,0.05,0,2,False,True,0.0,1.0,5442.881396484375
2025-07-14 12:00:00,25,0.05,1,1,True,True,1.0,1.0,6439.626440429688
2025-07-14 13:00:00,25,0.05,0,3,False,True,0.0,1.0,7118.645336914063
2025-07-14 14:00:00,25,0.05,0,1,False,True,0.0,1.0,7720.650415039063
2025-07-14 15:00:00,25,0.05,0,2,False,True,0.0,1.0,7225.91513671875
2025-07-14 16:00:00,25,0.05,0,2,False,True,0.0,1.0,7495.289453125
2025-07-14 17:00:00,25,0.05,0,2,False,True,0.0,1.0,7426.997314453125
2025-07-14 18:00:00,25,0.05,1,2,True,True,1.0,1.0,7176.047998046875
2025-07-14 19:00:00,25,0.05,0,1,False,True,0.0,1.0,7108.282788085938
2025-07-14 20:00:00,25,0.05,0,1,False,True,0.0,1.0,7166.724145507813
2025-07-14 21:00:00,25,0.05,0,2,False,True,0.0,1.0,6947.650048828125
2025-07-14 22:00:00,25,0.05,0,2,False,True,0.0,1.0,7106.954907226563
2025-07-14 23:00:00,25,0.05,1,2,True,True,1.0,1.0,7198.132666015625
2025-07-15 00:00:00,25,0.05,0,2,False,True,0.0,1.0,6971.8050537109375
2025-07-15 01:00:00,25,0.05,0,2,False,True,0.0,1.0,6966.786181640625
2025-07-15 02:00:00,25,0.05,0,1,False,True,0.0,1.0,6822.9163818359375
2025-07-15 03:00:00,25,0.05,0,3,False,True,0.0,1.0,7019.8614501953125
2025-07-15 04:00:00,25,0.05,0,2,False,True,0.0,1.0,7102.655078125
2025-07-15 05:00:00,25,0.05,0,1,False,True,0.0,1.0,7430.269604492188
2025-07-15 06:00:00,25,0.05,0,2,False,True,0.0,1.0,7176.419091796875
2025-07-15 07:00:00,25,0.05,0,2,False,True,0.0,1.0,7125.1681640625
2025-07-15 08:00:00,25,0.05,0,2,False,True,0.0,1.0,8212.36435546875
2025-07-15 09:00:00,25,0.05,0,1,False,True,0.0,1.0,8459.7123046875
2025-07-15 10:00:00,25,0.05,0,2,False,True,0.0,1.0,9441.022607421875
2025-07-15 11:00:00,25,0.05,0,1,False,True,0.0,1.0,9927.8072265625
2025-07-15 12:00:00,25,0.05,0,2,False,True,0.0,1.0,10148.66982421875
2025-07-15 13:00:00,25,0.05,0,2,False,True,0.0,1.0,9700.499365234375
2025-07-15 14:00:00,25,0.05,0,2,False,True,0.0,1.0,8793.019091796876
2025-07-15 15:00:00,25,0.05,0,2,False,True,0.0,1.0,9056.361865234376
2025-07-15 16:00:00,25,0.05,0,1,False,True,0.0,1.0,8714.727978515626
2025-07-15 17:00:00,25,0.05,0,2,False,True,0.0,1.0,8374.102001953124
2025-07-15 18:00:00,25,0.05,0,2,False,True,0.0,1.0,7880.832373046875
2025-07-15 19:00:00,25,0.05,0,2,False,True,0.0,1.0,8220.3158203125
2025-07-15 20:00:00,25,0.05,0,2,False,True,0.0,1.0,8577.343603515625
2025-07-15 21:00:00,25,0.05,0,1,False,True,0.0,1.0,7936.83095703125
2025-07-15 22:00:00,25,0.05,0,3,False,True,0.0,1.0,7877.3953125
2025-07-15 23:00:00,25,0.05,0,1,False,True,0.0,1.0,7937.4197998046875
2025-07-16 00:00:00,25,0.05,0,3,False,True,0.0,1.0,7432.268798828125
2025-07-16 01:00:00,25,0.05,0,3,False,True,0.0,1.0,7466.723071289062
2025-07-16 02:00:00,25,0.05,0,3,False,True,0.0,1.0,7347.001245117188
2025-07-16 03:00:00,25,0.05,0,2,False,True,0.0,1.0,7445.791528320313
2025-07-16 04:00:00,25,0.05,0,2,False,True,0.0,1.0,7451.113549804688
2025-07-16 05:00:00,25,0.05,0,2,False,True,0.0,1.0,7417.953564453125
2025-07-16 06:00:00,25,0.05,0,2,False,True,0.0,1.0,7412.73623046875
2025-07-16 07:00:00,25,0.05,0,1,False,True,0.0,1.0,8273.546923828126
2025-07-16 08:00:00,25,0.05,1,2,True,True,1.0,1.0,7607.581616210938
2025-07-16 09:00:00,25,0.05,0,3,False,True,0.0,1.0,8037.3453125
2025-07-16 10:00:00,25,0.05,1,2,True,True,1.0,1.0,7871.235424804688
2025-07-16 11:00:00,25,0.05,0,1,False,True,0.0,1.0,7481.006762695312
2025-07-16 12:00:00,25,0.05,0,2,False,True,0.0,1.0,8537.1619140625
2025-07-16 13:00:00,25,0.05,0,1,False,True,0.0,1.0,8381.241650390624
2025-07-16 14:00:00,25,0.05,0,2,False,True,0.0,1.0,7627.888427734375
2025-07-16 15:00:00,25,0.05,0,2,False,True,0.0,1.0,7852.651904296875
2025-07-16 16:00:00,25,0.05,0,1,False,True,0.0,1.0,7782.335375976562
2025-07-16 17:00:00,25,0.05,0,1,False,True,0.0,1.0,7998.66337890625
2025-07-16 18:00:00,25,0.05,0,3,False,True,0.0,1.0,7555.753369140625
2025-07-16 19:00:00,25,0.05,0,2,False,True,0.0,1.0,7806.4385986328125
2025-07-16 20:00:00,25,0.05,0,1,False,True,0.0,1.0,7944.883813476563
2025-07-16 21:00:00,25,0.05,0,2,False,True,0.0,1.0,7935.336962890625
2025-07-16 22:00:00,25,0.05,0,1,False,True,0.0,1.0,7721.927221679687
2025-07-16 23:00:00,25,0.05,0,1,False,True,0.0,1.0,8063.763598632812
2025-07-17 00:00:00,25,0.05,0,2,False,True,0.0,1.0,7967.775073242187
2025-07-17 01:00:00,25,0.05,0,1,False,True,0.0,1.0,8246.72900390625
2025-07-17 02:00:00,25,0.05,0,1,False,True,0.0,1.0,8333.6751953125
2025-07-17 03:00:00,25,0.05,0,2,False,True,0.0,1.0,8584.604541015626
2025-07-17 04:00:00,25,0.05,0,1,False,True,0.0,1.0,8053.026904296875
2025-07-17 05:00:00,25,0.05,0,2,False,True,0.0,1.0,8140.289648437501
2025-07-17 06:00:00,25,0.05,0,1,False,True,0.0,1.0,8250.103955078126
2025-07-17 07:00:00,25,0.05,0,1,False,True,0.0,1.0,8898.730078125
2025-07-17 08:00:00,25,0.05,0,2,False,True,0.0,1.0,8435.571728515624
2025-07-17 09:00:00,25,0.05,0,2,False,True,0.0,1.0,8108.371166992188
2025-07-17 10:00:00,25,0.05,0,2,False,True,0.0,1.0,9121.64560546875
2025-07-17 11:00:00,25,0.05,0,2,False,True,0.0,1.0,8125.670874023438
2025-07-17 12:00:00,25,0.05,0,1,False,True,0.0,1.0,8362.56103515625
2025-07-17 13:00:00,25,0.05,0,3,False,True,0.0,1.0,9592.551611328125
2025-07-17 14:00:00,25,0.05,0,1,False,True,0.0,1.0,8449.643408203125
2025-07-17 15:00:00,25,0.05,0,1,False,True,0.0,1.0,8596.34775390625
2025-07-17 16:00:00,25,0.05,0,2,False,True,0.0,1.0,8701.029150390625
2025-07-17 17:00:00,25,0.05,0,1,False,True,0.0,1.0,8923.39150390625
2025-07-17 18:00:00,25,0.05,0,1,False,True,0.0,1.0,7050.705883789063
2025-07-17 19:00:00,25,0.05,0,2,False,True,0.0,1.0,7393.163525390625
2025-07-17 20:00:00,25,0.05,0,1,False,True,0.0,1.0,6974.454345703125
2025-07-17 21:00:00,25,0.05,0,1,False,True,0.0,1.0,7306.99482421875
2025-07-17 22:00:00,25,0.05,0,2,False,True,0.0,1.0,6739.174780273437
2025-07-17 23:00:00,25,0.05,0,2,False,True,0.0,1.0,7090.581372070313
2025-07-18 00:00:00,25,0.05,0,1,False,True,0.0,1.0,6328.201611328125
2025-07-18 01:00:00,25,0.05,0,2,False,True,0.0,1.0,6159.9786376953125
2025-07-18 02:00:00,25,0.05,0,1,False,True,0.0,1.0,6492.098950195313
2025-07-18 03:00:00,25,0.05,0,1,False,True,0.0,1.0,6566.415673828125
2025-07-18 04:00:00,25,0.05,0,1,False,True,0.0,1.0,6351.943286132812
2025-07-18 05:00:00,25,0.05,0,2,False,True,0.0,1.0,6248.302563476563
2025-07-18 06:00:00,25,0.05,0,2,False,True,0.0,1.0,7319.514477539063
2025-07-18 07:00:00,25,0.05,0,2,False,True,0.0,1.0,6936.190600585937
2025-07-18 08:00:00,25,0.05,0,2,False,True,0.0,1.0,6940.798657226563
2025-07-18 09:00:00,25,0.05,0,2,False,True,0.0,1.0,8427.79609375
2025-07-18 10:00:00,25,0.05,0,2,False,True,0.0,1.0,8567.258447265625
2025-07-18 11:00:00,25,0.05,0,2,False,True,0.0,1.0,8496.668603515625
2025-07-18 12:00:00,25,0.05,0,1,False,True,0.0,1.0,7191.3767578125
2025-07-18 13:00:00,25,0.05,0,2,False,True,0.0,1.0,6800.5665283203125
2025-07-18 14:00:00,25,0.05,0,1,False,True,0.0,1.0,6232.4173828125
2025-07-18 15:00:00,25,0.05,0,1,False,True,0.0,1.0,5710.3181640625
2025-07-18 16:00:00,25,0.05,0,1,False,True,0.0,1.0,5476.303369140625
2025-07-18 17:00:00,25,0.05,0,1,False,True,0.0,1.0,4993.2535400390625
2025-07-18 18:00:00,25,0.05,0,1,False,True,0.0,1.0,5747.914282226562
2025-07-18 19:00:00,25,0.05,0,1,False,True,0.0,1.0,5961.052270507813
2025-07-18 20:00:00,25,0.05,0,1,False,True,0.0,1.0,6206.072778320313
2025-07-18 21:00:00,25,0.05,0,2,False,True,0.0,1.0,6159.5388671875
2025-07-18 22:00:00,25,0.05,0,1,False,True,0.0,1.0,6204.157885742187
2025-07-18 23:00:00,25,0.05,0,1,False,True,0.0,1.0,5617.779858398438
2025-07-19 00:00:00,25,0.05,1,1,True,True,1.0,1.0,5683.893798828125
2025-07-19 01:00:00,25,0.05,0,1,False,True,0.0,1.0,6408.328686523438
2025-07-19 02:00:00,25,0.05,0,1,False,True,0.0,1.0,6284.812036132813
2025-07-19 03:00:00,25,0.05,0,1,False,True,0.0,1.0,5628.0545654296875
2025-07-19 04:00:00,25,0.05,0,1,False,True,0.0,1.0,6262.647485351563
2025-07-19 05:00:00,25,0.05,0,1,False,True,0.0,1.0,5202.168237304688
2025-07-19 06:00:00,25,0.05,0,1,False,True,0.0,1.0,5366.910107421875
2025-07-19 07:00:00,25,0.05,0,1,False,True,0.0,1.0,4531.35888671875
2025-07-19 08:00:00,25,0.05,0,1,False,True,0.0,1.0,4478.876928710937
2025-07-19 09:00:00,25,0.05,0,1,False,True,0.0,1.0,3915.22744140625
2025-07-19 10:00:00,25,0.05,0,1,False,True,0.0,1.0,3259.5975219726565
2025-07-19 11:00:00,25,0.05,0,1,False,True,0.0,1.0,3582.7697875976564
2025-07-19 12:00:00,25,0.05,0,1,False,True,0.0,1.0,3882.913427734375
2025-07-19 13:00:00,25,0.05,0,1,False,True,0.0,1.0,3585.36875
2025-07-19 14:00:00,25,0.05,0,1,False,True,0.0,1.0,3484.8389526367187
2025-07-19 15:00:00,25,0.05,0,1,False,True,0.0,1.0,3526.907885742188
2025-07-19 16:00:00,25,0.05,0,2,False,True,0.0,1.0,3196.91953125
2025-07-19 17:00:00,25,0.05,0,1,False,True,0.0,1.0,2687.9870361328126
2025-07-19 18:00:00,25,0.05,0,1,False,True,0.0,1.0,2697.8396606445312
2025-07-19 19:00:00,25,0.05,0,1,False,True,0.0,1.0,2868.2816162109375
2025-07-19 20:00:00,25,0.05,0,2,False,True,0.0,1.0,2930.29130859375
2025-07-19 21:00:00,25,0.05,0,1,False,True,0.0,1.0,2919.4327026367187
2025-07-19 22:00:00,25,0.05,0,1,False,True,0.0,1.0,3099.5366943359377
2025-07-19 23:00:00,25,0.05,0,1,False,True,0.0,1.0,3038.6232788085936
2025-07-20 00:00:00,25,0.05,0,1,False,True,0.0,1.0,3158.7138671875
2025-07-20 01:00:00,25,0.05,0,1,False,True,0.0,1.0,2741.0923828125
2025-07-20 02:00:00,25,0.05,0,1,False,True,0.0,1.0,2752.254638671875
2025-07-20 03:00:00,25,0.05,0,1,False,True,0.0,1.0,2592.464526367188
2025-07-20 04:00:00,25,0.05,0,1,False,True,0.0,1.0,2583.613269042969
2025-07-20 05:00:00,25,0.05,0,1,False,True,0.0,1.0,2588.1405395507813
2025-07-20 06:00:00,25,0.05,0,2,False,True,0.0,1.0,4426.067065429687
2025-07-20 07:00:00,25,0.05,0,1,False,True,0.0,1.0,4534.304370117187
2025-07-20 08:00:00,25,0.05,0,1,False,True,0.0,1.0,4916.574389648437
2025-07-20 09:00:00,25,0.05,0,2,False,True,0.0,1.0,3833.904187011719
2025-07-20 10:00:00,25,0.05,0,1,False,True,0.0,1.0,3620.365234375
2025-07-20 11:00:00,25,0.05,0,1,False,True,0.0,1.0,3622.2000122070312
2025-07-20 12:00:00,25,0.05,0,2,False,True,0.0,1.0,3599.97958984375
2025-07-20 13:00:00,25,0.05,0,1,False,True,0.0,1.0,3196.303356933594
2025-07-20 14:00:00,25,0.05,0,2,False,True,0.0,1.0,2952.641223144531
2025-07-20 15:00:00,25,0.05,0,2,False,True,0.0,1.0,2971.859375
2025-07-20 16:00:00,25,0.05,0,2,False,True,0.0,1.0,2505.0796875
2025-07-20 17:00:00,25,0.05,0,2,False,True,0.0,1.0,2667.713623046875
2025-07-20 18:00:00,25,0.05,0,2,False,True,0.0,1.0,2578.6079956054687
2025-07-20 19:00:00,25,0.05,0,3,False,True,0.0,1.0,2330.1475341796877
2025-07-20 20:00:00,25,0.05,0,1,False,True,0.0,1.0,2566.2032470703125
2025-07-20 21:00:00,25,0.05,0,3,False,True,0.0,1.0,2745.71533203125
2025-07-20 22:00:00,25,0.05,0,2,False,True,0.0,1.0,2617.49150390625
2025-07-20 23:00:00,25,0.05,0,1,False,True,0.0,1.0,2510.6571411132813
2025-07-21 00:00:00,25,0.05,0,2,False,True,0.0,1.0,2718.3580688476563
2025-07-21 01:00:00,25,0.05,0,1,False,True,0.0,1.0,2529.7242065429687
2025-07-21 02:00:00,25,0.05,0,2,False,True,0.0,1.0,2816.335729980469
2025-07-21 03:00:00,25,0.05,0,2,False,True,0.0,1.0,2683.0809692382813
2025-07-21 04:00:00,25,0.05,0,2,False,True,0.0,1.0,2645.9556518554687
2025-07-21 05:00:00,25,0.05,0,3,False,True,0.0,1.0,2606.0589965820313
2025-07-21 06:00:00,25,0.05,0,3,False,True,0.0,1.0,2709.362194824219
2025-07-21 07:00:00,25,0.05,0,1,False,True,0.0,1.0,2423.2392822265624
2025-07-21 08:00:00,25,0.05,0,2,False,True,0.0,1.0,2395.980993652344
2025-07-21 09:00:00,25,0.05,0,1,False,True,0.0,1.0,2689.437707519531
2025-07-21 10:00:00,25,0.05,0,1,False,True,0.0,1.0,3196.6545532226564
2025-07-21 11:00:00,25,0.05,0,2,False,True,0.0,1.0,4402.313647460937
2025-07-21 12:00:00,25,0.05,0,2,False,True,0.0,1.0,5037.371728515625
2025-07-21 13:00:00,25,0.05,0,2,False,True,0.0,1.0,5439.574731445313
2025-07-21 14:00:00,25,0.05,0,1,False,True,0.0,1.0,4997.69951171875
2025-07-21 15:00:00,25,0.05,0,3,False,True,0.0,1.0,5275.039501953125
2025-07-21 16:00:00,25,0.05,0,2,False,True,0.0,1.0,5114.8336181640625
2025-07-21 17:00:00,25,0.05,0,1,False,True,0.0,1.0,5628.643579101563
2025-07-21 18:00:00,25,0.05,0,2,False,True,0.0,1.0,5130.73720703125
2025-07-21 19:00:00,25,0.05,0,1,False,True,0.0,1.0,5258.065283203126
2025-07-21 20:00:00,25,0.05,0,1,False,True,0.0,1.0,5143.8416748046875
2025-07-21 21:00:00,25,0.05,0,2,False,True,0.0,1.0,5386.343408203125
2025-07-21 22:00:00,25,0.05,0,2,False,True,0.0,1.0,5428.021752929688
2025-07-21 23:00:00,25,0.05,0,2,False,True,0.0,1.0,5652.631274414062
2025-07-22 00:00:00,25,0.05,0,1,False,True,0.0,1.0,5379.8978271484375
2025-07-22 01:00:00,25,0.05,0,1,False,True,0.0,1.0,5884.609643554688
2025-07-22 02:00:00,25,0.05,0,2,False,True,0.0,1.0,4888.4337158203125
2025-07-22 03:00:00,25,0.05,0,1,False,True,0.0,1.0,5896.749682617188
2025-07-22 04:00:00,25,0.05,0,1,False,True,0.0,1.0,6206.445336914063
2025-07-22 05:00:00,25,0.05,0,2,False,True,0.0,1.0,6092.546313476562
2025-07-22 06:00:00,25,0.05,0,2,False,True,0.0,1.0,6441.391577148438
2025-07-22 07:00:00,25,0.05,0,2,False,True,0.0,1.0,6615.493115234375
2025-07-22 08:00:00,25,0.05,0,2,False,True,0.0,1.0,6936.382373046875
2025-07-22 09:00:00,25,0.05,0,1,False,True,0.0,1.0,6066.76875
2025-07-22 10:00:00,25,0.05,0,2,False,True,0.0,1.0,6311.758251953125
2025-07-22 11:00:00,25,0.05,0,2,False,True,0.0,1.0,6871.79921875
2025-07-22 12:00:00,25,0.05,0,2,False,True,0.0,1.0,7583.030200195312
2025-07-22 13:00:00,25,0.05,0,1,False,True,0.0,1.0,7939.085546875
2025-07-22 14:00:00,25,0.05,0,2,False,True,0.0,1.0,7397.713647460938
2025-07-22 15:00:00,25,0.05,0,2,False,True,0.0,1.0,8195.699267578126
2025-07-22 16:00:00,25,0.05,0,2,False,True,0.0,1.0,8004.396337890625
2025-07-22 17:00:00,25,0.05,0,1,False,True,0.0,1.0,7911.95869140625
2025-07-22 18:00:00,25,0.05,0,2,False,True,0.0,1.0,8656.131103515625
2025-07-22 19:00:00,25,0.05,0,1,False,True,0.0,1.0,8245.715771484374
2025-07-22 20:00:00,25,0.05,0,1,False,True,0.0,1.0,8453.002685546875
2025-07-22 21:00:00,25,0.05,0,3,False,True,0.0,1.0,8381.7572265625
2025-07-22 22:00:00,25,0.05,0,2,False,True,0.0,1.0,8619.998095703126
2025-07-22 23:00:00,25,0.05,0,1,False,True,0.0,1.0,8398.793896484374
2025-07-23 00:00:00,25,0.05,0,2,False,True,0.0,1.0,8402.195507812501
2025-07-23 01:00:00,25,0.05,0,2,False,True,0.0,1.0,8572.83798828125
2025-07-23 02:00:00,25,0.05,0,2,False,True,0.0,1.0,8842.561181640625
2025-07-23 03:00:00,25,0.05,0,2,False,True,0.0,1.0,8456.884521484375
2025-07-23 04:00:00,25,0.05,0,2,False,True,0.0,1.0,7069.119116210937
2025-07-23 05:00:00,25,0.05,0,1,False,True,0.0,1.0,6963.769213867187
2025-07-23 06:00:00,25,0.05,0,3,False,True,0.0,1.0,7653.620068359375
2025-07-23 07:00:00,25,0.05,0,3,False,True,0.0,1.0,9490.420654296875
2025-07-23 08:00:00,25,0.05,0,2,False,True,0.0,1.0,10427.855078125
2025-07-23 09:00:00,25,0.05,0,1,False,True,0.0,1.0,10709.354248046875
2025-07-23 10:00:00,25,0.05,0,1,False,True,0.0,1.0,9939.413623046876
2025-07-23 11:00:00,25,0.05,0,2,False,True,0.0,1.0,8973.19453125
2025-07-23 12:00:00,25,0.05,0,1,False,True,0.0,1.0,9270.605859375
2025-07-23 13:00:00,25,0.05,0,2,False,True,0.0,1.0,10143.994189453126
2025-07-23 14:00:00,25,0.05,0,1,False,True,0.0,1.0,9144.875830078125
2025-07-23 15:00:00,25,0.05,0,2,False,True,0.0,1.0,8371.780419921875
2025-07-23 16:00:00,25,0.05,0,2,False,True,0.0,1.0,7919.085229492188
2025-07-23 17:00:00,25,0.05,0,1,False,True,0.0,1.0,7391.348193359375
2025-07-23 18:00:00,25,0.05,0,2,False,True,0.0,1.0,7907.148583984375
2025-07-23 19:00:00,25,0.05,0,2,False,True,0.0,1.0,8037.67041015625
2025-07-23 20:00:00,25,0.05,0,2,False,True,0.0,1.0,7959.159277343751
2025-07-23 21:00:00,25,0.05,0,2,False,True,0.0,1.0,8324.057861328125
2025-07-23 22:00:00,25,0.05,0,2,False,True,0.0,1.0,8245.784326171875
2025-07-23 23:00:00,25,0.05,0,2,False,True,0.0,1.0,7646.390161132813
2025-07-24 00:00:00,25,0.05,1,2,True,True,1.0,1.0,7153.040454101562
2025-07-24 01:00:00,25,0.05,0,2,False,True,0.0,1.0,7472.453271484375
2025-07-24 02:00:00,25,0.05,0,1,False,True,0.0,1.0,7244.063940429688
2025-07-24 03:00:00,25,0.05,0,2,False,True,0.0,1.0,7358.895654296875
2025-07-24 04:00:00,25,0.05,0,2,False,True,0.0,1.0,7338.441552734375
2025-07-24 05:00:00,25,0.05,0,1,False,True,0.0,1.0,6548.97099609375
2025-07-24 06:00:00,25,0.05,0,2,False,True,0.0,1.0,7500.229516601563
2025-07-24 07:00:00,25,0.05,0,2,False,True,0.0,1.0,6312.719580078125
2025-07-24 08:00:00,25,0.05,0,3,False,True,0.0,1.0,7131.921826171875
2025-07-24 09:00:00,25,0.05,0,1,False,True,0.0,1.0,7044.559667968751
2025-07-24 10:00:00,25,0.05,0,2,False,True,0.0,1.0,6998.964697265626
2025-07-24 11:00:00,25,0.05,0,2,False,True,0.0,1.0,6039.844750976563
2025-07-24 12:00:00,25,0.05,0,2,False,True,0.0,1.0,6178.369580078125
2025-07-24 13:00:00,25,0.05,0,1,False,True,0.0,1.0,6072.645947265625
2025-07-24 14:00:00,25,0.05,0,2,False,True,0.0,1.0,4778.743676757813
2025-07-24 15:00:00,25,0.05,0,1,False,True,0.0,1.0,4544.607373046875
2025-07-24 16:00:00,25,0.05,0,1,False,True,0.0,1.0,4497.325122070312
2025-07-24 17:00:00,25,0.05,0,1,False,True,0.0,1.0,4281.550366210938
2025-07-24 18:00:00,25,0.05,0,1,False,True,0.0,1.0,4961.763818359375
2025-07-24 19:00:00,25,0.05,0,1,False,True,0.0,1.0,4546.729418945312
2025-07-24 20:00:00,25,0.05,0,2,False,True,0.0,1.0,4777.06220703125
2025-07-24 21:00:00,25,0.05,0,1,False,True,0.0,1.0,5044.804858398437
2025-07-24 22:00:00,25,0.05,0,1,False,True,0.0,1.0,4779.220483398438
2025-07-24 23:00:00,25,0.05,0,1,False,True,0.0,1.0,4580.602148437501
2025-07-25 00:00:00,25,0.05,0,1,False,True,0.0,1.0,4815.402319335938
2025-07-25 01:00:00,25,0.05,0,1,False,True,0.0,1.0,4831.68916015625
2025-07-25 02:00:00,25,0.05,0,1,False,True,0.0,1.0,4460.877465820313
2025-07-25 03:00:00,25,0.05,0,2,False,True,0.0,1.0,4635.225122070313
2025-07-25 04:00:00,25,0.05,0,2,False,True,0.0,1.0,4740.417651367187
2025-07-25 05:00:00,25,0.05,0,1,False,True,0.0,1.0,4197.250915527345
2025-07-25 06:00:00,25,0.05,0,1,False,True,0.0,1.0,4696.9879150390625
2025-07-25 07:00:00,25,0.05,0,2,False,True,0.0,1.0,4297.182568359375
2025-07-25 08:00:00,25,0.05,0,1,False,True,0.0,1.0,5010.732641601563
2025-07-25 09:00:00,25,0.05,0,3,False,True,0.0,1.0,5172.906079101563
2025-07-25 10:00:00,25,0.05,0,1,False,True,0.0,1.0,4382.76337890625
2025-07-25 11:00:00,25,0.05,0,1,False,True,0.0,1.0,6027.988256835938
2025-07-25 12:00:00,25,0.05,0,2,False,True,0.0,1.0,4217.012109375
2025-07-25 13:00:00,25,0.05,0,1,False,True,0.0,1.0,4445.10068359375
2025-07-25 14:00:00,25,0.05,0,1,False,True,0.0,1.0,3931.9826049804688
2025-07-25 15:00:00,25,0.05,0,1,False,True,0.0,1.0,4245.149658203125
2025-07-25 16:00:00,25,0.05,0,1,False,True,0.0,1.0,3815.1915527343754
2025-07-25 17:00:00,25,0.05,0,1,False,True,0.0,1.0,3782.5631103515625
2025-07-25 18:00:00,25,0.05,0,1,False,True,0.0,1.0,4126.383703613282
2025-07-25 19:00:00,25,0.05,0,1,False,True,0.0,1.0,4224.627880859375
2025-07-25 20:00:00,25,0.05,0,1,False,True,0.0,1.0,4415.634619140625
2025-07-25 21:00:00,25,0.05,0,2,False,True,0.0,1.0,4036.5414794921876
2025-07-25 22:00:00,25,0.05,0,2,False,True,0.0,1.0,4123.291772460938
2025-07-25 23:00:00,25,0.05,0,1,False,True,0.0,1.0,3923.845361328125
2025-07-26 00:00:00,25,0.05,0,1,False,True,0.0,1.0,3413.938891601563
2025-07-26 01:00:00,25,0.05,0,1,False,True,0.0,1.0,4216.3630859375
2025-07-26 02:00:00,25,0.05,0,1,False,True,0.0,1.0,3326.7453857421874
2025-07-26 03:00:00,25,0.05,0,2,False,True,0.0,1.0,3457.0039794921877
2025-07-26 04:00:00,25,0.05,0,1,False,True,0.0,1.0,4297.4881591796875
2025-07-26 05:00:00,25,0.05,0,1,False,True,0.0,1.0,4312.493090820312
2025-07-26 06:00:00,25,0.05,0,1,False,True,0.0,1.0,5749.8011474609375
2025-07-26 07:00:00,25,0.05,0,1,False,True,0.0,1.0,5852.157934570312
2025-07-26 08:00:00,25,0.05,0,1,False,True,0.0,1.0,5367.815844726562
2025-07-26 09:00:00,25,0.05,0,1,False,True,0.0,1.0,4863.779760742188
2025-07-26 10:00:00,25,0.05,0,2,False,True,0.0,1.0,5063.755468750001
2025-07-26 11:00:00,25,0.05,0,1,False,True,0.0,1.0,5397.899438476563
2025-07-26 12:00:00,25,0.05,0,1,False,True,0.0,1.0,4562.022631835938
2025-07-26 13:00:00,25,0.05,0,1,False,True,0.0,1.0,5018.21962890625
2025-07-26 14:00:00,25,0.05,0,1,False,True,0.0,1.0,4525.4623046875
2025-07-26 15:00:00,25,0.05,0,1,False,True,0.0,1.0,4374.804223632813
2025-07-26 16:00:00,25,0.05,0,1,False,True,0.0,1.0,3981.114599609375
2025-07-26 17:00:00,25,0.05,0,1,False,True,0.0,1.0,3497.6803588867188
2025-07-26 18:00:00,25,0.05,0,1,False,True,0.0,1.0,6016.108496093751
2025-07-26 19:00:00,25,0.05,0,1,False,True,0.0,1.0,5979.980322265625
2025-07-26 20:00:00,25,0.05,0,1,False,True,0.0,1.0,5978.186328125001
2025-07-26 21:00:00,25,0.05,0,2,False,True,0.0,1.0,6097.458471679687
2025-07-26 22:00:00,25,0.05,1,1,True,True,1.0,1.0,6167.506884765625
2025-07-26 23:00:00,25,0.05,0,1,False,True,0.0,1.0,6204.302832031251
2025-07-27 00:00:00,25,0.05,0,1,False,True,0.0,1.0,5305.007397460938
2025-07-27 01:00:00,25,0.05,0,1,False,True,0.0,1.0,4613.5169921875
2025-07-27 02:00:00,25,0.05,0,1,False,True,0.0,1.0,5023.241381835937
2025-07-27 03:00:00,25,0.05,0,1,False,True,0.0,1.0,4747.50517578125
2025-07-27 04:00:00,25,0.05,0,2,False,True,0.0,1.0,5374.830297851562
2025-07-27 05:00:00,25,0.05,0,1,False,True,0.0,1.0,4768.006689453126
2025-07-27 06:00:00,25,0.05,0,1,False,True,0.0,1.0,5175.165283203125
2025-07-27 07:00:00,25,0.05,0,1,False,True,0.0,1.0,4858.064208984375
2025-07-27 08:00:00,25,0.05,0,1,False,True,0.0,1.0,4854.499194335937
2025-07-27 09:00:00,25,0.05,0,2,False,True,0.0,1.0,5986.729174804688
2025-07-27 10:00:00,25,0.05,0,1,False,True,0.0,1.0,6163.554272460938
2025-07-27 11:00:00,25,0.05,0,1,False,True,0.0,1.0,5121.1583984375
2025-07-27 12:00:00,25,0.05,0,1,False,True,0.0,1.0,5320.1529296875
2025-07-27 13:00:00,25,0.05,0,2,False,True,0.0,1.0,5124.585766601563
2025-07-27 14:00:00,25,0.05,0,2,False,True,0.0,1.0,4943.391577148437
2025-07-27 15:00:00,25,0.05,0,1,False,True,0.0,1.0,4645.666967773437
2025-07-27 16:00:00,25,0.05,0,2,False,True,0.0,1.0,4247.394702148437
2025-07-27 17:00:00,25,0.05,0,2,False,True,0.0,1.0,4294.479028320313
2025-07-27 18:00:00,25,0.05,0,2,False,True,0.0,1.0,4923.973046875
2025-07-27 19:00:00,25,0.05,0,1,False,True,0.0,1.0,5277.236499023437
2025-07-27 20:00:00,25,0.05,0,2,False,True,0.0,1.0,4634.564916992187
2025-07-27 21:00:00,25,0.05,0,2,False,True,0.0,1.0,4935.795654296875
2025-07-27 22:00:00,25,0.05,0,1,False,True,0.0,1.0,4594.334765625
2025-07-27 23:00:00,25,0.05,0,1,False,True,0.0,1.0,4123.9808349609375
2025-07-28 00:00:00,25,0.05,0,1,False,True,0.0,1.0,5669.468994140625
2025-07-28 01:00:00,25,0.05,0,1,False,True,0.0,1.0,5462.324169921875
2025-07-28 02:00:00,25,0.05,0,3,False,True,0.0,1.0,5518.399340820312
2025-07-28 03:00:00,25,0.05,0,2,False,True,0.0,1.0,5408.322338867188
2025-07-28 04:00:00,25,0.05,0,2,False,True,0.0,1.0,5865.243310546875
2025-07-28 05:00:00,25,0.05,0,2,False,True,0.0,1.0,5871.203344726562
2025-07-28 06:00:00,25,0.05,0,2,False,True,0.0,1.0,5565.8056640625
2025-07-28 07:00:00,25,0.05,0,2,False,True,0.0,1.0,4821.5677734375
2025-07-28 08:00:00,25,0.05,0,2,False,True,0.0,1.0,4878.974780273437
2025-07-28 09:00:00,25,0.05,0,1,False,True,0.0,1.0,4776.2427734375
2025-07-28 10:00:00,25,0.05,0,2,False,True,0.0,1.0,6035.719970703125
2025-07-28 11:00:00,25,0.05,0,3,False,True,0.0,1.0,6170.82431640625
2025-07-28 12:00:00,25,0.05,0,2,False,True,0.0,1.0,6312.2603759765625
2025-07-28 13:00:00,25,0.05,0,2,False,True,0.0,1.0,5474.642236328125
2025-07-28 14:00:00,25,0.05,0,1,False,True,0.0,1.0,6279.696142578125
2025-07-28 15:00:00,25,0.05,0,1,False,True,0.0,1.0,5466.717333984375
2025-07-28 16:00:00,25,0.05,0,2,False,True,0.0,1.0,5423.87294921875
2025-07-28 17:00:00,25,0.05,0,2,False,True,0.0,1.0,5616.103271484375
2025-07-28 18:00:00,25,0.05,0,2,False,True,0.0,1.0,5103.591723632812
2025-07-28 19:00:00,25,0.05,0,2,False,True,0.0,1.0,5075.13251953125
2025-07-28 20:00:00,25,0.05,0,3,False,True,0.0,1.0,5473.354296875
2025-07-28 21:00:00,25,0.05,0,2,False,True,0.0,1.0,5273.636181640625
2025-07-28 22:00:00,25,0.05,0,2,False,True,0.0,1.0,5190.7833251953125
2025-07-28 23:00:00,25,0.05,0,2,False,True,0.0,1.0,4668.6591796875
2025-07-29 00:00:00,25,0.05,0,2,False,True,0.0,1.0,6783.250781250001
2025-07-29 01:00:00,25,0.05,0,3,False,True,0.0,1.0,7106.193530273437
2025-07-29 02:00:00,25,0.05,0,1,False,True,0.0,1.0,6698.669189453125
2025-07-29 03:00:00,25,0.05,0,1,False,True,0.0,1.0,7041.637231445313
2025-07-29 04:00:00,25,0.05,1,2,True,True,1.0,1.0,6746.461108398437
2025-07-29 05:00:00,25,0.05,0,2,False,True,0.0,1.0,5274.006616210938
2025-07-29 06:00:00,25,0.05,0,2,False,True,0.0,1.0,5071.93779296875
2025-07-29 07:00:00,25,0.05,0,1,False,True,0.0,1.0,4501.381616210938
2025-07-29 08:00:00,25,0.05,0,2,False,True,0.0,1.0,4445.912817382813
2025-07-29 09:00:00,25,0.05,0,2,False,True,0.0,1.0,4891.8482666015625
2025-07-29 10:00:00,25,0.05,0,2,False,True,0.0,1.0,6493.673779296875
2025-07-29 11:00:00,25,0.05,0,2,False,True,0.0,1.0,7077.515087890625
2025-07-29 12:00:00,25,0.05,0,2,False,True,0.0,1.0,7353.5997314453125
2025-07-29 13:00:00,25,0.05,0,2,False,True,0.0,1.0,7765.986328125
2025-07-29 14:00:00,25,0.05,0,2,False,True,0.0,1.0,7594.5859375
2025-07-29 15:00:00,25,0.05,1,2,True,True,1.0,1.0,7361.103295898438
2025-07-29 16:00:00,25,0.05,0,2,False,True,0.0,1.0,7473.643139648438
2025-07-29 17:00:00,25,0.05,0,2,False,True,0.0,1.0,7659.435571289063
2025-07-29 18:00:00,25,0.05,0,2,False,True,0.0,1.0,7965.05791015625
2025-07-29 19:00:00,25,0.05,0,1,False,True,0.0,1.0,7744.837329101562
2025-07-29 20:00:00,25,0.05,0,2,False,True,0.0,1.0,7746.579858398438
2025-07-29 21:00:00,25,0.05,0,2,False,True,0.0,1.0,7881.818676757813
2025-07-29 22:00:00,25,0.05,0,3,False,True,0.0,1.0,7416.9561767578125
2025-07-29 23:00:00,25,0.05,0,3,False,True,0.0,1.0,7645.740698242188
2025-07-30 00:00:00,25,0.05,0,1,False,True,0.0,1.0,7838.338720703126
2025-07-30 01:00:00,25,0.05,0,2,False,True,0.0,1.0,8203.356225585938
2025-07-30 02:00:00,25,0.05,0,2,False,True,0.0,1.0,7899.745092773438
2025-07-30 03:00:00,25,0.05,1,2,True,True,1.0,1.0,7784.376147460937
2025-07-30 04:00:00,25,0.05,0,1,False,True,0.0,1.0,7984.722485351563
2025-07-30 05:00:00,25,0.05,0,2,False,True,0.0,1.0,7918.532861328125
2025-07-30 06:00:00,25,0.05,0,2,False,True,0.0,1.0,8813.282421875
2025-07-30 07:00:00,25,0.05,0,3,False,True,0.0,1.0,8849.639208984376
2025-07-30 08:00:00,25,0.05,0,1,False,True,0.0,1.0,9497.766552734376
2025-07-30 09:00:00,25,0.05,0,2,False,True,0.0,1.0,9189.222216796876
2025-07-30 10:00:00,25,0.05,0,2,False,True,0.0,1.0,8724.07197265625
2025-07-30 11:00:00,25,0.05,0,1,False,True,0.0,1.0,8863.265332031251
2025-07-30 12:00:00,25,0.05,0,1,False,True,0.0,1.0,8655.248828125
2025-07-30 13:00:00,25,0.05,0,1,False,True,0.0,1.0,7948.3365478515625
2025-07-30 14:00:00,25,0.05,0,2,False,True,0.0,1.0,7575.986962890625
2025-07-30 15:00:00,25,0.05,0,2,False,True,0.0,1.0,7134.481103515625
2025-07-30 16:00:00,25,0.05,0,2,False,True,0.0,1.0,6739.212451171875
2025-07-30 17:00:00,25,0.05,0,1,False,True,0.0,1.0,6183.711938476563
2025-07-30 18:00:00,25,0.05,0,1,False,True,0.0,1.0,6963.935864257813
2025-07-30 19:00:00,25,0.05,0,2,False,True,0.0,1.0,6880.329541015625
2025-07-30 20:00:00,25,0.05,0,3,False,True,0.0,1.0,7112.14541015625
2025-07-30 21:00:00,25,0.05,0,2,False,True,0.0,1.0,7169.753198242188
2025-07-30 22:00:00,25,0.05,0,1,False,True,0.0,1.0,7216.8104248046875
2025-07-30 23:00:00,25,0.05,0,1,False,True,0.0,1.0,6923.748999023437
2025-07-31 00:00:00,25,0.05,0,1,False,True,0.0,1.0,7844.26455078125
2025-07-31 01:00:00,25,0.05,1,2,True,True,1.0,1.0,7614.201611328125
2025-07-31 02:00:00,25,0.05,0,2,False,True,0.0,1.0,7546.843896484375
2025-07-31 03:00:00,25,0.05,0,2,False,True,0.0,1.0,8206.316015625
2025-07-31 04:00:00,25,0.05,0,2,False,True,0.0,1.0,8105.26416015625
2025-07-31 05:00:00,25,0.05,0,3,False,True,0.0,1.0,7792.916845703126
2025-07-31 06:00:00,25,0.05,0,2,False,True,0.0,1.0,7870.131640625
2025-07-31 07:00:00,25,0.05,0,2,False,True,0.0,1.0,7241.86279296875
2025-07-31 08:00:00,25,0.05,0,2,False,True,0.0,1.0,6954.446044921875
2025-07-31 09:00:00,25,0.05,0,2,False,True,0.0,1.0,6308.300073242188
2025-07-31 10:00:00,25,0.05,0,3,False,True,0.0,1.0,6335.304272460938
2025-07-31 11:00:00,25,0.05,0,1,False,True,0.0,1.0,5815.743579101562
2025-07-31 12:00:00,25,0.05,0,1,False,True,0.0,1.0,6742.157666015625
2025-07-31 13:00:00,25,0.05,0,1,False,True,0.0,1.0,6806.923364257813
2025-07-31 14:00:00,25,0.05,0,2,False,True,0.0,1.0,6945.905297851563
2025-07-31 15:00:00,25,0.05,0,2,False,True,0.0,1.0,6058.405346679688
2025-07-31 16:00:00,25,0.05,0,2,False,True,0.0,1.0,5975.461499023438
2025-07-31 17:00:00,25,0.05,0,2,False,True,0.0,1.0,5459.782080078125
2025-07-31 18:00:00,25,0.05,0,1,False,True,0.0,1.0,5929.958911132812
2025-07-31 19:00:00,25,0.05,0,1,False,True,0.0,1.0,5605.595703125
2025-07-31 20:00:00,25,0.05,0,2,False,True,0.0,1.0,5833.864477539063
2025-07-31 21:00:00,25,0.05,0,2,False,True,0.0,1.0,6504.984594726563
2025-07-31 22:00:00,25,0.05,0,2,False,True,0.0,1.0,6048.657299804688
2025-07-31 23:00:00,25,0.05,0,1,False,True,0.0,1.0,5775.040625000001
2025-08-01 00:00:00,25,0.05,0,1,False,True,0.0,1.0,5564.4583984375
2025-08-01 01:00:00,25,0.05,0,2,False,True,0.0,1.0,5637.243212890625
2025-08-01 02:00:00,25,0.05,0,1,False,True,0.0,1.0,5840.910693359375
2025-08-01 03:00:00,25,0.05,0,1,False,True,0.0,1.0,5551.360620117188
2025-08-01 04:00:00,25,0.05,0,2,False,True,0.0,1.0,5845.529614257813
2025-08-01 05:00:00,25,0.05,0,1,False,True,0.0,1.0,5406.278906250001
2025-08-01 06:00:00,25,0.05,0,2,False,True,0.0,1.0,5463.137963867188
2025-08-01 07:00:00,25,0.05,1,1,True,True,1.0,1.0,6538.9119140625
2025-08-01 08:00:00,25,0.05,0,2,False,True,0.0,1.0,6601.28466796875
2025-08-01 09:00:00,25,0.05,0,2,False,True,0.0,1.0,6390.3314453125
2025-08-01 10:00:00,25,0.05,0,1,False,True,0.0,1.0,5230.689868164063
2025-08-01 11:00:00,25,0.05,0,2,False,True,0.0,1.0,5747.041674804687
2025-08-01 12:00:00,25,0.05,0,1,False,True,0.0,1.0,6761.287060546875
2025-08-01 13:00:00,25,0.05,0,1,False,True,0.0,1.0,6336.032641601562
2025-08-01 14:00:00,25,0.05,0,1,False,True,0.0,1.0,7245.445727539062
2025-08-01 15:00:00,25,0.05,0,2,False,True,0.0,1.0,5999.346875
2025-08-01 16:00:00,25,0.05,0,1,False,True,0.0,1.0,6051.072192382812
2025-08-01 17:00:00,25,0.05,0,1,False,True,0.0,1.0,5910.75576171875
2025-08-01 18:00:00,25,0.05,0,1,False,True,0.0,1.0,6038.0589599609375
2025-08-01 19:00:00,25,0.05,0,1,False,True,0.0,1.0,6330.0623046875
2025-08-01 20:00:00,25,0.05,0,1,False,True,0.0,1.0,5750.3791015625
2025-08-01 21:00:00,25,0.05,0,1,False,True,0.0,1.0,6151.306372070313
2025-08-01 22:00:00,25,0.05,1,1,True,True,1.0,1.0,6606.971435546875
2025-08-01 23:00:00,25,0.05,0,1,False,True,0.0,1.0,6253.822094726563
2025-08-02 00:00:00,25,0.05,0,1,False,True,0.0,1.0,6149.5115966796875
2025-08-02 01:00:00,25,0.05,0,1,False,True,0.0,1.0,5973.003686523438
2025-08-02 02:00:00,25,0.05,0,1,False,True,0.0,1.0,5599.375073242188
2025-08-02 03:00:00,25,0.05,0,1,False,True,0.0,1.0,5929.413354492188
2025-08-02 04:00:00,25,0.05,0,1,False,True,0.0,1.0,6034.8468017578125
2025-08-02 05:00:00,25,0.05,0,1,False,True,0.0,1.0,6309.660400390625
2025-08-02 06:00:00,25,0.05,0,2,False,True,0.0,1.0,6322.476806640625
2025-08-02 07:00:00,25,0.05,0,1,False,True,0.0,1.0,6336.984106445313
2025-08-02 08:00:00,25,0.05,0,1,False,True,0.0,1.0,6244.7828125
2025-08-02 09:00:00,25,0.05,0,1,False,True,0.0,1.0,6364.1455078125
2025-08-02 10:00:00,25,0.05,0,2,False,True,0.0,1.0,6258.166821289063
2025-08-02 11:00:00,25,0.05,0,1,False,True,0.0,1.0,5884.615234375
2025-08-02 12:00:00,25,0.05,0,1,False,True,0.0,1.0,6224.370678710938
2025-08-02 13:00:00,25,0.05,0,2,False,True,0.0,1.0,5637.265966796875
2025-08-02 14:00:00,25,0.05,0,1,False,True,0.0,1.0,4865.3486328125
2025-08-02 15:00:00,25,0.05,0,1,False,True,0.0,1.0,5098.162158203125
2025-08-02 16:00:00,25,0.05,0,2,False,True,0.0,1.0,5292.1
2025-08-02 17:00:00,25,0.05,0,1,False,True,0.0,1.0,4889.612939453125
2025-08-02 18:00:00,25,0.05,0,2,False,True,0.0,1.0,6689.51552734375
2025-08-02 19:00:00,25,0.05,1,1,True,True,1.0,1.0,6422.959765625
2025-08-02 20:00:00,25,0.05,0,1,False,True,0.0,1.0,6537.7666015625
2025-08-02 21:00:00,25,0.05,0,1,False,True,0.0,1.0,6469.991430664063
2025-08-02 22:00:00,25,0.05,1,2,True,True,1.0,1.0,6347.55537109375
2025-08-02 23:00:00,25,0.05,0,1,False,True,0.0,1.0,6385.761328125001
2025-08-03 00:00:00,25,0.05,0,1,False,True,0.0,1.0,6227.906347656251
2025-08-03 01:00:00,25,0.05,0,1,False,True,0.0,1.0,6392.659594726562
2025-08-03 02:00:00,25,0.05,0,1,False,True,0.0,1.0,6477.009985351562
2025-08-03 03:00:00,25,0.05,0,1,False,True,0.0,1.0,6501.264624023437
2025-08-03 04:00:00,25,0.05,0,1,False,True,0.0,1.0,6266.879467773438
2025-08-03 05:00:00,25,0.05,0,1,False,True,0.0,1.0,6740.336865234375
2025-08-03 06:00:00,25,0.05,0,1,False,True,0.0,1.0,6440.5098876953125
2025-08-03 07:00:00,25,0.05,0,1,False,True,0.0,1.0,5931.1134033203125
2025-08-03 08:00:00,25,0.05,0,2,False,True,0.0,1.0,7132.429028320313
2025-08-03 09:00:00,25,0.05,0,1,False,True,0.0,1.0,6358.4173583984375
2025-08-03 10:00:00,25,0.05,0,1,False,True,0.0,1.0,6039.4880859375
2025-08-03 11:00:00,25,0.05,0,2,False,True,0.0,1.0,6122.783984375
2025-08-03 12:00:00,25,0.05,0,2,False,True,0.0,1.0,5737.144921875
2025-08-03 13:00:00,25,0.05,0,3,False,True,0.0,1.0,5106.611157226563
2025-08-03 14:00:00,25,0.05,0,1,False,True,0.0,1.0,5778.53330078125
2025-08-03 15:00:00,25,0.05,0,2,False,True,0.0,1.0,5421.665307617188
2025-08-03 16:00:00,25,0.05,0,2,False,True,0.0,1.0,5609.481616210937
2025-08-03 17:00:00,25,0.05,0,1,False,True,0.0,1.0,4798.282568359376
2025-08-03 18:00:00,25,0.05,0,2,False,True,0.0,1.0,4862.340234375
2025-08-03 19:00:00,25,0.05,0,1,False,True,0.0,1.0,4903.571704101562
2025-08-03 20:00:00,25,0.05,0,2,False,True,0.0,1.0,5171.544165039063
2025-08-03 21:00:00,25,0.05,0,1,False,True,0.0,1.0,4970.994165039063
2025-08-03 22:00:00,25,0.05,1,1,True,True,1.0,1.0,5290.442846679688
2025-08-03 23:00:00,25,0.05,0,3,False,True,0.0,1.0,4989.476416015625
2025-08-04 00:00:00,25,0.05,0,2,False,True,0.0,1.0,4058.9407226562503
2025-08-04 01:00:00,25,0.05,0,1,False,True,0.0,1.0,3811.6679809570314
2025-08-04 02:00:00,26,0.052,0,2,False,True,0.0,1.0,3991.7536010742188
2025-08-04 03:00:00,25,0.05,0,1,False,True,0.0,1.0,3822.659399414063
2025-08-04 04:00:00,25,0.05,0,2,False,True,0.0,1.0,4046.961169433594
2025-08-04 05:00:00,25,0.05,0,2,False,True,0.0,1.0,4068.411083984375
2025-08-04 06:00:00,25,0.05,0,2,False,True,0.0,1.0,4495.361865234375
2025-08-04 07:00:00,25,0.05,0,1,False,True,0.0,1.0,4117.350537109375
2025-08-04 08:00:00,25,0.05,0,2,False,True,0.0,1.0,4006.2261474609377
2025-08-04 09:00:00,25,0.05,0,1,False,True,0.0,1.0,4883.656811523438
2025-08-04 10:00:00,25,0.05,0,3,False,True,0.0,1.0,5291.751171875
2025-08-04 11:00:00,25,0.05,0,2,False,True,0.0,1.0,5254.678808593751
2025-08-04 12:00:00,25,0.05,0,1,False,True,0.0,1.0,4095.5094604492188
2025-08-04 13:00:00,25,0.05,0,1,False,True,0.0,1.0,3347.317724609375
2025-08-04 14:00:00,25,0.05,0,1,False,True,0.0,1.0,3091.376574707031
2025-08-04 15:00:00,25,0.05,0,1,False,True,0.0,1.0,2773.4217529296875
2025-08-04 16:00:00,25,0.05,0,1,False,True,0.0,1.0,2446.1045043945314
2025-08-04 17:00:00,25,0.05,0,2,False,True,0.0,1.0,2754.405810546875
2025-08-04 18:00:00,25,0.05,0,1,False,True,0.0,1.0,2779.8546142578125
2025-08-04 19:00:00,25,0.05,0,2,False,True,0.0,1.0,2991.3596313476564
2025-08-04 20:00:00,25,0.05,0,2,False,True,0.0,1.0,2963.0988525390626
2025-08-04 21:00:00,25,0.05,0,1,False,True,0.0,1.0,2710.3100830078124
2025-08-04 22:00:00,25,0.05,0,2,False,True,0.0,1.0,2947.52353515625
2025-08-04 23:00:00,25,0.05,0,1,False,True,0.0,1.0,2905.8862060546876
2025-08-05 00:00:00,25,0.05,0,2,False,True,0.0,1.0,4656.2474365234375
2025-08-05 01:00:00,25,0.05,0,2,False,True,0.0,1.0,5020.4554443359375
2025-08-05 02:00:00,25,0.05,0,2,False,True,0.0,1.0,4934.7603515625
2025-08-05 03:00:00,25,0.05,0,1,False,True,0.0,1.0,5041.499609375
2025-08-05 04:00:00,25,0.05,0,2,False,True,0.0,1.0,5234.363696289062
2025-08-05 05:00:00,25,0.05,0,1,False,True,0.0,1.0,4976.550268554688
2025-08-05 06:00:00,25,0.05,0,1,False,True,0.0,1.0,5669.199951171875
2025-08-05 07:00:00,25,0.05,0,1,False,True,0.0,1.0,4636.945483398438
2025-08-05 08:00:00,25,0.05,0,1,False,True,0.0,1.0,6032.51455078125
2025-08-05 09:00:00,25,0.05,0,2,False,True,0.0,1.0,7010.502368164062
2025-08-05 10:00:00,25,0.05,0,2,False,True,0.0,1.0,6588.038598632813
2025-08-05 11:00:00,25,0.05,0,2,False,True,0.0,1.0,6159.9912109375
2025-08-05 12:00:00,25,0.05,0,1,False,True,0.0,1.0,6256.594482421875
2025-08-05 13:00:00,25,0.05,0,2,False,True,0.0,1.0,7143.350805664063
2025-08-05 14:00:00,25,0.05,0,2,False,True,0.0,1.0,6254.587500000001
2025-08-05 15:00:00,25,0.05,0,2,False,True,0.0,1.0,6822.758032226563
2025-08-05 16:00:00,25,0.05,0,2,False,True,0.0,1.0,6729.574755859375
2025-08-05 17:00:00,25,0.05,0,1,False,True,0.0,1.0,6961.009252929688
2025-08-05 18:00:00,25,0.05,0,2,False,True,0.0,1.0,6281.3265625
2025-08-05 19:00:00,25,0.05,0,2,False,True,0.0,1.0,6304.42548828125
2025-08-05 20:00:00,25,0.05,0,2,False,True,0.0,1.0,6471.838598632812
2025-08-05 21:00:00,25,0.05,0,3,False,True,0.0,1.0,6825.493432617188
2025-08-05 22:00:00,25,0.05,0,2,False,True,0.0,1.0,6530.459008789063
2025-08-05 23:00:00,25,0.05,0,2,False,True,0.0,1.0,6735.871826171875
2025-08-06 00:00:00,25,0.05,0,3,False,True,0.0,1.0,6883.710864257812
2025-08-06 01:00:00,25,0.05,0,3,False,True,0.0,1.0,6978.3630859375
2025-08-06 02:00:00,25,0.05,0,1,False,True,0.0,1.0,6673.882788085937
2025-08-06 03:00:00,25,0.05,0,3,False,True,0.0,1.0,6842.872314453125
2025-08-06 04:00:00,25,0.05,0,2,False,True,0.0,1.0,6678.48974609375
2025-08-06 05:00:00,25,0.05,0,1,False,True,0.0,1.0,7085.707299804688
2025-08-06 06:00:00,25,0.05,0,3,False,True,0.0,1.0,6688.836743164063
2025-08-06 07:00:00,25,0.05,0,1,False,True,0.0,1.0,7284.021752929688
2025-08-06 08:00:00,25,0.05,0,3,False,True,0.0,1.0,7590.95927734375
2025-08-06 09:00:00,25,0.05,0,2,False,True,0.0,1.0,7831.100732421875
2025-08-06 10:00:00,25,0.05,0,2,False,True,0.0,1.0,8281.279980468751
2025-08-06 11:00:00,25,0.05,0,2,False,True,0.0,1.0,8086.90302734375
2025-08-06 12:00:00,25,0.05,0,2,False,True,0.0,1.0,7741.072412109375
2025-08-06 13:00:00,25,0.05,0,1,False,True,0.0,1.0,9238.640771484375
2025-08-06 14:00:00,25,0.05,0,1,False,True,0.0,1.0,9011.4154296875
2025-08-06 15:00:00,25,0.05,1,1,True,True,1.0,1.0,9086.76904296875
2025-08-06 16:00:00,25,0.05,0,1,False,True,0.0,1.0,8991.454736328125
2025-08-06 17:00:00,25,0.05,0,2,False,True,0.0,1.0,9199.032763671876
2025-08-06 18:00:00,25,0.05,0,1,False,True,0.0,1.0,9198.26328125
2025-08-06 19:00:00,25,0.05,0,1,False,True,0.0,1.0,9688.28408203125
2025-08-06 20:00:00,25,0.05,0,2,False,True,0.0,1.0,9355.33935546875
2025-08-06 21:00:00,25,0.05,0,1,False,True,0.0,1.0,9731.3025390625
2025-08-06 22:00:00,25,0.05,0,2,False,True,0.0,1.0,9604.80244140625
2025-08-06 23:00:00,25,0.05,0,2,False,True,0.0,1.0,9549.434130859376
2025-08-07 00:00:00,25,0.05,0,2,False,True,0.0,1.0,8976.588037109375
2025-08-07 01:00:00,25,0.05,0,2,False,True,0.0,1.0,9356.205273437501
2025-08-07 02:00:00,25,0.05,0,2,False,True,0.0,1.0,9048.70546875
2025-08-07 03:00:00,25,0.05,0,2,False,True,0.0,1.0,9148.17998046875
2025-08-07 04:00:00,25,0.05,0,4,False,True,0.0,1.0,8804.319287109374
2025-08-07 05:00:00,25,0.05,0,1,False,True,0.0,1.0,8832.51171875
2025-08-07 06:00:00,25,0.05,0,2,False,True,0.0,1.0,9860.67451171875
2025-08-07 07:00:00,25,0.05,1,1,True,True,1.0,1.0,10019.4763671875
2025-08-07 08:00:00,25,0.05,0,1,False,True,0.0,1.0,10352.7623046875
2025-08-07 09:00:00,25,0.05,0,2,False,True,0.0,1.0,9809.573095703125
2025-08-07 10:00:00,25,0.05,0,3,False,True,0.0,1.0,10074.65009765625
2025-08-07 11:00:00,25,0.05,0,2,False,True,0.0,1.0,9388.21708984375
2025-08-07 12:00:00,25,0.05,0,1,False,True,0.0,1.0,9250.620751953125
2025-08-07 13:00:00,25,0.05,0,3,False,True,0.0,1.0,9747.006884765626
2025-08-07 14:00:00,25,0.05,0,2,False,True,0.0,1.0,10337.110693359375
2025-08-07 15:00:00,25,0.05,0,2,False,True,0.0,1.0,10774.908154296874
2025-08-07 16:00:00,25,0.05,0,1,False,True,0.0,1.0,10373.102294921875
2025-08-07 17:00:00,25,0.05,0,2,False,True,0.0,1.0,10394.184765625
2025-08-07 18:00:00,25,0.05,0,2,False,True,0.0,1.0,10196.225244140625
2025-08-07 19:00:00,25,0.05,0,1,False,True,0.0,1.0,10074.923486328125
2025-08-07 20:00:00,25,0.05,0,2,False,True,0.0,1.0,10292.00185546875
2025-08-07 21:00:00,25,0.05,1,1,True,True,1.0,1.0,10157.73896484375
2025-08-07 22:00:00,25,0.05,0,2,False,True,0.0,1.0,10273.724755859375
2025-08-07 23:00:00,25,0.05,1,1,True,True,1.0,1.0,10035.382373046876
2025-08-08 00:00:00,25,0.05,0,3,False,True,0.0,1.0,10152.15966796875
2025-08-08 01:00:00,25,0.05,0,2,False,True,0.0,1.0,10419.883447265625
2025-08-08 02:00:00,25,0.05,0,1,False,True,0.0,1.0,10404.532470703125
2025-08-08 03:00:00,25,0.05,0,1,False,True,0.0,1.0,10383.635449218751
2025-08-08 04:00:00,25,0.05,0,2,False,True,0.0,1.0,10193.02919921875
2025-08-08 05:00:00,25,0.05,0,2,False,True,0.0,1.0,10432.44638671875
2025-08-08 06:00:00,25,0.05,0,2,False,True,0.0,1.0,10590.969189453124
2025-08-08 07:00:00,25,0.05,0,1,False,True,0.0,1.0,10632.483984375
2025-08-08 08:00:00,25,0.05,0,2,False,True,0.0,1.0,11012.767919921875
2025-08-08 09:00:00,25,0.05,0,2,False,True,0.0,1.0,10278.207275390625
2025-08-08 10:00:00,25,0.05,0,1,False,True,0.0,1.0,9868.329736328125
2025-08-08 11:00:00,25,0.05,0,1,False,True,0.0,1.0,10345.6826171875
2025-08-08 12:00:00,25,0.05,0,1,False,True,0.0,1.0,9960.417333984375
2025-08-08 13:00:00,25,0.05,0,1,False,True,0.0,1.0,8808.8501953125
2025-08-08 14:00:00,25,0.05,0,1,False,True,0.0,1.0,8873.1091796875
2025-08-08 15:00:00,25,0.05,0,3,False,True,0.0,1.0,8777.051025390625
2025-08-08 16:00:00,25,0.05,0,1,False,True,0.0,1.0,8620.16611328125
2025-08-08 17:00:00,25,0.05,0,1,False,True,0.0,1.0,8581.23701171875
2025-08-08 18:00:00,25,0.05,0,1,False,True,0.0,1.0,9120.704150390626
2025-08-08 19:00:00,25,0.05,0,1,False,True,0.0,1.0,8865.20595703125
2025-08-08 20:00:00,25,0.05,0,1,False,True,0.0,1.0,8728.41328125
2025-08-08 21:00:00,25,0.05,0,2,False,True,0.0,1.0,8878.122900390625
2025-08-08 22:00:00,25,0.05,0,1,False,True,0.0,1.0,8474.341845703126
2025-08-08 23:00:00,25,0.05,0,2,False,True,0.0,1.0,8828.698388671875
2025-08-09 00:00:00,25,0.05,0,1,False,True,0.0,1.0,8311.1681640625
2025-08-09 01:00:00,25,0.05,0,1,False,True,0.0,1.0,8553.400732421875
2025-08-09 02:00:00,25,0.05,0,2,False,True,0.0,1.0,8405.310595703126
2025-08-09 03:00:00,25,0.05,0,1,False,True,0.0,1.0,8526.796875
2025-08-09 04:00:00,25,0.05,1,1,True,True,1.0,1.0,8362.500244140625
2025-08-09 05:00:00,25,0.05,0,2,False,True,0.0,1.0,8416.93984375
2025-08-09 06:00:00,25,0.05,0,1,False,True,0.0,1.0,8641.30908203125
2025-08-09 07:00:00,25,0.05,0,2,False,True,0.0,1.0,8796.166943359374
2025-08-09 08:00:00,25,0.05,0,1,False,True,0.0,1.0,8930.882470703125
2025-08-09 09:00:00,25,0.05,0,2,False,True,0.0,1.0,9050.869873046875
2025-08-09 10:00:00,25,0.05,0,1,False,True,0.0,1.0,9205.830322265625
2025-08-09 11:00:00,25,0.05,0,1,False,True,0.0,1.0,8537.814453125
2025-08-09 12:00:00,25,0.05,0,2,False,True,0.0,1.0,9402.34599609375
2025-08-09 13:00:00,25,0.05,0,1,False,True,0.0,1.0,9278.118408203125
2025-08-09 14:00:00,25,0.05,0,1,False,True,0.0,1.0,8505.596240234376
2025-08-09 15:00:00,25,0.05,1,1,True,True,1.0,1.0,7777.550463867187
2025-08-09 16:00:00,25,0.05,0,1,False,True,0.0,1.0,7154.579321289063
2025-08-09 17:00:00,25,0.05,0,1,False,True,0.0,1.0,7417.259057617188
2025-08-09 18:00:00,25,0.05,0,1,False,True,0.0,1.0,7863.172143554688
2025-08-09 19:00:00,25,0.05,0,1,False,True,0.0,1.0,7310.96123046875
2025-08-09 20:00:00,25,0.05,0,3,False,True,0.0,1.0,7503.99892578125
2025-08-09 21:00:00,25,0.05,0,3,False,True,0.0,1.0,7544.1656494140625
2025-08-09 22:00:00,25,0.05,0,1,False,True,0.0,1.0,7537.63916015625
2025-08-09 23:00:00,25,0.05,0,1,False,True,0.0,1.0,7642.643212890625
2025-08-10 00:00:00,25,0.05,0,2,False,True,0.0,1.0,7621.0059814453125
2025-08-10 01:00:00,25,0.05,0,1,False,True,0.0,1.0,7264.992602539062
2025-08-10 02:00:00,25,0.05,0,1,False,True,0.0,1.0,7226.41845703125
2025-08-10 03:00:00,25,0.05,0,1,False,True,0.0,1.0,7282.03173828125
2025-08-10 04:00:00,25,0.05,0,1,False,True,0.0,1.0,7143.962475585938
2025-08-10 05:00:00,25,0.05,0,1,False,True,0.0,1.0,7548.8416015625
2025-08-10 06:00:00,25,0.05,1,2,True,True,1.0,1.0,7172.75615234375
2025-08-10 07:00:00,25,0.05,1,1,True,True,1.0,1.0,7417.210693359375
2025-08-10 08:00:00,25,0.05,0,1,False,True,0.0,1.0,7641.420947265625
2025-08-10 09:00:00,25,0.05,0,1,False,True,0.0,1.0,7210.396459960938
2025-08-10 10:00:00,25,0.05,0,2,False,True,0.0,1.0,6987.7189453125
2025-08-10 11:00:00,25,0.05,0,1,False,True,0.0,1.0,6923.846606445312
2025-08-10 12:00:00,25,0.05,0,1,False,True,0.0,1.0,7143.369580078125
2025-08-10 13:00:00,25,0.05,0,2,False,True,0.0,1.0,6966.6052734375
2025-08-10 14:00:00,25,0.05,0,2,False,True,0.0,1.0,6272.189453125
2025-08-10 15:00:00,25,0.05,0,2,False,True,0.0,1.0,5850.903662109375
2025-08-10 16:00:00,25,0.05,1,3,True,True,1.0,1.0,6138.144946289062
2025-08-10 17:00:00,25,0.05,0,1,False,True,0.0,1.0,6107.3494140625
2025-08-10 18:00:00,25,0.05,0,1,False,True,0.0,1.0,6268.497998046875
2025-08-10 19:00:00,25,0.05,0,3,False,True,0.0,1.0,6471.6609375
2025-08-10 20:00:00,25,0.05,0,2,False,True,0.0,1.0,6436.515161132813
2025-08-10 21:00:00,25,0.05,0,2,False,True,0.0,1.0,6333.78056640625
2025-08-10 22:00:00,25,0.05,0,1,False,True,0.0,1.0,6330.798193359375
2025-08-10 23:00:00,25,0.05,0,2,False,True,0.0,1.0,6574.069311523437
2025-08-11 00:00:00,25,0.05,0,2,False,True,0.0,1.0,6692.11123046875
2025-08-11 01:00:00,25,0.05,0,2,False,True,0.0,1.0,6918.330834960938
2025-08-11 02:00:00,25,0.05,0,2,False,True,0.0,1.0,6423.851586914063
2025-08-11 03:00:00,25,0.05,0,2,False,True,0.0,1.0,6743.537622070313
2025-08-11 04:00:00,25,0.05,0,2,False,True,0.0,1.0,6734.743725585938
2025-08-11 05:00:00,25,0.05,1,2,True,True,1.0,1.0,6890.234692382813
2025-08-11 06:00:00,25,0.05,1,1,True,True,1.0,1.0,6316.126318359376
2025-08-11 07:00:00,25,0.05,0,2,False,True,0.0,1.0,7149.662524414062
2025-08-11 08:00:00,25,0.05,1,2,True,True,1.0,1.0,7068.725659179688
2025-08-11 09:00:00,25,0.05,0,2,False,True,0.0,1.0,6872.861987304687
2025-08-11 10:00:00,25,0.05,0,2,False,True,0.0,1.0,6612.264111328125
2025-08-11 11:00:00,25,0.05,0,3,False,True,0.0,1.0,6562.902099609375
2025-08-11 12:00:00,25,0.05,0,2,False,True,0.0,1.0,6882.504321289062
2025-08-11 13:00:00,25,0.05,0,2,False,True,0.0,1.0,6322.51630859375
2025-08-11 14:00:00,25,0.05,0,1,False,True,0.0,1.0,6656.70830078125
2025-08-11 15:00:00,25,0.05,0,1,False,True,0.0,1.0,6259.414843750001
2025-08-11 16:00:00,25,0.05,0,2,False,True,0.0,1.0,5674.546557617187
2025-08-11 17:00:00,25,0.05,0,2,False,True,0.0,1.0,6157.494873046875
2025-08-11 18:00:00,25,0.05,0,3,False,True,0.0,1.0,6457.245068359375
2025-08-11 19:00:00,25,0.05,0,2,False,True,0.0,1.0,6136.413110351563
2025-08-11 20:00:00,25,0.05,0,3,False,True,0.0,1.0,6344.124975585937
2025-08-11 21:00:00,25,0.05,0,1,False,True,0.0,1.0,6569.210961914063
2025-08-11 22:00:00,25,0.05,0,2,False,True,0.0,1.0,6458.453540039063
2025-08-11 23:00:00,25,0.05,0,2,False,True,0.0,1.0,6522.279077148438
2025-08-12 00:00:00,25,0.05,0,1,False,True,0.0,1.0,8246.85458984375
2025-08-12 01:00:00,25,0.05,0,2,False,True,0.0,1.0,7916.48046875
2025-08-12 02:00:00,25,0.05,0,2,False,True,0.0,1.0,7977.284619140625
2025-08-12 03:00:00,25,0.05,0,2,False,True,0.0,1.0,8058.61025390625
2025-08-12 04:00:00,25,0.05,0,2,False,True,0.0,1.0,8211.976684570312
2025-08-12 05:00:00,25,0.05,0,1,False,True,0.0,1.0,7925.372802734375
2025-08-12 06:00:00,25,0.05,0,2,False,True,0.0,1.0,9278.128515625
2025-08-12 07:00:00,25,0.05,0,2,False,True,0.0,1.0,9569.6640625
2025-08-12 08:00:00,25,0.05,0,2,False,True,0.0,1.0,9417.583935546874
2025-08-12 09:00:00,25,0.05,0,2,False,True,0.0,1.0,8859.65400390625
2025-08-12 10:00:00,25,0.05,0,2,False,True,0.0,1.0,7943.4710693359375
2025-08-12 11:00:00,25,0.05,0,1,False,True,0.0,1.0,7533.725268554687
2025-08-12 12:00:00,25,0.05,0,2,False,True,0.0,1.0,7395.936474609375
2025-08-12 13:00:00,25,0.05,0,1,False,True,0.0,1.0,8131.62470703125
2025-08-12 14:00:00,25,0.05,0,2,False,True,0.0,1.0,8532.831103515626
2025-08-12 15:00:00,25,0.05,0,1,False,True,0.0,1.0,7990.025854492188
2025-08-12 16:00:00,25,0.05,0,1,False,True,0.0,1.0,7832.294580078125
2025-08-12 17:00:00,25,0.05,0,2,False,True,0.0,1.0,7654.612377929688
2025-08-12 18:00:00,25,0.05,1,1,True,True,1.0,1.0,7934.002587890625
2025-08-12 19:00:00,25,0.05,1,2,True,True,1.0,1.0,7971.424121093751
2025-08-12 20:00:00,25,0.05,0,2,False,True,0.0,1.0,8161.272607421875
2025-08-12 21:00:00,25,0.05,0,1,False,True,0.0,1.0,8269.522607421875
2025-08-12 22:00:00,25,0.05,0,3,False,True,0.0,1.0,8170.806176757813
2025-08-12 23:00:00,25,0.05,0,2,False,True,0.0,1.0,7873.94345703125
2025-08-13 00:00:00,25,0.05,0,2,False,True,0.0,1.0,8467.356201171875
2025-08-13 01:00:00,25,0.05,0,2,False,True,0.0,1.0,8347.922412109376
2025-08-13 02:00:00,25,0.05,0,1,False,True,0.0,1.0,8947.5357421875
2025-08-13 03:00:00,25,0.05,0,2,False,True,0.0,1.0,8922.983203125
2025-08-13 04:00:00,25,0.05,0,1,False,True,0.0,1.0,8782.078173828126
2025-08-13 05:00:00,25,0.05,0,1,False,True,0.0,1.0,7250.402001953125
2025-08-13 06:00:00,25,0.05,0,2,False,True,0.0,1.0,8586.178759765626
2025-08-13 07:00:00,25,0.05,0,2,False,True,0.0,1.0,8152.24921875
2025-08-13 08:00:00,25,0.05,0,1,False,True,0.0,1.0,8804.76640625
2025-08-13 09:00:00,25,0.05,1,1,True,True,1.0,1.0,9301.831298828125
2025-08-13 10:00:00,25,0.05,0,1,False,True,0.0,1.0,9778.045556640625
2025-08-13 11:00:00,25,0.05,0,1,False,True,0.0,1.0,9412.05712890625
2025-08-13 12:00:00,25,0.05,0,1,False,True,0.0,1.0,9845.458349609375
2025-08-13 13:00:00,25,0.05,0,1,False,True,0.0,1.0,9446.364208984374
2025-08-13 14:00:00,25,0.05,0,1,False,True,0.0,1.0,9685.403662109375
2025-08-13 15:00:00,25,0.05,1,1,True,True,1.0,1.0,9744.010400390625
2025-08-13 16:00:00,25,0.05,0,1,False,True,0.0,1.0,9549.977099609376
2025-08-13 17:00:00,25,0.05,0,2,False,True,0.0,1.0,9654.77734375
2025-08-13 18:00:00,25,0.05,0,2,False,True,0.0,1.0,9481.804541015625
2025-08-13 19:00:00,25,0.05,0,2,False,True,0.0,1.0,9403.956787109375
2025-08-13 20:00:00,25,0.05,0,1,False,True,0.0,1.0,9597.87529296875
2025-08-13 21:00:00,25,0.05,0,2,False,True,0.0,1.0,9520.952783203125
2025-08-13 22:00:00,25,0.05,0,1,False,True,0.0,1.0,9729.786572265624
2025-08-13 23:00:00,25,0.05,1,1,True,True,1.0,1.0,9622.739208984374
2025-08-14 00:00:00,25,0.05,0,1,False,True,0.0,1.0,9695.045849609374
2025-08-14 01:00:00,25,0.05,0,2,False,True,0.0,1.0,9730.136376953125
2025-08-14 02:00:00,25,0.05,1,2,True,True,1.0,1.0,10067.472998046875
2025-08-14 03:00:00,25,0.05,0,2,False,True,0.0,1.0,10190.508642578125
2025-08-14 04:00:00,25,0.05,0,1,False,True,0.0,1.0,10311.85751953125
2025-08-14 05:00:00,25,0.05,0,1,False,True,0.0,1.0,10061.11572265625
2025-08-14 06:00:00,25,0.05,0,1,False,True,0.0,1.0,11042.928466796875
2025-08-14 07:00:00,25,0.05,0,1,False,True,0.0,1.0,11817.277685546875
2025-08-14 08:00:00,25,0.05,1,1,True,True,1.0,1.0,10770.005908203126
2025-08-14 09:00:00,25,0.05,0,2,False,True,0.0,1.0,12092.71357421875
2025-08-14 10:00:00,25,0.05,0,3,False,True,0.0,1.0,11587.496142578126
2025-08-14 11:00:00,25,0.05,0,1,False,True,0.0,1.0,12295.489404296875
2025-08-14 12:00:00,25,0.05,1,1,True,True,1.0,1.0,11977.245751953125
2025-08-14 13:00:00,25,0.05,0,2,False,True,0.0,1.0,11655.358447265626
2025-08-14 14:00:00,25,0.05,0,2,False,True,0.0,1.0,11299.229052734376
2025-08-14 15:00:00,25,0.05,0,1,False,True,0.0,1.0,10165.580517578124
2025-08-14 16:00:00,25,0.05,0,2,False,True,0.0,1.0,10350.80703125
2025-08-14 17:00:00,25,0.05,0,1,False,True,0.0,1.0,10663.359619140625
2025-08-14 18:00:00,25,0.05,1,1,True,True,1.0,1.0,10433.406396484375
2025-08-14 19:00:00,25,0.05,0,1,False,True,0.0,1.0,11004.14658203125
2025-08-14 20:00:00,25,0.05,0,1,False,True,0.0,1.0,11228.885693359374
2025-08-14 21:00:00,25,0.05,0,2,False,True,0.0,1.0,10747.576416015625
2025-08-14 22:00:00,25,0.05,0,1,False,True,0.0,1.0,10976.91064453125
2025-08-14 23:00:00,25,0.05,0,2,False,True,0.0,1.0,11002.973681640626
2025-08-15 00:00:00,25,0.05,0,1,False,True,0.0,1.0,11039.652099609375
2025-08-15 01:00:00,25,0.05,0,3,False,True,0.0,1.0,11499.625
2025-08-15 02:00:00,25,0.05,0,1,False,True,0.0,1.0,11385.981982421876
2025-08-15 03:00:00,25,0.05,1,3,True,True,1.0,1.0,11498.492529296875
2025-08-15 04:00:00,25,0.05,1,2,True,True,1.0,1.0,11585.791162109375
2025-08-15 05:00:00,25,0.05,0,2,False,True,0.0,1.0,11309.159814453125
2025-08-15 06:00:00,25,0.05,0,2,False,True,0.0,1.0,10915.35234375
2025-08-15 07:00:00,25,0.05,1,2,True,True,1.0,1.0,12222.391748046875
2025-08-15 08:00:00,25,0.05,0,1,False,True,0.0,1.0,12213.659619140624
2025-08-15 09:00:00,25,0.05,1,2,True,True,1.0,1.0,12406.391748046875
2025-08-15 10:00:00,25,0.05,1,1,True,True,1.0,1.0,12355.647607421875
2025-08-15 11:00:00,25,0.05,0,1,False,True,0.0,1.0,12841.0388671875
2025-08-15 12:00:00,25,0.05,0,1,False,True,0.0,1.0,12962.988720703124
2025-08-15 13:00:00,25,0.05,0,1,False,True,0.0,1.0,12357.20341796875
2025-08-15 14:00:00,25,0.05,1,1,True,True,1.0,1.0,11869.63828125
2025-08-15 15:00:00,25,0.05,0,1,False,True,0.0,1.0,10951.53984375
2025-08-15 16:00:00,25,0.05,1,1,True,True,1.0,1.0,10661.501611328125
2025-08-15 17:00:00,25,0.05,0,1,False,True,0.0,1.0,10447.8509765625
2025-08-15 18:00:00,25,0.05,0,1,False,True,0.0,1.0,10766.771923828124
2025-08-15 19:00:00,25,0.05,0,1,False,True,0.0,1.0,10723.14462890625
2025-08-15 20:00:00,25,0.05,1,1,True,True,1.0,1.0,10983.652734375
2025-08-15 21:00:00,25,0.05,0,1,False,True,0.0,1.0,11372.88671875
2025-08-15 22:00:00,25,0.05,1,1,True,True,1.0,1.0,11199.232763671875
2025-08-15 23:00:00,25,0.05,0,1,False,True,0.0,1.0,11508.775537109375
2025-08-16 00:00:00,25,0.05,0,1,False,True,0.0,1.0,11579.727783203125
2025-08-16 01:00:00,25,0.05,1,2,True,True,1.0,1.0,11496.281298828126
2025-08-16 02:00:00,25,0.05,0,1,False,True,0.0,1.0,11974.73798828125
2025-08-16 03:00:00,25,0.05,0,2,False,True,0.0,1.0,11607.925
2025-08-16 04:00:00,25,0.05,0,1,False,True,0.0,1.0,11896.4783203125
2025-08-16 05:00:00,25,0.05,0,2,False,True,0.0,1.0,11546.629345703124
2025-08-16 06:00:00,25,0.05,0,1,False,True,0.0,1.0,11874.6927734375
2025-08-16 07:00:00,25,0.05,1,1,True,True,1.0,1.0,11838.625439453124
2025-08-16 08:00:00,25,0.05,0,1,False,True,0.0,1.0,10338.443701171875
2025-08-16 09:00:00,25,0.05,0,1,False,True,0.0,1.0,11747.971337890625
2025-08-16 10:00:00,25,0.05,0,1,False,True,0.0,1.0,11725.004833984374
2025-08-16 11:00:00,25,0.05,0,1,False,True,0.0,1.0,12197.623291015625
2025-08-16 12:00:00,25,0.05,0,1,False,True,0.0,1.0,11171.38310546875
2025-08-16 13:00:00,25,0.05,0,1,False,True,0.0,1.0,9828.988037109375
2025-08-16 14:00:00,25,0.05,0,1,False,True,0.0,1.0,9713.224169921876
2025-08-16 15:00:00,25,0.05,0,1,False,True,0.0,1.0,9769.771630859375
2025-08-16 16:00:00,25,0.05,0,1,False,True,0.0,1.0,9613.56025390625
2025-08-16 17:00:00,25,0.05,0,1,False,True,0.0,1.0,9674.484033203125
2025-08-16 18:00:00,25,0.05,1,1,True,True,1.0,1.0,9312.920703125
2025-08-16 19:00:00,25,0.05,0,1,False,True,0.0,1.0,9788.09443359375
2025-08-16 20:00:00,25,0.05,0,1,False,True,0.0,1.0,9549.543798828125
2025-08-16 21:00:00,25,0.05,0,1,False,True,0.0,1.0,10128.150732421875
2025-08-16 22:00:00,25,0.05,0,1,False,True,0.0,1.0,9524.69248046875
2025-08-16 23:00:00,25,0.05,0,1,False,True,0.0,1.0,9928.699462890625
2025-08-17 00:00:00,25,0.05,0,1,False,True,0.0,1.0,9465.496435546875
2025-08-17 01:00:00,25,0.05,0,1,False,True,0.0,1.0,9255.5044921875
2025-08-17 02:00:00,25,0.05,0,1,False,True,0.0,1.0,9518.21435546875
2025-08-17 03:00:00,25,0.05,0,1,False,True,0.0,1.0,9877.932080078124
2025-08-17 04:00:00,25,0.05,0,1,False,True,0.0,1.0,9849.649365234374
2025-08-17 05:00:00,25,0.05,0,1,False,True,0.0,1.0,9564.15927734375
2025-08-17 06:00:00,25,0.05,0,2,False,True,0.0,1.0,10122.421728515625
2025-08-17 07:00:00,25,0.05,0,1,False,True,0.0,1.0,10596.168017578126
2025-08-17 08:00:00,25,0.05,0,1,False,True,0.0,1.0,11469.64453125
2025-08-17 09:00:00,25,0.05,0,2,False,True,0.0,1.0,10791.402001953125
2025-08-17 10:00:00,25,0.05,0,1,False,True,0.0,1.0,11966.6740234375
2025-08-17 11:00:00,25,0.05,0,1,False,True,0.0,1.0,12214.1908203125
2025-08-17 12:00:00,25,0.05,1,2,True,True,1.0,1.0,11486.75771484375
2025-08-17 13:00:00,25,0.05,0,1,False,True,0.0,1.0,10858.99375
2025-08-17 14:00:00,25,0.05,0,3,False,True,0.0,1.0,10427.57470703125
2025-08-17 15:00:00,25,0.05,0,1,False,True,0.0,1.0,9757.823583984375
2025-08-17 16:00:00,25,0.05,0,2,False,True,0.0,1.0,9246.612451171875
2025-08-17 17:00:00,25,0.05,0,2,False,True,0.0,1.0,9221.57666015625
2025-08-17 18:00:00,25,0.05,0,1,False,True,0.0,1.0,8584.569384765626
2025-08-17 19:00:00,25,0.05,1,2,True,True,1.0,1.0,9293.291259765625
2025-08-17 20:00:00,25,0.05,0,1,False,True,0.0,1.0,9142.302197265624
2025-08-17 21:00:00,25,0.05,0,2,False,True,0.0,1.0,9534.121875
2025-08-17 22:00:00,25,0.05,1,2,True,True,1.0,1.0,9480.193408203126
2025-08-17 23:00:00,25,0.05,0,2,False,True,0.0,1.0,9329.814306640625
2025-08-18 00:00:00,25,0.05,0,3,False,True,0.0,1.0,9991.87734375
2025-08-18 01:00:00,25,0.05,0,1,False,True,0.0,1.0,10054.694677734375
2025-08-18 02:00:00,25,0.05,0,2,False,True,0.0,1.0,10375.414697265625
2025-08-18 03:00:00,25,0.05,0,1,False,True,0.0,1.0,10072.929736328126
2025-08-18 04:00:00,25,0.05,0,2,False,True,0.0,1.0,10348.49423828125
2025-08-18 05:00:00,25,0.05,0,1,False,True,0.0,1.0,10221.02900390625
2025-08-18 06:00:00,25,0.05,0,1,False,True,0.0,1.0,10383.58857421875
2025-08-18 07:00:00,25,0.05,0,1,False,True,0.0,1.0,10722.904736328126
2025-08-18 08:00:00,25,0.05,0,1,False,True,0.0,1.0,10509.799951171875
2025-08-18 09:00:00,25,0.05,0,2,False,True,0.0,1.0,10222.35693359375
2025-08-18 10:00:00,25,0.05,0,3,False,True,0.0,1.0,9795.0439453125
2025-08-18 11:00:00,25,0.05,0,1,False,True,0.0,1.0,8550.6431640625
2025-08-18 12:00:00,25,0.05,0,1,False,True,0.0,1.0,8643.46435546875
2025-08-18 13:00:00,25,0.05,0,1,False,True,0.0,1.0,7494.087915039063
2025-08-18 14:00:00,25,0.05,0,1,False,True,0.0,1.0,7657.433032226562
2025-08-18 15:00:00,25,0.05,0,2,False,True,0.0,1.0,8040.224340820312
2025-08-18 16:00:00,25,0.05,0,2,False,True,0.0,1.0,8030.645532226563
2025-08-18 17:00:00,25,0.05,0,2,False,True,0.0,1.0,7775.98486328125
2025-08-18 18:00:00,25,0.05,0,1,False,True,0.0,1.0,7469.519580078125
2025-08-18 19:00:00,25,0.05,0,1,False,True,0.0,1.0,7825.138256835938
2025-08-18 20:00:00,25,0.05,0,2,False,True,0.0,1.0,7704.5333984375
2025-08-18 21:00:00,25,0.05,0,2,False,True,0.0,1.0,7597.307348632812
2025-08-18 22:00:00,25,0.05,0,2,False,True,0.0,1.0,7758.819409179688
2025-08-18 23:00:00,25,0.05,0,1,False,True,0.0,1.0,7775.707250976562
2025-08-19 00:00:00,25,0.05,0,2,False,True,0.0,1.0,7500.35390625
2025-08-19 01:00:00,25,0.05,0,2,False,True,0.0,1.0,7667.378930664063
2025-08-19 02:00:00,25,0.05,0,2,False,True,0.0,1.0,7483.744921875
2025-08-19 03:00:00,25,0.05,0,2,False,True,0.0,1.0,7022.565869140625
2025-08-19 04:00:00,25,0.05,0,1,False,True,0.0,1.0,7285.800610351563
2025-08-19 05:00:00,25,0.05,0,3,False,True,0.0,1.0,7600.899829101562
2025-08-19 06:00:00,25,0.05,0,3,False,True,0.0,1.0,7596.615625
2025-08-19 07:00:00,25,0.05,0,2,False,True,0.0,1.0,9031.572021484375
2025-08-19 08:00:00,25,0.05,0,2,False,True,0.0,1.0,8558.0921875
2025-08-19 09:00:00,25,0.05,0,2,False,True,0.0,1.0,9173.7978515625
2025-08-19 10:00:00,25,0.05,0,2,False,True,0.0,1.0,8147.8018798828125
2025-08-19 11:00:00,25,0.05,0,3,False,True,0.0,1.0,8467.4681640625
2025-08-19 12:00:00,25,0.05,1,2,True,True,1.0,1.0,8170.992211914063
2025-08-19 13:00:00,25,0.05,0,1,False,True,0.0,1.0,9180.84833984375
2025-08-19 14:00:00,25,0.05,0,3,False,True,0.0,1.0,9195.19111328125
2025-08-19 15:00:00,25,0.05,0,2,False,True,0.0,1.0,8525.40810546875
2025-08-19 16:00:00,25,0.05,0,2,False,True,0.0,1.0,8163.462011718751
2025-08-19 17:00:00,25,0.05,0,2,False,True,0.0,1.0,7999.141577148437
2025-08-19 18:00:00,25,0.05,0,3,False,True,0.0,1.0,7193.373950195312
2025-08-19 19:00:00,25,0.05,0,2,False,True,0.0,1.0,7210.345483398438
2025-08-19 20:00:00,25,0.05,0,2,False,True,0.0,1.0,7219.8232421875
2025-08-19 21:00:00,25,0.05,0,1,False,True,0.0,1.0,7131.382299804687
2025-08-19 22:00:00,25,0.05,0,1,False,True,0.0,1.0,7093.565673828125
2025-08-19 23:00:00,25,0.05,0,3,False,True,0.0,1.0,6957.6485595703125
2025-08-20 00:00:00,25,0.05,0,2,False,True,0.0,1.0,7256.3810546875
2025-08-20 01:00:00,25,0.05,0,2,False,True,0.0,1.0,7372.8515625
2025-08-20 02:00:00,25,0.05,1,1,True,True,1.0,1.0,7288.062597656251
2025-08-20 03:00:00,25,0.05,0,1,False,True,0.0,1.0,7664.287744140625
2025-08-20 04:00:00,25,0.05,0,2,False,True,0.0,1.0,7563.654858398438
2025-08-20 05:00:00,25,0.05,1,2,True,True,1.0,1.0,7538.798803710937
2025-08-20 06:00:00,25,0.05,0,2,False,True,0.0,1.0,8040.3953857421875
2025-08-20 07:00:00,25,0.05,0,2,False,True,0.0,1.0,8676.44052734375
2025-08-20 08:00:00,25,0.05,0,1,False,True,0.0,1.0,8948.38232421875
2025-08-20 09:00:00,25,0.05,0,1,False,True,0.0,1.0,9443.605419921874
2025-08-20 10:00:00,25,0.05,0,1,False,True,0.0,1.0,9727.255615234375
2025-08-20 11:00:00,25,0.05,0,2,False,True,0.0,1.0,9048.51982421875
2025-08-20 12:00:00,25,0.05,0,1,False,True,0.0,1.0,10453.8630859375
2025-08-20 13:00:00,25,0.05,0,1,False,True,0.0,1.0,9196.08251953125
2025-08-20 14:00:00,25,0.05,0,2,False,True,0.0,1.0,7957.921801757812
2025-08-20 15:00:00,25,0.05,0,3,False,True,0.0,1.0,8133.067895507813
2025-08-20 16:00:00,25,0.05,0,1,False,True,0.0,1.0,7858.365966796875
2025-08-20 17:00:00,25,0.05,0,2,False,True,0.0,1.0,8209.262890625001
2025-08-20 18:00:00,25,0.05,0,2,False,True,0.0,1.0,8389.892041015626
2025-08-20 19:00:00,25,0.05,1,2,True,True,1.0,1.0,8345.94638671875
2025-08-20 20:00:00,25,0.05,0,1,False,True,0.0,1.0,8715.511767578126
2025-08-20 21:00:00,25,0.05,0,3,False,True,0.0,1.0,8314.312890625
2025-08-20 22:00:00,25,0.05,0,2,False,True,0.0,1.0,8569.1216796875
2025-08-20 23:00:00,25,0.05,0,2,False,True,0.0,1.0,8450.710693359375
2025-08-21 00:00:00,25,0.05,1,1,True,True,1.0,1.0,9035.782470703125
2025-08-21 01:00:00,25,0.05,0,3,False,True,0.0,1.0,8846.1943359375
2025-08-21 02:00:00,25,0.05,0,1,False,True,0.0,1.0,9358.008642578125
2025-08-21 03:00:00,25,0.05,0,2,False,True,0.0,1.0,9118.711962890626
2025-08-21 04:00:00,25,0.05,0,3,False,True,0.0,1.0,9062.797900390626
2025-08-21 05:00:00,25,0.05,1,2,True,True,1.0,1.0,8751.60166015625
2025-08-21 06:00:00,25,0.05,0,2,False,True,0.0,1.0,9210.82890625
2025-08-21 07:00:00,25,0.05,0,2,False,True,0.0,1.0,8603.760498046875
2025-08-21 08:00:00,25,0.05,1,2,True,True,1.0,1.0,8721.33466796875
2025-08-21 09:00:00,25,0.05,0,2,False,True,0.0,1.0,9639.095654296874
2025-08-21 10:00:00,25,0.05,0,1,False,True,0.0,1.0,10290.753662109375
2025-08-21 11:00:00,25,0.05,0,2,False,True,0.0,1.0,10531.9353515625
2025-08-21 12:00:00,25,0.05,0,1,False,True,0.0,1.0,10839.23896484375
2025-08-21 13:00:00,25,0.05,0,1,False,True,0.0,1.0,10421.640283203125
2025-08-21 14:00:00,25,0.05,0,1,False,True,0.0,1.0,9831.108642578125
2025-08-21 15:00:00,25,0.05,0,1,False,True,0.0,1.0,9439.295556640625
2025-08-21 16:00:00,25,0.05,0,2,False,True,0.0,1.0,9273.151904296876
2025-08-21 17:00:00,25,0.05,1,2,True,True,1.0,1.0,9575.60947265625
2025-08-21 18:00:00,25,0.05,1,2,True,True,1.0,1.0,9386.054638671874
2025-08-21 19:00:00,25,0.05,0,1,False,True,0.0,1.0,9485.0220703125
2025-08-21 20:00:00,25,0.05,0,2,False,True,0.0,1.0,8966.297021484375
2025-08-21 21:00:00,25,0.05,0,1,False,True,0.0,1.0,9268.296630859375
2025-08-21 22:00:00,25,0.05,0,1,False,True,0.0,1.0,9313.2240234375
2025-08-21 23:00:00,25,0.05,0,1,False,True,0.0,1.0,9359.03720703125
2025-08-22 00:00:00,25,0.05,0,2,False,True,0.0,1.0,9860.571826171876
2025-08-22 01:00:00,25,0.05,0,1,False,True,0.0,1.0,9375.75830078125
2025-08-22 02:00:00,25,0.05,0,2,False,True,0.0,1.0,9113.64091796875
2025-08-22 03:00:00,25,0.05,1,2,True,True,1.0,1.0,9797.218359375
2025-08-22 04:00:00,25,0.05,0,2,False,True,0.0,1.0,8818.595068359375
2025-08-22 05:00:00,25,0.05,1,2,True,True,1.0,1.0,9621.617724609376
2025-08-22 06:00:00,25,0.05,1,1,True,True,1.0,1.0,10340.667578125
2025-08-22 07:00:00,25,0.05,0,2,False,True,0.0,1.0,10511.544580078125
2025-08-22 08:00:00,25,0.05,0,1,False,True,0.0,1.0,10263.841943359375
2025-08-22 09:00:00,25,0.05,0,1,False,True,0.0,1.0,10484.1302734375
2025-08-22 10:00:00,25,0.05,0,1,False,True,0.0,1.0,10375.949169921874
2025-08-22 11:00:00,25,0.05,0,1,False,True,0.0,1.0,10884.414208984375
2025-08-22 12:00:00,25,0.05,0,1,False,True,0.0,1.0,10878.27421875
2025-08-22 13:00:00,25,0.05,0,3,False,True,0.0,1.0,11144.984130859375
2025-08-22 14:00:00,25,0.05,0,1,False,True,0.0,1.0,10820.648681640625
2025-08-22 15:00:00,25,0.05,0,1,False,True,0.0,1.0,10209.909375
2025-08-22 16:00:00,25,0.05,0,1,False,True,0.0,1.0,10075.144775390625
2025-08-22 17:00:00,25,0.05,0,2,False,True,0.0,1.0,9687.466357421876
2025-08-22 18:00:00,25,0.05,0,1,False,True,0.0,1.0,9981.212353515624
2025-08-22 19:00:00,25,0.05,0,2,False,True,0.0,1.0,9491.471826171875
2025-08-22 20:00:00,25,0.05,0,2,False,True,0.0,1.0,9695.263671875
2025-08-22 21:00:00,25,0.05,0,1,False,True,0.0,1.0,9832.732568359375
2025-08-22 22:00:00,25,0.05,0,1,False,True,0.0,1.0,9627.3638671875
2025-08-22 23:00:00,25,0.05,0,1,False,True,0.0,1.0,9276.05625
2025-08-23 00:00:00,25,0.05,0,2,False,True,0.0,1.0,9481.682275390625
2025-08-23 01:00:00,25,0.05,0,2,False,True,0.0,1.0,9593.756982421875
2025-08-23 02:00:00,25,0.05,0,1,False,True,0.0,1.0,9513.790966796874
2025-08-23 03:00:00,25,0.05,0,1,False,True,0.0,1.0,9619.79296875
2025-08-23 04:00:00,25,0.05,0,2,False,True,0.0,1.0,9446.72216796875
2025-08-23 05:00:00,25,0.05,0,1,False,True,0.0,1.0,9246.56923828125
2025-08-23 06:00:00,25,0.05,0,1,False,True,0.0,1.0,9865.446923828125
2025-08-23 07:00:00,25,0.05,0,1,False,True,0.0,1.0,10252.031201171874
2025-08-23 08:00:00,25,0.05,0,1,False,True,0.0,1.0,10056.4185546875
2025-08-23 09:00:00,25,0.05,0,1,False,True,0.0,1.0,9941.178466796875
2025-08-23 10:00:00,25,0.05,0,1,False,True,0.0,1.0,10249.961279296875
2025-08-23 11:00:00,25,0.05,0,2,False,True,0.0,1.0,10285.96279296875
2025-08-23 12:00:00,25,0.05,0,1,False,True,0.0,1.0,10160.101953125
2025-08-23 13:00:00,25,0.05,0,2,False,True,0.0,1.0,10443.027099609375
2025-08-23 14:00:00,25,0.05,0,1,False,True,0.0,1.0,9833.095947265625
2025-08-23 15:00:00,25,0.05,0,1,False,True,0.0,1.0,9369.98876953125
2025-08-23 16:00:00,25,0.05,0,1,False,True,0.0,1.0,9501.821875
2025-08-23 17:00:00,25,0.05,0,1,False,True,0.0,1.0,9571.652880859376
2025-08-23 18:00:00,25,0.05,0,1,False,True,0.0,1.0,9686.068798828124
2025-08-23 19:00:00,25,0.05,0,2,False,True,0.0,1.0,9776.993212890626
2025-08-23 20:00:00,25,0.05,0,2,False,True,0.0,1.0,9716.225439453125
2025-08-23 21:00:00,25,0.05,1,1,True,True,1.0,1.0,10033.799951171875
2025-08-23 22:00:00,25,0.05,0,1,False,True,0.0,1.0,9641.1376953125
2025-08-23 23:00:00,25,0.05,0,1,False,True,0.0,1.0,9810.37744140625
2025-08-24 00:00:00,25,0.05,0,1,False,True,0.0,1.0,10036.493798828125
2025-08-24 01:00:00,25,0.05,0,2,False,True,0.0,1.0,9664.50419921875
2025-08-24 02:00:00,25,0.05,0,1,False,True,0.0,1.0,10032.268505859376
2025-08-24 03:00:00,25,0.05,0,1,False,True,0.0,1.0,9493.8986328125
2025-08-24 04:00:00,25,0.05,0,1,False,True,0.0,1.0,9802.156591796875
2025-08-24 05:00:00,25,0.05,0,1,False,True,0.0,1.0,9686.910791015625
2025-08-24 06:00:00,25,0.05,0,1,False,True,0.0,1.0,10126.755029296875
2025-08-24 07:00:00,25,0.05,0,1,False,True,0.0,1.0,10573.44521484375
2025-08-24 08:00:00,25,0.05,1,1,True,True,1.0,1.0,10130.683447265625
2025-08-24 09:00:00,25,0.05,0,2,False,True,0.0,1.0,10374.679345703125
2025-08-24 10:00:00,25,0.05,0,1,False,True,0.0,1.0,10157.510107421875
2025-08-24 11:00:00,25,0.05,0,1,False,True,0.0,1.0,9071.994677734376
2025-08-24 12:00:00,25,0.05,0,1,False,True,0.0,1.0,11519.932275390625
2025-08-24 13:00:00,25,0.05,0,2,False,True,0.0,1.0,11625.19580078125
2025-08-24 14:00:00,25,0.05,0,3,False,True,0.0,1.0,11266.49423828125
2025-08-24 15:00:00,25,0.05,0,2,False,True,0.0,1.0,11130.523876953124
2025-08-24 16:00:00,25,0.05,1,3,True,True,1.0,1.0,10792.707275390625
2025-08-24 17:00:00,25,0.05,0,3,False,True,0.0,1.0,10826.905078125
2025-08-24 18:00:00,25,0.05,0,1,False,True,0.0,1.0,9904.624609375
2025-08-24 19:00:00,25,0.05,0,2,False,True,0.0,1.0,9747.672314453124
2025-08-24 20:00:00,25,0.05,0,2,False,True,0.0,1.0,10182.646337890625
2025-08-24 21:00:00,25,0.05,0,1,False,True,0.0,1.0,10165.26328125
2025-08-24 22:00:00,25,0.05,0,2,False,True,0.0,1.0,10144.481005859376
2025-08-24 23:00:00,25,0.05,0,1,False,True,0.0,1.0,9876.0068359375
2025-08-25 00:00:00,25,0.05,0,1,False,True,0.0,1.0,9890.766259765625
2025-08-25 01:00:00,25,0.05,0,2,False,True,0.0,1.0,9978.73134765625
2025-08-25 02:00:00,25,0.05,0,2,False,True,0.0,1.0,9947.03193359375
2025-08-25 03:00:00,25,0.05,0,2,False,True,0.0,1.0,10484.81240234375
2025-08-25 04:00:00,25,0.05,0,1,False,True,0.0,1.0,10337.16796875
2025-08-25 05:00:00,25,0.05,0,1,False,True,0.0,1.0,10168.60791015625
2025-08-25 06:00:00,25,0.05,0,3,False,True,0.0,1.0,10951.4140625
2025-08-25 07:00:00,25,0.05,0,2,False,True,0.0,1.0,10758.240576171875
2025-08-25 08:00:00,25,0.05,1,1,True,True,1.0,1.0,11117.534375
2025-08-25 09:00:00,25,0.05,0,1,False,True,0.0,1.0,10968.435888671875
2025-08-25 10:00:00,25,0.05,1,2,True,True,1.0,1.0,11501.338720703125
2025-08-25 11:00:00,25,0.05,0,1,False,True,0.0,1.0,11316.71201171875
2025-08-25 12:00:00,25,0.05,0,1,False,True,0.0,1.0,11983.684619140626
2025-08-25 13:00:00,25,0.05,0,1,False,True,0.0,1.0,11502.5416015625
2025-08-25 14:00:00,25,0.05,0,2,False,True,0.0,1.0,10805.800341796876
2025-08-25 15:00:00,25,0.05,0,1,False,True,0.0,1.0,10140.59326171875
2025-08-25 16:00:00,25,0.05,1,3,True,True,1.0,1.0,9705.560595703126
2025-08-25 17:00:00,25,0.05,0,3,False,True,0.0,1.0,9923.974755859375
2025-08-25 18:00:00,25,0.05,0,2,False,True,0.0,1.0,9096.687548828126
2025-08-25 19:00:00,25,0.05,0,2,False,True,0.0,1.0,9043.276416015626
2025-08-25 20:00:00,25,0.05,0,1,False,True,0.0,1.0,8986.7455078125
2025-08-25 21:00:00,25,0.05,0,2,False,True,0.0,1.0,9125.8099609375
2025-08-25 22:00:00,25,0.05,0,2,False,True,0.0,1.0,9373.644580078126
2025-08-25 23:00:00,25,0.05,1,1,True,True,1.0,1.0,9456.586767578125
2025-08-26 00:00:00,25,0.05,0,2,False,True,0.0,1.0,9387.9517578125
2025-08-26 01:00:00,25,0.05,0,1,False,True,0.0,1.0,9393.74228515625
2025-08-26 02:00:00,25,0.05,0,3,False,True,0.0,1.0,9437.5587890625
2025-08-26 03:00:00,25,0.05,0,2,False,True,0.0,1.0,9100.98662109375
2025-08-26 04:00:00,25,0.05,0,2,False,True,0.0,1.0,9723.2787109375
2025-08-26 05:00:00,25,0.05,0,2,False,True,0.0,1.0,9307.572412109375
2025-08-26 06:00:00,25,0.05,0,1,False,True,0.0,1.0,9006.949951171875
2025-08-26 07:00:00,25,0.05,0,1,False,True,0.0,1.0,9360.201513671875
2025-08-26 08:00:00,25,0.05,0,3,False,True,0.0,1.0,9880.33798828125
2025-08-26 09:00:00,25,0.05,0,3,False,True,0.0,1.0,10243.241357421875
2025-08-26 10:00:00,25,0.05,0,2,False,True,0.0,1.0,10748.92119140625
2025-08-26 11:00:00,25,0.05,1,2,True,True,1.0,1.0,11170.7296875
2025-08-26 12:00:00,25,0.05,0,2,False,True,0.0,1.0,10920.1736328125
2025-08-26 13:00:00,25,0.05,0,1,False,True,0.0,1.0,9919.43466796875
2025-08-26 14:00:00,25,0.05,1,1,True,True,1.0,1.0,8697.287646484376
2025-08-26 15:00:00,25,0.05,1,2,True,True,1.0,1.0,9256.24921875
2025-08-26 16:00:00,25,0.05,0,1,False,True,0.0,1.0,8994.559130859376
2025-08-26 17:00:00,25,0.05,0,1,False,True,0.0,1.0,8995.164111328126
2025-08-26 18:00:00,25,0.05,0,2,False,True,0.0,1.0,8568.58232421875
2025-08-26 19:00:00,25,0.05,0,1,False,True,0.0,1.0,8466.49609375
2025-08-26 20:00:00,25,0.05,1,2,True,True,1.0,1.0,8086.162036132813
2025-08-26 21:00:00,25,0.05,0,2,False,True,0.0,1.0,8444.966992187501
2025-08-26 22:00:00,25,0.05,0,2,False,True,0.0,1.0,8282.15
2025-08-26 23:00:00,25,0.05,1,1,True,True,1.0,1.0,8002.078588867188
2025-08-27 00:00:00,25,0.05,0,1,False,True,0.0,1.0,8178.533471679688
2025-08-27 01:00:00,25,0.05,0,2,False,True,0.0,1.0,8188.577880859375
2025-08-27 02:00:00,25,0.05,0,2,False,True,0.0,1.0,7985.249194335937
2025-08-27 03:00:00,25,0.05,1,1,True,True,1.0,1.0,8207.702294921875
2025-08-27 04:00:00,25,0.05,1,2,True,True,1.0,1.0,8107.953149414063
2025-08-27 05:00:00,25,0.05,0,2,False,True,0.0,1.0,7993.083959960938
2025-08-27 06:00:00,25,0.05,1,3,True,True,1.0,1.0,8030.081518554688
2025-08-27 07:00:00,25,0.05,1,2,True,True,1.0,1.0,8609.203564453124
2025-08-27 08:00:00,25,0.05,0,1,False,True,0.0,1.0,7490.075048828125
2025-08-27 09:00:00,25,0.05,0,2,False,True,0.0,1.0,9423.065869140626
2025-08-27 10:00:00,25,0.05,0,2,False,True,0.0,1.0,9447.17236328125
2025-08-27 11:00:00,25,0.05,0,2,False,True,0.0,1.0,7620.762304687501
2025-08-27 12:00:00,25,0.05,0,2,False,True,0.0,1.0,8690.101611328126
2025-08-27 13:00:00,25,0.05,0,2,False,True,0.0,1.0,9177.81025390625
2025-08-27 14:00:00,25,0.05,0,2,False,True,0.0,1.0,8554.51650390625
2025-08-27 15:00:00,25,0.05,0,2,False,True,0.0,1.0,8580.21083984375
2025-08-27 16:00:00,25,0.05,0,2,False,True,0.0,1.0,8854.539697265625
2025-08-27 17:00:00,25,0.05,0,2,False,True,0.0,1.0,8723.288720703125
2025-08-27 18:00:00,25,0.05,1,2,True,True,1.0,1.0,9032.044580078125
2025-08-27 19:00:00,25,0.05,0,2,False,True,0.0,1.0,9148.27275390625
2025-08-27 20:00:00,25,0.05,0,2,False,True,0.0,1.0,8440.208154296875
2025-08-27 21:00:00,25,0.05,0,1,False,True,0.0,1.0,9196.868798828125
2025-08-27 22:00:00,25,0.05,0,2,False,True,0.0,1.0,8608.4017578125
2025-08-27 23:00:00,25,0.05,0,2,False,True,0.0,1.0,8988.612109375
2025-08-28 00:00:00,25,0.05,0,2,False,True,0.0,1.0,9032.91279296875
2025-08-28 01:00:00,25,0.05,1,2,True,True,1.0,1.0,8910.705859375
2025-08-28 02:00:00,25,0.05,1,2,True,True,1.0,1.0,8568.0046875
2025-08-28 03:00:00,25,0.05,1,3,True,True,1.0,1.0,8713.365576171875
2025-08-28 04:00:00,25,0.05,0,2,False,True,0.0,1.0,8991.39609375
2025-08-28 05:00:00,25,0.05,0,2,False,True,0.0,1.0,9007.54169921875
2025-08-28 06:00:00,25,0.05,1,2,True,True,1.0,1.0,9486.9677734375
2025-08-28 07:00:00,25,0.05,0,2,False,True,0.0,1.0,10454.31591796875
2025-08-28 08:00:00,25,0.05,0,2,False,True,0.0,1.0,10628.35068359375
2025-08-28 09:00:00,25,0.05,0,2,False,True,0.0,1.0,11239.351513671874
2025-08-28 10:00:00,25,0.05,0,1,False,True,0.0,1.0,11617.616748046876
2025-08-28 11:00:00,25,0.05,0,2,False,True,0.0,1.0,11822.68583984375
2025-08-28 12:00:00,25,0.05,0,2,False,True,0.0,1.0,11965.60400390625
2025-08-28 13:00:00,25,0.05,0,1,False,True,0.0,1.0,11326.51435546875
2025-08-28 14:00:00,25,0.05,1,2,True,True,1.0,1.0,11528.29306640625
2025-08-28 15:00:00,25,0.05,0,3,False,True,0.0,1.0,10997.0689453125
2025-08-28 16:00:00,25,0.05,1,1,True,True,1.0,1.0,11179.47744140625
2025-08-28 17:00:00,25,0.05,0,1,False,True,0.0,1.0,10965.366162109376
2025-08-28 18:00:00,25,0.05,0,1,False,True,0.0,1.0,10914.67265625
2025-08-28 19:00:00,25,0.05,0,2,False,True,0.0,1.0,10767.7552734375
2025-08-28 20:00:00,25,0.05,0,2,False,True,0.0,1.0,11053.127148437501
2025-08-28 21:00:00,25,0.05,0,2,False,True,0.0,1.0,11041.823046875
2025-08-28 22:00:00,25,0.05,0,2,False,True,0.0,1.0,10853.838818359374
2025-08-28 23:00:00,25,0.05,0,2,False,True,0.0,1.0,10462.8017578125
2025-08-29 00:00:00,25,0.05,0,2,False,True,0.0,1.0,10646.694140625
2025-08-29 01:00:00,25,0.05,0,1,False,True,0.0,1.0,10406.345068359375
2025-08-29 02:00:00,25,0.05,0,1,False,True,0.0,1.0,10252.785498046875
2025-08-29 03:00:00,25,0.05,0,1,False,True,0.0,1.0,10795.715771484374
2025-08-29 04:00:00,25,0.05,0,2,False,True,0.0,1.0,11053.699462890625
2025-08-29 05:00:00,25,0.05,0,2,False,True,0.0,1.0,10684.009521484375
2025-08-29 06:00:00,25,0.05,0,2,False,True,0.0,1.0,10538.20380859375
2025-08-29 07:00:00,25,0.05,0,2,False,True,0.0,1.0,10855.44833984375
2025-08-29 08:00:00,25,0.05,0,2,False,True,0.0,1.0,11395.92724609375
2025-08-29 09:00:00,25,0.05,0,3,False,True,0.0,1.0,12139.53671875
2025-08-29 10:00:00,25,0.05,0,1,False,True,0.0,1.0,12016.995361328125
2025-08-29 11:00:00,25,0.05,1,2,True,True,1.0,1.0,11915.32431640625
2025-08-29 12:00:00,25,0.05,0,1,False,True,0.0,1.0,11297.43603515625
2025-08-29 13:00:00,25,0.05,0,1,False,True,0.0,1.0,10226.998876953125
2025-08-29 14:00:00,25,0.05,0,1,False,True,0.0,1.0,9426.204541015624
2025-08-29 15:00:00,25,0.05,1,1,True,True,1.0,1.0,8801.31240234375
2025-08-29 16:00:00,25,0.05,0,2,False,True,0.0,1.0,8152.8250732421875
2025-08-29 17:00:00,25,0.05,0,1,False,True,0.0,1.0,8012.123950195312
2025-08-29 18:00:00,25,0.05,0,1,False,True,0.0,1.0,8792.091015625
2025-08-29 19:00:00,25,0.05,0,1,False,True,0.0,1.0,8828.1478515625
2025-08-29 20:00:00,25,0.05,0,1,False,True,0.0,1.0,8848.82353515625
2025-08-29 21:00:00,25,0.05,0,2,False,True,0.0,1.0,8650.1744140625
2025-08-29 22:00:00,25,0.05,0,1,False,True,0.0,1.0,8430.34296875
2025-08-29 23:00:00,25,0.05,0,1,False,True,0.0,1.0,8852.156591796875
2025-08-30 00:00:00,25,0.05,0,1,False,True,0.0,1.0,8781.800537109375
2025-08-30 01:00:00,25,0.05,1,1,True,True,1.0,1.0,8548.058984375
2025-08-30 02:00:00,25,0.05,0,1,False,True,0.0,1.0,9275.42578125
2025-08-30 03:00:00,25,0.05,0,1,False,True,0.0,1.0,8655.885302734376
2025-08-30 04:00:00,25,0.05,0,1,False,True,0.0,1.0,9071.745263671875
2025-08-30 05:00:00,25,0.05,0,1,False,True,0.0,1.0,8688.818505859375
2025-08-30 06:00:00,25,0.05,0,1,False,True,0.0,1.0,9344.924267578124
2025-08-30 07:00:00,25,0.05,0,1,False,True,0.0,1.0,9656.95888671875
2025-08-30 08:00:00,25,0.05,0,2,False,True,0.0,1.0,9807.13896484375
2025-08-30 09:00:00,25,0.05,0,1,False,True,0.0,1.0,10089.289794921875
2025-08-30 10:00:00,25,0.05,1,1,True,True,1.0,1.0,9903.17099609375
2025-08-30 11:00:00,25,0.05,0,1,False,True,0.0,1.0,10574.6234375
2025-08-30 12:00:00,25,0.05,1,2,True,True,1.0,1.0,10122.15712890625
2025-08-30 13:00:00,25,0.05,0,1,False,True,0.0,1.0,8862.64716796875
2025-08-30 14:00:00,25,0.05,0,1,False,True,0.0,1.0,8272.771484375
2025-08-30 15:00:00,25,0.05,0,2,False,True,0.0,1.0,8341.28251953125
2025-08-30 16:00:00,25,0.05,0,2,False,True,0.0,1.0,7926.277685546875
2025-08-30 17:00:00,25,0.05,0,2,False,True,0.0,1.0,7951.385693359375
2025-08-30 18:00:00,25,0.05,0,1,False,True,0.0,1.0,7859.800708007812
2025-08-30 19:00:00,25,0.05,0,1,False,True,0.0,1.0,7374.941552734375
2025-08-30 20:00:00,25,0.05,0,1,False,True,0.0,1.0,7483.05400390625
2025-08-30 21:00:00,25,0.05,0,1,False,True,0.0,1.0,7803.601660156251
2025-08-30 22:00:00,25,0.05,0,1,False,True,0.0,1.0,7408.668701171875
2025-08-30 23:00:00,25,0.05,0,1,False,True,0.0,1.0,7894.843505859375
2025-08-31 00:00:00,25,0.05,0,1,False,True,0.0,1.0,7497.004663085938
2025-08-31 01:00:00,25,0.05,0,1,False,True,0.0,1.0,7327.913061523437
2025-08-31 02:00:00,25,0.05,0,2,False,True,0.0,1.0,7157.632543945312
2025-08-31 03:00:00,25,0.05,0,2,False,True,0.0,1.0,7378.783959960938
2025-08-31 04:00:00,25,0.05,0,1,False,True,0.0,1.0,7259.243798828125
2025-08-31 05:00:00,25,0.05,0,2,False,True,0.0,1.0,7058.579663085938
2025-08-31 06:00:00,25,0.05,0,1,False,True,0.0,1.0,6593.699536132813
2025-08-31 07:00:00,25,0.05,0,1,False,True,0.0,1.0,7772.248706054687
2025-08-31 08:00:00,25,0.05,0,1,False,True,0.0,1.0,7824.364843750001
2025-08-31 09:00:00,25,0.05,0,1,False,True,0.0,1.0,7521.065576171875
2025-08-31 10:00:00,25,0.05,0,2,False,True,0.0,1.0,6945.133959960937
2025-08-31 11:00:00,25,0.05,0,2,False,True,0.0,1.0,5993.848046875
2025-08-31 12:00:00,25,0.05,0,1,False,True,0.0,1.0,6405.946362304688
2025-08-31 13:00:00,25,0.05,0,2,False,True,0.0,1.0,6092.80693359375
2025-08-31 14:00:00,25,0.05,0,2,False,True,0.0,1.0,5511.646655273437
2025-08-31 15:00:00,25,0.05,0,1,False,True,0.0,1.0,5255.457690429687
2025-08-31 16:00:00,25,0.05,0,3,False,True,0.0,1.0,5026.841894531251
2025-08-31 17:00:00,25,0.05,0,1,False,True,0.0,1.0,5390.97109375
2025-08-31 18:00:00,25,0.05,0,2,False,True,0.0,1.0,6156.496142578125
2025-08-31 19:00:00,25,0.05,0,1,False,True,0.0,1.0,6293.130419921875
2025-08-31 20:00:00,25,0.05,0,1,False,True,0.0,1.0,6137.362719726562
2025-08-31 21:00:00,25,0.05,0,3,False,True,0.0,1.0,6317.733740234375
2025-08-31 22:00:00,25,0.05,0,2,False,True,0.0,1.0,5836.113354492188
2025-08-31 23:00:00,25,0.05,0,1,False,True,0.0,1.0,6067.644287109375
2025-09-01 00:00:00,25,0.05,0,3,False,True,0.0,1.0,7301.190966796875
2025-09-01 01:00:00,25,0.05,1,1,True,True,1.0,1.0,6774.047802734375
2025-09-01 02:00:00,25,0.05,0,2,False,True,0.0,1.0,6758.373754882813
2025-09-01 03:00:00,25,0.05,0,1,False,True,0.0,1.0,6733.862084960938
2025-09-01 04:00:00,25,0.05,0,1,False,True,0.0,1.0,6712.6768798828125
2025-09-01 05:00:00,25,0.05,0,2,False,True,0.0,1.0,6795.64921875
2025-09-01 06:00:00,25,0.05,0,1,False,True,0.0,1.0,6103.613427734375
2025-09-01 07:00:00,25,0.05,0,1,False,True,0.0,1.0,6031.618188476563
2025-09-01 08:00:00,25,0.05,0,1,False,True,0.0,1.0,5808.76318359375
2025-09-01 09:00:00,25,0.05,0,2,False,True,0.0,1.0,5986.59404296875
2025-09-01 10:00:00,25,0.05,0,3,False,True,0.0,1.0,6450.352514648438
2025-09-01 11:00:00,25,0.05,0,2,False,True,0.0,1.0,6724.987768554687
2025-09-01 12:00:00,25,0.05,0,1,False,True,0.0,1.0,6406.314892578125
2025-09-01 13:00:00,25,0.05,0,1,False,True,0.0,1.0,6093.6668701171875
2025-09-01 14:00:00,25,0.05,0,1,False,True,0.0,1.0,5945.1654296875
2025-09-01 15:00:00,25,0.05,0,2,False,True,0.0,1.0,6166.422680664063
2025-09-01 16:00:00,25,0.05,0,2,False,True,0.0,1.0,6143.970361328125
2025-09-01 17:00:00,25,0.05,0,1,False,True,0.0,1.0,6580.5440673828125
2025-09-01 18:00:00,25,0.05,0,2,False,True,0.0,1.0,6824.822998046875
2025-09-01 19:00:00,25,0.05,0,1,False,True,0.0,1.0,6551.775170898438
2025-09-01 20:00:00,25,0.05,0,2,False,True,0.0,1.0,6697.11005859375
2025-09-01 21:00:00,25,0.05,0,2,False,True,0.0,1.0,6608.414013671875
2025-09-01 22:00:00,25,0.05,0,2,False,True,0.0,1.0,6434.910302734375
2025-09-01 23:00:00,25,0.05,0,2,False,True,0.0,1.0,6459.215917968751
2025-09-02 00:00:00,25,0.05,0,2,False,True,0.0,1.0,5480.68095703125
2025-09-02 01:00:00,25,0.05,0,1,False,True,0.0,1.0,5548.1187744140625
2025-09-02 02:00:00,25,0.05,0,1,False,True,0.0,1.0,5776.637646484375
2025-09-02 03:00:00,25,0.05,0,1,False,True,0.0,1.0,6014.545922851563
2025-09-02 04:00:00,25,0.05,0,3,False,True,0.0,1.0,5561.474658203125
2025-09-02 05:00:00,25,0.05,0,2,False,True,0.0,1.0,5421.779956054687
2025-09-02 06:00:00,25,0.05,0,3,False,True,0.0,1.0,6505.945727539062
2025-09-02 07:00:00,25,0.05,0,1,False,True,0.0,1.0,7099.061743164062
2025-09-02 08:00:00,25,0.05,0,3,False,True,0.0,1.0,6745.507495117187
2025-09-02 09:00:00,25,0.05,0,1,False,True,0.0,1.0,7069.61083984375
2025-09-02 10:00:00,25,0.05,0,1,False,True,0.0,1.0,6774.8287109375
2025-09-02 11:00:00,25,0.05,0,1,False,True,0.0,1.0,7299.443359375
2025-09-02 12:00:00,25,0.05,0,1,False,True,0.0,1.0,7018.07177734375
2025-09-02 13:00:00,25,0.05,0,2,False,True,0.0,1.0,7918.68037109375
2025-09-02 14:00:00,25,0.05,0,3,False,True,0.0,1.0,6842.915771484375
2025-09-02 15:00:00,25,0.05,0,1,False,True,0.0,1.0,6772.02421875
2025-09-02 16:00:00,25,0.05,1,1,True,True,1.0,1.0,7160.077905273438
2025-09-02 17:00:00,25,0.05,0,1,False,True,0.0,1.0,7260.564428710937
2025-09-02 18:00:00,25,0.05,0,1,False,True,0.0,1.0,7671.172998046875
2025-09-02 19:00:00,25,0.05,0,1,False,True,0.0,1.0,7344.8128662109375
2025-09-02 20:00:00,25,0.05,1,2,True,True,1.0,1.0,7418.842846679688
2025-09-02 21:00:00,25,0.05,0,1,False,True,0.0,1.0,7162.648364257812
2025-09-02 22:00:00,25,0.05,0,3,False,True,0.0,1.0,7195.672143554688
2025-09-02 23:00:00,25,0.05,0,1,False,True,0.0,1.0,7558.4906005859375
2025-09-03 00:00:00,25,0.05,0,2,False,True,0.0,1.0,7117.262841796875
2025-09-03 01:00:00,25,0.05,0,2,False,True,0.0,1.0,7471.519189453125
2025-09-03 02:00:00,25,0.05,0,2,False,True,0.0,1.0,7366.6124267578125
2025-09-03 03:00:00,25,0.05,0,1,False,True,0.0,1.0,7541.032861328125
2025-09-03 04:00:00,25,0.05,0,2,False,True,0.0,1.0,7474.713232421875
2025-09-03 05:00:00,25,0.05,0,2,False,True,0.0,1.0,7117.893969726562
2025-09-03 06:00:00,25,0.05,0,3,False,True,0.0,1.0,8184.486254882812
2025-09-03 07:00:00,25,0.05,0,1,False,True,0.0,1.0,9241.696435546875
2025-09-03 08:00:00,25,0.05,0,2,False,True,0.0,1.0,9144.34267578125
2025-09-03 09:00:00,25,0.05,0,1,False,True,0.0,1.0,8607.841259765624
2025-09-03 10:00:00,25,0.05,0,1,False,True,0.0,1.0,7887.63955078125
2025-09-03 11:00:00,25,0.05,0,2,False,True,0.0,1.0,8867.43271484375
2025-09-03 12:00:00,25,0.05,0,2,False,True,0.0,1.0,9750.848486328125
2025-09-03 13:00:00,25,0.05,0,1,False,True,0.0,1.0,9843.1767578125
2025-09-03 14:00:00,25,0.05,0,3,False,True,0.0,1.0,9151.977978515624
2025-09-03 15:00:00,25,0.05,0,1,False,True,0.0,1.0,8478.471484375
2025-09-03 16:00:00,25,0.05,1,2,True,True,1.0,1.0,8538.996875
2025-09-03 17:00:00,25,0.05,1,2,True,True,1.0,1.0,8724.997607421876
2025-09-03 18:00:00,25,0.05,0,1,False,True,0.0,1.0,8271.049267578124
2025-09-03 19:00:00,25,0.05,0,1,False,True,0.0,1.0,8039.824877929687
2025-09-03 20:00:00,25,0.05,0,1,False,True,0.0,1.0,8168.527783203125
2025-09-03 21:00:00,25,0.05,0,1,False,True,0.0,1.0,8031.0670166015625
2025-09-03 22:00:00,25,0.05,0,2,False,True,0.0,1.0,8087.803442382812
2025-09-03 23:00:00,25,0.05,0,2,False,True,0.0,1.0,7699.765893554688
2025-09-04 00:00:00,25,0.05,0,2,False,True,0.0,1.0,7837.387231445313
2025-09-04 01:00:00,25,0.05,0,1,False,True,0.0,1.0,8136.096166992188
2025-09-04 02:00:00,25,0.05,0,1,False,True,0.0,1.0,8118.122143554688
2025-09-04 03:00:00,25,0.05,1,2,True,True,1.0,1.0,8082.52080078125
2025-09-04 04:00:00,25,0.05,0,2,False,True,0.0,1.0,8371.368115234374
2025-09-04 05:00:00,25,0.05,0,1,False,True,0.0,1.0,7837.9525390625
2025-09-04 06:00:00,25,0.05,0,2,False,True,0.0,1.0,7920.286083984375
2025-09-04 07:00:00,25,0.05,0,1,False,True,0.0,1.0,8724.674560546875
2025-09-04 08:00:00,25,0.05,0,1,False,True,0.0,1.0,8794.25166015625
2025-09-04 09:00:00,25,0.05,1,3,True,True,1.0,1.0,8950.20146484375
2025-09-04 10:00:00,25,0.05,0,1,False,True,0.0,1.0,8529.276220703125
2025-09-04 11:00:00,25,0.05,0,1,False,True,0.0,1.0,8012.346240234375
2025-09-04 12:00:00,25,0.05,0,1,False,True,0.0,1.0,8212.741552734375
2025-09-04 13:00:00,25,0.05,0,2,False,True,0.0,1.0,8865.37109375
2025-09-04 14:00:00,25,0.05,0,2,False,True,0.0,1.0,9477.844873046875
2025-09-04 15:00:00,25,0.05,0,1,False,True,0.0,1.0,8603.933837890625
2025-09-04 16:00:00,25,0.05,0,2,False,True,0.0,1.0,8773.99765625
2025-09-04 17:00:00,25,0.05,0,3,False,True,0.0,1.0,8814.4390625
2025-09-04 18:00:00,25,0.05,0,2,False,True,0.0,1.0,9039.006494140625
2025-09-04 19:00:00,25,0.05,0,1,False,True,0.0,1.0,8774.560595703126
2025-09-04 20:00:00,25,0.05,0,2,False,True,0.0,1.0,9459.527978515625
2025-09-04 21:00:00,25,0.05,0,3,False,True,0.0,1.0,8889.0943359375
2025-09-04 22:00:00,25,0.05,0,2,False,True,0.0,1.0,9195.174462890625
2025-09-04 23:00:00,25,0.05,0,2,False,True,0.0,1.0,9286.70595703125
2025-09-05 00:00:00,25,0.05,0,2,False,True,0.0,1.0,9505.290576171876
2025-09-05 01:00:00,25,0.05,0,1,False,True,0.0,1.0,9262.0693359375
2025-09-05 02:00:00,25,0.05,0,2,False,True,0.0,1.0,9465.324072265625
2025-09-05 03:00:00,25,0.05,0,1,False,True,0.0,1.0,9530.9001953125
2025-09-05 04:00:00,25,0.05,0,2,False,True,0.0,1.0,9638.814111328125
2025-09-05 05:00:00,25,0.05,0,2,False,True,0.0,1.0,9557.2783203125
2025-09-05 06:00:00,25,0.05,0,3,False,True,0.0,1.0,10492.07353515625
2025-09-05 07:00:00,25,0.05,0,1,False,True,0.0,1.0,10674.866064453125
2025-09-05 08:00:00,25,0.05,0,3,False,True,0.0,1.0,10279.023291015625
2025-09-05 09:00:00,25,0.05,0,2,False,True,0.0,1.0,9619.9814453125
2025-09-05 10:00:00,25,0.05,0,2,False,True,0.0,1.0,9483.303466796875
2025-09-05 11:00:00,25,0.05,0,2,False,True,0.0,1.0,10519.84384765625
2025-09-05 12:00:00,25,0.05,0,1,False,True,0.0,1.0,11140.896142578125
2025-09-05 13:00:00,25,0.05,0,2,False,True,0.0,1.0,11262.566796875
2025-09-05 14:00:00,25,0.05,1,2,True,True,1.0,1.0,10582.32177734375
2025-09-05 15:00:00,25,0.05,0,1,False,True,0.0,1.0,10023.97099609375
2025-09-05 16:00:00,25,0.05,0,1,False,True,0.0,1.0,9880.337841796874
2025-09-05 17:00:00,25,0.05,1,1,True,True,1.0,1.0,9868.5291015625
2025-09-05 18:00:00,25,0.05,1,1,True,True,1.0,1.0,10018.089111328125
2025-09-05 19:00:00,25,0.05,0,1,False,True,0.0,1.0,9829.875390625
2025-09-05 20:00:00,25,0.05,0,2,False,True,0.0,1.0,9820.467431640625
2025-09-05 21:00:00,25,0.05,0,1,False,True,0.0,1.0,9690.870361328125
2025-09-05 22:00:00,25,0.05,0,1,False,True,0.0,1.0,9807.60927734375
2025-09-05 23:00:00,25,0.05,0,1,False,True,0.0,1.0,9895.916455078124
2025-09-06 00:00:00,25,0.05,0,1,False,True,0.0,1.0,9240.62275390625
2025-09-06 01:00:00,25,0.05,0,2,False,True,0.0,1.0,9827.998388671875
2025-09-06 02:00:00,25,0.05,0,1,False,True,0.0,1.0,9585.947265625
2025-09-06 03:00:00,25,0.05,0,2,False,True,0.0,1.0,9558.91708984375
2025-09-06 04:00:00,25,0.05,0,1,False,True,0.0,1.0,9436.1220703125
2025-09-06 05:00:00,25,0.05,0,1,False,True,0.0,1.0,9542.28212890625
2025-09-06 06:00:00,25,0.05,0,1,False,True,0.0,1.0,9855.86025390625
2025-09-06 07:00:00,25,0.05,0,1,False,True,0.0,1.0,10297.6994140625
2025-09-06 08:00:00,25,0.05,0,1,False,True,0.0,1.0,11007.357763671875
2025-09-06 09:00:00,25,0.05,0,2,False,True,0.0,1.0,11010.95498046875
2025-09-06 10:00:00,25,0.05,1,1,True,True,1.0,1.0,10963.63203125
2025-09-06 11:00:00,25,0.05,0,1,False,True,0.0,1.0,10843.224951171875
2025-09-06 12:00:00,25,0.05,0,1,False,True,0.0,1.0,10637.990576171875
2025-09-06 13:00:00,25,0.05,1,1,True,True,1.0,1.0,10296.0658203125
2025-09-06 14:00:00,25,0.05,0,1,False,True,0.0,1.0,9244.634814453126
2025-09-06 15:00:00,25,0.05,0,1,False,True,0.0,1.0,8921.601953125
2025-09-06 16:00:00,25,0.05,0,1,False,True,0.0,1.0,8197.456616210939
2025-09-06 17:00:00,25,0.05,0,1,False,True,0.0,1.0,8291.53564453125
2025-09-06 18:00:00,25,0.05,0,1,False,True,0.0,1.0,7541.770776367188
2025-09-06 19:00:00,25,0.05,0,1,False,True,0.0,1.0,7847.0526123046875
2025-09-06 20:00:00,25,0.05,0,1,False,True,0.0,1.0,7568.99208984375
2025-09-06 21:00:00,25,0.05,0,2,False,True,0.0,1.0,7714.8685302734375
2025-09-06 22:00:00,25,0.05,0,1,False,True,0.0,1.0,7627.191723632813
2025-09-06 23:00:00,25,0.05,0,1,False,True,0.0,1.0,7933.4537353515625
2025-09-07 00:00:00,25,0.05,0,1,False,True,0.0,1.0,7349.9493408203125
2025-09-07 01:00:00,25,0.05,0,1,False,True,0.0,1.0,7308.3837890625
2025-09-07 02:00:00,25,0.05,0,2,False,True,0.0,1.0,7553.2947265625
2025-09-07 03:00:00,25,0.05,0,1,False,True,0.0,1.0,6955.82314453125
2025-09-07 04:00:00,25,0.05,0,1,False,True,0.0,1.0,7364.430737304688
2025-09-07 05:00:00,25,0.05,0,1,False,True,0.0,1.0,7085.79755859375
2025-09-07 06:00:00,25,0.05,0,1,False,True,0.0,1.0,6458.548632812501
2025-09-07 07:00:00,25,0.05,0,1,False,True,0.0,1.0,6844.186938476562
2025-09-07 08:00:00,25,0.05,1,1,True,True,1.0,1.0,7192.794018554688
2025-09-07 09:00:00,25,0.05,0,1,False,True,0.0,1.0,6755.699755859375
2025-09-07 10:00:00,25,0.05,0,2,False,True,0.0,1.0,6570.336962890625
2025-09-07 11:00:00,25,0.05,0,1,False,True,0.0,1.0,7216.829638671876
2025-09-07 12:00:00,25,0.05,0,2,False,True,0.0,1.0,8144.231787109376
2025-09-07 13:00:00,25,0.05,1,1,True,True,1.0,1.0,8420.1705078125
2025-09-07 14:00:00,25,0.05,0,3,False,True,0.0,1.0,7754.7798828125
2025-09-07 15:00:00,25,0.05,0,2,False,True,0.0,1.0,8085.102734375
2025-09-07 16:00:00,25,0.05,0,1,False,True,0.0,1.0,8070.974072265625
2025-09-07 17:00:00,25,0.05,0,2,False,True,0.0,1.0,7380.484106445312
2025-09-07 18:00:00,25,0.05,0,1,False,True,0.0,1.0,7575.9015625
2025-09-07 19:00:00,25,0.05,0,1,False,True,0.0,1.0,7485.186181640625
2025-09-07 20:00:00,25,0.05,0,2,False,True,0.0,1.0,7292.636450195312
2025-09-07 21:00:00,25,0.05,0,2,False,True,0.0,1.0,7815.6859375
2025-09-07 22:00:00,25,0.05,0,2,False,True,0.0,1.0,7514.613549804688
2025-09-07 23:00:00,25,0.05,0,2,False,True,0.0,1.0,7611.785791015625
2025-09-08 00:00:00,25,0.05,0,2,False,True,0.0,1.0,7847.17421875
2025-09-08 01:00:00,25,0.05,0,2,False,True,0.0,1.0,7549.85693359375
2025-09-08 02:00:00,25,0.05,0,2,False,True,0.0,1.0,7562.38095703125
2025-09-08 03:00:00,25,0.05,0,3,False,True,0.0,1.0,7698.010400390625
2025-09-08 04:00:00,25,0.05,0,1,False,True,0.0,1.0,7482.293237304688
2025-09-08 05:00:00,25,0.05,0,3,False,True,0.0,1.0,7403.598193359375
2025-09-08 06:00:00,25,0.05,0,3,False,True,0.0,1.0,7336.77216796875
2025-09-08 07:00:00,25,0.05,0,2,False,True,0.0,1.0,7850.608178710938
2025-09-08 08:00:00,25,0.05,0,1,False,True,0.0,1.0,7466.030224609375
2025-09-08 09:00:00,25,0.05,0,2,False,True,0.0,1.0,5934.604467773438
2025-09-08 10:00:00,25,0.05,0,1,False,True,0.0,1.0,6361.5359375
2025-09-08 11:00:00,25,0.05,0,3,False,True,0.0,1.0,7962.162109375
2025-09-08 12:00:00,25,0.05,0,2,False,True,0.0,1.0,7969.693334960938
2025-09-08 13:00:00,25,0.05,0,1,False,True,0.0,1.0,7789.763208007813
2025-09-08 14:00:00,25,0.05,0,2,False,True,0.0,1.0,7581.348657226563
2025-09-08 15:00:00,25,0.05,0,1,False,True,0.0,1.0,7420.436572265625
2025-09-08 16:00:00,25,0.05,0,2,False,True,0.0,1.0,7187.036572265625
2025-09-08 17:00:00,25,0.05,0,3,False,True,0.0,1.0,6650.884301757813
2025-09-08 18:00:00,25,0.05,0,1,False,True,0.0,1.0,7337.445825195313
2025-09-08 19:00:00,25,0.05,0,3,False,True,0.0,1.0,7519.004443359375
2025-09-08 20:00:00,25,0.05,0,2,False,True,0.0,1.0,7495.280834960938
2025-09-08 21:00:00,25,0.05,0,1,False,True,0.0,1.0,7501.603247070313
2025-09-08 22:00:00,25,0.05,0,3,False,True,0.0,1.0,7978.0391845703125
2025-09-08 23:00:00,25,0.05,0,1,False,True,0.0,1.0,7814.802075195313
2025-09-09 00:00:00,25,0.05,0,1,False,True,0.0,1.0,7669.438061523438
2025-09-09 01:00:00,25,0.05,0,1,False,True,0.0,1.0,7618.966284179687
2025-09-09 02:00:00,25,0.05,0,1,False,True,0.0,1.0,7839.002124023437
2025-09-09 03:00:00,25,0.05,0,2,False,True,0.0,1.0,7528.3470458984375
2025-09-09 04:00:00,25,0.05,0,1,False,True,0.0,1.0,7731.450903320312
2025-09-09 05:00:00,25,0.05,0,2,False,True,0.0,1.0,7696.3826904296875
2025-09-09 06:00:00,25,0.05,0,2,False,True,0.0,1.0,8271.471240234376
2025-09-09 07:00:00,25,0.05,0,1,False,True,0.0,1.0,7471.6190185546875
2025-09-09 08:00:00,25,0.05,0,2,False,True,0.0,1.0,7635.9509765625
2025-09-09 09:00:00,25,0.05,0,2,False,True,0.0,1.0,8128.722973632813
2025-09-09 10:00:00,25,0.05,0,2,False,True,0.0,1.0,8756.138330078125
2025-09-09 11:00:00,25,0.05,0,2,False,True,0.0,1.0,7991.0321044921875
2025-09-09 12:00:00,25,0.05,0,2,False,True,0.0,1.0,8224.380126953125
2025-09-09 13:00:00,25,0.05,0,1,False,True,0.0,1.0,7610.376147460937
2025-09-09 14:00:00,25,0.05,1,1,True,True,1.0,1.0,7566.85888671875
2025-09-09 15:00:00,25,0.05,0,1,False,True,0.0,1.0,7162.080151367188
2025-09-09 16:00:00,25,0.05,0,2,False,True,0.0,1.0,7173.593676757812
2025-09-09 17:00:00,25,0.05,0,1,False,True,0.0,1.0,7443.379223632813
2025-09-09 18:00:00,25,0.05,0,2,False,True,0.0,1.0,7753.774755859375
2025-09-09 19:00:00,25,0.05,0,3,False,True,0.0,1.0,7955.157763671875
2025-09-09 20:00:00,25,0.05,0,1,False,True,0.0,1.0,7422.552490234375
2025-09-09 21:00:00,25,0.05,0,3,False,True,0.0,1.0,7978.9158935546875
2025-09-09 22:00:00,25,0.05,0,1,False,True,0.0,1.0,7586.866479492188
2025-09-09 23:00:00,25,0.05,0,2,False,True,0.0,1.0,8024.4051513671875
2025-09-10 00:00:00,25,0.05,0,2,False,True,0.0,1.0,7576.61640625
2025-09-10 01:00:00,25,0.05,0,1,False,True,0.0,1.0,7566.265087890625
2025-09-10 02:00:00,25,0.05,0,2,False,True,0.0,1.0,7325.47119140625
2025-09-10 03:00:00,25,0.05,0,2,False,True,0.0,1.0,7398.691235351563
2025-09-10 04:00:00,25,0.05,0,2,False,True,0.0,1.0,7398.1482421875
2025-09-10 05:00:00,25,0.05,1,1,True,True,1.0,1.0,7263.773608398437
2025-09-10 06:00:00,25,0.05,0,1,False,True,0.0,1.0,8225.835205078125
2025-09-10 07:00:00,25,0.05,0,1,False,True,0.0,1.0,8740.156787109376
2025-09-10 08:00:00,25,0.05,0,2,False,True,0.0,1.0,9260.68564453125
2025-09-10 09:00:00,25,0.05,0,1,False,True,0.0,1.0,9614.86650390625
2025-09-10 10:00:00,25,0.05,0,1,False,True,0.0,1.0,9547.2572265625
2025-09-10 11:00:00,25,0.05,0,3,False,True,0.0,1.0,9621.8119140625
2025-09-10 12:00:00,25,0.05,0,1,False,True,0.0,1.0,9246.572119140625
2025-09-10 13:00:00,25,0.05,0,1,False,True,0.0,1.0,9063.059423828125
2025-09-10 14:00:00,25,0.05,0,3,False,True,0.0,1.0,9327.525341796874
2025-09-10 15:00:00,25,0.05,0,1,False,True,0.0,1.0,8637.465771484374
2025-09-10 16:00:00,25,0.05,1,1,True,True,1.0,1.0,8593.0291015625
2025-09-10 17:00:00,25,0.05,0,3,False,True,0.0,1.0,8582.92841796875
2025-09-10 18:00:00,25,0.05,0,1,False,True,0.0,1.0,8957.458642578125
2025-09-10 19:00:00,25,0.05,0,1,False,True,0.0,1.0,8891.152001953125
2025-09-10 20:00:00,25,0.05,0,1,False,True,0.0,1.0,9312.371923828125
2025-09-10 21:00:00,25,0.05,0,1,False,True,0.0,1.0,8949.34287109375
2025-09-10 22:00:00,25,0.05,0,2,False,True,0.0,1.0,9185.32880859375
2025-09-10 23:00:00,25,0.05,0,3,False,True,0.0,1.0,9079.299755859374
2025-09-11 00:00:00,25,0.05,0,1,False,True,0.0,1.0,9281.75791015625
2025-09-11 01:00:00,25,0.05,0,2,False,True,0.0,1.0,9286.4177734375
2025-09-11 02:00:00,25,0.05,0,1,False,True,0.0,1.0,9149.3359375
2025-09-11 03:00:00,25,0.05,1,1,True,True,1.0,1.0,8834.79072265625
2025-09-11 04:00:00,25,0.05,0,1,False,True,0.0,1.0,8790.05185546875
2025-09-11 05:00:00,25,0.05,0,1,False,True,0.0,1.0,8851.87275390625
2025-09-11 06:00:00,25,0.05,0,1,False,True,0.0,1.0,8988.027392578126
2025-09-11 07:00:00,25,0.05,0,1,False,True,0.0,1.0,8900.696728515624
2025-09-11 08:00:00,25,0.05,0,2,False,True,0.0,1.0,9364.627148437501
2025-09-11 09:00:00,25,0.05,0,2,False,True,0.0,1.0,9039.695166015625
2025-09-11 10:00:00,25,0.05,0,2,False,True,0.0,1.0,8710.107568359375
2025-09-11 11:00:00,25,0.05,0,1,False,True,0.0,1.0,8017.547265625
2025-09-11 12:00:00,25,0.05,0,2,False,True,0.0,1.0,8201.172143554688
2025-09-11 13:00:00,25,0.05,0,2,False,True,0.0,1.0,7425.447705078125
2025-09-11 14:00:00,25,0.05,0,2,False,True,0.0,1.0,8183.110107421875
2025-09-11 15:00:00,25,0.05,0,1,False,True,0.0,1.0,7886.580322265625
2025-09-11 16:00:00,25,0.05,0,2,False,True,0.0,1.0,7777.056225585938
2025-09-11 17:00:00,25,0.05,0,1,False,True,0.0,1.0,7745.826245117188
2025-09-11 18:00:00,25,0.05,0,2,False,True,0.0,1.0,7114.597143554688
2025-09-11 19:00:00,25,0.05,0,1,False,True,0.0,1.0,7369.560400390626
2025-09-11 20:00:00,25,0.05,0,2,False,True,0.0,1.0,7261.313403320312
2025-09-11 21:00:00,25,0.05,1,2,True,True,1.0,1.0,7293.9066162109375
2025-09-11 22:00:00,25,0.05,0,2,False,True,0.0,1.0,7496.2154541015625
2025-09-11 23:00:00,25,0.05,0,1,False,True,0.0,1.0,7522.313891601562
2025-09-12 00:00:00,25,0.05,0,1,False,True,0.0,1.0,7710.727465820312
2025-09-12 01:00:00,25,0.05,0,2,False,True,0.0,1.0,7894.259594726563
2025-09-12 02:00:00,25,0.05,0,1,False,True,0.0,1.0,7611.377490234375
2025-09-12 03:00:00,25,0.05,0,2,False,True,0.0,1.0,7575.980981445313
2025-09-12 04:00:00,25,0.05,0,1,False,True,0.0,1.0,7468.556372070312
2025-09-12 05:00:00,25,0.05,0,2,False,True,0.0,1.0,7506.739038085938
2025-09-12 06:00:00,25,0.05,0,1,False,True,0.0,1.0,8197.60791015625
2025-09-12 07:00:00,25,0.05,0,2,False,True,0.0,1.0,8708.762939453125
2025-09-12 08:00:00,25,0.05,0,2,False,True,0.0,1.0,8887.4046875
2025-09-12 09:00:00,25,0.05,0,2,False,True,0.0,1.0,8325.300634765625
2025-09-12 10:00:00,25,0.05,0,2,False,True,0.0,1.0,7814.5025390625
2025-09-12 11:00:00,25,0.05,0,2,False,True,0.0,1.0,7774.9578125
2025-09-12 12:00:00,25,0.05,0,1,False,True,0.0,1.0,7950.730883789062
2025-09-12 13:00:00,25,0.05,0,1,False,True,0.0,1.0,7475.83837890625
2025-09-12 14:00:00,25,0.05,0,2,False,True,0.0,1.0,7679.780932617187
2025-09-12 15:00:00,25,0.05,0,1,False,True,0.0,1.0,7141.318945312501
2025-09-12 16:00:00,25,0.05,0,1,False,True,0.0,1.0,7490.172534179687
2025-09-12 17:00:00,25,0.05,0,1,False,True,0.0,1.0,7911.11064453125
2025-09-12 18:00:00,25,0.05,0,1,False,True,0.0,1.0,7497.5684814453125
2025-09-12 19:00:00,25,0.05,0,1,False,True,0.0,1.0,8023.237280273437
2025-09-12 20:00:00,25,0.05,0,2,False,True,0.0,1.0,7746.1895751953125
2025-09-12 21:00:00,25,0.05,0,1,False,True,0.0,1.0,8018.503735351563
2025-09-12 22:00:00,25,0.05,0,2,False,True,0.0,1.0,7639.502514648438
2025-09-12 23:00:00,25,0.05,0,1,False,True,0.0,1.0,7259.445166015625
2025-09-13 00:00:00,25,0.05,0,1,False,True,0.0,1.0,7650.883032226563
2025-09-13 01:00:00,25,0.05,0,2,False,True,0.0,1.0,7595.478930664062
2025-09-13 02:00:00,25,0.05,0,1,False,True,0.0,1.0,7575.922045898437
2025-09-13 03:00:00,25,0.05,0,1,False,True,0.0,1.0,7953.912158203125
2025-09-13 04:00:00,25,0.05,0,1,False,True,0.0,1.0,7427.126684570312
2025-09-13 05:00:00,25,0.05,1,1,True,True,1.0,1.0,7857.080297851562
2025-09-13 06:00:00,25,0.05,0,2,False,True,0.0,1.0,8824.1814453125
2025-09-13 07:00:00,25,0.05,0,2,False,True,0.0,1.0,8706.655615234375
2025-09-13 08:00:00,25,0.05,0,1,False,True,0.0,1.0,9134.75244140625
2025-09-13 09:00:00,25,0.05,0,1,False,True,0.0,1.0,8962.6568359375
2025-09-13 10:00:00,25,0.05,0,1,False,True,0.0,1.0,8872.554296875
2025-09-13 11:00:00,25,0.05,0,1,False,True,0.0,1.0,7733.6083984375
2025-09-13 12:00:00,25,0.05,0,1,False,True,0.0,1.0,8341.323779296876
2025-09-13 13:00:00,25,0.05,0,1,False,True,0.0,1.0,8372.012158203124
2025-09-13 14:00:00,25,0.05,0,1,False,True,0.0,1.0,7466.02685546875
2025-09-13 15:00:00,25,0.05,0,1,False,True,0.0,1.0,7495.132739257812
2025-09-13 16:00:00,25,0.05,0,1,False,True,0.0,1.0,7174.725341796875
2025-09-13 17:00:00,25,0.05,0,1,False,True,0.0,1.0,7171.959790039063
2025-09-13 18:00:00,25,0.05,0,2,False,True,0.0,1.0,7746.78681640625
2025-09-13 19:00:00,25,0.05,0,1,False,True,0.0,1.0,7868.745458984375
2025-09-13 20:00:00,25,0.05,0,1,False,True,0.0,1.0,7777.8797607421875
2025-09-13 21:00:00,25,0.05,0,1,False,True,0.0,1.0,8105.111840820313
2025-09-13 22:00:00,25,0.05,0,2,False,True,0.0,1.0,7672.92939453125
2025-09-13 23:00:00,25,0.05,0,1,False,True,0.0,1.0,7920.7033203125
2025-09-14 00:00:00,25,0.05,0,2,False,True,0.0,1.0,7737.442700195313
2025-09-14 01:00:00,25,0.05,0,2,False,True,0.0,1.0,8152.06279296875
2025-09-14 02:00:00,25,0.05,0,1,False,True,0.0,1.0,7784.971704101563
2025-09-14 03:00:00,25,0.05,0,2,False,True,0.0,1.0,8138.343774414063
2025-09-14 04:00:00,25,0.05,0,1,False,True,0.0,1.0,8041.037426757813
2025-09-14 05:00:00,25,0.05,0,1,False,True,0.0,1.0,8104.6408203125
2025-09-14 06:00:00,25,0.05,0,2,False,True,0.0,1.0,7492.444384765625
2025-09-14 07:00:00,25,0.05,0,2,False,True,0.0,1.0,7839.918188476563
2025-09-14 08:00:00,25,0.05,0,1,False,True,0.0,1.0,8070.4693603515625
2025-09-14 09:00:00,25,0.05,0,1,False,True,0.0,1.0,8344.87509765625
2025-09-14 10:00:00,25,0.05,0,1,False,True,0.0,1.0,8804.231396484374
2025-09-14 11:00:00,25,0.05,0,1,False,True,0.0,1.0,8707.61708984375
2025-09-14 12:00:00,25,0.05,0,1,False,True,0.0,1.0,9830.358544921875
2025-09-14 13:00:00,25,0.05,1,2,True,True,1.0,1.0,8500.41201171875
2025-09-14 14:00:00,25,0.05,0,2,False,True,0.0,1.0,9167.729931640624
2025-09-14 15:00:00,25,0.05,0,2,False,True,0.0,1.0,9533.705126953126
2025-09-14 16:00:00,25,0.05,0,2,False,True,0.0,1.0,9513.021484375
2025-09-14 17:00:00,25,0.05,0,1,False,True,0.0,1.0,9497.521923828126
2025-09-14 18:00:00,25,0.05,0,3,False,True,0.0,1.0,8964.577587890624
2025-09-14 19:00:00,25,0.05,0,2,False,True,0.0,1.0,8964.105517578126
2025-09-14 20:00:00,25,0.05,0,1,False,True,0.0,1.0,9082.048388671876
2025-09-14 21:00:00,25,0.05,0,2,False,True,0.0,1.0,9232.796142578125
2025-09-14 22:00:00,25,0.05,0,2,False,True,0.0,1.0,9025.167626953125
2025-09-14 23:00:00,25,0.05,0,2,False,True,0.0,1.0,9201.5638671875
2025-09-15 00:00:00,25,0.05,0,2,False,True,0.0,1.0,9269.175830078126
2025-09-15 01:00:00,25,0.05,0,2,False,True,0.0,1.0,9314.238525390625
2025-09-15 02:00:00,25,0.05,0,1,False,True,0.0,1.0,9148.53330078125
2025-09-15 03:00:00,25,0.05,0,2,False,True,0.0,1.0,9340.520751953125
2025-09-15 04:00:00,25,0.05,1,1,True,True,1.0,1.0,9442.45712890625
2025-09-15 05:00:00,25,0.05,0,1,False,True,0.0,1.0,9634.86513671875
2025-09-15 06:00:00,25,0.05,0,2,False,True,0.0,1.0,9773.085986328126
2025-09-15 07:00:00,25,0.05,0,1,False,True,0.0,1.0,10802.488720703124
2025-09-15 08:00:00,25,0.05,0,1,False,True,0.0,1.0,10384.110009765625
2025-09-15 09:00:00,25,0.05,0,1,False,True,0.0,1.0,9925.385693359374
2025-09-15 10:00:00,25,0.05,0,2,False,True,0.0,1.0,9049.88125
2025-09-15 11:00:00,25,0.05,0,1,False,True,0.0,1.0,9244.933251953125
2025-09-15 12:00:00,25,0.05,0,1,False,True,0.0,1.0,11082.6296875
2025-09-15 13:00:00,25,0.05,0,2,False,True,0.0,1.0,11135.406298828126
2025-09-15 14:00:00,25,0.05,0,2,False,True,0.0,1.0,10973.08388671875
2025-09-15 15:00:00,25,0.05,0,1,False,True,0.0,1.0,10727.901318359374
2025-09-15 16:00:00,25,0.05,0,2,False,True,0.0,1.0,10688.996044921874
2025-09-15 17:00:00,25,0.05,0,1,False,True,0.0,1.0,10383.3794921875
2025-09-15 18:00:00,25,0.05,1,2,True,True,1.0,1.0,10737.839794921874
2025-09-15 19:00:00,25,0.05,0,2,False,True,0.0,1.0,10884.877880859374
2025-09-15 20:00:00,25,0.05,1,3,True,True,1.0,1.0,10493.415234375
2025-09-15 21:00:00,25,0.05,0,1,False,True,0.0,1.0,10984.453271484375
2025-09-15 22:00:00,25,0.05,1,2,True,True,1.0,1.0,10498.212158203125
2025-09-15 23:00:00,25,0.05,0,2,False,True,0.0,1.0,10542.42529296875
2025-09-16 00:00:00,25,0.05,0,1,False,True,0.0,1.0,10219.542529296876
2025-09-16 01:00:00,25,0.05,0,1,False,True,0.0,1.0,9987.375634765625
2025-09-16 02:00:00,25,0.05,1,1,True,True,1.0,1.0,10423.0904296875
2025-09-16 03:00:00,25,0.05,1,1,True,True,1.0,1.0,10264.649951171876
2025-09-16 04:00:00,25,0.05,1,2,True,True,1.0,1.0,9930.63037109375
2025-09-16 05:00:00,25,0.05,0,2,False,True,0.0,1.0,9813.8953125
2025-09-16 06:00:00,25,0.05,0,2,False,True,0.0,1.0,9466.42900390625
2025-09-16 07:00:00,25,0.05,0,1,False,True,0.0,1.0,11667.906005859375
2025-09-16 08:00:00,25,0.05,0,1,False,True,0.0,1.0,11459.22373046875
2025-09-16 09:00:00,25,0.05,0,2,False,True,0.0,1.0,11827.89697265625
2025-09-16 10:00:00,25,0.05,0,1,False,True,0.0,1.0,11768.380517578125
2025-09-16 11:00:00,25,0.05,0,2,False,True,0.0,1.0,11579.885888671875
2025-09-16 12:00:00,25,0.05,0,1,False,True,0.0,1.0,11358.441845703124
2025-09-16 13:00:00,25,0.05,0,1,False,True,0.0,1.0,10204.337548828125
2025-09-16 14:00:00,25,0.05,0,2,False,True,0.0,1.0,10037.52080078125
2025-09-16 15:00:00,25,0.05,0,1,False,True,0.0,1.0,9089.633984375
2025-09-16 16:00:00,25,0.05,0,2,False,True,0.0,1.0,8951.647412109374
2025-09-16 17:00:00,25,0.05,0,1,False,True,0.0,1.0,8776.043505859376
2025-09-16 18:00:00,25,0.05,0,2,False,True,0.0,1.0,8986.6833984375
2025-09-16 19:00:00,25,0.05,0,1,False,True,0.0,1.0,8828.976318359375
2025-09-16 20:00:00,25,0.05,0,1,False,True,0.0,1.0,9024.56328125
2025-09-16 21:00:00,25,0.05,1,1,True,True,1.0,1.0,9071.468212890624
2025-09-16 22:00:00,25,0.05,0,1,False,True,0.0,1.0,8796.581201171875
2025-09-16 23:00:00,25,0.05,0,1,False,True,0.0,1.0,9020.03251953125
2025-09-17 00:00:00,25,0.05,0,3,False,True,0.0,1.0,9417.79365234375
2025-09-17 01:00:00,25,0.05,0,2,False,True,0.0,1.0,9305.51787109375
2025-09-17 02:00:00,25,0.05,1,1,True,True,1.0,1.0,9206.289453125
2025-09-17 03:00:00,25,0.05,0,1,False,True,0.0,1.0,9062.854931640624
2025-09-17 04:00:00,25,0.05,0,1,False,True,0.0,1.0,9025.731298828125
2025-09-17 05:00:00,25,0.05,1,2,True,True,1.0,1.0,9345.667626953125
2025-09-17 06:00:00,25,0.05,0,2,False,True,0.0,1.0,8421.345458984375
2025-09-17 07:00:00,25,0.05,0,2,False,True,0.0,1.0,10041.981396484374
2025-09-17 08:00:00,25,0.05,0,1,False,True,0.0,1.0,10829.39404296875
2025-09-17 09:00:00,25,0.05,0,2,False,True,0.0,1.0,10748.208154296875
2025-09-17 10:00:00,25,0.05,0,2,False,True,0.0,1.0,10918.643603515626
2025-09-17 11:00:00,25,0.05,0,1,False,True,0.0,1.0,10543.5408203125
2025-09-17 12:00:00,25,0.05,0,3,False,True,0.0,1.0,10297.86923828125
2025-09-17 13:00:00,25,0.05,0,2,False,True,0.0,1.0,10034.976953125
2025-09-17 14:00:00,25,0.05,0,2,False,True,0.0,1.0,9462.080126953126
2025-09-17 15:00:00,25,0.05,0,1,False,True,0.0,1.0,9032.786181640626
2025-09-17 16:00:00,25,0.05,0,1,False,True,0.0,1.0,8226.074780273437
2025-09-17 17:00:00,25,0.05,1,1,True,True,1.0,1.0,8414.700244140626
2025-09-17 18:00:00,25,0.05,0,2,False,True,0.0,1.0,9593.905615234375
2025-09-17 19:00:00,25,0.05,1,1,True,True,1.0,1.0,9345.28779296875
2025-09-17 20:00:00,25,0.05,1,1,True,True,1.0,1.0,9782.621337890625
2025-09-17 21:00:00,25,0.05,0,1,False,True,0.0,1.0,9604.222509765625
2025-09-17 22:00:00,25,0.05,0,1,False,True,0.0,1.0,9482.22646484375
2025-09-17 23:00:00,25,0.05,0,2,False,True,0.0,1.0,9662.239892578125
2025-09-18 00:00:00,25,0.05,0,2,False,True,0.0,1.0,9498.7998046875
2025-09-18 01:00:00,25,0.05,0,1,False,True,0.0,1.0,9789.624169921875
2025-09-18 02:00:00,25,0.05,0,2,False,True,0.0,1.0,9473.727978515624
2025-09-18 03:00:00,25,0.05,0,1,False,True,0.0,1.0,9605.29482421875
2025-09-18 04:00:00,25,0.05,1,1,True,True,1.0,1.0,9274.1556640625
2025-09-18 05:00:00,25,0.05,0,1,False,True,0.0,1.0,9638.049267578124
2025-09-18 06:00:00,25,0.05,0,2,False,True,0.0,1.0,7970.984204101563
2025-09-18 07:00:00,25,0.05,0,1,False,True,0.0,1.0,9117.256982421875
2025-09-18 08:00:00,25,0.05,0,3,False,True,0.0,1.0,9997.103662109375
2025-09-18 09:00:00,25,0.05,1,3,True,True,1.0,1.0,10228.607470703126
2025-09-18 10:00:00,25,0.05,0,1,False,True,0.0,1.0,9871.45712890625
2025-09-18 11:00:00,25,0.05,0,1,False,True,0.0,1.0,9841.059375
2025-09-18 12:00:00,25,0.05,0,2,False,True,0.0,1.0,9349.955029296874
2025-09-18 13:00:00,25,0.05,0,3,False,True,0.0,1.0,8511.474560546874
2025-09-18 14:00:00,25,0.05,0,1,False,True,0.0,1.0,7581.6016845703125
2025-09-18 15:00:00,25,0.05,0,2,False,True,0.0,1.0,6813.957739257813
2025-09-18 16:00:00,25,0.05,0,2,False,True,0.0,1.0,6333.5250244140625
2025-09-18 17:00:00,25,0.05,0,2,False,True,0.0,1.0,5931.572705078125
2025-09-18 18:00:00,25,0.05,0,1,False,True,0.0,1.0,6105.883471679687
2025-09-18 19:00:00,25,0.05,0,1,False,True,0.0,1.0,6053.23916015625
2025-09-18 20:00:00,25,0.05,0,2,False,True,0.0,1.0,5712.488061523438
2025-09-18 21:00:00,25,0.05,0,2,False,True,0.0,1.0,6328.58583984375
2025-09-18 22:00:00,25,0.05,0,2,False,True,0.0,1.0,6113.246142578125
2025-09-18 23:00:00,25,0.05,0,1,False,True,0.0,1.0,6239.2599609375
2025-09-19 00:00:00,25,0.05,0,3,False,True,0.0,1.0,5105.525170898438
2025-09-19 01:00:00,25,0.05,0,1,False,True,0.0,1.0,4596.235546875
2025-09-19 02:00:00,25,0.05,0,1,False,True,0.0,1.0,4635.18779296875
2025-09-19 03:00:00,25,0.05,0,3,False,True,0.0,1.0,4597.2095703125
2025-09-19 04:00:00,25,0.05,0,1,False,True,0.0,1.0,4596.545971679688
2025-09-19 05:00:00,25,0.05,0,1,False,True,0.0,1.0,4360.605517578125
2025-09-19 06:00:00,25,0.05,0,1,False,True,0.0,1.0,4661.349951171876
2025-09-19 07:00:00,25,0.05,0,1,False,True,0.0,1.0,4509.0574951171875
2025-09-19 08:00:00,25,0.05,0,2,False,True,0.0,1.0,4445.084545898438
2025-09-19 09:00:00,25,0.05,0,2,False,True,0.0,1.0,4660.28017578125
2025-09-19 10:00:00,25,0.05,0,2,False,True,0.0,1.0,5269.7083984375
2025-09-19 11:00:00,25,0.05,0,1,False,True,0.0,1.0,5771.9744140625
2025-09-19 12:00:00,25,0.05,1,3,True,True,1.0,1.0,6310.012231445313
2025-09-19 13:00:00,25,0.05,0,2,False,True,0.0,1.0,6372.813330078125
2025-09-19 14:00:00,25,0.05,0,1,False,True,0.0,1.0,6183.335107421875
2025-09-19 15:00:00,25,0.05,0,1,False,True,0.0,1.0,5812.849877929688
2025-09-19 16:00:00,25,0.05,0,1,False,True,0.0,1.0,5467.35439453125
2025-09-19 17:00:00,25,0.05,0,1,False,True,0.0,1.0,5257.48583984375
2025-09-19 18:00:00,25,0.05,1,1,True,True,1.0,1.0,5776.993212890625
2025-09-19 19:00:00,25,0.05,1,1,True,True,1.0,1.0,5950.39033203125
2025-09-19 20:00:00,25,0.05,0,1,False,True,0.0,1.0,5801.006591796875
2025-09-19 21:00:00,25,0.05,0,1,False,True,0.0,1.0,6064.763720703125
2025-09-19 22:00:00,25,0.05,1,1,True,True,1.0,1.0,6248.2962646484375
2025-09-19 23:00:00,25,0.05,0,1,False,True,0.0,1.0,5791.697607421876
2025-09-20 00:00:00,25,0.05,0,1,False,True,0.0,1.0,5720.098095703125
2025-09-20 01:00:00,25,0.05,1,2,True,True,1.0,1.0,5232.738208007812
2025-09-20 02:00:00,25,0.05,0,1,False,True,0.0,1.0,5661.746362304688
2025-09-20 03:00:00,25,0.05,0,2,False,True,0.0,1.0,5523.821850585938
2025-09-20 04:00:00,25,0.05,0,2,False,True,0.0,1.0,5461.718212890625
2025-09-20 05:00:00,25,0.05,0,1,False,True,0.0,1.0,5662.5814453125
2025-09-20 06:00:00,25,0.05,0,1,False,True,0.0,1.0,5575.663159179688
2025-09-20 07:00:00,25,0.05,0,1,False,True,0.0,1.0,6013.999267578125
2025-09-20 08:00:00,25,0.05,0,1,False,True,0.0,1.0,6833.984399414063
2025-09-20 09:00:00,25,0.05,0,1,False,True,0.0,1.0,7253.558740234375
2025-09-20 10:00:00,25,0.05,0,1,False,True,0.0,1.0,7050.325219726563
2025-09-20 11:00:00,25,0.05,0,2,False,True,0.0,1.0,6218.5980224609375
2025-09-20 12:00:00,25,0.05,0,1,False,True,0.0,1.0,7206.676049804688
2025-09-20 13:00:00,25,0.05,0,2,False,True,0.0,1.0,6935.063574218751
2025-09-20 14:00:00,25,0.05,0,1,False,True,0.0,1.0,6637.421411132813
2025-09-20 15:00:00,25,0.05,0,2,False,True,0.0,1.0,6831.336279296876
2025-09-20 16:00:00,25,0.05,1,1,True,True,1.0,1.0,6315.827075195312
2025-09-20 17:00:00,25,0.05,0,1,False,True,0.0,1.0,6421.894458007812
2025-09-20 18:00:00,25,0.05,0,2,False,True,0.0,1.0,6624.77275390625
2025-09-20 19:00:00,25,0.05,1,1,True,True,1.0,1.0,6463.353442382812
2025-09-20 20:00:00,25,0.05,0,1,False,True,0.0,1.0,6348.61884765625
2025-09-20 21:00:00,25,0.05,0,1,False,True,0.0,1.0,6411.039794921875
2025-09-20 22:00:00,25,0.05,0,2,False,True,0.0,1.0,6702.310717773437
2025-09-20 23:00:00,25,0.05,0,2,False,True,0.0,1.0,6517.917993164063
2025-09-21 00:00:00,25,0.05,0,2,False,True,0.0,1.0,6070.392553710937
2025-09-21 01:00:00,25,0.05,0,1,False,True,0.0,1.0,6061.9525146484375
2025-09-21 02:00:00,25,0.05,0,1,False,True,0.0,1.0,6016.274877929687
2025-09-21 03:00:00,25,0.05,0,1,False,True,0.0,1.0,6262.9232421875
2025-09-21 04:00:00,25,0.05,1,1,True,True,1.0,1.0,6338.123608398438
2025-09-21 05:00:00,25,0.05,0,1,False,True,0.0,1.0,6539.264697265625
2025-09-21 06:00:00,25,0.05,0,1,False,True,0.0,1.0,6319.761791992188
2025-09-21 07:00:00,25,0.05,0,1,False,True,0.0,1.0,8185.0260009765625
2025-09-21 08:00:00,25,0.05,0,2,False,True,0.0,1.0,8664.376025390626
2025-09-21 09:00:00,25,0.05,0,2,False,True,0.0,1.0,8754.1453125
2025-09-21 10:00:00,25,0.05,0,1,False,True,0.0,1.0,6885.661083984375
2025-09-21 11:00:00,25,0.05,0,1,False,True,0.0,1.0,6804.090063476562
2025-09-21 12:00:00,25,0.05,0,2,False,True,0.0,1.0,5597.434130859375
2025-09-21 13:00:00,25,0.05,0,2,False,True,0.0,1.0,4373.627734375
2025-09-21 14:00:00,25,0.05,0,2,False,True,0.0,1.0,4356.822412109375
2025-09-21 15:00:00,25,0.05,0,2,False,True,0.0,1.0,3992.6932983398438
2025-09-21 16:00:00,25,0.05,0,1,False,True,0.0,1.0,4012.5947753906253
2025-09-21 17:00:00,25,0.05,0,1,False,True,0.0,1.0,4043.515576171875
2025-09-21 18:00:00,25,0.05,0,1,False,True,0.0,1.0,3749.539270019531
2025-09-21 19:00:00,25,0.05,0,2,False,True,0.0,1.0,3612.736462402344
2025-09-21 20:00:00,25,0.05,0,2,False,True,0.0,1.0,3456.941125488281
2025-09-21 21:00:00,25,0.05,0,2,False,True,0.0,1.0,3491.7592895507814
2025-09-21 22:00:00,25,0.05,0,2,False,True,0.0,1.0,3752.701611328125
2025-09-21 23:00:00,25,0.05,0,2,False,True,0.0,1.0,3745.2410766601565
2025-09-22 00:00:00,25,0.05,0,1,False,True,0.0,1.0,4264.94033203125
2025-09-22 01:00:00,25,0.05,0,2,False,True,0.0,1.0,3892.0142822265625
2025-09-22 02:00:00,25,0.05,0,2,False,True,0.0,1.0,4445.898046875
2025-09-22 03:00:00,25,0.05,0,1,False,True,0.0,1.0,4178.5556640625
2025-09-22 04:00:00,25,0.05,0,2,False,True,0.0,1.0,4311.4063720703125
2025-09-22 05:00:00,25,0.05,0,2,False,True,0.0,1.0,3824.5427246093755
2025-09-22 06:00:00,25,0.05,0,1,False,True,0.0,1.0,4319.987744140625
2025-09-22 07:00:00,25,0.05,0,1,False,True,0.0,1.0,3490.4924926757812
2025-09-22 08:00:00,25,0.05,0,2,False,True,0.0,1.0,3963.2692138671873
2025-09-22 09:00:00,25,0.05,0,1,False,True,0.0,1.0,4341.450268554688
2025-09-22 10:00:00,25,0.05,0,2,False,True,0.0,1.0,4909.58125
2025-09-22 11:00:00,25,0.05,0,1,False,True,0.0,1.0,4491.30693359375
2025-09-22 12:00:00,25,0.05,0,1,False,True,0.0,1.0,3987.9246337890627
2025-09-22 13:00:00,25,0.05,0,2,False,True,0.0,1.0,4262.829809570312
2025-09-22 14:00:00,25,0.05,0,1,False,True,0.0,1.0,4298.3946533203125
2025-09-22 15:00:00,25,0.05,0,1,False,True,0.0,1.0,4159.179296875
2025-09-22 16:00:00,25,0.05,0,2,False,True,0.0,1.0,4267.023779296876
2025-09-22 17:00:00,25,0.05,0,2,False,True,0.0,1.0,4024.5706787109375
2025-09-22 18:00:00,25,0.05,0,1,False,True,0.0,1.0,4491.014086914062
2025-09-22 19:00:00,25,0.05,1,1,True,True,1.0,1.0,4883.288256835937
2025-09-22 20:00:00,25,0.05,1,1,True,True,1.0,1.0,4135.778369140625
2025-09-22 21:00:00,25,0.05,0,1,False,True,0.0,1.0,4762.649829101562
2025-09-22 22:00:00,25,0.05,0,1,False,True,0.0,1.0,4568.150366210937
2025-09-22 23:00:00,25,0.05,0,1,False,True,0.0,1.0,4538.535961914063
2025-09-23 00:00:00,25,0.05,0,1,False,True,0.0,1.0,5699.056713867188
2025-09-23 01:00:00,25,0.05,0,1,False,True,0.0,1.0,4947.783544921875
2025-09-23 02:00:00,25,0.05,0,1,False,True,0.0,1.0,5676.30009765625
2025-09-23 03:00:00,25,0.05,0,2,False,True,0.0,1.0,5733.009521484375
2025-09-23 04:00:00,25,0.05,0,1,False,True,0.0,1.0,5874.681689453125
2025-09-23 05:00:00,25,0.05,0,2,False,True,0.0,1.0,4900.948583984375
2025-09-23 06:00:00,25,0.05,0,2,False,True,0.0,1.0,3885.3251342773438
2025-09-23 07:00:00,25,0.05,0,3,False,True,0.0,1.0,3700.176647949219
2025-09-23 08:00:00,25,0.05,0,1,False,True,0.0,1.0,3255.3511474609377
2025-09-23 09:00:00,25,0.05,0,1,False,True,0.0,1.0,3063.60888671875
2025-09-23 10:00:00,25,0.05,0,2,False,True,0.0,1.0,3258.273388671875
2025-09-23 11:00:00,25,0.05,0,1,False,True,0.0,1.0,3049.1703857421876
2025-09-23 12:00:00,25,0.05,0,1,False,True,0.0,1.0,3867.855114746094
2025-09-23 13:00:00,25,0.05,0,2,False,True,0.0,1.0,4011.6914672851562
2025-09-23 14:00:00,25,0.05,0,2,False,True,0.0,1.0,4294.1312255859375
2025-09-23 15:00:00,25,0.05,0,1,False,True,0.0,1.0,4847.661328125
2025-09-23 16:00:00,25,0.05,0,1,False,True,0.0,1.0,5478.526611328125
2025-09-23 17:00:00,25,0.05,0,2,False,True,0.0,1.0,4947.92412109375
2025-09-23 18:00:00,25,0.05,0,2,False,True,0.0,1.0,4919.35634765625
2025-09-23 19:00:00,25,0.05,0,1,False,True,0.0,1.0,4838.36806640625
2025-09-23 20:00:00,25,0.05,0,2,False,True,0.0,1.0,5212.969287109375
2025-09-23 21:00:00,25,0.05,0,2,False,True,0.0,1.0,5490.43359375
2025-09-23 22:00:00,25,0.05,0,2,False,True,0.0,1.0,5320.465307617187
2025-09-23 23:00:00,25,0.05,0,2,False,True,0.0,1.0,5335.532690429687
2025-09-24 00:00:00,25,0.05,0,1,False,True,0.0,1.0,5297.61328125
2025-09-24 01:00:00,25,0.05,0,1,False,True,0.0,1.0,5232.896655273437
2025-09-24 02:00:00,25,0.05,0,2,False,True,0.0,1.0,5376.9962158203125
2025-09-24 03:00:00,25,0.05,0,1,False,True,0.0,1.0,5114.344091796875
2025-09-24 04:00:00,25,0.05,0,1,False,True,0.0,1.0,5008.042504882813
2025-09-24 05:00:00,25,0.05,0,1,False,True,0.0,1.0,4983.235327148437
2025-09-24 06:00:00,25,0.05,0,2,False,True,0.0,1.0,5374.624536132813
2025-09-24 07:00:00,25,0.05,0,1,False,True,0.0,1.0,7770.907299804688
2025-09-24 08:00:00,25,0.05,0,1,False,True,0.0,1.0,8105.926733398437
2025-09-24 09:00:00,25,0.05,0,1,False,True,0.0,1.0,7165.332202148438
2025-09-24 10:00:00,25,0.05,0,1,False,True,0.0,1.0,8655.674267578124
2025-09-24 11:00:00,25,0.05,0,1,False,True,0.0,1.0,8912.994091796874
2025-09-24 12:00:00,25,0.05,1,2,True,True,1.0,1.0,10104.25009765625
2025-09-24 13:00:00,25,0.05,0,2,False,True,0.0,1.0,10065.482470703126
2025-09-24 14:00:00,25,0.05,0,1,False,True,0.0,1.0,9862.824658203124
2025-09-24 15:00:00,25,0.05,0,1,False,True,0.0,1.0,9690.960986328126
2025-09-24 16:00:00,25,0.05,1,2,True,True,1.0,1.0,9665.396826171875
2025-09-24 17:00:00,25,0.05,0,1,False,True,0.0,1.0,9829.0541015625
2025-09-24 18:00:00,25,0.05,0,1,False,True,0.0,1.0,9945.6791015625
2025-09-24 19:00:00,25,0.05,0,2,False,True,0.0,1.0,10207.600927734375
2025-09-24 20:00:00,25,0.05,0,1,False,True,0.0,1.0,9986.81162109375
2025-09-24 21:00:00,25,0.05,0,1,False,True,0.0,1.0,9822.321533203125
2025-09-24 22:00:00,25,0.05,0,1,False,True,0.0,1.0,9817.0291015625
2025-09-24 23:00:00,25,0.05,0,1,False,True,0.0,1.0,9566.774267578125
2025-09-25 00:00:00,25,0.05,0,1,False,True,0.0,1.0,10160.74853515625
2025-09-25 01:00:00,25,0.05,0,2,False,True,0.0,1.0,10109.213525390625
2025-09-25 02:00:00,25,0.05,0,2,False,True,0.0,1.0,9970.60048828125
2025-09-25 03:00:00,25,0.05,0,2,False,True,0.0,1.0,10397.3794921875
2025-09-25 04:00:00,25,0.05,0,2,False,True,0.0,1.0,9914.36201171875
2025-09-25 05:00:00,25,0.05,0,1,False,True,0.0,1.0,9675.198046875
2025-09-25 06:00:00,25,0.05,0,1,False,True,0.0,1.0,8291.0298828125
2025-09-25 07:00:00,25,0.05,1,1,True,True,1.0,1.0,10042.25595703125
2025-09-25 08:00:00,25,0.05,1,2,True,True,1.0,1.0,10723.046337890624
2025-09-25 09:00:00,25,0.05,0,1,False,True,0.0,1.0,10838.4390625
2025-09-25 10:00:00,25,0.05,0,2,False,True,0.0,1.0,11179.79423828125
2025-09-25 11:00:00,25,0.05,0,2,False,True,0.0,1.0,10836.724658203126
2025-09-25 12:00:00,25,0.05,0,3,False,True,0.0,1.0,10656.701708984376
2025-09-25 13:00:00,25,0.05,0,1,False,True,0.0,1.0,10129.49912109375
2025-09-25 14:00:00,25,0.05,0,2,False,True,0.0,1.0,9427.361376953126
2025-09-25 15:00:00,25,0.05,0,2,False,True,0.0,1.0,8972.181689453126
2025-09-25 16:00:00,25,0.05,0,2,False,True,0.0,1.0,8880.205029296874
2025-09-25 17:00:00,25,0.05,0,2,False,True,0.0,1.0,9011.68134765625
2025-09-25 18:00:00,25,0.05,0,3,False,True,0.0,1.0,9343.2697265625
2025-09-25 19:00:00,25,0.05,0,3,False,True,0.0,1.0,9991.58671875
2025-09-25 20:00:00,25,0.05,0,2,False,True,0.0,1.0,9392.92548828125
2025-09-25 21:00:00,25,0.05,0,2,False,True,0.0,1.0,9379.206591796876
2025-09-25 22:00:00,25,0.05,0,1,False,True,0.0,1.0,9668.7421875
2025-09-25 23:00:00,25,0.05,0,2,False,True,0.0,1.0,9834.855078125
2025-09-26 00:00:00,25,0.05,0,3,False,True,0.0,1.0,8883.836572265625
2025-09-26 01:00:00,25,0.05,0,2,False,True,0.0,1.0,9226.543652343751
2025-09-26 02:00:00,25,0.05,0,1,False,True,0.0,1.0,9232.839794921874
2025-09-26 03:00:00,25,0.05,0,2,False,True,0.0,1.0,9134.9111328125
2025-09-26 04:00:00,25,0.05,1,1,True,True,1.0,1.0,9369.785839843751
2025-09-26 05:00:00,25,0.05,0,2,False,True,0.0,1.0,9134.434619140626
2025-09-26 06:00:00,25,0.05,0,2,False,True,0.0,1.0,8497.0134765625
2025-09-26 07:00:00,25,0.05,0,1,False,True,0.0,1.0,7465.168774414063
2025-09-26 08:00:00,25,0.05,0,1,False,True,0.0,1.0,6921.636157226562
2025-09-26 09:00:00,25,0.05,0,1,False,True,0.0,1.0,5723.231689453125
2025-09-26 10:00:00,25,0.05,0,2,False,True,0.0,1.0,5436.343237304687
2025-09-26 11:00:00,25,0.05,0,2,False,True,0.0,1.0,5311.849926757813
2025-09-26 12:00:00,25,0.05,0,2,False,True,0.0,1.0,6220.207202148437
2025-09-26 13:00:00,25,0.05,0,1,False,True,0.0,1.0,6875.319091796875
2025-09-26 14:00:00,25,0.05,0,1,False,True,0.0,1.0,6886.994116210938
2025-09-26 15:00:00,25,0.05,0,1,False,True,0.0,1.0,7219.9796142578125
2025-09-26 16:00:00,25,0.05,0,1,False,True,0.0,1.0,7632.661157226563
2025-09-26 17:00:00,25,0.05,0,1,False,True,0.0,1.0,7607.851733398437
2025-09-26 18:00:00,25,0.05,0,1,False,True,0.0,1.0,7400.206030273438
2025-09-26 19:00:00,25,0.05,0,1,False,True,0.0,1.0,7246.7720947265625
2025-09-26 20:00:00,25,0.05,0,1,False,True,0.0,1.0,7368.301586914063
2025-09-26 21:00:00,25,0.05,0,1,False,True,0.0,1.0,7211.112963867187
2025-09-26 22:00:00,25,0.05,0,1,False,True,0.0,1.0,7495.737817382813
2025-09-26 23:00:00,25,0.05,0,1,False,True,0.0,1.0,7675.559375
2025-09-27 00:00:00,25,0.05,1,1,True,True,1.0,1.0,7368.81513671875
2025-09-27 01:00:00,25,0.05,0,1,False,True,0.0,1.0,7613.598315429687
2025-09-27 02:00:00,25,0.05,0,2,False,True,0.0,1.0,7643.4390869140625
2025-09-27 03:00:00,25,0.05,0,2,False,True,0.0,1.0,7630.006909179688
2025-09-27 04:00:00,25,0.05,0,1,False,True,0.0,1.0,7470.429296875001
2025-09-27 05:00:00,25,0.05,1,1,True,True,1.0,1.0,7429.5439453125
2025-09-27 06:00:00,25,0.05,0,1,False,True,0.0,1.0,7056.8015625
2025-09-27 07:00:00,25,0.05,0,1,False,True,0.0,1.0,8967.365380859375
2025-09-27 08:00:00,25,0.05,0,1,False,True,0.0,1.0,9196.06025390625
2025-09-27 09:00:00,25,0.05,1,1,True,True,1.0,1.0,10069.1064453125
2025-09-27 10:00:00,25,0.05,0,1,False,True,0.0,1.0,10433.094970703125
2025-09-27 11:00:00,25,0.05,0,1,False,True,0.0,1.0,10424.180810546875
2025-09-27 12:00:00,25,0.05,0,1,False,True,0.0,1.0,11095.297412109376
2025-09-27 13:00:00,25,0.05,0,1,False,True,0.0,1.0,10865.084130859375
2025-09-27 14:00:00,25,0.05,0,2,False,True,0.0,1.0,10674.609033203125
2025-09-27 15:00:00,25,0.05,0,1,False,True,0.0,1.0,10699.72744140625
2025-09-27 16:00:00,25,0.05,2,1,True,True,1.0,1.0,10348.52958984375
2025-09-27 17:00:00,25,0.05,1,2,True,True,1.0,1.0,10207.679150390624
2025-09-27 18:00:00,25,0.05,0,2,False,True,0.0,1.0,10526.335107421875
2025-09-27 19:00:00,25,0.05,0,1,False,True,0.0,1.0,10350.571875
2025-09-27 20:00:00,25,0.05,0,1,False,True,0.0,1.0,10331.405615234375
2025-09-27 21:00:00,25,0.05,0,1,False,True,0.0,1.0,10530.270556640626
2025-09-27 22:00:00,25,0.05,0,1,False,True,0.0,1.0,10319.612451171875
2025-09-27 23:00:00,25,0.05,0,1,False,True,0.0,1.0,10540.5595703125
2025-09-28 00:00:00,25,0.05,0,1,False,True,0.0,1.0,10264.553076171875
2025-09-28 01:00:00,25,0.05,0,1,False,True,0.0,1.0,9999.89541015625
2025-09-28 02:00:00,25,0.05,0,1,False,True,0.0,1.0,9917.44228515625
2025-09-28 03:00:00,25,0.05,0,1,False,True,0.0,1.0,10110.862548828125
2025-09-28 04:00:00,25,0.05,1,2,True,True,1.0,1.0,10037.028515625
2025-09-28 05:00:00,25,0.05,0,1,False,True,0.0,1.0,9819.857958984376
2025-09-28 06:00:00,25,0.05,0,1,False,True,0.0,1.0,8805.931787109375
2025-09-28 07:00:00,25,0.05,0,1,False,True,0.0,1.0,10333.251806640625
2025-09-28 08:00:00,25,0.05,0,2,False,True,0.0,1.0,9943.82646484375
2025-09-28 09:00:00,25,0.05,0,2,False,True,0.0,1.0,9868.003759765625
2025-09-28 10:00:00,25,0.05,0,1,False,True,0.0,1.0,9782.885302734376
2025-09-28 11:00:00,25,0.05,0,1,False,True,0.0,1.0,9326.0064453125
2025-09-28 12:00:00,25,0.05,0,1,False,True,0.0,1.0,8879.950927734375
2025-09-28 13:00:00,25,0.05,0,1,False,True,0.0,1.0,9032.6076171875
2025-09-28 14:00:00,25,0.05,0,1,False,True,0.0,1.0,8104.420166015625
2025-09-28 15:00:00,25,0.05,0,2,False,True,0.0,1.0,8052.171923828125
2025-09-28 16:00:00,25,0.05,0,1,False,True,0.0,1.0,8107.1333984375
2025-09-28 17:00:00,25,0.05,0,1,False,True,0.0,1.0,7996.739501953125
2025-09-28 18:00:00,25,0.05,0,1,False,True,0.0,1.0,8474.637158203124
2025-09-28 19:00:00,25,0.05,0,1,False,True,0.0,1.0,8520.93603515625
2025-09-28 20:00:00,25,0.05,0,1,False,True,0.0,1.0,8353.39931640625
2025-09-28 21:00:00,25,0.05,0,1,False,True,0.0,1.0,8095.619555664062
2025-09-28 22:00:00,25,0.05,0,1,False,True,0.0,1.0,8456.355078125
2025-09-28 23:00:00,25,0.05,0,1,False,True,0.0,1.0,8642.579150390626
2025-09-29 00:00:00,25,0.05,1,1,True,True,1.0,1.0,7771.634252929688
2025-09-29 01:00:00,25,0.05,1,1,True,True,1.0,1.0,7749.476416015625
2025-09-29 02:00:00,25,0.05,0,2,False,True,0.0,1.0,7846.570092773438
2025-09-29 03:00:00,25,0.05,1,1,True,True,1.0,1.0,7995.6444091796875
2025-09-29 04:00:00,25,0.05,1,1,True,True,1.0,1.0,7998.798071289063
2025-09-29 05:00:00,25,0.05,0,3,False,True,0.0,1.0,7794.651513671875
2025-09-29 06:00:00,25,0.05,0,2,False,True,0.0,1.0,7130.2799072265625
2025-09-29 07:00:00,25,0.05,0,1,False,True,0.0,1.0,7899.801342773438
2025-09-29 08:00:00,25,0.05,0,1,False,True,0.0,1.0,8233.87744140625
2025-09-29 09:00:00,25,0.05,0,1,False,True,0.0,1.0,8602.192333984374
2025-09-29 10:00:00,25,0.05,0,1,False,True,0.0,1.0,8991.46044921875
2025-09-29 11:00:00,25,0.05,0,1,False,True,0.0,1.0,7869.512182617187
2025-09-29 12:00:00,25,0.05,0,2,False,True,0.0,1.0,8450.432177734376
2025-09-29 13:00:00,25,0.05,0,1,False,True,0.0,1.0,9360.465625
2025-09-29 14:00:00,25,0.05,1,2,True,True,1.0,1.0,9332.93974609375
2025-09-29 15:00:00,25,0.05,1,2,True,True,1.0,1.0,9530.8125
2025-09-29 16:00:00,25,0.05,0,2,False,True,0.0,1.0,9043.4013671875
2025-09-29 17:00:00,25,0.05,1,3,True,True,1.0,1.0,8537.126123046875
2025-09-29 18:00:00,25,0.05,0,1,False,True,0.0,1.0,8963.759765625
2025-09-29 19:00:00,25,0.05,0,1,False,True,0.0,1.0,9161.31318359375
2025-09-29 20:00:00,25,0.05,0,1,False,True,0.0,1.0,8959.1275390625
2025-09-29 21:00:00,25,0.05,0,1,False,True,0.0,1.0,8983.352880859375
2025-09-29 22:00:00,25,0.05,0,1,False,True,0.0,1.0,9128.293603515625
2025-09-29 23:00:00,25,0.05,0,2,False,True,0.0,1.0,9070.441357421874
2025-09-30 00:00:00,25,0.05,0,2,False,True,0.0,1.0,8890.22734375
2025-09-30 01:00:00,25,0.05,0,2,False,True,0.0,1.0,8817.402880859376
2025-09-30 02:00:00,25,0.05,1,2,True,True,1.0,1.0,9093.0310546875
2025-09-30 03:00:00,25,0.05,0,2,False,True,0.0,1.0,9031.30146484375
2025-09-30 04:00:00,25,0.05,0,1,False,True,0.0,1.0,9071.502685546875
2025-09-30 05:00:00,25,0.05,0,2,False,True,0.0,1.0,9087.171240234375
2025-09-30 06:00:00,25,0.05,0,2,False,True,0.0,1.0,8604.01904296875
2025-09-30 07:00:00,25,0.05,0,1,False,True,0.0,1.0,9100.888916015625
2025-09-30 08:00:00,25,0.05,0,1,False,True,0.0,1.0,9399.403662109375
2025-09-30 09:00:00,25,0.05,0,1,False,True,0.0,1.0,9504.5021484375
2025-09-30 10:00:00,25,0.05,0,2,False,True,0.0,1.0,9761.83349609375
2025-09-30 11:00:00,25,0.05,0,2,False,True,0.0,1.0,8671.746630859376
2025-09-30 12:00:00,25,0.05,0,2,False,True,0.0,1.0,8273.36953125
2025-09-30 13:00:00,25,0.05,0,2,False,True,0.0,1.0,8727.705712890625
2025-09-30 14:00:00,25,0.05,0,1,False,True,0.0,1.0,8380.8083984375
2025-09-30 15:00:00,25,0.05,0,1,False,True,0.0,1.0,8308.64541015625
2025-09-30 16:00:00,25,0.05,0,1,False,True,0.0,1.0,8201.876904296874
2025-09-30 17:00:00,25,0.05,0,1,False,True,0.0,1.0,8241.70087890625
2025-09-30 18:00:00,25,0.05,0,1,False,True,0.0,1.0,8200.62421875
2025-09-30 19:00:00,25,0.05,0,1,False,True,0.0,1.0,7929.635009765625
2025-09-30 20:00:00,25,0.05,0,1,False,True,0.0,1.0,8058.541235351562
2025-09-30 21:00:00,25,0.05,0,1,False,True,0.0,1.0,8291.265283203125
2025-09-30 22:00:00,25,0.05,0,1,False,True,0.0,1.0,8503.656884765625
2025-09-30 23:00:00,25,0.05,0,2,False,True,0.0,1.0,8454.770556640626
2025-10-01 00:00:00,25,0.05,0,2,False,True,0.0,1.0,9057.6310546875
2025-10-01 01:00:00,25,0.05,0,2,False,True,0.0,1.0,9236.088818359374
2025-10-01 02:00:00,25,0.05,0,3,False,True,0.0,1.0,9164.5041015625
2025-10-01 03:00:00,25,0.05,0,1,False,True,0.0,1.0,9178.168994140626
2025-10-01 04:00:00,25,0.05,0,2,False,True,0.0,1.0,9307.40185546875
2025-10-01 05:00:00,25,0.05,0,2,False,True,0.0,1.0,9396.65439453125
2025-10-01 06:00:00,25,0.05,0,1,False,True,0.0,1.0,8323.369580078124
2025-10-01 07:00:00,25,0.05,0,2,False,True,0.0,1.0,9663.465625
2025-10-01 08:00:00,25,0.05,0,2,False,True,0.0,1.0,10124.118701171876
2025-10-01 09:00:00,25,0.05,0,2,False,True,0.0,1.0,9815.115869140625
2025-10-01 10:00:00,25,0.05,0,2,False,True,0.0,1.0,9616.847265625
2025-10-01 11:00:00,25,0.05,0,1,False,True,0.0,1.0,8484.08173828125
2025-10-01 12:00:00,25,0.05,0,1,False,True,0.0,1.0,9072.746337890625
2025-10-01 13:00:00,25,0.05,0,1,False,True,0.0,1.0,8765.76162109375
2025-10-01 14:00:00,25,0.05,0,2,False,True,0.0,1.0,8774.19052734375
2025-10-01 15:00:00,25,0.05,0,1,False,True,0.0,1.0,9205.464208984375
2025-10-01 16:00:00,25,0.05,0,1,False,True,0.0,1.0,8961.756787109376
2025-10-01 17:00:00,25,0.05,1,1,True,True,1.0,1.0,8984.78779296875
2025-10-01 18:00:00,25,0.05,0,1,False,True,0.0,1.0,8784.659375
2025-10-01 19:00:00,25,0.05,0,1,False,True,0.0,1.0,8883.919189453125
2025-10-01 20:00:00,25,0.05,1,1,True,True,1.0,1.0,9284.35693359375
2025-10-01 21:00:00,25,0.05,0,2,False,True,0.0,1.0,9210.433740234375
2025-10-01 22:00:00,25,0.05,0,2,False,True,0.0,1.0,8992.85400390625
2025-10-01 23:00:00,25,0.05,0,1,False,True,0.0,1.0,9041.179638671874
2025-10-02 00:00:00,25,0.05,0,1,False,True,0.0,1.0,9203.974169921876
2025-10-02 01:00:00,25,0.05,0,2,False,True,0.0,1.0,9199.57255859375
2025-10-02 02:00:00,25,0.05,0,2,False,True,0.0,1.0,8821.173095703125
2025-10-02 03:00:00,25,0.05,0,1,False,True,0.0,1.0,9503.238232421874
2025-10-02 04:00:00,25,0.05,0,1,False,True,0.0,1.0,9211.29716796875
2025-10-02 05:00:00,25,0.05,0,1,False,True,0.0,1.0,9170.56376953125
2025-10-02 06:00:00,25,0.05,1,2,True,True,1.0,1.0,8935.51474609375
2025-10-02 07:00:00,25,0.05,0,3,False,True,0.0,1.0,10145.27578125
2025-10-02 08:00:00,25,0.05,0,2,False,True,0.0,1.0,10152.081494140624
2025-10-02 09:00:00,25,0.05,0,1,False,True,0.0,1.0,9912.047021484375
2025-10-02 10:00:00,25,0.05,0,2,False,True,0.0,1.0,10825.335888671874
2025-10-02 11:00:00,25,0.05,0,1,False,True,0.0,1.0,10346.304736328126
2025-10-02 12:00:00,25,0.05,0,1,False,True,0.0,1.0,10578.71484375
2025-10-02 13:00:00,25,0.05,0,2,False,True,0.0,1.0,10356.629736328125
2025-10-02 14:00:00,25,0.05,0,2,False,True,0.0,1.0,10188.18857421875
2025-10-02 15:00:00,25,0.05,0,3,False,True,0.0,1.0,9981.879443359376
2025-10-02 16:00:00,25,0.05,0,2,False,True,0.0,1.0,9539.083691406251
2025-10-02 17:00:00,25,0.05,0,2,False,True,0.0,1.0,9336.415478515624
2025-10-02 18:00:00,25,0.05,0,2,False,True,0.0,1.0,9664.049169921875
2025-10-02 19:00:00,25,0.05,0,2,False,True,0.0,1.0,9390.02802734375
2025-10-02 20:00:00,25,0.05,1,2,True,True,1.0,1.0,9765.716357421876
2025-10-02 21:00:00,25,0.05,0,2,False,True,0.0,1.0,9713.10830078125
2025-10-02 22:00:00,25,0.05,0,2,False,True,0.0,1.0,9496.6908203125
2025-10-02 23:00:00,25,0.05,0,2,False,True,0.0,1.0,9629.22802734375
2025-10-03 00:00:00,25,0.05,0,2,False,True,0.0,1.0,9533.23671875
2025-10-03 01:00:00,25,0.05,0,2,False,True,0.0,1.0,9810.060986328124
2025-10-03 02:00:00,25,0.05,0,2,False,True,0.0,1.0,9815.593408203125
2025-10-03 03:00:00,25,0.05,1,1,True,True,1.0,1.0,9606.51572265625
2025-10-03 04:00:00,25,0.05,0,2,False,True,0.0,1.0,9631.424658203125
2025-10-03 05:00:00,25,0.05,0,2,False,True,0.0,1.0,9707.83134765625
2025-10-03 06:00:00,25,0.05,0,1,False,True,0.0,1.0,9131.0123046875
2025-10-03 07:00:00,25,0.05,0,2,False,True,0.0,1.0,9647.24052734375
2025-10-03 08:00:00,25,0.05,0,2,False,True,0.0,1.0,10121.65712890625
2025-10-03 09:00:00,25,0.05,0,2,False,True,0.0,1.0,10055.933837890625
2025-10-03 10:00:00,25,0.05,1,2,True,True,1.0,1.0,10550.63720703125
2025-10-03 11:00:00,25,0.05,1,2,True,True,1.0,1.0,10342.1306640625
2025-10-03 12:00:00,25,0.05,1,2,True,True,1.0,1.0,10040.6552734375
2025-10-03 13:00:00,25,0.05,0,1,False,True,0.0,1.0,8949.65302734375
2025-10-03 14:00:00,25,0.05,0,1,False,True,0.0,1.0,8665.46630859375
2025-10-03 15:00:00,25,0.05,1,1,True,True,1.0,1.0,8882.98974609375
2025-10-03 16:00:00,25,0.05,0,1,False,True,0.0,1.0,8723.368896484375
2025-10-03 17:00:00,25,0.05,0,1,False,True,0.0,1.0,8609.20859375
2025-10-03 18:00:00,25,0.05,0,1,False,True,0.0,1.0,8895.641015625
2025-10-03 19:00:00,25,0.05,0,1,False,True,0.0,1.0,8823.82587890625
2025-10-03 20:00:00,25,0.05,0,2,False,True,0.0,1.0,8888.33544921875
2025-10-03 21:00:00,25,0.05,0,1,False,True,0.0,1.0,8729.693603515625
2025-10-03 22:00:00,25,0.05,0,1,False,True,0.0,1.0,8857.436181640625
2025-10-03 23:00:00,25,0.05,0,1,False,True,0.0,1.0,9153.30947265625
2025-10-04 00:00:00,25,0.05,0,1,False,True,0.0,1.0,9381.3416015625
2025-10-04 01:00:00,25,0.05,0,1,False,True,0.0,1.0,9545.51845703125
2025-10-04 02:00:00,25,0.05,1,1,True,True,1.0,1.0,9306.095849609375
2025-10-04 03:00:00,25,0.05,0,1,False,True,0.0,1.0,9463.424755859374
2025-10-04 04:00:00,25,0.05,0,1,False,True,0.0,1.0,9115.421728515625
2025-10-04 05:00:00,25,0.05,1,2,True,True,1.0,1.0,9427.839013671875
2025-10-04 06:00:00,25,0.05,0,1,False,True,0.0,1.0,8599.6431640625
2025-10-04 07:00:00,25,0.05,0,1,False,True,0.0,1.0,9665.494921875
2025-10-04 08:00:00,25,0.05,0,1,False,True,0.0,1.0,9506.924169921875
2025-10-04 09:00:00,25,0.05,0,1,False,True,0.0,1.0,9466.674462890625
2025-10-04 10:00:00,25,0.05,0,2,False,True,0.0,1.0,9313.203857421875
2025-10-04 11:00:00,25,0.05,0,1,False,True,0.0,1.0,9522.2529296875
2025-10-04 12:00:00,25,0.05,0,1,False,True,0.0,1.0,9077.682763671875
2025-10-04 13:00:00,25,0.05,0,1,False,True,0.0,1.0,9104.66455078125
2025-10-04 14:00:00,25,0.05,0,1,False,True,0.0,1.0,9295.769384765625
2025-10-04 15:00:00,25,0.05,0,1,False,True,0.0,1.0,9056.48505859375
2025-10-04 16:00:00,25,0.05,0,1,False,True,0.0,1.0,8868.800048828125
2025-10-04 17:00:00,25,0.05,0,1,False,True,0.0,1.0,8725.48916015625
2025-10-04 18:00:00,25,0.05,1,1,True,True,1.0,1.0,9107.853515625
2025-10-04 19:00:00,25,0.05,0,1,False,True,0.0,1.0,9467.623974609374
2025-10-04 20:00:00,25,0.05,0,1,False,True,0.0,1.0,9344.618115234374
2025-10-04 21:00:00,25,0.05,0,1,False,True,0.0,1.0,9431.15087890625
2025-10-04 22:00:00,25,0.05,0,1,False,True,0.0,1.0,9331.941650390625
2025-10-04 23:00:00,25,0.05,0,1,False,True,0.0,1.0,9408.10185546875
2025-10-05 00:00:00,25,0.05,1,1,True,True,1.0,1.0,9696.48134765625
2025-10-05 01:00:00,25,0.05,0,1,False,True,0.0,1.0,9620.5197265625
2025-10-05 02:00:00,25,0.05,0,1,False,True,0.0,1.0,9767.44990234375
2025-10-05 03:00:00,25,0.05,0,1,False,True,0.0,1.0,9523.02099609375
2025-10-05 04:00:00,25,0.05,0,1,False,True,0.0,1.0,9703.56923828125
2025-10-05 05:00:00,25,0.05,0,1,False,True,0.0,1.0,9319.545361328124
2025-10-05 06:00:00,25,0.05,0,2,False,True,0.0,1.0,8844.60087890625
2025-10-05 07:00:00,25,0.05,0,1,False,True,0.0,1.0,9851.508056640625
2025-10-05 08:00:00,25,0.05,0,1,False,True,0.0,1.0,9754.4716796875
2025-10-05 09:00:00,25,0.05,0,1,False,True,0.0,1.0,9805.073388671875
2025-10-05 10:00:00,25,0.05,0,1,False,True,0.0,1.0,9959.079345703125
2025-10-05 11:00:00,25,0.05,0,2,False,True,0.0,1.0,9915.847314453125
2025-10-05 12:00:00,25,0.05,1,1,True,True,1.0,1.0,10255.363623046875
2025-10-05 13:00:00,25,0.05,0,1,False,True,0.0,1.0,10396.99111328125
2025-10-05 14:00:00,25,0.05,0,1,False,True,0.0,1.0,10206.434619140626
2025-10-05 15:00:00,25,0.05,0,1,False,True,0.0,1.0,9988.66611328125
2025-10-05 16:00:00,25,0.05,0,1,False,True,0.0,1.0,10001.95009765625
2025-10-05 17:00:00,25,0.05,0,2,False,True,0.0,1.0,9708.150634765625
2025-10-05 18:00:00,25,0.05,0,1,False,True,0.0,1.0,9872.97451171875
2025-10-05 19:00:00,25,0.05,0,1,False,True,0.0,1.0,9878.0029296875
2025-10-05 20:00:00,25,0.05,0,1,False,True,0.0,1.0,9817.29853515625
2025-10-05 21:00:00,25,0.05,1,1,True,True,1.0,1.0,10066.894970703124
2025-10-05 22:00:00,25,0.05,1,1,True,True,1.0,1.0,9830.868994140625
2025-10-05 23:00:00,25,0.05,0,1,False,True,0.0,1.0,9951.566943359376
2025-10-06 00:00:00,25,0.05,1,1,True,True,1.0,1.0,9983.091943359375
2025-10-06 01:00:00,25,0.05,0,2,False,True,0.0,1.0,10130.20546875
2025-10-06 02:00:00,25,0.05,1,2,True,True,1.0,1.0,10078.6556640625
2025-10-06 03:00:00,25,0.05,1,1,True,True,1.0,1.0,10312.12412109375
2025-10-06 04:00:00,25,0.05,0,1,False,True,0.0,1.0,10140.775830078124
2025-10-06 05:00:00,25,0.05,1,1,True,True,1.0,1.0,10142.43056640625
2025-10-06 06:00:00,25,0.05,0,1,False,True,0.0,1.0,9332.79697265625
2025-10-06 07:00:00,25,0.05,0,1,False,True,0.0,1.0,10306.38837890625
2025-10-06 08:00:00,25,0.05,0,1,False,True,0.0,1.0,10483.0865234375
2025-10-06 09:00:00,25,0.05,0,1,False,True,0.0,1.0,10341.1404296875
2025-10-06 10:00:00,25,0.05,0,2,False,True,0.0,1.0,9658.93232421875
2025-10-06 11:00:00,25,0.05,0,2,False,True,0.0,1.0,9028.00634765625
2025-10-06 12:00:00,25,0.05,0,2,False,True,0.0,1.0,9264.5287109375
2025-10-06 13:00:00,25,0.05,0,2,False,True,0.0,1.0,10587.349462890625
2025-10-06 14:00:00,25,0.05,0,2,False,True,0.0,1.0,10442.43330078125
2025-10-06 15:00:00,25,0.05,0,2,False,True,0.0,1.0,10319.204541015624
2025-10-06 16:00:00,25,0.05,0,1,False,True,0.0,1.0,10209.104345703125
2025-10-06 17:00:00,25,0.05,0,1,False,True,0.0,1.0,10105.702587890624
2025-10-06 18:00:00,25,0.05,0,1,False,True,0.0,1.0,10276.605712890625
2025-10-06 19:00:00,25,0.05,0,2,False,True,0.0,1.0,9954.019189453125
2025-10-06 20:00:00,25,0.05,0,2,False,True,0.0,1.0,10095.512890625
2025-10-06 21:00:00,25,0.05,0,1,False,True,0.0,1.0,9993.159716796876
2025-10-06 22:00:00,25,0.05,0,2,False,True,0.0,1.0,10095.240087890625
2025-10-06 23:00:00,25,0.05,0,1,False,True,0.0,1.0,9866.964990234375
2025-10-07 00:00:00,25,0.05,0,1,False,True,0.0,1.0,9788.641748046875
2025-10-07 01:00:00,25,0.05,0,1,False,True,0.0,1.0,10005.13505859375
2025-10-07 02:00:00,25,0.05,0,2,False,True,0.0,1.0,10236.1625
2025-10-07 03:00:00,25,0.05,0,1,False,True,0.0,1.0,10427.7919921875
2025-10-07 04:00:00,25,0.05,0,1,False,True,0.0,1.0,10207.229833984375
2025-10-07 05:00:00,25,0.05,0,1,False,True,0.0,1.0,10053.930712890626
2025-10-07 06:00:00,25,0.05,0,1,False,True,0.0,1.0,9371.42724609375
2025-10-07 07:00:00,25,0.05,1,1,True,True,1.0,1.0,10968.30107421875
2025-10-07 08:00:00,25,0.05,0,1,False,True,0.0,1.0,10990.879150390625
2025-10-07 09:00:00,25,0.05,0,1,False,True,0.0,1.0,10891.123779296875
2025-10-07 10:00:00,25,0.05,1,1,True,True,1.0,1.0,10733.4447265625
2025-10-07 11:00:00,25,0.05,0,1,False,True,0.0,1.0,9679.8517578125
2025-10-07 12:00:00,25,0.05,0,1,False,True,0.0,1.0,10009.5794921875
2025-10-07 13:00:00,25,0.05,0,1,False,True,0.0,1.0,9475.422314453124
2025-10-07 14:00:00,25,0.05,0,1,False,True,0.0,1.0,9244.1966796875
2025-10-07 15:00:00,25,0.05,0,2,False,True,0.0,1.0,9046.635205078124
2025-10-07 16:00:00,25,0.05,1,1,True,True,1.0,1.0,8794.561865234375
2025-10-07 17:00:00,25,0.05,0,1,False,True,0.0,1.0,8815.171630859375
2025-10-07 18:00:00,25,0.05,0,1,False,True,0.0,1.0,8423.531884765625
2025-10-07 19:00:00,25,0.05,0,1,False,True,0.0,1.0,8813.58623046875
2025-10-07 20:00:00,25,0.05,0,2,False,True,0.0,1.0,8789.588623046875
2025-10-07 21:00:00,25,0.05,0,2,False,True,0.0,1.0,8956.933203125
2025-10-07 22:00:00,25,0.05,1,1,True,True,1.0,1.0,8858.640673828126
2025-10-07 23:00:00,25,0.05,0,1,False,True,0.0,1.0,8877.686376953125
2025-10-08 00:00:00,25,0.05,0,2,False,True,0.0,1.0,8694.912451171875
2025-10-08 01:00:00,25,0.05,0,2,False,True,0.0,1.0,8708.271630859375
2025-10-08 02:00:00,25,0.05,0,1,False,True,0.0,1.0,8918.907080078125
2025-10-08 03:00:00,25,0.05,1,1,True,True,1.0,1.0,8947.30107421875
2025-10-08 04:00:00,25,0.05,1,2,True,True,1.0,1.0,8998.152783203124
2025-10-08 05:00:00,25,0.05,0,2,False,True,0.0,1.0,8661.754345703124
2025-10-08 06:00:00,25,0.05,0,2,False,True,0.0,1.0,7840.0001220703125
2025-10-08 07:00:00,25,0.05,0,2,False,True,0.0,1.0,9342.7685546875
2025-10-08 08:00:00,25,0.05,0,1,False,True,0.0,1.0,9839.350390625
2025-10-08 09:00:00,25,0.05,0,1,False,True,0.0,1.0,10128.2869140625
2025-10-08 10:00:00,25,0.05,0,2,False,True,0.0,1.0,9418.7703125
2025-10-08 11:00:00,25,0.05,0,2,False,True,0.0,1.0,8966.1701171875
2025-10-08 12:00:00,25,0.05,0,2,False,True,0.0,1.0,9424.284228515626
2025-10-08 13:00:00,25,0.05,0,1,False,True,0.0,1.0,8007.91376953125
2025-10-08 14:00:00,25,0.05,0,1,False,True,0.0,1.0,7500.369580078125
2025-10-08 15:00:00,25,0.05,0,2,False,True,0.0,1.0,8210.305126953124
2025-10-08 16:00:00,25,0.05,0,1,False,True,0.0,1.0,8355.652001953125
2025-10-08 17:00:00,25,0.05,0,2,False,True,0.0,1.0,8229.202075195313
2025-10-08 18:00:00,25,0.05,1,2,True,True,1.0,1.0,7839.657641601562
2025-10-08 19:00:00,25,0.05,0,2,False,True,0.0,1.0,7715.431201171875
2025-10-08 20:00:00,25,0.05,0,2,False,True,0.0,1.0,7770.068774414062
2025-10-08 21:00:00,25,0.05,0,1,False,True,0.0,1.0,7725.47666015625
2025-10-08 22:00:00,25,0.05,0,1,False,True,0.0,1.0,7600.838427734375
2025-10-08 23:00:00,25,0.05,0,3,False,True,0.0,1.0,7557.255517578125
2025-10-09 00:00:00,25,0.05,0,1,False,True,0.0,1.0,7354.4844970703125
2025-10-09 01:00:00,25,0.05,0,1,False,True,0.0,1.0,7473.46416015625
2025-10-09 02:00:00,25,0.05,0,1,False,True,0.0,1.0,7628.608544921875
2025-10-09 03:00:00,25,0.05,1,1,True,True,1.0,1.0,7302.147436523438
2025-10-09 04:00:00,25,0.05,0,1,False,True,0.0,1.0,7344.316748046876
2025-10-09 05:00:00,25,0.05,0,2,False,True,0.0,1.0,7394.758862304688
2025-10-09 06:00:00,25,0.05,0,2,False,True,0.0,1.0,7005.62080078125
2025-10-09 07:00:00,25,0.05,0,1,False,True,0.0,1.0,6497.430395507812
2025-10-09 08:00:00,25,0.05,0,2,False,True,0.0,1.0,6018.005932617188
2025-10-09 09:00:00,25,0.05,0,2,False,True,0.0,1.0,6968.397290039063
2025-10-09 10:00:00,25,0.05,0,2,False,True,0.0,1.0,7619.825610351562
2025-10-09 11:00:00,25,0.05,0,1,False,True,0.0,1.0,9495.64677734375
2025-10-09 12:00:00,25,0.05,0,2,False,True,0.0,1.0,9554.74130859375
2025-10-09 13:00:00,25,0.05,0,1,False,True,0.0,1.0,9559.958349609375
2025-10-09 14:00:00,25,0.05,0,1,False,True,0.0,1.0,9459.186767578125
2025-10-09 15:00:00,25,0.05,0,1,False,True,0.0,1.0,9056.9265625
2025-10-09 16:00:00,25,0.05,0,2,False,True,0.0,1.0,8793.810986328124
2025-10-09 17:00:00,25,0.05,0,1,False,True,0.0,1.0,9139.26337890625
2025-10-09 18:00:00,25,0.05,1,2,True,True,1.0,1.0,9304.606396484374
2025-10-09 19:00:00,25,0.05,1,1,True,True,1.0,1.0,8925.667333984375
2025-10-09 20:00:00,25,0.05,0,1,False,True,0.0,1.0,9185.987890625
2025-10-09 21:00:00,25,0.05,0,1,False,True,0.0,1.0,9055.5634765625
2025-10-09 22:00:00,25,0.05,0,1,False,True,0.0,1.0,8951.2251953125
2025-10-09 23:00:00,25,0.05,0,1,False,True,0.0,1.0,8899.355419921874
2025-10-10 00:00:00,25,0.05,0,1,False,True,0.0,1.0,9063.80087890625
2025-10-10 01:00:00,25,0.05,0,1,False,True,0.0,1.0,8999.9107421875
2025-10-10 02:00:00,25,0.05,0,1,False,True,0.0,1.0,8965.8859375
2025-10-10 03:00:00,25,0.05,0,1,False,True,0.0,1.0,8879.335400390624
2025-10-10 04:00:00,25,0.05,0,1,False,True,0.0,1.0,8748.542333984375
2025-10-10 05:00:00,25,0.05,0,2,False,True,0.0,1.0,8783.0341796875
2025-10-10 06:00:00,25,0.05,0,1,False,True,0.0,1.0,8473.196728515624
2025-10-10 07:00:00,25,0.05,0,1,False,True,0.0,1.0,9700.275
2025-10-10 08:00:00,25,0.05,0,1,False,True,0.0,1.0,9985.819970703125
2025-10-10 09:00:00,25,0.05,0,1,False,True,0.0,1.0,10206.4759765625
2025-10-10 10:00:00,25,0.05,0,1,False,True,0.0,1.0,10242.591552734375
2025-10-10 11:00:00,25,0.05,0,1,False,True,0.0,1.0,9688.906787109376
2025-10-10 12:00:00,25,0.05,0,1,False,True,0.0,1.0,9607.0171875
2025-10-10 13:00:00,25,0.05,0,1,False,True,0.0,1.0,9514.2025390625
2025-10-10 14:00:00,25,0.05,0,1,False,True,0.0,1.0,9053.093359375
2025-10-10 15:00:00,25,0.05,0,1,False,True,0.0,1.0,8711.7208984375
2025-10-10 16:00:00,25,0.05,0,1,False,True,0.0,1.0,8639.7982421875
2025-10-10 17:00:00,25,0.05,0,1,False,True,0.0,1.0,8714.101708984375
2025-10-10 18:00:00,25,0.05,0,1,False,True,0.0,1.0,8329.365234375
2025-10-10 19:00:00,25,0.05,1,1,True,True,1.0,1.0,8490.542578125
2025-10-10 20:00:00,25,0.05,0,2,False,True,0.0,1.0,8931.211865234374
2025-10-10 21:00:00,25,0.05,0,1,False,True,0.0,1.0,8564.198828125
2025-10-10 22:00:00,25,0.05,0,2,False,True,0.0,1.0,8551.043310546875
2025-10-10 23:00:00,25,0.05,1,2,True,True,1.0,1.0,8665.888525390625
2025-10-11 00:00:00,25,0.05,0,2,False,True,0.0,1.0,8607.1322265625
2025-10-11 01:00:00,25,0.05,0,2,False,True,0.0,1.0,8688.1666015625
2025-10-11 02:00:00,25,0.05,0,1,False,True,0.0,1.0,8441.13154296875
2025-10-11 03:00:00,25,0.05,0,1,False,True,0.0,1.0,8497.642626953126
2025-10-11 04:00:00,25,0.05,0,1,False,True,0.0,1.0,8711.5416015625
2025-10-11 05:00:00,25,0.05,1,1,True,True,1.0,1.0,8188.823681640625
2025-10-11 06:00:00,25,0.05,0,1,False,True,0.0,1.0,7305.492333984375
2025-10-11 07:00:00,25,0.05,0,2,False,True,0.0,1.0,7703.818188476563
2025-10-11 08:00:00,25,0.05,0,1,False,True,0.0,1.0,8788.956591796876
2025-10-11 09:00:00,25,0.05,0,2,False,True,0.0,1.0,8690.76171875
2025-10-11 10:00:00,25,0.05,0,1,False,True,0.0,1.0,8700.01767578125
2025-10-11 11:00:00,25,0.05,0,1,False,True,0.0,1.0,8797.293212890625
2025-10-11 12:00:00,25,0.05,0,1,False,True,0.0,1.0,8707.01455078125
2025-10-11 13:00:00,25,0.05,1,1,True,True,1.0,1.0,8431.71669921875
2025-10-11 14:00:00,25,0.05,0,1,False,True,0.0,1.0,8194.614404296875
2025-10-11 15:00:00,25,0.05,0,1,False,True,0.0,1.0,7721.77421875
2025-10-11 16:00:00,25,0.05,0,1,False,True,0.0,1.0,8102.486987304687
2025-10-11 17:00:00,25,0.05,0,2,False,True,0.0,1.0,7897.284838867187
2025-10-11 18:00:00,25,0.05,0,1,False,True,0.0,1.0,7932.542236328125
2025-10-11 19:00:00,25,0.05,0,2,False,True,0.0,1.0,8167.083764648438
2025-10-11 20:00:00,25,0.05,0,1,False,True,0.0,1.0,8157.354028320313
2025-10-11 21:00:00,25,0.05,0,1,False,True,0.0,1.0,8197.648974609376
2025-10-11 22:00:00,25,0.05,0,1,False,True,0.0,1.0,8055.721044921875
2025-10-11 23:00:00,25,0.05,0,1,False,True,0.0,1.0,8115.382592773438
2025-10-12 00:00:00,25,0.05,0,1,False,True,0.0,1.0,7775.824780273438
2025-10-12 01:00:00,25,0.05,0,1,False,True,0.0,1.0,7507.9388427734375
2025-10-12 02:00:00,25,0.05,0,1,False,True,0.0,1.0,7542.467431640625
2025-10-12 03:00:00,25,0.05,0,2,False,True,0.0,1.0,7552.069409179688
2025-10-12 04:00:00,25,0.05,0,1,False,True,0.0,1.0,7680.826171875
2025-10-12 05:00:00,25,0.05,0,1,False,True,0.0,1.0,7551.657543945313
2025-10-12 06:00:00,25,0.05,1,1,True,True,1.0,1.0,6888.9341796875
2025-10-12 07:00:00,25,0.05,0,1,False,True,0.0,1.0,8516.79501953125
2025-10-12 08:00:00,25,0.05,0,1,False,True,0.0,1.0,8579.60673828125
2025-10-12 09:00:00,25,0.05,0,1,False,True,0.0,1.0,8584.544140625
2025-10-12 10:00:00,25,0.05,0,1,False,True,0.0,1.0,8833.428955078125
2025-10-12 11:00:00,25,0.05,0,1,False,True,0.0,1.0,8998.78662109375
2025-10-12 12:00:00,25,0.05,0,2,False,True,0.0,1.0,8727.841259765624
2025-10-12 13:00:00,25,0.05,1,2,True,True,1.0,1.0,8723.880908203126
2025-10-12 14:00:00,25,0.05,0,2,False,True,0.0,1.0,8326.933544921876
2025-10-12 15:00:00,25,0.05,0,2,False,True,0.0,1.0,8055.6939697265625
2025-10-12 16:00:00,25,0.05,0,2,False,True,0.0,1.0,7582.209887695312
2025-10-12 17:00:00,25,0.05,0,3,False,True,0.0,1.0,7743.609375
2025-10-12 18:00:00,25,0.05,1,1,True,True,1.0,1.0,8245.463232421875
2025-10-12 19:00:00,25,0.05,0,2,False,True,0.0,1.0,8378.359521484375
2025-10-12 20:00:00,25,0.05,0,2,False,True,0.0,1.0,8207.604516601563
2025-10-12 21:00:00,25,0.05,0,1,False,True,0.0,1.0,8037.9791015625
2025-10-12 22:00:00,25,0.05,0,2,False,True,0.0,1.0,8232.021630859375
2025-10-12 23:00:00,25,0.05,1,2,True,True,1.0,1.0,8599.87763671875
2025-10-13 00:00:00,25,0.05,0,2,False,True,0.0,1.0,8221.643115234376
2025-10-13 01:00:00,25,0.05,0,2,False,True,0.0,1.0,8204.087426757813
2025-10-13 02:00:00,25,0.05,0,2,False,True,0.0,1.0,8115.378491210938
2025-10-13 03:00:00,25,0.05,0,2,False,True,0.0,1.0,8221.692822265624
2025-10-13 04:00:00,25,0.05,1,2,True,True,1.0,1.0,8285.651806640624
2025-10-13 05:00:00,25,0.05,0,1,False,True,0.0,1.0,8305.798681640625
2025-10-13 06:00:00,25,0.05,1,1,True,True,1.0,1.0,7762.7132568359375
2025-10-13 07:00:00,25,0.05,0,1,False,True,0.0,1.0,9262.85859375
2025-10-13 08:00:00,25,0.05,0,2,False,True,0.0,1.0,8799.76787109375
2025-10-13 09:00:00,25,0.05,0,1,False,True,0.0,1.0,9074.133544921875
2025-10-13 10:00:00,25,0.05,0,1,False,True,0.0,1.0,9116.23916015625
2025-10-13 11:00:00,25,0.05,0,2,False,True,0.0,1.0,9413.987158203125
2025-10-13 12:00:00,25,0.05,0,2,False,True,0.0,1.0,9797.10322265625
2025-10-13 13:00:00,25,0.05,0,1,False,True,0.0,1.0,10063.5759765625
2025-10-13 14:00:00,25,0.05,0,1,False,True,0.0,1.0,9595.468359375
2025-10-13 15:00:00,25,0.05,1,2,True,True,1.0,1.0,9397.2775390625
2025-10-13 16:00:00,25,0.05,0,1,False,True,0.0,1.0,9183.10302734375
2025-10-13 17:00:00,25,0.05,0,2,False,True,0.0,1.0,9205.295751953125
2025-10-13 18:00:00,25,0.05,0,1,False,True,0.0,1.0,9325.659521484375
2025-10-13 19:00:00,25,0.05,0,2,False,True,0.0,1.0,9254.47060546875
2025-10-13 20:00:00,25,0.05,0,2,False,True,0.0,1.0,9325.5234375
2025-10-13 21:00:00,25,0.05,0,1,False,True,0.0,1.0,9088.251171875001
2025-10-13 22:00:00,25,0.05,0,1,False,True,0.0,1.0,9145.117431640625
2025-10-13 23:00:00,25,0.05,0,2,False,True,0.0,1.0,9226.91875
2025-10-14 00:00:00,25,0.05,0,2,False,True,0.0,1.0,9477.35390625
2025-10-14 01:00:00,25,0.05,0,2,False,True,0.0,1.0,9479.736767578124
2025-10-14 02:00:00,25,0.05,0,2,False,True,0.0,1.0,9503.313427734374
2025-10-14 03:00:00,25,0.05,0,2,False,True,0.0,1.0,9663.83212890625
2025-10-14 04:00:00,25,0.05,1,1,True,True,1.0,1.0,9876.38857421875
2025-10-14 05:00:00,25,0.05,0,1,False,True,0.0,1.0,9437.57158203125
2025-10-14 06:00:00,25,0.05,0,2,False,True,0.0,1.0,8742.71953125
2025-10-14 07:00:00,25,0.05,0,1,False,True,0.0,1.0,9557.316650390625
2025-10-14 08:00:00,25,0.05,0,1,False,True,0.0,1.0,10009.34228515625
2025-10-14 09:00:00,25,0.05,0,2,False,True,0.0,1.0,9816.020556640626
2025-10-14 10:00:00,25,0.05,0,2,False,True,0.0,1.0,9883.086279296875
2025-10-14 11:00:00,25,0.05,0,2,False,True,0.0,1.0,10069.7306640625
2025-10-14 12:00:00,25,0.05,0,1,False,True,0.0,1.0,10087.190625
2025-10-14 13:00:00,25,0.05,0,1,False,True,0.0,1.0,9550.5134765625
2025-10-14 14:00:00,25,0.05,0,1,False,True,0.0,1.0,9495.931884765625
2025-10-14 15:00:00,25,0.05,0,2,False,True,0.0,1.0,9151.6025390625
2025-10-14 16:00:00,25,0.05,0,1,False,True,0.0,1.0,9395.953759765625
2025-10-14 17:00:00,25,0.05,0,2,False,True,0.0,1.0,9184.833349609375
2025-10-14 18:00:00,25,0.05,0,1,False,True,0.0,1.0,9430.14609375
2025-10-14 19:00:00,25,0.05,1,2,True,True,1.0,1.0,9316.090625
2025-10-14 20:00:00,25,0.05,0,2,False,True,0.0,1.0,9405.163134765626
2025-10-14 21:00:00,25,0.05,0,1,False,True,0.0,1.0,9167.109521484375
2025-10-14 22:00:00,25,0.05,0,2,False,True,0.0,1.0,9524.633935546875
2025-10-14 23:00:00,25,0.05,0,2,False,True,0.0,1.0,9179.941064453125
2025-10-15 00:00:00,25,0.05,0,1,False,True,0.0,1.0,9254.739794921876
2025-10-15 01:00:00,25,0.05,0,1,False,True,0.0,1.0,9212.20205078125
2025-10-15 02:00:00,25,0.05,1,1,True,True,1.0,1.0,9070.05625
2025-10-15 03:00:00,25,0.05,0,1,False,True,0.0,1.0,9240.17763671875
2025-10-15 04:00:00,25,0.05,0,1,False,True,0.0,1.0,9252.0404296875
2025-10-15 05:00:00,25,0.05,0,1,False,True,0.0,1.0,8980.175146484375
2025-10-15 06:00:00,25,0.05,1,2,True,True,1.0,1.0,8494.679638671874
2025-10-15 07:00:00,25,0.05,0,1,False,True,0.0,1.0,9765.5830078125
2025-10-15 08:00:00,25,0.05,0,1,False,True,0.0,1.0,10414.945458984375
2025-10-15 09:00:00,25,0.05,0,2,False,True,0.0,1.0,9831.355419921874
2025-10-15 10:00:00,25,0.05,0,1,False,True,0.0,1.0,9814.152783203124
2025-10-15 11:00:00,25,0.05,0,1,False,True,0.0,1.0,10168.5681640625
2025-10-15 12:00:00,25,0.05,0,1,False,True,0.0,1.0,10218.848583984376
2025-10-15 13:00:00,25,0.05,0,2,False,True,0.0,1.0,9732.514599609374
2025-10-15 14:00:00,25,0.05,0,2,False,True,0.0,1.0,9484.233349609374
2025-10-15 15:00:00,25,0.05,0,1,False,True,0.0,1.0,9347.31962890625
2025-10-15 16:00:00,25,0.05,0,2,False,True,0.0,1.0,9034.249365234375
2025-10-15 17:00:00,25,0.05,1,2,True,True,1.0,1.0,9054.8451171875
2025-10-15 18:00:00,25,0.05,0,1,False,True,0.0,1.0,9205.21416015625
2025-10-15 19:00:00,25,0.05,0,2,False,True,0.0,1.0,9253.190478515626
2025-10-15 20:00:00,25,0.05,0,1,False,True,0.0,1.0,9256.936718750001
2025-10-15 21:00:00,25,0.05,0,2,False,True,0.0,1.0,9227.43037109375
2025-10-15 22:00:00,25,0.05,0,2,False,True,0.0,1.0,9131.158544921875
2025-10-15 23:00:00,25,0.05,0,2,False,True,0.0,1.0,9275.67666015625
2025-10-16 00:00:00,25,0.05,0,2,False,True,0.0,1.0,8926.362109375
2025-10-16 01:00:00,25,0.05,0,1,False,True,0.0,1.0,9002.07607421875
2025-10-16 02:00:00,25,0.05,0,2,False,True,0.0,1.0,9084.6638671875
2025-10-16 03:00:00,25,0.05,0,2,False,True,0.0,1.0,9270.04794921875
2025-10-16 04:00:00,25,0.05,1,1,True,True,1.0,1.0,9455.247021484374
2025-10-16 05:00:00,25,0.05,0,2,False,True,0.0,1.0,8844.656494140625
2025-10-16 06:00:00,25,0.05,0,2,False,True,0.0,1.0,7956.052392578125
2025-10-16 07:00:00,25,0.05,0,1,False,True,0.0,1.0,9637.90400390625
2025-10-16 08:00:00,25,0.05,0,1,False,True,0.0,1.0,9757.9837890625
2025-10-16 09:00:00,25,0.05,0,1,False,True,0.0,1.0,10202.58828125
2025-10-16 10:00:00,25,0.05,0,2,False,True,0.0,1.0,10428.61640625
2025-10-16 11:00:00,25,0.05,0,2,False,True,0.0,1.0,10129.985498046875
2025-10-16 12:00:00,25,0.05,0,2,False,True,0.0,1.0,10328.057666015626
2025-10-16 13:00:00,25,0.05,0,2,False,True,0.0,1.0,10007.768701171875
2025-10-16 14:00:00,25,0.05,0,2,False,True,0.0,1.0,9394.08076171875
2025-10-16 15:00:00,25,0.05,0,1,False,True,0.0,1.0,8987.29423828125
2025-10-16 16:00:00,25,0.05,1,1,True,True,1.0,1.0,8901.332568359376
2025-10-16 17:00:00,25,0.05,0,2,False,True,0.0,1.0,9128.66884765625
2025-10-16 18:00:00,25,0.05,0,3,False,True,0.0,1.0,9075.240869140625
2025-10-16 19:00:00,25,0.05,0,2,False,True,0.0,1.0,9193.90732421875
2025-10-16 20:00:00,25,0.05,1,2,True,True,1.0,1.0,9149.1203125
2025-10-16 21:00:00,25,0.05,0,2,False,True,0.0,1.0,9271.209814453125
2025-10-16 22:00:00,25,0.05,0,2,False,True,0.0,1.0,9053.180224609376
2025-10-16 23:00:00,25,0.05,0,1,False,True,0.0,1.0,9068.09072265625
2025-10-17 00:00:00,25,0.05,0,3,False,True,0.0,1.0,8981.121630859376
2025-10-17 01:00:00,25,0.05,0,2,False,True,0.0,1.0,9606.017041015624
2025-10-17 02:00:00,25,0.05,0,2,False,True,0.0,1.0,9522.275732421875
2025-10-17 03:00:00,25,0.05,0,1,False,True,0.0,1.0,9329.48759765625
2025-10-17 04:00:00,25,0.05,0,1,False,True,0.0,1.0,9157.652783203124
2025-10-17 05:00:00,25,0.05,0,2,False,True,0.0,1.0,8851.5134765625
2025-10-17 06:00:00,25,0.05,0,2,False,True,0.0,1.0,8478.764599609374
2025-10-17 07:00:00,25,0.05,0,1,False,True,0.0,1.0,7590.371240234375
2025-10-17 08:00:00,25,0.05,0,3,False,True,0.0,1.0,7011.288330078125
2025-10-17 09:00:00,25,0.05,0,2,False,True,0.0,1.0,6954.920141601563
2025-10-17 10:00:00,25,0.05,0,2,False,True,0.0,1.0,8758.19072265625
2025-10-17 11:00:00,25,0.05,0,2,False,True,0.0,1.0,7216.208032226563
2025-10-17 12:00:00,25,0.05,0,1,False,True,0.0,1.0,8551.432763671875
2025-10-17 13:00:00,25,0.05,0,1,False,True,0.0,1.0,8584.652197265625
2025-10-17 14:00:00,25,0.05,0,1,False,True,0.0,1.0,8372.840673828125
2025-10-17 15:00:00,25,0.05,0,1,False,True,0.0,1.0,8334.260302734376
2025-10-17 16:00:00,25,0.05,0,1,False,True,0.0,1.0,7999.5345703125
2025-10-17 17:00:00,25,0.05,1,2,True,True,1.0,1.0,8010.589404296875
2025-10-17 18:00:00,25,0.05,0,1,False,True,0.0,1.0,8343.5919921875
2025-10-17 19:00:00,25,0.05,0,2,False,True,0.0,1.0,8196.055444335938
2025-10-17 20:00:00,25,0.05,0,2,False,True,0.0,1.0,8320.5041015625
2025-10-17 21:00:00,25,0.05,0,1,False,True,0.0,1.0,8263.0787109375
2025-10-17 22:00:00,25,0.05,1,1,True,True,1.0,1.0,8184.27470703125
2025-10-17 23:00:00,25,0.05,1,1,True,True,1.0,1.0,7986.484350585937
2025-10-18 00:00:00,25,0.05,0,1,False,True,0.0,1.0,7887.597827148437
2025-10-18 01:00:00,25,0.05,0,1,False,True,0.0,1.0,7725.020190429687
2025-10-18 02:00:00,25,0.05,0,2,False,True,0.0,1.0,7834.893652343751
2025-10-18 03:00:00,25,0.05,1,1,True,True,1.0,1.0,7933.500268554688
2025-10-18 04:00:00,25,0.05,0,1,False,True,0.0,1.0,7689.261865234375
2025-10-18 05:00:00,25,0.05,0,1,False,True,0.0,1.0,7462.751635742187
2025-10-18 06:00:00,25,0.05,0,1,False,True,0.0,1.0,7062.898413085938
2025-10-18 07:00:00,25,0.05,0,1,False,True,0.0,1.0,8667.001953125
2025-10-18 08:00:00,25,0.05,0,1,False,True,0.0,1.0,9037.1119140625
2025-10-18 09:00:00,25,0.05,0,1,False,True,0.0,1.0,8542.0123046875
2025-10-18 10:00:00,25,0.05,0,2,False,True,0.0,1.0,7955.613452148437
2025-10-18 11:00:00,25,0.05,0,2,False,True,0.0,1.0,7373.963671875
2025-10-18 12:00:00,25,0.05,0,1,False,True,0.0,1.0,6689.7786865234375
2025-10-18 13:00:00,25,0.05,0,1,False,True,0.0,1.0,5405.37744140625
2025-10-18 14:00:00,25,0.05,0,1,False,True,0.0,1.0,4124.709155273437
2025-10-18 15:00:00,25,0.05,0,1,False,True,0.0,1.0,3478.8638671875
2025-10-18 16:00:00,25,0.05,0,1,False,True,0.0,1.0,3258.6666259765625
2025-10-18 17:00:00,25,0.05,0,1,False,True,0.0,1.0,3037.15927734375
2025-10-18 18:00:00,25,0.05,0,1,False,True,0.0,1.0,3511.3041748046876
2025-10-18 19:00:00,25,0.05,0,1,False,True,0.0,1.0,3635.347692871094
2025-10-18 20:00:00,25,0.05,0,1,False,True,0.0,1.0,3310.3204345703125
2025-10-18 21:00:00,25,0.05,0,1,False,True,0.0,1.0,3475.1644287109375
2025-10-18 22:00:00,25,0.05,0,1,False,True,0.0,1.0,3341.525354003906
2025-10-18 23:00:00,25,0.05,1,1,True,True,1.0,1.0,3436.6905517578125
2025-10-19 00:00:00,25,0.05,0,1,False,True,0.0,1.0,4389.143090820313
2025-10-19 01:00:00,25,0.05,0,1,False,True,0.0,1.0,4204.967602539063
2025-10-19 02:00:00,25,0.05,0,1,False,True,0.0,1.0,4329.155590820313
2025-10-19 03:00:00,25,0.05,0,1,False,True,0.0,1.0,4519.85517578125
2025-10-19 04:00:00,25,0.05,0,1,False,True,0.0,1.0,4432.033154296875
2025-10-19 05:00:00,25,0.05,0,1,False,True,0.0,1.0,4127.7901611328125
2025-10-19 06:00:00,25,0.05,0,1,False,True,0.0,1.0,3841.6253540039065
2025-10-19 07:00:00,25,0.05,0,1,False,True,0.0,1.0,4054.0782470703125
2025-10-19 08:00:00,25,0.05,0,1,False,True,0.0,1.0,4167.324560546875
2025-10-19 09:00:00,25,0.05,0,1,False,True,0.0,1.0,2392.7451293945314
2025-10-19 10:00:00,25,0.05,0,1,False,True,0.0,1.0,2133.0533081054687
2025-10-19 11:00:00,25,0.05,0,1,False,True,0.0,1.0,2165.1193603515626
2025-10-19 12:00:00,25,0.05,0,1,False,True,0.0,1.0,2334.8867797851562
2025-10-19 13:00:00,25,0.05,0,2,False,True,0.0,1.0,2211.4698120117187
2025-10-19 14:00:00,25,0.05,0,3,False,True,0.0,1.0,2297.934423828125
2025-10-19 15:00:00,25,0.05,0,1,False,True,0.0,1.0,2154.851770019531
2025-10-19 16:00:00,25,0.05,0,2,False,True,0.0,1.0,1909.8902282714844
2025-10-19 17:00:00,25,0.05,0,2,False,True,0.0,1.0,1967.2392944335938
2025-10-19 18:00:00,25,0.05,0,3,False,True,0.0,1.0,1893.8222534179688
2025-10-19 19:00:00,25,0.05,0,1,False,True,0.0,1.0,1737.684881591797
2025-10-19 20:00:00,25,0.05,0,2,False,True,0.0,1.0,1746.7769287109377
2025-10-19 21:00:00,25,0.05,0,1,False,True,0.0,1.0,1779.6218505859376
2025-10-19 22:00:00,25,0.05,0,2,False,True,0.0,1.0,1816.2300598144532
2025-10-19 23:00:00,25,0.05,0,1,False,True,0.0,1.0,1813.4512817382813
2025-10-20 00:00:00,25,0.05,0,1,False,True,0.0,1.0,1592.2536315917969
2025-10-20 01:00:00,25,0.05,0,2,False,True,0.0,1.0,1658.796502685547
2025-10-20 02:00:00,25,0.05,0,1,False,True,0.0,1.0,1785.204656982422
2025-10-20 03:00:00,25,0.05,0,1,False,True,0.0,1.0,1567.1435852050781
2025-10-20 04:00:00,25,0.05,0,1,False,True,0.0,1.0,1884.4982482910157
2025-10-20 05:00:00,25,0.05,0,1,False,True,0.0,1.0,1663.5482543945313
2025-10-20 06:00:00,25,0.05,0,2,False,True,0.0,1.0,1687.1669067382813
2025-10-20 07:00:00,25,0.05,0,2,False,True,0.0,1.0,1400.5927368164062
2025-10-20 08:00:00,25,0.05,0,2,False,True,0.0,1.0,1427.8117797851562
2025-10-20 09:00:00,25,0.05,0,1,False,True,0.0,1.0,1288.24248046875
2025-10-20 10:00:00,25,0.05,0,1,False,True,0.0,1.0,1232.307080078125
2025-10-20 11:00:00,25,0.05,0,2,False,True,0.0,1.0,1149.2894958496095
2025-10-20 12:00:00,25,0.05,0,2,False,True,0.0,1.0,1165.2157287597656
2025-10-20 13:00:00,25,0.05,0,1,False,True,0.0,1.0,1158.2943359375
2025-10-20 14:00:00,25,0.05,0,1,False,True,0.0,1.0,1118.242041015625
2025-10-20 15:00:00,25,0.05,0,1,False,True,0.0,1.0,1285.1939941406251
2025-10-20 16:00:00,25,0.05,0,1,False,True,0.0,1.0,1167.7751342773438
2025-10-20 17:00:00,25,0.05,0,2,False,True,0.0,1.0,1456.9052001953125
2025-10-20 18:00:00,25,0.05,0,3,False,True,0.0,1.0,1276.9958374023438
2025-10-20 19:00:00,25,0.05,0,3,False,True,0.0,1.0,1238.97607421875
2025-10-20 20:00:00,25,0.05,0,2,False,True,0.0,1.0,1244.0667053222658
2025-10-20 21:00:00,25,0.05,0,1,False,True,0.0,1.0,1386.6583801269533
2025-10-20 22:00:00,25,0.05,0,2,False,True,0.0,1.0,1255.4926452636719
2025-10-20 23:00:00,25,0.05,0,2,False,True,0.0,1.0,1331.8810546875002
2025-10-21 00:00:00,25,0.05,0,1,False,True,0.0,1.0,1328.7038208007814
2025-10-21 01:00:00,25,0.05,0,2,False,True,0.0,1.0,1226.5361206054688
2025-10-21 02:00:00,25,0.05,0,2,False,True,0.0,1.0,1210.8738403320312
2025-10-21 03:00:00,25,0.05,0,1,False,True,0.0,1.0,1205.1035583496093
2025-10-21 04:00:00,25,0.05,0,2,False,True,0.0,1.0,1209.498095703125
2025-10-21 05:00:00,25,0.05,0,1,False,True,0.0,1.0,1292.1631225585938
2025-10-21 06:00:00,25,0.05,0,2,False,True,0.0,1.0,1206.8527709960938
2025-10-21 07:00:00,25,0.05,0,2,False,True,0.0,1.0,1254.902899169922
2025-10-21 08:00:00,25,0.05,0,2,False,True,0.0,1.0,1109.5947509765624
2025-10-21 09:00:00,25,0.05,0,1,False,True,0.0,1.0,1123.2263610839843
2025-10-21 10:00:00,25,0.05,0,1,False,True,0.0,1.0,1192.6712219238282
2025-10-21 11:00:00,25,0.05,0,3,False,True,0.0,1.0,1074.3704895019532
2025-10-21 12:00:00,25,0.05,0,2,False,True,0.0,1.0,1215.7275024414064
2025-10-21 13:00:00,25,0.05,0,1,False,True,0.0,1.0,1263.9969604492187
2025-10-21 14:00:00,25,0.05,0,2,False,True,0.0,1.0,1205.9085266113282
2025-10-21 15:00:00,25,0.05,0,1,False,True,0.0,1.0,1271.254168701172
2025-10-21 16:00:00,25,0.05,0,2,False,True,0.0,1.0,1259.0990661621095
2025-10-21 17:00:00,25,0.05,0,1,False,True,0.0,1.0,1247.4707458496093
2025-10-21 18:00:00,25,0.05,0,2,False,True,0.0,1.0,1293.4211975097655
2025-10-21 19:00:00,25,0.05,0,1,False,True,0.0,1.0,1259.8167114257812
2025-10-21 20:00:00,25,0.05,0,2,False,True,0.0,1.0,1406.4633178710938
2025-10-21 21:00:00,25,0.05,0,1,False,True,0.0,1.0,1330.711004638672
2025-10-21 22:00:00,25,0.05,0,2,False,True,0.0,1.0,1431.7103637695313
2025-10-21 23:00:00,25,0.05,0,1,False,True,0.0,1.0,1343.9830383300782
2025-10-22 00:00:00,25,0.05,0,2,False,True,0.0,1.0,1366.8058227539063
2025-10-22 01:00:00,25,0.05,0,2,False,True,0.0,1.0,1234.3753601074218
2025-10-22 02:00:00,25,0.05,0,2,False,True,0.0,1.0,1284.4633850097657
2025-10-22 03:00:00,25,0.05,0,2,False,True,0.0,1.0,1274.4330749511719
2025-10-22 04:00:00,25,0.05,0,2,False,True,0.0,1.0,1241.5685424804688
2025-10-22 05:00:00,25,0.05,0,1,False,True,0.0,1.0,1208.2985168457033
2025-10-22 06:00:00,25,0.05,0,1,False,True,0.0,1.0,1178.847430419922
2025-10-22 07:00:00,25,0.05,0,1,False,True,0.0,1.0,1213.7175415039062
2025-10-22 08:00:00,25,0.05,0,2,False,True,0.0,1.0,1162.1844787597656
2025-10-22 09:00:00,25,0.05,0,2,False,True,0.0,1.0,1117.3496032714843
2025-10-22 10:00:00,25,0.05,0,2,False,True,0.0,1.0,1057.9256896972656
2025-10-22 11:00:00,25,0.05,0,1,False,True,0.0,1.0,1262.3588317871095
2025-10-22 12:00:00,25,0.05,0,1,False,True,0.0,1.0,1336.3581787109374
2025-10-22 13:00:00,25,0.05,0,1,False,True,0.0,1.0,1484.2936157226563
2025-10-22 14:00:00,25,0.05,0,2,False,True,0.0,1.0,1443.5975646972656
2025-10-22 15:00:00,25,0.05,0,1,False,True,0.0,1.0,1500.2543640136719
2025-10-22 16:00:00,25,0.05,0,2,False,True,0.0,1.0,1531.8310913085938
2025-10-22 17:00:00,25,0.05,0,2,False,True,0.0,1.0,1661.8649841308593
2025-10-22 18:00:00,25,0.05,0,1,False,True,0.0,1.0,1649.33701171875
2025-10-22 19:00:00,25,0.05,0,1,False,True,0.0,1.0,1699.2766967773437
2025-10-22 20:00:00,25,0.05,0,2,False,True,0.0,1.0,1621.7398193359375
2025-10-22 21:00:00,25,0.05,0,1,False,True,0.0,1.0,1603.7234802246094
2025-10-22 22:00:00,25,0.05,0,1,False,True,0.0,1.0,1701.7870056152344
2025-10-22 23:00:00,25,0.05,0,2,False,True,0.0,1.0,1616.4354064941406
2025-10-23 00:00:00,25,0.05,0,1,False,True,0.0,1.0,1681.8432739257812
2025-10-23 01:00:00,25,0.05,0,2,False,True,0.0,1.0,1648.0781677246093
2025-10-23 02:00:00,25,0.05,0,2,False,True,0.0,1.0,1426.4454406738282
2025-10-23 03:00:00,25,0.05,0,1,False,True,0.0,1.0,1482.2081787109375
2025-10-23 04:00:00,25,0.05,0,2,False,True,0.0,1.0,1457.4165100097657
2025-10-23 05:00:00,25,0.05,0,2,False,True,0.0,1.0,1491.2353149414062
2025-10-23 06:00:00,25,0.05,0,1,False,True,0.0,1.0,1487.5501281738282
2025-10-23 07:00:00,25,0.05,0,2,False,True,0.0,1.0,1559.202587890625
2025-10-23 08:00:00,25,0.05,0,1,False,True,0.0,1.0,1888.4782531738283
2025-10-23 09:00:00,25,0.05,0,1,False,True,0.0,1.0,2121.6699829101562
2025-10-23 10:00:00,25,0.05,0,1,False,True,0.0,1.0,1731.235400390625
2025-10-23 11:00:00,25,0.05,0,1,False,True,0.0,1.0,1938.1048889160156
2025-10-23 12:00:00,25,0.05,0,1,False,True,0.0,1.0,1641.400439453125
2025-10-23 13:00:00,25,0.05,0,1,False,True,0.0,1.0,2079.3391845703127
2025-10-23 14:00:00,25,0.05,0,1,False,True,0.0,1.0,2107.06201171875
2025-10-23 15:00:00,25,0.05,0,1,False,True,0.0,1.0,1973.7035034179687
2025-10-23 16:00:00,25,0.05,0,1,False,True,0.0,1.0,1947.5921508789063
2025-10-23 17:00:00,25,0.05,0,1,False,True,0.0,1.0,1894.1976135253906
2025-10-23 18:00:00,25,0.05,0,1,False,True,0.0,1.0,1894.253106689453
2025-10-23 19:00:00,25,0.05,0,1,False,True,0.0,1.0,1905.4337219238282
2025-10-23 20:00:00,25,0.05,1,1,True,True,1.0,1.0,1825.427911376953
2025-10-23 21:00:00,25,0.05,0,1,False,True,0.0,1.0,2021.754736328125
2025-10-23 22:00:00,25,0.05,0,1,False,True,0.0,1.0,1899.9446838378906
2025-10-23 23:00:00,25,0.05,0,2,False,True,0.0,1.0,1777.7467224121094
2025-10-24 00:00:00,25,0.05,0,1,False,True,0.0,1.0,1675.2866333007812
2025-10-24 01:00:00,25,0.05,0,1,False,True,0.0,1.0,1733.3229675292969
2025-10-24 02:00:00,25,0.05,0,1,False,True,0.0,1.0,1680.5600158691407
2025-10-24 03:00:00,25,0.05,0,1,False,True,0.0,1.0,1651.2831970214843
2025-10-24 04:00:00,25,0.05,0,1,False,True,0.0,1.0,1630.3554321289064
2025-10-24 05:00:00,25,0.05,0,1,False,True,0.0,1.0,1617.0389526367187
2025-10-24 06:00:00,25,0.05,0,1,False,True,0.0,1.0,1631.386737060547
2025-10-24 07:00:00,25,0.05,0,1,False,True,0.0,1.0,1478.0506469726563
2025-10-24 08:00:00,25,0.05,0,1,False,True,0.0,1.0,1457.9692504882812
2025-10-24 09:00:00,25,0.05,0,1,False,True,0.0,1.0,1439.6662658691407
2025-10-24 10:00:00,25,0.05,0,1,False,True,0.0,1.0,1497.537091064453
2025-10-24 11:00:00,25,0.05,0,1,False,True,0.0,1.0,1280.1033447265625
2025-10-24 12:00:00,25,0.05,0,1,False,True,0.0,1.0,1509.7633178710937
2025-10-24 13:00:00,25,0.05,0,2,False,True,0.0,1.0,1732.9417236328125
2025-10-24 14:00:00,25,0.05,0,1,False,True,0.0,1.0,1676.7912109375
2025-10-24 15:00:00,25,0.05,0,1,False,True,0.0,1.0,1704.6071838378907
2025-10-24 16:00:00,25,0.05,0,1,False,True,0.0,1.0,1754.7732299804688
2025-10-24 17:00:00,25,0.05,0,1,False,True,0.0,1.0,1870.0698181152345
2025-10-24 18:00:00,25,0.05,0,2,False,True,0.0,1.0,1885.3388793945312
2025-10-24 19:00:00,25,0.05,0,1,False,True,0.0,1.0,1848.4824279785157
2025-10-24 20:00:00,25,0.05,0,1,False,True,0.0,1.0,1862.8873107910158
2025-10-24 21:00:00,25,0.05,0,1,False,True,0.0,1.0,1984.7603942871094
2025-10-24 22:00:00,25,0.05,0,1,False,True,0.0,1.0,1918.1754943847657
2025-10-24 23:00:00,25,0.05,0,1,False,True,0.0,1.0,1933.8361877441407
2025-10-25 00:00:00,25,0.05,0,1,False,True,0.0,1.0,1845.4311096191407
2025-10-25 01:00:00,25,0.05,0,1,False,True,0.0,1.0,1800.309521484375
2025-10-25 02:00:00,25,0.05,0,1,False,True,0.0,1.0,1859.429296875
2025-10-25 03:00:00,25,0.05,0,1,False,True,0.0,1.0,2000.484423828125
2025-10-25 04:00:00,25,0.05,0,1,False,True,0.0,1.0,1896.3979858398438
2025-10-25 05:00:00,25,0.05,0,2,False,True,0.0,1.0,1763.3319702148438
2025-10-25 06:00:00,25,0.05,0,1,False,True,0.0,1.0,1670.5919860839845
2025-10-25 07:00:00,25,0.05,0,1,False,True,0.0,1.0,1531.9526672363281
2025-10-25 08:00:00,25,0.05,0,1,False,True,0.0,1.0,1513.3350463867187
2025-10-25 09:00:00,25,0.05,0,1,False,True,0.0,1.0,1505.6577941894532
2025-10-25 10:00:00,25,0.05,0,1,False,True,0.0,1.0,1403.0063415527343
2025-10-25 11:00:00,25,0.05,0,1,False,True,0.0,1.0,1804.8431213378906
2025-10-25 12:00:00,25,0.05,0,1,False,True,0.0,1.0,2102.0944091796873
2025-10-25 13:00:00,25,0.05,0,1,False,True,0.0,1.0,2274.168798828125
2025-10-25 14:00:00,25,0.05,0,1,False,True,0.0,1.0,1977.5026306152345
2025-10-25 15:00:00,25,0.05,0,1,False,True,0.0,1.0,1810.4366943359375
2025-10-25 16:00:00,25,0.05,0,1,False,True,0.0,1.0,1683.8622070312501
2025-10-25 17:00:00,25,0.05,0,1,False,True,0.0,1.0,1715.2146423339843
2025-10-25 18:00:00,25,0.05,0,1,False,True,0.0,1.0,1795.6071838378907
2025-10-25 19:00:00,25,0.05,0,1,False,True,0.0,1.0,1800.5224304199219
2025-10-25 20:00:00,25,0.05,0,1,False,True,0.0,1.0,1770.6027893066407
2025-10-25 21:00:00,25,0.05,0,1,False,True,0.0,1.0,1755.503924560547
2025-10-25 22:00:00,25,0.05,0,1,False,True,0.0,1.0,1785.5468383789064
2025-10-25 23:00:00,25,0.05,0,1,False,True,0.0,1.0,1757.5196350097656
2025-10-26 00:00:00,25,0.05,0,1,False,True,0.0,1.0,1756.5101928710938
2025-10-26 01:00:00,25,0.05,0,1,False,True,0.0,1.0,1744.4823181152344
2025-10-26 02:00:00,25,0.05,0,1,False,True,0.0,1.0,1739.5830139160157
2025-10-26 03:00:00,25,0.05,0,1,False,True,0.0,1.0,1853.901348876953
2025-10-26 04:00:00,25,0.05,0,1,False,True,0.0,1.0,1720.7817993164062
2025-10-26 05:00:00,25,0.05,0,1,False,True,0.0,1.0,1836.1772521972657
2025-10-26 06:00:00,25,0.05,0,1,False,True,0.0,1.0,1844.96376953125
2025-10-26 07:00:00,25,0.05,0,1,False,True,0.0,1.0,1688.2868530273438
2025-10-26 08:00:00,25,0.05,0,1,False,True,0.0,1.0,1510.4615844726563
2025-10-26 09:00:00,25,0.05,0,1,False,True,0.0,1.0,1814.4861083984374
2025-10-26 10:00:00,25,0.05,0,1,False,True,0.0,1.0,1667.530340576172
2025-10-26 11:00:00,25,0.05,0,1,False,True,0.0,1.0,1495.6765014648438
2025-10-26 12:00:00,25,0.05,0,1,False,True,0.0,1.0,1533.4260498046876
2025-10-26 13:00:00,25,0.05,0,1,False,True,0.0,1.0,1727.685400390625
2025-10-26 14:00:00,25,0.05,0,1,False,True,0.0,1.0,1917.5578002929688
2025-10-26 15:00:00,25,0.05,0,1,False,True,0.0,1.0,2176.5432250976564
2025-10-26 16:00:00,25,0.05,0,1,False,True,0.0,1.0,2078.014111328125
2025-10-26 17:00:00,25,0.05,0,1,False,True,0.0,1.0,2047.4734924316408
2025-10-26 18:00:00,25,0.05,0,1,False,True,0.0,1.0,1814.0543334960937
2025-10-26 19:00:00,25,0.05,0,1,False,True,0.0,1.0,1895.7751220703126
2025-10-26 20:00:00,25,0.05,0,1,False,True,0.0,1.0,1925.5010070800781
2025-10-26 21:00:00,25,0.05,0,1,False,True,0.0,1.0,1938.9362243652345
2025-10-26 22:00:00,25,0.05,0,1,False,True,0.0,1.0,1819.9475402832031
2025-10-26 23:00:00,25,0.05,0,1,False,True,0.0,1.0,1950.6631103515624
2025-10-27 00:00:00,25,0.05,0,1,False,True,0.0,1.0,1813.7491760253906
2025-10-27 01:00:00,25,0.05,0,1,False,True,0.0,1.0,1835.4356079101562
2025-10-27 02:00:00,25,0.05,0,1,False,True,0.0,1.0,1888.1559082031251
2025-10-27 03:00:00,25,0.05,0,1,False,True,0.0,1.0,1909.9422119140625
2025-10-27 04:00:00,25,0.05,0,2,False,True,0.0,1.0,1863.454852294922
2025-10-27 05:00:00,25,0.05,0,1,False,True,0.0,1.0,1876.3164672851562
2025-10-27 06:00:00,25,0.05,0,1,False,True,0.0,1.0,1767.13251953125
2025-10-27 07:00:00,25,0.05,0,1,False,True,0.0,1.0,1978.6839782714844
2025-10-27 08:00:00,25,0.05,0,1,False,True,0.0,1.0,2424.73759765625
2025-10-27 09:00:00,25,0.05,0,1,False,True,0.0,1.0,2223.2625
2025-10-27 10:00:00,25,0.05,0,1,False,True,0.0,1.0,2919.481884765625
2025-10-27 11:00:00,25,0.05,0,1,False,True,0.0,1.0,2362.2135986328126
2025-10-27 12:00:00,25,0.05,0,1,False,True,0.0,1.0,1921.7209106445312
2025-10-27 13:00:00,25,0.05,0,1,False,True,0.0,1.0,1946.5055175781251
2025-10-27 14:00:00,25,0.05,0,1,False,True,0.0,1.0,1768.4645874023438
2025-10-27 15:00:00,25,0.05,0,1,False,True,0.0,1.0,1679.8503479003907
2025-10-27 16:00:00,25,0.05,0,1,False,True,0.0,1.0,1651.9604064941407
2025-10-27 17:00:00,25,0.05,0,1,False,True,0.0,1.0,1703.907049560547
2025-10-27 18:00:00,25,0.05,0,3,False,True,0.0,1.0,1613.6273803710938
2025-10-27 19:00:00,25,0.05,0,2,False,True,0.0,1.0,1640.0990417480468
2025-10-27 20:00:00,25,0.05,0,2,False,True,0.0,1.0,1604.8048950195314
2025-10-27 21:00:00,25,0.05,0,1,False,True,0.0,1.0,1512.9267578125
2025-10-27 22:00:00,25,0.05,0,2,False,True,0.0,1.0,1583.288427734375
2025-10-27 23:00:00,25,0.05,0,2,False,True,0.0,1.0,1558.3204162597656
2025-10-28 00:00:00,25,0.05,0,2,False,True,0.0,1.0,1551.6809631347655
2025-10-28 01:00:00,25,0.05,0,1,False,True,0.0,1.0,1593.9512084960938
2025-10-28 02:00:00,25,0.05,0,2,False,True,0.0,1.0,1545.9781738281251
2025-10-28 03:00:00,25,0.05,0,1,False,True,0.0,1.0,1568.5234008789062
2025-10-28 04:00:00,25,0.05,0,1,False,True,0.0,1.0,1615.4806701660157
2025-10-28 05:00:00,25,0.05,0,1,False,True,0.0,1.0,1560.7726501464845
2025-10-28 06:00:00,25,0.05,0,1,False,True,0.0,1.0,1461.5867431640625
2025-10-28 07:00:00,25,0.05,0,1,False,True,0.0,1.0,1339.44013671875
2025-10-28 08:00:00,25,0.05,0,2,False,True,0.0,1.0,1285.319873046875
2025-10-28 09:00:00,25,0.05,0,1,False,True,0.0,1.0,1333.1739624023437
2025-10-28 10:00:00,25,0.05,0,1,False,True,0.0,1.0,1421.0434265136719
2025-10-28 11:00:00,25,0.05,0,1,False,True,0.0,1.0,1587.3784606933593
2025-10-28 12:00:00,25,0.05,0,1,False,True,0.0,1.0,1649.5565979003907
2025-10-28 13:00:00,25,0.05,0,1,False,True,0.0,1.0,1855.5280639648438
2025-10-28 14:00:00,25,0.05,0,1,False,True,0.0,1.0,2077.7823120117187
2025-10-28 15:00:00,25,0.05,0,1,False,True,0.0,1.0,2171.33564453125
2025-10-28 16:00:00,25,0.05,0,2,False,True,0.0,1.0,2364.1779907226564
2025-10-28 17:00:00,25,0.05,0,2,False,True,0.0,1.0,2173.05703125
2025-10-28 18:00:00,25,0.05,0,2,False,True,0.0,1.0,2312.2588745117187
2025-10-28 19:00:00,25,0.05,0,1,False,True,0.0,1.0,2241.882373046875
2025-10-28 20:00:00,25,0.05,0,2,False,True,0.0,1.0,2208.718640136719
2025-10-28 21:00:00,25,0.05,0,1,False,True,0.0,1.0,2029.943621826172
2025-10-28 22:00:00,25,0.05,0,2,False,True,0.0,1.0,2439.9536743164062
2025-10-28 23:00:00,25,0.05,0,2,False,True,0.0,1.0,2148.328125
2025-10-29 00:00:00,25,0.05,0,1,False,True,0.0,1.0,2178.3601318359374
2025-10-29 01:00:00,25,0.05,0,1,False,True,0.0,1.0,2079.530480957031
2025-10-29 02:00:00,25,0.05,0,2,False,True,0.0,1.0,2197.7750854492188
2025-10-29 03:00:00,25,0.05,0,1,False,True,0.0,1.0,2176.2130126953125
2025-10-29 04:00:00,25,0.05,0,1,False,True,0.0,1.0,2073.8759887695314
2025-10-29 05:00:00,25,0.05,0,1,False,True,0.0,1.0,2049.661413574219
2025-10-29 06:00:00,25,0.05,0,1,False,True,0.0,1.0,2335.3234619140626
2025-10-29 07:00:00,25,0.05,0,1,False,True,0.0,1.0,2604.1627807617188
2025-10-29 08:00:00,25,0.05,0,1,False,True,0.0,1.0,3532.656970214844
2025-10-29 09:00:00,25,0.05,0,1,False,True,0.0,1.0,4178.673974609375
2025-10-29 10:00:00,25,0.05,0,2,False,True,0.0,1.0,3813.7444580078127
2025-10-29 11:00:00,25,0.05,0,2,False,True,0.0,1.0,5280.1932373046875
2025-10-29 12:00:00,25,0.05,0,1,False,True,0.0,1.0,4666.76806640625
2025-10-29 13:00:00,25,0.05,0,2,False,True,0.0,1.0,4408.738793945313
2025-10-29 14:00:00,25,0.05,0,1,False,True,0.0,1.0,4670.774633789062
2025-10-29 15:00:00,25,0.05,0,2,False,True,0.0,1.0,4864.86708984375
2025-10-29 16:00:00,25,0.05,0,2,False,True,0.0,1.0,4918.732861328125
2025-10-29 17:00:00,25,0.05,0,1,False,True,0.0,1.0,4842.267187500001
2025-10-29 18:00:00,25,0.05,0,1,False,True,0.0,1.0,4503.4788818359375
2025-10-29 19:00:00,25,0.05,0,1,False,True,0.0,1.0,4512.265112304688
2025-10-29 20:00:00,25,0.05,0,2,False,True,0.0,1.0,4509.7673828125
2025-10-29 21:00:00,25,0.05,0,2,False,True,0.0,1.0,4595.192724609376
2025-10-29 22:00:00,25,0.05,0,2,False,True,0.0,1.0,4193.456884765626
2025-10-29 23:00:00,25,0.05,0,2,False,True,0.0,1.0,4397.092553710938
2025-10-30 00:00:00,25,0.05,0,2,False,True,0.0,1.0,4454.2093505859375
2025-10-30 01:00:00,25,0.05,0,2,False,True,0.0,1.0,4463.472265625
2025-10-30 02:00:00,25,0.05,0,3,False,True,0.0,1.0,4462.1702880859375
2025-10-30 03:00:00,25,0.05,0,1,False,True,0.0,1.0,4502.476806640625
2025-10-30 04:00:00,25,0.05,0,1,False,True,0.0,1.0,4385.684301757812
2025-10-30 05:00:00,25,0.05,0,2,False,True,0.0,1.0,4549.092578125
2025-10-30 06:00:00,25,0.05,0,2,False,True,0.0,1.0,3630.255895996094
2025-10-30 07:00:00,25,0.05,0,1,False,True,0.0,1.0,3731.67578125
2025-10-30 08:00:00,25,0.05,0,1,False,True,0.0,1.0,5163.141650390625
2025-10-30 09:00:00,25,0.05,0,1,False,True,0.0,1.0,4379.751049804688
2025-10-30 10:00:00,25,0.05,0,3,False,True,0.0,1.0,3836.513110351563
2025-10-30 11:00:00,25,0.05,0,2,False,True,0.0,1.0,4021.263452148438
2025-10-30 12:00:00,25,0.05,0,2,False,True,0.0,1.0,3696.2051391601562
2025-10-30 13:00:00,25,0.05,0,1,False,True,0.0,1.0,3419.456652832031
2025-10-30 14:00:00,25,0.05,0,1,False,True,0.0,1.0,3220.306640625
2025-10-30 15:00:00,25,0.05,0,1,False,True,0.0,1.0,3291.0029174804686
2025-10-30 16:00:00,25,0.05,0,1,False,True,0.0,1.0,3306.8587158203127
2025-10-30 17:00:00,25,0.05,0,1,False,True,0.0,1.0,3223.1641845703125
2025-10-30 18:00:00,25,0.05,0,1,False,True,0.0,1.0,3211.0628662109375
2025-10-30 19:00:00,25,0.05,0,1,False,True,0.0,1.0,3473.082507324219
2025-10-30 20:00:00,25,0.05,0,2,False,True,0.0,1.0,3406.8022583007814
2025-10-30 21:00:00,25,0.05,0,2,False,True,0.0,1.0,3363.0288574218753
2025-10-30 22:00:00,25,0.05,0,2,False,True,0.0,1.0,3277.0590698242186
2025-10-30 23:00:00,25,0.05,0,2,False,True,0.0,1.0,3304.709436035156
2025-10-31 00:00:00,25,0.05,0,1,False,True,0.0,1.0,3528.1151000976565
2025-10-31 01:00:00,25,0.05,0,1,False,True,0.0,1.0,3233.454064941406
2025-10-31 02:00:00,25,0.05,0,1,False,True,0.0,1.0,3236.2068603515627
2025-10-31 03:00:00,25,0.05,0,2,False,True,0.0,1.0,3241.792919921875
2025-10-31 04:00:00,25,0.05,0,2,False,True,0.0,1.0,3146.1951293945312
2025-10-31 05:00:00,25,0.05,0,2,False,True,0.0,1.0,3052.2964721679687
2025-10-31 06:00:00,25,0.05,0,1,False,True,0.0,1.0,3227.3017456054686
2025-10-31 07:00:00,25,0.05,0,1,False,True,0.0,1.0,2948.5139282226564
2025-10-31 08:00:00,25,0.05,0,2,False,True,0.0,1.0,2397.053173828125
2025-10-31 09:00:00,25,0.05,0,2,False,True,0.0,1.0,2074.9755249023438
2025-10-31 10:00:00,25,0.05,0,1,False,True,0.0,1.0,2236.4912353515624
2025-10-31 11:00:00,25,0.05,0,1,False,True,0.0,1.0,895.1379577636719
2025-10-31 12:00:00,25,0.05,0,2,False,True,0.0,1.0,975.4842895507813
2025-10-31 13:00:00,25,0.05,0,1,False,True,0.0,1.0,227.89992980957032
2025-10-31 14:00:00,25,0.05,0,1,False,True,0.0,1.0,135.31017150878907
2025-10-31 15:00:00,25,0.05,0,1,False,True,0.0,1.0,33.593390464782715
2025-10-31 16:00:00,500,1.0,5,5,True,True,1.0,1.0,0.0
2025-10-31 17:00:00,500,1.0,5,5,True,True,1.0,1.0,0.0
2025-10-31 18:00:00,500,1.0,5,5,True,True,1.0,1.0,0.0
2025-10-31 19:00:00,500,1.0,5,5,True,True,1.0,1.0,0.0
2025-10-31 20:00:00,500,1.0,5,5,True,True,1.0,1.0,0.0
2025-10-31 21:00:00,500,1.0,5,5,True,True,1.0,1.0,0.0
2025-10-31 22:00:00,500,1.0,5,5,True,True,1.0,1.0,0.0
