issue_time,raw_scenario_count,R1_representation_error,R3_representation_error,R1_minus_R3,better_method
2024-10-31 07:00:00,500,0.0727518272133339,0.0859915676110113,-0.013239740397677405,R1
2024-10-31 08:00:00,500,0.2914586154717212,0.4884800112221866,-0.1970213957504654,R1
2024-10-31 09:00:00,500,0.6020816788536664,0.8366062286974714,-0.234524549843805,R1
2024-10-31 10:00:00,500,0.9080163408339964,1.2338957251401317,-0.3258793843061353,R1
2024-10-31 11:00:00,500,1.211691540990122,1.5696099258795393,-0.3579183848894172,R1
2024-10-31 12:00:00,500,1.3553241137353913,1.7510868986049244,-0.3957627848695331,R1
2024-10-31 13:00:00,500,1.7793284934778466,2.0104951985719515,-0.23116670509410486,R1
2024-10-31 14:00:00,500,2.006315380323113,2.091854130498278,-0.08553875017516521,R1
2024-10-31 15:00:00,500,2.144239309567556,2.4970429770663687,-0.35280366749881287,R1
2024-10-31 16:00:00,500,2.416648849740461,2.7574656161803843,-0.3408167664399233,R1
2024-10-31 17:00:00,500,2.515334669063335,2.665676165425728,-0.15034149636239302,R1
2024-10-31 18:00:00,500,2.3395629262796542,2.693480696133691,-0.35391776985403656,R1
2024-10-31 19:00:00,500,2.5061747978638214,2.9061731988637987,-0.3999984009999773,R1
2024-10-31 20:00:00,500,2.325750991334,2.840331438834178,-0.5145804475001778,R1
2024-10-31 21:00:00,500,2.3873092264966678,2.8696138253498487,-0.4823045988531809,R1
2024-10-31 22:00:00,500,2.4251931558654545,2.792443912012074,-0.3672507561466194,R1
2024-10-31 23:00:00,500,2.490809396447452,2.811268748794513,-0.32045935234706135,R1
2024-11-01 00:00:00,500,2.3030067581985505,2.8599132378083008,-0.5569064796097503,R1
2024-11-01 01:00:00,500,2.3988535134758777,2.6431303203218017,-0.244276806845924,R1
2024-11-01 02:00:00,500,2.3041171902094555,2.6327980175087733,-0.3286808272993178,R1
2024-11-01 03:00:00,500,2.431276069593256,2.737949258929898,-0.3066731893366419,R1
2024-11-01 04:00:00,500,2.344814331170407,2.7440579048215827,-0.3992435736511757,R1
2024-11-01 05:00:00,500,2.491937302204702,2.739791023481809,-0.2478537212771066,R1
2024-11-01 06:00:00,500,2.4111924782287444,2.7301006192233426,-0.3189081409945982,R1
2024-11-01 07:00:00,500,2.557124193391544,2.7699355525348275,-0.21281135914328342,R1
2024-11-01 08:00:00,500,2.295568679274708,2.6993283267634616,-0.4037596474887537,R1
2024-11-01 09:00:00,500,2.328863746653158,2.53248228103091,-0.2036185343777519,R1
2024-11-01 10:00:00,500,2.388779841082126,2.6764912893644297,-0.28771144828230355,R1
2024-11-01 11:00:00,500,2.4350802869572705,2.587563195006678,-0.15248290804940767,R1
2024-11-01 12:00:00,500,2.4483969372058088,2.784616093873596,-0.33621915666778746,R1
2024-11-01 13:00:00,500,2.554426457618268,2.679709544746283,-0.12528308712801506,R1
2024-11-01 14:00:00,500,2.419561571955125,2.8133883055411992,-0.39382673358607434,R1
2024-11-01 15:00:00,500,2.4015674946653447,2.6970161455445947,-0.29544865087925,R1
2024-11-01 16:00:00,500,2.400412288627964,2.6130586387843446,-0.21264635015638067,R1
2024-11-01 17:00:00,500,2.409151446024381,2.8076448254670043,-0.3984933794426233,R1
2024-11-01 18:00:00,500,2.380641421525447,2.6602057198314446,-0.2795642983059974,R1
2024-11-01 19:00:00,500,2.407735701440461,2.613444342705261,-0.20570864126479993,R1
2024-11-01 20:00:00,500,2.4166573657020254,2.5700534026443846,-0.15339603694235926,R1
2024-11-01 21:00:00,500,2.476420355047504,2.6158236013741227,-0.13940324632661882,R1
2024-11-01 22:00:00,500,2.434466466641457,2.661314444405799,-0.22684797776434173,R1
2024-11-01 23:00:00,500,2.3504704572601987,2.680065344677076,-0.3295948874168775,R1
2024-11-02 00:00:00,500,2.3332772536267674,2.739145464303203,-0.40586821067643575,R1
2024-11-02 01:00:00,500,2.235017733834397,2.648665435589551,-0.4136477017551541,R1
2024-11-02 02:00:00,500,2.433081521684398,2.63460493074226,-0.20152340905786215,R1
2024-11-02 03:00:00,500,2.306938492288119,2.530891055549611,-0.22395256326149227,R1
2024-11-02 04:00:00,500,2.4287835702547853,2.5925981189732767,-0.16381454871849144,R1
2024-11-02 05:00:00,500,2.332138697486652,2.5226845408860936,-0.19054584339944158,R1
2024-11-02 06:00:00,500,2.4374934641815584,2.7686392509513924,-0.33114578676983397,R1
2024-11-02 07:00:00,500,2.4260846334804325,2.605160373296689,-0.17907573981625635,R1
2024-11-02 08:00:00,500,2.5635401209789044,2.679088460656724,-0.11554833967781963,R1
2024-11-02 09:00:00,500,2.3683092163817143,2.772081830979821,-0.40377261459810665,R1
2024-11-02 10:00:00,500,2.39659278427542,2.7217820377532678,-0.32518925347784755,R1
2024-11-02 11:00:00,500,2.453184947554072,2.860948328312574,-0.40776338075850216,R1
2024-11-02 12:00:00,500,2.677236695758056,2.942068096184829,-0.2648314004267731,R1
2024-11-02 13:00:00,500,2.5587690969664867,3.082069181940517,-0.5233000849740304,R1
2024-11-02 14:00:00,500,2.647782686808414,3.0419492408203403,-0.39416655401192635,R1
2024-11-02 15:00:00,500,2.5197417756128218,2.966951641856632,-0.4472098662438104,R1
2024-11-02 16:00:00,500,2.647172278551188,2.932706692279176,-0.2855344137279876,R1
2024-11-02 17:00:00,500,2.5606436595631874,3.10152798330804,-0.5408843237448524,R1
2024-11-02 18:00:00,500,2.539092055952724,3.032928216131784,-0.4938361601790602,R1
2024-11-02 19:00:00,500,2.68970688999401,2.8214725495981936,-0.1317656596041834,R1
2024-11-02 20:00:00,500,2.51543907539553,2.941025505486898,-0.4255864300913679,R1
2024-11-02 21:00:00,500,2.585543924010749,2.9522424336052047,-0.3666985095944555,R1
2024-11-02 22:00:00,500,2.6191928515388074,2.9115730205844583,-0.2923801690456509,R1
2024-11-02 23:00:00,500,2.4418783873492576,2.8409718251213016,-0.3990934377720441,R1
2024-11-03 00:00:00,500,2.604456821416536,3.010779280591832,-0.40632245917529586,R1
2024-11-03 01:00:00,500,2.711221569137105,2.9918248817705733,-0.28060331263346816,R1
2024-11-03 02:00:00,500,2.5640550564011173,2.8899656603592194,-0.3259106039581021,R1
2024-11-03 03:00:00,500,2.54463006519124,2.838947278153153,-0.29431721296191293,R1
2024-11-03 04:00:00,500,2.5285399559079678,2.816550224228897,-0.28801026832092935,R1
2024-11-03 05:00:00,500,2.693178068347275,2.96728618528914,-0.2741081169418651,R1
2024-11-03 06:00:00,500,2.517003530473948,2.793298144500167,-0.2762946140262188,R1
2024-11-03 07:00:00,500,2.8115466558224584,2.9739609267841685,-0.16241427096171002,R1
2024-11-03 08:00:00,500,2.566373327160869,3.0610794448845824,-0.4947061177237133,R1
2024-11-03 09:00:00,500,2.651557152087763,2.7770145400700854,-0.1254573879823222,R1
2024-11-03 10:00:00,500,2.61466829291143,3.049963803768461,-0.4352955108570309,R1
2024-11-03 11:00:00,500,2.580797713455348,3.0530167573926463,-0.4722190439372982,R1
2024-11-03 12:00:00,500,2.50811407552963,2.9372687832613185,-0.4291547077316884,R1
2024-11-03 13:00:00,500,2.6037849891375227,2.805774162096652,-0.20198917295912944,R1
2024-11-03 14:00:00,500,2.627932552537612,3.1240536851754275,-0.49612113263781543,R1
2024-11-03 15:00:00,500,2.614007264615309,2.896305807591958,-0.2822985429766489,R1
2024-11-03 16:00:00,500,2.549677093579584,3.0319879161093555,-0.4823108225297714,R1
2024-11-03 17:00:00,500,2.689961611095785,2.898141939766295,-0.20818032867050995,R1
2024-11-03 18:00:00,500,2.6039747848058847,2.8995107743151936,-0.2955359895093088,R1
2024-11-03 19:00:00,500,2.615383670319082,2.9257953135710912,-0.3104116432520092,R1
2024-11-03 20:00:00,500,2.5892153950484764,3.102749473434097,-0.5135340783856206,R1
2024-11-03 21:00:00,500,2.5380526764163305,2.770044778369547,-0.2319921019532165,R1
2024-11-03 22:00:00,500,2.5542924804249814,3.053520985904692,-0.49922850547971054,R1
2024-11-03 23:00:00,500,2.478091820282363,3.1221563322353787,-0.6440645119530157,R1
2024-11-04 00:00:00,500,2.5579457783431967,2.792206506909454,-0.23426072856625746,R1
2024-11-04 01:00:00,500,2.610727697055577,2.875506560187538,-0.26477886313196075,R1
2024-11-04 02:00:00,500,2.610757324935057,3.0186330672638912,-0.40787574232883417,R1
2024-11-04 03:00:00,500,2.6306377546012474,2.788224782591748,-0.1575870279905005,R1
2024-11-04 04:00:00,500,2.572018462968248,2.990800821909516,-0.41878235894126803,R1
2024-11-04 05:00:00,500,2.595636397520611,2.8976590864555627,-0.30202268893495177,R1
2024-11-04 06:00:00,500,2.591914997669724,2.850094006058544,-0.2581790083888196,R1
2024-11-04 07:00:00,500,2.667894807278706,3.044235206786767,-0.37634039950806075,R1
2024-11-04 08:00:00,500,2.6079306729522798,2.9634170235311275,-0.3554863505788477,R1
2024-11-04 09:00:00,500,2.5974379770180622,2.922649283955538,-0.3252113069374758,R1
2024-11-04 10:00:00,500,2.5805062341634186,2.9365745942379817,-0.3560683600745631,R1
2024-11-04 11:00:00,500,2.574967810158828,2.8878013223668564,-0.31283351220802835,R1
2024-11-04 12:00:00,500,2.6233086494231777,3.007348292268993,-0.38403964284581527,R1
2024-11-04 13:00:00,500,2.570009455030762,3.062262021233849,-0.49225256620308677,R1
2024-11-04 14:00:00,500,2.577268934149891,2.97883255021291,-0.40156361606301916,R1
2024-11-04 15:00:00,500,2.570832406129832,2.82202901916697,-0.2511966130371377,R1
2024-11-04 16:00:00,500,2.496061097151156,2.9473882645657943,-0.4513271674146382,R1
2024-11-04 17:00:00,500,2.5747559827540853,2.6482892177849635,-0.07353323503087816,R1
2024-11-04 18:00:00,500,2.578908779978632,2.7666444557037835,-0.18773567572515137,R1
2024-11-04 19:00:00,500,2.389702460289365,2.6979342342139363,-0.30823177392457124,R1
2024-11-04 20:00:00,500,2.469966453943864,2.740095736811869,-0.27012928286800486,R1
2024-11-04 21:00:00,500,2.479399879059373,2.638716594915745,-0.15931671585637197,R1
2024-11-04 22:00:00,500,2.565792229322152,3.0909773690855915,-0.5251851397634395,R1
2024-11-04 23:00:00,500,2.641538848702628,2.748745837356075,-0.10720698865344724,R1
2024-11-05 00:00:00,500,2.4191786411102068,2.814598195696441,-0.39541955458623423,R1
2024-11-05 01:00:00,500,2.5155466258149044,2.755902537782168,-0.24035591196726358,R1
2024-11-05 02:00:00,500,2.552487534807251,2.7091222788258427,-0.15663474401859157,R1
2024-11-05 03:00:00,500,2.502984745466922,2.814433738526778,-0.31144899305985607,R1
2024-11-05 04:00:00,500,2.4822366007347583,2.715904309666875,-0.23366770893211664,R1
2024-11-05 05:00:00,500,2.654891878210053,2.826649826558267,-0.17175794834821412,R1
2024-11-05 06:00:00,500,2.4482630089601525,2.796436256348562,-0.3481732473884094,R1
2024-11-05 07:00:00,500,2.4308739769232206,2.652354024216266,-0.2214800472930456,R1
2024-11-05 08:00:00,500,2.3238351176644745,2.623838795987998,-0.30000367832352337,R1
2024-11-05 09:00:00,500,2.3313789055799714,2.710023145625496,-0.37864424004552477,R1
2024-11-05 10:00:00,500,2.175040220498093,2.5337821644867846,-0.3587419439886914,R1
2024-11-05 11:00:00,500,2.2984443506104397,2.479855091293345,-0.1814107406829053,R1
2024-11-05 12:00:00,500,2.4458436977105977,2.755329732520181,-0.30948603480958337,R1
2024-11-05 13:00:00,500,2.393169977842155,2.721579781684381,-0.32840980384222584,R1
2024-11-05 14:00:00,500,2.4496839631650227,2.752264616563492,-0.3025806533984694,R1
2024-11-05 15:00:00,500,2.446774641017599,2.7679638714848958,-0.32118923046729675,R1
2024-11-05 16:00:00,500,2.4143288882815472,2.702906845352485,-0.2885779570709377,R1
2024-11-05 17:00:00,500,2.6544113253689314,2.89119153453472,-0.23678020916578868,R1
2024-11-05 18:00:00,500,2.4630302909056607,2.8965659080589026,-0.43353561715324185,R1
2024-11-05 19:00:00,500,2.336210441684601,2.716665179551472,-0.380454737866871,R1
2024-11-05 20:00:00,500,2.3758309933369395,2.660323815530583,-0.2844928221936436,R1
2024-11-05 21:00:00,500,2.4107491637880445,2.779439324286759,-0.3686901604987147,R1
2024-11-05 22:00:00,500,2.375216879140561,2.627637021769453,-0.2524201426288921,R1
2024-11-05 23:00:00,500,2.300518996125905,2.8484627094408106,-0.5479437133149054,R1
2024-11-06 00:00:00,500,2.403115648183769,2.6937373365199093,-0.2906216883361403,R1
2024-11-06 01:00:00,500,2.316957457005923,2.897327450214599,-0.5803699932086763,R1
2024-11-06 02:00:00,500,2.443274966731052,2.708241645544118,-0.264966678813066,R1
2024-11-06 03:00:00,500,2.3683915480659445,2.6617646815898417,-0.29337313352389716,R1
2024-11-06 04:00:00,500,2.451450046439967,2.55461797528847,-0.10316792884850301,R1
2024-11-06 05:00:00,500,2.44079739053562,2.8502473297372237,-0.40944993920160355,R1
2024-11-06 06:00:00,500,2.395867093569919,2.713435980054787,-0.31756888648486825,R1
2024-11-06 07:00:00,500,2.3834601733684857,2.7123919563828283,-0.32893178301434256,R1
2024-11-06 08:00:00,500,2.349164897347609,2.6138555444009643,-0.2646906470533552,R1
2024-11-06 09:00:00,500,2.347649462246161,2.66206089270082,-0.3144114304546588,R1
2024-11-06 10:00:00,500,2.4635841681764523,2.6662540499903824,-0.2026698818139301,R1
2024-11-06 11:00:00,500,2.273178582470417,2.4547634076621128,-0.18158482519169583,R1
2024-11-06 12:00:00,500,2.450257510365247,2.7228862001310707,-0.27262868976582366,R1
2024-11-06 13:00:00,500,2.3534708579031585,2.6346935697282823,-0.2812227118251238,R1
2024-11-06 14:00:00,500,2.51920566492999,2.634623811344972,-0.11541814641498194,R1
2024-11-06 15:00:00,500,2.427783357868212,2.6398722085637942,-0.21208885069558203,R1
2024-11-06 16:00:00,500,2.4018741246050985,2.824504574410585,-0.4226304498054865,R1
2024-11-06 17:00:00,500,2.414770889165921,2.767713263080189,-0.35294237391426764,R1
2024-11-06 18:00:00,500,2.236139107512101,2.4624291022186338,-0.22628999470653266,R1
2024-11-06 19:00:00,500,2.2297824339370877,2.585127740422375,-0.35534530648528717,R1
2024-11-06 20:00:00,500,2.400078030203254,2.613891472408379,-0.213813442205125,R1
2024-11-06 21:00:00,500,2.330034874360506,2.564388716535987,-0.23435384217548094,R1
2024-11-06 22:00:00,500,2.210061522847037,2.6741067017283475,-0.4640451788813107,R1
2024-11-06 23:00:00,500,2.3501534496681526,2.533086891063949,-0.18293344139579615,R1
2024-11-07 00:00:00,500,2.3115107728921367,2.593747342246339,-0.28223656935420216,R1
2024-11-07 01:00:00,500,2.304541263184944,2.438928752244854,-0.13438748905991016,R1
2024-11-07 02:00:00,500,2.268760845336341,2.489765562793954,-0.22100471745761308,R1
2024-11-07 03:00:00,500,2.178779117165325,2.528562706373048,-0.349783589207723,R1
2024-11-07 04:00:00,500,2.2430118217240134,2.500214628600377,-0.25720280687636343,R1
2024-11-07 05:00:00,500,2.335423005358692,2.597741333555948,-0.26231832819725565,R1
2024-11-07 06:00:00,500,2.330980240499169,2.447151544057302,-0.11617130355813332,R1
2024-11-07 07:00:00,500,2.172004711522528,2.451966671547348,-0.2799619600248202,R1
2024-11-07 08:00:00,500,2.278936255405196,2.5504021399610077,-0.2714658845558118,R1
2024-11-07 09:00:00,500,2.3447994377116546,2.600055649193488,-0.25525621148183353,R1
2024-11-07 10:00:00,500,2.4205664252367542,2.5803740761730505,-0.15980765093629623,R1
2024-11-07 11:00:00,500,2.41780288959411,2.579540163370168,-0.16173727377605784,R1
2024-11-07 12:00:00,500,2.3441101296613827,2.537726572446063,-0.1936164427846805,R1
2024-11-07 13:00:00,500,2.3248238843586604,2.585918198721161,-0.2610943143625004,R1
2024-11-07 14:00:00,500,2.2779050580009907,2.5529532463266498,-0.275048188325659,R1
2024-11-07 15:00:00,500,2.370201615399479,2.658303305340513,-0.2881016899410338,R1
2024-11-07 16:00:00,500,2.3820620672444965,2.553181676784249,-0.17111960953975247,R1
2024-11-07 17:00:00,500,2.271383896012838,2.599785324429688,-0.32840142841684994,R1
2024-11-07 18:00:00,500,2.323455611394293,2.7156582728116505,-0.3922026614173575,R1
2024-11-07 19:00:00,500,2.314257986259582,2.706539266204673,-0.3922812799450912,R1
2024-11-07 20:00:00,500,2.371990831584993,2.601866749521093,-0.22987591793609985,R1
2024-11-07 21:00:00,500,2.3267816035822766,2.7123225303236542,-0.38554092674137763,R1
2024-11-07 22:00:00,500,2.444094761956628,2.642229285008911,-0.1981345230522833,R1
2024-11-07 23:00:00,500,2.3300154869513943,2.557461500520031,-0.22744601356863692,R1
2024-11-08 00:00:00,500,2.399642637231,2.691229096903456,-0.2915864596724558,R1
2024-11-08 01:00:00,500,2.3968210644135715,2.594952998680983,-0.1981319342674115,R1
2024-11-08 02:00:00,500,2.3625141153403173,2.617281033452676,-0.25476691811235863,R1
2024-11-08 03:00:00,500,2.369954731702056,2.573255521387205,-0.20330078968514886,R1
2024-11-08 04:00:00,500,2.378815806359879,2.5822560777500274,-0.2034402713901482,R1
2024-11-08 05:00:00,500,2.46614711883002,2.637318874853082,-0.17117175602306212,R1
2024-11-08 06:00:00,500,2.440338268404981,2.7490518906483605,-0.3087136222433795,R1
2024-11-08 07:00:00,500,2.340433958629448,2.6111551287486585,-0.2707211701192107,R1
2024-11-08 08:00:00,500,2.4997028342441365,2.729535569912606,-0.2298327356684693,R1
2024-11-08 09:00:00,500,2.468611778131619,2.6904138297624978,-0.22180205163087896,R1
2024-11-08 10:00:00,500,2.3909316233658857,2.7395536847016566,-0.3486220613357709,R1
2024-11-08 11:00:00,500,2.3605735577754614,2.5983330389015027,-0.23775948112604128,R1
2024-11-08 12:00:00,500,2.447715079471068,2.638005229420899,-0.19029014994983084,R1
2024-11-08 13:00:00,500,2.4334667355155606,2.657412904517889,-0.22394616900232833,R1
2024-11-08 14:00:00,500,2.461460899709447,2.735793098438036,-0.27433219872858894,R1
2024-11-08 15:00:00,500,2.4374050338090973,2.6685756505761105,-0.23117061676701312,R1
2024-11-08 16:00:00,500,2.456059834369737,2.769676786656127,-0.31361695228638986,R1
2024-11-08 17:00:00,500,2.369371609217012,2.711988791667374,-0.3426171824503621,R1
2024-11-08 18:00:00,500,2.3500401714280468,2.562893945285179,-0.2128537738571321,R1
2024-11-08 19:00:00,500,2.2657164342355265,2.6980817713580207,-0.43236533712249425,R1
2024-11-08 20:00:00,500,2.464515804162044,2.887278574850856,-0.42276277068881196,R1
2024-11-08 21:00:00,500,2.5500531704337788,2.68865714875912,-0.13860397832534144,R1
2024-11-08 22:00:00,500,2.474785365843268,2.823948748617353,-0.3491633827740852,R1
2024-11-08 23:00:00,500,2.332298894880566,2.4829519466145795,-0.15065305173401367,R1
2024-11-09 00:00:00,500,2.322342782274536,2.883915451801696,-0.5615726695271599,R1
2024-11-09 01:00:00,500,2.4721990309285933,2.698367991535223,-0.22616896060662972,R1
2024-11-09 02:00:00,500,2.4289605209274767,2.773875566916072,-0.34491504598859546,R1
2024-11-09 03:00:00,500,2.4612523976012395,2.768087442462466,-0.3068350448612267,R1
2024-11-09 04:00:00,500,2.4696789133760717,2.5850402338978897,-0.11536132052181802,R1
2024-11-09 05:00:00,500,2.488213388869483,2.9158339592417253,-0.42762057037224244,R1
2024-11-09 06:00:00,500,2.461633097298284,2.7099515499904525,-0.24831845269216846,R1
2024-11-09 07:00:00,500,2.393695732948872,2.774673116943848,-0.38097738399497594,R1
2024-11-09 08:00:00,500,2.408191929548328,2.682066196597886,-0.27387426704955775,R1
2024-11-09 09:00:00,500,2.4240238214244862,2.6038479887821917,-0.17982416735770546,R1
2024-11-09 10:00:00,500,2.512723114023676,2.822547530463268,-0.309824416439592,R1
2024-11-09 11:00:00,500,2.5258148958082964,2.816815409609457,-0.29100051380116065,R1
2024-11-09 12:00:00,500,2.504470528448304,2.710971628568952,-0.2065011001206476,R1
2024-11-09 13:00:00,500,2.5488711934133343,2.8890152258798385,-0.34014403246650415,R1
2024-11-09 14:00:00,500,2.3619413146700494,2.60852419550441,-0.24658288083436064,R1
2024-11-09 15:00:00,500,2.4273460553902795,2.566213214116132,-0.1388671587258523,R1
2024-11-09 16:00:00,500,2.397905615561889,2.866295333004246,-0.4683897174423568,R1
2024-11-09 17:00:00,500,2.518563601326264,2.646709977723866,-0.12814637639760207,R1
2024-11-09 18:00:00,500,2.35042409513747,2.725233243987699,-0.374809148850229,R1
2024-11-09 19:00:00,500,2.467248737606476,2.910314405271846,-0.4430656676653699,R1
2024-11-09 20:00:00,500,2.4439752206210064,2.706636133431996,-0.2626609128109898,R1
2024-11-09 21:00:00,500,2.400428967440395,2.649077544438557,-0.2486485769981619,R1
2024-11-09 22:00:00,500,2.5030004595394866,2.737050083802417,-0.2340496242629304,R1
2024-11-09 23:00:00,500,2.436929030389616,2.9695161256780223,-0.5325870952884064,R1
2024-11-10 00:00:00,500,2.5071517206487988,2.8365023893727384,-0.3293506687239396,R1
2024-11-10 01:00:00,500,2.382935879665087,2.720154366932872,-0.33721848726778525,R1
2024-11-10 02:00:00,500,2.4763831124474365,2.719708269180245,-0.24332515673280852,R1
2024-11-10 03:00:00,500,2.422906123854069,2.824597625922429,-0.4016915020683598,R1
2024-11-10 04:00:00,500,2.424213376562948,2.889519166100366,-0.46530578953741797,R1
2024-11-10 05:00:00,500,2.5195086598861955,2.9308084413512625,-0.41129978146506696,R1
2024-11-10 06:00:00,500,2.660662089509917,2.960801184423361,-0.3001390949134439,R1
2024-11-10 07:00:00,500,2.724139756224671,2.925234380987756,-0.20109462476308515,R1
2024-11-10 08:00:00,500,2.626645560668584,2.8533060449536034,-0.2266604842850195,R1
2024-11-10 09:00:00,500,2.563903674678517,2.7480980140701923,-0.1841943393916754,R1
2024-11-10 10:00:00,500,2.639860850654121,2.921296197860341,-0.2814353472062199,R1
2024-11-10 11:00:00,500,2.5585523202100404,2.992717644066785,-0.43416532385674467,R1
2024-11-10 12:00:00,500,2.594691352694433,2.961243321642635,-0.36655196894820197,R1
2024-11-10 13:00:00,500,2.526195384577968,2.8826724910333152,-0.35647710645534714,R1
2024-11-10 14:00:00,500,2.5622311074654207,2.9136235901304026,-0.3513924826649819,R1
2024-11-10 15:00:00,500,2.613593111770083,2.91797142731019,-0.3043783155401072,R1
2024-11-10 16:00:00,500,2.471358437807264,2.919487973291279,-0.4481295354840147,R1
2024-11-10 17:00:00,500,2.549429107475249,2.9495173992770805,-0.40008829180183136,R1
2024-11-10 18:00:00,500,2.48511709115843,2.809452195651542,-0.324335104493112,R1
2024-11-10 19:00:00,500,2.5249095359390665,2.9342865735322814,-0.40937703759321487,R1
2024-11-10 20:00:00,500,2.648233883522641,2.779531827860297,-0.13129794433765607,R1
2024-11-10 21:00:00,500,2.490946156632849,3.0056638096403194,-0.5147176530074704,R1
2024-11-10 22:00:00,500,2.4865074212061264,3.0403704462653214,-0.5538630250591949,R1
2024-11-10 23:00:00,500,2.5301431825849128,2.8476500095864847,-0.31750682700157196,R1
2024-11-11 00:00:00,500,2.482288581174673,2.7647562488300577,-0.2824676676553848,R1
2024-11-11 01:00:00,500,2.430186989066089,2.707758804071048,-0.2775718150049591,R1
2024-11-11 02:00:00,500,2.484582533336223,2.737167473020955,-0.2525849396847324,R1
2024-11-11 03:00:00,500,2.4555679747738752,2.968241395513063,-0.5126734207391879,R1
2024-11-11 04:00:00,500,2.4991736151998243,2.896773674303436,-0.3976000591036115,R1
2024-11-11 05:00:00,500,2.4839576426707755,2.770637144566748,-0.2866795018959727,R1
2024-11-11 06:00:00,500,2.534983963528345,2.7820840365495223,-0.2471000730211772,R1
2024-11-11 07:00:00,500,2.438008727389686,2.72955514915898,-0.2915464217692936,R1
2024-11-11 08:00:00,500,2.4093524046710564,2.7631964581670854,-0.353844053496029,R1
2024-11-11 09:00:00,500,2.541404544935136,2.7511991743781734,-0.20979462944303728,R1
2024-11-11 10:00:00,500,2.421940421708846,2.574249338596169,-0.15230891688732306,R1
2024-11-11 11:00:00,500,2.5535134379361346,2.673101988746359,-0.11958855081022435,R1
2024-11-11 12:00:00,500,2.3859838072147066,2.841364413108588,-0.4553806058938812,R1
2024-11-11 13:00:00,500,2.4065404178924354,2.597938116298061,-0.1913976984056256,R1
2024-11-11 14:00:00,500,2.270655294501892,2.5233383768561195,-0.25268308235422765,R1
2024-11-11 15:00:00,500,2.484745568434973,2.629539602915906,-0.14479403448093286,R1
2024-11-11 16:00:00,500,2.426019145166664,2.722831134110225,-0.29681198894356076,R1
2024-11-11 17:00:00,500,2.4533510534538,2.733717640807302,-0.28036658735350173,R1
2024-11-11 18:00:00,500,2.33541516875228,2.6512664889417845,-0.31585132018950457,R1
2024-11-11 19:00:00,500,2.369356685439452,2.653000210868818,-0.2836435254293659,R1
2024-11-11 20:00:00,500,2.332285159111105,2.6830273793729567,-0.35074222026185176,R1
2024-11-11 21:00:00,500,2.3667352523509426,2.677379624981435,-0.31064437263049216,R1
2024-11-11 22:00:00,500,2.3793685281196795,2.770335204535551,-0.39096667641587146,R1
2024-11-11 23:00:00,500,2.459438507414218,2.669788356168271,-0.21034984875405272,R1
2024-11-12 00:00:00,500,2.352149630103044,2.615019621951065,-0.2628699918480213,R1
2024-11-12 01:00:00,500,2.423064677135588,2.613396664815872,-0.1903319876802838,R1
2024-11-12 02:00:00,500,2.414027943162885,2.922239244688324,-0.508211301525439,R1
2024-11-12 03:00:00,500,2.5574588378056013,2.752598997448364,-0.19514015964276243,R1
2024-11-12 04:00:00,500,2.4125612582617486,2.734461338584369,-0.3219000803226204,R1
2024-11-12 05:00:00,500,2.311905985279869,2.7309513203559748,-0.41904533507610564,R1
2024-11-12 06:00:00,500,2.549931489760574,2.724003267065591,-0.17407177730501733,R1
2024-11-12 07:00:00,500,2.3555332820957,2.6735847682790763,-0.3180514861833763,R1
2024-11-12 08:00:00,500,2.4219937550830344,2.735371178445762,-0.31337742336272756,R1
2024-11-12 09:00:00,500,2.437847664105941,2.8153609432967555,-0.37751327919081445,R1
2024-11-12 10:00:00,500,2.4119676922492927,2.7144456296312627,-0.30247793738196993,R1
2024-11-12 11:00:00,500,2.34008367838244,2.831135479199517,-0.4910518008170772,R1
2024-11-12 12:00:00,500,2.45132676845681,2.705568498510641,-0.2542417300538311,R1
2024-11-12 13:00:00,500,2.6446622890648803,2.843106550539156,-0.19844426147427585,R1
2024-11-12 14:00:00,500,2.554759481704663,2.8039830466634097,-0.24922356495874665,R1
2024-11-12 15:00:00,500,2.5916405528345727,2.878972334667137,-0.28733178183256447,R1
2024-11-12 16:00:00,500,2.566400000986703,2.953947842976905,-0.3875478419902021,R1
2024-11-12 17:00:00,500,2.673720543306953,3.1933386752368462,-0.5196181319298931,R1
2024-11-12 18:00:00,500,2.6073401325401515,3.236995697065077,-0.6296555645249255,R1
2024-11-12 19:00:00,500,2.5825021194299715,2.981557748618217,-0.39905562918824566,R1
2024-11-12 20:00:00,500,2.622189467562899,2.85633029464305,-0.23414082708015105,R1
2024-11-12 21:00:00,500,2.620708825598491,2.8021218288056886,-0.18141300320719767,R1
2024-11-12 22:00:00,500,2.5676772628026256,2.8970570399795834,-0.32937977717695777,R1
2024-11-12 23:00:00,500,2.6681960924670984,2.9071818641904903,-0.23898577172339186,R1
2024-11-13 00:00:00,500,2.622080937517437,3.207097996609977,-0.5850170590925399,R1
2024-11-13 01:00:00,500,2.5887769626859662,2.9457307153545385,-0.3569537526685722,R1
2024-11-13 02:00:00,500,2.71919585805926,2.829508456053537,-0.11031259799427673,R1
2024-11-13 03:00:00,500,2.464545682427114,2.986058998944177,-0.5215133165170629,R1
2024-11-13 04:00:00,500,2.605661037953224,2.8300298424065087,-0.22436880445328455,R1
2024-11-13 05:00:00,500,2.668998556983217,2.8908185102538035,-0.22181995327058646,R1
2024-11-13 06:00:00,500,2.575164847099238,2.7981869214003456,-0.22302207430110776,R1
2024-11-13 07:00:00,500,2.569571847788417,2.9650850306564043,-0.3955131828679872,R1
2024-11-13 08:00:00,500,2.5559772986673277,2.96066107060727,-0.4046837719399421,R1
2024-11-13 09:00:00,500,2.53529591837654,3.060228468652044,-0.524932550275504,R1
2024-11-13 10:00:00,500,2.6007822734001063,3.0288516426194527,-0.42806936921934646,R1
2024-11-13 11:00:00,500,2.5909814995253524,2.8333014911236467,-0.24231999159829432,R1
2024-11-13 12:00:00,500,2.681438182313676,3.0982476422669625,-0.41680945995328633,R1
2024-11-13 13:00:00,500,2.6136737798295004,3.0561997134990877,-0.44252593366958726,R1
2024-11-13 14:00:00,500,2.627531826936693,3.174954584689679,-0.5474227577529858,R1
2024-11-13 15:00:00,500,2.628126135820863,3.041650799438056,-0.413524663617193,R1
2024-11-13 16:00:00,500,2.543571958721172,2.887596487977946,-0.34402452925677407,R1
2024-11-13 17:00:00,500,2.608353069672246,2.964619473844897,-0.3562664041726511,R1
2024-11-13 18:00:00,500,2.602797733346537,2.9637037548114904,-0.3609060214649533,R1
2024-11-13 19:00:00,500,2.599168716068295,2.8753415763839207,-0.2761728603156257,R1
2024-11-13 20:00:00,500,2.5753759838755315,2.9536546163389947,-0.37827863246346327,R1
2024-11-13 21:00:00,500,2.5493777400616464,2.9097742876399137,-0.36039654757826733,R1
2024-11-13 22:00:00,500,2.591447952221672,2.8713486248872124,-0.27990067266554064,R1
2024-11-13 23:00:00,500,2.6220859783074384,3.038814528972991,-0.4167285506655527,R1
2024-11-14 00:00:00,500,2.582133616205529,2.864406532995124,-0.28227291678959476,R1
2024-11-14 01:00:00,500,2.52370917952737,2.992246590278481,-0.4685374107511109,R1
2024-11-14 02:00:00,500,2.5244211361307443,3.0419456043304125,-0.5175244681996682,R1
2024-11-14 03:00:00,500,2.5322166464275533,2.9373388534335243,-0.405122207005971,R1
2024-11-14 04:00:00,500,2.5366147967297827,2.851248019077735,-0.3146332223479522,R1
2024-11-14 05:00:00,500,2.5528646538000204,2.944881554130403,-0.3920169003303826,R1
2024-11-14 06:00:00,500,2.5481784503407865,2.906166937086719,-0.35798848674593264,R1
2024-11-14 07:00:00,500,2.6019566793279325,2.870725121993514,-0.26876844266558164,R1
2024-11-14 08:00:00,500,2.6214963461465093,2.9275359761371367,-0.3060396299906274,R1
2024-11-14 09:00:00,500,2.6372282766039543,2.924858604212504,-0.2876303276085497,R1
2024-11-14 10:00:00,500,2.654394917516074,2.82032902368547,-0.16593410616939597,R1
2024-11-14 11:00:00,500,2.6981944748951325,2.916747616179841,-0.21855314128470837,R1
2024-11-14 12:00:00,500,2.5842330386623926,2.960833044304589,-0.3766000056421963,R1
2024-11-14 13:00:00,500,2.6756382350551537,2.996818690029949,-0.3211804549747952,R1
2024-11-14 14:00:00,500,2.5992518089557843,2.939327309812357,-0.3400755008565728,R1
2024-11-14 15:00:00,500,2.6282242590216964,2.9383437915480264,-0.31011953252632996,R1
2024-11-14 16:00:00,500,2.551686985805804,2.854046858652572,-0.3023598728467678,R1
2024-11-14 17:00:00,500,2.506089406423025,2.983523728208886,-0.4774343217858612,R1
2024-11-14 18:00:00,500,2.7060393152680127,2.9737869782459767,-0.26774766297796404,R1
2024-11-14 19:00:00,500,2.589133021466503,3.0084508761821662,-0.4193178547156631,R1
2024-11-14 20:00:00,500,2.5361594590492085,2.8205014855193817,-0.28434202647017326,R1
2024-11-14 21:00:00,500,2.557256426011011,2.820842547682145,-0.2635861216711337,R1
2024-11-14 22:00:00,500,2.5482268326945694,2.893086791870265,-0.3448599591756958,R1
2024-11-14 23:00:00,500,2.5169667962748434,2.9917595930980263,-0.47479279682318287,R1
2024-11-15 00:00:00,500,2.8315563814173386,2.9388138569739266,-0.10725747555658804,R1
2024-11-15 01:00:00,500,2.4668691764274677,2.8808207555484224,-0.4139515791209547,R1
2024-11-15 02:00:00,500,2.587480434763344,2.993355676971071,-0.40587524220772675,R1
2024-11-15 03:00:00,500,2.539715212518924,2.910014993361681,-0.37029978084275683,R1
2024-11-15 04:00:00,500,2.593526958202629,3.0202027512794865,-0.42667579307685743,R1
2024-11-15 05:00:00,500,2.583771928269779,3.1363244617128565,-0.5525525334430776,R1
2024-11-15 06:00:00,500,2.628801612662932,3.330871066177885,-0.702069453514953,R1
2024-11-15 07:00:00,500,2.7446112008382326,3.0810299142185293,-0.3364187133802967,R1
2024-11-15 08:00:00,500,2.5932297401072963,2.948283381681526,-0.3550536415742296,R1
2024-11-15 09:00:00,500,2.620604609176456,3.143236206549022,-0.5226315973725657,R1
2024-11-15 10:00:00,500,2.8047548696855973,3.0062113023189787,-0.20145643263338142,R1
2024-11-15 11:00:00,500,2.7282845779761176,3.064848583931401,-0.33656400595528346,R1
2024-11-15 12:00:00,500,2.711100154872638,2.951863137103958,-0.24076298223131998,R1
2024-11-15 13:00:00,500,2.606284792749168,3.043318801969757,-0.4370340092205889,R1
2024-11-15 14:00:00,500,2.6462310328798173,3.088430056874247,-0.44219902399442956,R1
2024-11-15 15:00:00,500,2.5672070784245,2.904557371843594,-0.33735029341909417,R1
2024-11-15 16:00:00,500,2.5919995030124765,2.87088151067561,-0.27888200766313354,R1
2024-11-15 17:00:00,500,2.7176512641041435,2.9538627705003773,-0.23621150639623378,R1
2024-11-15 18:00:00,500,2.5437938190923672,2.935183819083236,-0.39138999999086854,R1
2024-11-15 19:00:00,500,2.5232789064802126,2.8067305640467826,-0.28345165756657,R1
2024-11-15 20:00:00,500,2.466957468970022,2.819142748213445,-0.3521852792434226,R1
2024-11-15 21:00:00,500,2.4545449638525514,2.929889311856888,-0.47534434800433667,R1
2024-11-15 22:00:00,500,2.479618735948293,2.9330415614499614,-0.45342282550166857,R1
2024-11-15 23:00:00,500,2.5023724643979377,2.8236083363950173,-0.3212358719970796,R1
2024-11-16 00:00:00,500,2.594306289386285,2.956364162918491,-0.36205787353220575,R1
2024-11-16 01:00:00,500,2.5247704765907133,2.828594367524333,-0.3038238909336197,R1
2024-11-16 02:00:00,500,2.598911545579411,3.1999411429973867,-0.6010295974179756,R1
2024-11-16 03:00:00,500,2.608361556759578,3.1410682243389325,-0.5327066675793546,R1
2024-11-16 04:00:00,500,2.6841122335707874,2.9681368666535857,-0.28402463308279824,R1
2024-11-16 05:00:00,500,2.6263023152890126,2.982948721658012,-0.35664640636899936,R1
2024-11-16 06:00:00,500,2.5496081432616893,2.8391297731669938,-0.2895216299053045,R1
2024-11-16 07:00:00,500,2.3375125464787527,2.768906303717256,-0.4313937572385034,R1
2024-11-16 08:00:00,500,2.315189668329982,2.574555072999434,-0.259365404669452,R1
2024-11-16 09:00:00,500,2.373333814322072,2.573035984774467,-0.1997021704523947,R1
2024-11-16 10:00:00,500,2.2768370069145285,2.460074230752575,-0.18323722383804641,R1
2024-11-16 11:00:00,500,2.2579865646362465,2.59709126745222,-0.3391047028159737,R1
2024-11-16 12:00:00,500,2.349334472466297,2.595416299363611,-0.24608182689731395,R1
2024-11-16 13:00:00,500,2.4349951843928173,2.745994093295101,-0.31099890890228377,R1
2024-11-16 14:00:00,500,2.449709199243796,2.7508266693750465,-0.30111747013125045,R1
2024-11-16 15:00:00,500,2.346712075482058,2.647570310941687,-0.300858235459629,R1
2024-11-16 16:00:00,500,2.400343125173151,2.628632329977308,-0.22828920480415693,R1
2024-11-16 17:00:00,500,2.259711277338777,2.569090698732881,-0.3093794213941039,R1
2024-11-16 18:00:00,500,2.4163466257801858,2.686148695241505,-0.26980206946131924,R1
2024-11-16 19:00:00,500,2.2975293756690838,2.6194544988271016,-0.3219251231580178,R1
2024-11-16 20:00:00,500,2.403905736370568,2.5923310315299446,-0.18842529515937656,R1
2024-11-16 21:00:00,500,2.280700192809909,2.5883307064126484,-0.3076305136027395,R1
2024-11-16 22:00:00,500,2.3430096245926126,2.6420024140989664,-0.2989927895063538,R1
2024-11-16 23:00:00,500,2.587651938506608,2.557314021989616,0.030337916516991914,R3
2024-11-17 00:00:00,500,2.3755042569875813,2.7276116031207462,-0.35210734613316497,R1
2024-11-17 01:00:00,500,2.3123193266673225,2.6146280746755446,-0.30230874800822205,R1
2024-11-17 02:00:00,500,2.381408419914194,2.66267930206717,-0.28127088215297613,R1
2024-11-17 03:00:00,500,2.2793707811639523,2.6678444026841324,-0.38847362152018006,R1
2024-11-17 04:00:00,500,2.346965284811497,2.664187443430479,-0.31722215861898206,R1
2024-11-17 05:00:00,500,2.4361817009095885,2.5401279577241267,-0.10394625681453817,R1
2024-11-17 06:00:00,500,2.476054532500957,2.7862267983190177,-0.31017226581806057,R1
2024-11-17 07:00:00,500,2.32194100050954,2.613612966668611,-0.291671966159071,R1
2024-11-17 08:00:00,500,2.2102187505786337,2.516353228299187,-0.30613447772055347,R1
2024-11-17 09:00:00,500,2.310388380187412,2.571081445061128,-0.260693064873716,R1
2024-11-17 10:00:00,500,2.275340200489016,2.524157656943887,-0.24881745645487108,R1
2024-11-17 11:00:00,500,2.266643096779556,2.496752246965513,-0.23010915018595668,R1
2024-11-17 12:00:00,500,2.189229317485592,2.495966406051525,-0.30673708856593285,R1
2024-11-17 13:00:00,500,2.17615344009564,2.601568783348267,-0.42541534325262687,R1
2024-11-17 14:00:00,500,2.43041627146866,2.5130263940045707,-0.0826101225359106,R1
2024-11-17 15:00:00,500,2.3143646221870293,2.461341580319576,-0.14697695813254663,R1
2024-11-17 16:00:00,500,2.3117627939305705,2.526254112576648,-0.2144913186460773,R1
2024-11-17 17:00:00,500,2.288039502762051,2.415342441388382,-0.12730293862633113,R1
2024-11-17 18:00:00,500,2.249051889682725,2.544288301919783,-0.2952364122370579,R1
2024-11-17 19:00:00,500,2.239520869288891,2.4502502818631218,-0.21072941257423095,R1
2024-11-17 20:00:00,500,2.291517735370859,2.5794895876453685,-0.2879718522745094,R1
2024-11-17 21:00:00,500,2.29711354507902,2.463327845953275,-0.16621430087425493,R1
2024-11-17 22:00:00,500,2.2321847048234904,2.4423883001865145,-0.21020359536302413,R1
2024-11-17 23:00:00,500,2.2796224416921294,2.4679432518078164,-0.18832081011568702,R1
2024-11-18 00:00:00,500,2.296891645505601,2.3434416052853893,-0.046549959779788264,R1
2024-11-18 01:00:00,500,2.213426256366014,2.42964396491403,-0.21621770854801614,R1
2024-11-18 02:00:00,500,2.167323542586607,2.4956121971839456,-0.3282886545973387,R1
2024-11-18 03:00:00,500,2.2671658611766503,2.360264405752708,-0.09309854457605748,R1
2024-11-18 04:00:00,500,2.1608098552299726,2.4062516012171637,-0.24544174598719115,R1
2024-11-18 05:00:00,500,2.2877584332914203,2.573086583228943,-0.28532814993752265,R1
2024-11-18 06:00:00,500,2.3324366574587923,2.484573380063236,-0.15213672260444389,R1
2024-11-18 07:00:00,500,2.438623375627502,2.615527754138781,-0.17690437851127871,R1
2024-11-18 08:00:00,500,2.3300029311713573,2.439505656617981,-0.10950272544662365,R1
2024-11-18 09:00:00,500,2.2371878048594263,2.5484026334304817,-0.3112148285710554,R1
2024-11-18 10:00:00,500,2.338359862284172,2.5592785455093536,-0.2209186832251815,R1
2024-11-18 11:00:00,500,2.206315235090623,2.5774453855288684,-0.3711301504382454,R1
2024-11-18 12:00:00,500,2.199606512342083,2.4664572608651127,-0.2668507485230296,R1
2024-11-18 13:00:00,500,2.2641409022306376,2.566409431787979,-0.3022685295573413,R1
2024-11-18 14:00:00,500,2.152742971150201,2.547941172487032,-0.3951982013368309,R1
2024-11-18 15:00:00,500,2.292007457857028,2.4610044929357966,-0.1689970350787684,R1
2024-11-18 16:00:00,500,2.327269979433697,2.526694183972011,-0.1994242045383139,R1
2024-11-18 17:00:00,500,2.358206070119302,2.596483844084192,-0.23827777396489003,R1
2024-11-18 18:00:00,500,2.283316751338254,2.438823898307396,-0.15550714696914225,R1
2024-11-18 19:00:00,500,2.2338797796894223,2.4717474754131383,-0.23786769572371602,R1
2024-11-18 20:00:00,500,2.262432574072838,2.4522558923504856,-0.18982331827764742,R1
2024-11-18 21:00:00,500,2.2052876959986416,2.3962747570663505,-0.1909870610677089,R1
2024-11-18 22:00:00,500,2.216369744673161,2.6073625018812754,-0.3909927572081142,R1
2024-11-18 23:00:00,500,2.2502754569596464,2.4841295850188327,-0.23385412805918637,R1
2024-11-19 00:00:00,500,2.1955363604929787,2.6221133413121644,-0.4265769808191857,R1
2024-11-19 01:00:00,500,2.3802605482350567,2.463200885373116,-0.08294033713805948,R1
2024-11-19 02:00:00,500,2.332378694969353,2.329282773313157,0.003095921656195877,R3
2024-11-19 03:00:00,500,2.23263466168547,2.3146540644609903,-0.08201940277552033,R1
2024-11-19 04:00:00,500,2.129852115216859,2.436808954146925,-0.3069568389300663,R1
2024-11-19 05:00:00,500,2.2619792131785315,2.4919466474482923,-0.22996743426976085,R1
2024-11-19 06:00:00,500,2.129161726237114,2.512646703312249,-0.3834849770751352,R1
2024-11-19 07:00:00,500,2.253630865688455,2.5789039734867245,-0.32527310779826957,R1
2024-11-19 08:00:00,500,2.088616869274833,2.3764853874020626,-0.2878685181272296,R1
2024-11-19 09:00:00,500,2.3658315711625337,2.500490262101826,-0.1346586909392924,R1
2024-11-19 10:00:00,500,2.08188769602541,2.3704910076281824,-0.28860331160277264,R1
2024-11-19 11:00:00,500,2.2879400218313126,2.5882791360617663,-0.3003391142304537,R1
2024-11-19 12:00:00,500,2.2964360435317475,2.412266032447404,-0.11582998891565666,R1
2024-11-19 13:00:00,500,2.318380378153543,2.5299508552667094,-0.21157047711316634,R1
2024-11-19 14:00:00,500,2.3072426139590654,2.4139595694673117,-0.10671695550824634,R1
2024-11-19 15:00:00,500,2.2883858480137302,2.4601862880441723,-0.17180044003044204,R1
2024-11-19 16:00:00,500,2.286021226722432,2.4741759507648027,-0.18815472404237088,R1
2024-11-19 17:00:00,500,2.2132137784659043,2.492144791217625,-0.2789310127517206,R1
2024-11-19 18:00:00,500,2.224279220623171,2.4703608503553705,-0.2460816297321995,R1
2024-11-19 19:00:00,500,2.2138509774083497,2.512350734115318,-0.29849975670696827,R1
2024-11-19 20:00:00,500,2.261025451808896,2.5568623511798294,-0.29583689937093327,R1
2024-11-19 21:00:00,500,2.178053090489817,2.626751727113696,-0.44869863662387877,R1
2024-11-19 22:00:00,500,2.1501640465073826,2.3741276771865096,-0.22396363067912706,R1
2024-11-19 23:00:00,500,2.1714220998558127,2.678382677655468,-0.5069605777996551,R1
2024-11-20 00:00:00,500,2.357633219290096,2.497505324472241,-0.13987210518214477,R1
2024-11-20 01:00:00,500,2.3078589199331145,2.5733752013355384,-0.2655162814024239,R1
2024-11-20 02:00:00,500,2.2489698740808635,2.588679081949953,-0.33970920786908954,R1
2024-11-20 03:00:00,500,2.2493396378527906,2.5618942555176933,-0.3125546176649028,R1
2024-11-20 04:00:00,500,2.368138418883354,2.550754909450936,-0.182616490567582,R1
2024-11-20 05:00:00,500,2.2047044501312003,2.4639418229988097,-0.2592373728676094,R1
2024-11-20 06:00:00,500,2.3967904808232494,2.5471724603826718,-0.15038197955942234,R1
2024-11-20 07:00:00,500,2.2878896908605446,2.4994365807229557,-0.2115468898624111,R1
2024-11-20 08:00:00,500,2.151694624946017,2.4415667779850945,-0.2898721530390773,R1
2024-11-20 09:00:00,500,2.180356356483313,2.3329552380139766,-0.1525988815306638,R1
2024-11-20 10:00:00,500,2.4019531630614783,2.71175647326231,-0.30980331020083174,R1
2024-11-20 11:00:00,500,2.4213357669751523,2.7838781679692866,-0.36254240099413426,R1
2024-11-20 12:00:00,500,2.286920341561241,2.620648515693636,-0.333728174132395,R1
2024-11-20 13:00:00,500,2.500820466291576,2.995345247822156,-0.49452478153058,R1
2024-11-20 14:00:00,500,2.344797377374397,2.738292833856356,-0.39349545648195905,R1
2024-11-20 15:00:00,500,2.27656586080408,2.5568872232944275,-0.28032136249034734,R1
2024-11-20 16:00:00,500,2.3948670943289416,2.592480007445705,-0.19761291311676343,R1
2024-11-20 17:00:00,500,2.281171704989837,2.740899336756224,-0.4597276317663872,R1
2024-11-20 18:00:00,500,2.487793235037925,2.5677794370692117,-0.0799862020312867,R1
2024-11-20 19:00:00,500,2.2438333958672136,2.5762157796867378,-0.3323823838195241,R1
2024-11-20 20:00:00,500,2.2740755820511813,2.601895684172972,-0.3278201021217906,R1
2024-11-20 21:00:00,500,2.223286130224545,2.567264471532541,-0.343978341307996,R1
2024-11-20 22:00:00,500,2.263638698466464,2.5655368838237944,-0.3018981853573304,R1
2024-11-20 23:00:00,500,2.3099884568976994,2.6209389191022154,-0.31095046220451605,R1
2024-11-21 00:00:00,500,2.287092189291637,2.5834360362256303,-0.2963438469339934,R1
2024-11-21 01:00:00,500,2.399490936827028,2.616163613261969,-0.21667267643494093,R1
2024-11-21 02:00:00,500,2.4284335918131816,2.6227787631133124,-0.19434517130013074,R1
2024-11-21 03:00:00,500,2.3984714823159976,2.5540813768773987,-0.15560989456140106,R1
2024-11-21 04:00:00,500,2.5270981039214724,2.5962581781402085,-0.06916007421873616,R1
2024-11-21 05:00:00,500,2.351349089175065,2.524640470016051,-0.17329138084098616,R1
2024-11-21 06:00:00,500,2.3534049721488044,2.62035720744877,-0.2669522352999656,R1
2024-11-21 07:00:00,500,2.279367742262873,2.543392402829153,-0.26402466056627993,R1
2024-11-21 08:00:00,500,2.3697254296931147,2.572248559976832,-0.20252313028371738,R1
2024-11-21 09:00:00,500,2.445786298376028,2.6744318324205185,-0.22864553404449062,R1
2024-11-21 10:00:00,500,2.2735017472880337,2.4561065404402784,-0.18260479315224476,R1
2024-11-21 11:00:00,500,2.178611151551347,2.4451089288678496,-0.2664977773165025,R1
2024-11-21 12:00:00,500,2.391541241606145,2.5683343328769106,-0.1767930912707656,R1
2024-11-21 13:00:00,500,2.374686188179892,2.661368110658338,-0.2866819224784458,R1
2024-11-21 14:00:00,500,2.263242702975245,2.463186694866041,-0.19994399189079592,R1
2024-11-21 15:00:00,500,2.314244630073492,2.5079123525928497,-0.1936677225193577,R1
2024-11-21 16:00:00,500,2.4571271556565226,2.529734652726072,-0.07260749706954917,R1
2024-11-21 17:00:00,500,2.2655457696787,2.578303440508677,-0.3127576708299773,R1
2024-11-21 18:00:00,500,2.4272666217022087,2.739549368660541,-0.31228274695833225,R1
2024-11-21 19:00:00,500,2.182882950159189,2.59672493241797,-0.4138419822587811,R1
2024-11-21 20:00:00,500,2.2316632383884034,2.6187816402561257,-0.3871184018677223,R1
2024-11-21 21:00:00,500,2.3688145995288794,2.6266199457096246,-0.25780534618074524,R1
2024-11-21 22:00:00,500,2.3210912489222477,2.570412380041357,-0.24932113111910947,R1
2024-11-21 23:00:00,500,2.274074840529145,2.615405000425808,-0.3413301598966627,R1
2024-11-22 00:00:00,500,2.23035865326782,2.6098778946383794,-0.37951924137055926,R1
2024-11-22 01:00:00,500,2.4249123078782624,2.528994656323967,-0.10408234844570474,R1
2024-11-22 02:00:00,500,2.323199122386093,2.515097542790816,-0.19189842040472316,R1
2024-11-22 03:00:00,500,2.3257019907908747,2.569397047489653,-0.24369505669877833,R1
2024-11-22 04:00:00,500,2.374540277379173,2.633930121064249,-0.2593898436850761,R1
2024-11-22 05:00:00,500,2.297768509241487,2.717815511113213,-0.42004700187172617,R1
2024-11-22 06:00:00,500,2.259343482088388,2.5686286298569447,-0.30928514776855653,R1
2024-11-22 07:00:00,500,2.3884980619328533,2.59044702858645,-0.20194896665359652,R1
2024-11-22 08:00:00,500,2.194970725799283,2.695447033365673,-0.50047630756639,R1
2024-11-22 09:00:00,500,2.2970894036582776,2.657886856870264,-0.3607974532119864,R1
2024-11-22 10:00:00,500,2.545272075994274,2.774648770925606,-0.22937669493133184,R1
2024-11-22 11:00:00,500,2.396146091323434,2.6926905953712668,-0.2965445040478327,R1
2024-11-22 12:00:00,500,2.433643175558998,2.7039060743742382,-0.27026289881524024,R1
2024-11-22 13:00:00,500,2.3910543997679863,2.6700437522151623,-0.27898935244717604,R1
2024-11-22 14:00:00,500,2.5516057696802874,2.608876142963757,-0.0572703732834694,R1
2024-11-22 15:00:00,500,2.3109289788060847,2.610490385819509,-0.2995614070134245,R1
2024-11-22 16:00:00,500,2.423601090591811,2.6708814950832074,-0.24728040449139632,R1
2024-11-22 17:00:00,500,2.422142227911398,2.564252241707475,-0.1421100137960769,R1
2024-11-22 18:00:00,500,2.3336727987427595,2.761722109044683,-0.4280493103019234,R1
2024-11-22 19:00:00,500,2.350624843585326,2.811384687156927,-0.46075984357160094,R1
2024-11-22 20:00:00,500,2.4079328707442564,2.749937968889491,-0.3420050981452345,R1
2024-11-22 21:00:00,500,2.5138072255957487,2.853979385160614,-0.34017215956486524,R1
2024-11-22 22:00:00,500,2.3721394273153167,2.7450930587848426,-0.37295363146952587,R1
2024-11-22 23:00:00,500,2.3541352425702096,2.858361020606688,-0.5042257780364783,R1
2024-11-23 00:00:00,500,2.3861173932068724,2.764758904941946,-0.37864151173507343,R1
2024-11-23 01:00:00,500,2.3354864938754663,2.5567268487755457,-0.22124035490007943,R1
2024-11-23 02:00:00,500,2.3228420561799354,2.723889533286203,-0.40104747710626754,R1
2024-11-23 03:00:00,500,2.4818884413153053,2.580113858809943,-0.09822541749463776,R1
2024-11-23 04:00:00,500,2.32612198106193,2.647668031121448,-0.321546050059518,R1
2024-11-23 05:00:00,500,2.37164644390059,2.6346204512507145,-0.26297400735012433,R1
2024-11-23 06:00:00,500,2.307231693165713,2.702976453197107,-0.3957447600313939,R1
2024-11-23 07:00:00,500,2.2963515342119307,2.7491283975855567,-0.452776863373626,R1
2024-11-23 08:00:00,500,2.4957071385410328,2.8872608028754168,-0.391553664334384,R1
2024-11-23 09:00:00,500,2.321123451663156,2.62911862671538,-0.3079951750522243,R1
2024-11-23 10:00:00,500,2.4048223274315315,2.6996805251222566,-0.2948581976907252,R1
2024-11-23 11:00:00,500,2.520108943562857,2.846022513748691,-0.325913570185834,R1
2024-11-23 12:00:00,500,2.48437748457985,2.809796414101089,-0.3254189295212391,R1
2024-11-23 13:00:00,500,2.566219053069684,2.7270359081545275,-0.16081685508484345,R1
2024-11-23 14:00:00,500,2.628378692339251,2.861245117747195,-0.232866425407944,R1
2024-11-23 15:00:00,500,2.477476222208149,2.9995273454761406,-0.5220511232679916,R1
2024-11-23 16:00:00,500,2.646442875482649,2.803572100215233,-0.15712922473258395,R1
2024-11-23 17:00:00,500,2.596880493281105,2.826548153950141,-0.229667660669036,R1
2024-11-23 18:00:00,500,2.5458990505242363,2.8498041138708925,-0.30390506334665623,R1
2024-11-23 19:00:00,500,2.477482629286369,3.022009294656132,-0.5445266653697631,R1
2024-11-23 20:00:00,500,2.525063256641063,2.682216295050567,-0.15715303840950412,R1
2024-11-23 21:00:00,500,2.5126221286283754,2.86551227888308,-0.3528901502547046,R1
2024-11-23 22:00:00,500,2.5826079911405064,2.8181443544668063,-0.2355363633262999,R1
2024-11-23 23:00:00,500,2.465064825496533,2.911201964478062,-0.4461371389815292,R1
2024-11-24 00:00:00,500,2.474532630265841,2.784003693089096,-0.3094710628232553,R1
2024-11-24 01:00:00,500,2.514267248551449,2.822827882002105,-0.3085606334506559,R1
2024-11-24 02:00:00,500,2.49625577035041,2.7954574775138683,-0.2992017071634585,R1
2024-11-24 03:00:00,500,2.617195349655348,2.8983227111547785,-0.2811273614994305,R1
2024-11-24 04:00:00,500,2.5632412382596605,2.8332568763680235,-0.27001563810836293,R1
2024-11-24 05:00:00,500,2.494686560805448,2.963303794921978,-0.4686172341165298,R1
2024-11-24 06:00:00,500,2.587647878021089,2.8984675566149494,-0.31081967859386017,R1
2024-11-24 07:00:00,500,2.6208194570307737,2.940194247587765,-0.31937479055699125,R1
2024-11-24 08:00:00,500,2.681990029556264,2.8675367670564933,-0.18554673750022932,R1
2024-11-24 09:00:00,500,2.667746880830702,2.9592975136964426,-0.2915506328657407,R1
2024-11-24 10:00:00,500,2.591124631794403,2.973878847655865,-0.38275421586146186,R1
2024-11-24 11:00:00,500,2.687624708296907,3.160866910648853,-0.47324220235194625,R1
2024-11-24 12:00:00,500,2.7241316428974587,2.899976859420768,-0.1758452165233093,R1
2024-11-24 13:00:00,500,2.635616992839125,2.8527586703991665,-0.21714167756004166,R1
2024-11-24 14:00:00,500,2.6307849385697435,2.958937368677525,-0.3281524301077816,R1
2024-11-24 15:00:00,500,2.5774982954892045,2.862442178390524,-0.28494388290131933,R1
2024-11-24 16:00:00,500,2.4802727563110047,2.8716498938514934,-0.39137713754048864,R1
2024-11-24 17:00:00,500,2.5648659674049963,2.8989000203208817,-0.3340340529158854,R1
2024-11-24 18:00:00,500,2.6219289926928484,2.7692485173889674,-0.14731952469611898,R1
2024-11-24 19:00:00,500,2.615654689078121,2.9208209945529333,-0.3051663054748124,R1
2024-11-24 20:00:00,500,2.545099301645968,2.899647128651392,-0.35454782700542387,R1
2024-11-24 21:00:00,500,2.5602565501743277,2.9095505575381404,-0.34929400736381266,R1
2024-11-24 22:00:00,500,2.605159022464397,2.8258488104242483,-0.22068978795985128,R1
2024-11-24 23:00:00,500,2.493201209043873,2.8389589871000807,-0.3457577780562078,R1
2024-11-25 00:00:00,500,2.597331323295464,3.0247361509702912,-0.42740482767482746,R1
2024-11-25 01:00:00,500,2.5929579909963287,2.8798183155994304,-0.2868603246031016,R1
2024-11-25 02:00:00,500,2.496476731859625,2.84673364724267,-0.35025691538304526,R1
2024-11-25 03:00:00,500,2.590020812152871,2.9310748531986115,-0.34105404104574033,R1
2024-11-25 04:00:00,500,2.5571996036756564,2.874402867019071,-0.31720326334341475,R1
2024-11-25 05:00:00,500,2.6351422006585072,2.8828173843023808,-0.24767518364387353,R1
2024-11-25 06:00:00,500,2.5703003908202917,3.120534964713282,-0.5502345738929901,R1
2024-11-25 07:00:00,500,2.582761858231819,2.923740275663863,-0.3409784174320438,R1
2024-11-25 08:00:00,500,2.523686476463796,2.863981532380212,-0.34029505591641573,R1
2024-11-25 09:00:00,500,2.523910453447168,2.827601222382761,-0.303690768935593,R1
2024-11-25 10:00:00,500,2.418477478261859,2.7382063672977868,-0.31972888903592755,R1
2024-11-25 11:00:00,500,2.583468999725396,2.889395418694853,-0.3059264189694568,R1
2024-11-25 12:00:00,500,2.578497225081728,2.9486147394203632,-0.37011751433863527,R1
2024-11-25 13:00:00,500,2.4812746317918357,2.7769437577752827,-0.29566912598344697,R1
2024-11-25 14:00:00,500,2.5185585178062664,2.5927433617478277,-0.07418484394156133,R1
2024-11-25 15:00:00,500,2.4916822674815022,2.83792477478788,-0.34624250730637796,R1
2024-11-25 16:00:00,500,2.415940501996284,2.920957243310455,-0.5050167413141708,R1
2024-11-25 17:00:00,500,2.419889581124816,2.7767713415208743,-0.35688176039605857,R1
2024-11-25 18:00:00,500,2.435142257018554,2.865565349555909,-0.4304230925373549,R1
2024-11-25 19:00:00,500,2.5270101016470043,2.666937270307907,-0.1399271686609027,R1
2024-11-25 20:00:00,500,2.405893633551353,2.639978258907899,-0.23408462535654584,R1
2024-11-25 21:00:00,500,2.3573192925266,2.7387092543032425,-0.3813899617766423,R1
2024-11-25 22:00:00,500,2.373275734595011,2.760443927555556,-0.38716819296054483,R1
2024-11-25 23:00:00,500,2.442813288999808,2.596530873529513,-0.15371758452970496,R1
2024-11-26 00:00:00,500,2.411769533585153,2.7556713916096878,-0.34390185802453477,R1
2024-11-26 01:00:00,500,2.345546020473207,2.724611703871039,-0.3790656833978323,R1
2024-11-26 02:00:00,500,2.488957599210797,2.777643171791855,-0.28868557258105776,R1
2024-11-26 03:00:00,500,2.507888522348999,2.7051704489453487,-0.1972819265963497,R1
2024-11-26 04:00:00,500,2.532545309937709,2.709457913637556,-0.17691260369984674,R1
2024-11-26 05:00:00,500,2.545644612324921,2.5941249730143845,-0.04848036068946371,R1
2024-11-26 06:00:00,500,2.521707186408442,2.7002903274997907,-0.17858314109134854,R1
2024-11-26 07:00:00,500,2.512366251468734,2.666876258595412,-0.15451000712667806,R1
2024-11-26 08:00:00,500,2.4297520927064915,2.7288881780061285,-0.299136085299637,R1
2024-11-26 09:00:00,500,2.3880069699771904,2.505210039767684,-0.11720306979049377,R1
2024-11-26 10:00:00,500,2.316411596002136,2.577591140137684,-0.261179544135548,R1
2024-11-26 11:00:00,500,2.4805816836519883,2.748971710296795,-0.26839002664480693,R1
2024-11-26 12:00:00,500,2.528804742363902,2.858195174646987,-0.32939043228308496,R1
2024-11-26 13:00:00,500,2.6809112575586096,3.105681859227623,-0.42477060166901337,R1
2024-11-26 14:00:00,500,2.596715113399013,2.90794651122651,-0.311231397827497,R1
2024-11-26 15:00:00,500,2.441695952503966,2.771170665671778,-0.32947471316781174,R1
2024-11-26 16:00:00,500,2.537997945815583,2.9091913171282906,-0.3711933713127076,R1
2024-11-26 17:00:00,500,2.5214783483824093,2.931477196251775,-0.4099988478693657,R1
2024-11-26 18:00:00,500,2.48258678926442,2.822098857014696,-0.3395120677502761,R1
2024-11-26 19:00:00,500,2.566548505551417,2.9443745050889825,-0.3778259995375657,R1
2024-11-26 20:00:00,500,2.586126577595093,2.773948359538468,-0.1878217819433754,R1
2024-11-26 21:00:00,500,2.560691917021656,2.8692469924305004,-0.3085550754088442,R1
2024-11-26 22:00:00,500,2.537868168267725,2.894309349682562,-0.3564411814148367,R1
2024-11-26 23:00:00,500,2.4902890787574243,2.8502290085751856,-0.35993992981776124,R1
2024-11-27 00:00:00,500,2.631587187505843,2.9287328252402327,-0.29714563773438973,R1
2024-11-27 01:00:00,500,2.521300398373031,2.7934923454415594,-0.27219194706852834,R1
2024-11-27 02:00:00,500,2.616195764964352,2.9048990099491667,-0.2887032449848146,R1
2024-11-27 03:00:00,500,2.562247714886702,2.830358140416278,-0.2681104255295761,R1
2024-11-27 04:00:00,500,2.7256089659788096,2.9481830428912854,-0.22257407691247577,R1
2024-11-27 05:00:00,500,2.615117681148709,2.9865172110781155,-0.3713995299294064,R1
2024-11-27 06:00:00,500,2.524575654301662,2.81148986514052,-0.2869142108388578,R1
2024-11-27 07:00:00,500,2.6239959292888355,3.0116667313816747,-0.3876708020928392,R1
2024-11-27 08:00:00,500,2.617043794415222,3.0454124587493805,-0.42836866433415866,R1
2024-11-27 09:00:00,500,2.542324794651267,2.929287802145917,-0.3869630074946504,R1
2024-11-27 10:00:00,500,2.693069753411826,2.949796779468292,-0.256727026056466,R1
2024-11-27 11:00:00,500,2.562933919881172,2.8665572404708053,-0.3036233205896335,R1
2024-11-27 12:00:00,500,2.599653795960618,2.8871931126924277,-0.2875393167318099,R1
2024-11-27 13:00:00,500,2.513965560230351,3.067038092058033,-0.5530725318276821,R1
2024-11-27 14:00:00,500,2.557825489517965,2.9382580619650245,-0.3804325724470594,R1
2024-11-27 15:00:00,500,2.6018984567470462,2.895476739792724,-0.2935782830456777,R1
2024-11-27 16:00:00,500,2.442432211671906,2.8904995757921297,-0.44806736412022374,R1
2024-11-27 17:00:00,500,2.5653672796303657,2.87578559828772,-0.31041831865735414,R1
2024-11-27 18:00:00,500,2.5938269970854626,2.831830296357121,-0.23800329927165853,R1
2024-11-27 19:00:00,500,2.4230028189187824,2.873239082281252,-0.45023626336246947,R1
2024-11-27 20:00:00,500,2.48305581073468,2.773373814456356,-0.29031800372167593,R1
2024-11-27 21:00:00,500,2.48773016208116,3.037820497585784,-0.550090335504624,R1
2024-11-27 22:00:00,500,2.568307981010479,2.829496203257846,-0.26118822224736693,R1
2024-11-27 23:00:00,500,2.5283059262358023,2.891168793536512,-0.3628628673007097,R1
2024-11-28 00:00:00,500,2.432278666262132,3.0028602231370214,-0.5705815568748895,R1
2024-11-28 01:00:00,500,2.511648595776537,2.9240972021476432,-0.41244860637110614,R1
2024-11-28 02:00:00,500,2.468264897116747,2.6382587610930446,-0.16999386397629745,R1
2024-11-28 03:00:00,500,2.610483599996277,2.805000442304824,-0.19451684230854704,R1
2024-11-28 04:00:00,500,2.600666324000029,3.114504581859539,-0.51383825785951,R1
2024-11-28 05:00:00,500,2.613031348249608,2.859220202737991,-0.2461888544883828,R1
2024-11-28 06:00:00,500,2.623028580774136,2.9965921982739183,-0.3735636174997823,R1
2024-11-28 07:00:00,500,2.62627961076303,3.1045435067929037,-0.4782638960298735,R1
2024-11-28 08:00:00,500,2.585371293801627,2.99602694950501,-0.4106556557033829,R1
2024-11-28 09:00:00,500,2.6434740163413366,3.359339610923757,-0.7158655945824206,R1
2024-11-28 10:00:00,500,2.5601946857326494,2.807058036835655,-0.2468633511030056,R1
2024-11-28 11:00:00,500,2.608776738729212,2.849401865309629,-0.24062512658041735,R1
2024-11-28 12:00:00,500,2.5560068442374457,3.07393895950464,-0.5179321152671941,R1
2024-11-28 13:00:00,500,2.631299016361042,2.816721048026557,-0.18542203166551507,R1
2024-11-28 14:00:00,500,2.565853927754115,2.893447352347208,-0.32759342459309293,R1
2024-11-28 15:00:00,500,2.445572523557321,2.8717523722334084,-0.4261798486760875,R1
2024-11-28 16:00:00,500,2.480109059861663,2.822924158540635,-0.342815098678972,R1
2024-11-28 17:00:00,500,2.5448522698501024,2.838070699833629,-0.29321842998352654,R1
2024-11-28 18:00:00,500,2.484771405970117,2.7336968586152595,-0.24892545264514254,R1
2024-11-28 19:00:00,500,2.6190054726762475,2.8264879220661805,-0.207482449389933,R1
2024-11-28 20:00:00,500,2.4721920126789554,2.9071340582355734,-0.434942045556618,R1
2024-11-28 21:00:00,500,2.591462909569166,2.9582888290098746,-0.3668259194407084,R1
2024-11-28 22:00:00,500,2.637545215654035,2.8486265526569423,-0.21108133700290743,R1
2024-11-28 23:00:00,500,2.505126578873281,2.95208389081615,-0.44695731194286914,R1
2024-11-29 00:00:00,500,2.4711068859508294,2.885522340630549,-0.41441545467971963,R1
2024-11-29 01:00:00,500,2.582815703175616,2.865323507885684,-0.28250780471006776,R1
2024-11-29 02:00:00,500,2.778253749443381,2.878772340790665,-0.10051859134728414,R1
2024-11-29 03:00:00,500,2.5414232926546023,2.905812928101416,-0.36438963544681346,R1
2024-11-29 04:00:00,500,2.5177703033619325,2.8406780082759453,-0.32290770491401277,R1
2024-11-29 05:00:00,500,2.52699229876502,2.889848198349958,-0.3628558995849378,R1
2024-11-29 06:00:00,500,2.5933743814382963,2.9597587725100274,-0.36638439107173104,R1
2024-11-29 07:00:00,500,2.6118149593081115,2.981533434531547,-0.3697184752234355,R1
2024-11-29 08:00:00,500,2.523802691453686,2.798747017080516,-0.27494432562683,R1
2024-11-29 09:00:00,500,2.574757893930508,2.8292636467326893,-0.25450575280218146,R1
2024-11-29 10:00:00,500,2.5767725560086654,2.755136551959313,-0.17836399595064778,R1
2024-11-29 11:00:00,500,2.599194538337684,2.8909626153137733,-0.2917680769760893,R1
2024-11-29 12:00:00,500,2.568360281502426,2.9034349953027982,-0.33507471380037224,R1
2024-11-29 13:00:00,500,2.4757661195239926,3.0529366878085265,-0.5771705682845338,R1
2024-11-29 14:00:00,500,2.6277993473070183,2.81924545698596,-0.19144610967894193,R1
2024-11-29 15:00:00,500,2.664513594193044,2.847626154261544,-0.18311256006849996,R1
2024-11-29 16:00:00,500,2.552337007867717,2.9786703604215763,-0.4263333525538595,R1
2024-11-29 17:00:00,500,2.482595589160105,3.052664286380045,-0.57006869721994,R1
2024-11-29 18:00:00,500,2.572514502326455,2.869485013565176,-0.2969705112387211,R1
2024-11-29 19:00:00,500,2.49978660098587,2.8043708431465317,-0.30458424216066193,R1
2024-11-29 20:00:00,500,2.530548390516685,2.9114087388758008,-0.380860348359116,R1
2024-11-29 21:00:00,500,2.6140017941209304,2.856658338437609,-0.2426565443166786,R1
2024-11-29 22:00:00,500,2.5010537632813947,3.002876219359644,-0.5018224560782492,R1
2024-11-29 23:00:00,500,2.532974342941364,2.814936008520985,-0.2819616655796211,R1
2024-11-30 00:00:00,500,2.52942495287024,2.8002762799653347,-0.2708513270950945,R1
2024-11-30 01:00:00,500,2.5223214944626773,2.8879043405994245,-0.3655828461367472,R1
2024-11-30 02:00:00,500,2.5836418525792983,2.8130440922686204,-0.22940223968932205,R1
2024-11-30 03:00:00,500,2.610249151066002,2.885318979817753,-0.275069828751751,R1
2024-11-30 04:00:00,500,2.5424310639719176,2.770892708068599,-0.22846164409668157,R1
2024-11-30 05:00:00,500,2.66882767626358,2.8839955005996054,-0.21516782433602533,R1
2024-11-30 06:00:00,500,2.5994023936319204,2.9941141409034224,-0.39471174727150204,R1
2024-11-30 07:00:00,500,2.6836926873122766,3.836670219910731,-1.1529775325984546,R1
2024-11-30 08:00:00,500,2.483503284685996,2.862112628656536,-0.37860934397054,R1
2024-11-30 09:00:00,500,2.476954550176637,2.766260311342528,-0.28930576116589135,R1
2024-11-30 10:00:00,500,2.638130842515918,2.9106997029899686,-0.2725688604740508,R1
2024-11-30 11:00:00,500,2.5102674453975915,2.892732755989538,-0.38246531059194666,R1
2024-11-30 12:00:00,500,2.567574526754125,2.9871236361218547,-0.41954910936772993,R1
2024-11-30 13:00:00,500,2.714950844356734,3.026594410487641,-0.31164356613090716,R1
2024-11-30 14:00:00,500,2.5184823869711472,2.8879035594698945,-0.3694211724987473,R1
2024-11-30 15:00:00,500,2.529710055786425,2.8598381218564515,-0.33012806607002654,R1
2024-11-30 16:00:00,500,2.5353712296224784,2.708882793322345,-0.17351156369986676,R1
2024-11-30 17:00:00,500,2.6506895598332005,2.9794645019673207,-0.3287749421341202,R1
2024-11-30 18:00:00,500,2.511651271523079,2.926381188718856,-0.414729917195777,R1
2024-11-30 19:00:00,500,2.6645365630595745,2.936272520197552,-0.2717359571379774,R1
2024-11-30 20:00:00,500,2.5468988765779548,2.994858465761108,-0.4479595891831534,R1
2024-11-30 21:00:00,500,2.541913349007729,2.939685761551909,-0.39777241254417994,R1
2024-11-30 22:00:00,500,2.5004610384757244,2.826468235590386,-0.32600719711466164,R1
2024-11-30 23:00:00,500,2.470686903206356,2.911831831632508,-0.44114492842615194,R1
2024-12-01 00:00:00,500,2.4806582116680875,2.8954180064141104,-0.41475979474602287,R1
2024-12-01 01:00:00,500,2.547221957322017,2.81341957751069,-0.2661976201886729,R1
2024-12-01 02:00:00,500,2.5442753500299213,2.857518800515172,-0.3132434504852508,R1
2024-12-01 03:00:00,500,2.4623178039650457,2.9026504648628424,-0.44033266089779666,R1
2024-12-01 04:00:00,500,2.6303090214038973,2.9699188715660743,-0.33960985016217693,R1
2024-12-01 05:00:00,500,2.6216093385766235,3.0089560168861182,-0.38734667830949476,R1
2024-12-01 06:00:00,500,2.5535078104994557,2.950036264367285,-0.3965284538678291,R1
2024-12-01 07:00:00,500,2.519146515088101,3.028002105356406,-0.508855590268305,R1
2024-12-01 08:00:00,500,2.508086587867273,2.948612933376741,-0.4405263455094679,R1
2024-12-01 09:00:00,500,2.642303766021065,2.8375568375817064,-0.19525307156064153,R1
2024-12-01 10:00:00,500,2.4855727502455256,2.899161359722666,-0.4135886094771406,R1
2024-12-01 11:00:00,500,2.58730843599688,2.911207147806897,-0.32389871181001695,R1
2024-12-01 12:00:00,500,2.5554217977216003,2.842466395457665,-0.28704459773606494,R1
2024-12-01 13:00:00,500,2.4697998187845,2.939087653235897,-0.4692878344513973,R1
2024-12-01 14:00:00,500,2.541847440196493,2.8719257930131272,-0.33007835281663445,R1
2024-12-01 15:00:00,500,2.422347272102342,2.8912872942138903,-0.4689400221115485,R1
2024-12-01 16:00:00,500,2.5126386333584407,2.6776255634786703,-0.16498693012022958,R1
2024-12-01 17:00:00,500,2.458522182369607,2.905713684204884,-0.447191501835277,R1
2024-12-01 18:00:00,500,2.5424124782723805,2.8732318767939606,-0.33081939852158015,R1
2024-12-01 19:00:00,500,2.4555244723575123,2.8379742064850406,-0.38244973412752836,R1
2024-12-01 20:00:00,500,2.4616577158244413,2.814206736411541,-0.3525490205870998,R1
2024-12-01 21:00:00,500,2.4551675634453534,2.8394920113302486,-0.3843244478848953,R1
2024-12-01 22:00:00,500,2.4795075159336046,2.941497772616709,-0.46199025668310423,R1
2024-12-01 23:00:00,500,2.4939297222536605,2.857062247386435,-0.3631325251327744,R1
2024-12-02 00:00:00,500,2.5471344990670106,2.7169349246619228,-0.16980042559491215,R1
2024-12-02 01:00:00,500,2.485041473121555,2.871597422225401,-0.3865559491038457,R1
2024-12-02 02:00:00,500,2.558031633514537,2.90736081916026,-0.3493291856457228,R1
2024-12-02 03:00:00,500,2.6112991444333407,2.8813468950409726,-0.270047750607632,R1
2024-12-02 04:00:00,500,2.5734506174994327,2.7888887413141417,-0.21543812381470895,R1
2024-12-02 05:00:00,500,2.5871682390506185,2.9530675693614965,-0.36589933031087796,R1
2024-12-02 06:00:00,500,2.623453320885413,2.9675053342153843,-0.3440520133299714,R1
2024-12-02 07:00:00,500,2.5902235227708177,3.0926825678881604,-0.5024590451173427,R1
2024-12-02 08:00:00,500,2.4269671897286877,2.846605779614987,-0.4196385898862993,R1
2024-12-02 09:00:00,500,2.544910617821285,2.9377020273400185,-0.3927914095187335,R1
2024-12-02 10:00:00,500,2.5677743348197555,2.966020312896507,-0.39824597807675133,R1
2024-12-02 11:00:00,500,2.5093582732534205,2.8264826246202985,-0.317124351366878,R1
2024-12-02 12:00:00,500,2.5959587007116776,3.0579747078587847,-0.4620160071471071,R1
2024-12-02 13:00:00,500,2.651734977953781,3.0485412683157262,-0.39680629036194537,R1
2024-12-02 14:00:00,500,2.4875142742253,2.9823857749403904,-0.49487150071509056,R1
2024-12-02 15:00:00,500,2.5341334390363315,3.347703763178928,-0.8135703241425967,R1
2024-12-02 16:00:00,500,2.573260069191605,2.942568835058783,-0.36930876586717787,R1
2024-12-02 17:00:00,500,2.452986240714924,2.781692159113636,-0.328705918398712,R1
2024-12-02 18:00:00,500,2.573067541064448,2.8529203437781887,-0.2798528027137408,R1
2024-12-02 19:00:00,500,2.667340512236921,3.024784393910709,-0.3574438816737877,R1
2024-12-02 20:00:00,500,2.5063466825907907,2.757518026846261,-0.25117134425547016,R1
2024-12-02 21:00:00,500,2.6658922716053075,2.798797881044107,-0.13290560943879948,R1
2024-12-02 22:00:00,500,2.5939363276016696,2.867531736385674,-0.27359540878400423,R1
2024-12-02 23:00:00,500,2.550980818302776,2.8744291855121955,-0.3234483672094197,R1
2024-12-03 00:00:00,500,2.5587210694658094,2.886799183152964,-0.32807811368715445,R1
2024-12-03 01:00:00,500,2.5038916725490754,2.942043458856281,-0.4381517863072055,R1
2024-12-03 02:00:00,500,2.522663615986311,2.8068660706195314,-0.28420245463322047,R1
2024-12-03 03:00:00,500,2.4986738772484296,2.770830206918465,-0.27215632967003556,R1
2024-12-03 04:00:00,500,2.5990970185486924,2.876925899391884,-0.2778288808431917,R1
2024-12-03 05:00:00,500,2.529235882195938,2.8696244493470746,-0.34038856715113663,R1
2024-12-03 06:00:00,500,2.5386069871547106,2.896737514565221,-0.35813052741051044,R1
2024-12-03 07:00:00,500,2.60170880408958,2.954653650013918,-0.35294484592433806,R1
2024-12-03 08:00:00,500,2.497589702246923,2.827698725425792,-0.33010902317886925,R1
2024-12-03 09:00:00,500,2.5634568179400032,2.858106536975109,-0.29464971903510584,R1
2024-12-03 10:00:00,500,2.5479693249067568,3.02765683006387,-0.4796875051571132,R1
2024-12-03 11:00:00,500,2.498441000534137,2.9367757498008977,-0.43833474926676086,R1
2024-12-03 12:00:00,500,2.742579846954807,2.8727639628476727,-0.13018411589286583,R1
2024-12-03 13:00:00,500,2.4612770171774137,2.753041979038686,-0.29176496186127254,R1
2024-12-03 14:00:00,500,2.53997356149332,2.7360383607015275,-0.1960647992082074,R1
2024-12-03 15:00:00,500,2.515520439802871,2.6878985394282155,-0.17237809962534456,R1
2024-12-03 16:00:00,500,2.536993840816538,2.8274587328524534,-0.2904648920359154,R1
2024-12-03 17:00:00,500,2.5436269764584147,2.760892072755496,-0.21726509629708124,R1
2024-12-03 18:00:00,500,2.421147321749308,2.7382351002056526,-0.3170877784563446,R1
2024-12-03 19:00:00,500,2.4489418795956746,2.626675918121193,-0.1777340385255184,R1
2024-12-03 20:00:00,500,2.4489134493401417,2.828882241101446,-0.3799687917613044,R1
2024-12-03 21:00:00,500,2.428840062391033,2.714292141002736,-0.2854520786117032,R1
2024-12-03 22:00:00,500,2.485251167999438,2.753232376285453,-0.26798120828601535,R1
2024-12-03 23:00:00,500,2.323015601212177,2.768528601531476,-0.44551300031929886,R1
2024-12-04 00:00:00,500,2.40881867908593,2.723279944304344,-0.314461265218414,R1
2024-12-04 01:00:00,500,2.3892011419564354,2.927671526508846,-0.5384703845524106,R1
2024-12-04 02:00:00,500,2.3679205926752163,2.949247984817734,-0.5813273921425179,R1
2024-12-04 03:00:00,500,2.366922146234101,2.830564731800249,-0.4636425855661481,R1
2024-12-04 04:00:00,500,2.4795348399651207,2.6641951098945604,-0.18466026992943974,R1
2024-12-04 05:00:00,500,2.5719641425005384,2.8059444921524275,-0.23398034965188907,R1
2024-12-04 06:00:00,500,2.417739966006636,3.000214792921585,-0.5824748269149489,R1
2024-12-04 07:00:00,500,2.456391550127345,2.811434880378115,-0.35504333025077006,R1
2024-12-04 08:00:00,500,2.656429515399131,2.784920087375905,-0.12849057197677372,R1
2024-12-04 09:00:00,500,2.5003438689917057,2.833593295945433,-0.3332494269537274,R1
2024-12-04 10:00:00,500,2.483826072481673,2.9004508070743844,-0.4166247345927112,R1
2024-12-04 11:00:00,500,2.582166498210356,2.6787990894056084,-0.09663259119525236,R1
2024-12-04 12:00:00,500,2.5736675801409907,2.826865722667238,-0.25319814252624706,R1
2024-12-04 13:00:00,500,2.544123844624157,2.7550627756752277,-0.21093893105107053,R1
2024-12-04 14:00:00,500,2.508823437258261,2.812561659143709,-0.30373822188544786,R1
2024-12-04 15:00:00,500,2.4219117040438705,2.883554822891053,-0.46164311884718234,R1
2024-12-04 16:00:00,500,2.459829829787032,2.735338686224506,-0.27550885643747414,R1
2024-12-04 17:00:00,500,2.5326002483141363,2.702939164018049,-0.1703389157039128,R1
2024-12-04 18:00:00,500,2.385012571994409,2.6926509991232725,-0.3076384271288637,R1
2024-12-04 19:00:00,500,2.3764068679528,2.809755196869255,-0.43334832891645503,R1
2024-12-04 20:00:00,500,2.489934825161141,2.7005688246850994,-0.21063399952395834,R1
2024-12-04 21:00:00,500,2.4207784413079554,2.54320264125053,-0.12242419994257459,R1
2024-12-04 22:00:00,500,2.4023808053727853,3.075475550710497,-0.6730947453377119,R1
2024-12-04 23:00:00,500,2.365588632801704,2.73766065388035,-0.3720720210786457,R1
2024-12-05 00:00:00,500,2.4869596891385863,2.815507599912963,-0.32854791077437673,R1
2024-12-05 01:00:00,500,2.382292198497442,2.783691879442529,-0.40139968094508705,R1
2024-12-05 02:00:00,500,2.413067534634535,2.730629381390866,-0.3175618467563308,R1
2024-12-05 03:00:00,500,2.4495539464318234,2.6823813980128066,-0.23282745158098317,R1
2024-12-05 04:00:00,500,2.464986511574154,2.6129410695828024,-0.14795455800864854,R1
2024-12-05 05:00:00,500,2.371225071816794,2.767096876481229,-0.3958718046644347,R1
2024-12-05 06:00:00,500,2.532502213286928,2.8228601488573464,-0.2903579355704182,R1
2024-12-05 07:00:00,500,2.5400982481706578,2.829651669323519,-0.2895534211528612,R1
2024-12-05 08:00:00,500,2.62694357766554,2.886821653456973,-0.25987807579143274,R1
2024-12-05 09:00:00,500,2.614897137408404,2.815401744858463,-0.20050460745005916,R1
2024-12-05 10:00:00,500,2.636253721392245,2.87010512691833,-0.2338514055260852,R1
2024-12-05 11:00:00,500,2.5738008417337515,2.790553039269689,-0.21675219753593744,R1
2024-12-05 12:00:00,500,2.644521631927719,3.09046166815333,-0.44594003622561074,R1
2024-12-05 13:00:00,500,2.597478952451737,2.9562152756696425,-0.3587363232179053,R1
2024-12-05 14:00:00,500,2.518595440074753,2.8310706779779564,-0.3124752379032034,R1
2024-12-05 15:00:00,500,2.501255776729393,3.0676093134530005,-0.5663535367236077,R1
2024-12-05 16:00:00,500,2.5982658786172808,3.390985413883381,-0.7927195352661003,R1
2024-12-05 17:00:00,500,2.4930508703714302,2.8183985279118358,-0.3253476575404055,R1
2024-12-05 18:00:00,500,2.462038540757615,2.71755242617886,-0.2555138854212453,R1
2024-12-05 19:00:00,500,2.5239983251433222,2.726321527588881,-0.2023232024455588,R1
2024-12-05 20:00:00,500,2.5202322243916844,2.972058196393076,-0.45182597200139174,R1
2024-12-05 21:00:00,500,2.486416298447581,2.816844924966191,-0.3304286265186098,R1
2024-12-05 22:00:00,500,2.580293346439592,2.724336167562893,-0.14404282112330113,R1
2024-12-05 23:00:00,500,2.5369168602705177,2.657021786623551,-0.12010492635303338,R1
2024-12-06 00:00:00,500,2.5089692445844776,2.7356816992859003,-0.22671245470142276,R1
2024-12-06 01:00:00,500,2.492029379421687,2.8865707633689457,-0.3945413839472587,R1
2024-12-06 02:00:00,500,2.4850917274974265,2.721717171893354,-0.2366254443959277,R1
2024-12-06 03:00:00,500,2.427673212955745,2.9151743996212125,-0.4875011866654675,R1
2024-12-06 04:00:00,500,2.5426396688386275,2.9376904058315416,-0.39505073699291415,R1
2024-12-06 05:00:00,500,2.4916814837022643,2.785806665667384,-0.2941251819651196,R1
2024-12-06 06:00:00,500,2.542218847487592,2.77692226783132,-0.23470342034372793,R1
2024-12-06 07:00:00,500,2.5784051532481387,2.839065485848255,-0.26066033260011645,R1
2024-12-06 08:00:00,500,2.478886049618993,2.786766534731846,-0.30788048511285293,R1
2024-12-06 09:00:00,500,2.515665010035283,2.790546563907991,-0.27488155387270785,R1
2024-12-06 10:00:00,500,2.5106645081617827,2.7404362947070915,-0.22977178654530883,R1
2024-12-06 11:00:00,500,2.5721851679407632,2.819632736542076,-0.2474475686013129,R1
2024-12-06 12:00:00,500,2.664938154492815,2.693941154065249,-0.02900299957243435,R1
2024-12-06 13:00:00,500,2.415054680501301,2.7612708021426973,-0.34621612164139615,R1
2024-12-06 14:00:00,500,2.505958153618737,2.741330536805822,-0.2353723831870851,R1
2024-12-06 15:00:00,500,2.443730735084715,2.668371197024725,-0.2246404619400102,R1
2024-12-06 16:00:00,500,2.448507999226201,2.7418054017556788,-0.29329740252947767,R1
2024-12-06 17:00:00,500,2.565328641346436,2.7395336776478354,-0.17420503630139939,R1
2024-12-06 18:00:00,500,2.691023533033127,2.7348443120278607,-0.0438207789947338,R1
2024-12-06 19:00:00,500,2.6018740566984624,2.654959512684784,-0.05308545598632142,R1
2024-12-06 20:00:00,500,2.373053417890336,2.772148509459874,-0.3990950915695377,R1
2024-12-06 21:00:00,500,2.3120877254046954,2.717713826767425,-0.4056261013627296,R1
2024-12-06 22:00:00,500,2.3969645847480283,2.7701169655508857,-0.3731523808028574,R1
2024-12-06 23:00:00,500,2.405680512252756,2.715181360499522,-0.30950084824676605,R1
2024-12-07 00:00:00,500,2.3829021441617275,2.8250123249738057,-0.4421101808120782,R1
2024-12-07 01:00:00,500,2.3951554528395507,2.6795853476991045,-0.28442989485955383,R1
2024-12-07 02:00:00,500,2.4245152518778554,2.980209982844537,-0.5556947309666818,R1
2024-12-07 03:00:00,500,2.4503201353913027,2.868855657585665,-0.4185355221943623,R1
2024-12-07 04:00:00,500,2.4471938724783286,2.66998052367549,-0.22278665119716123,R1
2024-12-07 05:00:00,500,2.493067051019189,2.611941948538153,-0.1188748975189644,R1
2024-12-07 06:00:00,500,2.382268895519772,2.684487133982903,-0.3022182384631309,R1
2024-12-07 07:00:00,500,2.5983871479252767,2.7237080163246,-0.12532086839932344,R1
2024-12-07 08:00:00,500,2.4689306418049557,2.5110228750816086,-0.0420922332766529,R1
2024-12-07 09:00:00,500,2.536842647788752,2.6780724131692204,-0.1412297653804684,R1
2024-12-07 10:00:00,500,2.4089901819065944,2.581502584089475,-0.17251240218288055,R1
2024-12-07 11:00:00,500,2.3615445383236064,2.6784050683175384,-0.316860529993932,R1
2024-12-07 12:00:00,500,2.4682546713559117,2.831915657481724,-0.36366098612581244,R1
2024-12-07 13:00:00,500,2.3862137316350878,2.777328447507044,-0.39111471587195634,R1
2024-12-07 14:00:00,500,2.342951256871649,2.5676164927199543,-0.22466523584830522,R1
2024-12-07 15:00:00,500,2.251489332910967,2.534332598173918,-0.2828432652629509,R1
2024-12-07 16:00:00,500,2.2293016715630767,2.737953483926051,-0.5086518123629742,R1
2024-12-07 17:00:00,500,2.272993190746318,2.500100534609177,-0.22710734386285925,R1
2024-12-07 18:00:00,500,2.255890204901616,2.598876652783207,-0.3429864478815907,R1
2024-12-07 19:00:00,500,2.2864670062339965,2.516938905306397,-0.23047189907240062,R1
2024-12-07 20:00:00,500,2.2536956033003794,2.663934824215784,-0.41023922091540443,R1
2024-12-07 21:00:00,500,2.330555926238997,2.6338822482511057,-0.30332632201210874,R1
2024-12-07 22:00:00,500,2.345732197104634,2.573913593784635,-0.22818139668000104,R1
2024-12-07 23:00:00,500,2.17211676982254,2.6762218931469355,-0.5041051233243956,R1
2024-12-08 00:00:00,500,2.2760456315922992,2.629793690835553,-0.3537480592432538,R1
2024-12-08 01:00:00,500,2.263151000945692,2.6340189294443164,-0.37086792849862427,R1
2024-12-08 02:00:00,500,2.3609535575227727,2.549367568992154,-0.1884140114693813,R1
2024-12-08 03:00:00,500,2.3997690633184265,2.791868613937238,-0.3920995506188114,R1
2024-12-08 04:00:00,500,2.393590923972325,2.614204802983528,-0.2206138790112031,R1
2024-12-08 05:00:00,500,2.3966519750308724,2.649626154060295,-0.25297417902942243,R1
2024-12-08 06:00:00,500,2.387952885273405,2.557443927038564,-0.16949104176515872,R1
2024-12-08 07:00:00,500,2.2830839435655417,2.665807237434229,-0.38272329386868753,R1
2024-12-08 08:00:00,500,2.337467648811883,2.468874104988533,-0.13140645617664992,R1
2024-12-08 09:00:00,500,2.3147361878049098,2.561227540537766,-0.24649135273285605,R1
2024-12-08 10:00:00,500,2.172058187909807,2.495236913277569,-0.3231787253677618,R1
2024-12-08 11:00:00,500,2.322227245863067,2.434222037619861,-0.11199479175679405,R1
2024-12-08 12:00:00,500,2.2269449162528336,2.63122954281356,-0.4042846265607265,R1
2024-12-08 13:00:00,500,2.258280880788395,2.546190781033689,-0.28790990024529384,R1
2024-12-08 14:00:00,500,2.313514133058877,2.640909719764263,-0.32739558670538615,R1
2024-12-08 15:00:00,500,2.462043728365592,2.6850471487266705,-0.22300342036107867,R1
2024-12-08 16:00:00,500,2.45054672285721,2.7060677601269507,-0.2555210372697405,R1
2024-12-08 17:00:00,500,2.4609407004567063,2.835273999648995,-0.37433329919228875,R1
2024-12-08 18:00:00,500,2.588217225642908,2.876320555239395,-0.288103329596487,R1
2024-12-08 19:00:00,500,2.4263656116890044,2.833527119382619,-0.4071615076936146,R1
2024-12-08 20:00:00,500,2.416223610757015,2.8089072084778453,-0.39268359772083006,R1
2024-12-08 21:00:00,500,2.343548885029262,2.694645344557575,-0.3510964595283128,R1
2024-12-08 22:00:00,500,2.452786686747575,2.759172375071413,-0.30638568832383806,R1
2024-12-08 23:00:00,500,2.430722638007119,2.7652927208459435,-0.3345700828388245,R1
2024-12-09 00:00:00,500,2.3522427707582945,2.830440124052685,-0.4781973532943904,R1
2024-12-09 01:00:00,500,2.511370228660423,2.825038932816812,-0.31366870415638903,R1
2024-12-09 02:00:00,500,2.4991367911370266,2.9531645125799915,-0.4540277214429649,R1
2024-12-09 03:00:00,500,2.413821410793136,2.6706788296173354,-0.25685741882419943,R1
2024-12-09 04:00:00,500,2.444368634004248,2.7776670334848554,-0.33329839948060735,R1
2024-12-09 05:00:00,500,2.412375996539111,2.6591959643347227,-0.24681996779561155,R1
2024-12-09 06:00:00,500,2.490538198881435,2.6636161115085266,-0.17307791262709182,R1
2024-12-09 07:00:00,500,2.546215510777252,2.79102964206816,-0.2448141312909078,R1
2024-12-09 08:00:00,500,2.4698054288467604,3.0334329175055736,-0.5636274886588133,R1
2024-12-09 09:00:00,500,2.604946139314806,2.897022017639724,-0.2920758783249182,R1
2024-12-09 10:00:00,500,2.5953478981963207,2.9079289647684226,-0.31258106657210183,R1
2024-12-09 11:00:00,500,2.6527359799394925,3.005180546902952,-0.3524445669634595,R1
2024-12-09 12:00:00,500,2.50380526976594,3.4779051890333084,-0.9740999192673683,R1
2024-12-09 13:00:00,500,2.5779051271408595,2.903896380194914,-0.3259912530540543,R1
2024-12-09 14:00:00,500,2.672953363148143,2.926893487218862,-0.2539401240707191,R1
2024-12-09 15:00:00,500,2.581529638183,3.254789895391228,-0.673260257208228,R1
2024-12-09 16:00:00,500,2.583158789595298,2.9440119565534397,-0.3608531669581416,R1
2024-12-09 17:00:00,500,2.514707035308567,2.984583637281191,-0.46987660197262393,R1
2024-12-09 18:00:00,500,2.6023905089355512,2.9576473658455638,-0.3552568569100125,R1
2024-12-09 19:00:00,500,2.455182555421397,2.8723810510645817,-0.4171984956431847,R1
2024-12-09 20:00:00,500,2.5310952804585884,2.9359003561137955,-0.40480507565520707,R1
2024-12-09 21:00:00,500,2.452587587578745,2.9302215342771816,-0.4776339466984365,R1
2024-12-09 22:00:00,500,2.480343210102683,2.9289993558321923,-0.44865614572950907,R1
2024-12-09 23:00:00,500,2.519441745984612,2.901571556481815,-0.38212981049720307,R1
2024-12-10 00:00:00,500,2.5669893768755774,3.053823135688352,-0.4868337588127747,R1
2024-12-10 01:00:00,500,2.5217651555343448,2.8219034280339725,-0.30013827249962777,R1
2024-12-10 02:00:00,500,2.582840471535755,2.818569588375568,-0.235729116839813,R1
2024-12-10 03:00:00,500,2.5815778421335347,3.012921541616408,-0.43134369948287343,R1
2024-12-10 04:00:00,500,2.4991553907392845,3.0348247316099024,-0.5356693408706179,R1
2024-12-10 05:00:00,500,2.5728362136393024,2.975966677749136,-0.40313046410983366,R1
2024-12-10 06:00:00,500,2.551280631357012,3.0794243584286654,-0.5281437270716531,R1
2024-12-10 07:00:00,500,2.6035816408715515,2.9551534628133838,-0.35157182194183223,R1
2024-12-10 08:00:00,500,2.5656018577119,2.875316683537488,-0.30971482582558796,R1
2024-12-10 09:00:00,500,2.566781747760403,2.8904411026279986,-0.32365935486759545,R1
2024-12-10 10:00:00,500,2.5195132128273663,2.8895033291560583,-0.36999011632869205,R1
2024-12-10 11:00:00,500,2.516982124578772,2.7619053271357643,-0.24492320255699251,R1
2024-12-10 12:00:00,500,2.684760147884701,2.925811371933094,-0.24105122404839285,R1
2024-12-10 13:00:00,500,2.494092235875613,2.7848454109865437,-0.2907531751109307,R1
2024-12-10 14:00:00,500,2.583469160148933,2.897830198984031,-0.31436103883509814,R1
2024-12-10 15:00:00,500,2.459978457269631,2.8543406324368905,-0.39436217516725947,R1
2024-12-10 16:00:00,500,2.4455709467913063,2.708655804322396,-0.2630848575310898,R1
2024-12-10 17:00:00,500,2.415688595997467,2.619103247730428,-0.20341465173296092,R1
2024-12-10 18:00:00,500,2.3610251500513537,2.861296117794799,-0.5002709677434454,R1
2024-12-10 19:00:00,500,2.402566005430578,2.693607773118017,-0.29104176768743883,R1
2024-12-10 20:00:00,500,2.485991333403758,2.6842147720632754,-0.1982234386595172,R1
2024-12-10 21:00:00,500,2.47313538573534,2.7099376421217016,-0.23680225638636143,R1
2024-12-10 22:00:00,500,2.3595140074408265,2.6867058291970074,-0.3271918217561809,R1
2024-12-10 23:00:00,500,2.57912827161162,2.695526801460247,-0.11639852984862697,R1
2024-12-11 00:00:00,500,2.507849258319819,2.646076611764872,-0.13822735344505288,R1
2024-12-11 01:00:00,500,2.445966089528756,2.7541795622852088,-0.30821347275645294,R1
2024-12-11 02:00:00,500,2.407666127604463,2.676221612205034,-0.2685554846005713,R1
2024-12-11 03:00:00,500,2.534420177432746,2.6972666092570274,-0.16284643182428127,R1
2024-12-11 04:00:00,500,2.4223449014799856,2.85922696144794,-0.4368820599679544,R1
2024-12-11 05:00:00,500,2.4338409970692494,2.6058904486595127,-0.1720494515902633,R1
2024-12-11 06:00:00,500,2.467777416633333,2.657229396400992,-0.18945197976765904,R1
2024-12-11 07:00:00,500,2.440251822440989,2.650486989115366,-0.21023516667437692,R1
2024-12-11 08:00:00,500,2.611547974824083,2.9458830632321127,-0.3343350884080296,R1
2024-12-11 09:00:00,500,2.5570869842130595,2.8162054737955176,-0.2591184895824581,R1
2024-12-11 10:00:00,500,2.5835308340294687,3.500637924467077,-0.9171070904376082,R1
2024-12-11 11:00:00,500,2.5237384734050767,2.688735206957591,-0.1649967335525142,R1
2024-12-11 12:00:00,500,2.4956049160875664,2.729344000569432,-0.23373908448186542,R1
2024-12-11 13:00:00,500,2.4986579567558627,2.6530867413241963,-0.15442878456833364,R1
2024-12-11 14:00:00,500,2.426591340012441,2.849479797297511,-0.4228884572850702,R1
2024-12-11 15:00:00,500,2.5415137712275357,2.761348275187141,-0.21983450395960524,R1
2024-12-11 16:00:00,500,2.408038671597968,2.696298393096824,-0.28825972149885626,R1
2024-12-11 17:00:00,500,2.414034901187548,2.666344022309701,-0.25230912112215265,R1
2024-12-11 18:00:00,500,2.458366019494327,2.773950644683393,-0.31558462518906616,R1
2024-12-11 19:00:00,500,2.362902425534944,2.7035462608882166,-0.3406438353532728,R1
2024-12-11 20:00:00,500,2.414086655025129,2.6784016809052758,-0.26431502588014677,R1
2024-12-11 21:00:00,500,2.3789501064501457,2.8306539658641867,-0.451703859414041,R1
2024-12-11 22:00:00,500,2.4491321229790515,2.76215059418914,-0.31301847121008874,R1
2024-12-11 23:00:00,500,2.354846285209286,2.677800479275398,-0.3229541940661118,R1
2024-12-12 00:00:00,500,2.2617897807475584,2.574668651394287,-0.3128788706467285,R1
2024-12-12 01:00:00,500,2.352167673925578,2.660159846147589,-0.3079921722220109,R1
2024-12-12 02:00:00,500,2.4208466986490333,2.739289751062141,-0.31844305241310744,R1
2024-12-12 03:00:00,500,2.452828526620535,2.8238949255925245,-0.37106639897198956,R1
2024-12-12 04:00:00,500,2.419919147516189,2.71509883547743,-0.29517968796124094,R1
2024-12-12 05:00:00,500,2.32588912156502,2.7110158137550338,-0.38512669219001383,R1
2024-12-12 06:00:00,500,2.4255313066995843,2.7724526321793754,-0.34692132547979115,R1
2024-12-12 07:00:00,500,2.3842649002687666,2.5870748801123344,-0.20280997984356786,R1
2024-12-12 08:00:00,500,2.369188702437869,2.720533340401506,-0.35134463796363713,R1
2024-12-12 09:00:00,500,2.2373025390194106,2.633090981787773,-0.39578844276836245,R1
2024-12-12 10:00:00,500,2.4476269409681897,2.641864033266209,-0.19423709229801922,R1
2024-12-12 11:00:00,500,2.322034775701779,2.64930609004079,-0.3272713143390109,R1
2024-12-12 12:00:00,500,2.314913172997604,2.6911549964391424,-0.37624182344153834,R1
2024-12-12 13:00:00,500,2.4835704432514274,2.59488373751784,-0.11131329426641257,R1
2024-12-12 14:00:00,500,2.2701679049878334,2.785776982631336,-0.5156090776435027,R1
2024-12-12 15:00:00,500,2.250750790746238,2.601744466604804,-0.35099367585856633,R1
2024-12-12 16:00:00,500,2.249235665895927,2.48569972448977,-0.2364640585938429,R1
2024-12-12 17:00:00,500,2.1899297599028187,2.598741252926562,-0.4088114930237432,R1
2024-12-12 18:00:00,500,2.255943338617917,2.6870549032159343,-0.43111156459801725,R1
2024-12-12 19:00:00,500,2.274795862987641,2.5777465140364946,-0.30295065104885355,R1
2024-12-12 20:00:00,500,2.3068651778960496,2.6802025757709638,-0.37333739787491416,R1
2024-12-12 21:00:00,500,2.3518077453249977,2.5662324231800038,-0.21442467785500607,R1
2024-12-12 22:00:00,500,2.2823609991824583,2.4588490912151,-0.17648809203264193,R1
2024-12-12 23:00:00,500,2.2716322990398283,2.606145622064306,-0.33451332302447767,R1
2024-12-13 00:00:00,500,2.3321490754205034,2.548732353397521,-0.21658327797701737,R1
2024-12-13 01:00:00,500,2.3474844458625475,2.589839231980701,-0.24235478611815342,R1
2024-12-13 02:00:00,500,2.231320174755701,2.5015326062465646,-0.2702124314908634,R1
2024-12-13 03:00:00,500,2.3328764445217733,2.468907520737716,-0.13603107621594246,R1
2024-12-13 04:00:00,500,2.1976956731150405,2.663418791385048,-0.46572311827000723,R1
2024-12-13 05:00:00,500,2.326135614430996,2.6054088493761176,-0.27927323494512146,R1
2024-12-13 06:00:00,500,2.308942817910258,2.5934703837414075,-0.2845275658311497,R1
2024-12-13 07:00:00,500,2.2686108097096915,2.586855736348308,-0.3182449266386165,R1
2024-12-13 08:00:00,500,2.3388293625771843,2.504755214201533,-0.16592585162434847,R1
2024-12-13 09:00:00,500,2.4094963240751257,2.592091956708172,-0.18259563263304646,R1
2024-12-13 10:00:00,500,2.322347069384541,2.55607183265095,-0.23372476326640923,R1
2024-12-13 11:00:00,500,2.104128873006072,2.4906640987461053,-0.3865352257400332,R1
2024-12-13 12:00:00,500,2.267104996204881,2.3371236863801266,-0.07001869017524553,R1
2024-12-13 13:00:00,500,2.1028843457114488,2.268435692768597,-0.16555134705714813,R1
2024-12-13 14:00:00,500,2.102259614156312,2.3447651534116085,-0.2425055392552964,R1
2024-12-13 15:00:00,500,2.091386208607954,2.417172159439583,-0.3257859508316292,R1
2024-12-13 16:00:00,500,2.2057908663582446,2.4102101137125254,-0.20441924735428074,R1
2024-12-13 17:00:00,500,2.0714840858105856,2.312739709420829,-0.24125562361024322,R1
2024-12-13 18:00:00,500,2.2046752243004866,2.566989753329529,-0.3623145290290424,R1
2024-12-13 19:00:00,500,2.1985222618496163,2.3823648861900915,-0.18384262434047516,R1
2024-12-13 20:00:00,500,2.2731414326106414,2.3645940378435237,-0.09145260523288234,R1
2024-12-13 21:00:00,500,2.236827156353067,2.5876270343707555,-0.35079987801768864,R1
2024-12-13 22:00:00,500,2.3145480408996053,2.394431895122509,-0.07988385422290367,R1
2024-12-13 23:00:00,500,2.1454405355461734,2.442414349063025,-0.2969738135168516,R1
2024-12-14 00:00:00,500,2.051927018860332,2.495256270318725,-0.4433292514583931,R1
2024-12-14 01:00:00,500,2.0606995186281885,2.385877011517079,-0.32517749288889064,R1
2024-12-14 02:00:00,500,2.180316981533144,2.592300333380125,-0.4119833518469811,R1
2024-12-14 03:00:00,500,2.366158229896491,2.410639160933986,-0.04448093103749473,R1
2024-12-14 04:00:00,500,2.2663621188911143,2.3319918650951297,-0.0656297462040154,R1
2024-12-14 05:00:00,500,2.2706189306565228,2.496794941773337,-0.2261760111168143,R1
2024-12-14 06:00:00,500,2.223195329602321,2.592250376483876,-0.369055046881555,R1
2024-12-14 07:00:00,500,2.149898819809009,2.5354963542051454,-0.3855975343961364,R1
2024-12-14 08:00:00,500,2.1868349712035164,2.436359433435637,-0.24952446223212066,R1
2024-12-14 09:00:00,500,2.1514378072227776,2.472799573423355,-0.32136176620057766,R1
2024-12-14 10:00:00,500,2.148726801979853,2.3638911974531283,-0.21516439547327515,R1
2024-12-14 11:00:00,500,2.026336396512919,2.275874507489243,-0.24953811097632395,R1
2024-12-14 12:00:00,500,2.1390733894891,2.277268614843744,-0.13819522535464435,R1
2024-12-14 13:00:00,500,2.264613341989238,2.440161360833601,-0.175548018844363,R1
2024-12-14 14:00:00,500,2.2785256121303887,2.366752796222298,-0.0882271840919091,R1
2024-12-14 15:00:00,500,2.1867578065581013,2.4173534054998136,-0.23059559894171233,R1
2024-12-14 16:00:00,500,2.327623909374064,2.615176196780907,-0.287552287406843,R1
2024-12-14 17:00:00,500,2.1776974103673266,2.513129619018605,-0.33543220865127843,R1
2024-12-14 18:00:00,500,2.268173303689933,2.689005781848328,-0.420832478158395,R1
2024-12-14 19:00:00,500,2.203977011422725,2.478989192677654,-0.2750121812549291,R1
2024-12-14 20:00:00,500,2.1162299270698948,2.477918212338756,-0.36168828526886143,R1
2024-12-14 21:00:00,500,2.222666434314994,2.3275260826624264,-0.10485964834743244,R1
2024-12-14 22:00:00,500,2.113798975685789,2.4654875521506447,-0.35168857646485563,R1
2024-12-14 23:00:00,500,2.123305365026635,2.5586231970022224,-0.4353178319755875,R1
2024-12-15 00:00:00,500,2.2175414106034896,2.6643229692606085,-0.4467815586571189,R1
2024-12-15 01:00:00,500,2.2363428612274503,2.7109851122918687,-0.4746422510644184,R1
2024-12-15 02:00:00,500,2.281631142929291,2.6147685459901595,-0.3331374030608685,R1
2024-12-15 03:00:00,500,2.4977239002138454,2.581695127961075,-0.08397122774722954,R1
2024-12-15 04:00:00,500,2.240135405618814,2.6481767594284893,-0.4080413538096752,R1
2024-12-15 05:00:00,500,2.204499156397893,2.5455554847639505,-0.3410563283660575,R1
2024-12-15 06:00:00,500,2.411838059169449,2.771216758901884,-0.3593786997324351,R1
2024-12-15 07:00:00,500,2.23933332674319,2.622530908401464,-0.383197581658274,R1
2024-12-15 08:00:00,500,2.3295124871104567,2.6869886570976003,-0.3574761699871436,R1
2024-12-15 09:00:00,500,2.556962996587238,2.587471237565369,-0.030508240978130985,R1
2024-12-15 10:00:00,500,2.3434970844962137,2.558838292766177,-0.21534120826996306,R1
2024-12-15 11:00:00,500,2.2313355053335675,2.692850425973601,-0.4615149206400333,R1
2024-12-15 12:00:00,500,2.522443929398113,2.618046540653765,-0.09560261125565184,R1
2024-12-15 13:00:00,500,2.390803484023983,2.652935944067323,-0.2621324600433397,R1
2024-12-15 14:00:00,500,2.3403371616562336,2.7787873773029905,-0.4384502156467569,R1
2024-12-15 15:00:00,500,2.504983139281244,2.78449411805802,-0.2795109787767758,R1
2024-12-15 16:00:00,500,2.7589094236690945,2.707034197683436,0.051875225985658524,R3
2024-12-15 17:00:00,500,2.491462944149589,2.785962403376615,-0.2944994592270258,R1
2024-12-15 18:00:00,500,2.418886339492033,2.7707365564970385,-0.35185021700500574,R1
2024-12-15 19:00:00,500,2.463177755978631,2.6868532981450755,-0.22367554216644425,R1
2024-12-15 20:00:00,500,2.637802144961891,2.849426905118658,-0.2116247601567669,R1
2024-12-15 21:00:00,500,2.357945742803575,2.6821716620496723,-0.3242259192460972,R1
2024-12-15 22:00:00,500,2.44219239307424,2.848004868206033,-0.40581247513179264,R1
2024-12-15 23:00:00,500,2.4572867500327087,2.814213794193476,-0.35692704416076726,R1
2024-12-16 00:00:00,500,2.604042669798485,2.7686959451735613,-0.16465327537507646,R1
2024-12-16 01:00:00,500,2.3207354539474294,2.7644002139329755,-0.4436647599855461,R1
2024-12-16 02:00:00,500,2.4398626870590308,2.749204789562308,-0.3093421025032774,R1
2024-12-16 03:00:00,500,2.496717272547419,2.687999537177552,-0.19128226463013265,R1
2024-12-16 04:00:00,500,2.50147317518465,2.847128367515688,-0.34565519233103803,R1
2024-12-16 05:00:00,500,2.479684779341126,2.8090291189587395,-0.32934433961761345,R1
2024-12-16 06:00:00,500,2.4290897117107706,3.233115452095329,-0.8040257403845583,R1
2024-12-16 07:00:00,500,2.388321087411423,2.642553332836568,-0.2542322454251451,R1
2024-12-16 08:00:00,500,2.5118746214889054,2.82096069493047,-0.3090860734415646,R1
2024-12-16 09:00:00,500,2.489980879997375,2.8763871557904084,-0.3864062757930333,R1
2024-12-16 10:00:00,500,2.5026803239933786,2.6985982939232698,-0.1959179699298912,R1
2024-12-16 11:00:00,500,2.630315154824818,2.6784966904216923,-0.048181535596874436,R1
2024-12-16 12:00:00,500,2.309887856925145,2.71812538800168,-0.40823753107653493,R1
2024-12-16 13:00:00,500,2.4291089607158263,2.562282197562518,-0.1331732368466918,R1
2024-12-16 14:00:00,500,2.411217148805303,2.868681108023116,-0.4574639592178129,R1
2024-12-16 15:00:00,500,2.378828639093445,2.796386226626335,-0.41755758753288985,R1
2024-12-16 16:00:00,500,2.3383941548935216,2.6278708262043704,-0.28947667131084875,R1
2024-12-16 17:00:00,500,2.3501280918289456,2.7148870793231525,-0.364758987494207,R1
2024-12-16 18:00:00,500,2.30537834284387,2.6437334054687374,-0.3383550626248675,R1
2024-12-16 19:00:00,500,2.480775377803945,2.8219382712292536,-0.3411628934253086,R1
2024-12-16 20:00:00,500,2.3289808088047046,2.820573345277641,-0.49159253647293655,R1
2024-12-16 21:00:00,500,2.37733473698735,2.4735864152182074,-0.09625167823085734,R1
2024-12-16 22:00:00,500,2.3687129046279023,2.738390719422358,-0.3696778147944557,R1
2024-12-16 23:00:00,500,2.362116374150109,2.7015025033912234,-0.33938612924111444,R1
2024-12-17 00:00:00,500,2.2867375048625918,2.550409758881744,-0.26367225401915206,R1
2024-12-17 01:00:00,500,2.443714219032308,2.705084020745371,-0.26136980171306323,R1
2024-12-17 02:00:00,500,2.5131181410934844,2.4751997384923388,0.03791840260114565,R3
2024-12-17 03:00:00,500,2.39557509695768,2.8394419014133074,-0.4438668044556273,R1
2024-12-17 04:00:00,500,2.340402466186561,2.731634480801457,-0.391232014614896,R1
2024-12-17 05:00:00,500,2.396480809822532,2.725855017885957,-0.32937420806342477,R1
2024-12-17 06:00:00,500,2.34987229896866,2.8104330053682887,-0.46056070639962865,R1
2024-12-17 07:00:00,500,2.3723826354823285,3.106043812517685,-0.7336611770353563,R1
2024-12-17 08:00:00,500,2.5296607647259672,2.748334388300894,-0.2186736235749267,R1
2024-12-17 09:00:00,500,2.534917901088544,2.7768964670277594,-0.24197856593921552,R1
2024-12-17 10:00:00,500,2.5025005328872925,2.85591931722681,-0.35341878433951734,R1
2024-12-17 11:00:00,500,2.549921002128697,2.7621026466721466,-0.21218164454344945,R1
2024-12-17 12:00:00,500,2.478198086001031,2.8135749826024914,-0.3353768966014603,R1
2024-12-17 13:00:00,500,2.365193719782248,2.78677801816392,-0.421584298381672,R1
2024-12-17 14:00:00,500,2.4014601782100504,2.768039805422098,-0.3665796272120474,R1
2024-12-17 15:00:00,500,2.4109701382454616,2.83005569681401,-0.41908555856854823,R1
2024-12-17 16:00:00,500,2.306866975831329,2.5807211305219,-0.27385415469057106,R1
2024-12-17 17:00:00,500,2.50341829021405,2.581760101028419,-0.07834181081436897,R1
2024-12-17 18:00:00,500,2.397104339018707,2.642578265852119,-0.24547392683341185,R1
2024-12-17 19:00:00,500,2.3460290695338557,2.6827041734587618,-0.33667510392490607,R1
2024-12-17 20:00:00,500,2.343947764376974,2.77408614522798,-0.43013838085100575,R1
2024-12-17 21:00:00,500,2.436347099047729,2.624493353632054,-0.18814625458432488,R1
2024-12-17 22:00:00,500,2.255361585088471,2.5801879372111154,-0.3248263521226442,R1
2024-12-17 23:00:00,500,2.266927412051877,2.736388165923032,-0.46946075387115505,R1
2024-12-18 00:00:00,500,2.4864943750256283,2.689774792557608,-0.20328041753197956,R1
2024-12-18 01:00:00,500,2.4718582725117457,2.6176489817145567,-0.145790709202811,R1
2024-12-18 02:00:00,500,2.418017258997187,2.697575102228733,-0.279557843231546,R1
2024-12-18 03:00:00,500,2.5306921623176275,2.8336961333837656,-0.3030039710661381,R1
2024-12-18 04:00:00,500,2.4776642371387814,2.7966808327437014,-0.31901659560492,R1
2024-12-18 05:00:00,500,2.466912197496635,2.7675461114954696,-0.30063391399883477,R1
2024-12-18 06:00:00,500,2.421602058334478,2.820296602046541,-0.3986945437120628,R1
2024-12-18 07:00:00,500,2.4787728673106986,2.6486712133222228,-0.1698983460115242,R1
2024-12-18 08:00:00,500,2.2629563656409117,2.6461727427368182,-0.3832163770959065,R1
2024-12-18 09:00:00,500,2.257886274660455,2.55694490017328,-0.29905862551282514,R1
2024-12-18 10:00:00,500,2.318398812221475,2.271996384333174,0.04640242788830129,R3
2024-12-18 11:00:00,500,2.133205489542011,2.341402884561957,-0.20819739501994583,R1
2024-12-18 12:00:00,500,2.143664160261725,2.374410894507222,-0.2307467342454972,R1
2024-12-18 13:00:00,500,2.1131892837783504,2.4443502880886667,-0.33116100431031636,R1
2024-12-18 14:00:00,500,2.228448634793,2.423589285973685,-0.1951406511806848,R1
2024-12-18 15:00:00,500,2.0843268550323293,2.467777940764168,-0.3834510857318385,R1
2024-12-18 16:00:00,500,2.192365167486768,2.479146136187322,-0.2867809687005538,R1
2024-12-18 17:00:00,500,2.258713621933752,2.56068400815093,-0.3019703862171781,R1
2024-12-18 18:00:00,500,2.230345411165161,2.589397576840632,-0.35905216567547127,R1
2024-12-18 19:00:00,500,2.2227032149121526,2.585297452135822,-0.36259423722366924,R1
2024-12-18 20:00:00,500,2.1772377506760816,2.4307092590331587,-0.2534715083570771,R1
2024-12-18 21:00:00,500,2.2302743746123044,2.537962768065424,-0.3076883934531196,R1
2024-12-18 22:00:00,500,2.120881853025357,2.5872478760219426,-0.4663660229965858,R1
2024-12-18 23:00:00,500,2.1482507942213616,2.6304712720271737,-0.4822204778058121,R1
2024-12-19 00:00:00,500,2.2983190284254005,2.3389100937798792,-0.04059106535447876,R1
2024-12-19 01:00:00,500,2.171730113502988,2.3548962358001004,-0.18316612229711238,R1
2024-12-19 02:00:00,500,2.1866902860941746,2.3398486334284407,-0.15315834733426614,R1
2024-12-19 03:00:00,500,2.164972600238479,2.3838504791910564,-0.21887787895257738,R1
2024-12-19 04:00:00,500,2.272717871834555,2.5414955404949446,-0.26877766866038977,R1
2024-12-19 05:00:00,500,2.1942093689449385,2.404675675379023,-0.2104663064340846,R1
2024-12-19 06:00:00,500,2.1946786764863875,2.5385573653009645,-0.34387868881457706,R1
2024-12-19 07:00:00,500,2.31588998804077,2.498572990888981,-0.18268300284821093,R1
2024-12-19 08:00:00,500,2.2035926529481675,2.4290733427476083,-0.2254806897994408,R1
2024-12-19 09:00:00,500,2.1900194360165526,2.5198361098177258,-0.3298166738011732,R1
2024-12-19 10:00:00,500,2.147475212042853,2.533997130715059,-0.386521918672206,R1
2024-12-19 11:00:00,500,2.2406938352767987,2.5441212227560244,-0.3034273874792257,R1
2024-12-19 12:00:00,500,2.27967012786786,2.503060651455216,-0.2233905235873559,R1
2024-12-19 13:00:00,500,2.2874162348468725,2.493677600001366,-0.20626136515449334,R1
2024-12-19 14:00:00,500,2.2712507179188206,2.5341245974682645,-0.26287387954944386,R1
2024-12-19 15:00:00,500,2.22022155873724,2.5836894005707265,-0.36346784183348646,R1
2024-12-19 16:00:00,500,2.2605441544487745,2.665983502465321,-0.4054393480165466,R1
2024-12-19 17:00:00,500,2.541841858689715,2.7037571574684374,-0.16191529877872224,R1
2024-12-19 18:00:00,500,2.277122040155213,2.696429259290686,-0.4193072191354732,R1
2024-12-19 19:00:00,500,2.3753961230530987,2.801200798188536,-0.4258046751354372,R1
2024-12-19 20:00:00,500,2.313906698967153,2.6810793352698994,-0.36717263630274655,R1
2024-12-19 21:00:00,500,2.3531614762337862,2.695489645786216,-0.3423281695524296,R1
2024-12-19 22:00:00,500,2.35158678019446,2.56765031057748,-0.21606353038302029,R1
2024-12-19 23:00:00,500,2.535189957450528,2.737531013814814,-0.2023410563642858,R1
2024-12-20 00:00:00,500,2.456430327927533,2.8927071293696573,-0.43627680144212455,R1
2024-12-20 01:00:00,500,2.388784114009944,2.785336273847127,-0.39655215983718284,R1
2024-12-20 02:00:00,500,2.4386740927023607,2.6586656932788384,-0.2199916005764777,R1
2024-12-20 03:00:00,500,2.393134697481726,2.8798946913668297,-0.4867599938851037,R1
2024-12-20 04:00:00,500,2.540278922057093,2.9145544635889253,-0.3742755415318322,R1
2024-12-20 05:00:00,500,2.389453457608301,2.6967121290222247,-0.3072586714139236,R1
2024-12-20 06:00:00,500,2.5904111650790744,2.7019496320871657,-0.11153846700809122,R1
2024-12-20 07:00:00,500,2.336638526686284,2.6160264351780205,-0.27938790849173634,R1
2024-12-20 08:00:00,500,2.4513265173823404,2.722113572104958,-0.27078705472261744,R1
2024-12-20 09:00:00,500,2.5616194698971477,2.713501805516069,-0.15188233561892117,R1
2024-12-20 10:00:00,500,2.4015391757628723,2.7806713378176697,-0.3791321620547974,R1
2024-12-20 11:00:00,500,2.207608434540622,2.616517430113622,-0.40890899557299987,R1
2024-12-20 12:00:00,500,2.327215504970876,2.4800767269478072,-0.1528612219769312,R1
2024-12-20 13:00:00,500,2.385177378961479,2.637266586675455,-0.252089207713976,R1
2024-12-20 14:00:00,500,2.401559230537472,2.594485078125698,-0.19292584758822606,R1
2024-12-20 15:00:00,500,2.288491630393229,2.55344681695812,-0.26495518656489114,R1
2024-12-20 16:00:00,500,2.231387263212929,2.517221682048951,-0.2858344188360218,R1
2024-12-20 17:00:00,500,2.2961665451180475,2.399133801795986,-0.10296725667793849,R1
2024-12-20 18:00:00,500,2.2336797502490224,2.485860382019376,-0.25218063177035344,R1
2024-12-20 19:00:00,500,2.2262972457981896,2.550576635087512,-0.3242793892893223,R1
2024-12-20 20:00:00,500,2.145188839171817,2.508244766112098,-0.3630559269402811,R1
2024-12-20 21:00:00,500,2.243101038190342,2.4904534308181168,-0.24735239262777498,R1
2024-12-20 22:00:00,500,2.1625713038495333,2.430048541924602,-0.2674772380750685,R1
2024-12-20 23:00:00,500,2.254749883925233,2.569273392384651,-0.314523508459418,R1
2024-12-21 00:00:00,500,2.151661183780965,2.470877183514776,-0.3192159997338111,R1
2024-12-21 01:00:00,500,2.242276393938291,2.479609721017251,-0.23733332707896038,R1
2024-12-21 02:00:00,500,2.2080401373879788,2.5059839823161703,-0.2979438449281915,R1
2024-12-21 03:00:00,500,2.166442971582436,2.41284045484655,-0.24639748326411404,R1
2024-12-21 04:00:00,500,2.394369013903517,2.5047409665588063,-0.1103719526552891,R1
2024-12-21 05:00:00,500,2.224354951667334,2.542185472846686,-0.31783052117935195,R1
2024-12-21 06:00:00,500,2.229332386740778,2.5656702775420315,-0.33633789080125354,R1
2024-12-21 07:00:00,500,2.2205601559543977,2.526128194085,-0.3055680381306023,R1
2024-12-21 08:00:00,500,2.336672011045239,2.5881863997771597,-0.25151438873192067,R1
2024-12-21 09:00:00,500,2.294840697969261,2.498231434380838,-0.20339073641157723,R1
2024-12-21 10:00:00,500,2.2827543972674267,2.553467158550102,-0.2707127612826752,R1
2024-12-21 11:00:00,500,2.229278399132788,2.495674590355726,-0.2663961912229378,R1
2024-12-21 12:00:00,500,2.164460383707035,2.477349130994232,-0.31288874728719707,R1
2024-12-21 13:00:00,500,2.260141138005617,2.5396340247874667,-0.2794928867818496,R1
2024-12-21 14:00:00,500,2.3478091269358354,2.424285357825832,-0.07647623088999644,R1
2024-12-21 15:00:00,500,2.266215695946796,2.630162160797677,-0.3639464648508808,R1
2024-12-21 16:00:00,500,2.2667400758396066,2.523642265705484,-0.25690218986587743,R1
2024-12-21 17:00:00,500,2.240258535073118,2.6098279468182706,-0.36956941174515245,R1
2024-12-21 18:00:00,500,2.2703952724764416,2.558951674805162,-0.2885564023287204,R1
2024-12-21 19:00:00,500,2.263127668002649,2.5290664130776928,-0.26593874507504367,R1
2024-12-21 20:00:00,500,2.268510158040602,2.617940199590439,-0.34943004154983726,R1
2024-12-21 21:00:00,500,2.292320671588094,2.518439845064722,-0.2261191734766279,R1
2024-12-21 22:00:00,500,2.355000709524559,2.7275527946491653,-0.37255208512460625,R1
2024-12-21 23:00:00,500,2.13870761037134,2.6052511000636183,-0.46654348969227843,R1
2024-12-22 00:00:00,500,2.173538774009357,2.542163044889721,-0.368624270880364,R1
2024-12-22 01:00:00,500,2.2761937598982325,2.620222123566052,-0.34402836366781964,R1
2024-12-22 02:00:00,500,2.194028336493345,2.5001396746976434,-0.30611133820429837,R1
2024-12-22 03:00:00,500,2.2310740082330884,2.6612339616085445,-0.4301599533754561,R1
2024-12-22 04:00:00,500,2.24827623962646,2.7992628439000544,-0.5509866042735942,R1
2024-12-22 05:00:00,500,2.4033189837184565,2.6495827361967104,-0.24626375247825383,R1
2024-12-22 06:00:00,500,2.449158038022589,2.516787748839953,-0.06762971081736424,R1
2024-12-22 07:00:00,500,2.2317420002737416,2.617876708337416,-0.38613470806367456,R1
2024-12-22 08:00:00,500,2.3009716700845986,2.7633120915649814,-0.4623404214803828,R1
2024-12-22 09:00:00,500,2.3108383145868205,2.526287839448323,-0.21544952486150226,R1
2024-12-22 10:00:00,500,2.188227316157278,2.563845786775918,-0.37561847061863984,R1
2024-12-22 11:00:00,500,2.2698883308455446,2.5285211639325658,-0.2586328330870211,R1
2024-12-22 12:00:00,500,2.2811493928686395,2.3399538480295496,-0.05880445516091015,R1
2024-12-22 13:00:00,500,2.156260433930781,2.468197114145931,-0.31193668021514975,R1
2024-12-22 14:00:00,500,2.1127494137129035,2.4472918245939432,-0.33454241088103975,R1
2024-12-22 15:00:00,500,2.2546942977284994,2.531070892667412,-0.27637659493891276,R1
2024-12-22 16:00:00,500,2.204641138039024,2.368091745129317,-0.16345060709029324,R1
2024-12-22 17:00:00,500,2.1778166662669274,2.5555606325335147,-0.37774396626658735,R1
2024-12-22 18:00:00,500,2.2483504715318343,2.607046554296902,-0.3586960827650678,R1
2024-12-22 19:00:00,500,2.350856858681317,2.481743477144014,-0.1308866184626969,R1
2024-12-22 20:00:00,500,2.3004408192429158,2.555871034316989,-0.25543021507407326,R1
2024-12-22 21:00:00,500,2.2378166035029903,2.572537173139595,-0.3347205696366049,R1
2024-12-22 22:00:00,500,2.21483073585813,2.420288922840982,-0.205458186982852,R1
2024-12-22 23:00:00,500,2.2427396066712246,2.401981608133702,-0.15924200146247758,R1
2024-12-23 00:00:00,500,2.2680067757673488,2.598490453743522,-0.33048367797617306,R1
2024-12-23 01:00:00,500,2.210081565501129,2.518867788046635,-0.3087862225455056,R1
2024-12-23 02:00:00,500,2.272525869524314,2.569938032891796,-0.2974121633674822,R1
2024-12-23 03:00:00,500,2.362297797984301,2.5093926054888005,-0.14709480750449933,R1
2024-12-23 04:00:00,500,2.3245087061823826,2.6577233570758785,-0.3332146508934959,R1
2024-12-23 05:00:00,500,2.1966066433328053,2.544603973760124,-0.34799733042731873,R1
2024-12-23 06:00:00,500,2.330185945316645,2.548891512350605,-0.2187055670339597,R1
2024-12-23 07:00:00,500,2.3460343067140617,2.495647183382625,-0.14961287666856338,R1
2024-12-23 08:00:00,500,2.292302295316604,2.587176644265605,-0.2948743489490009,R1
2024-12-23 09:00:00,500,2.465597945946104,2.7603225936825857,-0.29472464773648177,R1
2024-12-23 10:00:00,500,2.546294435229891,2.8120472722691785,-0.26575283703928765,R1
2024-12-23 11:00:00,500,2.4766380352150352,2.821172222737406,-0.34453418752237086,R1
2024-12-23 12:00:00,500,2.3492443413228004,2.741766685057793,-0.3925223437349925,R1
2024-12-23 13:00:00,500,2.331132941428005,2.6959744087872632,-0.36484146735925815,R1
2024-12-23 14:00:00,500,2.230826956265339,2.475175785910999,-0.24434882964566018,R1
2024-12-23 15:00:00,500,2.258683734630139,2.5444272068505422,-0.2857434722204033,R1
2024-12-23 16:00:00,500,2.192127593248442,2.475857469237598,-0.283729875989156,R1
2024-12-23 17:00:00,500,2.2608310238620697,2.705820990211281,-0.4449899663492114,R1
2024-12-23 18:00:00,500,2.385411773642712,2.5390435115546333,-0.1536317379119212,R1
2024-12-23 19:00:00,500,2.2047635603169367,2.5888387343818446,-0.384075174064908,R1
2024-12-23 20:00:00,500,2.2665718963231085,2.5741410592376885,-0.30756916291458003,R1
2024-12-23 21:00:00,500,2.184445439487172,2.4038121453607446,-0.21936670587357243,R1
2024-12-23 22:00:00,500,2.10363677550862,2.5952086047575533,-0.4915718292489335,R1
2024-12-23 23:00:00,500,2.1416495877545265,2.425434214673277,-0.2837846269187505,R1
2024-12-24 00:00:00,500,2.243588919386845,2.502315400264746,-0.2587264808779013,R1
2024-12-24 01:00:00,500,2.2877922252706053,2.4190992117993018,-0.13130698652869643,R1
2024-12-24 02:00:00,500,2.1981723953823287,2.526264602577304,-0.3280922071949752,R1
2024-12-24 03:00:00,500,2.2787384187673,2.397612868800268,-0.1188744500329677,R1
2024-12-24 04:00:00,500,2.1836373502996294,2.4011262662457864,-0.21748891594615705,R1
2024-12-24 05:00:00,500,2.266218120521385,2.5868850222501467,-0.32066690172876156,R1
2024-12-24 06:00:00,500,2.310985435078685,2.509713135872625,-0.19872770079393964,R1
2024-12-24 07:00:00,500,2.315777297807005,2.631552367678299,-0.315775069871294,R1
2024-12-24 08:00:00,500,2.4781559141812184,2.603320894937627,-0.1251649807564088,R1
2024-12-24 09:00:00,500,2.2962065734134685,2.6294688298302797,-0.3332622564168113,R1
2024-12-24 10:00:00,500,2.4773241191671094,2.7386804536957725,-0.26135633452866314,R1
2024-12-24 11:00:00,500,2.426571101161354,2.746370706158129,-0.31979960499677507,R1
2024-12-24 12:00:00,500,2.6287723904328355,2.899369887899313,-0.2705974974664773,R1
2024-12-24 13:00:00,500,2.452780583310185,2.7569575652573293,-0.3041769819471445,R1
2024-12-24 14:00:00,500,2.5054085846595355,2.8343033428573863,-0.32889475819785075,R1
2024-12-24 15:00:00,500,2.5762244878919165,2.92645491609966,-0.3502304282077433,R1
2024-12-24 16:00:00,500,2.498053947532778,2.8418533350848567,-0.3437993875520786,R1
2024-12-24 17:00:00,500,2.5805771083552163,2.804192450534976,-0.22361534217975976,R1
2024-12-24 18:00:00,500,2.437572125917554,2.915040710728106,-0.477468584810552,R1
2024-12-24 19:00:00,500,2.4935596810249603,2.937062294880177,-0.4435026138552165,R1
2024-12-24 20:00:00,500,2.5153105678008205,2.966572430917,-0.45126186311617955,R1
2024-12-24 21:00:00,500,2.514929960001952,2.7943185016802663,-0.2793885416783142,R1
2024-12-24 22:00:00,500,2.497703955795167,2.826499011243718,-0.32879505544855103,R1
2024-12-24 23:00:00,500,2.4724612110333446,2.79895171835898,-0.32649050732563545,R1
2024-12-25 00:00:00,500,2.810403153761128,2.938462208049725,-0.1280590542885971,R1
2024-12-25 01:00:00,500,2.4674002821866683,2.8146287439124453,-0.34722846172577704,R1
2024-12-25 02:00:00,500,2.573149636868502,2.653113466880094,-0.07996383001159213,R1
2024-12-25 03:00:00,500,2.478850921766369,2.7683010820471226,-0.28945016028075354,R1
2024-12-25 04:00:00,500,2.522762240639357,3.01326085642439,-0.49049861578503284,R1
2024-12-25 05:00:00,500,2.523253299076732,2.75615027411873,-0.23289697504199802,R1
2024-12-25 06:00:00,500,2.607393897196787,2.734843891601622,-0.12744999440483484,R1
2024-12-25 07:00:00,500,2.6255153843395425,2.8298868171112,-0.2043714327716577,R1
2024-12-25 08:00:00,500,2.5394814822967384,2.791923639226576,-0.2524421569298374,R1
2024-12-25 09:00:00,500,2.4768170819563635,2.778225050859302,-0.30140796890293853,R1
2024-12-25 10:00:00,500,2.49155799011017,2.747401072221168,-0.25584308211099804,R1
2024-12-25 11:00:00,500,2.402883840225482,2.833111353993697,-0.430227513768215,R1
2024-12-25 12:00:00,500,2.5060286073976306,2.898404388438668,-0.39237578104103754,R1
2024-12-25 13:00:00,500,2.381240175125074,2.722959492845792,-0.34171931772071806,R1
2024-12-25 14:00:00,500,2.54643298587295,2.693175736350965,-0.146742750478015,R1
2024-12-25 15:00:00,500,2.388577215468693,2.603543495544048,-0.21496628007535534,R1
2024-12-25 16:00:00,500,2.366122073382776,2.696328064337271,-0.33020599095449477,R1
2024-12-25 17:00:00,500,2.305172248073848,2.7304149629272616,-0.4252427148534137,R1
2024-12-25 18:00:00,500,2.4260377688583143,2.590451683313708,-0.16441391445539377,R1
2024-12-25 19:00:00,500,2.3134494635813128,2.6964618218186778,-0.383012358237365,R1
2024-12-25 20:00:00,500,2.416995911408723,2.710177266487695,-0.2931813550789717,R1
2024-12-25 21:00:00,500,2.382575658519079,2.794586355262576,-0.4120106967434971,R1
2024-12-25 22:00:00,500,2.3481479720127725,2.736328581707482,-0.3881806096947096,R1
2024-12-25 23:00:00,500,2.390892412534383,2.756607783029952,-0.3657153704955687,R1
2024-12-26 00:00:00,500,2.324375927466448,2.782799207725556,-0.45842328025910817,R1
2024-12-26 01:00:00,500,2.397141258140624,2.5392164577510803,-0.14207519961045634,R1
2024-12-26 02:00:00,500,2.385827998418024,2.7541790001717628,-0.3683510017537386,R1
2024-12-26 03:00:00,500,2.4369965721534563,2.749806577601591,-0.31281000544813464,R1
2024-12-26 04:00:00,500,2.317323049280794,2.6954436124963763,-0.3781205632155822,R1
2024-12-26 05:00:00,500,2.370965259489122,2.822467819107449,-0.45150255961832686,R1
2024-12-26 06:00:00,500,2.379120342059577,2.5893426360362346,-0.2102222939766576,R1
2024-12-26 07:00:00,500,2.388308466989382,2.680990711720825,-0.2926822447314428,R1
2024-12-26 08:00:00,500,2.418375582935931,2.806427023889872,-0.3880514409539413,R1
2024-12-26 09:00:00,500,2.3384693873677733,2.718684843919991,-0.38021545655221756,R1
2024-12-26 10:00:00,500,2.491885755082416,2.635629136280664,-0.1437433811982478,R1
2024-12-26 11:00:00,500,2.466862715813296,2.5996934646068413,-0.13283074879354517,R1
2024-12-26 12:00:00,500,2.35163057174551,2.571772878277648,-0.22014230653213795,R1
2024-12-26 13:00:00,500,2.260011883085627,2.5107244732311345,-0.2507125901455076,R1
2024-12-26 14:00:00,500,2.464959075690961,2.636909896045041,-0.17195082035408005,R1
2024-12-26 15:00:00,500,2.179877013223217,2.6493279486258503,-0.4694509354026333,R1
2024-12-26 16:00:00,500,2.290659983081888,2.708369985103918,-0.4177100020220297,R1
2024-12-26 17:00:00,500,2.3009412565062264,2.731941717397415,-0.4310004608911888,R1
2024-12-26 18:00:00,500,2.2492251806200465,2.633941499189788,-0.3847163185697413,R1
2024-12-26 19:00:00,500,2.2281213314983277,2.5305433089873373,-0.30242197748900956,R1
2024-12-26 20:00:00,500,2.2635189171914827,2.4260613421426998,-0.16254242495121707,R1
2024-12-26 21:00:00,500,2.402466068255455,2.609037433275548,-0.2065713650200931,R1
2024-12-26 22:00:00,500,2.2483173243575374,2.600564913653326,-0.3522475892957888,R1
2024-12-26 23:00:00,500,2.259141486719334,2.598090798495696,-0.338949311776362,R1
2024-12-27 00:00:00,500,2.474350893642032,2.6430247142806804,-0.16867382063864822,R1
2024-12-27 01:00:00,500,2.4558194435125897,2.591474360728785,-0.13565491721619516,R1
2024-12-27 02:00:00,500,2.328296807958246,2.701927890425129,-0.37363108246688315,R1
2024-12-27 03:00:00,500,2.319747881643708,2.8094613641699304,-0.4897134825262226,R1
2024-12-27 04:00:00,500,2.4089669499811093,2.6109214435269705,-0.20195449354586126,R1
2024-12-27 05:00:00,500,2.303630777334434,2.6825721684892625,-0.3789413911548283,R1
2024-12-27 06:00:00,500,2.328086231409676,2.654012250524002,-0.3259260191143256,R1
2024-12-27 07:00:00,500,2.349908288318358,2.691620900506341,-0.34171261218798277,R1
2024-12-27 08:00:00,500,2.4012260615082144,2.730420262604048,-0.3291942010958335,R1
2024-12-27 09:00:00,500,2.3834078681243045,2.7221346481385407,-0.3387267800142362,R1
2024-12-27 10:00:00,500,2.458660534239219,2.7128730990222403,-0.2542125647830211,R1
2024-12-27 11:00:00,500,2.57171689449062,2.779011718419334,-0.2072948239287138,R1
2024-12-27 12:00:00,500,2.4951869075078457,2.8662814008542745,-0.37109449334642886,R1
2024-12-27 13:00:00,500,2.423552245796137,2.750464041203935,-0.3269117954077978,R1
2024-12-27 14:00:00,500,2.3980345813621566,2.7410864888501,-0.34305190748794345,R1
2024-12-27 15:00:00,500,2.5375586878408773,2.732536725696477,-0.19497803785559986,R1
2024-12-27 16:00:00,500,2.5240266937621025,3.0149992223103315,-0.4909725285482289,R1
2024-12-27 17:00:00,500,2.4762634510521067,2.8551242726577364,-0.3788608216056297,R1
2024-12-27 18:00:00,500,2.477577960253688,2.979343145843517,-0.5017651855898291,R1
2024-12-27 19:00:00,500,2.502359555990872,2.726445177488172,-0.22408562149730038,R1
2024-12-27 20:00:00,500,2.40092121037856,2.771198658051664,-0.37027744767310367,R1
2024-12-27 21:00:00,500,2.483212440749055,2.9335299472594496,-0.4503175065103946,R1
2024-12-27 22:00:00,500,2.540677670751321,3.000565692293381,-0.45988802154206043,R1
2024-12-27 23:00:00,500,2.558908406508088,2.80197763780673,-0.24306923129864222,R1
2024-12-28 00:00:00,500,2.441100263229014,2.795540082319719,-0.35443981909070477,R1
2024-12-28 01:00:00,500,2.507158603381226,2.943221621980962,-0.4360630185997363,R1
2024-12-28 02:00:00,500,2.472217430351783,3.164721578814304,-0.692504148462521,R1
2024-12-28 03:00:00,500,2.4463068992689045,2.825328382228811,-0.37902148295990656,R1
2024-12-28 04:00:00,500,2.5767763156485337,2.9374159142670573,-0.36063959861852357,R1
2024-12-28 05:00:00,500,2.5518134963829397,2.784899833372896,-0.23308633698995607,R1
2024-12-28 06:00:00,500,2.4259915878306084,2.65935133357552,-0.2333597457449117,R1
2024-12-28 07:00:00,500,2.5226403383866365,2.80317744434816,-0.28053710596152337,R1
2024-12-28 08:00:00,500,2.4760717678740494,2.655832287914831,-0.17976052004078147,R1
2024-12-28 09:00:00,500,2.580434021691892,2.882217144122067,-0.3017831224301748,R1
2024-12-28 10:00:00,500,2.5432646160128805,2.9516550240760244,-0.408390408063144,R1
2024-12-28 11:00:00,500,2.4425592721157874,2.7938003824100752,-0.35124111029428784,R1
2024-12-28 12:00:00,500,2.540218118090793,2.763064623005708,-0.22284650491491487,R1
2024-12-28 13:00:00,500,2.499971414935481,2.8118721164959126,-0.3119007015604316,R1
2024-12-28 14:00:00,500,2.5007737002805923,2.767523804089949,-0.2667501038093567,R1
2024-12-28 15:00:00,500,2.5055401750346875,2.71908850477315,-0.2135483297384626,R1
2024-12-28 16:00:00,500,2.6029520654405287,2.8463117530549225,-0.24335968761439375,R1
2024-12-28 17:00:00,500,2.462509847568533,2.9659250703048525,-0.5034152227363196,R1
2024-12-28 18:00:00,500,2.5661413221869136,2.8992136420949075,-0.3330723199079939,R1
2024-12-28 19:00:00,500,2.6231095751837765,2.931274468517353,-0.30816489333357655,R1
2024-12-28 20:00:00,500,2.5038428363219505,2.925965783672105,-0.42212294735015465,R1
2024-12-28 21:00:00,500,2.4495629711066105,2.890536605417102,-0.4409736343104913,R1
2024-12-28 22:00:00,500,2.5940416039389005,2.776336106477732,-0.18229450253883162,R1
2024-12-28 23:00:00,500,2.5077545434937485,2.8156239211123486,-0.3078693776186001,R1
2024-12-29 00:00:00,500,2.5164972461805992,2.9567617218676268,-0.44026447568702753,R1
2024-12-29 01:00:00,500,2.6452995462315623,2.787504172291233,-0.14220462605967077,R1
2024-12-29 02:00:00,500,2.5639640118764,2.9497956015884266,-0.38583158971202636,R1
2024-12-29 03:00:00,500,2.5798850800178426,3.310305885768972,-0.7304208057511294,R1
2024-12-29 04:00:00,500,2.604440877662693,2.8511416491251063,-0.2467007714624132,R1
2024-12-29 05:00:00,500,2.629246708734613,2.890061941090842,-0.26081523235622894,R1
2024-12-29 06:00:00,500,2.5689766792151527,2.964689180879338,-0.39571250166418537,R1
2024-12-29 07:00:00,500,2.573657172245232,2.86865874488116,-0.29500157263592763,R1
2024-12-29 08:00:00,500,2.603704660952194,3.003035671984905,-0.3993310110327113,R1
2024-12-29 09:00:00,500,2.620245786381922,2.8999563936953163,-0.27971060731339437,R1
2024-12-29 10:00:00,500,2.5386373046443067,2.814666779350335,-0.2760294747060281,R1
2024-12-29 11:00:00,500,2.5789008893549985,2.9468543844190527,-0.36795349506405417,R1
2024-12-29 12:00:00,500,2.633119616443222,2.953805981897588,-0.32068636545436613,R1
2024-12-29 13:00:00,500,2.6171793037495155,3.0052249925344565,-0.38804568878494106,R1
2024-12-29 14:00:00,500,2.5860063610405897,2.8706708669289287,-0.284664505888339,R1
2024-12-29 15:00:00,500,2.6769255894909336,3.1244265838574004,-0.44750099436646673,R1
2024-12-29 16:00:00,500,2.6048811784290984,2.769731120355121,-0.16484994192602276,R1
2024-12-29 17:00:00,500,2.53653877162412,2.853478365170827,-0.316939593546707,R1
2024-12-29 18:00:00,500,2.5504636171114563,3.135526101212428,-0.5850624841009715,R1
2024-12-29 19:00:00,500,2.541736338301665,3.1034560545985497,-0.5617197162968846,R1
2024-12-29 20:00:00,500,2.4855471691985174,3.127889760259536,-0.6423425910610185,R1
2024-12-29 21:00:00,500,2.620228121642067,2.845161898356396,-0.2249337767143289,R1
2024-12-29 22:00:00,500,2.433994070681314,3.375243916615528,-0.9412498459342142,R1
2024-12-29 23:00:00,500,2.6591321369314667,2.836000518511735,-0.17686838158026852,R1
2024-12-30 00:00:00,500,2.5829482311689507,2.818872392268925,-0.2359241610999745,R1
2024-12-30 01:00:00,500,2.586993089383511,2.7851274958667607,-0.19813440648324976,R1
2024-12-30 02:00:00,500,2.4732240281552684,2.864827649693963,-0.39160362153869466,R1
2024-12-30 03:00:00,500,2.6215956405520853,3.287536085711184,-0.6659404451590989,R1
2024-12-30 04:00:00,500,2.589070923674104,2.802017110651712,-0.21294618697760814,R1
2024-12-30 05:00:00,500,2.748206918421014,2.9444416932068007,-0.19623477478578666,R1
2024-12-30 06:00:00,500,2.5682289611665143,2.8930348866905384,-0.3248059255240241,R1
2024-12-30 07:00:00,500,2.6652536921189376,2.994255672905013,-0.32900198078607534,R1
2024-12-30 08:00:00,500,2.564007610098264,3.8230890066215024,-1.2590813965232384,R1
2024-12-30 09:00:00,500,2.587306103269132,2.914134226534688,-0.3268281232655563,R1
2024-12-30 10:00:00,500,2.625586881849668,3.194639567684954,-0.569052685835286,R1
2024-12-30 11:00:00,500,2.620907547970164,2.872294162004718,-0.2513866140345544,R1
2024-12-30 12:00:00,500,2.587915256041435,3.0165708794778574,-0.4286556234364225,R1
2024-12-30 13:00:00,500,2.651514828488424,2.859221984425252,-0.20770715593682842,R1
2024-12-30 14:00:00,500,2.549441079588025,2.7593994073741843,-0.20995832778615942,R1
2024-12-30 15:00:00,500,2.546207167852256,2.843094975949464,-0.29688780809720816,R1
2024-12-30 16:00:00,500,2.6107159720834394,2.8892069549630826,-0.27849098287964313,R1
2024-12-30 17:00:00,500,2.52945419472613,2.8564945876398378,-0.32704039291370757,R1
2024-12-30 18:00:00,500,2.509229953123857,2.844213772578847,-0.3349838194549899,R1
2024-12-30 19:00:00,500,2.5089368969801225,2.7210143572183023,-0.21207746023817986,R1
2024-12-30 20:00:00,500,2.610808195940913,2.991625853037783,-0.3808176570968702,R1
2024-12-30 21:00:00,500,2.5268509627461344,2.74323371111398,-0.21638274836784577,R1
2024-12-30 22:00:00,500,2.52412886747665,2.762221004182351,-0.23809213670570095,R1
2024-12-30 23:00:00,500,2.461799647971874,2.785781040954668,-0.32398139298279416,R1
2024-12-31 00:00:00,500,2.4338811231743884,2.834947707150673,-0.40106658397628436,R1
2024-12-31 01:00:00,500,2.539213845122542,2.883818362780157,-0.3446045176576149,R1
2024-12-31 02:00:00,500,2.492151001946399,2.9392600527862824,-0.4471090508398836,R1
2024-12-31 03:00:00,500,2.597201399008953,3.08747198492229,-0.4902705859133367,R1
2024-12-31 04:00:00,500,2.6402078323494123,2.728324029121626,-0.08811619677221394,R1
2024-12-31 05:00:00,500,2.611082294810459,2.83043623478543,-0.2193539399749711,R1
2024-12-31 06:00:00,500,2.61038612292318,2.735588074752134,-0.125201951828954,R1
2024-12-31 07:00:00,500,2.596538190152777,2.968390651487839,-0.3718524613350622,R1
2024-12-31 08:00:00,500,2.5700711373230187,2.889134775145939,-0.31906363782292013,R1
2024-12-31 09:00:00,500,2.589340725959896,2.915744395423513,-0.326403669463617,R1
2024-12-31 10:00:00,500,2.5969345421917502,2.795967503374263,-0.19903296118251257,R1
2024-12-31 11:00:00,500,2.5551336216710943,2.9930305706150504,-0.43789694894395614,R1
2024-12-31 12:00:00,500,2.609504328442371,2.7475543663862503,-0.13805003794387938,R1
2024-12-31 13:00:00,500,2.5119624435805106,2.7095955368058062,-0.19763309322529565,R1
2024-12-31 14:00:00,500,2.582373634318742,2.799965912272977,-0.21759227795423497,R1
2024-12-31 15:00:00,500,2.360051807226007,2.659193353045843,-0.2991415458198361,R1
2024-12-31 16:00:00,500,2.34714654025715,2.643875101298815,-0.296728561041665,R1
2024-12-31 17:00:00,500,2.411658104251184,2.6502469279753087,-0.2385888237241245,R1
2024-12-31 18:00:00,500,2.4354457432243715,2.736762525442581,-0.3013167822182097,R1
2024-12-31 19:00:00,500,2.537224564236196,2.823873505587738,-0.28664894135154206,R1
2024-12-31 20:00:00,500,2.497636161619486,2.869175869539043,-0.3715397079195566,R1
2024-12-31 21:00:00,500,2.446921717279367,2.700129204773938,-0.25320748749457067,R1
2024-12-31 22:00:00,500,2.530524557852941,2.8516883367547288,-0.3211637789017878,R1
2024-12-31 23:00:00,500,2.473323792439013,2.7939615713063164,-0.3206377788673036,R1
2025-01-01 00:00:00,500,2.409515180349106,2.5763440415530616,-0.16682886120395546,R1
2025-01-01 01:00:00,500,2.522576704578172,2.612261714685518,-0.08968501010734586,R1
2025-01-01 02:00:00,500,2.4047937899323286,2.5916935563745924,-0.1868997664422638,R1
2025-01-01 03:00:00,500,2.386854804156738,2.563354168584542,-0.17649936442780367,R1
2025-01-01 04:00:00,500,2.369120006372951,2.617596169074328,-0.24847616270137696,R1
2025-01-01 05:00:00,500,2.372213963787595,2.6197040676101007,-0.2474901038225057,R1
2025-01-01 06:00:00,500,2.3929502495433583,2.6889196011794483,-0.29596935163608995,R1
2025-01-01 07:00:00,500,2.491478918675517,2.7100278446028208,-0.2185489259273039,R1
2025-01-01 08:00:00,500,2.415633827460521,2.643534330151306,-0.227900502690785,R1
2025-01-01 09:00:00,500,2.2957194438670383,2.681755066490932,-0.3860356226238939,R1
2025-01-01 10:00:00,500,2.308124601860172,2.6814520867304608,-0.37332748487028855,R1
2025-01-01 11:00:00,500,2.356524311645581,2.5159441593955045,-0.15941984774992335,R1
2025-01-01 12:00:00,500,2.403587409816739,2.6392427134102383,-0.23565530359349918,R1
2025-01-01 13:00:00,500,2.331313133189824,2.631922278598433,-0.3006091454086093,R1
2025-01-01 14:00:00,500,2.366640827830239,2.723456748612873,-0.35681592078263424,R1
2025-01-01 15:00:00,500,2.365741556729584,2.6498847818239386,-0.2841432250943545,R1
2025-01-01 16:00:00,500,2.4556075402781907,2.728046018037503,-0.2724384777593123,R1
2025-01-01 17:00:00,500,2.6487989749518173,3.001258868086773,-0.35245989313495585,R1
2025-01-01 18:00:00,500,2.7426714717940315,3.05976156602665,-0.31709009423261847,R1
2025-01-01 19:00:00,500,2.792414622902621,2.817358062376785,-0.02494343947416411,R1
2025-01-01 20:00:00,500,2.598693301498328,2.817117173283933,-0.21842387178560507,R1
2025-01-01 21:00:00,500,2.6130703976331504,2.7970864449943407,-0.18401604736119026,R1
2025-01-01 22:00:00,500,2.6195470808519934,2.922290182272117,-0.3027431014201234,R1
2025-01-01 23:00:00,500,2.6475744507866,2.992896170635379,-0.345321719848779,R1
2025-01-02 00:00:00,500,2.703380784082863,2.805635436127711,-0.10225465204484774,R1
2025-01-02 01:00:00,500,2.7626833008198,2.8957568753458207,-0.13307357452602053,R1
2025-01-02 02:00:00,500,2.686050057455991,3.2430788395182057,-0.5570287820622148,R1
2025-01-02 03:00:00,500,2.562772665754106,2.965079248233482,-0.4023065824793761,R1
2025-01-02 04:00:00,500,2.7254730262203166,2.7422608944208715,-0.01678786820055489,R1
2025-01-02 05:00:00,500,2.647060090460083,2.916852960722075,-0.2697928702619916,R1
2025-01-02 06:00:00,500,2.6340384876251965,2.7407134815394354,-0.10667499391423885,R1
2025-01-02 07:00:00,500,2.726072096064053,2.922746804780441,-0.19667470871638804,R1
2025-01-02 08:00:00,500,2.6008548274487677,2.910526082256291,-0.30967125480752333,R1
2025-01-02 09:00:00,500,2.691295372614862,3.1152784553771964,-0.42398308276233454,R1
2025-01-02 10:00:00,500,2.619698078455272,2.814672009562383,-0.19497393110711103,R1
2025-01-02 11:00:00,500,2.849830287668294,3.1451369366760966,-0.2953066490078027,R1
2025-01-02 12:00:00,500,2.7748217731973366,2.993656801216028,-0.21883502801869126,R1
2025-01-02 13:00:00,500,2.7383971097030746,2.9891993938854524,-0.2508022841823778,R1
2025-01-02 14:00:00,500,2.7752884242089824,3.0136681682844326,-0.23837974407545026,R1
2025-01-02 15:00:00,500,2.7213784402642065,3.211750814873959,-0.49037237460975236,R1
2025-01-02 16:00:00,500,2.6407428720346724,2.86912011599978,-0.22837724396510772,R1
2025-01-02 17:00:00,500,2.62841829740699,3.196783075175377,-0.5683647777683869,R1
2025-01-02 18:00:00,500,2.627616469466156,3.136410138746966,-0.5087936692808102,R1
2025-01-02 19:00:00,500,2.750628931796691,2.974842271494761,-0.2242133396980699,R1
2025-01-02 20:00:00,500,2.672345586505792,2.8863555051458905,-0.21400991864009855,R1
2025-01-02 21:00:00,500,2.6423840008586783,2.9057535236993512,-0.26336952284067294,R1
2025-01-02 22:00:00,500,2.688531874041224,3.135449893358198,-0.44691801931697395,R1
2025-01-02 23:00:00,500,2.790898156175495,3.060821538950604,-0.26992338277510886,R1
2025-01-03 00:00:00,500,2.811257248102528,3.382960017551502,-0.571702769448974,R1
2025-01-03 01:00:00,500,2.650054397854372,3.0985745974331014,-0.44852019957872935,R1
2025-01-03 02:00:00,500,2.697482440887061,3.149396833975856,-0.4519143930887948,R1
2025-01-03 03:00:00,500,2.66563379880707,3.110421347430227,-0.44478754862315695,R1
2025-01-03 04:00:00,500,2.6783904247268766,3.0636211475833264,-0.38523072285644977,R1
2025-01-03 05:00:00,500,2.748690186550071,3.1158474183089857,-0.3671572317589149,R1
2025-01-03 06:00:00,500,2.6798366793150645,2.9668271730668487,-0.2869904937517842,R1
2025-01-03 07:00:00,500,2.686888788397155,2.967701720249224,-0.28081293185206935,R1
2025-01-03 08:00:00,500,2.6988318877339896,3.0618564842710585,-0.36302459653706887,R1
2025-01-03 09:00:00,500,2.640120368654895,3.06291372353024,-0.4227933548753451,R1
2025-01-03 10:00:00,500,2.667647258645281,2.954840908948021,-0.28719365030274036,R1
2025-01-03 11:00:00,500,2.756370851510686,2.856139169972153,-0.09976831846146705,R1
2025-01-03 12:00:00,500,2.7822844655512755,2.9717069131562046,-0.1894224476049291,R1
2025-01-03 13:00:00,500,2.7078771775734616,3.094880848301689,-0.3870036707282276,R1
2025-01-03 14:00:00,500,2.677085168429917,3.4060902528572226,-0.7290050844273055,R1
2025-01-03 15:00:00,500,2.8003881439770377,3.152963134016689,-0.3525749900396513,R1
2025-01-03 16:00:00,500,2.7605010237570915,3.1175273478714973,-0.3570263241144058,R1
2025-01-03 17:00:00,500,2.7397851690317823,3.1537915165667108,-0.4140063475349285,R1
2025-01-03 18:00:00,500,2.7481083683505427,2.9678012984730966,-0.21969293012255386,R1
2025-01-03 19:00:00,500,2.718469364030311,2.9376804288610145,-0.21921106483070352,R1
2025-01-03 20:00:00,500,2.6719015257883822,3.0206253103283816,-0.3487237845399993,R1
2025-01-03 21:00:00,500,2.746636299361864,2.9387211806346887,-0.19208488127282486,R1
2025-01-03 22:00:00,500,2.75875571429016,3.060801565445664,-0.302045851155504,R1
2025-01-03 23:00:00,500,2.806022060563287,3.01675634128955,-0.2107342807262631,R1
2025-01-04 00:00:00,500,2.7204162858047964,2.943994892985515,-0.22357860718071842,R1
2025-01-04 01:00:00,500,2.7258979648863413,3.0076829944365846,-0.2817850295502433,R1
2025-01-04 02:00:00,500,2.654134404341805,3.952255438667148,-1.298121034325343,R1
2025-01-04 03:00:00,500,2.643718143191971,2.977176551668008,-0.33345840847603725,R1
2025-01-04 04:00:00,500,2.7885892467716977,3.053279559315606,-0.2646903125439084,R1
2025-01-04 05:00:00,500,2.985860632901707,3.1864350228567284,-0.20057438995502164,R1
2025-01-04 06:00:00,500,2.704443903056472,3.306017412985171,-0.601573509928699,R1
2025-01-04 07:00:00,500,2.787143634421842,2.9317204568787107,-0.14457682245686865,R1
2025-01-04 08:00:00,500,2.810805430050551,3.0717946736110657,-0.2609892435605148,R1
2025-01-04 09:00:00,500,2.814675326747607,3.0863170489014173,-0.2716417221538103,R1
2025-01-04 10:00:00,500,2.7320768964248408,3.0475891740092904,-0.31551227758444966,R1
2025-01-04 11:00:00,500,2.856811981992197,2.963740958603239,-0.10692897661104217,R1
2025-01-04 12:00:00,500,2.782934219410114,3.050742025506262,-0.26780780609614796,R1
2025-01-04 13:00:00,500,2.78405128285565,3.06340875294096,-0.2793574700853103,R1
2025-01-04 14:00:00,500,2.794957796322177,3.14640124165256,-0.3514434453303834,R1
2025-01-04 15:00:00,500,2.811671123094747,3.080242513279237,-0.26857139018449017,R1
2025-01-04 16:00:00,500,2.8807151306708563,3.123382340936922,-0.24266721026606586,R1
2025-01-04 17:00:00,500,2.8403251291554024,3.252647959782204,-0.41232283062680164,R1
2025-01-04 18:00:00,500,3.0114646684136344,3.1799446841022827,-0.16848001568864834,R1
2025-01-04 19:00:00,500,2.700508669742313,3.280288147687499,-0.5797794779451864,R1
2025-01-04 20:00:00,500,2.734703106570142,2.9964266627247995,-0.26172355615465737,R1
2025-01-04 21:00:00,500,2.8279369816023983,3.5195122785550605,-0.6915752969526623,R1
2025-01-04 22:00:00,500,2.7863350595952925,3.1099543383929404,-0.32361927879764796,R1
2025-01-04 23:00:00,500,2.7958671376772144,3.0928086582109007,-0.2969415205336863,R1
2025-01-05 00:00:00,500,2.764249876461476,3.1146562030864584,-0.3504063266249826,R1
2025-01-05 01:00:00,500,2.728407538750912,3.2756151902794355,-0.5472076515285234,R1
2025-01-05 02:00:00,500,2.762045411707686,3.101350695097391,-0.339305283389705,R1
2025-01-05 03:00:00,500,2.7591079983416464,3.065846263730298,-0.3067382653886517,R1
2025-01-05 04:00:00,500,2.785058762063198,3.1720811598036684,-0.3870223977404703,R1
2025-01-05 05:00:00,500,2.702525179852604,3.012745391022185,-0.3102202111695811,R1
2025-01-05 06:00:00,500,2.8246416508312,2.970059120756543,-0.1454174699253432,R1
2025-01-05 07:00:00,500,2.85223165226606,3.201968741082757,-0.34973708881669685,R1
2025-01-05 08:00:00,500,2.8046150184519845,3.0788810444306343,-0.2742660259786498,R1
2025-01-05 09:00:00,500,2.713954552267466,3.2281399008045417,-0.5141853485370755,R1
2025-01-05 10:00:00,500,2.797506661159473,3.0005186939650965,-0.2030120328056233,R1
2025-01-05 11:00:00,500,2.9273043720473964,3.6201149044445375,-0.6928105323971412,R1
2025-01-05 12:00:00,500,2.743824932239173,3.4707841914183137,-0.7269592591791407,R1
2025-01-05 13:00:00,500,2.8078802039967994,2.990869959778732,-0.18298975578193266,R1
2025-01-05 14:00:00,500,2.7880252950332944,2.988330950862513,-0.20030565582921867,R1
2025-01-05 15:00:00,500,2.731935606915308,3.4498421482396604,-0.7179065413243526,R1
2025-01-05 16:00:00,500,2.8411604874080734,3.5471422114636724,-0.705981724055599,R1
2025-01-05 17:00:00,500,2.951709289538828,3.390157892118952,-0.43844860258012375,R1
2025-01-05 18:00:00,500,2.73372246425326,3.197447068849132,-0.46372460459587206,R1
2025-01-05 19:00:00,500,2.747709824156777,2.9679932608518675,-0.22028343669509054,R1
2025-01-05 20:00:00,500,2.732587797729442,3.2105042310594363,-0.4779164333299941,R1
2025-01-05 21:00:00,500,2.8156965127073845,3.158791259677032,-0.34309474696964726,R1
2025-01-05 22:00:00,500,2.87312632095008,3.1431896276783657,-0.2700633067282858,R1
2025-01-05 23:00:00,500,2.7648390373143514,3.060883447236605,-0.29604440992225367,R1
2025-01-06 00:00:00,500,2.752123802039344,3.142976133850829,-0.39085233181148515,R1
2025-01-06 01:00:00,500,2.7512233366860364,2.9693085512871047,-0.21808521460106833,R1
2025-01-06 02:00:00,500,2.8053398801001617,3.560531611783912,-0.7551917316837504,R1
2025-01-06 03:00:00,500,2.821157352586935,3.1610119311105755,-0.3398545785236404,R1
2025-01-06 04:00:00,500,2.800684307390271,3.3705153330840707,-0.5698310256937997,R1
2025-01-06 05:00:00,500,2.7394266145841435,3.523776129133325,-0.7843495145491817,R1
2025-01-06 06:00:00,500,2.835375049262283,3.2303098295439163,-0.3949347802816332,R1
2025-01-06 07:00:00,500,2.801993409238257,3.187964744644719,-0.3859713354064618,R1
2025-01-06 08:00:00,500,2.932321687820426,3.0630802866431037,-0.13075859882267782,R1
2025-01-06 09:00:00,500,2.771631993805954,3.032595726040749,-0.26096373223479485,R1
2025-01-06 10:00:00,500,2.772041900397509,3.052887710682168,-0.2808458102846587,R1
2025-01-06 11:00:00,500,2.7787405236215137,2.9105728851479697,-0.13183236152645605,R1
2025-01-06 12:00:00,500,2.7791751518385355,3.2144444223963613,-0.4352692705578258,R1
2025-01-06 13:00:00,500,2.929320402776125,3.0043844875408503,-0.07506408476472526,R1
2025-01-06 14:00:00,500,2.835106921196896,3.286844570904671,-0.4517376497077752,R1
2025-01-06 15:00:00,500,2.718007936483314,3.199765822861579,-0.481757886378265,R1
2025-01-06 16:00:00,500,2.704321859284789,3.1483119956349177,-0.44399013635012885,R1
2025-01-06 17:00:00,500,2.644984248689806,3.0771324434702203,-0.4321481947804142,R1
2025-01-06 18:00:00,500,2.754125413615796,3.1121411784572848,-0.3580157648414888,R1
2025-01-06 19:00:00,500,2.772879712592009,3.369804730491221,-0.596925017899212,R1
2025-01-06 20:00:00,500,2.748426655612088,2.983865343563193,-0.23543868795110523,R1
2025-01-06 21:00:00,500,2.713554764823235,3.093988901688439,-0.3804341368652038,R1
2025-01-06 22:00:00,500,2.7653384572744937,3.082037204711154,-0.31669874743666027,R1
2025-01-06 23:00:00,500,2.731597019216007,2.85947107441974,-0.12787405520373296,R1
2025-01-07 00:00:00,500,2.789960227346208,3.465244917511222,-0.675284690165014,R1
2025-01-07 01:00:00,500,2.730218241250394,3.10912404032465,-0.3789057990742557,R1
2025-01-07 02:00:00,500,2.73141984361576,3.1871389863066946,-0.4557191426909344,R1
2025-01-07 03:00:00,500,2.7406246683178703,3.5413701671126208,-0.8007454987947504,R1
2025-01-07 04:00:00,500,2.756239416671073,3.0949547582614665,-0.3387153415903934,R1
2025-01-07 05:00:00,500,2.816690602896829,3.081582178903113,-0.264891576006284,R1
2025-01-07 06:00:00,500,2.815542097973078,3.0780053131026506,-0.2624632151295727,R1
2025-01-07 07:00:00,500,2.8220001641960955,3.143336550899613,-0.3213363867035177,R1
2025-01-07 08:00:00,500,2.7728039111327343,3.2428763228585136,-0.4700724117257793,R1
2025-01-07 09:00:00,500,2.821928739357113,3.316643099314314,-0.49471435995720103,R1
2025-01-07 10:00:00,500,2.739168932256735,3.4631486669221574,-0.7239797346654222,R1
2025-01-07 11:00:00,500,2.6873311356885674,2.917241487984187,-0.22991035229561962,R1
2025-01-07 12:00:00,500,2.7553383828056104,3.0943454933290075,-0.33900711052339716,R1
2025-01-07 13:00:00,500,2.681759729292633,3.081694483309056,-0.3999347540164231,R1
2025-01-07 14:00:00,500,2.6889813979559527,2.882112248357505,-0.1931308504015523,R1
2025-01-07 15:00:00,500,2.7613164943387787,3.084731481140456,-0.32341498680167735,R1
2025-01-07 16:00:00,500,2.7194669979494046,3.0649399002958457,-0.3454729023464411,R1
2025-01-07 17:00:00,500,2.68200424395636,3.0875384938806345,-0.40553424992427445,R1
2025-01-07 18:00:00,500,2.7779137562282616,3.1587227125692205,-0.3808089563409589,R1
2025-01-07 19:00:00,500,2.6765220182351586,3.0104093630464,-0.3338873448112416,R1
2025-01-07 20:00:00,500,2.793274768562478,3.2330745622208474,-0.4397997936583695,R1
2025-01-07 21:00:00,500,2.674697711749032,2.9694229678906057,-0.29472525614157385,R1
2025-01-07 22:00:00,500,2.755459184120748,3.043434055169012,-0.2879748710482639,R1
2025-01-07 23:00:00,500,2.5696503187434145,3.0065398599913644,-0.4368895412479499,R1
2025-01-08 00:00:00,500,2.729661964790368,3.1703623011294986,-0.4407003363391304,R1
2025-01-08 01:00:00,500,2.741249421769248,3.054841338494446,-0.31359191672519815,R1
2025-01-08 02:00:00,500,2.6942938511209387,3.054670004845975,-0.3603761537250363,R1
2025-01-08 03:00:00,500,2.695182542140845,2.9325933588608577,-0.23741081672001263,R1
2025-01-08 04:00:00,500,2.860254999175588,3.119061830188248,-0.2588068310126599,R1
2025-01-08 05:00:00,500,2.8460162846755543,3.083094269354121,-0.23707798467856644,R1
2025-01-08 06:00:00,500,2.8326909507052767,3.0387016989512925,-0.20601074824601584,R1
2025-01-08 07:00:00,500,2.7241207260934277,3.333043252936687,-0.6089225268432594,R1
2025-01-08 08:00:00,500,2.781340896213165,2.9239674472390806,-0.14262655102591548,R1
2025-01-08 09:00:00,500,2.60452675912,2.98136395959759,-0.37683720047758973,R1
2025-01-08 10:00:00,500,2.453204708705324,3.386933046886456,-0.9337283381811319,R1
2025-01-08 11:00:00,500,2.62247635688708,2.8943010334023507,-0.27182467651527054,R1
2025-01-08 12:00:00,500,2.5842329174104237,3.165813372420888,-0.5815804550104642,R1
2025-01-08 13:00:00,500,2.7734094860155385,2.955002736410109,-0.1815932503945703,R1
2025-01-08 14:00:00,500,2.645673202339543,3.043621353536303,-0.39794815119675997,R1
2025-01-08 15:00:00,500,2.5801139973137768,2.906909258817198,-0.3267952615034213,R1
2025-01-08 16:00:00,500,2.5234441704971795,2.9594282630907083,-0.43598409259352877,R1
2025-01-08 17:00:00,500,2.5448026085293387,2.8630850632498297,-0.318282454720491,R1
2025-01-08 18:00:00,500,2.5649185150325966,2.657411390056389,-0.09249287502379255,R1
2025-01-08 19:00:00,500,2.4095812031551684,2.6551693912821603,-0.2455881881269919,R1
2025-01-08 20:00:00,500,2.433741877192347,2.638606396201798,-0.20486451900945069,R1
2025-01-08 21:00:00,500,2.4959262129298385,2.914655043404064,-0.4187288304742256,R1
2025-01-08 22:00:00,500,2.571017403799576,2.771358479113002,-0.20034107531342604,R1
2025-01-08 23:00:00,500,2.5132008087720887,2.754986328280049,-0.24178551950796034,R1
2025-01-09 00:00:00,500,2.452199233982702,2.7888690804300587,-0.33666984644735676,R1
2025-01-09 01:00:00,500,2.5405464362351258,2.856639016191169,-0.316092579956043,R1
2025-01-09 02:00:00,500,2.550169060842576,2.8105591485620254,-0.26039008771944916,R1
2025-01-09 03:00:00,500,2.52939743897881,2.91514834457724,-0.38575090559842984,R1
2025-01-09 04:00:00,500,2.6953101255680774,2.877845465027592,-0.18253533945951483,R1
2025-01-09 05:00:00,500,2.4213691074435104,2.661312267976692,-0.23994316053318165,R1
2025-01-09 06:00:00,500,2.376253378866904,2.9638035803551244,-0.5875502014882206,R1
2025-01-09 07:00:00,500,2.375196389940585,2.904239654875816,-0.5290432649352308,R1
2025-01-09 08:00:00,500,2.3592372710339693,2.7008748577808475,-0.34163758674687816,R1
2025-01-09 09:00:00,500,2.482789777492316,2.7100661814076497,-0.22727640391533344,R1
2025-01-09 10:00:00,500,2.3997504682875714,2.558827848525606,-0.15907738023803475,R1
2025-01-09 11:00:00,500,2.4028216853629374,2.782770308537429,-0.37994862317449174,R1
2025-01-09 12:00:00,500,2.4210758046268537,2.8031087641765877,-0.38203295954973404,R1
2025-01-09 13:00:00,500,2.387302613881329,2.7577561759496296,-0.3704535620683007,R1
2025-01-09 14:00:00,500,2.51686735208486,2.651773700766457,-0.1349063486815969,R1
2025-01-09 15:00:00,500,2.5461808672048303,2.914549635788823,-0.3683687685839927,R1
2025-01-09 16:00:00,500,2.538450287334997,2.832512652293592,-0.29406236495859517,R1
2025-01-09 17:00:00,500,2.4072545075798075,2.6654675222269124,-0.2582130146471049,R1
2025-01-09 18:00:00,500,2.4679195041733903,2.736210178391582,-0.26829067421819186,R1
2025-01-09 19:00:00,500,2.7178662879504936,2.6839843296683408,0.03388195828215279,R3
2025-01-09 20:00:00,500,2.514136244000741,3.32484246621488,-0.8107062222141388,R1
2025-01-09 21:00:00,500,2.420615779898815,2.756912534951165,-0.3362967550523499,R1
2025-01-09 22:00:00,500,2.512986791557838,2.6774458468123576,-0.16445905525451954,R1
2025-01-09 23:00:00,500,2.5327476359369494,2.859319986905727,-0.3265723509687777,R1
2025-01-10 00:00:00,500,2.5374090080990426,2.8514047623547727,-0.3139957542557301,R1
2025-01-10 01:00:00,500,2.516771991546132,3.1987939862157218,-0.6820219946695896,R1
2025-01-10 02:00:00,500,2.487248898892747,2.818512811836381,-0.3312639129436339,R1
2025-01-10 03:00:00,500,2.475329572476974,2.9610703219487453,-0.48574074947177115,R1
2025-01-10 04:00:00,500,2.4878746051457474,2.9070855736905723,-0.41921096854482487,R1
2025-01-10 05:00:00,500,2.502301471628746,2.933752881263425,-0.4314514096346791,R1
2025-01-10 06:00:00,500,2.5840360250790115,2.869111680042422,-0.2850756549634106,R1
2025-01-10 07:00:00,500,2.5185100669117526,2.836961007643014,-0.31845094073126123,R1
2025-01-10 08:00:00,500,2.6860594323425886,2.8374032457016223,-0.15134381335903369,R1
2025-01-10 09:00:00,500,2.500454771651364,2.6863535465658157,-0.18589877491445161,R1
2025-01-10 10:00:00,500,2.42450024237177,2.532000393016883,-0.1075001506451132,R1
2025-01-10 11:00:00,500,2.452069790984596,2.592188251315509,-0.14011846033091313,R1
2025-01-10 12:00:00,500,2.463696881978388,2.542669758298841,-0.07897287632045291,R1
2025-01-10 13:00:00,500,2.3756502794193546,2.6435017836110672,-0.26785150419171266,R1
2025-01-10 14:00:00,500,2.260476407853872,2.5111447350621408,-0.2506683272082686,R1
2025-01-10 15:00:00,500,2.3914529907932462,2.5836941677462164,-0.19224117695297016,R1
2025-01-10 16:00:00,500,2.521000577096813,2.539203105028765,-0.018202527931951984,R1
2025-01-10 17:00:00,500,2.3521545120244984,2.779935989552828,-0.42778147752832973,R1
2025-01-10 18:00:00,500,2.280949718595409,2.771591689876181,-0.4906419712807719,R1
2025-01-10 19:00:00,500,2.423947588790657,2.720763147368052,-0.2968155585773946,R1
2025-01-10 20:00:00,500,2.3998574161585755,2.639165273021691,-0.2393078568631153,R1
2025-01-10 21:00:00,500,2.454174256104061,2.5830842147523194,-0.12890995864825827,R1
2025-01-10 22:00:00,500,2.383581685334792,2.742841701114312,-0.3592600157795198,R1
2025-01-10 23:00:00,500,2.366953408345524,2.601128375642681,-0.23417496729715692,R1
2025-01-11 00:00:00,500,2.5208900947716875,2.6813753404575715,-0.16048524568588407,R1
2025-01-11 01:00:00,500,2.441404845123975,2.6500835729545704,-0.20867872783059527,R1
2025-01-11 02:00:00,500,2.3049343845608785,2.8892154670174293,-0.5842810824565507,R1
2025-01-11 03:00:00,500,2.416471423364694,2.7751658749178474,-0.3586944515531534,R1
2025-01-11 04:00:00,500,2.401732281362408,2.7133448524826345,-0.31161257112022644,R1
2025-01-11 05:00:00,500,2.57029976195174,2.5897832206936027,-0.019483458741862858,R1
2025-01-11 06:00:00,500,2.3577427802919195,2.79668479008476,-0.43894200979284026,R1
2025-01-11 07:00:00,500,2.450435322809461,2.6934638804693867,-0.2430285576599256,R1
2025-01-11 08:00:00,500,2.5254610045274246,2.7558350012440704,-0.23037399671664582,R1
2025-01-11 09:00:00,500,2.3794255898362477,2.6107102867822656,-0.23128469694601783,R1
2025-01-11 10:00:00,500,2.530022879259888,2.7707972784915937,-0.24077439923170596,R1
2025-01-11 11:00:00,500,2.568553039464824,2.866900854440812,-0.29834781497598817,R1
2025-01-11 12:00:00,500,2.611631150908659,2.8235189494459108,-0.21188779853725181,R1
2025-01-11 13:00:00,500,2.8306845017307616,2.7963541637322926,0.03433033799846896,R3
2025-01-11 14:00:00,500,2.6518573346644847,3.006803269358106,-0.35494593469362146,R1
2025-01-11 15:00:00,500,2.638145160166389,2.9870035789944507,-0.3488584188280619,R1
2025-01-11 16:00:00,500,2.744127311827687,3.373179715427037,-0.6290524035993501,R1
2025-01-11 17:00:00,500,2.7008227310198136,3.0623056072936103,-0.3614828762737967,R1
2025-01-11 18:00:00,500,2.5802571710828377,3.093291995322458,-0.5130348242396203,R1
2025-01-11 19:00:00,500,2.704046953365114,2.923584335340496,-0.2195373819753823,R1
2025-01-11 20:00:00,500,2.7912049565190324,3.288919995708583,-0.4977150391895506,R1
2025-01-11 21:00:00,500,2.613167578064685,2.979687769489348,-0.3665201914246632,R1
2025-01-11 22:00:00,500,2.690501496700694,3.063756012806075,-0.37325451610538085,R1
2025-01-11 23:00:00,500,2.621778195433024,3.103839993260112,-0.48206179782708825,R1
2025-01-12 00:00:00,500,2.670685800828457,3.0296693964391626,-0.3589835956107055,R1
2025-01-12 01:00:00,500,2.6715836221394733,3.1236369595948643,-0.452053337455391,R1
2025-01-12 02:00:00,500,2.691428703071004,3.054125554094018,-0.3626968510230144,R1
2025-01-12 03:00:00,500,2.7738442530696363,3.2857380999404966,-0.5118938468708603,R1
2025-01-12 04:00:00,500,2.765053567918612,3.0969555800295137,-0.33190201211090153,R1
2025-01-12 05:00:00,500,2.7337273337383543,3.242853358011136,-0.5091260242727818,R1
2025-01-12 06:00:00,500,2.7966856430690226,3.2096436884607624,-0.41295804539173986,R1
2025-01-12 07:00:00,500,2.818672170429898,3.1438861435141403,-0.32521397308424227,R1
2025-01-12 08:00:00,500,2.7537454069466016,2.929911152383245,-0.1761657454366432,R1
2025-01-12 09:00:00,500,2.7616905649634,3.1664906462945583,-0.4048000813311585,R1
2025-01-12 10:00:00,500,2.780316700924529,3.374200561966324,-0.5938838610417947,R1
2025-01-12 11:00:00,500,2.822111749796328,3.10846881061378,-0.2863570608174517,R1
2025-01-12 12:00:00,500,2.7623523218476294,3.078028200765335,-0.31567587891770543,R1
2025-01-12 13:00:00,500,2.7356053618106944,3.068861663143349,-0.3332563013326548,R1
2025-01-12 14:00:00,500,2.812357655730996,3.150309232554808,-0.3379515768238117,R1
2025-01-12 15:00:00,500,2.6795733225268363,3.0879686965101345,-0.40839537398329817,R1
2025-01-12 16:00:00,500,2.6945457406880267,3.0374298655054366,-0.34288412481740993,R1
2025-01-12 17:00:00,500,2.6529422504889064,2.990713592939706,-0.33777134245079976,R1
2025-01-12 18:00:00,500,2.7282277773503134,2.9379526781283936,-0.20972490077808015,R1
2025-01-12 19:00:00,500,2.669596711666689,2.889909912749496,-0.22031320108280683,R1
2025-01-12 20:00:00,500,2.7274406674633203,3.112271984359324,-0.3848313168960038,R1
2025-01-12 21:00:00,500,2.5846094778637525,3.048059514480107,-0.4634500366163543,R1
2025-01-12 22:00:00,500,2.6440905708380944,3.0308996066472456,-0.38680903580915116,R1
2025-01-12 23:00:00,500,2.6612276096940826,3.0608574758522837,-0.3996298661582012,R1
2025-01-13 00:00:00,500,2.711537702339534,3.0446125363871146,-0.33307483404758065,R1
2025-01-13 01:00:00,500,2.783919983246234,3.4015011948010128,-0.617581211554779,R1
2025-01-13 02:00:00,500,2.655061784418582,2.950199355954609,-0.29513757153602693,R1
2025-01-13 03:00:00,500,2.8451861088250494,3.036022578211898,-0.1908364693868485,R1
2025-01-13 04:00:00,500,2.728572184793695,3.043373856167588,-0.31480167137389303,R1
2025-01-13 05:00:00,500,2.725197327307997,3.104454176291285,-0.3792568489832884,R1
2025-01-13 06:00:00,500,2.619382092976715,2.9755447359179006,-0.3561626429411855,R1
2025-01-13 07:00:00,500,2.8713497070567606,3.0691300391181096,-0.19778033206134893,R1
2025-01-13 08:00:00,500,2.5629873124282523,3.039444993730421,-0.4764576813021688,R1
2025-01-13 09:00:00,500,2.656987872797892,2.972502040681489,-0.31551416788359665,R1
2025-01-13 10:00:00,500,2.6382577827985623,3.022306725382339,-0.38404894258377675,R1
2025-01-13 11:00:00,500,2.637175503192828,3.0302626915989737,-0.39308718840614576,R1
2025-01-13 12:00:00,500,2.949899048824131,2.9949321098682087,-0.04503306104407789,R1
2025-01-13 13:00:00,500,2.7788011565090374,3.3153907310170903,-0.5365895745080529,R1
2025-01-13 14:00:00,500,2.789819583709777,3.620838194743927,-0.8310186110341502,R1
2025-01-13 15:00:00,500,2.7972887762478686,3.332186484896064,-0.5348977086481952,R1
2025-01-13 16:00:00,500,2.723511857471924,3.0673777127589017,-0.3438658552869778,R1
2025-01-13 17:00:00,500,2.777774949739685,3.312020764277966,-0.5342458145382811,R1
2025-01-13 18:00:00,500,2.692323056257498,3.114432765601566,-0.4221097093440682,R1
2025-01-13 19:00:00,500,2.702922084816076,2.988029846008214,-0.2851077611921382,R1
2025-01-13 20:00:00,500,2.712640702360623,3.251139445949057,-0.5384987435884341,R1
2025-01-13 21:00:00,500,2.7061914209056344,3.0088093449438165,-0.3026179240381821,R1
2025-01-13 22:00:00,500,2.883819725024708,3.163919346515568,-0.28009962149086,R1
2025-01-13 23:00:00,500,2.720755760157717,3.0005131755499943,-0.2797574153922775,R1
2025-01-14 00:00:00,500,2.6942099365942203,3.1824871995748056,-0.4882772629805854,R1
2025-01-14 01:00:00,500,2.8531185550045577,3.211245005397924,-0.3581264503933661,R1
2025-01-14 02:00:00,500,2.715451606196506,3.1392528647507905,-0.4238012585542843,R1
2025-01-14 03:00:00,500,2.798531369507048,3.052206508471952,-0.2536751389649039,R1
2025-01-14 04:00:00,500,2.887256170673853,3.1692249837435567,-0.28196881306970356,R1
2025-01-14 05:00:00,500,2.7879037720974,3.056158808376983,-0.26825503627958325,R1
2025-01-14 06:00:00,500,2.698816917560571,3.1304893893740924,-0.4316724718135214,R1
2025-01-14 07:00:00,500,2.736337384418573,3.0544886189391462,-0.31815123452057303,R1
2025-01-14 08:00:00,500,2.6763086978069084,3.101642406733889,-0.4253337089269804,R1
2025-01-14 09:00:00,500,2.68535797374977,2.8919182204625664,-0.2065602467127965,R1
2025-01-14 10:00:00,500,2.745837321271732,3.1003140768259607,-0.35447675555422853,R1
2025-01-14 11:00:00,500,2.6617594609420814,2.974465004960966,-0.31270554401888484,R1
2025-01-14 12:00:00,500,2.6401168684143768,3.0882340411454807,-0.44811717273110396,R1
2025-01-14 13:00:00,500,2.647729529804318,2.8392249647611503,-0.19149543495683208,R1
2025-01-14 14:00:00,500,2.645416235628809,3.2207499468822154,-0.5753337112534065,R1
2025-01-14 15:00:00,500,2.675404549750608,3.014686792033729,-0.339282242283121,R1
2025-01-14 16:00:00,500,2.6091586022466187,2.923236823203264,-0.3140782209566453,R1
2025-01-14 17:00:00,500,2.575823241418332,3.080464693978666,-0.504641452560334,R1
2025-01-14 18:00:00,500,2.5373381604983125,3.028757572540624,-0.49141941204231143,R1
2025-01-14 19:00:00,500,2.6437961493985886,2.9564246266052283,-0.31262847720663967,R1
2025-01-14 20:00:00,500,2.554214356484791,2.878612115234293,-0.32439775874950216,R1
2025-01-14 21:00:00,500,2.517270962484272,2.9517332313562408,-0.4344622688719686,R1
2025-01-14 22:00:00,500,2.5632228126533487,2.8646466628063263,-0.30142385015297757,R1
2025-01-14 23:00:00,500,2.549642139081485,2.933065106106892,-0.38342296702540724,R1
2025-01-15 00:00:00,500,2.5575784445764658,2.758431608202237,-0.2008531636257711,R1
2025-01-15 01:00:00,500,2.557079938226607,2.878193941932176,-0.32111400370556886,R1
2025-01-15 02:00:00,500,2.5987649427416857,3.103360175541624,-0.5045952327999381,R1
2025-01-15 03:00:00,500,2.535095068497626,2.8353750926324537,-0.3002800241348278,R1
2025-01-15 04:00:00,500,2.4431539434350724,2.9016006638740084,-0.458446720438936,R1
2025-01-15 05:00:00,500,2.63098707896224,2.853249362431676,-0.2222622834694361,R1
2025-01-15 06:00:00,500,2.6176781176793766,3.067583057552892,-0.44990493987351554,R1
2025-01-15 07:00:00,500,2.6829191461830844,3.0377070731747065,-0.3547879269916221,R1
2025-01-15 08:00:00,500,2.6985838985964112,3.0121783303281173,-0.3135944317317061,R1
2025-01-15 09:00:00,500,2.6311495793248567,2.763098794832425,-0.13194921550756833,R1
2025-01-15 10:00:00,500,2.642952005407291,2.999690703895911,-0.3567386984886203,R1
2025-01-15 11:00:00,500,2.6019989852543177,2.795963652185522,-0.1939646669312043,R1
2025-01-15 12:00:00,500,2.5509349584416685,2.8972877197854743,-0.34635276134380577,R1
2025-01-15 13:00:00,500,2.5455117873591955,2.7868158728003114,-0.24130408544111592,R1
2025-01-15 14:00:00,500,2.6507155435409637,2.977221197849685,-0.32650565430872147,R1
2025-01-15 15:00:00,500,2.753187895282782,2.716330851220938,0.03685704406184431,R3
2025-01-15 16:00:00,500,2.6628417155004547,3.076423023317345,-0.4135813078168904,R1
2025-01-15 17:00:00,500,2.5386530172048296,3.0929591822445928,-0.5543061650397632,R1
2025-01-15 18:00:00,500,2.618593263857782,2.798306448202562,-0.1797131843447799,R1
2025-01-15 19:00:00,500,2.783018816495865,2.7357611874228067,0.047257629073058194,R3
2025-01-15 20:00:00,500,2.4769474899167334,2.8971138828078447,-0.42016639289111124,R1
2025-01-15 21:00:00,500,2.590983937420192,3.167344156433318,-0.5763602190131256,R1
2025-01-15 22:00:00,500,2.464679863507623,2.918123332856433,-0.4534434693488101,R1
2025-01-15 23:00:00,500,2.532907016762219,2.9437166311730536,-0.41080961441083463,R1
2025-01-16 00:00:00,500,2.4637754864128474,2.989061623129388,-0.5252861367165407,R1
2025-01-16 01:00:00,500,2.5668120743589253,2.951999801930431,-0.3851877275715059,R1
2025-01-16 02:00:00,500,2.571379611855293,2.671441136367981,-0.10006152451268813,R1
2025-01-16 03:00:00,500,2.4151649519866,3.030573690363274,-0.615408738376674,R1
2025-01-16 04:00:00,500,2.526340579649378,2.8111347053866385,-0.2847941257372604,R1
2025-01-16 05:00:00,500,2.5397830832408226,2.905763826275762,-0.3659807430349393,R1
2025-01-16 06:00:00,500,2.6024009974996143,2.850019307041366,-0.2476183095417519,R1
2025-01-16 07:00:00,500,2.492817288001428,2.962998844357552,-0.470181556356124,R1
2025-01-16 08:00:00,500,2.6424380422593567,3.0300743768329683,-0.3876363345736116,R1
2025-01-16 09:00:00,500,2.752952026206493,2.9278362733652523,-0.17488424715875928,R1
2025-01-16 10:00:00,500,2.60427681745843,2.8050912050751795,-0.20081438761674963,R1
2025-01-16 11:00:00,500,2.7297358267023677,2.9665087189421038,-0.23677289223973608,R1
2025-01-16 12:00:00,500,3.044823550164696,3.162394441624136,-0.11757089145943977,R1
2025-01-16 13:00:00,500,2.763875715151256,3.037528269878156,-0.27365255472689975,R1
2025-01-16 14:00:00,500,2.770726784714983,3.072939242962037,-0.302212458247054,R1
2025-01-16 15:00:00,500,2.7541099484097247,2.958342206789083,-0.20423225837935854,R1
2025-01-16 16:00:00,500,2.643565925420252,3.1662989432949646,-0.5227330178747125,R1
2025-01-16 17:00:00,500,2.712132466356757,3.0626852077842863,-0.3505527414275291,R1
2025-01-16 18:00:00,500,2.760037697995048,3.2853287235662827,-0.5252910255712346,R1
2025-01-16 19:00:00,500,2.856308614673325,3.156581917037097,-0.30027330236377203,R1
2025-01-16 20:00:00,500,2.7038650345346267,3.003375332532604,-0.2995102979979771,R1
2025-01-16 21:00:00,500,2.9228001267749137,3.113343806389341,-0.1905436796144273,R1
2025-01-16 22:00:00,500,2.665571516322553,2.983812995882449,-0.3182414795598958,R1
2025-01-16 23:00:00,500,2.705598742214767,2.9541769925307872,-0.2485782503160201,R1
2025-01-17 00:00:00,500,2.679990715444734,3.4105274861631822,-0.730536770718448,R1
2025-01-17 01:00:00,500,2.7486462502162583,2.979570877463655,-0.2309246272473966,R1
2025-01-17 02:00:00,500,2.6972997582848106,3.169594091920846,-0.47229433363603546,R1
2025-01-17 03:00:00,500,2.8142213478670954,3.191820284967357,-0.3775989371002617,R1
2025-01-17 04:00:00,500,2.841685717762717,3.0586886546082983,-0.21700293684558147,R1
2025-01-17 05:00:00,500,2.809630047087033,3.201742270802792,-0.39211222371575927,R1
2025-01-17 06:00:00,500,2.805186806049026,3.138911426993107,-0.33372462094408073,R1
2025-01-17 07:00:00,500,2.823082201226674,3.0833598708105185,-0.2602776695838447,R1
2025-01-17 08:00:00,500,2.79712050769464,3.0891956961527054,-0.29207518845806524,R1
2025-01-17 09:00:00,500,2.764483450307978,3.229734185218844,-0.4652507349108661,R1
2025-01-17 10:00:00,500,2.8844376135890637,3.1478577858429686,-0.2634201722539049,R1
2025-01-17 11:00:00,500,2.8327640505902982,3.0926338845741927,-0.2598698339838945,R1
2025-01-17 12:00:00,500,2.792797919130391,3.0794073510324425,-0.28660943190205135,R1
2025-01-17 13:00:00,500,2.836009822969312,4.059549190287135,-1.223539367317823,R1
2025-01-17 14:00:00,500,2.865529681309148,3.102833918704132,-0.23730423739498363,R1
2025-01-17 15:00:00,500,2.781906983630615,2.9276143414140883,-0.14570735778347332,R1
2025-01-17 16:00:00,500,2.8395926669828566,3.2766356543021677,-0.4370429873193111,R1
2025-01-17 17:00:00,500,2.838369877367164,3.162531048130325,-0.3241611707631611,R1
2025-01-17 18:00:00,500,2.9734533898355084,3.241866053456418,-0.26841266362090943,R1
2025-01-17 19:00:00,500,2.71571214402664,3.4693358817167126,-0.7536237376900727,R1
2025-01-17 20:00:00,500,2.764229220779406,3.096352248622681,-0.33212302784327496,R1
2025-01-17 21:00:00,500,2.7931940249467453,3.302943932797284,-0.5097499078505385,R1
2025-01-17 22:00:00,500,2.765066491989409,3.1166843984577226,-0.3516179064683138,R1
2025-01-17 23:00:00,500,2.8266187855581757,3.0697626256988837,-0.243143840140708,R1
2025-01-18 00:00:00,500,2.6886253647714677,3.175381039934433,-0.48675567516296514,R1
2025-01-18 01:00:00,500,2.869464079324096,3.2639340387473204,-0.3944699594232244,R1
2025-01-18 02:00:00,500,2.888623616216269,3.1607180258282943,-0.27209440961202525,R1
2025-01-18 03:00:00,500,2.769930341838152,3.121030398305779,-0.3511000564676272,R1
2025-01-18 04:00:00,500,2.889446974670064,3.1189812602429536,-0.22953428557288946,R1
2025-01-18 05:00:00,500,2.864960969001928,3.3310383230409086,-0.46607735403898065,R1
2025-01-18 06:00:00,500,2.912353508000124,3.1732722597888943,-0.2609187517887701,R1
2025-01-18 07:00:00,500,2.759699887848564,3.437488450771361,-0.6777885629227969,R1
2025-01-18 08:00:00,500,2.840338657108188,3.1813906966330068,-0.3410520395248189,R1
2025-01-18 09:00:00,500,2.9068200302596705,3.1109772342829483,-0.20415720402327775,R1
2025-01-18 10:00:00,500,2.8345854811007904,3.0956907204969237,-0.2611052393961333,R1
2025-01-18 11:00:00,500,2.773622666760457,3.1923365801201022,-0.41871391335964514,R1
2025-01-18 12:00:00,500,2.831848811900921,3.149420515405939,-0.31757170350501784,R1
2025-01-18 13:00:00,500,2.86952427524391,3.2456073517595305,-0.37608307651562045,R1
2025-01-18 14:00:00,500,2.8777945727825798,3.0877730509124377,-0.20997847812985793,R1
2025-01-18 15:00:00,500,2.8208356641522805,3.092010562620021,-0.27117489846774046,R1
2025-01-18 16:00:00,500,2.807610694338701,3.07450297307946,-0.2668922787407588,R1
2025-01-18 17:00:00,500,2.828584653750201,3.2337593627704964,-0.4051747090202955,R1
2025-01-18 18:00:00,500,2.7378882138008365,3.5049203898919488,-0.7670321760911123,R1
2025-01-18 19:00:00,500,2.793677744046985,3.183202183731848,-0.38952443968486294,R1
2025-01-18 20:00:00,500,2.743210607524696,3.086170648182468,-0.34296004065777197,R1
2025-01-18 21:00:00,500,2.837555751131671,2.97128674940266,-0.1337309982709889,R1
2025-01-18 22:00:00,500,2.699219847804784,3.0255485010578647,-0.3263286532530807,R1
2025-01-18 23:00:00,500,2.8522450980024625,3.042734095672756,-0.1904889976702937,R1
2025-01-19 00:00:00,500,2.741649327177954,3.131322158821089,-0.38967283164313526,R1
2025-01-19 01:00:00,500,2.7567894333500558,3.086625676836084,-0.329836243486028,R1
2025-01-19 02:00:00,500,2.757084304513928,2.9913197464822376,-0.23423544196830948,R1
2025-01-19 03:00:00,500,2.735876906652624,3.109102465619039,-0.37322555896641507,R1
2025-01-19 04:00:00,500,2.768328195870225,3.252972979725807,-0.4846447838555821,R1
2025-01-19 05:00:00,500,2.8192631923474174,3.0315849828501977,-0.21232179050278033,R1
2025-01-19 06:00:00,500,2.82372351622408,3.318386912650773,-0.4946633964266929,R1
2025-01-19 07:00:00,500,2.8230914128270697,2.9969944659476373,-0.17390305312056764,R1
2025-01-19 08:00:00,500,2.7324250104001577,3.005552096081608,-0.27312708568145005,R1
2025-01-19 09:00:00,500,2.840071269194613,3.4123858251227497,-0.5723145559281368,R1
2025-01-19 10:00:00,500,2.8460714479113487,3.0505889350248245,-0.20451748711347584,R1
2025-01-19 11:00:00,500,2.8583734570923864,3.088110101112895,-0.22973664402050842,R1
2025-01-19 12:00:00,500,2.790376477313956,3.0043687988982835,-0.21399232158432735,R1
2025-01-19 13:00:00,500,2.8294902785167864,3.205085944604374,-0.37559566608758743,R1
2025-01-19 14:00:00,500,2.7107854747657014,3.043006844644557,-0.33222136987885564,R1
2025-01-19 15:00:00,500,2.7673015565155583,3.097351292635865,-0.33004973612030675,R1
2025-01-19 16:00:00,500,2.869124879196896,3.3526750993122336,-0.48355022011533766,R1
2025-01-19 17:00:00,500,2.661215198088961,3.1465023851733886,-0.48528718708442753,R1
2025-01-19 18:00:00,500,2.7390262415512896,3.00985805156193,-0.2708318100106406,R1
2025-01-19 19:00:00,500,2.732743504257262,3.0548922608540123,-0.32214875659675046,R1
2025-01-19 20:00:00,500,2.7730328723909308,2.932920141562682,-0.15988726917175144,R1
2025-01-19 21:00:00,500,2.742511692012028,3.060588604930555,-0.318076912918527,R1
2025-01-19 22:00:00,500,2.696879371565902,3.057067843817082,-0.3601884722511799,R1
2025-01-19 23:00:00,500,2.6284799459828645,3.050272831995712,-0.4217928860128475,R1
2025-01-20 00:00:00,500,2.7896979225381906,3.147585409739087,-0.35788748720089636,R1
2025-01-20 01:00:00,500,2.7782724563193133,3.2248778081014,-0.4466053517820865,R1
2025-01-20 02:00:00,500,2.734028677906268,3.1541683122274016,-0.42013963432113366,R1
2025-01-20 03:00:00,500,2.7921125371280744,2.98797251142238,-0.19585997429430568,R1
2025-01-20 04:00:00,500,2.790598416856897,3.0951931666878254,-0.30459474983092827,R1
2025-01-20 05:00:00,500,2.7147983498297923,2.932446936788102,-0.21764858695830958,R1
2025-01-20 06:00:00,500,2.7287201901215794,4.243466717329164,-1.5147465272075844,R1
2025-01-20 07:00:00,500,2.70991329341118,3.431498340558163,-0.7215850471469829,R1
2025-01-20 08:00:00,500,2.744866273063835,3.116764635091114,-0.37189836202727866,R1
2025-01-20 09:00:00,500,2.803644836572602,3.183781442709832,-0.38013660613723,R1
2025-01-20 10:00:00,500,2.7721650314721766,3.168081314595369,-0.39591628312319216,R1
2025-01-20 11:00:00,500,2.75542264077526,3.2841216235976973,-0.5286989828224375,R1
2025-01-20 12:00:00,500,2.7762148061240266,3.0809740476854643,-0.30475924156143774,R1
2025-01-20 13:00:00,500,2.8020225720187324,3.2487428676927728,-0.44672029567404037,R1
2025-01-20 14:00:00,500,2.72148769036822,3.192621247385301,-0.47113355701708093,R1
2025-01-20 15:00:00,500,2.727332220555191,3.0157645708375678,-0.2884323502823767,R1
2025-01-20 16:00:00,500,2.8198908372569496,3.1161147764904,-0.2962239392334505,R1
2025-01-20 17:00:00,500,2.668339740180056,3.107880870546824,-0.43954113036676823,R1
2025-01-20 18:00:00,500,2.748761763784137,3.1134893653009192,-0.3647276015167824,R1
2025-01-20 19:00:00,500,2.7130594022413987,3.020727210311081,-0.3076678080696822,R1
2025-01-20 20:00:00,500,2.8452158873165354,3.133018579673468,-0.2878026923569328,R1
2025-01-20 21:00:00,500,2.6831742240689294,3.181102229688172,-0.4979280056192428,R1
2025-01-20 22:00:00,500,2.680324231352516,3.190977161812254,-0.510652930459738,R1
2025-01-20 23:00:00,500,2.6975304252008185,3.114240976174896,-0.4167105509740776,R1
2025-01-21 00:00:00,500,2.779367991002352,3.2083897610479943,-0.42902177004564246,R1
2025-01-21 01:00:00,500,2.7540472852699205,3.0411155414506843,-0.2870682561807638,R1
2025-01-21 02:00:00,500,2.7407070220197776,3.054203832887353,-0.3134968108675755,R1
2025-01-21 03:00:00,500,2.861514598404602,3.1020534414682297,-0.24053884306362772,R1
2025-01-21 04:00:00,500,2.771724612850736,3.0701163143042014,-0.2983917014534656,R1
2025-01-21 05:00:00,500,2.762567556011268,3.1322756988445146,-0.3697081428332467,R1
2025-01-21 06:00:00,500,2.7670942017008704,3.5457533677418387,-0.7786591660409683,R1
2025-01-21 07:00:00,500,2.842599759992536,3.1479739564272413,-0.3053741964347054,R1
2025-01-21 08:00:00,500,2.7406429785262683,3.1209491052583203,-0.380306126732052,R1
2025-01-21 09:00:00,500,2.6810345731851486,2.9935487481787635,-0.3125141749936149,R1
2025-01-21 10:00:00,500,2.790394687815921,3.1294432606897478,-0.3390485728738266,R1
2025-01-21 11:00:00,500,2.829142456942838,3.0494022194473684,-0.2202597625045306,R1
2025-01-21 12:00:00,500,2.784153824220746,3.1400165129344457,-0.3558626887136995,R1
2025-01-21 13:00:00,500,2.782860773795412,3.0854478940285808,-0.3025871202331687,R1
2025-01-21 14:00:00,500,2.797879360635792,2.994870758995393,-0.196991398359601,R1
2025-01-21 15:00:00,500,2.705418967567821,3.029708951754228,-0.3242899841864073,R1
2025-01-21 16:00:00,500,2.826201591293442,3.2591839493288037,-0.4329823580353618,R1
2025-01-21 17:00:00,500,2.734162688005504,3.159273700210284,-0.4251110122047801,R1
2025-01-21 18:00:00,500,2.7824967668200213,3.10786307056434,-0.32536630374431885,R1
2025-01-21 19:00:00,500,2.756642076167688,3.076796217812381,-0.3201541416446929,R1
2025-01-21 20:00:00,500,2.7746944904923714,3.064612958211306,-0.2899184677189348,R1
2025-01-21 21:00:00,500,2.7507100151079924,3.1547206033998254,-0.404010588291833,R1
2025-01-21 22:00:00,500,2.7898960931437986,3.0715354436287856,-0.281639350484987,R1
2025-01-21 23:00:00,500,2.813503740768257,3.1672773122800053,-0.3537735715117485,R1
2025-01-22 00:00:00,500,2.8186558528119496,3.37549575115297,-0.5568398983410203,R1
2025-01-22 01:00:00,500,2.6783134159463406,3.1981737552884053,-0.5198603393420647,R1
2025-01-22 02:00:00,500,2.800562021487358,3.1331876548017026,-0.3326256333143447,R1
2025-01-22 03:00:00,500,2.776486974189202,3.202204745938628,-0.4257177717494258,R1
2025-01-22 04:00:00,500,2.783183799105186,3.3357025892471976,-0.5525187901420114,R1
2025-01-22 05:00:00,500,2.882263606584893,3.173623663875138,-0.29136005729024506,R1
2025-01-22 06:00:00,500,2.924908979704957,3.139114297499136,-0.21420531779417917,R1
2025-01-22 07:00:00,500,2.738799595252567,3.1404135348343125,-0.4016139395817455,R1
2025-01-22 08:00:00,500,2.84017717450452,3.1476374316250006,-0.30746025712048075,R1
2025-01-22 09:00:00,500,2.822641827337004,2.9320775101312955,-0.10943568279429128,R1
2025-01-22 10:00:00,500,2.760464432335662,3.135122682525778,-0.3746582501901159,R1
2025-01-22 11:00:00,500,2.8431175330884426,3.292510791369049,-0.4493932582806064,R1
2025-01-22 12:00:00,500,2.822047151507308,3.081723810962774,-0.25967665945546603,R1
2025-01-22 13:00:00,500,2.8298319712796736,3.398795944954598,-0.5689639736749244,R1
2025-01-22 14:00:00,500,3.084282976265132,3.153295840057836,-0.06901286379270433,R1
2025-01-22 15:00:00,500,2.8016298665422874,3.201632747506749,-0.40000288096446157,R1
2025-01-22 16:00:00,500,2.8023381306166404,3.07415698195286,-0.2718188513362194,R1
2025-01-22 17:00:00,500,2.8691467324382924,3.186108690346656,-0.31696195790836335,R1
2025-01-22 18:00:00,500,2.7606937836722665,3.017874571726061,-0.25718078805379463,R1
2025-01-22 19:00:00,500,2.8297515985614763,3.059328292185153,-0.2295766936236765,R1
2025-01-22 20:00:00,500,2.7757172244375274,3.048711921988233,-0.2729946975507054,R1
2025-01-22 21:00:00,500,2.7457733679924523,3.077127866103381,-0.33135449811092865,R1
2025-01-22 22:00:00,500,2.740306002374808,3.235039570567838,-0.49473356819303005,R1
2025-01-22 23:00:00,500,2.8109127184948868,3.331237500218267,-0.5203247817233803,R1
2025-01-23 00:00:00,500,2.7437506187456813,3.1040124125016817,-0.3602617937560004,R1
2025-01-23 01:00:00,500,2.7464008975356267,3.282630814537895,-0.5362299170022684,R1
2025-01-23 02:00:00,500,2.729084590253077,2.994772450414588,-0.26568786016151114,R1
2025-01-23 03:00:00,500,2.7541153567396117,3.236630713994473,-0.4825153572548615,R1
2025-01-23 04:00:00,500,2.7821631319585194,2.9399668234882927,-0.15780369152977336,R1
2025-01-23 05:00:00,500,2.6880680447619003,3.398301012172699,-0.7102329674107986,R1
2025-01-23 06:00:00,500,2.713761275125991,3.096509426000867,-0.382748150874876,R1
2025-01-23 07:00:00,500,2.7983074664903778,3.069169609146373,-0.2708621426559952,R1
2025-01-23 08:00:00,500,2.7006709913590043,2.95678430104098,-0.25611330968197565,R1
2025-01-23 09:00:00,500,2.715773143360892,3.2680675255281737,-0.5522943821672817,R1
2025-01-23 10:00:00,500,2.652744954545158,3.1262536642945564,-0.4735087097493986,R1
2025-01-23 11:00:00,500,2.723860631457472,3.041215143237089,-0.31735451177961727,R1
2025-01-23 12:00:00,500,2.877556281644442,3.1546375915364853,-0.27708130989204305,R1
2025-01-23 13:00:00,500,2.6968795365017373,2.960411350011785,-0.26353181351004773,R1
2025-01-23 14:00:00,500,2.7076869827014,2.985877040833813,-0.27819005813241304,R1
2025-01-23 15:00:00,500,2.9002886665886205,3.069836586872777,-0.16954792028415655,R1
2025-01-23 16:00:00,500,2.724074049747889,3.146487764066977,-0.42241371431908803,R1
2025-01-23 17:00:00,500,2.7046912891351886,3.0670923176449723,-0.3624010285097836,R1
2025-01-23 18:00:00,500,2.732290728841027,3.062434746154852,-0.3301440173138248,R1
2025-01-23 19:00:00,500,2.6859342259723955,3.387146901922716,-0.7012126759503206,R1
2025-01-23 20:00:00,500,2.8057962251283914,2.9488939333321897,-0.1430977082037983,R1
2025-01-23 21:00:00,500,2.736416522877451,3.099620955453699,-0.36320443257624824,R1
2025-01-23 22:00:00,500,2.801878184937169,3.086116742916187,-0.28423855797901787,R1
2025-01-23 23:00:00,500,2.7852005334742143,3.1700416107673943,-0.38484107729318007,R1
2025-01-24 00:00:00,500,2.7268213211491523,3.129415890058195,-0.40259456890904266,R1
2025-01-24 01:00:00,500,2.731541679124865,3.067322302867288,-0.33578062374242323,R1
2025-01-24 02:00:00,500,2.706209338854228,3.0613905786135773,-0.35518123975934923,R1
2025-01-24 03:00:00,500,2.783425117772925,2.97873184224139,-0.1953067244684652,R1
2025-01-24 04:00:00,500,2.6887302521761547,2.947546516492868,-0.25881626431671334,R1
2025-01-24 05:00:00,500,2.794549089294628,2.843274360810835,-0.04872527151620698,R1
2025-01-24 06:00:00,500,2.687159905604556,3.143894330665588,-0.4567344250610321,R1
2025-01-24 07:00:00,500,2.707198580491096,3.236018526418445,-0.5288199459273488,R1
2025-01-24 08:00:00,500,2.684366823168641,3.034131031276233,-0.349764208107592,R1
2025-01-24 09:00:00,500,2.6728222629836145,3.079758920469544,-0.40693665748592966,R1
2025-01-24 10:00:00,500,2.758158349006596,3.047543756459073,-0.2893854074524769,R1
2025-01-24 11:00:00,500,2.669920329486657,3.0906864615371448,-0.42076613205048785,R1
2025-01-24 12:00:00,500,2.7154936708086432,3.12096898950547,-0.40547531869682674,R1
2025-01-24 13:00:00,500,2.7655713034675045,3.1050639407195,-0.3394926372519955,R1
2025-01-24 14:00:00,500,2.7609709429764715,3.085717387009044,-0.3247464440325727,R1
2025-01-24 15:00:00,500,2.7226424890237317,2.984065254024517,-0.26142276500078543,R1
2025-01-24 16:00:00,500,2.80770288276501,3.02711348458232,-0.2194106018173101,R1
2025-01-24 17:00:00,500,2.690816415241756,3.0182326366239742,-0.32741622138221826,R1
2025-01-24 18:00:00,500,2.8206380822843866,2.9230849180810763,-0.10244683579668967,R1
2025-01-24 19:00:00,500,2.809232161260294,3.160492811157344,-0.35126064989704986,R1
2025-01-24 20:00:00,500,2.7092336931938843,3.209523249564558,-0.5002895563706735,R1
2025-01-24 21:00:00,500,2.680017385715775,3.2562514851877062,-0.576234099471931,R1
2025-01-24 22:00:00,500,2.7087274166942805,3.0201814933456,-0.3114540766513194,R1
2025-01-24 23:00:00,500,2.734393471413022,3.017556004433966,-0.2831625330209442,R1
2025-01-25 00:00:00,500,2.705563999253207,3.002392466598773,-0.2968284673455659,R1
2025-01-25 01:00:00,500,2.74761445901778,2.97609965362242,-0.22848519460464,R1
2025-01-25 02:00:00,500,2.7941062971897344,3.0936075583968177,-0.2995012612070833,R1
2025-01-25 03:00:00,500,2.8147795116561056,3.2299226115826767,-0.41514309992657106,R1
2025-01-25 04:00:00,500,2.737066655588872,2.999183695596148,-0.2621170400072761,R1
2025-01-25 05:00:00,500,2.9051793113513047,3.0510561743867664,-0.14587686303546166,R1
2025-01-25 06:00:00,500,2.543854640254155,2.9745024662806507,-0.43064782602649565,R1
2025-01-25 07:00:00,500,2.6806410001464034,3.135120062125334,-0.4544790619789305,R1
2025-01-25 08:00:00,500,2.7211295067330465,3.6740346229823393,-0.9529051162492927,R1
2025-01-25 09:00:00,500,2.7967480124467783,2.9896279032481354,-0.19287989080135715,R1
2025-01-25 10:00:00,500,2.858418406445548,2.940459631958644,-0.082041225513096,R1
2025-01-25 11:00:00,500,2.676144232300502,3.031309277024806,-0.3551650447243042,R1
2025-01-25 12:00:00,500,2.63302564077113,2.996970588881392,-0.3639449481102619,R1
2025-01-25 13:00:00,500,2.665860108426151,2.9997189107481885,-0.33385880232203746,R1
2025-01-25 14:00:00,500,2.684618862003352,2.892609766835905,-0.207990904832553,R1
2025-01-25 15:00:00,500,2.5845623462069933,2.7257689723063288,-0.14120662609933543,R1
2025-01-25 16:00:00,500,2.4667158692415456,2.742969223655215,-0.27625335441366916,R1
2025-01-25 17:00:00,500,2.4043167059634363,2.845841256456355,-0.4415245504929186,R1
2025-01-25 18:00:00,500,2.4967984861823123,2.642659048355864,-0.1458605621735516,R1
2025-01-25 19:00:00,500,2.4905198122616774,2.81879728915746,-0.3282774768957828,R1
2025-01-25 20:00:00,500,2.4069679952902634,2.8253282910220268,-0.41836029573176337,R1
2025-01-25 21:00:00,500,2.484356602004448,2.7211238096882555,-0.23676720768380743,R1
2025-01-25 22:00:00,500,2.431178022371013,2.697668371179192,-0.2664903488081789,R1
2025-01-25 23:00:00,500,2.355820191371391,2.8012233938634297,-0.44540320249203846,R1
2025-01-26 00:00:00,500,2.5345522371739926,2.6821552821963563,-0.14760304502236377,R1
2025-01-26 01:00:00,500,2.3458292388322453,2.6810487433657952,-0.33521950453355,R1
2025-01-26 02:00:00,500,2.462056346971237,2.8133884271860152,-0.35133208021477813,R1
2025-01-26 03:00:00,500,2.3753032951331354,2.827592363860684,-0.4522890687275485,R1
2025-01-26 04:00:00,500,2.582675433159056,2.842468972540136,-0.2597935393810804,R1
2025-01-26 05:00:00,500,2.541925742992828,2.8651452073915578,-0.3232194643987296,R1
2025-01-26 06:00:00,500,2.5147174221891198,2.8221264811582114,-0.30740905896909165,R1
2025-01-26 07:00:00,500,2.6030332686470774,2.830022761972673,-0.2269894933255956,R1
2025-01-26 08:00:00,500,2.6895828021153467,2.949066581205858,-0.2594837790905111,R1
2025-01-26 09:00:00,500,2.4601850319074314,2.8640320122911165,-0.40384698038368505,R1
2025-01-26 10:00:00,500,2.5176785233414223,2.901493833952101,-0.38381531061067875,R1
2025-01-26 11:00:00,500,2.6485072647162404,2.820506879901129,-0.17199961518488838,R1
2025-01-26 12:00:00,500,2.7579552683189537,2.8561522016809224,-0.09819693336196877,R1
2025-01-26 13:00:00,500,2.688977881973684,2.8314949039558117,-0.1425170219821279,R1
2025-01-26 14:00:00,500,2.684269563793366,2.95081689350312,-0.26654732970975425,R1
2025-01-26 15:00:00,500,2.7647584809360097,3.1052286755543803,-0.3404701946183706,R1
2025-01-26 16:00:00,500,2.800401532715721,3.1344198276884807,-0.3340182949727599,R1
2025-01-26 17:00:00,500,2.642666998968997,3.285485253384464,-0.642818254415467,R1
2025-01-26 18:00:00,500,2.813997713911147,3.1555720424840903,-0.3415743285729431,R1
2025-01-26 19:00:00,500,2.714625130571146,3.125662727497751,-0.4110375969266049,R1
2025-01-26 20:00:00,500,2.735171374866172,3.1847583328539377,-0.4495869579877656,R1
2025-01-26 21:00:00,500,2.7618508206443804,3.2626680629807487,-0.5008172423363684,R1
2025-01-26 22:00:00,500,2.762617509756579,3.181328401453302,-0.41871089169672304,R1
2025-01-26 23:00:00,500,2.8103303330983147,3.26058111624108,-0.45025078314276534,R1
2025-01-27 00:00:00,500,2.7444045489722337,3.5183781457874783,-0.7739735968152446,R1
2025-01-27 01:00:00,500,2.8576555383281765,3.3348770803188037,-0.47722154199062716,R1
2025-01-27 02:00:00,500,2.784550267010567,3.146786805644357,-0.36223653863379024,R1
2025-01-27 03:00:00,500,2.859579902356541,3.1230598642650915,-0.2634799619085504,R1
2025-01-27 04:00:00,500,2.692502272645476,3.179452894331097,-0.486950621685621,R1
2025-01-27 05:00:00,500,2.9009876879676857,3.052224797146411,-0.15123710917872524,R1
2025-01-27 06:00:00,500,2.9360340726392296,3.093155501677144,-0.1571214290379146,R1
2025-01-27 07:00:00,500,2.8142797533135204,3.180757895585985,-0.3664781422724648,R1
2025-01-27 08:00:00,500,2.748865174128405,3.148572446247908,-0.3997072721195032,R1
2025-01-27 09:00:00,500,2.839700746753004,3.1886299341468947,-0.34892918739389067,R1
2025-01-27 10:00:00,500,2.6995130054697007,2.967021267882983,-0.26750826241328207,R1
2025-01-27 11:00:00,500,2.687944444780892,2.999768173607502,-0.31182372882661014,R1
2025-01-27 12:00:00,500,2.6667212257331974,3.1324872623605096,-0.4657660366273122,R1
2025-01-27 13:00:00,500,2.6824968558928,3.0631285878159518,-0.3806317319231516,R1
2025-01-27 14:00:00,500,2.9084526852369144,3.0829911335992723,-0.174538448362358,R1
2025-01-27 15:00:00,500,2.7195231643918225,3.234922404920777,-0.5153992405289545,R1
2025-01-27 16:00:00,500,2.7776672759367416,3.2400000231845256,-0.46233274724778406,R1
2025-01-27 17:00:00,500,2.7791230047987665,3.1216202964684725,-0.342497291669706,R1
2025-01-27 18:00:00,500,2.7704167223473912,3.0477805012712915,-0.2773637789239003,R1
2025-01-27 19:00:00,500,2.7092869202048098,3.0945670114269137,-0.38528009122210394,R1
2025-01-27 20:00:00,500,2.826505645647621,3.3741464578112783,-0.5476408121636571,R1
2025-01-27 21:00:00,500,2.795299284405764,3.2767299885623142,-0.4814307041565504,R1
2025-01-27 22:00:00,500,2.88601844680808,3.10620646502834,-0.22018801822026024,R1
2025-01-27 23:00:00,500,2.827707832522796,2.994873386579828,-0.16716555405703204,R1
2025-01-28 00:00:00,500,2.793263171178107,3.1386714519911583,-0.3454082808130514,R1
2025-01-28 01:00:00,500,2.6791552416543327,3.1255185835597694,-0.4463633419054367,R1
2025-01-28 02:00:00,500,2.889744125467364,3.0809433309715977,-0.19119920550423375,R1
2025-01-28 03:00:00,500,2.7550627201506304,2.9828822851767653,-0.22781956502613498,R1
2025-01-28 04:00:00,500,2.8594619751677555,3.1286918249155207,-0.2692298497477652,R1
2025-01-28 05:00:00,500,2.8158993357249598,3.1552908615994397,-0.33939152587447996,R1
2025-01-28 06:00:00,500,2.8884398908173483,3.2680536999935605,-0.37961380917621224,R1
2025-01-28 07:00:00,500,2.748993019477433,3.1088039122169016,-0.35981089273946854,R1
2025-01-28 08:00:00,500,2.8179402341526583,3.1406137260482385,-0.32267349189558026,R1
2025-01-28 09:00:00,500,2.8090609667169915,3.1688467003725247,-0.35978573365553324,R1
2025-01-28 10:00:00,500,2.7758530433130764,3.119972040838582,-0.3441189975255057,R1
2025-01-28 11:00:00,500,2.642155773501881,2.9786852875029206,-0.3365295140010396,R1
2025-01-28 12:00:00,500,2.744160789111252,3.0135686387322567,-0.26940784962100484,R1
2025-01-28 13:00:00,500,2.781282273680905,3.2440997519819965,-0.46281747830109143,R1
2025-01-28 14:00:00,500,2.810637419152475,3.1071514802135067,-0.29651406106103195,R1
2025-01-28 15:00:00,500,2.7197406093767262,3.5530622584966998,-0.8333216491199735,R1
2025-01-28 16:00:00,500,2.720990629368154,3.024162007985869,-0.3031713786177148,R1
2025-01-28 17:00:00,500,2.7775350502411422,3.1479916917473982,-0.370456641506256,R1
2025-01-28 18:00:00,500,2.692870738103696,3.214272169660656,-0.52140143155696,R1
2025-01-28 19:00:00,500,2.830649956974522,3.1738013969074124,-0.3431514399328903,R1
2025-01-28 20:00:00,500,2.7987099910775752,3.0147842095234574,-0.21607421844588215,R1
2025-01-28 21:00:00,500,2.777871815231034,3.037047315575944,-0.2591755003449099,R1
2025-01-28 22:00:00,500,2.7268173755267235,3.0306889004119903,-0.3038715248852668,R1
2025-01-28 23:00:00,500,2.772320368658062,3.357879299415265,-0.5855589307572031,R1
2025-01-29 00:00:00,500,2.761774172256637,3.238888471163492,-0.4771142989068551,R1
2025-01-29 01:00:00,500,2.8102001701427115,3.0288038742886334,-0.2186037041459219,R1
2025-01-29 02:00:00,500,2.812841160284504,3.0919574238259178,-0.2791162635414137,R1
2025-01-29 03:00:00,500,2.8142193462672456,3.4036382200304662,-0.5894188737632207,R1
2025-01-29 04:00:00,500,2.7300097946810635,3.024639179070605,-0.29462938438954156,R1
2025-01-29 05:00:00,500,2.834235382302921,3.3415563409371543,-0.5073209586342333,R1
2025-01-29 06:00:00,500,2.8529936407162437,3.2281769233719184,-0.3751832826556747,R1
2025-01-29 07:00:00,500,2.767192023877415,3.309086510584285,-0.54189448670687,R1
2025-01-29 08:00:00,500,2.898246860568673,3.14319713626266,-0.24495027569398697,R1
2025-01-29 09:00:00,500,2.864827881118174,3.1392217923701984,-0.2743939112520244,R1
2025-01-29 10:00:00,500,2.7590099957641794,3.2040894498402284,-0.445079454076049,R1
2025-01-29 11:00:00,500,2.6571400151595115,3.1750767261898223,-0.5179367110303108,R1
2025-01-29 12:00:00,500,2.820167500323013,3.071152195335676,-0.2509846950126633,R1
2025-01-29 13:00:00,500,2.851828415864261,4.454031348184832,-1.6022029323205706,R1
2025-01-29 14:00:00,500,2.778247815666248,3.0706111937791656,-0.2923633781129178,R1
2025-01-29 15:00:00,500,2.868598118914691,3.2323937697137435,-0.3637956507990525,R1
2025-01-29 16:00:00,500,2.777519680399553,3.100635428399503,-0.32311574799995,R1
2025-01-29 17:00:00,500,2.7153055363908303,3.72653461175703,-1.0112290753661997,R1
2025-01-29 18:00:00,500,2.6599909672136786,3.10940950449806,-0.4494185372843815,R1
2025-01-29 19:00:00,500,2.6778025235572893,3.1949631033645063,-0.517160579807217,R1
2025-01-29 20:00:00,500,2.7313641036225955,3.124407424622937,-0.39304332100034145,R1
2025-01-29 21:00:00,500,2.832331188638261,3.1002343866796176,-0.26790319804135665,R1
2025-01-29 22:00:00,500,2.593303676189712,2.958686891560645,-0.3653832153709331,R1
2025-01-29 23:00:00,500,2.6403703187260708,3.0147983334736246,-0.37442801474755383,R1
2025-01-30 00:00:00,500,2.7065457618032167,3.094021636713234,-0.3874758749100171,R1
2025-01-30 01:00:00,500,2.613745606386596,3.04426174253726,-0.430516136150664,R1
2025-01-30 02:00:00,500,2.715846552753139,3.0057036649237543,-0.2898571121706155,R1
2025-01-30 03:00:00,500,2.5954387231061418,3.047774922376813,-0.45233619927067137,R1
2025-01-30 04:00:00,500,2.7043887184830155,2.9935202261738825,-0.28913150769086693,R1
2025-01-30 05:00:00,500,2.6293751347134,3.07102668028766,-0.4416515455742598,R1
2025-01-30 06:00:00,500,2.802060085376181,3.4492305951098348,-0.647170509733654,R1
2025-01-30 07:00:00,500,2.763064069473068,3.153729851337874,-0.39066578186480605,R1
2025-01-30 08:00:00,500,2.63384686048072,3.0127209431897186,-0.37887408270899847,R1
2025-01-30 09:00:00,500,2.69215679049133,2.962615224643842,-0.27045843415251225,R1
2025-01-30 10:00:00,500,2.709578882429814,3.0149113953727262,-0.3053325129429121,R1
2025-01-30 11:00:00,500,2.627541455312176,3.0541139851399643,-0.4265725298277885,R1
2025-01-30 12:00:00,500,2.74637928916747,3.049895898172175,-0.303516609004705,R1
2025-01-30 13:00:00,500,2.6532665742767385,3.0830399434520146,-0.4297733691752761,R1
2025-01-30 14:00:00,500,2.733464542959,3.895756521805606,-1.1622919788466057,R1
2025-01-30 15:00:00,500,2.7604487607374657,2.974030704691206,-0.21358194395374008,R1
2025-01-30 16:00:00,500,2.6770550163524702,3.0201353347342,-0.3430803183817299,R1
2025-01-30 17:00:00,500,2.683860774325584,2.9921054116217243,-0.3082446372961405,R1
2025-01-30 18:00:00,500,2.585584068006365,3.0480328161968835,-0.4624487481905186,R1
2025-01-30 19:00:00,500,2.876493819956257,2.9679060938016675,-0.0914122738454104,R1
2025-01-30 20:00:00,500,2.66334860840384,3.093268469464826,-0.429919861060986,R1
2025-01-30 21:00:00,500,2.612984089179001,3.065958784237315,-0.4529746950583138,R1
2025-01-30 22:00:00,500,2.652973477132349,3.0150105533999683,-0.3620370762676193,R1
2025-01-30 23:00:00,500,2.678403600922304,3.1314220259002767,-0.45301842497797296,R1
2025-01-31 00:00:00,500,2.6453850443415394,2.964101085562161,-0.31871604122062136,R1
2025-01-31 01:00:00,500,2.6987836362110227,2.965179135572187,-0.26639549936116413,R1
2025-01-31 02:00:00,500,2.655895741402837,3.2407864681912906,-0.5848907267884536,R1
2025-01-31 03:00:00,500,2.740161779743133,3.002063491762892,-0.2619017120197591,R1
2025-01-31 04:00:00,500,2.782656809275432,3.1950131287747845,-0.4123563194993527,R1
2025-01-31 05:00:00,500,2.773107438455303,2.9548103312684035,-0.18170289281310037,R1
2025-01-31 06:00:00,500,2.7454020561244303,2.9307836136508985,-0.18538155752646812,R1
2025-01-31 07:00:00,500,2.594201580196018,3.0670117604327825,-0.4728101802367646,R1
2025-01-31 08:00:00,500,2.7174387413969585,3.352037500012232,-0.6345987586152737,R1
2025-01-31 09:00:00,500,2.8581267055768103,3.112634628956868,-0.25450792338005757,R1
2025-01-31 10:00:00,500,2.8691010519470383,3.333021895816617,-0.46392084386957855,R1
2025-01-31 11:00:00,500,2.7992560983690105,3.2904020312536293,-0.49114593288461883,R1
2025-01-31 12:00:00,500,2.8078505595147862,3.2004404395917887,-0.39258988007700246,R1
2025-01-31 13:00:00,500,2.7962379790326706,3.199817346603867,-0.4035793675711963,R1
2025-01-31 14:00:00,500,2.7343235809255786,3.1133400634956216,-0.37901648257004306,R1
2025-01-31 15:00:00,500,2.7524920464677853,2.970905244323406,-0.21841319785562074,R1
2025-01-31 16:00:00,500,2.681496158344254,2.940498435336937,-0.2590022769926832,R1
2025-01-31 17:00:00,500,2.6303595440910583,3.0190104717470585,-0.3886509276560002,R1
2025-01-31 18:00:00,500,2.8039175364593167,3.005955654895672,-0.20203811843635533,R1
2025-01-31 19:00:00,500,2.8726618305582097,2.9922173236871474,-0.11955549312893776,R1
2025-01-31 20:00:00,500,2.750081063710255,3.078192765570755,-0.32811170186049976,R1
2025-01-31 21:00:00,500,2.653737799943755,2.8798928099730148,-0.22615501002925997,R1
2025-01-31 22:00:00,500,2.779720181302607,3.0358335360148705,-0.2561133547122636,R1
2025-01-31 23:00:00,500,2.7961142924619438,3.062927193161765,-0.2668129006998212,R1
2025-02-01 00:00:00,500,2.7018401432764048,3.055335289005294,-0.35349514572888907,R1
2025-02-01 01:00:00,500,2.637015271189712,2.906394646315893,-0.26937937512618104,R1
2025-02-01 02:00:00,500,2.649639586713584,3.02101433813937,-0.3713747514257859,R1
2025-02-01 03:00:00,500,2.724688605936792,3.0111828465077504,-0.2864942405709585,R1
2025-02-01 04:00:00,500,2.7308486913804524,2.8190993304010106,-0.08825063902055819,R1
2025-02-01 05:00:00,500,2.6131083647407505,2.96495529521243,-0.35184693047167936,R1
2025-02-01 06:00:00,500,2.739154723921546,3.170927441093436,-0.4317727171718899,R1
2025-02-01 07:00:00,500,2.8397208557701843,2.980010885179494,-0.1402900294093099,R1
2025-02-01 08:00:00,500,2.704192532725846,3.197828618933556,-0.4936360862077098,R1
2025-02-01 09:00:00,500,2.773445142762021,3.017258607846962,-0.24381346508494106,R1
2025-02-01 10:00:00,500,2.6858608903802184,3.085023493921061,-0.39916260354084265,R1
2025-02-01 11:00:00,500,2.751091281159874,3.166145601255747,-0.4150543200958734,R1
2025-02-01 12:00:00,500,2.664818909984794,3.0502455254666665,-0.3854266154818724,R1
2025-02-01 13:00:00,500,2.709715970847701,2.993018903413982,-0.28330293256628103,R1
2025-02-01 14:00:00,500,2.640012185159313,3.278360781806736,-0.6383485966474232,R1
2025-02-01 15:00:00,500,2.6646626946790968,3.028102487169022,-0.3634397924899253,R1
2025-02-01 16:00:00,500,2.7158853652917543,3.0039205402964253,-0.288035175004671,R1
2025-02-01 17:00:00,500,2.626838634532451,2.919644164921827,-0.2928055303893764,R1
2025-02-01 18:00:00,500,2.61343258949977,2.9268212328475047,-0.31338864334773486,R1
2025-02-01 19:00:00,500,2.7727767872994127,2.991404272177668,-0.21862748487825545,R1
2025-02-01 20:00:00,500,2.5428896467910653,3.1645660586628668,-0.6216764118718014,R1
2025-02-01 21:00:00,500,2.590983280893402,3.0209846253240094,-0.43000134443060745,R1
2025-02-01 22:00:00,500,2.6537181627841377,2.9916769760308632,-0.3379588132467255,R1
2025-02-01 23:00:00,500,2.6499414057168496,2.950519952977177,-0.3005785472603275,R1
2025-02-02 00:00:00,500,2.778472627384533,3.0871477060583628,-0.3086750786738297,R1
2025-02-02 01:00:00,500,2.784614549402739,2.985670231713581,-0.20105568231084225,R1
2025-02-02 02:00:00,500,2.5826949842037106,3.189084958242326,-0.6063899740386156,R1
2025-02-02 03:00:00,500,2.6088229790424347,2.873130485975018,-0.26430750693258354,R1
2025-02-02 04:00:00,500,2.6172029991594514,2.9188098628480863,-0.3016068636886349,R1
2025-02-02 05:00:00,500,2.674438286653147,2.9682150642121816,-0.29377677755903475,R1
2025-02-02 06:00:00,500,2.6260404186334814,3.006976774765931,-0.38093635613244947,R1
2025-02-02 07:00:00,500,2.6245540348035825,2.903105799384187,-0.2785517645806044,R1
2025-02-02 08:00:00,500,2.742635949793029,2.948247495753345,-0.20561154596031583,R1
2025-02-02 09:00:00,500,2.5816862997028984,3.0117443396480725,-0.4300580399451741,R1
2025-02-02 10:00:00,500,2.4772617526207834,2.921908463011416,-0.44464671039063264,R1
2025-02-02 11:00:00,500,2.5020801624537703,2.8377995391686683,-0.33571937671489804,R1
2025-02-02 12:00:00,500,2.390139477556419,2.66941586665394,-0.27927638909752117,R1
2025-02-02 13:00:00,500,2.414632620982861,2.734151218031022,-0.3195185970481611,R1
2025-02-02 14:00:00,500,2.4213114633389314,2.661691552165838,-0.24038008882690676,R1
2025-02-02 15:00:00,500,2.3817616478556847,2.541068670490072,-0.15930702263438734,R1
2025-02-02 16:00:00,500,2.4692550987620367,2.567275613228111,-0.09802051446607418,R1
2025-02-02 17:00:00,500,2.2770495956537475,2.6147322375776274,-0.33768264192387987,R1
2025-02-02 18:00:00,500,2.352614176077592,2.5227138907435798,-0.17009971466598772,R1
2025-02-02 19:00:00,500,2.511987014418503,2.6773509872359424,-0.16536397281743964,R1
2025-02-02 20:00:00,500,2.2752248544237856,2.6366688363860256,-0.3614439819622399,R1
2025-02-02 21:00:00,500,2.3346492193862605,2.6587956641796806,-0.32414644479342014,R1
2025-02-02 22:00:00,500,2.20534321770178,2.54397278642686,-0.33862956872508,R1
2025-02-02 23:00:00,500,2.3339128548992822,2.553784092217576,-0.21987123731829383,R1
2025-02-03 00:00:00,500,2.31079915095426,2.731391571020731,-0.420592420066471,R1
2025-02-03 01:00:00,500,2.2190883228417824,2.5311659190765727,-0.31207759623479037,R1
2025-02-03 02:00:00,500,2.182440493816033,2.599832133590867,-0.41739163977483384,R1
2025-02-03 03:00:00,500,2.2583146882546843,2.689815898910108,-0.4315012106554237,R1
2025-02-03 04:00:00,500,2.1892223837933784,2.43280969299568,-0.24358730920230176,R1
2025-02-03 05:00:00,500,2.3264228495537003,2.6161368274888024,-0.2897139779351021,R1
2025-02-03 06:00:00,500,2.387005717988198,2.5902523329338787,-0.20324661494568064,R1
2025-02-03 07:00:00,500,2.264756137261596,2.566782122310811,-0.3020259850492151,R1
2025-02-03 08:00:00,500,2.461501249158887,2.576142510959291,-0.1146412618004038,R1
2025-02-03 09:00:00,500,2.394894823353677,2.7342296851889687,-0.3393348618352916,R1
2025-02-03 10:00:00,500,2.3427301207974107,2.534118979835227,-0.19138885903781633,R1
2025-02-03 11:00:00,500,2.323318732861513,2.857534214711791,-0.534215481850278,R1
2025-02-03 12:00:00,500,2.658755697863272,2.854540002403186,-0.19578430453991436,R1
2025-02-03 13:00:00,500,2.573597679079094,2.9441882915493927,-0.37059061247029845,R1
2025-02-03 14:00:00,500,2.481522710696649,2.9149894238541703,-0.43346671315752117,R1
2025-02-03 15:00:00,500,2.7079174322445385,3.026379486171221,-0.3184620539266825,R1
2025-02-03 16:00:00,500,2.746028260774984,3.1704141663924275,-0.42438590561744327,R1
2025-02-03 17:00:00,500,2.7068126963885017,3.047836561347427,-0.3410238649589252,R1
2025-02-03 18:00:00,500,2.65499715843949,3.056312786545941,-0.40131562810645116,R1
2025-02-03 19:00:00,500,2.749832621334604,3.097985073082554,-0.3481524517479504,R1
2025-02-03 20:00:00,500,2.7176294366225697,2.9129719695243783,-0.19534253290180859,R1
2025-02-03 21:00:00,500,2.61270156388256,3.011997877193868,-0.39929631331130766,R1
2025-02-03 22:00:00,500,2.626864783940173,3.0569457779975404,-0.4300809940573673,R1
2025-02-03 23:00:00,500,2.5992797971637303,3.092644807948812,-0.49336501078508155,R1
2025-02-04 00:00:00,500,2.656271710752946,3.128345281944442,-0.47207357119149584,R1
2025-02-04 01:00:00,500,2.765232802634203,3.261073671864928,-0.495840869230725,R1
2025-02-04 02:00:00,500,2.75939268917388,3.081863281245959,-0.3224705920720794,R1
2025-02-04 03:00:00,500,2.6160592987485654,3.3897530995076828,-0.7736938007591174,R1
2025-02-04 04:00:00,500,2.931530836264915,3.219940213830892,-0.28840937756597684,R1
2025-02-04 05:00:00,500,2.7749516925747484,2.9764741511708666,-0.20152245859611817,R1
2025-02-04 06:00:00,500,2.815090946219724,3.1277004629427885,-0.3126095167230645,R1
2025-02-04 07:00:00,500,2.944904596994429,3.3491240068197747,-0.40421940982534554,R1
2025-02-04 08:00:00,500,2.748199147922589,3.250689211174236,-0.5024900632516469,R1
2025-02-04 09:00:00,500,2.7501165109467327,2.963022029632686,-0.21290551868595342,R1
2025-02-04 10:00:00,500,2.811931116963031,2.9831568964262254,-0.17122577946319417,R1
2025-02-04 11:00:00,500,2.773591859421361,2.916468304680885,-0.14287644525952414,R1
2025-02-04 12:00:00,500,2.842660424914022,3.033150134319227,-0.1904897094052047,R1
2025-02-04 13:00:00,500,2.7984080097374324,3.027037061800749,-0.22862905206331652,R1
2025-02-04 14:00:00,500,2.8145518415858586,3.440047717770516,-0.6254958761846576,R1
2025-02-04 15:00:00,500,2.703423564413766,2.9699876049327187,-0.2665640405189529,R1
2025-02-04 16:00:00,500,2.728292732174854,3.029203130013073,-0.30091039783821927,R1
2025-02-04 17:00:00,500,2.7046470878749345,3.0372438449287773,-0.33259675705384284,R1
2025-02-04 18:00:00,500,2.727842432426102,2.9568196486819533,-0.22897721625585143,R1
2025-02-04 19:00:00,500,2.621511322304192,2.97637200824359,-0.3548606859393977,R1
2025-02-04 20:00:00,500,2.670902890177445,3.1175931870108378,-0.4466902968333928,R1
2025-02-04 21:00:00,500,2.7458498724195968,3.0965248485742216,-0.35067497615462484,R1
2025-02-04 22:00:00,500,2.8597739351555904,3.106239720553637,-0.24646578539804676,R1
2025-02-04 23:00:00,500,2.835851074508977,2.828259616867011,0.007591457641966226,R3
2025-02-05 00:00:00,500,2.803153274592781,3.2283549573370065,-0.42520168274422554,R1
2025-02-05 01:00:00,500,2.706433926660243,3.1260703534087457,-0.4196364267485029,R1
2025-02-05 02:00:00,500,2.7731227739327005,3.1238315889447104,-0.3507088150120099,R1
2025-02-05 03:00:00,500,2.714796485248963,3.082011915108549,-0.367215429859586,R1
2025-02-05 04:00:00,500,2.7784556362655275,2.981952106436496,-0.20349647017096872,R1
2025-02-05 05:00:00,500,2.8158162606323023,3.3506250530144057,-0.5348087923821034,R1
2025-02-05 06:00:00,500,2.695553766094537,2.775139910608883,-0.0795861445143462,R1
2025-02-05 07:00:00,500,2.7627409400488068,3.1085797483810675,-0.34583880833226077,R1
2025-02-05 08:00:00,500,2.904398672187134,3.191241583003921,-0.2868429108167869,R1
2025-02-05 09:00:00,500,2.7220886178491948,3.1829102403495884,-0.4608216225003936,R1
2025-02-05 10:00:00,500,2.756206615273147,3.18964989943044,-0.4334432841572933,R1
2025-02-05 11:00:00,500,2.8890481221261237,3.148294019325241,-0.25924589719911717,R1
2025-02-05 12:00:00,500,2.771333992911703,3.0906865532319334,-0.3193525603202305,R1
2025-02-05 13:00:00,500,2.7351173459334523,2.9799063511359947,-0.24478900520254232,R1
2025-02-05 14:00:00,500,2.6979979209208134,3.0237640880104277,-0.32576616708961437,R1
2025-02-05 15:00:00,500,2.6089714594026328,3.0728027847123687,-0.4638313253097359,R1
2025-02-05 16:00:00,500,2.642693634938955,2.9549523645995377,-0.31225872966058255,R1
2025-02-05 17:00:00,500,2.66777073002976,3.0110452285329576,-0.34327449850319747,R1
2025-02-05 18:00:00,500,2.609605463606928,2.861927191703945,-0.2523217280970167,R1
2025-02-05 19:00:00,500,2.640828389032549,2.8420955799789405,-0.20126719094639167,R1
2025-02-05 20:00:00,500,2.56822716223844,3.107575030205773,-0.5393478679673334,R1
2025-02-05 21:00:00,500,2.628085619243312,2.83769631470049,-0.2096106954571777,R1
2025-02-05 22:00:00,500,2.541378072114057,3.035081635162117,-0.4937035630480602,R1
2025-02-05 23:00:00,500,2.7355975629242475,3.105687004328485,-0.3700894414042377,R1
2025-02-06 00:00:00,500,2.5584082708526568,2.7220283371614697,-0.16362006630881298,R1
2025-02-06 01:00:00,500,2.48784349948098,2.7294043615186885,-0.24156086203770855,R1
2025-02-06 02:00:00,500,2.494164058816778,2.799693296957292,-0.3055292381405139,R1
2025-02-06 03:00:00,500,2.5811103665402544,2.742254452429685,-0.1611440858894304,R1
2025-02-06 04:00:00,500,2.8446627020781268,2.9035263559447517,-0.058863653866624954,R1
2025-02-06 05:00:00,500,2.7550644798562343,2.748928615453131,0.006135864403103319,R3
2025-02-06 06:00:00,500,2.6053054821148662,2.7855806500340794,-0.18027516791921316,R1
2025-02-06 07:00:00,500,2.5098455437297784,3.0051642762117243,-0.4953187324819459,R1
2025-02-06 08:00:00,500,2.5428648756258494,2.720080504177086,-0.17721562855123674,R1
2025-02-06 09:00:00,500,2.511461950206131,2.6517796062573646,-0.1403176560512338,R1
2025-02-06 10:00:00,500,2.4080195700282667,2.7340508322783696,-0.3260312622501029,R1
2025-02-06 11:00:00,500,2.383254315204672,2.530315293413748,-0.1470609782090757,R1
2025-02-06 12:00:00,500,2.6446332872123133,2.777078639371827,-0.1324453521595137,R1
2025-02-06 13:00:00,500,2.530225633522809,2.7814002935055813,-0.2511746599827722,R1
2025-02-06 14:00:00,500,2.417808967414392,2.739353592516399,-0.3215446251020069,R1
2025-02-06 15:00:00,500,2.3818430240202524,2.653468273154782,-0.2716252491345297,R1
2025-02-06 16:00:00,500,2.392688572717322,2.6972955368412577,-0.3046069641239355,R1
2025-02-06 17:00:00,500,2.5300657080862727,2.5670154062261883,-0.036949698139915554,R1
2025-02-06 18:00:00,500,2.547256157225505,2.6434465934242017,-0.09619043619869672,R1
2025-02-06 19:00:00,500,2.276080896093807,2.746274217148438,-0.47019332105463096,R1
2025-02-06 20:00:00,500,2.4567786592157854,2.711263581133546,-0.2544849219177605,R1
2025-02-06 21:00:00,500,2.372767449617585,2.6776621602756405,-0.3048947106580555,R1
2025-02-06 22:00:00,500,2.3567812158719907,2.5500434538795957,-0.193262238007605,R1
2025-02-06 23:00:00,500,2.5116271306907976,2.878605786307612,-0.36697865561681464,R1
2025-02-07 00:00:00,500,2.534793775471211,2.49786013234198,0.036933643129231086,R3
2025-02-07 01:00:00,500,2.4982373767101764,2.635590090810888,-0.13735271410071137,R1
2025-02-07 02:00:00,500,2.4347393559652333,2.753051630904449,-0.31831227493921554,R1
2025-02-07 03:00:00,500,2.4375765797579176,2.879555114623414,-0.44197853486549654,R1
2025-02-07 04:00:00,500,2.426671983597446,2.6740239116030144,-0.2473519280055685,R1
2025-02-07 05:00:00,500,2.361736687623551,2.5927199145883906,-0.23098322696483953,R1
2025-02-07 06:00:00,500,2.4819242217951003,2.7671701857679456,-0.2852459639728453,R1
2025-02-07 07:00:00,500,2.3535746552173364,2.7726642267860524,-0.41908957156871596,R1
2025-02-07 08:00:00,500,2.33998453760696,2.52037567253466,-0.18039113492769987,R1
2025-02-07 09:00:00,500,2.476496027238664,2.6801071578101765,-0.2036111305715127,R1
2025-02-07 10:00:00,500,2.4376735992418013,2.7803429009636766,-0.3426693017218754,R1
2025-02-07 11:00:00,500,2.5380196401428226,2.828672199515535,-0.2906525593727123,R1
2025-02-07 12:00:00,500,2.445661843952088,2.7208152447922984,-0.27515340084021034,R1
2025-02-07 13:00:00,500,2.4660987859284877,2.731518505724879,-0.26541971979639145,R1
2025-02-07 14:00:00,500,2.440813057575964,2.7351588679788947,-0.29434581040293084,R1
2025-02-07 15:00:00,500,2.282130569728236,2.714632675251228,-0.43250210552299206,R1
2025-02-07 16:00:00,500,2.563538583966197,2.819740453713485,-0.25620186974728787,R1
2025-02-07 17:00:00,500,2.4499932822671786,2.9320860815868217,-0.4820927993196431,R1
2025-02-07 18:00:00,500,2.542302504570479,2.6099623482534664,-0.06765984368298739,R1
2025-02-07 19:00:00,500,2.4545086240226675,2.6189438215397787,-0.16443519751711122,R1
2025-02-07 20:00:00,500,2.526618925180198,2.79693930390759,-0.270320378727392,R1
2025-02-07 21:00:00,500,2.386573192939598,2.6007146881957146,-0.2141414952561167,R1
2025-02-07 22:00:00,500,2.5459569486556624,2.8160207686747225,-0.27006382001906015,R1
2025-02-07 23:00:00,500,2.2916690362542087,2.761240394395801,-0.4695713581415921,R1
2025-02-08 00:00:00,500,2.3561086648967766,2.649410861849273,-0.29330219695249626,R1
2025-02-08 01:00:00,500,2.382003803220437,2.6273857133067717,-0.2453819100863348,R1
2025-02-08 02:00:00,500,2.504244419165578,2.634979634383113,-0.13073521521753495,R1
2025-02-08 03:00:00,500,2.548003718894711,2.7552248838439115,-0.20722116494920062,R1
2025-02-08 04:00:00,500,2.414124598346723,2.808284777697032,-0.3941601793503091,R1
2025-02-08 05:00:00,500,2.5595638478682647,2.8790815664531846,-0.31951771858491984,R1
2025-02-08 06:00:00,500,2.5315369301531274,2.936818653468885,-0.4052817233157575,R1
2025-02-08 07:00:00,500,2.5191573769065285,2.8154135758575687,-0.29625619895104016,R1
2025-02-08 08:00:00,500,2.699989200242093,2.7795827993436517,-0.07959359910155861,R1
2025-02-08 09:00:00,500,2.476420551106011,2.7597368683039107,-0.2833163171978996,R1
2025-02-08 10:00:00,500,2.451982026619979,2.6352174356384386,-0.18323540901845936,R1
2025-02-08 11:00:00,500,2.487395843450861,2.559281479983627,-0.07188563653276603,R1
2025-02-08 12:00:00,500,2.379859070838822,2.7549353977220203,-0.37507632688319825,R1
2025-02-08 13:00:00,500,2.5512763363486286,2.7806912708497533,-0.2294149345011247,R1
2025-02-08 14:00:00,500,2.479924948327248,2.633033368085552,-0.15310841975830414,R1
2025-02-08 15:00:00,500,2.4678128147319813,2.828232290034768,-0.36041947530278673,R1
2025-02-08 16:00:00,500,2.437738979892879,3.054630575144348,-0.6168915952514693,R1
2025-02-08 17:00:00,500,2.526703510734261,2.8449379589165864,-0.3182344481823254,R1
2025-02-08 18:00:00,500,2.495948507482201,2.8913834399339406,-0.39543493245173966,R1
2025-02-08 19:00:00,500,2.6782124728192875,2.975041347053082,-0.29682887423379434,R1
2025-02-08 20:00:00,500,2.6210555293162625,3.021171054734191,-0.4001155254179283,R1
2025-02-08 21:00:00,500,2.6201062326105005,2.736788666520664,-0.11668243391016375,R1
2025-02-08 22:00:00,500,2.597567922843427,2.877402173790468,-0.2798342509470406,R1
2025-02-08 23:00:00,500,2.6192355901390263,3.0404057212250453,-0.421170131086019,R1
2025-02-09 00:00:00,500,2.590822379575412,3.012464119658193,-0.421641740082781,R1
2025-02-09 01:00:00,500,2.555880552164504,2.7520797601656564,-0.19619920800115231,R1
2025-02-09 02:00:00,500,2.54699388170354,3.021438513966056,-0.47444463226251576,R1
2025-02-09 03:00:00,500,2.547665791761593,3.060437951639649,-0.5127721598780561,R1
2025-02-09 04:00:00,500,2.5871946993653063,2.948702416664369,-0.36150771729906284,R1
2025-02-09 05:00:00,500,2.683736340629051,2.889941859679792,-0.20620551905074125,R1
2025-02-09 06:00:00,500,2.607569699075082,2.9640305517801586,-0.35646085270507655,R1
2025-02-09 07:00:00,500,2.6103296043682653,3.025783777443154,-0.41545417307488863,R1
2025-02-09 08:00:00,500,2.5724297989163643,2.871115455093576,-0.29868565617721154,R1
2025-02-09 09:00:00,500,2.586874346559953,2.879767102740388,-0.29289275618043487,R1
2025-02-09 10:00:00,500,2.7310257185208737,3.044252257335438,-0.3132265388145643,R1
2025-02-09 11:00:00,500,2.662657471889748,2.9985927816777527,-0.3359353097880047,R1
2025-02-09 12:00:00,500,2.7025876697430924,2.9367806527605,-0.23419298301740765,R1
2025-02-09 13:00:00,500,2.693201282830114,2.9260030721320653,-0.23280178930195117,R1
2025-02-09 14:00:00,500,2.767379569634976,3.066466794040984,-0.2990872244060081,R1
2025-02-09 15:00:00,500,2.7590359945270717,2.9613589147924197,-0.20232292026534804,R1
2025-02-09 16:00:00,500,2.797323054269239,3.1486505186986062,-0.35132746442936735,R1
2025-02-09 17:00:00,500,2.711748185558191,3.0611266634194143,-0.3493784778612232,R1
2025-02-09 18:00:00,500,2.712660142343827,3.191351366778948,-0.47869122443512113,R1
2025-02-09 19:00:00,500,2.769146760035108,3.1102910697796333,-0.3411443097445255,R1
2025-02-09 20:00:00,500,2.7083084601642344,3.043221994545447,-0.3349135343812124,R1
2025-02-09 21:00:00,500,2.6818829633634795,3.0005270371933386,-0.31864407382985904,R1
2025-02-09 22:00:00,500,2.726437840096632,3.0685020759710286,-0.3420642358743966,R1
2025-02-09 23:00:00,500,2.679303451252959,3.1495429179425902,-0.47023946668963124,R1
2025-02-10 00:00:00,500,2.8098951404912635,3.026151366901229,-0.21625622640996545,R1
2025-02-10 01:00:00,500,2.711688647161306,2.9817009861489856,-0.2700123389876796,R1
2025-02-10 02:00:00,500,2.6984038298402457,3.208750434328738,-0.5103466044884923,R1
2025-02-10 03:00:00,500,2.6885816568721888,3.044507341243136,-0.35592568437094707,R1
2025-02-10 04:00:00,500,2.715124632368504,3.0123207474561013,-0.29719611508759725,R1
2025-02-10 05:00:00,500,2.7217875617799856,3.0076373835814905,-0.28584982180150487,R1
2025-02-10 06:00:00,500,2.7016230619348,3.014605538251912,-0.31298247631711185,R1
2025-02-10 07:00:00,500,2.729913960281915,2.958372898701028,-0.2284589384191129,R1
2025-02-10 08:00:00,500,2.7279723809347733,3.1251272963262258,-0.3971549153914524,R1
2025-02-10 09:00:00,500,2.8009011202833545,2.989492498072458,-0.18859137778910373,R1
2025-02-10 10:00:00,500,2.8055795668736234,3.1024851439674968,-0.29690557709387333,R1
2025-02-10 11:00:00,500,2.773660154891747,3.209249409901071,-0.4355892550093241,R1
2025-02-10 12:00:00,500,2.8906315839680863,3.1651437371776887,-0.2745121532096024,R1
2025-02-10 13:00:00,500,2.735244041521244,3.070737980943063,-0.33549393942181904,R1
2025-02-10 14:00:00,500,2.7941424879934287,3.2927163081584707,-0.49857382016504204,R1
2025-02-10 15:00:00,500,2.8026236563055558,2.9864139541438828,-0.183790297838327,R1
2025-02-10 16:00:00,500,2.843953258157049,3.10928017354584,-0.26532691538879094,R1
2025-02-10 17:00:00,500,2.7791012923142797,3.037100258342869,-0.2579989660285893,R1
2025-02-10 18:00:00,500,2.7833828343653573,3.306963132079672,-0.5235802977143149,R1
2025-02-10 19:00:00,500,2.725349503347485,3.297279426143961,-0.571929922796476,R1
2025-02-10 20:00:00,500,2.7517135759610203,3.269012854559327,-0.5172992785983066,R1
2025-02-10 21:00:00,500,2.6569279409804083,3.096170062113129,-0.4392421211327209,R1
2025-02-10 22:00:00,500,2.750876919775291,3.0603160597131303,-0.30943913993783934,R1
2025-02-10 23:00:00,500,2.7702451875693512,3.056709566355982,-0.28646437878663056,R1
2025-02-11 00:00:00,500,2.761675896882612,3.162125175226767,-0.4004492783441549,R1
2025-02-11 01:00:00,500,2.7977793500456305,3.0960987175168198,-0.29831936747118926,R1
2025-02-11 02:00:00,500,2.774504765647552,3.083616292502973,-0.3091115268554212,R1
2025-02-11 03:00:00,500,2.7133202034489097,3.615309037725837,-0.9019888342769273,R1
2025-02-11 04:00:00,500,2.772874237271342,3.0724306682960707,-0.29955643102472873,R1
2025-02-11 05:00:00,500,2.822305585858723,3.160166692567647,-0.3378611067089241,R1
2025-02-11 06:00:00,500,2.791225608481471,3.197971109360623,-0.4067455008791523,R1
2025-02-11 07:00:00,500,2.9077213355203377,3.0140648949875284,-0.10634355946719065,R1
2025-02-11 08:00:00,500,2.8421283082178515,2.935699834606731,-0.09357152638887944,R1
2025-02-11 09:00:00,500,2.789848766727117,2.891055521301776,-0.10120675457465911,R1
2025-02-11 10:00:00,500,2.745989592359012,2.9947969949230884,-0.24880740256407652,R1
2025-02-11 11:00:00,500,2.768632464682006,3.092401835398793,-0.323769370716787,R1
2025-02-11 12:00:00,500,2.799757006266569,3.022664307064644,-0.22290730079807508,R1
2025-02-11 13:00:00,500,2.881390187347429,3.041617677814319,-0.1602274904668901,R1
2025-02-11 14:00:00,500,2.663472713039724,2.866920308780301,-0.20344759574057658,R1
2025-02-11 15:00:00,500,2.6540061357009552,2.9627376758845965,-0.30873154018364124,R1
2025-02-11 16:00:00,500,2.6153665488477347,2.8218146166951703,-0.20644806784743563,R1
2025-02-11 17:00:00,500,2.6136528406557558,2.956883897736686,-0.34323105708093005,R1
2025-02-11 18:00:00,500,2.6625925648285165,3.0031596173421704,-0.34056705251365393,R1
2025-02-11 19:00:00,500,2.624176390977747,2.9780217525227552,-0.35384536154500834,R1
2025-02-11 20:00:00,500,2.5854211666766784,3.0745033806380726,-0.4890822139613942,R1
2025-02-11 21:00:00,500,2.582885381441975,3.057680002199908,-0.4747946207579332,R1
2025-02-11 22:00:00,500,2.7578541226822377,3.1693577534067607,-0.411503630724523,R1
2025-02-11 23:00:00,500,2.6580756400971093,3.120316466725177,-0.46224082662806776,R1
2025-02-12 00:00:00,500,2.610226696110973,2.939549799989546,-0.32932310387857333,R1
2025-02-12 01:00:00,500,2.579663661894973,2.8159365633327424,-0.23627290143776936,R1
2025-02-12 02:00:00,500,2.5897798135946686,2.827039279907364,-0.23725946631269546,R1
2025-02-12 03:00:00,500,2.6152127095230004,2.831582048052529,-0.21636933852952867,R1
2025-02-12 04:00:00,500,2.6525138904362886,2.8819374172226127,-0.22942352678632405,R1
2025-02-12 05:00:00,500,2.7517154093499574,3.128216468714429,-0.37650105936447176,R1
2025-02-12 06:00:00,500,2.6862301712905525,2.960935705690249,-0.27470553439969647,R1
2025-02-12 07:00:00,500,2.7414322704878846,3.039645199815454,-0.2982129293275695,R1
2025-02-12 08:00:00,500,2.782473504017369,2.940458795838142,-0.15798529182077292,R1
2025-02-12 09:00:00,500,2.65913558803476,2.783353813898425,-0.12421822586366504,R1
2025-02-12 10:00:00,500,2.560189839604388,2.961951197041156,-0.4017613574367678,R1
2025-02-12 11:00:00,500,2.502829068679575,2.982927621784467,-0.480098553104892,R1
2025-02-12 12:00:00,500,2.631425879382165,2.83501349509616,-0.20358761571399508,R1
2025-02-12 13:00:00,500,2.623404153240155,2.8995395813699103,-0.2761354281297552,R1
2025-02-12 14:00:00,500,2.438111384141929,2.748498189673527,-0.31038680553159814,R1
2025-02-12 15:00:00,500,2.533256557335461,2.744831980867136,-0.2115754235316749,R1
2025-02-12 16:00:00,500,2.612776062682471,2.679330354079336,-0.06655429139686486,R1
2025-02-12 17:00:00,500,2.424380735561452,2.6157266800515653,-0.19134594449011333,R1
2025-02-12 18:00:00,500,2.510466643102668,2.9708960155811086,-0.4604293724784405,R1
2025-02-12 19:00:00,500,2.5708783784119484,2.813908279835013,-0.24302990142306458,R1
2025-02-12 20:00:00,500,2.518502984606431,2.814806930981143,-0.29630394637471236,R1
2025-02-12 21:00:00,500,2.441166858336723,2.5706306595595327,-0.12946380122280976,R1
2025-02-12 22:00:00,500,2.479992695331587,2.7880404967156074,-0.3080478013840202,R1
2025-02-12 23:00:00,500,2.392153132635268,2.8793126951882377,-0.48715956255296966,R1
2025-02-13 00:00:00,500,2.5384038005459586,2.891482641613565,-0.35307884106760623,R1
2025-02-13 01:00:00,500,2.649230490937436,3.2081207464040817,-0.558890255466646,R1
2025-02-13 02:00:00,500,2.6477681554984294,2.765670538688049,-0.11790238318961954,R1
2025-02-13 03:00:00,500,2.688773156189217,2.8835327868145177,-0.19475963062530077,R1
2025-02-13 04:00:00,500,2.574237463613333,2.7560858163937545,-0.18184835278042133,R1
2025-02-13 05:00:00,500,2.664636398221125,2.691027249114623,-0.02639085089349802,R1
2025-02-13 06:00:00,500,2.6760565599736776,2.9280543566177912,-0.2519977966441136,R1
2025-02-13 07:00:00,500,2.498393326173657,2.7150428590397904,-0.2166495328661333,R1
2025-02-13 08:00:00,500,2.501767678277535,2.8280602593165574,-0.32629258103902226,R1
2025-02-13 09:00:00,500,2.425427813310018,2.710679959655704,-0.2852521463456861,R1
2025-02-13 10:00:00,500,2.4650041057895877,2.7297637948146467,-0.264759689025059,R1
2025-02-13 11:00:00,500,2.5376649236659894,2.85590093194762,-0.3182360082816307,R1
2025-02-13 12:00:00,500,2.6307999934871424,2.867948832325133,-0.23714883883799054,R1
2025-02-13 13:00:00,500,2.576183082040634,2.9688459812695545,-0.3926628992289203,R1
2025-02-13 14:00:00,500,2.7420443083295494,2.94412580678033,-0.20208149845078083,R1
2025-02-13 15:00:00,500,2.823040008282593,3.0449847828884,-0.22194477460580675,R1
2025-02-13 16:00:00,500,2.841261822538032,3.0894666904266623,-0.24820486788863017,R1
2025-02-13 17:00:00,500,2.7556404999910287,3.1477652185619456,-0.3921247185709169,R1
2025-02-13 18:00:00,500,2.705555187474883,3.017664827504512,-0.3121096400296288,R1
2025-02-13 19:00:00,500,2.8599650202340534,3.140621539627589,-0.28065651939353575,R1
2025-02-13 20:00:00,500,2.752097919857459,2.9929592996099497,-0.24086137975249056,R1
2025-02-13 21:00:00,500,2.633170827654086,3.171235009425384,-0.5380641817712979,R1
2025-02-13 22:00:00,500,2.7426669874585703,3.1587986863371365,-0.41613169887856616,R1
2025-02-13 23:00:00,500,2.70126776245161,3.2869064145246774,-0.5856386520730674,R1
2025-02-14 00:00:00,500,2.735958268746685,3.155937294173805,-0.41997902542712007,R1
2025-02-14 01:00:00,500,2.807052953988766,2.9863979527138214,-0.1793449987250555,R1
2025-02-14 02:00:00,500,2.719363631610096,3.074405955836076,-0.3550423242259799,R1
2025-02-14 03:00:00,500,2.7308970379220585,3.185545439913576,-0.45464840199151757,R1
2025-02-14 04:00:00,500,2.8044533654269954,3.0092409813808763,-0.20478761595388084,R1
2025-02-14 05:00:00,500,2.80704833480334,3.1722800367148483,-0.3652317019115081,R1
2025-02-14 06:00:00,500,2.7389108262881154,3.2590020908763964,-0.5200912645882809,R1
2025-02-14 07:00:00,500,2.855338040151913,3.503787777623812,-0.6484497374718989,R1
2025-02-14 08:00:00,500,2.8123256406991914,3.163671278215346,-0.3513456375161548,R1
2025-02-14 09:00:00,500,2.7705424014423783,3.011420646898129,-0.24087824545575076,R1
2025-02-14 10:00:00,500,2.8042154071900134,3.3095295482093,-0.5053141410192867,R1
2025-02-14 11:00:00,500,2.8211680590758457,3.242924403284025,-0.42175634420817953,R1
2025-02-14 12:00:00,500,2.81341035949267,3.161657711695163,-0.34824735220249314,R1
2025-02-14 13:00:00,500,2.789614197132003,3.0452271391060384,-0.2556129419740354,R1
2025-02-14 14:00:00,500,2.8134027121233034,3.204676374459074,-0.39127366233577066,R1
2025-02-14 15:00:00,500,2.770632951665106,3.1234699701333555,-0.35283701846824966,R1
2025-02-14 16:00:00,500,2.8197995873333848,3.033766575353264,-0.21396698801987935,R1
2025-02-14 17:00:00,500,2.7504481720133174,3.1791177424053942,-0.42866957039207687,R1
2025-02-14 18:00:00,500,2.8810940305021733,2.9848330358673394,-0.10373900536516611,R1
2025-02-14 19:00:00,500,2.8269403611464714,3.3112878619301864,-0.484347500783715,R1
2025-02-14 20:00:00,500,2.8292376344257995,3.086887965549212,-0.2576503311234126,R1
2025-02-14 21:00:00,500,2.711410055638549,2.9958018586099167,-0.28439180297136746,R1
2025-02-14 22:00:00,500,2.768043835167173,2.985244002245892,-0.21720016707871936,R1
2025-02-14 23:00:00,500,2.775719166935894,3.184735317775498,-0.40901615083960374,R1
2025-02-15 00:00:00,500,2.7989370312771062,3.0931049170515434,-0.2941678857744372,R1
2025-02-15 01:00:00,500,2.804890518227801,3.061663268509789,-0.25677275028198787,R1
2025-02-15 02:00:00,500,2.6881503329715195,3.319920921947312,-0.6317705889757925,R1
2025-02-15 03:00:00,500,2.84331253370336,3.289414478626548,-0.4461019449231882,R1
2025-02-15 04:00:00,500,2.7826632176531665,3.0613028978560117,-0.27863968020284524,R1
2025-02-15 05:00:00,500,2.7606867703844875,3.130012121459928,-0.3693253510754406,R1
2025-02-15 06:00:00,500,2.7449175845712044,3.2185796552018378,-0.47366207063063337,R1
2025-02-15 07:00:00,500,2.846683509415623,3.057435046946789,-0.21075153753116593,R1
2025-02-15 08:00:00,500,2.8712103589986886,3.29272152790373,-0.42151116890504126,R1
2025-02-15 09:00:00,500,2.8341516180610697,3.2320339214419334,-0.3978823033808636,R1
2025-02-15 10:00:00,500,2.7927964884333574,3.1739532859700503,-0.38115679753669296,R1
2025-02-15 11:00:00,500,2.7802992979006165,3.109952586607078,-0.3296532887064614,R1
2025-02-15 12:00:00,500,2.8706686212827024,3.2015656477861856,-0.3308970265034832,R1
2025-02-15 13:00:00,500,2.7340197355955023,3.192709265530733,-0.45868952993523093,R1
2025-02-15 14:00:00,500,2.8979340421976105,3.1858532905317305,-0.28791924833411997,R1
2025-02-15 15:00:00,500,2.85705155523824,3.2973886812716398,-0.4403371260333997,R1
2025-02-15 16:00:00,500,2.8101835195564644,3.262829621788924,-0.4526461022324595,R1
2025-02-15 17:00:00,500,2.8248120561403,3.012251971147779,-0.18743991500747903,R1
2025-02-15 18:00:00,500,2.71450491986618,3.009914390331174,-0.2954094704649939,R1
2025-02-15 19:00:00,500,2.727039058828208,3.0045813978483675,-0.27754233902015946,R1
2025-02-15 20:00:00,500,2.709287105613825,2.9473217754001677,-0.2380346697863427,R1
2025-02-15 21:00:00,500,2.7812155944956825,3.0280309573710773,-0.24681536287539485,R1
2025-02-15 22:00:00,500,2.757722070243908,3.183687434443136,-0.42596536419922826,R1
2025-02-15 23:00:00,500,2.675089884811145,3.09927169212845,-0.4241818073173049,R1
2025-02-16 00:00:00,500,2.7174511075347416,3.142443472512149,-0.42499236497740744,R1
2025-02-16 01:00:00,500,2.730581544790334,3.216485147192558,-0.4859036024022241,R1
2025-02-16 02:00:00,500,2.7365572104619416,3.032415376709524,-0.2958581662475823,R1
2025-02-16 03:00:00,500,2.773264802269712,3.13032432865595,-0.3570595263862377,R1
2025-02-16 04:00:00,500,2.695533358190076,3.251512107559305,-0.555978749369229,R1
2025-02-16 05:00:00,500,2.737257129645572,3.173708650656444,-0.4364515210108717,R1
2025-02-16 06:00:00,500,2.6948385802915418,3.0422619333420577,-0.34742335305051597,R1
2025-02-16 07:00:00,500,2.7048220982852778,3.211790419318993,-0.5069683210337153,R1
2025-02-16 08:00:00,500,2.6289584328293056,3.0631518251421754,-0.4341933923128698,R1
2025-02-16 09:00:00,500,2.824977974928346,3.161701640724724,-0.3367236657963777,R1
2025-02-16 10:00:00,500,2.7563787094022048,3.353637547285061,-0.597258837882856,R1
2025-02-16 11:00:00,500,2.91364108493036,3.163264825144234,-0.24962374021387435,R1
2025-02-16 12:00:00,500,2.7812280894662083,3.136343462608989,-0.35511537314278074,R1
2025-02-16 13:00:00,500,2.780685708610744,3.1452624508364893,-0.3645767422257453,R1
2025-02-16 14:00:00,500,2.8470520491997053,3.318059572465041,-0.4710075232653357,R1
2025-02-16 15:00:00,500,2.846827718238982,3.137027936365964,-0.29020021812698227,R1
2025-02-16 16:00:00,500,2.8116257504507853,3.1689586444675317,-0.3573328940167464,R1
2025-02-16 17:00:00,500,2.8242899237636108,2.951303441609738,-0.12701351784612713,R1
2025-02-16 18:00:00,500,2.6981155821163467,3.1165249544200524,-0.4184093723037057,R1
2025-02-16 19:00:00,500,2.838686782955419,3.221347852243597,-0.382661069288178,R1
2025-02-16 20:00:00,500,2.76456334934617,3.0270965573249025,-0.26253320797873236,R1
2025-02-16 21:00:00,500,2.714025665369266,3.3773472439996413,-0.6633215786303754,R1
2025-02-16 22:00:00,500,2.769688341347773,3.270839316397708,-0.501150975049935,R1
2025-02-16 23:00:00,500,2.7697639895283146,3.268440710424279,-0.4986767208959644,R1
2025-02-17 00:00:00,500,2.8048363733945085,3.041514231824689,-0.23667785843018052,R1
2025-02-17 01:00:00,500,2.732557523878315,3.8011961717554295,-1.0686386478771146,R1
2025-02-17 02:00:00,500,2.7916554243489218,3.177416209469155,-0.38576078512023315,R1
2025-02-17 03:00:00,500,2.775351384567448,2.974540453771072,-0.19918906920362422,R1
2025-02-17 04:00:00,500,2.863916235879451,3.386237819283446,-0.5223215834039947,R1
2025-02-17 05:00:00,500,2.663909708085688,3.2887705330118653,-0.6248608249261771,R1
2025-02-17 06:00:00,500,2.855172557134386,3.243807237370804,-0.388634680236418,R1
2025-02-17 07:00:00,500,2.792572641890768,3.1185570103399707,-0.32598436844920275,R1
2025-02-17 08:00:00,500,2.804376281232471,3.177678070132913,-0.37330178890044197,R1
2025-02-17 09:00:00,500,2.744204594785704,2.8775170075606598,-0.13331241277495565,R1
2025-02-17 10:00:00,500,2.7573246102584967,3.093406953341684,-0.3360823430831874,R1
2025-02-17 11:00:00,500,2.748811203198452,3.1076809264063896,-0.3588697232079374,R1
2025-02-17 12:00:00,500,2.733469632436857,2.958812087549085,-0.22534245511222784,R1
2025-02-17 13:00:00,500,2.5612942960591707,2.97959419936359,-0.41829990330441946,R1
2025-02-17 14:00:00,500,2.8042615300604874,2.8485556146277724,-0.04429408456728501,R1
2025-02-17 15:00:00,500,2.756843087445342,2.887320823166272,-0.1304777357209299,R1
2025-02-17 16:00:00,500,2.740186289783828,2.9847735399228355,-0.2445872501390074,R1
2025-02-17 17:00:00,500,2.6703077745541624,2.9298254113375317,-0.25951763678336937,R1
2025-02-17 18:00:00,500,2.653210499570683,2.9613475173075776,-0.3081370177368945,R1
2025-02-17 19:00:00,500,2.5916455449075824,2.829349144280416,-0.2377035993728338,R1
2025-02-17 20:00:00,500,2.6448914748388326,3.00612212827916,-0.36123065344032756,R1
2025-02-17 21:00:00,500,2.6111396049208597,2.8699553754155285,-0.25881577049466875,R1
2025-02-17 22:00:00,500,2.6940467203524903,2.9966896875576188,-0.3026429672051285,R1
2025-02-17 23:00:00,500,2.560496923284844,2.9251951440717234,-0.36469822078687963,R1
2025-02-18 00:00:00,500,2.70603304785966,3.023460049838832,-0.3174270019791723,R1
2025-02-18 01:00:00,500,2.685133972810254,3.0045701014124253,-0.3194361286021712,R1
2025-02-18 02:00:00,500,2.675215958327386,2.866780981239856,-0.1915650229124699,R1
2025-02-18 03:00:00,500,2.7551588802246494,2.970155283559874,-0.21499640333522452,R1
2025-02-18 04:00:00,500,2.7013452537578484,2.840609372911554,-0.1392641191537054,R1
2025-02-18 05:00:00,500,2.5643713889509416,3.167219849788089,-0.6028484608371474,R1
2025-02-18 06:00:00,500,2.735874457778134,3.0523740715041816,-0.3164996137260476,R1
2025-02-18 07:00:00,500,2.6698577129538448,2.9654940888314707,-0.2956363758776259,R1
2025-02-18 08:00:00,500,2.6863106348167456,2.935491325124618,-0.2491806903078726,R1
2025-02-18 09:00:00,500,2.5885809156077806,3.0369519042123594,-0.4483709886045788,R1
2025-02-18 10:00:00,500,2.609059993328428,3.09601110922972,-0.4869511159012916,R1
2025-02-18 11:00:00,500,2.5892424124147886,2.8139151347163325,-0.2246727223015439,R1
2025-02-18 12:00:00,500,2.6473296291237998,2.970547784359078,-0.3232181552352782,R1
2025-02-18 13:00:00,500,2.7743802197582816,3.117312564992676,-0.3429323452343942,R1
2025-02-18 14:00:00,500,2.6715333277285547,2.882108763090333,-0.21057543536177814,R1
2025-02-18 15:00:00,500,2.7032736435698834,3.080368384881545,-0.37709474131166143,R1
2025-02-18 16:00:00,500,2.75594861872756,3.121259380647892,-0.3653107619203322,R1
2025-02-18 17:00:00,500,2.717027915125525,3.287288092871389,-0.570260177745864,R1
2025-02-18 18:00:00,500,2.7124765156529533,2.944814152321692,-0.23233763666873886,R1
2025-02-18 19:00:00,500,2.790587423852593,3.2420688842947665,-0.4514814604421735,R1
2025-02-18 20:00:00,500,2.746707093874542,3.287553517728768,-0.5408464238542257,R1
2025-02-18 21:00:00,500,2.691743405308718,3.298545351910116,-0.6068019466013981,R1
2025-02-18 22:00:00,500,2.757537747412787,3.127046714064211,-0.36950896665142396,R1
2025-02-18 23:00:00,500,2.72291859817998,3.073697543586346,-0.35077894540636567,R1
2025-02-19 00:00:00,500,2.766994404206383,3.1060477739598538,-0.3390533697534708,R1
2025-02-19 01:00:00,500,2.6809036971714577,3.0678941568686686,-0.3869904596972109,R1
2025-02-19 02:00:00,500,2.6677122359195056,2.8744465150565257,-0.20673427913702014,R1
2025-02-19 03:00:00,500,2.806290891704818,3.057526205362989,-0.25123531365817087,R1
2025-02-19 04:00:00,500,2.8485841798236606,3.1799644405591025,-0.3313802607354419,R1
2025-02-19 05:00:00,500,2.7984417063669853,3.0465428424439467,-0.24810113607696138,R1
2025-02-19 06:00:00,500,2.658099535953429,3.1224243846705413,-0.4643248487171121,R1
2025-02-19 07:00:00,500,2.7176543295534112,2.963525763054987,-0.2458714335015757,R1
2025-02-19 08:00:00,500,2.6958539920402087,3.17419903009493,-0.47834503805472117,R1
2025-02-19 09:00:00,500,2.7489093986649924,2.9666022374107106,-0.2176928387457182,R1
2025-02-19 10:00:00,500,2.751307706654147,2.9480013897031925,-0.19669368304904555,R1
2025-02-19 11:00:00,500,2.7315937290093637,2.982037591922857,-0.2504438629134933,R1
2025-02-19 12:00:00,500,2.684419818824473,3.120214627984928,-0.4357948091604551,R1
2025-02-19 13:00:00,500,2.711522219555255,2.921864876079756,-0.21034265652450124,R1
2025-02-19 14:00:00,500,2.6555246307447256,2.9270333337545624,-0.27150870300983687,R1
2025-02-19 15:00:00,500,2.700247691404763,2.965207570506726,-0.26495987910196295,R1
2025-02-19 16:00:00,500,2.807745033608253,2.94199102244871,-0.13424598884045702,R1
2025-02-19 17:00:00,500,2.908033065748836,3.020311625608091,-0.11227855985925528,R1
2025-02-19 18:00:00,500,2.714857999747016,3.052409173205405,-0.3375511734583889,R1
2025-02-19 19:00:00,500,2.7623931793206684,2.999513155495749,-0.23711997617508063,R1
2025-02-19 20:00:00,500,2.6442720168380967,2.879928191887182,-0.23565617504908554,R1
2025-02-19 21:00:00,500,2.7797015782663794,3.0245243833209963,-0.24482280505461684,R1
2025-02-19 22:00:00,500,2.699465406118338,3.0555898078850947,-0.35612440176675664,R1
2025-02-19 23:00:00,500,2.748186835977965,2.9911940821987635,-0.2430072462207984,R1
2025-02-20 00:00:00,500,2.734132647205307,2.9767486337680755,-0.24261598656276862,R1
2025-02-20 01:00:00,500,2.639795659051809,3.0757966655183817,-0.4360010064665727,R1
2025-02-20 02:00:00,500,2.608669762066005,2.780701505331833,-0.17203174326582804,R1
2025-02-20 03:00:00,500,2.6180588608923863,2.9609144802922063,-0.34285561939982,R1
2025-02-20 04:00:00,500,2.672613523966463,2.8611719233236337,-0.1885583993571709,R1
2025-02-20 05:00:00,500,2.609823819796945,2.89642634119175,-0.2866025213948049,R1
2025-02-20 06:00:00,500,2.6077838348342413,3.03974720032362,-0.43196336548937886,R1
2025-02-20 07:00:00,500,2.573112464057026,2.845492804462266,-0.2723803404052396,R1
2025-02-20 08:00:00,500,2.6708053421274727,2.927847802619841,-0.25704246049236845,R1
2025-02-20 09:00:00,500,2.745217038029768,2.9539822283169586,-0.20876519028719054,R1
2025-02-20 10:00:00,500,2.7159911655135467,2.918592329885883,-0.20260116437233622,R1
2025-02-20 11:00:00,500,2.6640672240618364,2.880124915447038,-0.2160576913852017,R1
2025-02-20 12:00:00,500,2.6166965805475058,2.8392370532604563,-0.22254047271295052,R1
2025-02-20 13:00:00,500,2.613109203688213,3.02588785325912,-0.4127786495709067,R1
2025-02-20 14:00:00,500,2.4736915912835338,2.898869231351549,-0.4251776400680152,R1
2025-02-20 15:00:00,500,2.538858453691628,2.995069165370238,-0.4562107116786098,R1
2025-02-20 16:00:00,500,2.7415720824541463,2.816912280137374,-0.07534019768322775,R1
2025-02-20 17:00:00,500,2.564478762905249,2.73609686157938,-0.17161809867413114,R1
2025-02-20 18:00:00,500,2.566023824496772,2.798404646417747,-0.23238082192097487,R1
2025-02-20 19:00:00,500,2.4736202119349957,2.690601348540873,-0.21698113660587737,R1
2025-02-20 20:00:00,500,2.6651131842790803,2.8829945314595435,-0.21788134718046326,R1
2025-02-20 21:00:00,500,2.6320737732258093,2.7982025390490457,-0.16612876582323644,R1
2025-02-20 22:00:00,500,2.617518869682649,2.7463936056425164,-0.12887473595986743,R1
2025-02-20 23:00:00,500,2.554412296134187,2.808554142368528,-0.254141846234341,R1
2025-02-21 00:00:00,500,2.6354033665080165,2.7955431897475904,-0.16013982323957388,R1
2025-02-21 01:00:00,500,2.526514208926904,2.6576727913390337,-0.13115858241212974,R1
2025-02-21 02:00:00,500,2.786081442667508,2.728590413837709,0.05749102882979873,R3
2025-02-21 03:00:00,500,2.552793728786112,2.7845842860489065,-0.2317905572627943,R1
2025-02-21 04:00:00,500,2.64540847428037,2.9131551370176623,-0.2677466627372924,R1
2025-02-21 05:00:00,500,2.617589981151714,2.8845028199792497,-0.2669128388275359,R1
2025-02-21 06:00:00,500,2.642883336650022,3.040112668956592,-0.3972293323065701,R1
2025-02-21 07:00:00,500,2.66614841425294,3.0402520007043123,-0.3741035864513722,R1
2025-02-21 08:00:00,500,2.76864453545552,2.936494131017884,-0.16784959556236378,R1
2025-02-21 09:00:00,500,2.65161206618673,2.818662248831848,-0.16705018264511784,R1
2025-02-21 10:00:00,500,2.5987249489402178,2.7822751144357243,-0.1835501654955065,R1
2025-02-21 11:00:00,500,2.703436101177199,3.0852607611989487,-0.38182466002174964,R1
2025-02-21 12:00:00,500,2.7642941602051736,3.221147369242109,-0.4568532090369355,R1
2025-02-21 13:00:00,500,2.7055923436633686,3.4065701285199443,-0.7009777848565757,R1
2025-02-21 14:00:00,500,2.707494052992516,3.375831778267192,-0.6683377252746756,R1
2025-02-21 15:00:00,500,2.710829027545204,2.8948391085067025,-0.18401008096149862,R1
2025-02-21 16:00:00,500,2.6809884658881185,2.981118261142974,-0.3001297952548554,R1
2025-02-21 17:00:00,500,2.591430456273486,3.0008834838452385,-0.4094530275717525,R1
2025-02-21 18:00:00,500,2.6582993218795083,2.9667516820868003,-0.30845236020729194,R1
2025-02-21 19:00:00,500,2.750375653220312,2.961671474673268,-0.2112958214529561,R1
2025-02-21 20:00:00,500,2.763042530207532,2.9194765304948467,-0.15643400028731458,R1
2025-02-21 21:00:00,500,2.619582453488245,2.9350903041792336,-0.3155078506909885,R1
2025-02-21 22:00:00,500,2.689706871843625,2.963718070753936,-0.2740111989103111,R1
2025-02-21 23:00:00,500,2.6010753841325984,3.134147581388314,-0.5330721972557155,R1
2025-02-22 00:00:00,500,2.7108750627754272,2.8918388084793145,-0.1809637457038873,R1
2025-02-22 01:00:00,500,2.7208064353514234,2.9448437906269547,-0.22403735527553126,R1
2025-02-22 02:00:00,500,2.629771450747948,2.8821207376773263,-0.2523492869293782,R1
2025-02-22 03:00:00,500,2.491173324036686,2.7261355518280848,-0.23496222779139897,R1
2025-02-22 04:00:00,500,2.564835996542348,2.7849865556481035,-0.22015055910575532,R1
2025-02-22 05:00:00,500,2.535576441149162,2.941357093665644,-0.4057806525164822,R1
2025-02-22 06:00:00,500,2.588022422010257,2.9975886977738875,-0.40956627576363047,R1
2025-02-22 07:00:00,500,2.599263431862806,2.795816781802149,-0.19655334993934304,R1
2025-02-22 08:00:00,500,2.538341655156706,2.9197722288939976,-0.3814305737372914,R1
2025-02-22 09:00:00,500,2.6263952983564955,2.9886382300555634,-0.36224293169906785,R1
2025-02-22 10:00:00,500,2.6482377692028294,2.95214109578991,-0.3039033265870805,R1
2025-02-22 11:00:00,500,2.5662662330237875,2.776356685975454,-0.2100904529516665,R1
2025-02-22 12:00:00,500,2.5412724669718525,2.9833434512351222,-0.44207098426326974,R1
2025-02-22 13:00:00,500,2.3963255092803872,2.711998130522313,-0.31567262124192563,R1
2025-02-22 14:00:00,500,2.343218112031652,2.7026765049325885,-0.3594583929009363,R1
2025-02-22 15:00:00,500,2.400858284775156,2.599730417994081,-0.19887213321892538,R1
2025-02-22 16:00:00,500,2.460658495769416,2.7074875297850065,-0.2468290340155903,R1
2025-02-22 17:00:00,500,2.271201901188911,2.535018038676183,-0.26381613748727206,R1
2025-02-22 18:00:00,500,2.671291836813805,2.7353072182286464,-0.06401538141484142,R1
2025-02-22 19:00:00,500,2.3653423020835063,2.66122064992658,-0.29587834784307354,R1
2025-02-22 20:00:00,500,2.683692598429728,2.604740253763779,0.07895234466594925,R3
2025-02-22 21:00:00,500,2.581541095467732,2.720971039162161,-0.13942994369442907,R1
2025-02-22 22:00:00,500,2.4766407918606985,2.675689645071756,-0.1990488532110577,R1
2025-02-22 23:00:00,500,2.5100828634853185,2.7403486565576256,-0.2302657930723071,R1
2025-02-23 00:00:00,500,2.378560340589297,2.598182592532563,-0.219622251943266,R1
2025-02-23 01:00:00,500,2.4520729661158422,2.57837687329072,-0.12630390717487794,R1
2025-02-23 02:00:00,500,2.3938836117590645,2.72897698325657,-0.3350933714975053,R1
2025-02-23 03:00:00,500,2.3415905417428364,2.7507476838952,-0.40915714215236365,R1
2025-02-23 04:00:00,500,2.2955695362155364,2.779792758270024,-0.48422322205448776,R1
2025-02-23 05:00:00,500,2.456336115538052,2.6411446953798694,-0.18480857984181753,R1
2025-02-23 06:00:00,500,2.3465150440744043,2.724094525323954,-0.3775794812495499,R1
2025-02-23 07:00:00,500,2.4202924815352365,2.7399244589727503,-0.3196319774375138,R1
2025-02-23 08:00:00,500,2.4115962908151136,2.619504334165262,-0.20790804335014856,R1
2025-02-23 09:00:00,500,2.540925974548835,2.705968319813471,-0.16504234526463613,R1
2025-02-23 10:00:00,500,2.2835817294253458,2.562370024171132,-0.27878829474578604,R1
2025-02-23 11:00:00,500,2.380570073948326,2.7017316001200635,-0.3211615261717373,R1
2025-02-23 12:00:00,500,2.675696443946194,2.8480797596366862,-0.17238331569049237,R1
2025-02-23 13:00:00,500,2.5937228099073715,2.9250527853680857,-0.3313299754607142,R1
2025-02-23 14:00:00,500,2.6166533406684893,2.804356961254395,-0.18770362058590573,R1
2025-02-23 15:00:00,500,2.565462092233482,3.0372129159995804,-0.47175082376609856,R1
2025-02-23 16:00:00,500,2.5519330786993035,2.806621503928378,-0.2546884252290744,R1
2025-02-23 17:00:00,500,2.738517223946399,2.941733748354604,-0.20321652440820515,R1
2025-02-23 18:00:00,500,2.58119129821676,2.9517671450407685,-0.37057584682400835,R1
2025-02-23 19:00:00,500,2.588274903684662,3.1055328930428834,-0.5172579893582214,R1
2025-02-23 20:00:00,500,2.605268179439125,2.902620468236133,-0.29735228879700815,R1
2025-02-23 21:00:00,500,2.7143886549379204,3.194909212229901,-0.48052055729198084,R1
2025-02-23 22:00:00,500,2.5945129395528466,2.8697629592085763,-0.2752500196557297,R1
2025-02-23 23:00:00,500,2.6915683026097894,2.9310821317262485,-0.23951382911645913,R1
2025-02-24 00:00:00,500,2.620647780327448,2.9510213597211474,-0.3303735793936995,R1
2025-02-24 01:00:00,500,2.717804353625821,2.867027777464542,-0.14922342383872067,R1
2025-02-24 02:00:00,500,2.768511997352884,3.0644747111225623,-0.2959627137696783,R1
2025-02-24 03:00:00,500,2.6948114716684013,2.9945371213227747,-0.2997256496543734,R1
2025-02-24 04:00:00,500,2.698329815338006,2.9522132435440507,-0.2538834282060445,R1
2025-02-24 05:00:00,500,2.799652860128369,3.2070069512866963,-0.4073540911583273,R1
2025-02-24 06:00:00,500,2.617861707903052,3.0873607558241183,-0.4694990479210661,R1
2025-02-24 07:00:00,500,2.547844608230988,3.0514150918202354,-0.5035704835892476,R1
2025-02-24 08:00:00,500,2.6558739317946665,2.885540269612893,-0.22966633781822665,R1
2025-02-24 09:00:00,500,2.7488664991980456,2.8749607528105776,-0.12609425361253201,R1
2025-02-24 10:00:00,500,2.59637541902636,2.767432150297346,-0.17105673127098608,R1
2025-02-24 11:00:00,500,2.688432049435347,2.999082485604227,-0.31065043616888,R1
2025-02-24 12:00:00,500,2.6180153739479364,2.986923428107934,-0.3689080541599976,R1
2025-02-24 13:00:00,500,2.7676088766816385,2.890651980160802,-0.12304310347916347,R1
2025-02-24 14:00:00,500,2.785399052760868,3.049688038436194,-0.2642889856753259,R1
2025-02-24 15:00:00,500,2.7474131033350093,2.987137773123681,-0.23972466978867146,R1
2025-02-24 16:00:00,500,2.7920333223403437,3.160083687239754,-0.36805036489941045,R1
2025-02-24 17:00:00,500,2.785596758318899,3.3947014347547046,-0.6091046764358055,R1
2025-02-24 18:00:00,500,2.843376657061225,3.2459304867082626,-0.40255382964703745,R1
2025-02-24 19:00:00,500,2.6732329800309573,3.295402493846269,-0.6221695138153116,R1
2025-02-24 20:00:00,500,2.737904714278483,3.455737091534318,-0.717832377255835,R1
2025-02-24 21:00:00,500,2.834832689155426,3.0352268705064382,-0.20039418135101217,R1
2025-02-24 22:00:00,500,2.7031701427889483,3.186665969466908,-0.4834958266779599,R1
2025-02-24 23:00:00,500,2.7479539775573176,3.061104265063169,-0.3131502875058514,R1
2025-02-25 00:00:00,500,2.804469202252685,3.2980990844274807,-0.49362988217479575,R1
2025-02-25 01:00:00,500,2.647838394349333,2.971997151929991,-0.32415875758065793,R1
2025-02-25 02:00:00,500,2.719176657490561,3.0608906414055137,-0.34171398391495256,R1
2025-02-25 03:00:00,500,2.777450744528351,3.006971570780064,-0.22952082625171322,R1
2025-02-25 04:00:00,500,2.767100110985045,2.9879557382758835,-0.22085562729083863,R1
2025-02-25 05:00:00,500,2.694625323213829,3.120629945427462,-0.42600462221363333,R1
2025-02-25 06:00:00,500,2.8009948217710434,3.195177306491978,-0.39418248472093476,R1
2025-02-25 07:00:00,500,2.748719741650567,3.063730638517801,-0.3150108968672338,R1
2025-02-25 08:00:00,500,2.813495554466934,3.120313467686793,-0.3068179132198594,R1
2025-02-25 09:00:00,500,2.748466954888728,3.0879246589168368,-0.3394577040281086,R1
2025-02-25 10:00:00,500,2.9707423874578383,3.1325257383127743,-0.161783350854936,R1
2025-02-25 11:00:00,500,2.7664073548444392,2.96675362438074,-0.20034626953630097,R1
2025-02-25 12:00:00,500,2.793914723675114,3.0975844831670725,-0.3036697594919584,R1
2025-02-25 13:00:00,500,2.778513912779827,3.227423282116929,-0.4489093693371018,R1
2025-02-25 14:00:00,500,2.9350907064541767,3.251130579339672,-0.3160398728854954,R1
2025-02-25 15:00:00,500,2.85399511899306,3.135619765981114,-0.2816246469880537,R1
2025-02-25 16:00:00,500,2.815712233766193,3.0743540946275303,-0.2586418608613372,R1
2025-02-25 17:00:00,500,2.800836446819434,3.1988049473695503,-0.39796850055011657,R1
2025-02-25 18:00:00,500,2.872222479829109,3.0614666864546654,-0.1892442066255562,R1
2025-02-25 19:00:00,500,2.7497831675640345,3.4953658578398508,-0.7455826902758163,R1
2025-02-25 20:00:00,500,2.8410146715661253,3.375696996371771,-0.5346823248056456,R1
2025-02-25 21:00:00,500,2.9499582358557777,3.4662073841597576,-0.5162491483039799,R1
2025-02-25 22:00:00,500,2.8411664812978783,3.136438725767525,-0.2952722444696465,R1
2025-02-25 23:00:00,500,2.7403268943988754,2.991505517405506,-0.25117862300663063,R1
2025-02-26 00:00:00,500,2.8273631168861293,3.057070372313897,-0.2297072554277677,R1
2025-02-26 01:00:00,500,2.8678440897154918,3.093650247057022,-0.22580615734153042,R1
2025-02-26 02:00:00,500,2.7629755215281238,3.4088200072903434,-0.6458444857622196,R1
2025-02-26 03:00:00,500,2.8452652781414005,3.0617288259760747,-0.21646354783467414,R1
2025-02-26 04:00:00,500,2.9891539483031124,3.255379455927676,-0.26622550762456365,R1
2025-02-26 05:00:00,500,2.819668476016813,2.9846550036717803,-0.16498652765496713,R1
2025-02-26 06:00:00,500,2.831666473055536,2.941001927206145,-0.1093354541506093,R1
2025-02-26 07:00:00,500,2.7920775729483984,3.0824477006124624,-0.290370127664064,R1
2025-02-26 08:00:00,500,2.739056129316336,3.1938291457414043,-0.4547730164250683,R1
2025-02-26 09:00:00,500,2.816081177937185,3.0153873552012094,-0.19930617726402433,R1
2025-02-26 10:00:00,500,2.973728937473745,3.226405341504813,-0.2526764040310683,R1
2025-02-26 11:00:00,500,2.8115731701062665,3.201892510049542,-0.3903193399432756,R1
2025-02-26 12:00:00,500,2.8076707606417672,3.1351396393356854,-0.32746887869391816,R1
2025-02-26 13:00:00,500,2.8620289723460948,3.0400317408530038,-0.178002768506909,R1
2025-02-26 14:00:00,500,2.8971027914916583,3.0665783960026074,-0.16947560451094912,R1
2025-02-26 15:00:00,500,2.7415762936370327,3.2046934450279494,-0.4631171513909167,R1
2025-02-26 16:00:00,500,2.756009256031682,3.069744248372005,-0.3137349923403234,R1
2025-02-26 17:00:00,500,2.746113592500915,3.219037694051728,-0.472924101550813,R1
2025-02-26 18:00:00,500,2.742308810036452,3.0335721112626053,-0.2912633012261532,R1
2025-02-26 19:00:00,500,2.719123132074129,3.217994725452359,-0.49887159337822995,R1
2025-02-26 20:00:00,500,2.7146497603318687,3.0659165909446995,-0.3512668306128308,R1
2025-02-26 21:00:00,500,2.7814553976883856,3.1060449422199152,-0.32458954453152966,R1
2025-02-26 22:00:00,500,2.7884844271146383,3.083074853600346,-0.29459042648570755,R1
2025-02-26 23:00:00,500,2.686781756583447,3.236787941957177,-0.5500061853737299,R1
2025-02-27 00:00:00,500,2.741835218723797,3.3499947228634084,-0.6081595041396115,R1
2025-02-27 01:00:00,500,2.734235718808592,3.027097480043145,-0.292861761234553,R1
2025-02-27 02:00:00,500,2.6971135037669027,3.166127632763709,-0.46901412899680617,R1
2025-02-27 03:00:00,500,2.748610570624592,3.0396057032837107,-0.2909951326591189,R1
2025-02-27 04:00:00,500,2.817535820238765,3.0685733166126465,-0.25103749637388173,R1
2025-02-27 05:00:00,500,2.7913595646814504,3.069560480429931,-0.2782009157484806,R1
2025-02-27 06:00:00,500,2.6835226811961927,2.945727717033379,-0.26220503583718635,R1
2025-02-27 07:00:00,500,2.8018469295016266,3.1400276281573096,-0.338180698655683,R1
2025-02-27 08:00:00,500,2.8148868997636574,3.169747145510785,-0.3548602457471275,R1
2025-02-27 09:00:00,500,2.7247454505378537,3.096741632273037,-0.3719961817351831,R1
2025-02-27 10:00:00,500,2.768217501912427,3.160953312996688,-0.3927358110842607,R1
2025-02-27 11:00:00,500,2.802328688328187,2.952045301283833,-0.14971661295564598,R1
2025-02-27 12:00:00,500,2.890498743820792,3.115275867927323,-0.22477712410653083,R1
2025-02-27 13:00:00,500,2.8006063494837563,3.236162858198702,-0.4355565087149458,R1
2025-02-27 14:00:00,500,2.8527517092570105,3.2175429673789457,-0.36479125812193525,R1
2025-02-27 15:00:00,500,2.845587929108519,3.19835582902482,-0.3527678999163011,R1
2025-02-27 16:00:00,500,2.8988292516979626,3.2667299465350426,-0.36790069483708,R1
2025-02-27 17:00:00,500,2.755997537952918,3.1061585451732907,-0.3501610072203727,R1
2025-02-27 18:00:00,500,2.8214696789820275,3.0832830561016555,-0.26181337711962804,R1
2025-02-27 19:00:00,500,2.759534781992317,3.124691379694129,-0.36515659770181186,R1
2025-02-27 20:00:00,500,2.722096164547952,3.23774369489574,-0.5156475303477883,R1
2025-02-27 21:00:00,500,2.7407601564961968,3.158187992058339,-0.41742783556214214,R1
2025-02-27 22:00:00,500,2.7930763219580923,3.1523099318787184,-0.35923360992062614,R1
2025-02-27 23:00:00,500,2.8888219536367834,3.2728757798255037,-0.3840538261887203,R1
2025-02-28 00:00:00,500,2.841246094856117,3.1155208482875385,-0.2742747534314214,R1
2025-02-28 01:00:00,500,2.923834001767623,3.11498097268095,-0.19114697091332689,R1
2025-02-28 02:00:00,500,2.79611068671936,3.1431212257645766,-0.3470105390452165,R1
2025-02-28 03:00:00,500,2.868062030666681,3.146488028376911,-0.27842599771023036,R1
2025-02-28 04:00:00,500,2.75994878217392,3.115728868806711,-0.3557800866327909,R1
2025-02-28 05:00:00,500,2.728508640193196,3.134701120628878,-0.40619248043568223,R1
2025-02-28 06:00:00,500,2.7986192136983568,3.134812685844303,-0.3361934721459461,R1
2025-02-28 07:00:00,500,2.7881780814793693,3.126017096229156,-0.3378390147497865,R1
2025-02-28 08:00:00,500,2.723068147313453,3.4896573761526635,-0.7665892288392104,R1
2025-02-28 09:00:00,500,2.7640256770305727,3.1402794844749584,-0.37625380744438575,R1
2025-02-28 10:00:00,500,2.8164615163432707,3.0456628099127707,-0.22920129356950003,R1
2025-02-28 11:00:00,500,2.861551436068019,3.263159265915336,-0.4016078298473169,R1
2025-02-28 12:00:00,500,2.834902428835117,3.3470938115181137,-0.5121913826829969,R1
2025-02-28 13:00:00,500,2.8296000254635967,3.231455772224396,-0.40185574676079927,R1
2025-02-28 14:00:00,500,2.8841360247283943,3.28932326368644,-0.40518723895804554,R1
2025-02-28 15:00:00,500,2.749684097734268,3.205859318169934,-0.45617522043566616,R1
2025-02-28 16:00:00,500,2.751981662536488,3.110975602995904,-0.358993940459416,R1
2025-02-28 17:00:00,500,2.763219648221462,3.265819457354174,-0.502599809132712,R1
2025-02-28 18:00:00,500,2.7620301640617573,3.050146079387854,-0.2881159153260966,R1
2025-02-28 19:00:00,500,2.8512723266030537,3.1341519596437446,-0.28287963304069086,R1
2025-02-28 20:00:00,500,2.861615900049704,3.15748295064882,-0.2958670505991159,R1
2025-02-28 21:00:00,500,2.76017874978734,3.085667118018627,-0.3254883682312868,R1
2025-02-28 22:00:00,500,2.7025310134077207,3.0546996586351978,-0.35216864522747704,R1
2025-02-28 23:00:00,500,2.795662033425867,3.148202643472737,-0.35254061004686976,R1
2025-03-01 00:00:00,500,2.7329804420658768,3.1590758301877586,-0.42609538812188186,R1
2025-03-01 01:00:00,500,2.720650562121117,3.1509735725185064,-0.4303230103973892,R1
2025-03-01 02:00:00,500,2.7394133669723333,3.116381878499865,-0.37696851152753164,R1
2025-03-01 03:00:00,500,2.872115019693428,3.060474100996279,-0.18835908130285084,R1
2025-03-01 04:00:00,500,2.8314811215050506,3.1585759624677148,-0.32709484096266417,R1
2025-03-01 05:00:00,500,2.768357402268733,3.0514551172043856,-0.2830977149356526,R1
2025-03-01 06:00:00,500,2.8261581354993988,3.0521028922758826,-0.22594475677648385,R1
2025-03-01 07:00:00,500,3.052840914566835,3.19336191648756,-0.14052100192072503,R1
2025-03-01 08:00:00,500,2.8052802105435326,3.137206784374769,-0.33192657383123647,R1
2025-03-01 09:00:00,500,2.9241274979757907,3.167810395919555,-0.2436828979437644,R1
2025-03-01 10:00:00,500,2.8677616648927238,3.20064691757954,-0.332885252686816,R1
2025-03-01 11:00:00,500,2.804529385351085,2.988018134471741,-0.18348874912065627,R1
2025-03-01 12:00:00,500,2.76851465817432,3.179534769376392,-0.4110201112020717,R1
2025-03-01 13:00:00,500,2.781309182074988,3.1929352066268484,-0.4116260245518606,R1
2025-03-01 14:00:00,500,2.858324286498986,3.078581597915888,-0.2202573114169022,R1
2025-03-01 15:00:00,500,2.797989190806874,2.9955869713038874,-0.19759778049701326,R1
2025-03-01 16:00:00,500,2.7591026142247816,3.174680955637008,-0.4155783414122265,R1
2025-03-01 17:00:00,500,2.739185608526785,3.093267595011408,-0.3540819864846232,R1
2025-03-01 18:00:00,500,2.6357679016352784,3.0786498184527296,-0.44288191681745115,R1
2025-03-01 19:00:00,500,2.7944569708124294,3.021087304682174,-0.2266303338697444,R1
2025-03-01 20:00:00,500,2.744076120556337,3.2363790609790195,-0.4923029404226824,R1
2025-03-01 21:00:00,500,2.7114399393017403,3.075841811678059,-0.3644018723763187,R1
2025-03-01 22:00:00,500,2.8076022356787944,3.1051348557685907,-0.2975326200897963,R1
2025-03-01 23:00:00,500,2.7712012678088733,3.130441730932444,-0.35924046312357083,R1
2025-03-02 00:00:00,500,2.803420469263674,2.975868882355281,-0.17244841309160686,R1
2025-03-02 01:00:00,500,2.790859101457173,3.183141450286426,-0.39228234882925284,R1
2025-03-02 02:00:00,500,2.6844688214079286,3.0761542939796622,-0.3916854725717336,R1
2025-03-02 03:00:00,500,2.69990213729808,2.992317107706656,-0.2924149704085761,R1
2025-03-02 04:00:00,500,2.836189892057323,3.0939239580767546,-0.2577340660194314,R1
2025-03-02 05:00:00,500,2.841636655318576,3.289294735968757,-0.44765808065018087,R1
2025-03-02 06:00:00,500,2.776713012345017,3.246341270053628,-0.46962825770861105,R1
2025-03-02 07:00:00,500,2.8057100543703397,3.0137776036793547,-0.20806754930901494,R1
2025-03-02 08:00:00,500,2.840411467309344,3.188765898432052,-0.3483544311227078,R1
2025-03-02 09:00:00,500,2.886302051307557,3.196492932260831,-0.31019088095327385,R1
2025-03-02 10:00:00,500,2.8983992154135696,3.045195904207086,-0.1467966887935166,R1
2025-03-02 11:00:00,500,2.815983385289966,3.0950543810801583,-0.27907099579019246,R1
2025-03-02 12:00:00,500,2.92459817079986,3.03685503693586,-0.11225686613599972,R1
2025-03-02 13:00:00,500,2.78259389573201,3.1677906914131126,-0.38519679568110243,R1
2025-03-02 14:00:00,500,2.924653453596308,3.3269311073126517,-0.40227765371634394,R1
2025-03-02 15:00:00,500,2.837239373258433,3.197399942910731,-0.36016056965229826,R1
2025-03-02 16:00:00,500,2.802789755624336,3.094328727967514,-0.2915389723431776,R1
2025-03-02 17:00:00,500,2.781802001577004,3.386786561150785,-0.6049845595737806,R1
2025-03-02 18:00:00,500,2.7956495377519657,3.104366615814915,-0.3087170780629491,R1
2025-03-02 19:00:00,500,2.7640196561611448,3.1149801088364937,-0.3509604526753489,R1
2025-03-02 20:00:00,500,2.7855218598192297,3.0559944363291143,-0.27047257650988454,R1
2025-03-02 21:00:00,500,2.7770525729924778,3.113034206093992,-0.3359816331015142,R1
2025-03-02 22:00:00,500,2.711840612762837,3.1849034738631743,-0.47306286110033735,R1
2025-03-02 23:00:00,500,2.773051724934714,3.462254489550365,-0.6892027646156507,R1
2025-03-03 00:00:00,500,2.7782097462418327,3.031881317878076,-0.25367157163624343,R1
2025-03-03 01:00:00,500,2.8496725962491816,3.065373407829268,-0.21570081158008625,R1
2025-03-03 02:00:00,500,2.803269592334452,3.0596859961043053,-0.2564164037698533,R1
2025-03-03 03:00:00,500,2.737093623448255,3.125203822545858,-0.388110199097603,R1
2025-03-03 04:00:00,500,2.766542506950739,3.3408106723868967,-0.5742681654361577,R1
2025-03-03 05:00:00,500,2.830051308644053,3.207401899168949,-0.37735059052489595,R1
2025-03-03 06:00:00,500,2.8336681570149307,3.1100543613923306,-0.2763862043773999,R1
2025-03-03 07:00:00,500,2.724675712254823,3.0976056280873845,-0.3729299158325614,R1
2025-03-03 08:00:00,500,2.8981906364404906,3.2145238976512127,-0.31633326121072214,R1
2025-03-03 09:00:00,500,2.776815781253937,2.969916312141873,-0.19310053088793566,R1
2025-03-03 10:00:00,500,2.875122625678736,2.9424636718192096,-0.06734104614047354,R1
2025-03-03 11:00:00,500,2.6854049514118485,3.028133621435263,-0.34272867002341467,R1
2025-03-03 12:00:00,500,2.744250640769308,3.163875031089771,-0.4196243903204633,R1
2025-03-03 13:00:00,500,2.762572281037164,2.957035424456546,-0.19446314341938242,R1
2025-03-03 14:00:00,500,2.713266908613002,3.072381187902553,-0.359114279289551,R1
2025-03-03 15:00:00,500,2.659784967951533,3.1065139951809524,-0.44672902722941954,R1
2025-03-03 16:00:00,500,2.678961859369853,3.093597591459242,-0.41463573208938875,R1
2025-03-03 17:00:00,500,2.6391866346099144,2.996345072849547,-0.35715843823963267,R1
2025-03-03 18:00:00,500,2.558461013382181,2.9534225448733333,-0.3949615314911523,R1
2025-03-03 19:00:00,500,2.6805253168566523,3.04927523446437,-0.3687499176077176,R1
2025-03-03 20:00:00,500,2.586593726961964,2.8942743189412705,-0.3076805919793064,R1
2025-03-03 21:00:00,500,2.698719159419821,3.01483491001465,-0.3161157505948289,R1
2025-03-03 22:00:00,500,2.755286523582382,2.944531775772882,-0.18924525219050015,R1
2025-03-03 23:00:00,500,2.6584606734422214,2.81591504997859,-0.15745437653636873,R1
2025-03-04 00:00:00,500,2.683713836392075,3.082294244814306,-0.39858040842223064,R1
2025-03-04 01:00:00,500,2.695263967464265,3.166614547624366,-0.471350580160101,R1
2025-03-04 02:00:00,500,2.665299309910416,3.0607349575857943,-0.3954356476753782,R1
2025-03-04 03:00:00,500,2.630613970406505,3.0196139122782872,-0.38899994187178244,R1
2025-03-04 04:00:00,500,2.737885218651043,2.786732533373335,-0.04884731472229209,R1
2025-03-04 05:00:00,500,2.646732364145157,2.9034555283888333,-0.25672316424367647,R1
2025-03-04 06:00:00,500,2.7260094414348126,2.96990401733475,-0.24389457589993757,R1
2025-03-04 07:00:00,500,2.6476908767409864,3.108841077742381,-0.4611502010013946,R1
2025-03-04 08:00:00,500,2.7100561645766508,3.031013347525366,-0.3209571829487152,R1
2025-03-04 09:00:00,500,2.669744500624219,3.037511934320446,-0.3677674336962271,R1
2025-03-04 10:00:00,500,2.684233062210127,2.966516221285373,-0.2822831590752459,R1
2025-03-04 11:00:00,500,2.64273627809266,2.857754691134675,-0.21501841304201497,R1
2025-03-04 12:00:00,500,2.521769785081717,2.7542122998171967,-0.23244251473547983,R1
2025-03-04 13:00:00,500,2.729450150420649,3.028795208476245,-0.29934505805559564,R1
2025-03-04 14:00:00,500,2.7135409914372675,2.822256484539394,-0.10871549310212636,R1
2025-03-04 15:00:00,500,2.7685835723687098,3.057547353049292,-0.28896378068058226,R1
2025-03-04 16:00:00,500,2.6354682949044634,2.836510917253352,-0.2010426223488886,R1
2025-03-04 17:00:00,500,2.5031815466872422,2.961955091171752,-0.4587735444845098,R1
2025-03-04 18:00:00,500,2.5398752889027825,2.8964002077654527,-0.35652491886267024,R1
2025-03-04 19:00:00,500,2.4275100125424034,2.859319953568781,-0.4318099410263776,R1
2025-03-04 20:00:00,500,2.4964866458140915,2.8468008935420603,-0.3503142477279688,R1
2025-03-04 21:00:00,500,2.511528536974668,2.808893424646401,-0.29736488767173297,R1
2025-03-04 22:00:00,500,2.631969974811828,2.947546981840318,-0.31557700702849,R1
2025-03-04 23:00:00,500,2.634477668469697,2.938513815173409,-0.30403614670371226,R1
2025-03-05 00:00:00,500,2.5099668141996143,3.0591700444818644,-0.54920323028225,R1
2025-03-05 01:00:00,500,2.575753634092197,2.774384893603986,-0.19863125951178873,R1
2025-03-05 02:00:00,500,2.570390231175568,2.8752984926203147,-0.3049082614447465,R1
2025-03-05 03:00:00,500,2.56338661795561,2.8313273868506923,-0.2679407688950821,R1
2025-03-05 04:00:00,500,2.493343895354999,2.755427371339113,-0.26208347598411397,R1
2025-03-05 05:00:00,500,2.5505525123520147,2.980268740177734,-0.42971622782571917,R1
2025-03-05 06:00:00,500,2.636648660258096,2.8250366427064515,-0.18838798244835564,R1
2025-03-05 07:00:00,500,2.561247993785496,2.759891844651128,-0.19864385086563185,R1
2025-03-05 08:00:00,500,2.4985134001267637,2.858646550237574,-0.36013315011081026,R1
2025-03-05 09:00:00,500,2.5676488416317924,2.6600570967825523,-0.0924082551507599,R1
2025-03-05 10:00:00,500,2.424444493583751,2.8414906034080354,-0.41704610982428436,R1
2025-03-05 11:00:00,500,2.4052626417288976,2.8990597317237445,-0.49379708999484695,R1
2025-03-05 12:00:00,500,2.6746459316597075,2.834060545926579,-0.15941461426687153,R1
2025-03-05 13:00:00,500,2.566057050179352,2.6763540590788644,-0.11029700889951233,R1
2025-03-05 14:00:00,500,2.5265888813401327,2.8088263335941472,-0.28223745225401453,R1
2025-03-05 15:00:00,500,2.3576837831742514,2.661060628584862,-0.3033768454106105,R1
2025-03-05 16:00:00,500,2.4829431234422894,2.601329444476739,-0.11838632103444979,R1
2025-03-05 17:00:00,500,2.435361337293268,2.6754553041152995,-0.24009396682203166,R1
2025-03-05 18:00:00,500,2.4539638634443754,2.699349713893566,-0.24538585044919037,R1
2025-03-05 19:00:00,500,2.38838572980298,2.7327024303236165,-0.3443167005206367,R1
2025-03-05 20:00:00,500,2.3915151448680865,2.6029575698374736,-0.21144242496938714,R1
2025-03-05 21:00:00,500,2.5213024737699565,2.626350068906967,-0.10504759513701067,R1
2025-03-05 22:00:00,500,2.6511494828878943,2.726361291649225,-0.07521180876133071,R1
2025-03-05 23:00:00,500,2.3517946769900018,2.817375767967019,-0.4655810909770173,R1
2025-03-06 00:00:00,500,2.444989051471069,2.802875596020016,-0.35788654454894697,R1
2025-03-06 01:00:00,500,2.4828319102238785,2.704255210176968,-0.22142329995308963,R1
2025-03-06 02:00:00,500,2.377089387736861,2.590970807022048,-0.21388141928518678,R1
2025-03-06 03:00:00,500,2.3955405934982146,2.500729410518278,-0.10518881702006322,R1
2025-03-06 04:00:00,500,2.406915002839307,2.616360714353328,-0.2094457115140207,R1
2025-03-06 05:00:00,500,2.4977113773159045,2.735821569627406,-0.23811019231150166,R1
2025-03-06 06:00:00,500,2.417668654036829,2.5708841333630046,-0.15321547932617552,R1
2025-03-06 07:00:00,500,2.249586119547628,2.660502453628396,-0.4109163340807678,R1
2025-03-06 08:00:00,500,2.3126399444217007,2.6337982891915663,-0.3211583447698656,R1
2025-03-06 09:00:00,500,2.586594336055293,2.621974829185115,-0.03538049312982183,R1
2025-03-06 10:00:00,500,2.436170248856333,2.587902896363907,-0.15173264750757376,R1
2025-03-06 11:00:00,500,2.44318817635114,2.8033123080754,-0.36012413172425983,R1
2025-03-06 12:00:00,500,2.4232467321205777,2.7866952978772668,-0.36344856575668905,R1
2025-03-06 13:00:00,500,2.5550314798112788,2.8842996452301337,-0.32926816541885495,R1
2025-03-06 14:00:00,500,2.590527787439864,3.0388628281133463,-0.4483350406734825,R1
2025-03-06 15:00:00,500,2.5370068508927885,2.8276440985627715,-0.290637247669983,R1
2025-03-06 16:00:00,500,2.6321049697166963,2.9157631632633585,-0.2836581935466622,R1
2025-03-06 17:00:00,500,2.579079952167487,2.90615552887476,-0.32707557670727283,R1
2025-03-06 18:00:00,500,2.5849593671476896,2.8393075403366868,-0.25434817318899716,R1
2025-03-06 19:00:00,500,2.4519587145887853,2.9195029656571387,-0.4675442510683534,R1
2025-03-06 20:00:00,500,2.457108137204975,2.720683507562649,-0.2635753703576742,R1
2025-03-06 21:00:00,500,2.4908690081810363,2.776034108581865,-0.28516510040082865,R1
2025-03-06 22:00:00,500,2.4906532941845354,2.698323111333597,-0.2076698171490614,R1
2025-03-06 23:00:00,500,2.4131547091756835,2.877739141852582,-0.46458443267689864,R1
2025-03-07 00:00:00,500,2.480538663621864,3.0384018483783475,-0.5578631847564837,R1
2025-03-07 01:00:00,500,2.474208176087197,2.867136957124269,-0.3929287810370723,R1
2025-03-07 02:00:00,500,2.4166943570082,2.7512584388619468,-0.33456408185374675,R1
2025-03-07 03:00:00,500,2.443465366222678,2.762830874681637,-0.31936550845895884,R1
2025-03-07 04:00:00,500,2.616039128637707,2.690613352239896,-0.0745742236021889,R1
2025-03-07 05:00:00,500,2.5214980469780275,2.798806644355124,-0.27730859737709634,R1
2025-03-07 06:00:00,500,2.5897902835840068,2.6939013852392413,-0.10411110165523452,R1
2025-03-07 07:00:00,500,2.375384782805284,2.6710289127875426,-0.29564412998225853,R1
2025-03-07 08:00:00,500,2.494996727046241,2.7462824461764748,-0.2512857191302338,R1
2025-03-07 09:00:00,500,2.415760015981271,2.789671995807553,-0.373911979826282,R1
2025-03-07 10:00:00,500,2.5576766099689863,2.843147766543068,-0.2854711565740815,R1
2025-03-07 11:00:00,500,2.697141118401001,2.907743756183216,-0.21060263778221522,R1
2025-03-07 12:00:00,500,2.7389685476021457,3.0160883757772434,-0.2771198281750977,R1
2025-03-07 13:00:00,500,2.781602803489493,2.9394216100546293,-0.15781880656513625,R1
2025-03-07 14:00:00,500,2.542188583648992,2.7601505979744267,-0.2179620143254346,R1
2025-03-07 15:00:00,500,2.537689644921368,2.80515277344854,-0.2674631285271718,R1
2025-03-07 16:00:00,500,2.618813408114552,2.91450172503435,-0.2956883169197977,R1
2025-03-07 17:00:00,500,2.5947707787232117,3.058133673604312,-0.4633628948811004,R1
2025-03-07 18:00:00,500,2.745416291742912,2.944574974331892,-0.19915868258897973,R1
2025-03-07 19:00:00,500,2.6978723562486766,2.9776075470632333,-0.27973519081455667,R1
2025-03-07 20:00:00,500,2.56554611055137,2.99648631852954,-0.4309402079781699,R1
2025-03-07 21:00:00,500,2.6567975233079806,2.851125711256173,-0.19432818794819262,R1
2025-03-07 22:00:00,500,2.548794225156581,2.846705741153176,-0.29791151599659527,R1
2025-03-07 23:00:00,500,2.538171857342864,2.936115412924757,-0.3979435555818931,R1
2025-03-08 00:00:00,500,2.508287542504565,2.8873876575812885,-0.3791001150767235,R1
2025-03-08 01:00:00,500,2.513062375851223,2.9931147967363803,-0.4800524208851571,R1
2025-03-08 02:00:00,500,2.5696464312110776,3.0729649097239125,-0.5033184785128348,R1
2025-03-08 03:00:00,500,2.6233085078363345,2.880674818209749,-0.2573663103734143,R1
2025-03-08 04:00:00,500,2.507077125927296,2.907041965864692,-0.3999648399373963,R1
2025-03-08 05:00:00,500,2.666915576943564,2.908597782835127,-0.24168220589156286,R1
2025-03-08 06:00:00,500,2.615425340760523,2.84007529661707,-0.22464995585654712,R1
2025-03-08 07:00:00,500,2.614163883043683,2.97278718037225,-0.3586232973285668,R1
2025-03-08 08:00:00,500,2.589602898996959,2.99487042196712,-0.4052675229701612,R1
2025-03-08 09:00:00,500,2.4369670933802854,2.948851535659984,-0.5118844422796984,R1
2025-03-08 10:00:00,500,2.6570528097752386,2.9991455345667792,-0.3420927247915406,R1
2025-03-08 11:00:00,500,2.775698187074157,2.939765429757407,-0.16406724268325013,R1
2025-03-08 12:00:00,500,2.6160680209514804,3.111294430380339,-0.49522640942885854,R1
2025-03-08 13:00:00,500,2.7260206481099285,3.032845870003187,-0.30682522189325834,R1
2025-03-08 14:00:00,500,2.6983512467743185,2.9631753624495936,-0.2648241156752751,R1
2025-03-08 15:00:00,500,2.738138117131931,3.163349015839568,-0.42521089870763706,R1
2025-03-08 16:00:00,500,2.855454011620808,3.1270668053692305,-0.27161279374842273,R1
2025-03-08 17:00:00,500,2.7769398745907545,2.9869874943883485,-0.210047619797594,R1
2025-03-08 18:00:00,500,2.719693834003712,3.2549936411576077,-0.5352998071538959,R1
2025-03-08 19:00:00,500,2.7199117511295343,2.927522149001321,-0.20761039787178648,R1
2025-03-08 20:00:00,500,2.695601079040503,3.1083221743350613,-0.41272109529455836,R1
2025-03-08 21:00:00,500,2.72621720766712,2.9988939000318777,-0.27267669236475767,R1
2025-03-08 22:00:00,500,2.73349474195064,3.4701342629427727,-0.7366395209921328,R1
2025-03-08 23:00:00,500,2.8199019044268927,3.0644890329371,-0.24458712851020747,R1
2025-03-09 00:00:00,500,2.8098773634391265,3.075406228954204,-0.2655288655150776,R1
2025-03-09 01:00:00,500,2.756638367597732,3.123608026694311,-0.3669696590965792,R1
2025-03-09 02:00:00,500,2.6886941934570223,3.0688198645730345,-0.38012567111601214,R1
2025-03-09 03:00:00,500,2.633222585467714,2.935295725811904,-0.3020731403441901,R1
2025-03-09 04:00:00,500,2.68188849954354,3.1774098929893038,-0.4955213934457636,R1
2025-03-09 05:00:00,500,2.747557109711501,3.031475357632818,-0.28391824792131715,R1
2025-03-09 06:00:00,500,2.690659572627704,3.1726059275961744,-0.4819463549684704,R1
2025-03-09 07:00:00,500,2.7407032706655325,3.193065780091666,-0.45236250942613365,R1
2025-03-09 08:00:00,500,2.713191651338782,3.220681616864139,-0.5074899655253566,R1
2025-03-09 09:00:00,500,2.9291852571067256,3.292501986266971,-0.36331672916024527,R1
2025-03-09 10:00:00,500,2.8909802723707823,3.2182062314838915,-0.32722595911310925,R1
2025-03-09 11:00:00,500,2.895003421222909,3.089651879392151,-0.19464845816924203,R1
2025-03-09 12:00:00,500,2.896802137607173,2.9592795787027435,-0.06247744109557063,R1
2025-03-09 13:00:00,500,2.847385697793172,3.238741095346917,-0.39135539755374493,R1
2025-03-09 14:00:00,500,2.7941370583044067,3.1437121190275445,-0.3495750607231378,R1
2025-03-09 15:00:00,500,2.8114606879877484,3.253405481680656,-0.44194479369290773,R1
2025-03-09 16:00:00,500,2.9120305687594445,3.0888654900137684,-0.17683492125432387,R1
2025-03-09 17:00:00,500,2.72743112745086,2.9871697524436414,-0.25973862499278155,R1
2025-03-09 18:00:00,500,2.782929357421977,3.145819991425011,-0.3628906340030338,R1
2025-03-09 19:00:00,500,2.706108040793254,3.0532726300656736,-0.34716458927241955,R1
2025-03-09 20:00:00,500,2.8148820855323127,3.0759136474046267,-0.261031561872314,R1
2025-03-09 21:00:00,500,2.758988219613487,3.160452542692777,-0.40146432307929025,R1
2025-03-09 22:00:00,500,2.6779177728355745,3.129579531089452,-0.45166175825387755,R1
2025-03-09 23:00:00,500,2.7534447943664664,3.1543502590999117,-0.40090546473344535,R1
2025-03-10 00:00:00,500,2.765232220953734,3.187447186264368,-0.42221496531063396,R1
2025-03-10 01:00:00,500,2.6678859232186567,3.13987890783424,-0.4719929846155835,R1
2025-03-10 02:00:00,500,2.634786338465196,3.1488699071255315,-0.5140835686603356,R1
2025-03-10 03:00:00,500,2.771815270839159,3.0476456295066643,-0.2758303586675055,R1
2025-03-10 04:00:00,500,2.821578561502308,3.188225851906984,-0.36664729040467625,R1
2025-03-10 05:00:00,500,2.816135176856865,3.226075486166349,-0.409940309309484,R1
2025-03-10 06:00:00,500,2.792998730761522,3.1576057224023395,-0.36460699164081767,R1
2025-03-10 07:00:00,500,2.7774641846583945,3.133007122840803,-0.35554293818240845,R1
2025-03-10 08:00:00,500,2.774752939580173,3.101872478349208,-0.3271195387690349,R1
2025-03-10 09:00:00,500,2.7022768676290463,3.1187154840773648,-0.4164386164483185,R1
2025-03-10 10:00:00,500,2.7971942937860903,3.155925146952572,-0.3587308531664819,R1
2025-03-10 11:00:00,500,2.81756323283394,3.139399886206786,-0.32183665337284584,R1
2025-03-10 12:00:00,500,2.839597967343606,3.071267325578108,-0.2316693582345022,R1
2025-03-10 13:00:00,500,2.769972446052859,3.1676700271201907,-0.39769758106733155,R1
2025-03-10 14:00:00,500,2.864342748336313,3.0029397125083213,-0.13859696417200817,R1
2025-03-10 15:00:00,500,2.8456952492580614,3.1322072405837607,-0.28651199132569927,R1
2025-03-10 16:00:00,500,2.791926961847748,3.1215695365667986,-0.3296425747190508,R1
2025-03-10 17:00:00,500,2.773806937781259,3.0537370791570213,-0.27993014137576244,R1
2025-03-10 18:00:00,500,2.7904351591586325,3.082616268666661,-0.29218110950802867,R1
2025-03-10 19:00:00,500,2.7145093525104977,3.0904662517747328,-0.37595689926423503,R1
2025-03-10 20:00:00,500,2.832860717522447,2.9981087274868243,-0.16524800996437738,R1
2025-03-10 21:00:00,500,2.7433075053553555,2.9567086916766177,-0.21340118632126215,R1
2025-03-10 22:00:00,500,2.865043020795952,3.126868215823196,-0.2618251950272441,R1
2025-03-10 23:00:00,500,3.0015271383374884,3.004570180673329,-0.003043042335840518,R1
2025-03-11 00:00:00,500,2.736125135150844,3.329599116262558,-0.5934739811117136,R1
2025-03-11 01:00:00,500,2.623900489646571,3.17036183781034,-0.5464613481637688,R1
2025-03-11 02:00:00,500,2.786825031911357,3.021360386780027,-0.23453535486867017,R1
2025-03-11 03:00:00,500,2.874913003502129,3.153506719748878,-0.2785937162467489,R1
2025-03-11 04:00:00,500,2.745709814312332,3.139067128088298,-0.39335731377596606,R1
2025-03-11 05:00:00,500,2.9099600904432954,3.2686615727648425,-0.3587014823215471,R1
2025-03-11 06:00:00,500,2.7705107151828443,3.073022181700596,-0.3025114665177515,R1
2025-03-11 07:00:00,500,2.7861044762714147,3.341808315694008,-0.5557038394225935,R1
2025-03-11 08:00:00,500,2.926649983935396,3.1207595043963603,-0.1941095204609642,R1
2025-03-11 09:00:00,500,2.8467096867000894,3.146055107396938,-0.29934542069684866,R1
2025-03-11 10:00:00,500,2.874506954172358,3.2271008850462266,-0.3525939308738688,R1
2025-03-11 11:00:00,500,2.8786816581996417,3.174440443891379,-0.2957587856917372,R1
2025-03-11 12:00:00,500,2.853724629467918,3.218989996680919,-0.36526536721300085,R1
2025-03-11 13:00:00,500,2.846097149182983,3.083392528329442,-0.2372953791464587,R1
2025-03-11 14:00:00,500,2.855485201219845,3.0396879135606447,-0.18420271234079966,R1
2025-03-11 15:00:00,500,2.976068201768,3.147025546842241,-0.1709573450742412,R1
2025-03-11 16:00:00,500,2.788383792526619,3.165423453939023,-0.37703966141240386,R1
2025-03-11 17:00:00,500,2.7533345265487807,3.035253424737601,-0.2819188981888203,R1
2025-03-11 18:00:00,500,2.711409453508677,3.1800241225522967,-0.4686146690436197,R1
2025-03-11 19:00:00,500,2.7395123301920803,3.108408560000985,-0.3688962298089047,R1
2025-03-11 20:00:00,500,2.7640073331198347,3.078725802415459,-0.3147184692956242,R1
2025-03-11 21:00:00,500,2.8279531470311268,3.2175408155341247,-0.389587668502998,R1
2025-03-11 22:00:00,500,2.7051431335815064,3.121775402184614,-0.41663226860310765,R1
2025-03-11 23:00:00,500,2.7803133575260146,3.2305576175280777,-0.4502442600020631,R1
2025-03-12 00:00:00,500,2.783398549249651,3.2165968700211245,-0.43319832077147336,R1
2025-03-12 01:00:00,500,2.832417419713986,3.0994128762566544,-0.2669954565426682,R1
2025-03-12 02:00:00,500,2.771626791966655,3.203415165235534,-0.431788373268879,R1
2025-03-12 03:00:00,500,2.841953579874869,3.233833768437996,-0.3918801885631269,R1
2025-03-12 04:00:00,500,2.865250307983901,3.028571237603485,-0.16332092961958367,R1
2025-03-12 05:00:00,500,2.810159523017627,3.1881705968734897,-0.37801107385586263,R1
2025-03-12 06:00:00,500,2.859695271654944,3.1285009751468125,-0.2688057034918683,R1
2025-03-12 07:00:00,500,2.851819095817632,3.296125684721538,-0.4443065889039062,R1
2025-03-12 08:00:00,500,2.7855826526519984,3.0858579281627607,-0.3002752755107623,R1
2025-03-12 09:00:00,500,2.7732777645093947,3.1771600902779213,-0.4038823257685267,R1
2025-03-12 10:00:00,500,2.815314248823406,3.2419019094502683,-0.42658766062686215,R1
2025-03-12 11:00:00,500,2.831069195869002,3.065873417163571,-0.2348042212945689,R1
2025-03-12 12:00:00,500,2.8550553305698467,3.095444599440134,-0.24038926887028733,R1
2025-03-12 13:00:00,500,2.807108102539989,3.0109999473906237,-0.20389184485063483,R1
2025-03-12 14:00:00,500,2.870893271554647,3.2760956702790183,-0.40520239872437136,R1
2025-03-12 15:00:00,500,2.916525215391692,3.266305445234156,-0.3497802298424637,R1
2025-03-12 16:00:00,500,2.876453131631114,3.146081403053506,-0.26962827142239165,R1
2025-03-12 17:00:00,500,2.8441318092721315,3.2510673027638184,-0.4069354934916869,R1
2025-03-12 18:00:00,500,2.9262706463860795,3.158435842168096,-0.23216519578201655,R1
2025-03-12 19:00:00,500,2.694429567470145,3.3288750246294194,-0.6344454571592744,R1
2025-03-12 20:00:00,500,2.781452397619254,3.2650313432845723,-0.48357894566531856,R1
2025-03-12 21:00:00,500,2.794055915128259,3.2105281314463268,-0.41647221631806763,R1
2025-03-12 22:00:00,500,2.7555379331849816,3.0645294613888017,-0.30899152820382003,R1
2025-03-12 23:00:00,500,2.811427184919392,3.387639528848418,-0.5762123439290261,R1
2025-03-13 00:00:00,500,2.8367317370125797,3.2323960696311484,-0.3956643326185687,R1
2025-03-13 01:00:00,500,2.835462418060559,3.265938820011059,-0.43047640195049963,R1
2025-03-13 02:00:00,500,2.767803547192299,3.1273228296185245,-0.35951928242622566,R1
2025-03-13 03:00:00,500,2.703112414149728,3.0818936472585388,-0.37878123310881096,R1
2025-03-13 04:00:00,500,2.8302333336938705,2.9874188998706623,-0.1571855661767918,R1
2025-03-13 05:00:00,500,2.8635801962770917,3.177217791485597,-0.3136375952085051,R1
2025-03-13 06:00:00,500,2.66000702668391,3.091333174438898,-0.4313261477549881,R1
2025-03-13 07:00:00,500,2.809595764532593,3.617724211807244,-0.808128447274651,R1
2025-03-13 08:00:00,500,2.924768649600152,3.185182121731104,-0.2604134721309519,R1
2025-03-13 09:00:00,500,2.7154585579541584,3.1122383974413483,-0.39677983948719,R1
2025-03-13 10:00:00,500,2.6783467824622567,2.940486991172742,-0.2621402087104854,R1
2025-03-13 11:00:00,500,2.8369741625759,3.0091040210887394,-0.17212985851283946,R1
2025-03-13 12:00:00,500,2.764752678687896,3.013780848259203,-0.2490281695713068,R1
2025-03-13 13:00:00,500,2.8114420848863397,3.143938091530519,-0.33249600664417933,R1
2025-03-13 14:00:00,500,2.786154068751209,3.4005828189618104,-0.6144287502106014,R1
2025-03-13 15:00:00,500,2.7665177770310168,2.942180989962108,-0.1756632129310911,R1
2025-03-13 16:00:00,500,2.7263466671167707,3.2476160319478686,-0.521269364831098,R1
2025-03-13 17:00:00,500,2.745079545204943,2.9702890234398738,-0.22520947823493076,R1
2025-03-13 18:00:00,500,2.758996775276017,3.092903722908428,-0.333906947632411,R1
2025-03-13 19:00:00,500,2.815870554925663,3.008170035559686,-0.19229948063402302,R1
2025-03-13 20:00:00,500,2.69847051940332,2.982296591082832,-0.283826071679512,R1
2025-03-13 21:00:00,500,2.692422901503462,3.0363280766312792,-0.34390517512781704,R1
2025-03-13 22:00:00,500,2.831309745336852,3.0807852083137424,-0.2494754629768905,R1
2025-03-13 23:00:00,500,2.7434400428713706,3.0381750474020506,-0.29473500453068,R1
2025-03-14 00:00:00,500,2.757109511300298,3.0491116947367547,-0.2920021834364568,R1
2025-03-14 01:00:00,500,2.671153450319476,2.970844205563807,-0.2996907552443311,R1
2025-03-14 02:00:00,500,2.7431161049546984,3.1623010365863284,-0.41918493163163006,R1
2025-03-14 03:00:00,500,2.7009799757953834,2.971319640968278,-0.27033966517289443,R1
2025-03-14 04:00:00,500,2.679148525624502,3.035732795823538,-0.35658427019903627,R1
2025-03-14 05:00:00,500,2.723911586218192,3.0066106006759217,-0.2826990144577297,R1
2025-03-14 06:00:00,500,2.737828488691483,3.1133362341418067,-0.3755077454503235,R1
2025-03-14 07:00:00,500,2.70616573362107,3.011347804748448,-0.30518207112737805,R1
2025-03-14 08:00:00,500,2.714412955748149,3.011362012907743,-0.2969490571595941,R1
2025-03-14 09:00:00,500,2.743060797056729,3.005372393175797,-0.2623115961190683,R1
2025-03-14 10:00:00,500,2.734446815668216,3.134333411846952,-0.3998865961787361,R1
2025-03-14 11:00:00,500,2.6444273896182118,3.0804091210043034,-0.43598173138609164,R1
2025-03-14 12:00:00,500,2.571107676255646,2.924397354158291,-0.35328967790264487,R1
2025-03-14 13:00:00,500,2.5878850538000364,2.870573077194673,-0.2826880233946367,R1
2025-03-14 14:00:00,500,2.468204427992613,2.666779509687982,-0.19857508169536908,R1
2025-03-14 15:00:00,500,2.655140295876177,2.781184655671064,-0.12604435979488704,R1
2025-03-14 16:00:00,500,2.496207444611636,2.896988483628183,-0.40078103901654716,R1
2025-03-14 17:00:00,500,2.502667715156245,2.6834708070161617,-0.1808030918599166,R1
2025-03-14 18:00:00,500,2.517759975512212,2.791702881986492,-0.27394290647428,R1
2025-03-14 19:00:00,500,2.525547789224548,2.791463902820423,-0.2659161135958752,R1
2025-03-14 20:00:00,500,2.534593212667438,2.7339325429568384,-0.19933933028940043,R1
2025-03-14 21:00:00,500,2.519735522522591,2.901083041495266,-0.3813475189726754,R1
2025-03-14 22:00:00,500,2.430316073066333,2.811190409294288,-0.3808743362279552,R1
2025-03-14 23:00:00,500,2.561432696151104,2.766332707443873,-0.20490001129276925,R1
2025-03-15 00:00:00,500,2.539603996036359,2.917010907707956,-0.377406911671597,R1
2025-03-15 01:00:00,500,2.497577185712585,2.8856658084776847,-0.3880886227650997,R1
2025-03-15 02:00:00,500,2.577055795349175,2.9052772360815897,-0.32822144073241466,R1
2025-03-15 03:00:00,500,2.7013826275576123,2.9604797807206857,-0.25909715316307347,R1
2025-03-15 04:00:00,500,2.4285194022802843,2.759685828888036,-0.33116642660775186,R1
2025-03-15 05:00:00,500,2.501000472834092,2.815022050593306,-0.3140215777592137,R1
2025-03-15 06:00:00,500,2.687884648208895,2.898652869277259,-0.2107682210683639,R1
2025-03-15 07:00:00,500,2.5410058644783247,2.7578429230818204,-0.21683705860349578,R1
2025-03-15 08:00:00,500,2.528876387646768,2.779818680230328,-0.25094229258356027,R1
2025-03-15 09:00:00,500,2.56402041899535,2.671945111945646,-0.10792469295029594,R1
2025-03-15 10:00:00,500,2.439209941614866,2.6843990100622914,-0.24518906844742538,R1
2025-03-15 11:00:00,500,2.402468118573793,2.5729829773843496,-0.17051485881055672,R1
2025-03-15 12:00:00,500,2.317563435644074,2.7508356204991613,-0.43327218485508734,R1
2025-03-15 13:00:00,500,2.586898244379696,2.8598515228294743,-0.2729532784497781,R1
2025-03-15 14:00:00,500,2.643721408222058,2.8214525373295745,-0.17773112910751632,R1
2025-03-15 15:00:00,500,2.4366849558052364,2.8278446633341847,-0.39115970752894835,R1
2025-03-15 16:00:00,500,2.5161764154082062,2.9284231878132743,-0.412246772405068,R1
2025-03-15 17:00:00,500,2.535091663136132,2.8823991438652667,-0.34730748072913453,R1
2025-03-15 18:00:00,500,2.716265061385762,3.150559521975414,-0.4342944605896517,R1
2025-03-15 19:00:00,500,2.6340469460534037,3.0837626202581747,-0.449715674204771,R1
2025-03-15 20:00:00,500,2.57993212194446,3.0977540365797243,-0.5178219146352641,R1
2025-03-15 21:00:00,500,2.6479476424962733,3.080396657082808,-0.43244901458653473,R1
2025-03-15 22:00:00,500,2.5138261219748164,3.0150371804725338,-0.5012110584977174,R1
2025-03-15 23:00:00,500,2.544727224545259,3.034011485986154,-0.4892842614408952,R1
2025-03-16 00:00:00,500,2.5043837207642707,2.9023767527100426,-0.39799303194577185,R1
2025-03-16 01:00:00,500,2.670009559439001,3.01958978892181,-0.34958022948280876,R1
2025-03-16 02:00:00,500,2.466357301454692,2.9495398492419325,-0.4831825477872407,R1
2025-03-16 03:00:00,500,2.5266377761705745,2.8580876493073077,-0.33144987313673324,R1
2025-03-16 04:00:00,500,2.4617372112177174,2.921306276791058,-0.45956906557334065,R1
2025-03-16 05:00:00,500,2.593371138134648,2.9174533228073964,-0.3240821846727484,R1
2025-03-16 06:00:00,500,2.481959828142812,2.773122139752373,-0.2911623116095612,R1
2025-03-16 07:00:00,500,2.4524962445442977,2.74942256939028,-0.29692632484598214,R1
2025-03-16 08:00:00,500,2.616956255318454,2.8759385830961275,-0.2589823277776735,R1
2025-03-16 09:00:00,500,2.539359839607578,2.7429713017279247,-0.20361146212034686,R1
2025-03-16 10:00:00,500,2.5032966585660503,2.7627768398334087,-0.2594801812673584,R1
2025-03-16 11:00:00,500,2.501351343383331,2.8257796285525485,-0.3244282851692173,R1
2025-03-16 12:00:00,500,2.514772138937312,2.791355924681697,-0.2765837857443847,R1
2025-03-16 13:00:00,500,2.465246995243352,2.7783336271770582,-0.31308663193370645,R1
2025-03-16 14:00:00,500,2.5004275546365737,2.7610716188751514,-0.26064406423857767,R1
2025-03-16 15:00:00,500,2.637625628776751,2.8118269507935287,-0.17420132201677774,R1
2025-03-16 16:00:00,500,2.577354008798031,2.7307507270952702,-0.15339671829723933,R1
2025-03-16 17:00:00,500,2.514418375697752,2.758646827455037,-0.24422845175728503,R1
2025-03-16 18:00:00,500,2.6098835839370023,2.843864335113942,-0.23398075117693962,R1
2025-03-16 19:00:00,500,2.530942096071479,3.0559104379329485,-0.5249683418614697,R1
2025-03-16 20:00:00,500,2.5384777131339287,2.96405459050658,-0.4255768773726514,R1
2025-03-16 21:00:00,500,2.629357935243206,2.8982588065309773,-0.2689008712877712,R1
2025-03-16 22:00:00,500,2.6693072543261867,2.910700474735748,-0.24139322040956124,R1
2025-03-16 23:00:00,500,2.6862775303811257,2.725363786190351,-0.03908625580922509,R1
2025-03-17 00:00:00,500,2.6402588040524724,2.837750411503948,-0.19749160745147565,R1
2025-03-17 01:00:00,500,2.540489254933266,3.005127572491759,-0.46463831755849316,R1
2025-03-17 02:00:00,500,2.6963908882420533,3.023488836996007,-0.3270979487539538,R1
2025-03-17 03:00:00,500,2.5317482921122694,3.0363121426634927,-0.5045638505512233,R1
2025-03-17 04:00:00,500,2.5864839379765634,2.965784642252623,-0.37930070427605944,R1
2025-03-17 05:00:00,500,2.681586214623674,2.939182343502335,-0.257596128878661,R1
2025-03-17 06:00:00,500,2.5630292395902763,2.950337268310562,-0.3873080287202857,R1
2025-03-17 07:00:00,500,2.641723110662294,2.9231660228022363,-0.28144291213994244,R1
2025-03-17 08:00:00,500,2.560606713935319,3.020893427564847,-0.46028671362952833,R1
2025-03-17 09:00:00,500,2.7529616265954364,2.944638692834948,-0.19167706623951153,R1
2025-03-17 10:00:00,500,2.664130564709617,2.8063552748776504,-0.1422247101680334,R1
2025-03-17 11:00:00,500,2.622300578666752,3.01981318965926,-0.397512610992508,R1
2025-03-17 12:00:00,500,2.632298971369409,2.838516674818985,-0.20621770344957602,R1
2025-03-17 13:00:00,500,2.6180510445703105,2.8802310318371056,-0.26217998726679514,R1
2025-03-17 14:00:00,500,2.7380033694339763,2.896097059854659,-0.1580936904206829,R1
2025-03-17 15:00:00,500,2.6680348620270027,3.103861979040777,-0.4358271170137744,R1
2025-03-17 16:00:00,500,2.8547155645042737,3.0381133281887998,-0.1833977636845261,R1
2025-03-17 17:00:00,500,2.8884823102282606,3.0619481096437284,-0.1734657994154678,R1
2025-03-17 18:00:00,500,2.802770069771312,3.138713451145444,-0.33594338137413216,R1
2025-03-17 19:00:00,500,2.715258879903889,3.05055065114748,-0.335291771243591,R1
2025-03-17 20:00:00,500,2.675336049282808,2.943633007905893,-0.2682969586230848,R1
2025-03-17 21:00:00,500,2.629833482428796,3.013598544408551,-0.383765061979755,R1
2025-03-17 22:00:00,500,2.798555060213105,2.9818183915526077,-0.18326333133950268,R1
2025-03-17 23:00:00,500,2.756805691142157,3.1934092529635763,-0.43660356182141946,R1
2025-03-18 00:00:00,500,2.829155307130554,3.226575909893921,-0.3974206027633671,R1
2025-03-18 01:00:00,500,2.7936264863915907,2.959243964718061,-0.1656174783264701,R1
2025-03-18 02:00:00,500,2.7000165536015057,3.050657267712087,-0.3506407141105812,R1
2025-03-18 03:00:00,500,2.705825315956862,3.1363125060408183,-0.4304871900839564,R1
2025-03-18 04:00:00,500,2.9635759124767174,3.3367613115579657,-0.37318539908124837,R1
2025-03-18 05:00:00,500,2.7589805336922115,3.104378726381341,-0.3453981926891294,R1
2025-03-18 06:00:00,500,2.756871420552141,2.980567085632385,-0.22369566508024397,R1
2025-03-18 07:00:00,500,2.810424637045848,3.0032271872313623,-0.1928025501855144,R1
2025-03-18 08:00:00,500,2.774011437861293,3.149674500024695,-0.3756630621634023,R1
2025-03-18 09:00:00,500,2.6281692693665044,2.984951323600916,-0.35678205423441156,R1
2025-03-18 10:00:00,500,2.699496770280487,2.905291352806082,-0.20579458252559535,R1
2025-03-18 11:00:00,500,2.756890060315936,3.088225332129513,-0.3313352718135767,R1
2025-03-18 12:00:00,500,2.616026085919013,2.9117633011607493,-0.29573721524173635,R1
2025-03-18 13:00:00,500,2.7170058152287018,2.956895361991678,-0.23988954676297602,R1
2025-03-18 14:00:00,500,2.65876128961382,2.7529065799562287,-0.09414529034240848,R1
2025-03-18 15:00:00,500,2.6699590024368525,2.741434894473151,-0.07147589203629856,R1
2025-03-18 16:00:00,500,2.742289200421642,3.090395046638125,-0.348105846216483,R1
2025-03-18 17:00:00,500,2.643673292382853,2.94022107058744,-0.2965477782045869,R1
2025-03-18 18:00:00,500,2.609548200109938,2.852613792334413,-0.24306559222447488,R1
2025-03-18 19:00:00,500,2.742943774514566,3.0340457346525995,-0.29110196013803336,R1
2025-03-18 20:00:00,500,2.6502124531318345,3.0647212352523447,-0.41450878212051023,R1
2025-03-18 21:00:00,500,2.6631691902005943,2.88457312377981,-0.22140393357921573,R1
2025-03-18 22:00:00,500,2.5151465979065204,2.886973235389705,-0.37182663748318445,R1
2025-03-18 23:00:00,500,2.6551975750668224,2.844599716195868,-0.18940214112904563,R1
2025-03-19 00:00:00,500,2.617540723083313,3.0587282853796567,-0.4411875622963435,R1
2025-03-19 01:00:00,500,2.5960499422069416,2.9535915230442136,-0.35754158083727194,R1
2025-03-19 02:00:00,500,2.698565028089334,3.046028203332125,-0.34746317524279124,R1
2025-03-19 03:00:00,500,2.8060507002881714,2.9894333714950125,-0.18338267120684115,R1
2025-03-19 04:00:00,500,2.729638695612355,3.010947463531665,-0.28130876791931003,R1
2025-03-19 05:00:00,500,2.726196579288,3.028411225419623,-0.3022146461316231,R1
2025-03-19 06:00:00,500,2.6605768726813803,2.943825429110434,-0.2832485564290539,R1
2025-03-19 07:00:00,500,2.639964608299785,3.107889308043583,-0.467924699743798,R1
2025-03-19 08:00:00,500,2.558423758533538,3.083724310308887,-0.5253005517753491,R1
2025-03-19 09:00:00,500,2.718022474083985,3.064301250737841,-0.3462787766538562,R1
2025-03-19 10:00:00,500,2.987595655602272,3.0369435711601467,-0.04934791555787488,R1
2025-03-19 11:00:00,500,2.6847126841347224,3.127480391829471,-0.4427677076947485,R1
2025-03-19 12:00:00,500,2.7619935841727736,3.0344946629431533,-0.27250107877037966,R1
2025-03-19 13:00:00,500,2.871198559578654,3.1987926716722583,-0.3275941120936041,R1
2025-03-19 14:00:00,500,2.7525893925691283,3.15952244131407,-0.40693304874494185,R1
2025-03-19 15:00:00,500,2.800098503283918,3.0598992463247523,-0.25980074304083445,R1
2025-03-19 16:00:00,500,2.884201685108689,3.197185466259888,-0.3129837811511993,R1
2025-03-19 17:00:00,500,2.808604271562777,3.1231297609598525,-0.3145254893970755,R1
2025-03-19 18:00:00,500,2.763054452406021,3.147342470615293,-0.38428801820927205,R1
2025-03-19 19:00:00,500,2.724166957944516,3.161611027082232,-0.43744406913771616,R1
2025-03-19 20:00:00,500,2.7826253457760197,3.0794031765468213,-0.29677783077080155,R1
2025-03-19 21:00:00,500,2.8789917375240046,3.1322375333293087,-0.25324579580530404,R1
2025-03-19 22:00:00,500,2.770468438108086,3.2515903494890988,-0.4811219113810128,R1
2025-03-19 23:00:00,500,2.658651654114476,3.086344369039625,-0.42769271492514926,R1
2025-03-20 00:00:00,500,2.7879307506518884,3.219469122615088,-0.43153837196319955,R1
2025-03-20 01:00:00,500,2.770486873066877,3.0358242979931966,-0.2653374249263196,R1
2025-03-20 02:00:00,500,2.78524678941793,3.092647870236968,-0.30740108081903816,R1
2025-03-20 03:00:00,500,2.688002655468823,3.033089564623868,-0.3450869091550448,R1
2025-03-20 04:00:00,500,2.82432734438132,3.241951562188762,-0.41762421780744186,R1
2025-03-20 05:00:00,500,2.821837500163192,3.310955872569258,-0.4891183724060659,R1
2025-03-20 06:00:00,500,2.797057871343831,3.095726633226435,-0.29866876188260383,R1
2025-03-20 07:00:00,500,2.938903108553472,3.257908461901865,-0.319005353348393,R1
2025-03-20 08:00:00,500,2.698588471648756,3.0505581189886324,-0.35196964733987635,R1
2025-03-20 09:00:00,500,2.743931441612656,3.12782973874451,-0.3838982971318541,R1
2025-03-20 10:00:00,500,2.702355395523316,3.046137565926961,-0.343782170403645,R1
2025-03-20 11:00:00,500,2.7376238498667638,3.0452745400779966,-0.3076506902112328,R1
2025-03-20 12:00:00,500,2.7723874402603506,3.087859881719651,-0.3154724414593004,R1
2025-03-20 13:00:00,500,2.832026082834467,3.239134337336707,-0.40710825450223975,R1
2025-03-20 14:00:00,500,2.6723019742052703,2.977023993399481,-0.3047220191942106,R1
2025-03-20 15:00:00,500,2.7180869197681794,3.0527703615936925,-0.33468344182551313,R1
2025-03-20 16:00:00,500,2.693451756075783,3.067170605015599,-0.373718848939816,R1
2025-03-20 17:00:00,500,2.6278364089034785,3.0536137590513746,-0.4257773501478961,R1
2025-03-20 18:00:00,500,2.633042557077164,3.1320028882585333,-0.4989603311813693,R1
2025-03-20 19:00:00,500,2.634398548662434,3.026880639453872,-0.3924820907914377,R1
2025-03-20 20:00:00,500,2.7642918133425085,3.133033917050284,-0.3687421037077754,R1
2025-03-20 21:00:00,500,2.825481584686391,3.1295504773425527,-0.30406889265616144,R1
2025-03-20 22:00:00,500,2.640140395314324,3.131101288167385,-0.4909608928530611,R1
2025-03-20 23:00:00,500,2.5720210938158607,2.8789899900774807,-0.30696889626161994,R1
2025-03-21 00:00:00,500,2.6554626296716832,3.174605286802638,-0.519142657130955,R1
2025-03-21 01:00:00,500,2.7603663539142653,3.1039258063848965,-0.34355945247063113,R1
2025-03-21 02:00:00,500,2.667824831342249,3.113234571177294,-0.4454097398350454,R1
2025-03-21 03:00:00,500,2.688962864047325,3.1360667555621258,-0.4471038915148009,R1
2025-03-21 04:00:00,500,2.8800577042862887,3.251293453262063,-0.37123574897577427,R1
2025-03-21 05:00:00,500,2.758779305961429,3.143876818769995,-0.38509751280856586,R1
2025-03-21 06:00:00,500,2.793435212496296,3.129174211299049,-0.33573899880275304,R1
2025-03-21 07:00:00,500,2.708085792017115,3.268434010564763,-0.5603482185476478,R1
2025-03-21 08:00:00,500,2.704517931911478,3.0959698639624813,-0.3914519320510035,R1
2025-03-21 09:00:00,500,2.7185941812869614,2.988115257773129,-0.26952107648616774,R1
2025-03-21 10:00:00,500,2.7353967728442794,3.0275728268342066,-0.2921760539899272,R1
2025-03-21 11:00:00,500,2.730098401280796,2.9733352816551664,-0.2432368803743703,R1
2025-03-21 12:00:00,500,2.729490156200907,3.1148821938361824,-0.3853920376352753,R1
2025-03-21 13:00:00,500,2.717021200927969,3.185056944001404,-0.4680357430734352,R1
2025-03-21 14:00:00,500,2.737011506947297,3.094616255399819,-0.357604748452522,R1
2025-03-21 15:00:00,500,2.8011218247501883,3.054658240632423,-0.25353641588223486,R1
2025-03-21 16:00:00,500,2.8678527515785075,3.29080952912916,-0.4229567775506524,R1
2025-03-21 17:00:00,500,2.63111084083981,3.2240328921960897,-0.5929220513562798,R1
2025-03-21 18:00:00,500,2.600013028528933,3.046828859680321,-0.4468158311513877,R1
2025-03-21 19:00:00,500,2.6367994699563124,3.095798502644775,-0.45899903268846254,R1
2025-03-21 20:00:00,500,2.68972630488554,3.222476723506485,-0.5327504186209446,R1
2025-03-21 21:00:00,500,2.7394578206738567,3.2666475574127096,-0.5271897367388529,R1
2025-03-21 22:00:00,500,2.696962342841809,3.197004901920793,-0.5000425590789841,R1
2025-03-21 23:00:00,500,2.7015919860538906,3.01849378368676,-0.3169017976328692,R1
2025-03-22 00:00:00,500,2.8463631529278546,3.174033900417085,-0.3276707474892304,R1
2025-03-22 01:00:00,500,2.598279672030014,3.123008221796269,-0.5247285497662548,R1
2025-03-22 02:00:00,500,2.7180423709806107,3.03398493725546,-0.3159425662748494,R1
2025-03-22 03:00:00,500,2.7651731971766185,3.039860185563024,-0.2746869883864056,R1
2025-03-22 04:00:00,500,2.697696987145953,3.21382339511734,-0.5161264079713868,R1
2025-03-22 05:00:00,500,2.6692196782581914,3.061756669894224,-0.3925369916360326,R1
2025-03-22 06:00:00,500,2.798560418485809,3.1321172410118625,-0.3335568225260537,R1
2025-03-22 07:00:00,500,2.665693885369581,3.0594178491362065,-0.39372396376662566,R1
2025-03-22 08:00:00,500,2.7012905175829256,2.9959797552588,-0.2946892376758745,R1
2025-03-22 09:00:00,500,2.75076315379192,2.995982420716313,-0.2452192669243929,R1
2025-03-22 10:00:00,500,2.714928402178072,3.061580658119897,-0.3466522559418248,R1
2025-03-22 11:00:00,500,2.723181451598268,3.1045548983739444,-0.3813734467756764,R1
2025-03-22 12:00:00,500,2.7644353575100404,3.2464780694899398,-0.48204271197989934,R1
2025-03-22 13:00:00,500,2.929331410709005,3.07665353549271,-0.1473221247837051,R1
2025-03-22 14:00:00,500,2.8072737219849846,3.1233201475600194,-0.3160464255750348,R1
2025-03-22 15:00:00,500,2.802867926198078,3.1546079972172447,-0.35174007101916693,R1
2025-03-22 16:00:00,500,2.753527682535001,3.2914263961236148,-0.5378987135886137,R1
2025-03-22 17:00:00,500,2.778040075873014,3.068448126278932,-0.2904080504059179,R1
2025-03-22 18:00:00,500,2.7387178796616145,3.2285639521258336,-0.4898460724642191,R1
2025-03-22 19:00:00,500,2.643552644649936,3.044611639777011,-0.4010589951270753,R1
2025-03-22 20:00:00,500,2.6968892798602626,3.0697552601329336,-0.37286598027267104,R1
2025-03-22 21:00:00,500,2.6832182137321032,3.0265994459818977,-0.34338123224979444,R1
2025-03-22 22:00:00,500,2.783672294794053,3.096506048082769,-0.3128337532887162,R1
2025-03-22 23:00:00,500,2.712435574880482,2.9906368675749118,-0.2782012926944297,R1
2025-03-23 00:00:00,500,2.688558778253288,3.062574089161906,-0.37401531090861795,R1
2025-03-23 01:00:00,500,2.697488567537641,3.0888834358508377,-0.3913948683131965,R1
2025-03-23 02:00:00,500,2.687945579268654,3.186200555378372,-0.49825497610971814,R1
2025-03-23 03:00:00,500,2.7781309280102,3.0867175107907694,-0.3085865827805696,R1
2025-03-23 04:00:00,500,2.805885354323828,3.096700206266778,-0.2908148519429501,R1
2025-03-23 05:00:00,500,2.676241457955266,3.0122379061477447,-0.33599644819247887,R1
2025-03-23 06:00:00,500,2.7589916609019336,3.106761103195294,-0.3477694422933606,R1
2025-03-23 07:00:00,500,2.68849094093412,3.23579366089387,-0.5473027199597498,R1
2025-03-23 08:00:00,500,2.721944420325848,2.9779669120027945,-0.25602249167694646,R1
2025-03-23 09:00:00,500,2.80568776849961,3.1167502741013107,-0.3110625056017007,R1
2025-03-23 10:00:00,500,2.8253548871598606,3.260233942372043,-0.4348790552121824,R1
2025-03-23 11:00:00,500,2.74976900912361,3.1792174534346467,-0.4294484443110367,R1
2025-03-23 12:00:00,500,2.7820308148144224,3.1254085669887464,-0.343377752174324,R1
2025-03-23 13:00:00,500,2.662641569491934,3.099377522728033,-0.43673595323609904,R1
2025-03-23 14:00:00,500,2.8005046340593216,3.1531034766290627,-0.35259884256974106,R1
2025-03-23 15:00:00,500,2.7631417478498195,3.13708563982777,-0.3739438919779503,R1
2025-03-23 16:00:00,500,2.824878072084616,3.209847916334095,-0.3849698442494791,R1
2025-03-23 17:00:00,500,2.6648310322259703,3.077764925744353,-0.4129338935183826,R1
2025-03-23 18:00:00,500,2.7049271781689,3.169383142010523,-0.464455963841623,R1
2025-03-23 19:00:00,500,2.7116188596377007,3.1942674349338884,-0.48264857529618777,R1
2025-03-23 20:00:00,500,2.798160441940833,3.093768819894136,-0.29560837795330297,R1
2025-03-23 21:00:00,500,2.7130826782072144,3.150724700199816,-0.4376420219926018,R1
2025-03-23 22:00:00,500,2.627020091677381,3.1529558116943006,-0.5259357200169195,R1
2025-03-23 23:00:00,500,2.643397801687095,3.0775292400079595,-0.4341314383208643,R1
2025-03-24 00:00:00,500,2.6824950054134606,2.969725191930306,-0.2872301865168452,R1
2025-03-24 01:00:00,500,2.911390230319299,3.1354336544267016,-0.22404342410740252,R1
2025-03-24 02:00:00,500,2.7614320411456426,3.033170026352466,-0.2717379852068236,R1
2025-03-24 03:00:00,500,2.7591496644285454,3.1936980591288373,-0.43454839470029194,R1
2025-03-24 04:00:00,500,2.77333096154288,3.103652250636281,-0.33032128909340086,R1
2025-03-24 05:00:00,500,2.8242663719211576,3.244010819302008,-0.41974444738085026,R1
2025-03-24 06:00:00,500,2.719280270071464,3.1070681949306045,-0.3877879248591407,R1
2025-03-24 07:00:00,500,2.7192075035248817,3.0591746620576625,-0.3399671585327808,R1
2025-03-24 08:00:00,500,2.7478572410851947,3.07660527324419,-0.3287480321589955,R1
2025-03-24 09:00:00,500,2.774825882100392,3.0521964525698277,-0.2773705704694356,R1
2025-03-24 10:00:00,500,2.7785008775196665,3.09897064268912,-0.3204697651694537,R1
2025-03-24 11:00:00,500,2.7584590516598,3.167308675716167,-0.4088496240563666,R1
2025-03-24 12:00:00,500,2.8207625991573413,3.177431005847727,-0.3566684066903858,R1
2025-03-24 13:00:00,500,2.7595758563814563,2.996049389917298,-0.23647353353584188,R1
2025-03-24 14:00:00,500,2.722141040871171,3.1832463039996397,-0.46110526312846867,R1
2025-03-24 15:00:00,500,2.727225404168587,2.9599612199488847,-0.2327358157802979,R1
2025-03-24 16:00:00,500,2.788544444005774,3.172856430567227,-0.38431198656145327,R1
2025-03-24 17:00:00,500,2.823632426469792,3.061830055950193,-0.23819762948040113,R1
2025-03-24 18:00:00,500,2.7344176120412858,3.133003183339764,-0.39858557129847805,R1
2025-03-24 19:00:00,500,2.7403771644437955,3.0610195471348067,-0.3206423826910112,R1
2025-03-24 20:00:00,500,2.7759706064605063,3.2208442943212887,-0.4448736878607824,R1
2025-03-24 21:00:00,500,2.7111594278626336,3.124448207678498,-0.4132887798158644,R1
2025-03-24 22:00:00,500,2.778849580426685,2.9735639977591424,-0.1947144173324573,R1
2025-03-24 23:00:00,500,2.7381824700931943,3.0595203368078154,-0.32133786671462117,R1
2025-03-25 00:00:00,500,2.7036420819031446,3.0666408983974,-0.36299881649425547,R1
2025-03-25 01:00:00,500,2.7449561699200347,3.162654332624941,-0.4176981627049061,R1
2025-03-25 02:00:00,500,2.713613829023756,3.020101447199277,-0.30648761817552117,R1
2025-03-25 03:00:00,500,2.7784817630303924,3.1589965414008585,-0.3805147783704661,R1
2025-03-25 04:00:00,500,2.7182479931275947,3.107163579846121,-0.3889155867185261,R1
2025-03-25 05:00:00,500,2.846288608139865,3.24010519485986,-0.393816586719995,R1
2025-03-25 06:00:00,500,2.770553403994427,3.283679318589838,-0.513125914595411,R1
2025-03-25 07:00:00,500,2.763246822288946,3.273474988789826,-0.5102281665008799,R1
2025-03-25 08:00:00,500,2.6332183745871287,3.1996054984531828,-0.566387123866054,R1
2025-03-25 09:00:00,500,2.7548977566220487,3.10601185200156,-0.3511140953795113,R1
2025-03-25 10:00:00,500,2.721679130936938,3.0078082026563533,-0.28612907171941515,R1
2025-03-25 11:00:00,500,2.956048520501131,3.0222718879835666,-0.06622336748243551,R1
2025-03-25 12:00:00,500,2.8415397084724936,3.1955304689205275,-0.3539907604480339,R1
2025-03-25 13:00:00,500,2.8072256252434835,3.075341252365104,-0.2681156271216203,R1
2025-03-25 14:00:00,500,2.7609363123470967,3.083804731838411,-0.3228684194913143,R1
2025-03-25 15:00:00,500,2.9053568625198984,3.026556846030323,-0.12119998351042449,R1
2025-03-25 16:00:00,500,2.746371017813647,3.075160832203625,-0.3287898143899781,R1
2025-03-25 17:00:00,500,2.6846756551022053,3.1183855065324733,-0.43370985143026797,R1
2025-03-25 18:00:00,500,2.69524754418159,3.0752549179479995,-0.38000737376640936,R1
2025-03-25 19:00:00,500,2.649080318042822,2.982881851004373,-0.33380153296155113,R1
2025-03-25 20:00:00,500,2.8988523063031955,3.007665407860692,-0.10881310155749668,R1
2025-03-25 21:00:00,500,2.624876252391473,3.0436003495849806,-0.41872409719350756,R1
2025-03-25 22:00:00,500,2.743415608600243,2.963035917122162,-0.21962030852191905,R1
2025-03-25 23:00:00,500,2.6793758294648398,3.215676735628601,-0.5363009061637611,R1
2025-03-26 00:00:00,500,2.7544337522432096,3.07303484930916,-0.3186010970659505,R1
2025-03-26 01:00:00,500,2.7458142728927823,3.082664488069568,-0.3368502151767858,R1
2025-03-26 02:00:00,500,2.8088129925916947,3.000035705277261,-0.19122271268556634,R1
2025-03-26 03:00:00,500,2.7481975506922254,3.0417619012924724,-0.293564350600247,R1
2025-03-26 04:00:00,500,2.7805130760326824,3.1900682845396005,-0.40955520850691807,R1
2025-03-26 05:00:00,500,2.706117866374032,3.03818002134105,-0.33206215496701796,R1
2025-03-26 06:00:00,500,2.81904370963739,3.0834459476599068,-0.26440223802251683,R1
2025-03-26 07:00:00,500,2.8141957491368594,3.0766767813880587,-0.26248103225119923,R1
2025-03-26 08:00:00,500,2.974171983796537,3.14423512934292,-0.17006314554638324,R1
2025-03-26 09:00:00,500,2.812189281460742,3.015978889716135,-0.20378960825539316,R1
2025-03-26 10:00:00,500,2.911137509524572,3.145583412788527,-0.2344459032639552,R1
2025-03-26 11:00:00,500,2.828760584102049,3.254436528141993,-0.425675944039944,R1
2025-03-26 12:00:00,500,2.8098643339383567,3.0643064068975416,-0.254442072959185,R1
2025-03-26 13:00:00,500,2.75484988395964,3.281807226712837,-0.5269573427531973,R1
2025-03-26 14:00:00,500,2.9673393559710672,3.1638865434526697,-0.1965471874816025,R1
2025-03-26 15:00:00,500,2.898853307117124,3.1358687374813403,-0.23701543036421624,R1
2025-03-26 16:00:00,500,2.830273972965086,3.0532871784192093,-0.2230132054541234,R1
2025-03-26 17:00:00,500,2.736610906694572,3.056437651325888,-0.3198267446313161,R1
2025-03-26 18:00:00,500,2.7776750523091023,3.0934731469691297,-0.3157980946600274,R1
2025-03-26 19:00:00,500,2.8132770373674725,3.044885050529105,-0.2316080131616327,R1
2025-03-26 20:00:00,500,2.8226065388576536,3.261154388176457,-0.43854784931880353,R1
2025-03-26 21:00:00,500,2.7728449309714867,3.452350422748478,-0.6795054917769914,R1
2025-03-26 22:00:00,500,2.786383050844028,3.031212187326682,-0.24482913648265425,R1
2025-03-26 23:00:00,500,2.723337007787415,2.9989957197254205,-0.2756587119380054,R1
2025-03-27 00:00:00,500,2.814369218883762,3.297633474428897,-0.48326425554513497,R1
2025-03-27 01:00:00,500,2.738872354232752,3.069926109962859,-0.33105375573010676,R1
2025-03-27 02:00:00,500,2.7335987668487123,3.134625606273534,-0.40102683942482154,R1
2025-03-27 03:00:00,500,2.854926517173161,3.141884251510541,-0.2869577343373799,R1
2025-03-27 04:00:00,500,2.767511408138743,3.068334915679787,-0.3008235075410437,R1
2025-03-27 05:00:00,500,2.766632871514711,3.0703101233630865,-0.30367725184837546,R1
2025-03-27 06:00:00,500,2.935248553868892,3.236549385405764,-0.3013008315368717,R1
2025-03-27 07:00:00,500,2.841923798292583,3.1948454356190585,-0.3529216373264754,R1
2025-03-27 08:00:00,500,2.8057978499703484,3.00700584108932,-0.20120799111897147,R1
2025-03-27 09:00:00,500,2.687855865417311,3.050652579881186,-0.36279671446387507,R1
2025-03-27 10:00:00,500,2.9520623502800243,3.161528853305714,-0.20946650302568992,R1
2025-03-27 11:00:00,500,2.807155811188909,3.1064907771511208,-0.299334965962212,R1
2025-03-27 12:00:00,500,2.7763525629451125,3.193554470116004,-0.4172019071708917,R1
2025-03-27 13:00:00,500,2.75679531891275,3.192421568953797,-0.43562625004104705,R1
2025-03-27 14:00:00,500,2.565995343535669,2.9635744807953865,-0.3975791372597177,R1
2025-03-27 15:00:00,500,2.695689305177205,3.300946804871839,-0.605257499694634,R1
2025-03-27 16:00:00,500,2.7928453883208717,3.094264769392791,-0.30141938107191946,R1
2025-03-27 17:00:00,500,2.748272340545658,3.1309164289150084,-0.3826440883693505,R1
2025-03-27 18:00:00,500,2.7025119011869165,3.0015898124516838,-0.29907791126476724,R1
2025-03-27 19:00:00,500,2.7087808347365523,3.090705861947172,-0.3819250272106198,R1
2025-03-27 20:00:00,500,2.6146908258959143,2.9543130970885496,-0.3396222711926353,R1
2025-03-27 21:00:00,500,2.7257674927332016,3.053915568405157,-0.3281480756719555,R1
2025-03-27 22:00:00,500,2.6559517798604784,2.889495044021583,-0.2335432641611046,R1
2025-03-27 23:00:00,500,2.6419266023398493,3.1217161706706102,-0.4797895683307609,R1
2025-03-28 00:00:00,500,2.6867289355164057,3.0575267580149155,-0.3707978224985098,R1
2025-03-28 01:00:00,500,2.792597142836842,3.17988519370312,-0.3872880508662777,R1
2025-03-28 02:00:00,500,2.6771891730607487,3.1248289579071544,-0.44763978484640576,R1
2025-03-28 03:00:00,500,2.827191054308688,2.9722439457754137,-0.14505289146672595,R1
2025-03-28 04:00:00,500,2.692251627827813,3.0027659920324585,-0.3105143642046455,R1
2025-03-28 05:00:00,500,2.638743875014812,3.091545588433576,-0.4528017134187641,R1
2025-03-28 06:00:00,500,2.6271486530249257,2.99149150605528,-0.3643428530303541,R1
2025-03-28 07:00:00,500,2.7016276494341,3.100770988385375,-0.3991433389512751,R1
2025-03-28 08:00:00,500,2.6306224536592957,2.968399934147054,-0.33777748048775846,R1
2025-03-28 09:00:00,500,2.6535510544936214,2.757000813769416,-0.10344975927579458,R1
2025-03-28 10:00:00,500,2.6373813067938614,2.754062319443253,-0.11668101264939157,R1
2025-03-28 11:00:00,500,2.622219859171839,2.812176221786585,-0.18995636261474624,R1
2025-03-28 12:00:00,500,2.5878298972511966,2.828357943539336,-0.2405280462881394,R1
2025-03-28 13:00:00,500,2.7743321271951853,2.893440235014308,-0.11910810781912273,R1
2025-03-28 14:00:00,500,2.523657593535876,2.880531701369265,-0.3568741078333888,R1
2025-03-28 15:00:00,500,2.6540674170761918,2.872045231238632,-0.21797781416244044,R1
2025-03-28 16:00:00,500,2.4562236677242044,2.8367544765094754,-0.380530808785271,R1
2025-03-28 17:00:00,500,2.4862542556749214,2.6876338689386765,-0.2013796132637551,R1
2025-03-28 18:00:00,500,2.4377950305661824,2.6756043462233228,-0.23780931565714036,R1
2025-03-28 19:00:00,500,2.3030322483040875,2.720250102929398,-0.41721785462531047,R1
2025-03-28 20:00:00,500,2.4867739228759245,2.777475387822397,-0.2907014649464723,R1
2025-03-28 21:00:00,500,2.4258686096059527,2.728599096229022,-0.30273048662306934,R1
2025-03-28 22:00:00,500,2.4407880913685696,2.653618017934824,-0.21282992656625455,R1
2025-03-28 23:00:00,500,2.424631002778813,2.623801625001548,-0.19917062222273518,R1
2025-03-29 00:00:00,500,2.361805519309414,2.6454891556232254,-0.2836836363138113,R1
2025-03-29 01:00:00,500,2.483834560867354,2.644908161789132,-0.1610736009217777,R1
2025-03-29 02:00:00,500,2.524925012214167,2.785309516944449,-0.26038450473028174,R1
2025-03-29 03:00:00,500,2.646498714900982,2.7580818352210863,-0.11158312032010409,R1
2025-03-29 04:00:00,500,2.367394656316529,2.671008052908255,-0.30361339659172604,R1
2025-03-29 05:00:00,500,2.5649825101393877,2.764525037864076,-0.1995425277246885,R1
2025-03-29 06:00:00,500,2.4842847508956463,2.8554448895453866,-0.3711601386497403,R1
2025-03-29 07:00:00,500,2.575535240513457,2.71109629497633,-0.13556105446287292,R1
2025-03-29 08:00:00,500,2.5101634293710986,2.8427308890635925,-0.3325674596924939,R1
2025-03-29 09:00:00,500,2.3646974094226167,2.8047976500116474,-0.44010024058903063,R1
2025-03-29 10:00:00,500,2.433876318623354,2.686915653192513,-0.25303933456915884,R1
2025-03-29 11:00:00,500,2.430944878629361,2.7605734266711077,-0.3296285480417467,R1
2025-03-29 12:00:00,500,2.445954058190091,2.5861912201602952,-0.1402371619702043,R1
2025-03-29 13:00:00,500,2.3555180657983583,2.554351789993344,-0.1988337241949858,R1
2025-03-29 14:00:00,500,2.289746315729708,2.4940910458153414,-0.20434473008563314,R1
2025-03-29 15:00:00,500,2.360192953036276,2.5269102262540675,-0.16671727321779128,R1
2025-03-29 16:00:00,500,2.3255863497927214,2.4904867609038903,-0.16490041111116893,R1
2025-03-29 17:00:00,500,2.2986760507208364,2.644544872624772,-0.3458688219039354,R1
2025-03-29 18:00:00,500,2.4037473464491788,2.7039227430841954,-0.3001753966350167,R1
2025-03-29 19:00:00,500,2.3909166918154923,2.689397799867779,-0.2984811080522869,R1
2025-03-29 20:00:00,500,2.342273901263771,2.678559906452561,-0.3362860051887897,R1
2025-03-29 21:00:00,500,2.505063893933438,2.698005478651189,-0.1929415847177509,R1
2025-03-29 22:00:00,500,2.341307289005265,2.677349777192353,-0.33604248818708804,R1
2025-03-29 23:00:00,500,2.483824622351062,2.6325569300007934,-0.14873230764973133,R1
2025-03-30 00:00:00,500,2.324419781930717,2.662868414323277,-0.3384486323925602,R1
2025-03-30 01:00:00,500,2.4244360029958667,2.5609928824169885,-0.13655687942112182,R1
2025-03-30 02:00:00,500,2.3707797669158337,2.529186775228072,-0.15840700831223842,R1
2025-03-30 03:00:00,500,2.2449164072222194,2.6277121841309072,-0.3827957769086878,R1
2025-03-30 04:00:00,500,2.237756645115492,2.446575058031118,-0.20881841291562564,R1
2025-03-30 05:00:00,500,2.34285273673924,2.508946633765284,-0.16609389702604416,R1
2025-03-30 06:00:00,500,2.198758729935573,2.4549558671323024,-0.2561971371967293,R1
2025-03-30 07:00:00,500,2.469349612058468,2.634431681080476,-0.16508206902200806,R1
2025-03-30 08:00:00,500,2.2319370422302307,2.467049051868473,-0.2351120096382422,R1
2025-03-30 09:00:00,500,2.3449984101080545,2.492508168539043,-0.14750975843098857,R1
2025-03-30 10:00:00,500,2.266456888678211,2.532691726916194,-0.26623483823798333,R1
2025-03-30 11:00:00,500,2.341658372909971,2.596242631206522,-0.25458425829655074,R1
2025-03-30 12:00:00,500,2.258138907735576,2.526026515555709,-0.2678876078201333,R1
2025-03-30 13:00:00,500,2.304878827298808,2.6255584880975507,-0.32067966079874255,R1
2025-03-30 14:00:00,500,2.2799929924322004,2.63766441332138,-0.35767142088917936,R1
2025-03-30 15:00:00,500,2.369834621417909,2.5554849759946445,-0.1856503545767354,R1
2025-03-30 16:00:00,500,2.484879588652628,2.5711463106146493,-0.08626672196202145,R1
2025-03-30 17:00:00,500,2.464209237266492,2.537863268222224,-0.07365403095573209,R1
2025-03-30 18:00:00,500,2.389165894093655,2.578867203534821,-0.18970130944116592,R1
2025-03-30 19:00:00,500,2.525996355745037,2.7091410723558984,-0.1831447166108613,R1
2025-03-30 20:00:00,500,2.377700826920324,2.707669645830076,-0.32996881890975205,R1
2025-03-30 21:00:00,500,2.310612422963223,2.704899986065754,-0.3942875631025311,R1
2025-03-30 22:00:00,500,2.368669442654608,2.8024610089265494,-0.43379156627194115,R1
2025-03-30 23:00:00,500,2.232871554095126,2.605027162059017,-0.372155607963891,R1
2025-03-31 00:00:00,500,2.3932918399498275,2.612736876286051,-0.21944503633622325,R1
2025-03-31 01:00:00,500,2.466611626069513,2.5964910022864927,-0.12987937621697965,R1
2025-03-31 02:00:00,500,2.2521588507961194,2.595387251921795,-0.34322840112567565,R1
2025-03-31 03:00:00,500,2.256798665771702,2.6271294919017767,-0.3703308261300746,R1
2025-03-31 04:00:00,500,2.270659053930638,2.518352478215422,-0.24769342428478414,R1
2025-03-31 05:00:00,500,2.382221397426637,2.504969402201603,-0.12274800477496628,R1
2025-03-31 06:00:00,500,2.2845607307329736,2.59292057262021,-0.3083598418872362,R1
2025-03-31 07:00:00,500,2.255358903731676,2.4117805147752907,-0.15642161104361474,R1
2025-03-31 08:00:00,500,2.3387927056313176,2.528747107420255,-0.1899544017889374,R1
2025-03-31 09:00:00,500,2.161671682864762,2.4413752141738074,-0.27970353130904524,R1
2025-03-31 10:00:00,500,2.301262304575572,2.519336661970621,-0.2180743573950492,R1
2025-03-31 11:00:00,500,2.338554627310784,2.5477720191999578,-0.20921739188917376,R1
2025-03-31 12:00:00,500,2.339595975760886,2.5714224674119004,-0.23182649165101443,R1
2025-03-31 13:00:00,500,2.526370489602782,2.72950164542052,-0.20313115581773822,R1
2025-03-31 14:00:00,500,2.451918119452697,2.782328286255639,-0.3304101668029418,R1
2025-03-31 15:00:00,500,2.442826281543935,2.7540676813859597,-0.3112413998420247,R1
2025-03-31 16:00:00,500,2.491550720274851,2.878721010274342,-0.3871702899994909,R1
2025-03-31 17:00:00,500,2.5870700941362683,2.897892670367828,-0.31082257623155973,R1
2025-03-31 18:00:00,500,2.4370712973297715,2.9742699536607637,-0.5371986563309923,R1
2025-03-31 19:00:00,500,2.6340023931970418,3.039026961855782,-0.40502456865874015,R1
2025-03-31 20:00:00,500,2.760115425544761,2.821435184466109,-0.06131975892134811,R1
2025-03-31 21:00:00,500,2.5982753300881893,2.8470822757199232,-0.2488069456317339,R1
2025-03-31 22:00:00,500,2.5661045846467934,2.870138150665226,-0.30403356601843257,R1
2025-03-31 23:00:00,500,2.376186915402137,3.023865310085181,-0.647678394683044,R1
2025-04-01 00:00:00,500,2.4824429931760976,2.780519721041911,-0.2980767278658134,R1
2025-04-01 01:00:00,500,2.429450979725956,2.787198095879951,-0.3577471161539951,R1
2025-04-01 02:00:00,500,2.4606461695271005,2.7048102392836557,-0.24416406975655525,R1
2025-04-01 03:00:00,500,2.5281893332565297,2.985514759669172,-0.45732542641264207,R1
2025-04-01 04:00:00,500,2.439601200102568,2.874200147192265,-0.43459894708969715,R1
2025-04-01 05:00:00,500,2.5911529680576297,2.868610789558623,-0.2774578215009931,R1
2025-04-01 06:00:00,500,2.389729989137772,2.722266819622886,-0.33253683048511373,R1
2025-04-01 07:00:00,500,2.4366968044876365,2.766019428515284,-0.32932262402764767,R1
2025-04-01 08:00:00,500,2.60380507878356,2.886880053230767,-0.283074974447207,R1
2025-04-01 09:00:00,500,2.511045832292763,2.661128825609255,-0.150082993316492,R1
2025-04-01 10:00:00,500,2.629548410313192,3.0063858979418763,-0.3768374876286842,R1
2025-04-01 11:00:00,500,2.5643734655798736,2.8581316760537088,-0.2937582104738352,R1
2025-04-01 12:00:00,500,2.6566478917844427,2.836349298114541,-0.17970140633009812,R1
2025-04-01 13:00:00,500,2.60160796992765,2.938714643575879,-0.33710667364822866,R1
2025-04-01 14:00:00,500,2.702874563724304,2.88601693453362,-0.18314237080931584,R1
2025-04-01 15:00:00,500,2.70092759639545,2.98817982052202,-0.2872522241265698,R1
2025-04-01 16:00:00,500,2.7134972413224294,3.056475691983667,-0.34297845066123767,R1
2025-04-01 17:00:00,500,2.700533346515756,3.2049200100632858,-0.5043866635475296,R1
2025-04-01 18:00:00,500,2.663785644880329,3.2119391602272325,-0.5481535153469035,R1
2025-04-01 19:00:00,500,2.75982149310887,3.09319678737027,-0.33337529426140033,R1
2025-04-01 20:00:00,500,2.685273481951621,3.1592745899402304,-0.4740011079886095,R1
2025-04-01 21:00:00,500,2.856169302918717,3.1021109104754427,-0.24594160755672556,R1
2025-04-01 22:00:00,500,2.778627418596676,3.1037506059015185,-0.32512318730484235,R1
2025-04-01 23:00:00,500,2.70602794735807,3.147390877248877,-0.44136292989080683,R1
2025-04-02 00:00:00,500,2.7305716991511955,3.036334395643257,-0.30576269649206145,R1
2025-04-02 01:00:00,500,2.7110750095124705,3.07612333711588,-0.36504832760340955,R1
2025-04-02 02:00:00,500,2.6361414585603336,2.968775518745141,-0.33263406018480746,R1
2025-04-02 03:00:00,500,2.622352591187215,3.051333447094941,-0.42898085590772617,R1
2025-04-02 04:00:00,500,2.8550982348252725,3.1131293085048046,-0.25803107367953215,R1
2025-04-02 05:00:00,500,2.7542685152804363,3.066384755879843,-0.3121162405994067,R1
2025-04-02 06:00:00,500,2.801602478054352,3.120714077696612,-0.31911159964225977,R1
2025-04-02 07:00:00,500,2.916157075333772,3.1408068286535253,-0.22464975331975312,R1
2025-04-02 08:00:00,500,2.8395590874353744,3.1791662629871174,-0.3396071755517429,R1
2025-04-02 09:00:00,500,2.7359268943389257,3.079638702518647,-0.34371180817972125,R1
2025-04-02 10:00:00,500,2.8291050921625813,3.0495226167031326,-0.2204175245405513,R1
2025-04-02 11:00:00,500,2.896353196828308,3.15706028103961,-0.26070708421130195,R1
2025-04-02 12:00:00,500,2.843401417009273,3.23203115988069,-0.38862974287141716,R1
2025-04-02 13:00:00,500,2.815602737676972,3.235191488219087,-0.41958875054211475,R1
2025-04-02 14:00:00,500,2.7862073509394745,3.1259933736017884,-0.33978602266231395,R1
2025-04-02 15:00:00,500,2.9193822404352145,3.1247291703514004,-0.20534692991618586,R1
2025-04-02 16:00:00,500,2.824939349232852,3.2403618752320296,-0.4154225259991775,R1
2025-04-02 17:00:00,500,2.710959440088605,3.066497431659998,-0.355537991571393,R1
2025-04-02 18:00:00,500,2.732841665464566,3.2511987764152988,-0.5183571109507326,R1
2025-04-02 19:00:00,500,2.800370133430288,3.1600664288029736,-0.35969629537268544,R1
2025-04-02 20:00:00,500,2.756043093751688,3.233234878481627,-0.47719178472993873,R1
2025-04-02 21:00:00,500,2.696797172635493,3.2795612536206624,-0.5827640809851693,R1
2025-04-02 22:00:00,500,2.806391681542216,3.055135031820841,-0.24874335027862493,R1
2025-04-02 23:00:00,500,2.799400248031996,3.2638056591106,-0.4644054110786038,R1
2025-04-03 00:00:00,500,2.8857693996552305,3.0829719185601645,-0.197202518904934,R1
2025-04-03 01:00:00,500,2.92139102656967,3.149020325331262,-0.2276292987615922,R1
2025-04-03 02:00:00,500,2.7321801540094803,3.074983400897714,-0.3428032468882338,R1
2025-04-03 03:00:00,500,2.77738211547164,3.177995578448715,-0.4006134629770748,R1
2025-04-03 04:00:00,500,2.76648815986363,3.141604233210125,-0.3751160733464949,R1
2025-04-03 05:00:00,500,2.744801600248586,3.2952933283586043,-0.5504917281100181,R1
2025-04-03 06:00:00,500,2.869530663866103,3.114128290096203,-0.24459762623009995,R1
2025-04-03 07:00:00,500,2.7940556369769705,3.251454922203974,-0.45739928522700346,R1
2025-04-03 08:00:00,500,2.8101218893598063,3.134508712608349,-0.32438682324854273,R1
2025-04-03 09:00:00,500,2.930858379710198,3.2216913278887995,-0.2908329481786014,R1
2025-04-03 10:00:00,500,2.9351082424407733,3.233447001553335,-0.2983387591125619,R1
2025-04-03 11:00:00,500,2.844623247057761,3.1480966786967826,-0.30347343163902174,R1
2025-04-03 12:00:00,500,2.89735401792789,3.259871085561009,-0.3625170676331191,R1
2025-04-03 13:00:00,500,2.854637396024481,3.0993578336556213,-0.24472043763114026,R1
2025-04-03 14:00:00,500,2.923672792421261,3.155319405053508,-0.23164661263224717,R1
2025-04-03 15:00:00,500,2.859203434887982,3.3125825877415496,-0.45337915285356756,R1
2025-04-03 16:00:00,500,2.8153598702813687,3.2275650878280446,-0.41220521754667594,R1
2025-04-03 17:00:00,500,2.9013623049367485,3.137362265397557,-0.2359999604608083,R1
2025-04-03 18:00:00,500,2.7656272397721207,3.1796975236419085,-0.41407028386978784,R1
2025-04-03 19:00:00,500,2.911802230518082,3.037960256012798,-0.1261580254947159,R1
2025-04-03 20:00:00,500,2.7872920821669807,3.299735627465583,-0.5124435452986025,R1
2025-04-03 21:00:00,500,2.7945492399163347,3.0962771806799827,-0.30172794076364795,R1
2025-04-03 22:00:00,500,2.745605690955741,3.122678660041497,-0.37707296908575616,R1
2025-04-03 23:00:00,500,2.8465511914107315,3.1435236586594693,-0.2969724672487377,R1
2025-04-04 00:00:00,500,2.7795144782749657,3.0600301379361508,-0.2805156596611851,R1
2025-04-04 01:00:00,500,2.7786824221265416,2.9242763152506988,-0.14559389312415716,R1
2025-04-04 02:00:00,500,2.9280151756885315,3.213060566921591,-0.2850453912330595,R1
2025-04-04 03:00:00,500,2.773724358625158,3.012229604048817,-0.2385052454236587,R1
2025-04-04 04:00:00,500,2.895529973311435,3.14051648934103,-0.24498651602959498,R1
2025-04-04 05:00:00,500,2.760538092700023,3.145486377359883,-0.38494828465985975,R1
2025-04-04 06:00:00,500,2.9663560385697783,3.315241900152826,-0.3488858615830477,R1
2025-04-04 07:00:00,500,2.888943518762402,3.2426692877013337,-0.3537257689389315,R1
2025-04-04 08:00:00,500,2.865236870693641,3.256961665048153,-0.3917247943545119,R1
2025-04-04 09:00:00,500,3.00724273523355,3.2572230022075286,-0.2499802669739788,R1
2025-04-04 10:00:00,500,3.033372016303732,3.170663681863552,-0.13729166555981998,R1
2025-04-04 11:00:00,500,2.93180566714762,3.247492069333931,-0.31568640218631083,R1
2025-04-04 12:00:00,500,2.808584229376628,3.136610583089948,-0.3280263537133199,R1
2025-04-04 13:00:00,500,2.9666938450735767,3.1149159268677544,-0.14822208179417773,R1
2025-04-04 14:00:00,500,2.878222202318565,3.041889406115553,-0.16366720379698796,R1
2025-04-04 15:00:00,500,2.7798450277301208,3.1697249369718734,-0.38987990924175264,R1
2025-04-04 16:00:00,500,2.792923291278421,3.094621471641187,-0.3016981803627661,R1
2025-04-04 17:00:00,500,2.794896504439323,3.0574841168185345,-0.2625876123792117,R1
2025-04-04 18:00:00,500,2.712739148255141,3.0182657871347027,-0.30552663887956166,R1
2025-04-04 19:00:00,500,2.773781094567044,3.0538233249601645,-0.2800422303931205,R1
2025-04-04 20:00:00,500,2.6321138163665,3.0259174569156304,-0.3938036405491303,R1
2025-04-04 21:00:00,500,2.6215995603287454,3.05236287009786,-0.4307633097691146,R1
2025-04-04 22:00:00,500,2.9036633277442507,3.0996836744374314,-0.1960203466931807,R1
2025-04-04 23:00:00,500,2.710244179365943,3.05370459530554,-0.3434604159395973,R1
2025-04-05 00:00:00,500,2.7276610887097994,3.180382700076064,-0.45272161136626465,R1
2025-04-05 01:00:00,500,2.691836373002294,3.058101878223544,-0.36626550522125,R1
2025-04-05 02:00:00,500,2.841686829117696,3.309615489642076,-0.4679286605243802,R1
2025-04-05 03:00:00,500,2.7574101273624403,2.9937722178253106,-0.23636209046287027,R1
2025-04-05 04:00:00,500,2.892061185518575,3.1942249697684346,-0.30216378424985946,R1
2025-04-05 05:00:00,500,2.723926952133187,2.991533665770414,-0.2676067136372269,R1
2025-04-05 06:00:00,500,2.871244127301673,3.2293455372823887,-0.3581014099807156,R1
2025-04-05 07:00:00,500,2.8132014814207653,3.011016906485544,-0.19781542506477878,R1
2025-04-05 08:00:00,500,2.723012751773928,3.060500103655074,-0.33748735188114587,R1
2025-04-05 09:00:00,500,2.8090190421842056,3.0540015103920948,-0.24498246820788916,R1
2025-04-05 10:00:00,500,2.851319982071276,3.042040014779956,-0.19072003270868,R1
2025-04-05 11:00:00,500,2.832404684739279,3.130648367131783,-0.2982436823925041,R1
2025-04-05 12:00:00,500,2.7472785957896706,3.0520864387318363,-0.3048078429421657,R1
2025-04-05 13:00:00,500,2.7398950242693543,3.031904720269713,-0.29200969600035886,R1
2025-04-05 14:00:00,500,2.803900239444356,3.076482534710859,-0.2725822952665031,R1
2025-04-05 15:00:00,500,2.8027532095415744,3.147947011490583,-0.3451938019490086,R1
2025-04-05 16:00:00,500,2.913973365353706,3.237812568547197,-0.3238392031934909,R1
2025-04-05 17:00:00,500,2.975632437734944,3.1420105920786257,-0.16637815434368175,R1
2025-04-05 18:00:00,500,2.90655626430211,3.1057166733224792,-0.19916040902036913,R1
2025-04-05 19:00:00,500,2.9861130410183243,3.2251001477626806,-0.2389871067443563,R1
2025-04-05 20:00:00,500,3.004106625977425,3.2378596030932614,-0.2337529771158362,R1
2025-04-05 21:00:00,500,2.9440337765050426,3.28278766160175,-0.33875388509670756,R1
2025-04-05 22:00:00,500,2.912941261828251,3.204549755609912,-0.291608493781661,R1
2025-04-05 23:00:00,500,2.9439332912575527,3.2172119449595824,-0.27327865370202975,R1
2025-04-06 00:00:00,500,2.8489984346752237,3.2254842076498136,-0.37648577297458985,R1
2025-04-06 01:00:00,500,2.883967734832115,3.277790655813025,-0.3938229209809103,R1
2025-04-06 02:00:00,500,2.9621221186891487,3.1162217214575545,-0.15409960276840584,R1
2025-04-06 03:00:00,500,2.8632195397413245,3.332090755161578,-0.4688712154202537,R1
2025-04-06 04:00:00,500,2.99140849470388,3.671750653595845,-0.6803421588919649,R1
2025-04-06 05:00:00,500,3.015244741607951,3.385411320154664,-0.370166578546713,R1
2025-04-06 06:00:00,500,2.855442521409008,3.3291268913688525,-0.47368436995984453,R1
2025-04-06 07:00:00,500,3.074984955741316,3.2958027838465904,-0.2208178281052744,R1
2025-04-06 08:00:00,500,2.897697472394971,3.095136539454441,-0.19743906705946968,R1
2025-04-06 09:00:00,500,2.9769792431672446,3.3391462364913806,-0.36216699332413604,R1
2025-04-06 10:00:00,500,3.027377171134484,3.214660862662951,-0.18728369152846724,R1
2025-04-06 11:00:00,500,2.97370616672615,3.201197103973581,-0.22749093724743075,R1
2025-04-06 12:00:00,500,2.9038559899396748,3.361669795343715,-0.45781380540404015,R1
2025-04-06 13:00:00,500,2.9216017182037977,3.215841152760917,-0.2942394345571193,R1
2025-04-06 14:00:00,500,3.0281133799259417,3.3207842654994657,-0.29267088557352405,R1
2025-04-06 15:00:00,500,3.005646593901595,3.3577620687544414,-0.35211547485284633,R1
2025-04-06 16:00:00,500,3.019449686154676,3.395863334982114,-0.3764136488274379,R1
2025-04-06 17:00:00,500,3.121778999915753,3.201052021752411,-0.07927302183665841,R1
2025-04-06 18:00:00,500,2.919231190354417,3.2083943223598346,-0.28916313200541754,R1
2025-04-06 19:00:00,500,2.921871809464825,3.2386979987569946,-0.31682618929216977,R1
2025-04-06 20:00:00,500,2.8822044919986567,3.207916708017886,-0.3257122160192294,R1
2025-04-06 21:00:00,500,2.8742276044991297,3.81912338502535,-0.9448957805262204,R1
2025-04-06 22:00:00,500,3.0585263197250647,3.1988803992862294,-0.14035407956116464,R1
2025-04-06 23:00:00,500,2.9840999348030564,3.222641480417465,-0.23854154561440843,R1
2025-04-07 00:00:00,500,2.885583790204554,3.266831505893816,-0.3812477156892622,R1
2025-04-07 01:00:00,500,2.9392353145339194,3.3580931914038112,-0.41885787686989184,R1
2025-04-07 02:00:00,500,2.9606510416638354,3.0612998172481207,-0.10064877558428531,R1
2025-04-07 03:00:00,500,2.972077768527264,3.3856883633221977,-0.41361059479493356,R1
2025-04-07 04:00:00,500,2.940736574216702,3.4274550414879768,-0.48671846727127477,R1
2025-04-07 05:00:00,500,2.932740643909142,3.3581624166857758,-0.42542177277663384,R1
2025-04-07 06:00:00,500,2.9983636705409267,3.330070207910623,-0.33170653736969635,R1
2025-04-07 07:00:00,500,2.961124653160854,3.518348408048397,-0.5572237548875427,R1
2025-04-07 08:00:00,500,3.0655673605127345,3.4779216992230846,-0.4123543387103501,R1
2025-04-07 09:00:00,500,3.0788946295649167,3.181215825794865,-0.10232119622994817,R1
2025-04-07 10:00:00,500,3.095603071993738,3.609190463065251,-0.5135873910715127,R1
2025-04-07 11:00:00,500,3.0293461861593625,3.3706734752266096,-0.3413272890672472,R1
2025-04-07 12:00:00,500,2.922984939711024,3.178133659757881,-0.25514872004685696,R1
2025-04-07 13:00:00,500,3.05570618662379,3.285959146842481,-0.2302529602186909,R1
2025-04-07 14:00:00,500,2.9429635093294597,3.40850447057193,-0.46554096124247035,R1
2025-04-07 15:00:00,500,2.9842018481833703,3.184140704751465,-0.19993885656809463,R1
2025-04-07 16:00:00,500,2.986116304537128,3.1680935733832283,-0.18197726884610033,R1
2025-04-07 17:00:00,500,3.0307510409075418,3.486603066374945,-0.45585202546740344,R1
2025-04-07 18:00:00,500,2.982808510393573,3.246155810224297,-0.2633472998307238,R1
2025-04-07 19:00:00,500,2.952110765937822,3.411073522159066,-0.45896275622124394,R1
2025-04-07 20:00:00,500,2.979785913393408,3.576663041968828,-0.5968771285754197,R1
2025-04-07 21:00:00,500,3.026127864695125,3.303164494793003,-0.2770366300978777,R1
2025-04-07 22:00:00,500,2.985386889481968,3.2047461524057925,-0.21935926292382435,R1
2025-04-07 23:00:00,500,2.964945121998183,3.4144439021035105,-0.4494987801053276,R1
2025-04-08 00:00:00,500,3.064014463267744,3.3243457367875164,-0.2603312735197725,R1
2025-04-08 01:00:00,500,2.813961326053791,3.2973137847551035,-0.4833524587013125,R1
2025-04-08 02:00:00,500,2.9828874160012884,3.3365856255681057,-0.3536982095668173,R1
2025-04-08 03:00:00,500,3.042629278947328,3.2783231134694577,-0.23569383452212955,R1
2025-04-08 04:00:00,500,3.029762451125291,3.489640128480424,-0.45987767735513296,R1
2025-04-08 05:00:00,500,2.928687230008397,3.322537305553765,-0.3938500755453682,R1
2025-04-08 06:00:00,500,2.986257192010389,3.3109923473671232,-0.32473515535673414,R1
2025-04-08 07:00:00,500,2.926861515018872,3.2900382228854643,-0.3631767078665922,R1
2025-04-08 08:00:00,500,3.0275176028668245,3.262396835485434,-0.23487923261860955,R1
2025-04-08 09:00:00,500,3.096497081729857,3.447812186147431,-0.3513151044175742,R1
2025-04-08 10:00:00,500,2.984890109161962,3.485464120489667,-0.5005740113277048,R1
2025-04-08 11:00:00,500,2.988078747865512,3.4787523474892725,-0.49067359962376056,R1
2025-04-08 12:00:00,500,3.008892033984213,3.310993257141643,-0.3021012231574298,R1
2025-04-08 13:00:00,500,2.9906026439038063,3.2308785668661173,-0.24027592296231104,R1
2025-04-08 14:00:00,500,3.077330912138964,3.5170238139473518,-0.43969290180838794,R1
2025-04-08 15:00:00,500,2.9592072374500478,3.588530466298768,-0.6293232288487203,R1
2025-04-08 16:00:00,500,2.964388682410832,3.355795520250541,-0.3914068378397091,R1
2025-04-08 17:00:00,500,2.8418872142397937,3.2252741740328754,-0.3833869597930817,R1
2025-04-08 18:00:00,500,3.0661345546803385,3.324517648031178,-0.25838309335083975,R1
2025-04-08 19:00:00,500,2.9345585516384127,3.2844148284979027,-0.34985627685948995,R1
2025-04-08 20:00:00,500,2.932817964372592,3.317776461033924,-0.3849584966613322,R1
2025-04-08 21:00:00,500,2.8876884058844827,3.296022265344134,-0.4083338594596513,R1
2025-04-08 22:00:00,500,2.9909502933395524,3.315481685804318,-0.3245313924647655,R1
2025-04-08 23:00:00,500,2.9619428219600703,3.4333056314827908,-0.47136280952272047,R1
2025-04-09 00:00:00,500,2.978659376197653,3.5869488043044737,-0.6082894281068207,R1
2025-04-09 01:00:00,500,2.9098147193814228,3.2967581354430067,-0.3869434160615839,R1
2025-04-09 02:00:00,500,3.028473540095624,3.113468663364408,-0.08499512326878378,R1
2025-04-09 03:00:00,500,2.879362389429389,3.773407023341107,-0.8940446339117178,R1
2025-04-09 04:00:00,500,2.9736157260554257,3.276473711277537,-0.3028579852221114,R1
2025-04-09 05:00:00,500,3.101330938381272,3.34751272851926,-0.2461817901379879,R1
2025-04-09 06:00:00,500,3.1189672766358867,3.4804287680310853,-0.36146149139519856,R1
2025-04-09 07:00:00,500,2.926682772756402,3.3439883018191265,-0.41730552906272456,R1
2025-04-09 08:00:00,500,2.9645623213558747,3.261796818297729,-0.29723449694185433,R1
2025-04-09 09:00:00,500,2.95182665876303,3.4139455190361803,-0.4621188602731503,R1
2025-04-09 10:00:00,500,2.9166725267187794,3.30796649608316,-0.39129396936438043,R1
2025-04-09 11:00:00,500,3.085842899284912,3.53614175745462,-0.45029885816970827,R1
2025-04-09 12:00:00,500,3.0548537304202337,3.491180312435663,-0.4363265820154294,R1
2025-04-09 13:00:00,500,2.9969562273874795,3.282188919722118,-0.28523269233463866,R1
2025-04-09 14:00:00,500,2.9549719297527006,3.5356029897973684,-0.5806310600446678,R1
2025-04-09 15:00:00,500,2.925437674273905,3.3480215438584544,-0.4225838695845492,R1
2025-04-09 16:00:00,500,2.93725537795518,3.5429761711971706,-0.6057207932419906,R1
2025-04-09 17:00:00,500,3.046586870304233,3.1376545922135093,-0.09106772190927614,R1
2025-04-09 18:00:00,500,2.951019368404557,3.167938810125304,-0.21691944172074695,R1
2025-04-09 19:00:00,500,2.9235970901387427,3.335400849363279,-0.4118037592245365,R1
2025-04-09 20:00:00,500,2.906066786654752,3.275709127002113,-0.36964234034736076,R1
2025-04-09 21:00:00,500,2.9434959546785304,3.4212452023132087,-0.4777492476346783,R1
2025-04-09 22:00:00,500,2.968611266282621,3.228602340244098,-0.25999107396147725,R1
2025-04-09 23:00:00,500,2.969486916448296,3.2236154508377868,-0.25412853438949057,R1
2025-04-10 00:00:00,500,2.974772964924946,3.273628084711667,-0.2988551197867211,R1
2025-04-10 01:00:00,500,2.950097772516299,3.535027147529417,-0.5849293750131181,R1
2025-04-10 02:00:00,500,2.92110560885405,3.2608855597747515,-0.33977995092070135,R1
2025-04-10 03:00:00,500,2.8775668518030897,3.2790415802532427,-0.401474728450153,R1
2025-04-10 04:00:00,500,3.069729307629716,3.277942881723681,-0.20821357409396501,R1
2025-04-10 05:00:00,500,3.035694820190196,3.196468274740193,-0.16077345454999703,R1
2025-04-10 06:00:00,500,2.9218894064434497,3.29640177294186,-0.37451236649841046,R1
2025-04-10 07:00:00,500,2.848135358792479,3.215242437989211,-0.36710707919673213,R1
2025-04-10 08:00:00,500,2.953856280831905,3.3321722617008365,-0.3783159808689316,R1
2025-04-10 09:00:00,500,2.8708166573257943,3.239646199535178,-0.3688295422093839,R1
2025-04-10 10:00:00,500,2.9499365839101834,3.251165830846195,-0.3012292469360114,R1
2025-04-10 11:00:00,500,2.8011539459590304,3.2124554608420843,-0.4113015148830539,R1
2025-04-10 12:00:00,500,2.9483024980156265,3.21449334850393,-0.2661908504883037,R1
2025-04-10 13:00:00,500,2.9259626461944928,3.1919224359786305,-0.2659597897841377,R1
2025-04-10 14:00:00,500,2.9447744135853475,3.3135975460916325,-0.36882313250628496,R1
2025-04-10 15:00:00,500,2.9901450227306263,3.248529064819605,-0.25838404208897847,R1
2025-04-10 16:00:00,500,3.018053066663061,3.287476274067603,-0.2694232074045422,R1
2025-04-10 17:00:00,500,3.007864690925945,3.552569092058077,-0.5447044011321318,R1
2025-04-10 18:00:00,500,2.895093948677192,3.4661452437808866,-0.5710512951036946,R1
2025-04-10 19:00:00,500,2.867284058415044,3.1877528925793515,-0.3204688341643074,R1
2025-04-10 20:00:00,500,3.011002847560164,3.301301307501898,-0.2902984599417344,R1
2025-04-10 21:00:00,500,2.878744014206701,3.284635725579529,-0.4058917113728282,R1
2025-04-10 22:00:00,500,2.9723288780598525,3.380710031372384,-0.40838115331253144,R1
2025-04-10 23:00:00,500,2.943412586370696,3.341446557635479,-0.3980339712647831,R1
2025-04-11 00:00:00,500,2.8959410954626947,3.3153573138552344,-0.4194162183925396,R1
2025-04-11 01:00:00,500,2.818201862900965,3.318438187897529,-0.500236324996564,R1
2025-04-11 02:00:00,500,2.8983894676962896,3.3929109422438204,-0.4945214745475308,R1
2025-04-11 03:00:00,500,2.9788551600101805,3.2345517741243346,-0.2556966141141541,R1
2025-04-11 04:00:00,500,2.902603576843516,3.5190577304471127,-0.6164541536035966,R1
2025-04-11 05:00:00,500,3.06162105529529,3.293569223304129,-0.23194816800883933,R1
2025-04-11 06:00:00,500,2.979704424866182,3.396854987634566,-0.4171505627683838,R1
2025-04-11 07:00:00,500,2.9690266997217223,3.349522728273737,-0.3804960285520149,R1
2025-04-11 08:00:00,500,3.1796805083006165,3.233107575176614,-0.0534270668759973,R1
2025-04-11 09:00:00,500,3.0339222755632957,3.3297374567153737,-0.29581518115207794,R1
2025-04-11 10:00:00,500,3.0138445124417648,3.5670011372948984,-0.5531566248531337,R1
2025-04-11 11:00:00,500,3.0388847672395616,3.3337693068649115,-0.2948845396253499,R1
2025-04-11 12:00:00,500,3.137753167370166,3.4555580841843594,-0.3178049168141932,R1
2025-04-11 13:00:00,500,2.9992546852054685,3.5282126412190693,-0.5289579560136008,R1
2025-04-11 14:00:00,500,3.1064901711088737,3.634746173898674,-0.5282560027898002,R1
2025-04-11 15:00:00,500,3.0878951387483515,3.269388153442727,-0.18149301469437562,R1
2025-04-11 16:00:00,500,2.816246129978391,3.198817130976765,-0.3825710009983738,R1
2025-04-11 17:00:00,500,2.9241819274287706,3.1529668949277965,-0.22878496749902588,R1
2025-04-11 18:00:00,500,3.0013050461812174,3.837477809152072,-0.8361727629708544,R1
2025-04-11 19:00:00,500,3.024656378556707,3.171318165798373,-0.146661787241666,R1
2025-04-11 20:00:00,500,2.8487994334500835,3.46114728847398,-0.6123478550238963,R1
2025-04-11 21:00:00,500,2.9227736878009702,3.244422304512215,-0.3216486167112449,R1
2025-04-11 22:00:00,500,2.911937705888644,3.219918657917018,-0.30798095202837406,R1
2025-04-11 23:00:00,500,2.879293080427864,3.194475774001098,-0.31518269357323403,R1
2025-04-12 00:00:00,500,2.9635429589152777,3.234396120917629,-0.2708531620023513,R1
2025-04-12 01:00:00,500,2.844178340438324,3.051914293623309,-0.20773595318498472,R1
2025-04-12 02:00:00,500,2.9077175442323653,3.256673884021832,-0.3489563397894666,R1
2025-04-12 03:00:00,500,2.912467917814141,3.7502008249912633,-0.8377329071771222,R1
2025-04-12 04:00:00,500,2.9932576041235763,3.2335154964486,-0.24025789232502381,R1
2025-04-12 05:00:00,500,2.9495048365341696,3.23232415097442,-0.2828193144402502,R1
2025-04-12 06:00:00,500,2.968130229262857,3.470692095041424,-0.5025618657785671,R1
2025-04-12 07:00:00,500,2.981264777382874,3.288681760408187,-0.30741698302531306,R1
2025-04-12 08:00:00,500,3.030517923832835,3.195487088101276,-0.16496916426844122,R1
2025-04-12 09:00:00,500,3.058626551677894,3.3268303338675302,-0.26820378218963636,R1
2025-04-12 10:00:00,500,2.998595595329958,3.2782037058626883,-0.27960811053273016,R1
2025-04-12 11:00:00,500,2.9537212151745744,3.297999106570187,-0.3442778913956124,R1
2025-04-12 12:00:00,500,2.8580433668363683,3.1434941661289013,-0.28545079929253303,R1
2025-04-12 13:00:00,500,2.917628487893654,3.1437051528901976,-0.22607666499654355,R1
2025-04-12 14:00:00,500,2.9606569899110906,3.7151595841849865,-0.7545025942738959,R1
2025-04-12 15:00:00,500,2.9458492549740813,3.1716701702046493,-0.2258209152305679,R1
2025-04-12 16:00:00,500,3.24172231029179,3.2662299950896165,-0.024507684797826723,R1
2025-04-12 17:00:00,500,2.987579189082765,3.330739213077057,-0.3431600239942916,R1
2025-04-12 18:00:00,500,2.9325134027797573,3.1886859876757216,-0.2561725848959644,R1
2025-04-12 19:00:00,500,3.0357323588326244,3.2431775999694827,-0.20744524113685836,R1
2025-04-12 20:00:00,500,3.0144663344121807,3.2974239902025446,-0.2829576557903639,R1
2025-04-12 21:00:00,500,2.978810511008045,3.2717140646564915,-0.29290355364844656,R1
2025-04-12 22:00:00,500,2.95079305685151,3.283996509667092,-0.3332034528155816,R1
2025-04-12 23:00:00,500,2.894766911124651,3.134225982598382,-0.23945907147373102,R1
2025-04-13 00:00:00,500,2.988809314802141,3.27095157154166,-0.28214225673951887,R1
2025-04-13 01:00:00,500,2.928492318424269,3.35826437789038,-0.42977205946611097,R1
2025-04-13 02:00:00,500,2.984765002040185,3.2489284173253137,-0.2641634152851289,R1
2025-04-13 03:00:00,500,2.921808691786969,3.250051571456652,-0.3282428796696828,R1
2025-04-13 04:00:00,500,2.8581370321334107,3.184933895275225,-0.32679686314181433,R1
2025-04-13 05:00:00,500,2.956697349642789,3.319424536444388,-0.3627271868015991,R1
2025-04-13 06:00:00,500,3.02516402201696,3.3595249580200712,-0.33436093600311123,R1
2025-04-13 07:00:00,500,2.8902874340980538,3.2330828168458363,-0.34279538274778254,R1
2025-04-13 08:00:00,500,2.9687341300679337,3.502281970576299,-0.5335478405083651,R1
2025-04-13 09:00:00,500,2.945689532329683,3.470043362251445,-0.524353829921762,R1
2025-04-13 10:00:00,500,2.943330648943851,3.4543580479536558,-0.5110273990098047,R1
2025-04-13 11:00:00,500,3.031248442218095,3.3335584528484,-0.30231001063030494,R1
2025-04-13 12:00:00,500,2.9892297611239447,3.4514563874782427,-0.462226626354298,R1
2025-04-13 13:00:00,500,2.991486895942241,3.41131786432924,-0.4198309683869992,R1
2025-04-13 14:00:00,500,3.0233044434083887,3.3166391672229576,-0.29333472381456893,R1
2025-04-13 15:00:00,500,2.923646831299486,3.39703727837485,-0.47339044707536404,R1
2025-04-13 16:00:00,500,2.9024331485982167,3.248497667272573,-0.3460645186743565,R1
2025-04-13 17:00:00,500,2.877500131254915,3.351821252175725,-0.47432112092081,R1
2025-04-13 18:00:00,500,2.9890644301474496,3.187649294300374,-0.1985848641529242,R1
2025-04-13 19:00:00,500,2.9447370010372134,3.260127162188954,-0.3153901611517407,R1
2025-04-13 20:00:00,500,3.0377000072537177,3.508941098450449,-0.4712410911967315,R1
2025-04-13 21:00:00,500,2.914693288099396,3.3352968842649484,-0.4206035961655523,R1
2025-04-13 22:00:00,500,3.0863898508669703,3.227590932386758,-0.14120108151978794,R1
2025-04-13 23:00:00,500,2.969772224485868,3.402164522994251,-0.432392298508383,R1
2025-04-14 00:00:00,500,2.94530930306775,3.256056902502458,-0.3107475994347082,R1
2025-04-14 01:00:00,500,3.03693819812056,3.175218637181695,-0.13828043906113496,R1
2025-04-14 02:00:00,500,3.008400530856924,3.343507510829752,-0.3351069799728279,R1
2025-04-14 03:00:00,500,3.122847269260015,3.356102706102956,-0.23325543684294114,R1
2025-04-14 04:00:00,500,3.048159132763066,3.2635027661532656,-0.21534363339019968,R1
2025-04-14 05:00:00,500,2.945904007348505,3.299678297957079,-0.3537742906085741,R1
2025-04-14 06:00:00,500,2.988762878124923,3.3460644239986914,-0.3573015458737685,R1
2025-04-14 07:00:00,500,3.006647054797514,3.250391051212162,-0.24374399641464795,R1
2025-04-14 08:00:00,500,2.920225005818482,3.246917820804317,-0.3266928149858348,R1
2025-04-14 09:00:00,500,3.099726070719929,3.177879079779864,-0.07815300905993494,R1
2025-04-14 10:00:00,500,3.149945450092888,3.5556129178713043,-0.4056674677784162,R1
2025-04-14 11:00:00,500,3.029902687396954,3.372357142142144,-0.34245445474519,R1
2025-04-14 12:00:00,500,2.891181922454733,3.28868247188764,-0.39750054943290714,R1
2025-04-14 13:00:00,500,2.966658875178417,3.4334388896089902,-0.46678001443057315,R1
2025-04-14 14:00:00,500,2.9346030458693946,3.3112639279226297,-0.3766608820532351,R1
2025-04-14 15:00:00,500,3.0329671807891736,3.240405761214521,-0.20743858042534757,R1
2025-04-14 16:00:00,500,2.8804640444318395,3.186037534142631,-0.30557348971079135,R1
2025-04-14 17:00:00,500,2.830354005334724,3.2848972897335016,-0.45454328439877756,R1
2025-04-14 18:00:00,500,2.9362955595689897,3.350688169976045,-0.41439261040705544,R1
2025-04-14 19:00:00,500,2.8181417045119503,3.1847161014571728,-0.3665743969452224,R1
2025-04-14 20:00:00,500,2.9640969656065908,3.4097189579613727,-0.44562199235478195,R1
2025-04-14 21:00:00,500,2.932559269546473,3.166891091689114,-0.23433182214264114,R1
2025-04-14 22:00:00,500,2.8687727906521414,3.1673120366767,-0.2985392460245584,R1
2025-04-14 23:00:00,500,2.914427005729779,3.0785280234955623,-0.16410101776578312,R1
2025-04-15 00:00:00,500,2.868918222561598,3.1528862467469425,-0.2839680241853446,R1
2025-04-15 01:00:00,500,2.8484554216748847,3.296325738188548,-0.44787031651366327,R1
2025-04-15 02:00:00,500,2.924810495599377,3.4791378353172377,-0.5543273397178607,R1
2025-04-15 03:00:00,500,2.830080468099017,3.103262933506584,-0.27318246540756697,R1
2025-04-15 04:00:00,500,2.894580419459808,3.118826994775255,-0.22424657531544678,R1
2025-04-15 05:00:00,500,2.984859028444851,3.9167184703717126,-0.9318594419268615,R1
2025-04-15 06:00:00,500,3.022492741938696,3.4224007276089767,-0.39990798567028074,R1
2025-04-15 07:00:00,500,2.925926277693553,3.2963774542208597,-0.37045117652730664,R1
2025-04-15 08:00:00,500,2.97106447522314,3.2462160391011783,-0.2751515638780382,R1
2025-04-15 09:00:00,500,2.8889528861315514,3.303463760707886,-0.4145108745763344,R1
2025-04-15 10:00:00,500,3.0652036298299303,3.3109457935795343,-0.245742163749604,R1
2025-04-15 11:00:00,500,3.0176344614190915,3.4065945472982646,-0.3889600858791731,R1
2025-04-15 12:00:00,500,2.9588853623357174,3.3874819381903096,-0.4285965758545922,R1
2025-04-15 13:00:00,500,2.8854267259240225,3.364989152792427,-0.47956242686840467,R1
2025-04-15 14:00:00,500,3.0351292222188624,3.495973869525958,-0.46084464730709573,R1
2025-04-15 15:00:00,500,3.017888991913785,3.180496364529534,-0.16260737261574887,R1
2025-04-15 16:00:00,500,2.961636294310481,3.3665371248017006,-0.40490083049121983,R1
2025-04-15 17:00:00,500,2.897801387511435,3.26934221683466,-0.3715408293232252,R1
2025-04-15 18:00:00,500,2.8617906538296585,3.2693026758961703,-0.4075120220665118,R1
2025-04-15 19:00:00,500,2.9526927605424143,3.2593578772477447,-0.3066651167053305,R1
2025-04-15 20:00:00,500,2.899516245900643,3.382219562713095,-0.4827033168124517,R1
2025-04-15 21:00:00,500,2.933504562346924,3.232703078630738,-0.299198516283814,R1
2025-04-15 22:00:00,500,2.8588589515276985,3.3431603488165647,-0.4843013972888661,R1
2025-04-15 23:00:00,500,2.893937242355405,3.23456738642202,-0.34063014406661507,R1
2025-04-16 00:00:00,500,2.989252098329413,3.3240768608965774,-0.3348247625671643,R1
2025-04-16 01:00:00,500,2.938141596453592,3.243776206261313,-0.3056346098077207,R1
2025-04-16 02:00:00,500,2.949144840844097,3.2850814696308435,-0.33593662878674646,R1
2025-04-16 03:00:00,500,3.033452204552532,3.2098020233388564,-0.1763498187863246,R1
2025-04-16 04:00:00,500,2.9792283132433366,3.2046616376011747,-0.22543332435783814,R1
2025-04-16 05:00:00,500,2.9990994211180437,3.197182462662919,-0.1980830415448751,R1
2025-04-16 06:00:00,500,2.9649418346364724,3.577481542913948,-0.6125397082774757,R1
2025-04-16 07:00:00,500,3.026253382372764,3.1991517492892925,-0.17289836691652827,R1
2025-04-16 08:00:00,500,3.016922288903266,3.1273046415649293,-0.11038235266166341,R1
2025-04-16 09:00:00,500,2.9724056492515976,3.311441593090686,-0.33903594383908864,R1
2025-04-16 10:00:00,500,2.9970905618996984,3.2733706355814247,-0.27628007368172636,R1
2025-04-16 11:00:00,500,3.06023450252861,3.245875113919165,-0.18564061139055488,R1
2025-04-16 12:00:00,500,2.9626290500503503,3.242331118459151,-0.27970206840880074,R1
2025-04-16 13:00:00,500,3.005182694029294,3.30568592707483,-0.30050323304553617,R1
2025-04-16 14:00:00,500,3.0168764473573355,3.525653866970287,-0.5087774196129513,R1
2025-04-16 15:00:00,500,2.9419320609893926,3.578972023732603,-0.6370399627432102,R1
2025-04-16 16:00:00,500,2.9033418815336547,3.3076672753400445,-0.40432539380638977,R1
2025-04-16 17:00:00,500,2.9870162111997463,3.2064239544360817,-0.2194077432363355,R1
2025-04-16 18:00:00,500,2.989321459862041,3.199298611912732,-0.209977152050691,R1
2025-04-16 19:00:00,500,3.0293217156353327,3.4199039674073384,-0.3905822517720057,R1
2025-04-16 20:00:00,500,2.889494736148752,3.2352306804257003,-0.3457359442769481,R1
2025-04-16 21:00:00,500,2.9676054743887543,3.256373104341359,-0.28876762995260474,R1
2025-04-16 22:00:00,500,2.899853247155136,3.4121086997698598,-0.5122554526147236,R1
2025-04-16 23:00:00,500,2.888245081168701,3.227224387964945,-0.3389793067962441,R1
2025-04-17 00:00:00,500,2.976452021205952,3.130763996941343,-0.15431197573539102,R1
2025-04-17 01:00:00,500,2.947378689910221,3.2769342923000173,-0.3295556023897963,R1
2025-04-17 02:00:00,500,2.984031772471704,3.2391200276522256,-0.2550882551805218,R1
2025-04-17 03:00:00,500,2.933555095725805,3.3293852310221945,-0.39583013529638933,R1
2025-04-17 04:00:00,500,2.995243773915544,3.3255526150031955,-0.3303088410876516,R1
2025-04-17 05:00:00,500,2.940527538297219,3.2877315176022783,-0.3472039793050592,R1
2025-04-17 06:00:00,500,2.9574038973346437,4.195748268843274,-1.2383443715086302,R1
2025-04-17 07:00:00,500,3.0873987556571287,3.387213620381283,-0.2998148647241541,R1
2025-04-17 08:00:00,500,2.963902867160501,3.2068197310527395,-0.24291686389223832,R1
2025-04-17 09:00:00,500,2.987782925798223,3.4880500682572277,-0.5002671424590046,R1
2025-04-17 10:00:00,500,3.074826122605564,3.2091193400629034,-0.13429321745733924,R1
2025-04-17 11:00:00,500,2.953774013334565,4.089288910660972,-1.135514897326407,R1
2025-04-17 12:00:00,500,2.910917074383431,4.04703481008191,-1.136117735698479,R1
2025-04-17 13:00:00,500,3.0292615170002506,3.3954835097797185,-0.3662219927794679,R1
2025-04-17 14:00:00,500,2.960791704026362,3.5905882936668383,-0.6297965896404762,R1
2025-04-17 15:00:00,500,2.9687378879844,3.510205708829445,-0.5414678208450447,R1
2025-04-17 16:00:00,500,3.0883638736704824,3.482476667081095,-0.39411279341061256,R1
2025-04-17 17:00:00,500,3.045764748142352,3.2357495838706622,-0.18998483572831004,R1
2025-04-17 18:00:00,500,2.990416638441236,3.257337967964335,-0.266921329523099,R1
2025-04-17 19:00:00,500,3.032222039754804,3.283170250152719,-0.25094821039791526,R1
2025-04-17 20:00:00,500,2.9729272016806267,3.2111531858968374,-0.23822598421621066,R1
2025-04-17 21:00:00,500,3.0441519521906653,3.230015605568501,-0.18586365337783572,R1
2025-04-17 22:00:00,500,2.9554086095503886,3.312983110259974,-0.3575745007095854,R1
2025-04-17 23:00:00,500,2.827903572665769,3.2033973542073864,-0.3754937815416173,R1
2025-04-18 00:00:00,500,2.9330233228479905,3.313923578523285,-0.3809002556752943,R1
2025-04-18 01:00:00,500,3.066002627810568,3.2020275637397178,-0.13602493592914966,R1
2025-04-18 02:00:00,500,2.976214990457361,3.443370399030504,-0.46715540857314286,R1
2025-04-18 03:00:00,500,2.958200041194165,3.386470549070056,-0.42827050787589105,R1
2025-04-18 04:00:00,500,2.964171135414221,3.374204677409627,-0.41003354199540576,R1
2025-04-18 05:00:00,500,3.0467786099762963,3.3532930773784746,-0.30651446740217825,R1
2025-04-18 06:00:00,500,2.9933257035873484,3.323969776916276,-0.33064407332892776,R1
2025-04-18 07:00:00,500,2.964861370981616,3.2132353519269152,-0.24837398094529917,R1
2025-04-18 08:00:00,500,2.995425566141212,3.285025482984913,-0.2895999168437009,R1
2025-04-18 09:00:00,500,2.9860209215476727,3.207411098259661,-0.22139017671198813,R1
2025-04-18 10:00:00,500,3.0452015540087567,3.3725605399368304,-0.32735898592807366,R1
2025-04-18 11:00:00,500,3.0278976052057005,3.347475730549164,-0.3195781253434635,R1
2025-04-18 12:00:00,500,3.159675262776481,3.4728170185485334,-0.3131417557720524,R1
2025-04-18 13:00:00,500,3.015033204080279,3.599181747602505,-0.5841485435222258,R1
2025-04-18 14:00:00,500,3.0160708958788938,3.388269466988471,-0.37219857110957744,R1
2025-04-18 15:00:00,500,2.904403790348795,3.315628844810445,-0.4112250544616498,R1
2025-04-18 16:00:00,500,3.0425798134161823,3.314779796886233,-0.2721999834700508,R1
2025-04-18 17:00:00,500,2.9922689053651634,3.328177835246929,-0.3359089298817657,R1
2025-04-18 18:00:00,500,3.02446608026954,3.438327391588789,-0.4138613113192493,R1
2025-04-18 19:00:00,500,2.9247840831066787,3.3661816524161496,-0.44139756930947094,R1
2025-04-18 20:00:00,500,3.073732105948626,3.286740526284901,-0.21300842033627498,R1
2025-04-18 21:00:00,500,2.958557500204114,3.261485628578285,-0.30292812837417094,R1
2025-04-18 22:00:00,500,2.933255636733865,3.2157726603245025,-0.28251702359063735,R1
2025-04-18 23:00:00,500,2.9692941120842606,3.250470002409189,-0.2811758903249282,R1
2025-04-19 00:00:00,500,2.8639981515386737,3.153357563337769,-0.2893594117990954,R1
2025-04-19 01:00:00,500,3.056103235261122,3.2708408268721314,-0.21473759161100947,R1
2025-04-19 02:00:00,500,2.9386162336814072,3.376438818730475,-0.43782258504906757,R1
2025-04-19 03:00:00,500,2.936133989385408,3.6448822022185023,-0.7087482128330942,R1
2025-04-19 04:00:00,500,2.969502548409666,3.681801454312096,-0.7122989059024301,R1
2025-04-19 05:00:00,500,2.916692678765386,3.2234143978447216,-0.30672171907933565,R1
2025-04-19 06:00:00,500,3.076281463009256,3.333072103768605,-0.25679064075934876,R1
2025-04-19 07:00:00,500,2.9866636736311087,3.274640608693413,-0.28797693506230404,R1
2025-04-19 08:00:00,500,3.127890603443317,3.2568478715574547,-0.12895726811413777,R1
2025-04-19 09:00:00,500,3.031088390137724,3.468512790443768,-0.4374244003060439,R1
2025-04-19 10:00:00,500,3.070780972071251,3.339716871262864,-0.2689358991916131,R1
2025-04-19 11:00:00,500,3.057769689550044,3.364932745316549,-0.3071630557665048,R1
2025-04-19 12:00:00,500,3.101634989157942,3.2953482839625963,-0.19371329480465427,R1
2025-04-19 13:00:00,500,3.016854762394112,3.337208965553625,-0.3203542031595128,R1
2025-04-19 14:00:00,500,2.971337839697696,3.1611685653797688,-0.18983072568207282,R1
2025-04-19 15:00:00,500,2.9415031979809765,3.375087169668042,-0.43358397168706553,R1
2025-04-19 16:00:00,500,2.985702304634019,3.411845787602138,-0.426143482968119,R1
2025-04-19 17:00:00,500,2.9853556999524224,3.1953840263780795,-0.21002832642565705,R1
2025-04-19 18:00:00,500,2.876876570146721,3.352476940233857,-0.4756003700871356,R1
2025-04-19 19:00:00,500,2.945159525513739,3.380993072443937,-0.43583354693019816,R1
2025-04-19 20:00:00,500,2.916250484433814,3.230934806974941,-0.3146843225411269,R1
2025-04-19 21:00:00,500,2.9386365978772075,3.388868079466025,-0.4502314815888173,R1
2025-04-19 22:00:00,500,2.9058879353196305,3.274066692808756,-0.36817875748912554,R1
2025-04-19 23:00:00,500,3.022386211981263,3.1702406558237763,-0.14785444384251356,R1
2025-04-20 00:00:00,500,3.0042341630334635,3.2425575873476005,-0.238323424314137,R1
2025-04-20 01:00:00,500,3.1013190106317308,3.274098798700461,-0.17277978806873007,R1
2025-04-20 02:00:00,500,2.948183629549927,3.3113790561710226,-0.3631954266210955,R1
2025-04-20 03:00:00,500,3.095941868053966,3.749834171089048,-0.6538923030350823,R1
2025-04-20 04:00:00,500,3.009832901842087,3.4065995048169757,-0.39676660297488864,R1
2025-04-20 05:00:00,500,3.016167701269683,3.237370695436048,-0.22120299416636513,R1
2025-04-20 06:00:00,500,2.984385232017541,3.315631448785379,-0.33124621676783805,R1
2025-04-20 07:00:00,500,2.967199053254721,3.3201108972936497,-0.3529118440389287,R1
2025-04-20 08:00:00,500,2.910806700008945,3.331273387701015,-0.4204666876920702,R1
2025-04-20 09:00:00,500,3.0043852275695384,3.315390736770922,-0.3110055092013835,R1
2025-04-20 10:00:00,500,3.056615799537861,3.42206481311457,-0.365449013576709,R1
2025-04-20 11:00:00,500,3.084029522835458,3.3064914555074827,-0.22246193267202452,R1
2025-04-20 12:00:00,500,3.053811096314913,3.246962133792954,-0.19315103747804097,R1
2025-04-20 13:00:00,500,3.084116181890772,3.3152093774913403,-0.23109319560056818,R1
2025-04-20 14:00:00,500,3.0837161186651567,3.3133781213499605,-0.22966200268480375,R1
2025-04-20 15:00:00,500,2.9689909001394508,3.3932060901435315,-0.4242151900040807,R1
2025-04-20 16:00:00,500,2.9841966662486383,3.423389830231004,-0.43919316398236585,R1
2025-04-20 17:00:00,500,2.97477605033077,3.3019256203451635,-0.3271495700143934,R1
2025-04-20 18:00:00,500,3.1500303220853785,3.3389165602832183,-0.18888623819783978,R1
2025-04-20 19:00:00,500,3.170691044393284,3.506845347899398,-0.3361543035061141,R1
2025-04-20 20:00:00,500,3.062035950654852,3.5336340350153708,-0.47159808436051875,R1
2025-04-20 21:00:00,500,3.133323330004899,3.600674007921445,-0.46735067791654616,R1
2025-04-20 22:00:00,500,3.103461579554073,3.561775608426241,-0.4583140288721679,R1
2025-04-20 23:00:00,500,3.146297556591007,3.655423648070484,-0.5091260914794766,R1
2025-04-21 00:00:00,500,2.9918779070425217,3.6119937949436287,-0.620115887901107,R1
2025-04-21 01:00:00,500,3.103531983845865,3.4291929165583053,-0.32566093271244023,R1
2025-04-21 02:00:00,500,3.120047911485228,3.499224924886528,-0.37917701340129994,R1
2025-04-21 03:00:00,500,3.120690614402476,3.516066540167181,-0.3953759257647049,R1
2025-04-21 04:00:00,500,3.199895433872558,3.542736005833916,-0.3428405719613581,R1
2025-04-21 05:00:00,500,3.114343577698792,3.5756231044958686,-0.4612795267970764,R1
2025-04-21 06:00:00,500,3.060547532117166,3.4456625210200778,-0.38511498890291174,R1
2025-04-21 07:00:00,500,3.149914071340321,3.701266664269625,-0.5513525929293039,R1
2025-04-21 08:00:00,500,3.152686493096469,3.539060377135338,-0.3863738840388691,R1
2025-04-21 09:00:00,500,3.175991370747613,3.7427380390533935,-0.5667466683057807,R1
2025-04-21 10:00:00,500,3.2972105060083035,4.035024469859625,-0.7378139638513215,R1
2025-04-21 11:00:00,500,3.176216562060783,3.477058553726059,-0.30084199166527625,R1
2025-04-21 12:00:00,500,3.1792822802858947,3.683900675297902,-0.5046183950120073,R1
2025-04-21 13:00:00,500,3.1319690517187877,3.342042529578939,-0.2100734778601514,R1
2025-04-21 14:00:00,500,3.292305085475589,3.643011820497033,-0.3507067350214439,R1
2025-04-21 15:00:00,500,3.411793329592025,4.212842433322226,-0.8010491037302012,R1
2025-04-21 16:00:00,500,3.253171596737627,4.145030875508115,-0.8918592787704882,R1
2025-04-21 17:00:00,500,3.1769069077444736,3.704374725421845,-0.5274678176773713,R1
2025-04-21 18:00:00,500,3.180297611393381,3.493288080537225,-0.3129904691438439,R1
2025-04-21 19:00:00,500,3.16095791610295,3.5598887304116924,-0.3989308143087422,R1
2025-04-21 20:00:00,500,3.200691366551116,3.46988373315455,-0.2691923666034337,R1
2025-04-21 21:00:00,500,3.1300265624761967,4.160083101345663,-1.030056538869466,R1
2025-04-21 22:00:00,500,3.1272272072542675,3.586276398302481,-0.4590491910482135,R1
2025-04-21 23:00:00,500,3.1553693301664425,3.478727300160437,-0.3233579699939946,R1
2025-04-22 00:00:00,500,3.099209239762693,3.5217701403805317,-0.4225609006178388,R1
2025-04-22 01:00:00,500,3.166059008016442,3.496822500428985,-0.3307634924125429,R1
2025-04-22 02:00:00,500,3.2480766895149595,3.5884264908358725,-0.34034980132091297,R1
2025-04-22 03:00:00,500,3.1578466333531168,3.4127181768106127,-0.25487154345749596,R1
2025-04-22 04:00:00,500,3.1860272041246662,3.448039434856341,-0.26201223073167457,R1
2025-04-22 05:00:00,500,3.150552620935596,3.457752854244719,-0.30720023330912305,R1
2025-04-22 06:00:00,500,3.2360978535654303,3.563102223905462,-0.3270043703400316,R1
2025-04-22 07:00:00,500,3.1556258843970766,3.6271198804107256,-0.47149399601364905,R1
2025-04-22 08:00:00,500,3.202547184473382,3.6349050454542136,-0.4323578609808316,R1
2025-04-22 09:00:00,500,3.156415128006381,3.5389035231209736,-0.38248839511459254,R1
2025-04-22 10:00:00,500,3.133611741279191,3.51243391833729,-0.37882217705809884,R1
2025-04-22 11:00:00,500,3.106288429579356,3.487140698003213,-0.38085226842385733,R1
2025-04-22 12:00:00,500,3.100481615174945,3.5735440070062867,-0.4730623918313417,R1
2025-04-22 13:00:00,500,3.1896067634168723,3.591109544429543,-0.4015027810126708,R1
2025-04-22 14:00:00,500,3.1116029167078056,3.628326202917136,-0.5167232862093303,R1
2025-04-22 15:00:00,500,3.2728973379980206,3.554222757844077,-0.2813254198460564,R1
2025-04-22 16:00:00,500,3.175705330332625,3.493050891701494,-0.31734556136886916,R1
2025-04-22 17:00:00,500,3.231532990228634,3.5227571919371568,-0.2912242017085229,R1
2025-04-22 18:00:00,500,3.1714771722902477,3.629209439363028,-0.45773226707278036,R1
2025-04-22 19:00:00,500,3.1424816376419624,3.715451816989951,-0.5729701793479887,R1
2025-04-22 20:00:00,500,3.1494746927587163,3.576767687062601,-0.42729299430388457,R1
2025-04-22 21:00:00,500,3.058993784445427,3.754401754538666,-0.695407970093239,R1
2025-04-22 22:00:00,500,3.1773277973076577,3.527938908058266,-0.35061111075060847,R1
2025-04-22 23:00:00,500,3.130096742999583,3.621031036789994,-0.49093429379041087,R1
2025-04-23 00:00:00,500,3.072211683010746,3.544079499089656,-0.4718678160789098,R1
2025-04-23 01:00:00,500,3.089266334021119,3.6621708097768,-0.5729044757556809,R1
2025-04-23 02:00:00,500,3.124500035964017,3.515282490492112,-0.3907824545280949,R1
2025-04-23 03:00:00,500,3.150600469894503,3.785283149129064,-0.6346826792345608,R1
2025-04-23 04:00:00,500,3.080545818845152,3.7432145750447527,-0.6626687561996008,R1
2025-04-23 05:00:00,500,3.120848174469611,3.681244650375477,-0.5603964759058662,R1
2025-04-23 06:00:00,500,3.0862930599801475,3.651826358485827,-0.5655332985056796,R1
2025-04-23 07:00:00,500,3.147740637777635,3.5599276533560738,-0.41218701557843884,R1
2025-04-23 08:00:00,500,3.070237713415747,3.475357661994817,-0.40511994857906997,R1
2025-04-23 09:00:00,500,3.0742816187559154,3.3730885116032834,-0.29880689284736794,R1
2025-04-23 10:00:00,500,2.983232864836624,3.2613421929859707,-0.2781093281493465,R1
2025-04-23 11:00:00,500,3.2698864196526376,3.5155941385827347,-0.24570771893009713,R1
2025-04-23 12:00:00,500,3.210650963232426,3.60958688747059,-0.39893592423816404,R1
2025-04-23 13:00:00,500,3.1344228884923364,3.633412537878794,-0.4989896493864574,R1
2025-04-23 14:00:00,500,3.1216332692961006,3.703736936824596,-0.5821036675284952,R1
2025-04-23 15:00:00,500,3.094744258454456,3.643267446164924,-0.5485231877104679,R1
2025-04-23 16:00:00,500,3.187567714819743,3.4960853325516017,-0.3085176177318587,R1
2025-04-23 17:00:00,500,3.16657241901513,3.4732533167232287,-0.3066808977080986,R1
2025-04-23 18:00:00,500,3.072135297243848,3.5195334223501997,-0.4473981251063517,R1
2025-04-23 19:00:00,500,3.171738316509718,3.6277827585536353,-0.45604444204391736,R1
2025-04-23 20:00:00,500,3.0589172789736905,3.777199000222468,-0.7182817212487773,R1
2025-04-23 21:00:00,500,3.0458370560090544,3.6634538202968416,-0.6176167642877872,R1
2025-04-23 22:00:00,500,3.1430689974288684,3.638339431823344,-0.4952704343944756,R1
2025-04-23 23:00:00,500,3.190236816685173,3.52627419243928,-0.3360373757541071,R1
2025-04-24 00:00:00,500,3.002533936828807,3.5878893789910333,-0.5853554421622262,R1
2025-04-24 01:00:00,500,3.0822477560747013,3.7610003439115935,-0.6787525878368923,R1
2025-04-24 02:00:00,500,3.1177354348421376,3.601540166828609,-0.48380473198647156,R1
2025-04-24 03:00:00,500,3.0963666678746584,3.489450427721517,-0.3930837598468586,R1
2025-04-24 04:00:00,500,3.167918583843835,3.666538232586488,-0.4986196487426531,R1
2025-04-24 05:00:00,500,3.120306427563196,3.622668974490386,-0.50236254692719,R1
2025-04-24 06:00:00,500,3.05544360278018,3.469819950549394,-0.41437634776921417,R1
2025-04-24 07:00:00,500,3.0627864072506337,3.476977305457462,-0.41419089820682853,R1
2025-04-24 08:00:00,500,3.007263489285672,3.588901136948981,-0.5816376476633089,R1
2025-04-24 09:00:00,500,3.042875233406456,3.370773438671402,-0.3278982052649462,R1
2025-04-24 10:00:00,500,2.98354769440505,3.357099430850569,-0.37355173644551876,R1
2025-04-24 11:00:00,500,2.8283277302255216,3.1119922697906377,-0.28366453956511606,R1
2025-04-24 12:00:00,500,3.044795117664153,3.186771981556515,-0.1419768638923622,R1
2025-04-24 13:00:00,500,2.734977990375173,3.2513107568761352,-0.516332766500962,R1
2025-04-24 14:00:00,500,2.848204792944445,3.210691125997397,-0.36248633305295197,R1
2025-04-24 15:00:00,500,2.8594105231680405,3.2889885339011826,-0.42957801073314217,R1
2025-04-24 16:00:00,500,2.934348155582752,3.138898403299732,-0.20455024771698005,R1
2025-04-24 17:00:00,500,3.133698258260728,3.17011717564605,-0.036418917385322214,R1
2025-04-24 18:00:00,500,2.879343438422854,3.272324004535494,-0.39298056611264,R1
2025-04-24 19:00:00,500,3.008598596517718,3.169269510769128,-0.16067091425141022,R1
2025-04-24 20:00:00,500,2.9146925928016043,3.1928396217104758,-0.27814702890887144,R1
2025-04-24 21:00:00,500,2.85327693550845,3.2434118663022247,-0.3901349307937747,R1
2025-04-24 22:00:00,500,2.8928898784770443,3.075775093259172,-0.18288521478212783,R1
2025-04-24 23:00:00,500,2.8485632517283865,3.207761436838996,-0.35919818511060964,R1
2025-04-25 00:00:00,500,3.004831799918588,3.193134710505804,-0.18830291058721604,R1
2025-04-25 01:00:00,500,2.9226688405096595,3.2944244446334325,-0.37175560412377306,R1
2025-04-25 02:00:00,500,2.966380087453393,3.254967320043244,-0.2885872325898511,R1
2025-04-25 03:00:00,500,2.830874634457998,3.2923906764732727,-0.46151604201527485,R1
2025-04-25 04:00:00,500,2.8523191245687944,3.1234513626789955,-0.27113223811020104,R1
2025-04-25 05:00:00,500,2.951191147936685,3.2044213298165727,-0.2532301818798879,R1
2025-04-25 06:00:00,500,3.0258822964199155,3.210021785728215,-0.1841394893082997,R1
2025-04-25 07:00:00,500,2.8992307435445266,3.1450932697208027,-0.24586252617627613,R1
2025-04-25 08:00:00,500,2.857396879540045,3.1429407221115238,-0.2855438425714789,R1
2025-04-25 09:00:00,500,2.724979251569902,2.9007447950173626,-0.17576554344746054,R1
2025-04-25 10:00:00,500,2.805251330027425,3.1053884300330945,-0.3001371000056694,R1
2025-04-25 11:00:00,500,2.994563167805033,3.28632945600364,-0.29176628819860717,R1
2025-04-25 12:00:00,500,2.801757994137623,3.037728184092756,-0.23597018995513297,R1
2025-04-25 13:00:00,500,2.9255862188731534,3.3786749387185133,-0.4530887198453599,R1
2025-04-25 14:00:00,500,2.9668254879601847,3.273173316087971,-0.30634782812778605,R1
2025-04-25 15:00:00,500,3.021720725666857,3.2183898943834284,-0.19666916871657136,R1
2025-04-25 16:00:00,500,2.910503323693515,3.413419999407206,-0.5029166757136911,R1
2025-04-25 17:00:00,500,3.053844541624555,3.420687933092224,-0.36684339146766876,R1
2025-04-25 18:00:00,500,2.931208868926068,3.379678053309536,-0.4484691843834683,R1
2025-04-25 19:00:00,500,3.0466089647732755,3.5613176328640352,-0.5147086680907598,R1
2025-04-25 20:00:00,500,3.073583310213091,3.313572218230464,-0.23998890801737316,R1
2025-04-25 21:00:00,500,2.9713323363458506,3.347439674546711,-0.3761073382008604,R1
2025-04-25 22:00:00,500,2.8657470014162145,3.486944719270156,-0.6211977178539416,R1
2025-04-25 23:00:00,500,2.9495040073505736,3.4787456333562394,-0.5292416260056658,R1
2025-04-26 00:00:00,500,2.883460667336755,3.4846454940722005,-0.6011848267354454,R1
2025-04-26 01:00:00,500,3.0402840105096858,3.1762625623313743,-0.1359785518216885,R1
2025-04-26 02:00:00,500,2.9740561273381925,3.548809545765668,-0.5747534184274756,R1
2025-04-26 03:00:00,500,3.1187816170269747,3.356409970658474,-0.23762835363149915,R1
2025-04-26 04:00:00,500,2.9950603362599058,3.138448170690248,-0.1433878344303423,R1
2025-04-26 05:00:00,500,3.0279808311728265,3.445488812515216,-0.41750798134238964,R1
2025-04-26 06:00:00,500,2.9367876652054976,3.250973347940617,-0.31418568273511926,R1
2025-04-26 07:00:00,500,2.9707720582592554,3.3441039206287617,-0.37333186236950633,R1
2025-04-26 08:00:00,500,3.137245903093393,3.502292352855402,-0.36504644976200895,R1
2025-04-26 09:00:00,500,3.0140079749943496,3.373482233533572,-0.35947425853922255,R1
2025-04-26 10:00:00,500,2.988569920713464,3.3026878813974454,-0.31411796068398123,R1
2025-04-26 11:00:00,500,3.0853447877473883,3.5827860911757594,-0.4974413034283711,R1
2025-04-26 12:00:00,500,3.1214568949401875,3.4983138303972656,-0.3768569354570781,R1
2025-04-26 13:00:00,500,3.105786268301211,3.52444668190664,-0.4186604136054286,R1
2025-04-26 14:00:00,500,3.2621678224869446,3.414284450099078,-0.1521166276121333,R1
2025-04-26 15:00:00,500,3.181279250665443,3.6381920920387,-0.45691284137325683,R1
2025-04-26 16:00:00,500,3.22376863940371,3.481298512922257,-0.2575298735185467,R1
2025-04-26 17:00:00,500,3.200568807940642,3.952280171083383,-0.751711363142741,R1
2025-04-26 18:00:00,500,3.1447285878790425,3.927103858894868,-0.7823752710158254,R1
2025-04-26 19:00:00,500,3.170071491527585,3.605655681436465,-0.43558418990888015,R1
2025-04-26 20:00:00,500,3.184196755717952,3.6283718451916194,-0.4441750894736676,R1
2025-04-26 21:00:00,500,3.193402419704764,3.449787853336265,-0.2563854336315008,R1
2025-04-26 22:00:00,500,3.207771748302472,3.580714775652384,-0.3729430273499119,R1
2025-04-26 23:00:00,500,3.173255702237064,3.4849448960007523,-0.3116891937636881,R1
2025-04-27 00:00:00,500,3.213839594447077,3.3353373149232155,-0.1214977204761385,R1
2025-04-27 01:00:00,500,3.0913728859838328,3.629176407943629,-0.5378035219597961,R1
2025-04-27 02:00:00,500,3.1561523673942258,3.623596832869476,-0.4674444654752503,R1
2025-04-27 03:00:00,500,3.1355534152193694,3.51611458986684,-0.3805611746474704,R1
2025-04-27 04:00:00,500,3.2524600375799246,3.7903095257521664,-0.5378494881722418,R1
2025-04-27 05:00:00,500,3.216720525000889,3.6749474780312856,-0.4582269530303966,R1
2025-04-27 06:00:00,500,3.132771681878072,3.5067151155916507,-0.3739434337135785,R1
2025-04-27 07:00:00,500,3.13469057087152,3.414113647717566,-0.2794230768460464,R1
2025-04-27 08:00:00,500,3.233202792206498,3.631925219064104,-0.39872242685760595,R1
2025-04-27 09:00:00,500,3.0558051379397875,3.398832230938526,-0.3430270929987387,R1
2025-04-27 10:00:00,500,3.1283345626386683,3.3762216314816587,-0.2478870688429904,R1
2025-04-27 11:00:00,500,3.0910292634029517,3.532077081546039,-0.44104781814308724,R1
2025-04-27 12:00:00,500,3.211491769043481,3.382571297103625,-0.17107952806014382,R1
2025-04-27 13:00:00,500,3.1853420854327896,3.5360030587796736,-0.35066097334688395,R1
2025-04-27 14:00:00,500,3.094469087352832,3.4370647494858333,-0.3425956621330011,R1
2025-04-27 15:00:00,500,3.0279750416946927,3.308863377282122,-0.2808883355874294,R1
2025-04-27 16:00:00,500,3.1067657381497167,3.565751498617441,-0.4589857604677241,R1
2025-04-27 17:00:00,500,3.073027815024626,3.3257949909104205,-0.25276717588579434,R1
2025-04-27 18:00:00,500,3.045525093560956,3.414148593376211,-0.3686234998152549,R1
2025-04-27 19:00:00,500,2.995800900553984,3.359772279013607,-0.363971378459623,R1
2025-04-27 20:00:00,500,3.0888314760143976,3.435457146510102,-0.34662567049570425,R1
2025-04-27 21:00:00,500,3.1148909371914253,3.221664931014886,-0.10677399382346087,R1
2025-04-27 22:00:00,500,3.111939131943829,3.352020398082729,-0.2400812661388998,R1
2025-04-27 23:00:00,500,3.1372138892962664,3.567345070720553,-0.4301311814242865,R1
2025-04-28 00:00:00,500,3.110672217797216,3.401013471884553,-0.29034125408733713,R1
2025-04-28 01:00:00,500,3.0069449967368174,3.429337344009656,-0.4223923472728388,R1
2025-04-28 02:00:00,500,3.1075119081287523,3.3837258421061747,-0.27621393397742233,R1
2025-04-28 03:00:00,500,2.9218398299876363,3.3965610582682766,-0.47472122828064034,R1
2025-04-28 04:00:00,500,3.099259397412933,3.491204185442479,-0.3919447880295457,R1
2025-04-28 05:00:00,500,3.093528857444756,3.322799000108592,-0.22927014266383594,R1
2025-04-28 06:00:00,500,3.0965325242015616,3.303676232329575,-0.20714370812801342,R1
2025-04-28 07:00:00,500,3.083829533356213,3.5027319046910828,-0.4189023713348696,R1
2025-04-28 08:00:00,500,3.149401923105691,3.425474359180765,-0.2760724360750739,R1
2025-04-28 09:00:00,500,3.16831442435536,3.5720515194180287,-0.40373709506266886,R1
2025-04-28 10:00:00,500,3.1254534745432765,3.722702742292382,-0.5972492677491057,R1
2025-04-28 11:00:00,500,3.0869004227327244,3.4029976351513733,-0.31609721241864897,R1
2025-04-28 12:00:00,500,3.1888064013526805,3.460845374232864,-0.27203897288018375,R1
2025-04-28 13:00:00,500,3.1964251998909705,3.322415852001213,-0.12599065211024252,R1
2025-04-28 14:00:00,500,3.2026011232490217,3.7521953322402015,-0.5495942089911798,R1
2025-04-28 15:00:00,500,3.248023423519741,3.6968074361136503,-0.4487840125939093,R1
2025-04-28 16:00:00,500,3.259650995471137,3.6200105297660254,-0.36035953429488865,R1
2025-04-28 17:00:00,500,3.23726266533315,3.3706328031378154,-0.13337013780466522,R1
2025-04-28 18:00:00,500,3.1211884504101257,3.554706789890629,-0.4335183394805031,R1
2025-04-28 19:00:00,500,3.1615695751443136,3.42176218439617,-0.2601926092518565,R1
2025-04-28 20:00:00,500,3.164835208112846,3.465427934644408,-0.300592726531562,R1
2025-04-28 21:00:00,500,3.0934720701043488,3.667905537615013,-0.5744334675106644,R1
2025-04-28 22:00:00,500,3.242112269214114,3.3994341574240416,-0.15732188820992743,R1
2025-04-28 23:00:00,500,3.0840338566352825,3.5109449411532543,-0.4269110845179718,R1
2025-04-29 00:00:00,500,3.1159968663636186,3.5101016843339363,-0.3941048179703177,R1
2025-04-29 01:00:00,500,3.193747959830149,4.26010482227816,-1.0663568624480115,R1
2025-04-29 02:00:00,500,3.2465161132768285,3.453313827408723,-0.2067977141318944,R1
2025-04-29 03:00:00,500,3.272636916009986,3.4623603763759405,-0.18972346036595455,R1
2025-04-29 04:00:00,500,3.137665093371816,3.500117214310878,-0.36245212093906165,R1
2025-04-29 05:00:00,500,3.308446474424288,3.6010527918938786,-0.29260631746959076,R1
2025-04-29 06:00:00,500,3.270488840290396,4.273920147267215,-1.0034313069768186,R1
2025-04-29 07:00:00,500,3.11256490525005,3.402117243498751,-0.2895523382487011,R1
2025-04-29 08:00:00,500,3.123330202620531,3.3916499854013864,-0.2683197827808552,R1
2025-04-29 09:00:00,500,3.22810651264174,3.5229841310049794,-0.29487761836323934,R1
2025-04-29 10:00:00,500,3.2400672552180483,3.496703914891498,-0.2566366596734495,R1
2025-04-29 11:00:00,500,3.126727587865386,3.3648113032164684,-0.23808371535108241,R1
2025-04-29 12:00:00,500,3.197263518277976,3.575995101800023,-0.37873158352204683,R1
2025-04-29 13:00:00,500,3.2309390358169936,3.5942398903612567,-0.3633008545442631,R1
2025-04-29 14:00:00,500,3.105978255785691,3.4510898917685253,-0.3451116359828341,R1
2025-04-29 15:00:00,500,3.21339200296757,3.587313174512715,-0.3739211715451449,R1
2025-04-29 16:00:00,500,3.0563438533393503,3.489112240198297,-0.4327683868589465,R1
2025-04-29 17:00:00,500,3.1574522139950463,3.6208705371258976,-0.4634183231308513,R1
2025-04-29 18:00:00,500,3.1818063131144374,3.456324211130829,-0.2745178980163918,R1
2025-04-29 19:00:00,500,3.0945933413471187,3.4230471669938005,-0.3284538256466818,R1
2025-04-29 20:00:00,500,3.1480140530093075,3.4677265836021345,-0.319712530592827,R1
2025-04-29 21:00:00,500,3.104794010546484,3.557035237760393,-0.4522412272139089,R1
2025-04-29 22:00:00,500,3.075534969543793,3.3465827760611684,-0.27104780651737537,R1
2025-04-29 23:00:00,500,3.208272994542201,3.4864375858686074,-0.27816459132640636,R1
2025-04-30 00:00:00,500,3.1379875578974032,3.5483932600773263,-0.410405702179923,R1
2025-04-30 01:00:00,500,3.106406720746,3.425472096730468,-0.31906537598446816,R1
2025-04-30 02:00:00,500,3.27101518435424,3.783056077075367,-0.5120408927211271,R1
2025-04-30 03:00:00,500,3.2337990906025715,3.44198802077439,-0.2081889301718185,R1
2025-04-30 04:00:00,500,3.1961417264438365,3.4618822561214744,-0.26574052967763784,R1
2025-04-30 05:00:00,500,3.11956553734426,3.462969500946393,-0.3434039636021331,R1
2025-04-30 06:00:00,500,3.276187177056908,3.480851891332739,-0.2046647142758311,R1
2025-04-30 07:00:00,500,3.165628415316546,3.435707779644095,-0.270079364327549,R1
2025-04-30 08:00:00,500,3.172840967045142,3.4287887269315767,-0.2559477598864346,R1
2025-04-30 09:00:00,500,3.1930311015041406,3.433509967586974,-0.24047886608283342,R1
2025-04-30 10:00:00,500,3.2263311275621853,3.4915662421765266,-0.26523511461434124,R1
2025-04-30 11:00:00,500,3.1449658467585806,3.4456374086796107,-0.30067156192103006,R1
2025-04-30 12:00:00,500,3.127378110212158,3.399822496319706,-0.2724443861075483,R1
2025-04-30 13:00:00,500,3.2583800108440744,3.556564330411196,-0.29818431956712166,R1
2025-04-30 14:00:00,500,3.208559053761,3.3635650380980286,-0.15500598433702883,R1
2025-04-30 15:00:00,500,3.1170603957950744,3.3878401492284382,-0.2707797534333638,R1
2025-04-30 16:00:00,500,3.257585448271967,3.6769837653346857,-0.4193983170627189,R1
2025-04-30 17:00:00,500,3.120129870739947,3.717417701412912,-0.5972878306729648,R1
2025-04-30 18:00:00,500,3.237057588014755,3.560359613474044,-0.3233020254592889,R1
2025-04-30 19:00:00,500,3.1892951866139034,3.447087150223785,-0.25779196360988177,R1
2025-04-30 20:00:00,500,3.1309476333805577,3.328810102822792,-0.19786246944223418,R1
2025-04-30 21:00:00,500,3.19328526806098,3.348940399269015,-0.15565513120803498,R1
2025-04-30 22:00:00,500,3.108298154431688,3.397946183943956,-0.2896480295122683,R1
2025-04-30 23:00:00,500,3.0842475152689217,3.421061901717134,-0.3368143864482125,R1
2025-05-01 00:00:00,500,3.227776811029468,3.4058366398738547,-0.17805982884438665,R1
2025-05-01 01:00:00,500,3.2491207168093754,3.4986275610375404,-0.24950684422816494,R1
2025-05-01 02:00:00,500,3.1600766021526963,3.5923411261655884,-0.43226452401289217,R1
2025-05-01 03:00:00,500,3.1432711058819414,3.548370292556785,-0.40509918667484346,R1
2025-05-01 04:00:00,500,3.144766523657834,3.40183352376626,-0.25706700010842587,R1
2025-05-01 05:00:00,500,3.087197388869376,3.3586174874666286,-0.2714200985972526,R1
2025-05-01 06:00:00,500,3.16839236024902,3.334085554887075,-0.1656931946380551,R1
2025-05-01 07:00:00,500,3.1520031969112625,3.3151188366411866,-0.16311563972992404,R1
2025-05-01 08:00:00,500,3.204156363808224,3.4875976956722745,-0.2834413318640503,R1
2025-05-01 09:00:00,500,3.212904618955574,3.365307796398631,-0.1524031774430572,R1
2025-05-01 10:00:00,500,3.1093182950039044,3.457817863754146,-0.34849956875024146,R1
2025-05-01 11:00:00,500,3.131749904613089,3.377710011542952,-0.24596010692986292,R1
2025-05-01 12:00:00,500,3.2644057995750444,3.486899435659722,-0.22249363608467743,R1
2025-05-01 13:00:00,500,3.180824042193086,3.4898228399158304,-0.30899879772274463,R1
2025-05-01 14:00:00,500,3.1295039837757685,3.650423773933925,-0.5209197901581564,R1
2025-05-01 15:00:00,500,3.2207836328406576,3.4466096468603413,-0.22582601401968372,R1
2025-05-01 16:00:00,500,3.1458843138316506,3.447413320499228,-0.30152900666757754,R1
2025-05-01 17:00:00,500,3.217491974809153,3.666078179635436,-0.4485862048262832,R1
2025-05-01 18:00:00,500,3.160359003497513,3.4920259863489247,-0.3316669828514116,R1
2025-05-01 19:00:00,500,3.3831406243034734,3.465610306242444,-0.08246968193897075,R1
2025-05-01 20:00:00,500,3.157052558354754,3.5139167583541737,-0.35686419999941954,R1
2025-05-01 21:00:00,500,3.1726103567035344,3.48600410416275,-0.31339374745921544,R1
2025-05-01 22:00:00,500,3.1998913981234045,3.43981439653977,-0.23992299841636555,R1
2025-05-01 23:00:00,500,3.051248722290131,3.5073716751381148,-0.45612295284798376,R1
2025-05-02 00:00:00,500,3.168908283993733,4.47408840268248,-1.3051801186887473,R1
2025-05-02 01:00:00,500,3.130212581935388,3.490997093122413,-0.3607845111870249,R1
2025-05-02 02:00:00,500,3.1778454218740446,3.5300636058582224,-0.3522181839841778,R1
2025-05-02 03:00:00,500,3.1659294814535826,3.452155587878465,-0.28622610642488233,R1
2025-05-02 04:00:00,500,3.113724501144701,3.511725326332223,-0.398000825187522,R1
2025-05-02 05:00:00,500,3.2468352563148426,3.5103168598158208,-0.26348160350097816,R1
2025-05-02 06:00:00,500,3.2176999660886314,4.761662130530168,-1.5439621644415369,R1
2025-05-02 07:00:00,500,3.1842917998736318,3.445871853842616,-0.2615800539689843,R1
2025-05-02 08:00:00,500,3.186592596182425,3.330198651319879,-0.14360605513745428,R1
2025-05-02 09:00:00,500,3.209574323834423,3.593771744418932,-0.3841974205845089,R1
2025-05-02 10:00:00,500,3.1133904301697437,3.4488699303189514,-0.3354795001492077,R1
2025-05-02 11:00:00,500,3.146925342364138,4.02466452043534,-0.8777391780712018,R1
2025-05-02 12:00:00,500,3.223912327587932,3.403612205001298,-0.17969987741336624,R1
2025-05-02 13:00:00,500,3.204204641108256,3.479172238254527,-0.27496759714627084,R1
2025-05-02 14:00:00,500,3.067797371296516,3.513035381898828,-0.44523801060231216,R1
2025-05-02 15:00:00,500,3.2102622034229573,3.56260161559271,-0.35233941216975273,R1
2025-05-02 16:00:00,500,3.088833203961088,3.5714618410843424,-0.4826286371232542,R1
2025-05-02 17:00:00,500,3.1383148459505774,3.5997399984677467,-0.4614251525171693,R1
2025-05-02 18:00:00,500,3.100855728585334,3.706524151279769,-0.6056684226944351,R1
2025-05-02 19:00:00,500,3.0944478449366675,3.316677047149738,-0.22222920221307074,R1
2025-05-02 20:00:00,500,3.073243065344627,3.47394027860404,-0.4006972132594129,R1
2025-05-02 21:00:00,500,3.1015850517786108,3.557237538248545,-0.4556524864699343,R1
2025-05-02 22:00:00,500,3.109967686870246,3.5055769084281057,-0.3956092215578595,R1
2025-05-02 23:00:00,500,3.2310154980286123,3.927726317579279,-0.6967108195506668,R1
2025-05-03 00:00:00,500,3.12830814017058,3.512045713891045,-0.3837375737204649,R1
2025-05-03 01:00:00,500,3.072030322616369,3.8684310261425656,-0.7964007035261966,R1
2025-05-03 02:00:00,500,3.159978051019627,3.770004816965724,-0.6100267659460972,R1
2025-05-03 03:00:00,500,3.174259196502102,3.4979933776450185,-0.32373418114291663,R1
2025-05-03 04:00:00,500,3.1839289882171453,3.3714373274075,-0.1875083391903547,R1
2025-05-03 05:00:00,500,3.147183992667224,3.450814243688032,-0.30363025102080776,R1
2025-05-03 06:00:00,500,3.131322839093285,3.6306552036561537,-0.49933236456286867,R1
2025-05-03 07:00:00,500,3.1418726753984725,3.652663339615427,-0.5107906642169544,R1
2025-05-03 08:00:00,500,3.162818794267892,3.726686761837289,-0.5638679675693972,R1
2025-05-03 09:00:00,500,3.242537787385573,3.5289978119740537,-0.2864600245884805,R1
2025-05-03 10:00:00,500,3.251889886635865,3.588326670347468,-0.3364367837116031,R1
2025-05-03 11:00:00,500,3.2979768134040373,3.580257022480763,-0.2822802090767258,R1
2025-05-03 12:00:00,500,3.3171467643576533,3.445652055166523,-0.12850529080886952,R1
2025-05-03 13:00:00,500,3.2369197541082912,3.5322783382171874,-0.29535858410889615,R1
2025-05-03 14:00:00,500,3.320675558049584,3.595637469613869,-0.2749619115642852,R1
2025-05-03 15:00:00,500,3.26811024788151,3.5571190996497006,-0.2890088517681906,R1
2025-05-03 16:00:00,500,3.2493841646982164,3.591309811004745,-0.34192564630652855,R1
2025-05-03 17:00:00,500,3.08498342554936,3.633495807361544,-0.5485123818121842,R1
2025-05-03 18:00:00,500,3.1057206410511435,3.432378996857665,-0.32665835580652125,R1
2025-05-03 19:00:00,500,3.17998884377771,3.5337547224085486,-0.3537658786308384,R1
2025-05-03 20:00:00,500,3.261990161894272,3.762472428172227,-0.5004822662779547,R1
2025-05-03 21:00:00,500,3.1043689152093137,3.5307615086750768,-0.4263925934657631,R1
2025-05-03 22:00:00,500,3.092299359299606,3.801474102841648,-0.7091747435420417,R1
2025-05-03 23:00:00,500,3.240721751343941,3.5552352616194134,-0.31451351027547236,R1
2025-05-04 00:00:00,500,3.171229498138212,3.479513842805204,-0.3082843446669923,R1
2025-05-04 01:00:00,500,3.1366126918543933,3.7250717407773175,-0.5884590489229242,R1
2025-05-04 02:00:00,500,3.1311243314524573,3.397219408447013,-0.2660950769945556,R1
2025-05-04 03:00:00,500,3.187262063334237,3.428504616135525,-0.24124255280128803,R1
2025-05-04 04:00:00,500,3.25050865282912,3.531529738891256,-0.28102108606213605,R1
2025-05-04 05:00:00,500,3.194014607125681,3.68503397118485,-0.49101936405916913,R1
2025-05-04 06:00:00,500,3.315569885986489,3.484547688465357,-0.16897780247886773,R1
2025-05-04 07:00:00,500,3.311685601669937,3.5055904677878345,-0.19390486611789726,R1
2025-05-04 08:00:00,500,3.248829890594969,3.579739388611073,-0.33090949801610403,R1
2025-05-04 09:00:00,500,3.274332996408933,3.5670639060311022,-0.2927309096221693,R1
2025-05-04 10:00:00,500,3.2530668727136134,3.444900934751005,-0.19183406203739173,R1
2025-05-04 11:00:00,500,3.135681188499192,3.6903673606467193,-0.5546861721475271,R1
2025-05-04 12:00:00,500,3.2820506502639915,3.6111917824999726,-0.3291411322359812,R1
2025-05-04 13:00:00,500,3.278414813847653,3.6793131282629994,-0.4008983144153464,R1
2025-05-04 14:00:00,500,3.179869920381647,3.4939452304518226,-0.31407531007017564,R1
2025-05-04 15:00:00,500,3.1873994425593715,3.6216396004509055,-0.43424015789153403,R1
2025-05-04 16:00:00,500,3.2040734982197483,3.508423319752022,-0.3043498215322735,R1
2025-05-04 17:00:00,500,3.138208126639733,3.5343977263426214,-0.39618959970288836,R1
2025-05-04 18:00:00,500,3.1838398736639637,3.672927781822698,-0.4890879081587345,R1
2025-05-04 19:00:00,500,3.1936200376014083,3.6176385031354137,-0.42401846553400535,R1
2025-05-04 20:00:00,500,3.1657267804480367,3.810365007756968,-0.6446382273089313,R1
2025-05-04 21:00:00,500,3.178485653420544,3.5579877797636708,-0.37950212634312663,R1
2025-05-04 22:00:00,500,3.098013919792003,3.524130913433585,-0.4261169936415823,R1
2025-05-04 23:00:00,500,3.097642181495935,3.6066564437029336,-0.5090142622069984,R1
2025-05-05 00:00:00,500,3.246698452717878,3.844840886053509,-0.5981424333356307,R1
2025-05-05 01:00:00,500,3.1701582987513657,3.509706268793134,-0.3395479700417683,R1
2025-05-05 02:00:00,500,3.177642404550861,3.4982785718067846,-0.3206361672559237,R1
2025-05-05 03:00:00,500,3.19887312935267,3.507985290493353,-0.30911216114068285,R1
2025-05-05 04:00:00,500,3.2497356697814985,3.563827711548188,-0.31409204176668926,R1
2025-05-05 05:00:00,500,3.20249399605373,3.6696508898450895,-0.4671568937913593,R1
2025-05-05 06:00:00,500,3.1925703165236783,3.571887737037042,-0.3793174205133636,R1
2025-05-05 07:00:00,500,3.227503671563009,3.6893681084417222,-0.46186443687871304,R1
2025-05-05 08:00:00,500,3.212426475785525,3.7134834032400574,-0.5010569274545325,R1
2025-05-05 09:00:00,500,3.3545773952692564,3.750295818278504,-0.39571842300924764,R1
2025-05-05 10:00:00,500,3.2319518468825432,3.707735607748417,-0.4757837608658737,R1
2025-05-05 11:00:00,500,3.242578083367621,3.786640872453684,-0.544062789086063,R1
2025-05-05 12:00:00,500,3.222192087655377,3.432600532193216,-0.21040844453783913,R1
2025-05-05 13:00:00,500,3.197356649155348,3.5934392131787787,-0.3960825640234309,R1
2025-05-05 14:00:00,500,3.202062024384612,3.5807243979348065,-0.3786623735501946,R1
2025-05-05 15:00:00,500,3.194062500148425,3.53571543258193,-0.3416529324335049,R1
2025-05-05 16:00:00,500,3.1119141242389987,3.471608713485103,-0.3596945892461041,R1
2025-05-05 17:00:00,500,3.11413770782471,3.535411488239931,-0.4212737804152211,R1
2025-05-05 18:00:00,500,3.1837171026667197,3.681852207793092,-0.4981351051263725,R1
2025-05-05 19:00:00,500,3.196945953683814,3.57898036204855,-0.3820344083647358,R1
2025-05-05 20:00:00,500,3.17568831030059,3.541278422435258,-0.36559011213466786,R1
2025-05-05 21:00:00,500,3.1324612177733044,3.565082527099039,-0.4326213093257345,R1
2025-05-05 22:00:00,500,3.212575697432739,3.4459176609341675,-0.23334196350142866,R1
2025-05-05 23:00:00,500,3.333614872575676,3.699188713239653,-0.365573840663977,R1
2025-05-06 00:00:00,500,3.2470133162925467,3.710212757187513,-0.46319944089496623,R1
2025-05-06 01:00:00,500,3.1183866787976093,3.8216145273796656,-0.7032278485820562,R1
2025-05-06 02:00:00,500,3.208550948403028,3.5388086091258675,-0.3302576607228396,R1
2025-05-06 03:00:00,500,3.132573288251296,3.4667087259172376,-0.33413543766594156,R1
2025-05-06 04:00:00,500,3.2176440775635515,3.494684932586727,-0.2770408550231753,R1
2025-05-06 05:00:00,500,3.256718323914645,3.440685049173466,-0.18396672525882085,R1
2025-05-06 06:00:00,500,3.2289676206532394,3.5917627414869684,-0.362795120833729,R1
2025-05-06 07:00:00,500,3.1366788166155484,3.5256590316230056,-0.3889802150074573,R1
2025-05-06 08:00:00,500,3.11649210931368,3.88645511572315,-0.76996300640947,R1
2025-05-06 09:00:00,500,3.27496759082827,3.5143577069140592,-0.2393901160857892,R1
2025-05-06 10:00:00,500,3.243009830650622,3.5797668709459747,-0.3367570402953528,R1
2025-05-06 11:00:00,500,3.112009408420882,3.55436342609829,-0.4423540176774079,R1
2025-05-06 12:00:00,500,3.13902142750806,3.4810073134167228,-0.34198588590866263,R1
2025-05-06 13:00:00,500,3.167165904539544,3.4940874198864864,-0.32692151534694247,R1
2025-05-06 14:00:00,500,3.119118396557429,3.679349510943112,-0.5602311143856831,R1
2025-05-06 15:00:00,500,3.0792014016775853,3.4798649772480466,-0.4006635755704613,R1
2025-05-06 16:00:00,500,3.0043058266879736,3.3493889355233613,-0.3450831088353876,R1
2025-05-06 17:00:00,500,2.9511999105883757,3.3518917684172496,-0.40069185782887384,R1
2025-05-06 18:00:00,500,3.0010008307171536,3.683401478748083,-0.6824006480309293,R1
2025-05-06 19:00:00,500,3.085974132337599,3.414924596072241,-0.3289504637346421,R1
2025-05-06 20:00:00,500,3.0208611947929875,3.3609638698196456,-0.34010267502665803,R1
2025-05-06 21:00:00,500,3.049667078003288,3.3658867648074176,-0.3162196868041294,R1
2025-05-06 22:00:00,500,3.128869474017782,3.338168503829023,-0.20929902981124116,R1
2025-05-06 23:00:00,500,3.066720084169193,3.8782980527447415,-0.8115779685755484,R1
2025-05-07 00:00:00,500,3.1394041703256077,3.3491218616104232,-0.20971769128481554,R1
2025-05-07 01:00:00,500,3.1107852222804,3.219238735730247,-0.108453513449847,R1
2025-05-07 02:00:00,500,3.1660657283430003,3.4829761318745542,-0.316910403531554,R1
2025-05-07 03:00:00,500,3.190678011415085,3.3474996917529825,-0.15682168033789745,R1
2025-05-07 04:00:00,500,3.12742978500265,3.4232545031294275,-0.2958247181267777,R1
2025-05-07 05:00:00,500,3.097999099982382,3.42183997095482,-0.32384087097243786,R1
2025-05-07 06:00:00,500,3.0251124188984337,3.1793023964348723,-0.1541899775364386,R1
2025-05-07 07:00:00,500,3.181712979631235,3.40809072926542,-0.22637774963418522,R1
2025-05-07 08:00:00,500,3.1774672832634367,3.6910039553591742,-0.5135366720957375,R1
2025-05-07 09:00:00,500,3.0932414530627583,3.392073448176373,-0.29883199511361447,R1
2025-05-07 10:00:00,500,3.062824934120054,3.466943051832707,-0.40411811771265294,R1
2025-05-07 11:00:00,500,3.153099257088617,3.462738351833349,-0.30963909474473184,R1
2025-05-07 12:00:00,500,3.0812587561765565,3.7866027421136064,-0.7053439859370498,R1
2025-05-07 13:00:00,500,3.199603910582513,3.5754405707430417,-0.3758366601605285,R1
2025-05-07 14:00:00,500,3.149507179646293,3.550388968151841,-0.400881788505548,R1
2025-05-07 15:00:00,500,3.259962182900593,3.725821447985824,-0.4658592650852307,R1
2025-05-07 16:00:00,500,3.246991972705394,3.838278369768773,-0.5912863970633788,R1
2025-05-07 17:00:00,500,3.141399975985533,3.516269454284605,-0.3748694782990718,R1
2025-05-07 18:00:00,500,3.1064189169255974,3.5460227316586663,-0.439603814733069,R1
2025-05-07 19:00:00,500,3.292642005255308,3.61829709310504,-0.3256550878497322,R1
2025-05-07 20:00:00,500,3.179799269520391,3.545042237717654,-0.3652429681972631,R1
2025-05-07 21:00:00,500,3.150513517583365,4.130299334048964,-0.9797858164655993,R1
2025-05-07 22:00:00,500,3.192324705758544,3.696406647384339,-0.5040819416257949,R1
2025-05-07 23:00:00,500,3.165721856054727,3.3468450836361106,-0.18112322758138344,R1
2025-05-08 00:00:00,500,3.196124138909652,3.553273255478055,-0.3571491165684031,R1
2025-05-08 01:00:00,500,3.2912961985208,3.440675877628767,-0.14937967910796734,R1
2025-05-08 02:00:00,500,3.161607626009016,3.41578245976388,-0.25417483375486416,R1
2025-05-08 03:00:00,500,3.19376721971706,3.579202181502864,-0.38543496178580394,R1
2025-05-08 04:00:00,500,3.143673072548543,3.73316609920709,-0.589493026658547,R1
2025-05-08 05:00:00,500,3.175858229034092,3.616747180204682,-0.44088895117059,R1
2025-05-08 06:00:00,500,3.254817507771103,3.601092657269864,-0.3462751494987608,R1
2025-05-08 07:00:00,500,3.123934039101295,3.5862329626234404,-0.4622989235221455,R1
2025-05-08 08:00:00,500,3.2177674537467125,4.02854740252965,-0.8107799487829377,R1
2025-05-08 09:00:00,500,3.260553552968909,4.186672653716344,-0.9261191007474348,R1
2025-05-08 10:00:00,500,3.188463215411356,4.46495135186927,-1.276488136457914,R1
2025-05-08 11:00:00,500,3.24487519504321,3.617775881299103,-0.372900686255893,R1
2025-05-08 12:00:00,500,3.200871377123321,3.690888993990516,-0.490017616867195,R1
2025-05-08 13:00:00,500,3.3364199792561324,3.5365203577487354,-0.20010037849260298,R1
2025-05-08 14:00:00,500,3.2305365443063465,3.50732926635646,-0.2767927220501134,R1
2025-05-08 15:00:00,500,3.221937049121511,3.625049734034149,-0.4031126849126383,R1
2025-05-08 16:00:00,500,3.16696894182402,3.631971364345894,-0.46500242252187407,R1
2025-05-08 17:00:00,500,3.165457286279718,3.5884025099322736,-0.4229452236525555,R1
2025-05-08 18:00:00,500,3.156032714575011,3.661870301338734,-0.505837586763723,R1
2025-05-08 19:00:00,500,3.20475802176061,3.8919953308791992,-0.687237309118589,R1
2025-05-08 20:00:00,500,3.123137546014282,3.553752734196625,-0.430615188182343,R1
2025-05-08 21:00:00,500,3.1018538658064263,3.608151089665841,-0.5062972238594146,R1
2025-05-08 22:00:00,500,3.1679052790917903,3.4954921615811947,-0.3275868824894044,R1
2025-05-08 23:00:00,500,3.1593784854965525,3.6688544065394346,-0.5094759210428821,R1
2025-05-09 00:00:00,500,3.2601863132640974,3.664313302735765,-0.4041269894716675,R1
2025-05-09 01:00:00,500,3.176942384933437,3.613775603545321,-0.43683321861188373,R1
2025-05-09 02:00:00,500,3.168756043616876,3.419902904258848,-0.2511468606419718,R1
2025-05-09 03:00:00,500,3.1491783968729803,3.7808392357130938,-0.6316608388401135,R1
2025-05-09 04:00:00,500,3.1769380984767888,3.468584382758968,-0.2916462842821792,R1
2025-05-09 05:00:00,500,3.3581879696137604,3.5036201535750706,-0.1454321839613102,R1
2025-05-09 06:00:00,500,3.147639066734301,3.4052097152782905,-0.2575706485439895,R1
2025-05-09 07:00:00,500,3.0803087280848054,3.6518143069051456,-0.5715055788203403,R1
2025-05-09 08:00:00,500,3.231273579601198,3.9524829571220135,-0.7212093775208155,R1
2025-05-09 09:00:00,500,3.20749368703878,3.62658929029852,-0.41909560325973993,R1
2025-05-09 10:00:00,500,3.1993195701255046,3.464024459331104,-0.2647048892055994,R1
2025-05-09 11:00:00,500,3.2785554769131973,3.645247842849615,-0.36669236593641763,R1
2025-05-09 12:00:00,500,3.2461268259889384,3.44801250810186,-0.20188568211292157,R1
2025-05-09 13:00:00,500,3.226842589143503,4.007160295308407,-0.780317706164904,R1
2025-05-09 14:00:00,500,3.1703962115667843,3.570781628602068,-0.40038541703528363,R1
2025-05-09 15:00:00,500,3.089892682479974,3.853380230157092,-0.7634875476771179,R1
2025-05-09 16:00:00,500,3.028864771919295,3.3802799617007926,-0.35141518978149744,R1
2025-05-09 17:00:00,500,3.094967519271673,3.5797879809149946,-0.4848204616433218,R1
2025-05-09 18:00:00,500,3.1037492229244528,3.554201063851093,-0.45045184092664003,R1
2025-05-09 19:00:00,500,3.034991360938062,3.240391637253222,-0.2054002763151601,R1
2025-05-09 20:00:00,500,3.007329279124729,3.776202565326432,-0.7688732862017029,R1
2025-05-09 21:00:00,500,3.0501210060421955,3.2806380141977587,-0.2305170081555632,R1
2025-05-09 22:00:00,500,3.064340526573405,3.3421630414363417,-0.27782251486293674,R1
2025-05-09 23:00:00,500,3.0303107836619065,3.3794812029101,-0.3491704192481935,R1
2025-05-10 00:00:00,500,3.1844725702176686,3.833569893251376,-0.6490973230337076,R1
2025-05-10 01:00:00,500,3.115399896641172,3.7098954662447614,-0.5944955696035894,R1
2025-05-10 02:00:00,500,3.0974564054740967,3.300235781988919,-0.20277937651482247,R1
2025-05-10 03:00:00,500,3.075419615574182,3.4829006069664827,-0.40748099139230076,R1
2025-05-10 04:00:00,500,3.2309209649198958,3.461936271228254,-0.23101530630835843,R1
2025-05-10 05:00:00,500,3.195980240974408,3.585393571198254,-0.38941333022384583,R1
2025-05-10 06:00:00,500,3.1155207767940327,3.507089059654793,-0.39156828286076006,R1
2025-05-10 07:00:00,500,3.14674779896806,3.566850340799213,-0.4201025418311528,R1
2025-05-10 08:00:00,500,3.084258893536371,3.4061308773630934,-0.32187198382672255,R1
2025-05-10 09:00:00,500,3.0525436780230644,3.51674329297141,-0.46419961494834583,R1
2025-05-10 10:00:00,500,2.9605313636250594,3.5956541440128404,-0.635122780387781,R1
2025-05-10 11:00:00,500,2.920296406514115,3.099852343793178,-0.17955593727906338,R1
2025-05-10 12:00:00,500,3.082535818570695,3.14210336785684,-0.05956754928614538,R1
2025-05-10 13:00:00,500,2.915141410319845,3.3125730412095757,-0.39743163088973077,R1
2025-05-10 14:00:00,500,2.8624091539081244,3.06400528941296,-0.20159613550483568,R1
2025-05-10 15:00:00,500,2.838053263720329,3.0863060042641406,-0.24825274054381152,R1
2025-05-10 16:00:00,500,2.973182326137725,3.012995823991445,-0.039813497853720126,R1
2025-05-10 17:00:00,500,2.88022889071613,3.167230917214632,-0.2870020264985018,R1
2025-05-10 18:00:00,500,2.879536607467603,3.20930622682783,-0.32976961936022686,R1
2025-05-10 19:00:00,500,2.835176100142193,3.3268313550555746,-0.4916552549133817,R1
2025-05-10 20:00:00,500,2.853846794115053,3.2237420942336903,-0.36989530011863714,R1
2025-05-10 21:00:00,500,2.8383975041590515,3.2119161604692907,-0.3735186563102393,R1
2025-05-10 22:00:00,500,2.8715572172695967,3.3362445491753414,-0.46468733190574474,R1
2025-05-10 23:00:00,500,2.8951404160155567,3.07434683902081,-0.17920642300525325,R1
2025-05-11 00:00:00,500,2.9007464739882205,3.2131037137326848,-0.3123572397444643,R1
2025-05-11 01:00:00,500,2.9470019438983264,3.190964582040314,-0.2439626381419875,R1
2025-05-11 02:00:00,500,2.8934443786194866,3.311149906278228,-0.41770552765874136,R1
2025-05-11 03:00:00,500,2.919213636627351,3.234487686023324,-0.31527404939597314,R1
2025-05-11 04:00:00,500,2.7572140527861912,3.192024511597795,-0.43481045881160396,R1
2025-05-11 05:00:00,500,2.810989828262256,3.2167000066507545,-0.40571017838849865,R1
2025-05-11 06:00:00,500,2.8417013429440217,3.1881959466056298,-0.3464946036616081,R1
2025-05-11 07:00:00,500,2.9683593351692745,3.2345962689519125,-0.266236933782638,R1
2025-05-11 08:00:00,500,2.9472849484264505,3.284542169052942,-0.33725722062649144,R1
2025-05-11 09:00:00,500,3.030696302532953,3.1562783137580963,-0.12558201122514312,R1
2025-05-11 10:00:00,500,3.000436979663563,3.17531446688685,-0.174877487223287,R1
2025-05-11 11:00:00,500,2.90187888144661,3.349238911202596,-0.4473600297559863,R1
2025-05-11 12:00:00,500,3.122634525265631,3.293149689243928,-0.1705151639782967,R1
2025-05-11 13:00:00,500,3.0952793890089105,3.4063009538914897,-0.31102156488257915,R1
2025-05-11 14:00:00,500,3.1795434236449336,3.5766463615502744,-0.3971029379053408,R1
2025-05-11 15:00:00,500,3.105059623698609,3.4602067877310385,-0.3551471640324295,R1
2025-05-11 16:00:00,500,3.211043005714912,3.675605010996152,-0.4645620052812398,R1
2025-05-11 17:00:00,500,3.144633007804557,3.4865252770391297,-0.34189226923457294,R1
2025-05-11 18:00:00,500,3.0794825521381024,3.376039746594235,-0.2965571944561325,R1
2025-05-11 19:00:00,500,3.21168167408315,3.421451561758362,-0.20976988767521165,R1
2025-05-11 20:00:00,500,3.139897912031459,3.556547300298066,-0.4166493882666069,R1
2025-05-11 21:00:00,500,3.3109835600242112,3.5125498625852507,-0.20156630256103947,R1
2025-05-11 22:00:00,500,3.140352732966995,3.4758619051339847,-0.3355091721669896,R1
2025-05-11 23:00:00,500,3.058617841022503,3.4272576764700227,-0.36863983544751955,R1
2025-05-12 00:00:00,500,3.250805973790305,3.4765144139202686,-0.2257084401299636,R1
2025-05-12 01:00:00,500,3.1337263846651457,3.789297710758336,-0.6555713260931904,R1
2025-05-12 02:00:00,500,3.170296895707645,3.583202475856225,-0.41290558014858014,R1
2025-05-12 03:00:00,500,3.0715541036022183,3.4472866466365786,-0.3757325430343603,R1
2025-05-12 04:00:00,500,3.1489485044651047,3.489573816230578,-0.34062531176547317,R1
2025-05-12 05:00:00,500,3.289085835936512,3.516826711929005,-0.22774087599249304,R1
2025-05-12 06:00:00,500,3.0810614063011847,3.4338880812739307,-0.352826674972746,R1
2025-05-12 07:00:00,500,3.2024157420027195,3.401996934106577,-0.1995811921038575,R1
2025-05-12 08:00:00,500,3.27695355520598,3.490236690114678,-0.2132831349086981,R1
2025-05-12 09:00:00,500,3.229659659416971,3.410044006707998,-0.1803843472910267,R1
2025-05-12 10:00:00,500,3.216079062188047,3.4647315618272088,-0.24865249963916192,R1
2025-05-12 11:00:00,500,3.084934964306414,3.5469595633604354,-0.4620245990540215,R1
2025-05-12 12:00:00,500,3.2034355839660016,3.623245141110063,-0.41980955714406143,R1
2025-05-12 13:00:00,500,3.2011274117438,3.6053841328033176,-0.4042567210595176,R1
2025-05-12 14:00:00,500,3.224404414453458,3.734426130147692,-0.5100217156942342,R1
2025-05-12 15:00:00,500,3.263167683681986,3.6615731967235514,-0.3984055130415656,R1
2025-05-12 16:00:00,500,3.1266436899671746,3.6609646103847737,-0.5343209204175992,R1
2025-05-12 17:00:00,500,3.1776717279535367,3.529448557923741,-0.3517768299702042,R1
2025-05-12 18:00:00,500,3.176330557502726,3.5291435027752667,-0.3528129452725408,R1
2025-05-12 19:00:00,500,3.192030874880259,3.600167866854085,-0.408136991973826,R1
2025-05-12 20:00:00,500,3.120112264759576,3.3967340972718905,-0.27662183251231465,R1
2025-05-12 21:00:00,500,3.105092120624505,4.317998919699281,-1.2129067990747764,R1
2025-05-12 22:00:00,500,3.1700494590923927,4.022455925653842,-0.8524064665614497,R1
2025-05-12 23:00:00,500,3.2133142160186936,3.5908264516327617,-0.3775122356140681,R1
2025-05-13 00:00:00,500,3.124328564711615,3.451581267955478,-0.3272527032438628,R1
2025-05-13 01:00:00,500,3.1366596221803955,3.5993089832048666,-0.4626493610244711,R1
2025-05-13 02:00:00,500,3.190741249161114,3.405849041530977,-0.21510779236986277,R1
2025-05-13 03:00:00,500,3.228950490604377,3.5243329601224334,-0.29538246951805647,R1
2025-05-13 04:00:00,500,3.2883833577400066,3.7455014891696856,-0.45711813142967905,R1
2025-05-13 05:00:00,500,3.180687177109142,3.8901818467540266,-0.7094946696448847,R1
2025-05-13 06:00:00,500,3.193581629791564,3.680030416549812,-0.4864487867582481,R1
2025-05-13 07:00:00,500,3.1688867969454804,3.3926197592117013,-0.22373296226622097,R1
2025-05-13 08:00:00,500,3.319798825178433,3.4915420391929555,-0.1717432140145223,R1
2025-05-13 09:00:00,500,3.163872929360396,3.942488047971548,-0.7786151186111518,R1
2025-05-13 10:00:00,500,3.1385268529191124,3.45198165660232,-0.31345480368320766,R1
2025-05-13 11:00:00,500,3.179159570986815,3.514484338620924,-0.3353247676341091,R1
2025-05-13 12:00:00,500,3.2116191454093768,3.4259992051925794,-0.21438005978320263,R1
2025-05-13 13:00:00,500,3.2668532502617573,3.5410594842640344,-0.27420623400227706,R1
2025-05-13 14:00:00,500,3.0949611990795143,3.586779379424142,-0.49181818034462754,R1
2025-05-13 15:00:00,500,3.133194888427808,3.52405460791726,-0.3908597194894523,R1
2025-05-13 16:00:00,500,3.204405838148917,3.544009301597612,-0.3396034634486953,R1
2025-05-13 17:00:00,500,3.124437783811115,3.440468080394393,-0.31603029658327797,R1
2025-05-13 18:00:00,500,3.103540327764428,3.5741249478617645,-0.4705846200973367,R1
2025-05-13 19:00:00,500,3.128462037092355,3.619611849299458,-0.49114981220710296,R1
2025-05-13 20:00:00,500,3.081515670006088,3.4373720917403854,-0.35585642173429743,R1
2025-05-13 21:00:00,500,3.244765278170548,3.4282133162898965,-0.1834480381193484,R1
2025-05-13 22:00:00,500,3.088158870967032,3.5382670988074896,-0.4501082278404578,R1
2025-05-13 23:00:00,500,3.1745642230098463,3.450103102715453,-0.27553887970560664,R1
2025-05-14 00:00:00,500,3.1422741746358422,3.606998879486927,-0.46472470485108497,R1
2025-05-14 01:00:00,500,3.1303226897488057,3.58266857087616,-0.4523458811273544,R1
2025-05-14 02:00:00,500,3.20176401565412,3.7984416380806487,-0.5966776224265287,R1
2025-05-14 03:00:00,500,3.1958319514369897,3.593073931087193,-0.39724197965020336,R1
2025-05-14 04:00:00,500,3.122322853667429,3.5440056054052347,-0.4216827517378059,R1
2025-05-14 05:00:00,500,3.192886055202133,3.4533782342211627,-0.26049217901902955,R1
2025-05-14 06:00:00,500,3.1483144525772637,3.571989507904344,-0.4236750553270805,R1
2025-05-14 07:00:00,500,3.187343367782997,3.90952339026612,-0.7221800224831227,R1
2025-05-14 08:00:00,500,3.177124591785706,3.477712843053275,-0.3005882512675693,R1
2025-05-14 09:00:00,500,3.2062848641830324,3.582533014384716,-0.37624815020168345,R1
2025-05-14 10:00:00,500,3.1601570959742875,3.5285271920487538,-0.36837009607446625,R1
2025-05-14 11:00:00,500,3.081329733177149,3.416610160346186,-0.33528042716903705,R1
2025-05-14 12:00:00,500,3.13283716339302,3.508707652930837,-0.3758704895378173,R1
2025-05-14 13:00:00,500,3.135413330705366,3.71456782998202,-0.5791544992766542,R1
2025-05-14 14:00:00,500,3.169398698338816,3.5840872853715977,-0.4146885870327819,R1
2025-05-14 15:00:00,500,3.198431985477264,3.4699194369069977,-0.27148745142973363,R1
2025-05-14 16:00:00,500,3.24300465006577,3.505588934568048,-0.2625842845022781,R1
2025-05-14 17:00:00,500,3.2505349966955506,3.603997596309007,-0.3534625996134566,R1
2025-05-14 18:00:00,500,3.202497930490676,3.632308648123937,-0.4298107176332606,R1
2025-05-14 19:00:00,500,3.027224385094287,3.4602049769872365,-0.43298059189294946,R1
2025-05-14 20:00:00,500,3.089532401641661,3.431870006014502,-0.3423376043728412,R1
2025-05-14 21:00:00,500,3.056167534285476,3.549275760866036,-0.49310822658055997,R1
2025-05-14 22:00:00,500,3.0842425805118823,3.400917874554366,-0.31667529404248373,R1
2025-05-14 23:00:00,500,3.098107547442558,3.3414212145022937,-0.24331366705973556,R1
2025-05-15 00:00:00,500,3.1264855748282607,3.528808457025116,-0.4023228821968554,R1
2025-05-15 01:00:00,500,3.15606633031789,3.3156059666760997,-0.15953963635820978,R1
2025-05-15 02:00:00,500,3.076188410919153,4.334634582608473,-1.2584461716893198,R1
2025-05-15 03:00:00,500,3.0300197054795435,3.298619751204792,-0.26860004572524865,R1
2025-05-15 04:00:00,500,3.166699418471141,3.442246180246351,-0.2755467617752103,R1
2025-05-15 05:00:00,500,3.21997837383345,3.543548485926417,-0.3235701120929666,R1
2025-05-15 06:00:00,500,3.1679103743787573,3.526887625166712,-0.3589772507879547,R1
2025-05-15 07:00:00,500,3.2175130158467646,3.4510204143739056,-0.23350739852714097,R1
2025-05-15 08:00:00,500,3.2432028291993182,3.661695724980537,-0.4184928957812186,R1
2025-05-15 09:00:00,500,3.1551252146651705,3.3464441474646054,-0.1913189327994349,R1
2025-05-15 10:00:00,500,3.242818221537333,3.530787431434235,-0.287969209896902,R1
2025-05-15 11:00:00,500,3.1874865398140533,3.696373577450031,-0.5088870376359775,R1
2025-05-15 12:00:00,500,3.157368660271552,3.653346219532659,-0.4959775592611071,R1
2025-05-15 13:00:00,500,3.0968147559576886,3.711318852963121,-0.6145040970054323,R1
2025-05-15 14:00:00,500,3.1497954951848506,3.569568867138775,-0.4197733719539243,R1
2025-05-15 15:00:00,500,3.304994031109096,3.700480876054192,-0.3954868449450961,R1
2025-05-15 16:00:00,500,3.205922053445752,3.522098875962452,-0.3161768225167001,R1
2025-05-15 17:00:00,500,3.202345789305403,4.023903121210124,-0.8215573319047214,R1
2025-05-15 18:00:00,500,3.0744169748708656,3.3971730729521488,-0.32275609808128314,R1
2025-05-15 19:00:00,500,3.2009408782203725,3.420849438931769,-0.21990856071139664,R1
2025-05-15 20:00:00,500,3.1750618815984355,3.603701368520084,-0.4286394869216483,R1
2025-05-15 21:00:00,500,3.060598379750464,3.510355232769667,-0.4497568530192031,R1
2025-05-15 22:00:00,500,3.120839988516796,3.52878527367872,-0.4079452851619241,R1
2025-05-15 23:00:00,500,3.198674411093242,3.5148827061375094,-0.3162082950442673,R1
2025-05-16 00:00:00,500,3.188813351230307,3.456488764841665,-0.2676754136113577,R1
2025-05-16 01:00:00,500,3.105809835865129,3.525000351796495,-0.419190515931366,R1
2025-05-16 02:00:00,500,3.3280269515300214,3.5025379095523084,-0.174510958022287,R1
2025-05-16 03:00:00,500,3.1323247639794647,3.6466733639266775,-0.5143485999472128,R1
2025-05-16 04:00:00,500,3.114822307949449,3.4809601479287657,-0.3661378399793169,R1
2025-05-16 05:00:00,500,3.151905442472245,3.493221529976936,-0.341316087504691,R1
2025-05-16 06:00:00,500,3.273726106076319,3.575385226549051,-0.3016591204727317,R1
2025-05-16 07:00:00,500,3.251773957599932,3.510882306954546,-0.259108349354614,R1
2025-05-16 08:00:00,500,3.180368420576825,3.5475314088412087,-0.36716298826438365,R1
2025-05-16 09:00:00,500,3.2056372100988,3.9689301179916567,-0.7632929078928568,R1
2025-05-16 10:00:00,500,3.1805479112916464,3.4834636011970472,-0.30291568990540085,R1
2025-05-16 11:00:00,500,3.172547291321659,3.605059272064939,-0.4325119807432798,R1
2025-05-16 12:00:00,500,3.169802814377866,3.589809848106956,-0.4200070337290902,R1
2025-05-16 13:00:00,500,3.2337675922328315,3.5461831138624413,-0.31241552162960984,R1
2025-05-16 14:00:00,500,3.1878748044405967,3.651607799028056,-0.4637329945874593,R1
2025-05-16 15:00:00,500,3.1548709329249838,3.503784224601176,-0.3489132916761921,R1
2025-05-16 16:00:00,500,3.1800519781980388,3.47131360044397,-0.2912616222459312,R1
2025-05-16 17:00:00,500,3.2151281043157605,3.7227301857809305,-0.50760208146517,R1
2025-05-16 18:00:00,500,3.191185911241817,3.592233476279292,-0.40104756503747474,R1
2025-05-16 19:00:00,500,3.165762985676166,3.71621814388349,-0.550455158207324,R1
2025-05-16 20:00:00,500,3.123521596906416,3.457790803994617,-0.33426920708820074,R1
2025-05-16 21:00:00,500,3.091488986735976,3.3996992590674373,-0.30821027233146125,R1
2025-05-16 22:00:00,500,3.1649420047653583,3.5520812793993093,-0.38713927463395104,R1
2025-05-16 23:00:00,500,3.149971892134775,3.642545277872904,-0.49257338573812914,R1
2025-05-17 00:00:00,500,3.119750211280005,3.603586655235069,-0.483836443955064,R1
2025-05-17 01:00:00,500,3.115723317679396,3.771696438253745,-0.6559731205743486,R1
2025-05-17 02:00:00,500,3.032349853574564,3.4840586483243103,-0.45170879474974646,R1
2025-05-17 03:00:00,500,3.1058873908929616,3.501280014484582,-0.3953926235916203,R1
2025-05-17 04:00:00,500,3.1974406085803384,3.561620366655843,-0.3641797580755046,R1
2025-05-17 05:00:00,500,3.1132583867986026,3.682541274946481,-0.5692828881478786,R1
2025-05-17 06:00:00,500,3.166959093870156,3.76674799846856,-0.599788904598404,R1
2025-05-17 07:00:00,500,3.133132954338219,3.54838429798167,-0.41525134364345107,R1
2025-05-17 08:00:00,500,3.1895854801883043,3.610664111187044,-0.42107863099873954,R1
2025-05-17 09:00:00,500,3.3780382366410477,3.631640084617572,-0.2536018479765243,R1
2025-05-17 10:00:00,500,3.2258740148471063,3.6895172186040224,-0.46364320375691603,R1
2025-05-17 11:00:00,500,3.2623276947225874,3.823862952119834,-0.5615352573972467,R1
2025-05-17 12:00:00,500,3.3084130641325147,3.6317692287081536,-0.32335616457563887,R1
2025-05-17 13:00:00,500,3.175078161412782,3.547752235766072,-0.37267407435329014,R1
2025-05-17 14:00:00,500,3.2663102450957875,3.563006041368089,-0.2966957962723016,R1
2025-05-17 15:00:00,500,3.3235927317887453,3.5868027290269864,-0.2632099972382411,R1
2025-05-17 16:00:00,500,3.2452003830749647,3.452718041558497,-0.20751765848353232,R1
2025-05-17 17:00:00,500,3.114711230197256,3.481510846660891,-0.3667996164636347,R1
2025-05-17 18:00:00,500,3.1934369253895976,3.522717070992605,-0.3292801456030072,R1
2025-05-17 19:00:00,500,3.1677924570207545,3.4425769874080814,-0.27478453038732686,R1
2025-05-17 20:00:00,500,3.217858289713285,3.390941344191924,-0.17308305447863903,R1
2025-05-17 21:00:00,500,3.0756713076010542,3.766594219571819,-0.6909229119707647,R1
2025-05-17 22:00:00,500,3.195692604185194,3.533520087113537,-0.33782748292834297,R1
2025-05-17 23:00:00,500,3.167568875391789,3.657206971253984,-0.48963809586219487,R1
2025-05-18 00:00:00,500,3.152622897946973,3.501826059533292,-0.34920316158631914,R1
2025-05-18 01:00:00,500,3.191424222541849,3.5691269077871213,-0.3777026852452723,R1
2025-05-18 02:00:00,500,3.1946769639045742,3.73990839873386,-0.5452314348292857,R1
2025-05-18 03:00:00,500,3.22861173092993,3.5010589997229573,-0.2724472687930275,R1
2025-05-18 04:00:00,500,3.119577313343149,3.4299976959657053,-0.31042038262255645,R1
2025-05-18 05:00:00,500,3.2288474136141576,3.5566761180693582,-0.3278287044552006,R1
2025-05-18 06:00:00,500,3.215494566376792,4.09946820015331,-0.8839736337765176,R1
2025-05-18 07:00:00,500,3.1937919028374053,3.4882402292870323,-0.29444832644962693,R1
2025-05-18 08:00:00,500,3.1489205728810625,3.416956089827888,-0.2680355169468256,R1
2025-05-18 09:00:00,500,3.285759686648462,3.6715644524467455,-0.38580476579828327,R1
2025-05-18 10:00:00,500,3.3216821503062945,3.584205452683351,-0.26252330237705657,R1
2025-05-18 11:00:00,500,3.2301875968522262,3.5697693758327493,-0.3395817789805231,R1
2025-05-18 12:00:00,500,3.2286375744492752,3.650800429226818,-0.4221628547775427,R1
2025-05-18 13:00:00,500,3.232495987905797,3.5723754103696246,-0.33987942246382774,R1
2025-05-18 14:00:00,500,3.2014185775476216,3.712355724728579,-0.5109371471809574,R1
2025-05-18 15:00:00,500,3.161754393614639,3.5803057809609347,-0.4185513873462958,R1
2025-05-18 16:00:00,500,3.185841163537234,3.5954503246829272,-0.40960916114569335,R1
2025-05-18 17:00:00,500,3.2519147518802023,3.761171342635898,-0.5092565907556956,R1
2025-05-18 18:00:00,500,3.210229206311786,3.4441767960743683,-0.23394758976258245,R1
2025-05-18 19:00:00,500,3.089405038645975,3.707720799089084,-0.6183157604431089,R1
2025-05-18 20:00:00,500,3.2829606205480166,3.6489513277323975,-0.36599070718438087,R1
2025-05-18 21:00:00,500,3.214712742018835,3.4985429947058466,-0.2838302526870118,R1
2025-05-18 22:00:00,500,3.228401867416905,3.489311783842993,-0.2609099164260882,R1
2025-05-18 23:00:00,500,3.1762895025500164,3.5414490763666464,-0.36515957381663,R1
2025-05-19 00:00:00,500,3.1164250568293284,3.747975500889663,-0.6315504440603346,R1
2025-05-19 01:00:00,500,3.174209190558722,3.5967587828258294,-0.4225495922671074,R1
2025-05-19 02:00:00,500,3.188687634780037,3.732102989834727,-0.5434153550546901,R1
2025-05-19 03:00:00,500,3.2346698677580155,3.5707300375125817,-0.3360601697545662,R1
2025-05-19 04:00:00,500,3.128988630550857,3.8197427231537486,-0.6907540926028917,R1
2025-05-19 05:00:00,500,3.141224507653876,3.78794867402837,-0.646724166374494,R1
2025-05-19 06:00:00,500,3.1586457054274484,3.5900657865701118,-0.4314200811426634,R1
2025-05-19 07:00:00,500,3.214722142331304,3.5648920188333406,-0.35016987650203646,R1
2025-05-19 08:00:00,500,3.32158654924822,3.398473983178781,-0.07688743393056097,R1
2025-05-19 09:00:00,500,3.2109468213019534,4.1193585758017885,-0.9084117544998351,R1
2025-05-19 10:00:00,500,3.1718274510266165,3.6272102654814473,-0.45538281445483086,R1
2025-05-19 11:00:00,500,3.321799231248061,3.617020714655344,-0.2952214834072828,R1
2025-05-19 12:00:00,500,3.148684830831757,3.5255856103877288,-0.3769007795559718,R1
2025-05-19 13:00:00,500,3.2495896087246594,3.762094907376673,-0.5125052986520138,R1
2025-05-19 14:00:00,500,3.2162061520998737,3.631434502748997,-0.41522835064912345,R1
2025-05-19 15:00:00,500,3.2109036859388733,3.807718919461152,-0.5968152335222787,R1
2025-05-19 16:00:00,500,3.1267071230011623,4.075610652618168,-0.9489035296170054,R1
2025-05-19 17:00:00,500,3.204910510262077,3.499528744883981,-0.29461823462190395,R1
2025-05-19 18:00:00,500,3.16174035158154,3.631075552218887,-0.46933520063734724,R1
2025-05-19 19:00:00,500,3.151311949795768,3.584167602504822,-0.4328556527090539,R1
2025-05-19 20:00:00,500,3.214659741128425,3.541526951150137,-0.32686721002171204,R1
2025-05-19 21:00:00,500,3.1919458751524243,3.511971026350471,-0.32002515119804675,R1
2025-05-19 22:00:00,500,3.050949594779124,3.626802485980271,-0.5758528912011474,R1
2025-05-19 23:00:00,500,3.1695874670948,3.856748873835852,-0.6871614067410521,R1
2025-05-20 00:00:00,500,3.20942181866141,3.5671173738437365,-0.35769555518232643,R1
2025-05-20 01:00:00,500,3.2541612129319177,3.811679296132616,-0.5575180832006983,R1
2025-05-20 02:00:00,500,3.185426743277854,3.566448350642033,-0.381021607364179,R1
2025-05-20 03:00:00,500,3.1499532064703533,3.463949860514744,-0.3139966540443906,R1
2025-05-20 04:00:00,500,3.0848042211927806,3.442198894558312,-0.35739467336553155,R1
2025-05-20 05:00:00,500,3.137834423387371,3.573999518557647,-0.436165095170276,R1
2025-05-20 06:00:00,500,3.100195732399833,4.095096919169734,-0.9949011867699009,R1
2025-05-20 07:00:00,500,3.197320910243662,4.237229322276182,-1.0399084120325197,R1
2025-05-20 08:00:00,500,3.28340540562688,3.699240962809486,-0.4158355571826058,R1
2025-05-20 09:00:00,500,3.2303402919864554,3.5830083469453613,-0.35266805495890585,R1
2025-05-20 10:00:00,500,3.181502180165131,3.671504593162375,-0.490002412997244,R1
2025-05-20 11:00:00,500,3.2899495764733477,3.6136056382213857,-0.32365606174803796,R1
2025-05-20 12:00:00,500,3.2939749452090004,3.67410507000095,-0.3801301247919495,R1
2025-05-20 13:00:00,500,3.236876966655072,3.464636546231852,-0.22775957957677972,R1
2025-05-20 14:00:00,500,3.260499792282209,3.722116419433009,-0.4616166271508,R1
2025-05-20 15:00:00,500,3.182372568375768,3.461500053968318,-0.27912748559254963,R1
2025-05-20 16:00:00,500,3.2270930640069477,3.7679714856357855,-0.5408784216288378,R1
2025-05-20 17:00:00,500,3.161280333165486,3.923197203179001,-0.7619168700135148,R1
2025-05-20 18:00:00,500,3.126383951065926,3.494121187822716,-0.3677372367567897,R1
2025-05-20 19:00:00,500,3.10049880942173,3.5928117817741736,-0.49231297235244353,R1
2025-05-20 20:00:00,500,3.2726111518564247,3.471925389142464,-0.19931423728603948,R1
2025-05-20 21:00:00,500,3.1103014923934813,3.690271518103319,-0.5799700257098377,R1
2025-05-20 22:00:00,500,3.150680660131684,3.8979486509945023,-0.7472679908628184,R1
2025-05-20 23:00:00,500,3.163450949517832,3.856863721499944,-0.6934127719821119,R1
2025-05-21 00:00:00,500,3.143920144659209,3.5214247029020624,-0.37750455824285334,R1
2025-05-21 01:00:00,500,3.1940119545568573,3.5785348057062283,-0.384522851149371,R1
2025-05-21 02:00:00,500,3.194315194336284,3.803836197089966,-0.6095210027536822,R1
2025-05-21 03:00:00,500,3.2653837393504617,3.5126814044808805,-0.24729766513041884,R1
2025-05-21 04:00:00,500,3.135869841261129,3.5727631206126085,-0.43689327935147926,R1
2025-05-21 05:00:00,500,3.204952388371052,3.470796566747411,-0.26584417837635943,R1
2025-05-21 06:00:00,500,3.1783173218457783,3.4869819071453305,-0.3086645852995522,R1
2025-05-21 07:00:00,500,3.220732470410234,3.62762592982014,-0.4068934594099063,R1
2025-05-21 08:00:00,500,3.131580302372716,3.593243057293752,-0.46166275492103637,R1
2025-05-21 09:00:00,500,3.208725197743924,3.539369631945533,-0.33064443420160883,R1
2025-05-21 10:00:00,500,3.2067562373457,3.890981452004105,-0.6842252146584049,R1
2025-05-21 11:00:00,500,3.2408835128130584,3.523269965155617,-0.28238645234255877,R1
2025-05-21 12:00:00,500,3.222270786877074,3.5639084196674347,-0.3416376327903605,R1
2025-05-21 13:00:00,500,3.1790297852587868,3.597315342498876,-0.4182855572400892,R1
2025-05-21 14:00:00,500,3.2483587272391823,3.4669673099843403,-0.21860858274515804,R1
2025-05-21 15:00:00,500,3.2104569912848366,3.606411920833768,-0.3959549295489313,R1
2025-05-21 16:00:00,500,3.3004124091176537,3.5865972877194774,-0.28618487860182373,R1
2025-05-21 17:00:00,500,3.21929255416518,3.513062219582717,-0.29376966541753724,R1
2025-05-21 18:00:00,500,3.1751442296942733,3.680437645500182,-0.5052934158059088,R1
2025-05-21 19:00:00,500,3.2016572143727378,3.613974477159256,-0.41231726278651815,R1
2025-05-21 20:00:00,500,3.083935161496705,3.613613547169453,-0.5296783856727476,R1
2025-05-21 21:00:00,500,3.204759424630979,3.585739091479817,-0.3809796668488379,R1
2025-05-21 22:00:00,500,3.14985574563682,3.908325965912748,-0.7584702202759281,R1
2025-05-21 23:00:00,500,3.219901762051371,3.522350883191503,-0.3024491211401319,R1
2025-05-22 00:00:00,500,3.191872621915865,3.367548295061245,-0.1756756731453799,R1
2025-05-22 01:00:00,500,3.199218512026383,3.7205457051074,-0.5213271930810168,R1
2025-05-22 02:00:00,500,3.206195656329553,3.550376253594677,-0.34418059726512373,R1
2025-05-22 03:00:00,500,3.165814873574721,3.628187307321432,-0.4623724337467108,R1
2025-05-22 04:00:00,500,3.160292806353212,3.5624422209876494,-0.40214941463443754,R1
2025-05-22 05:00:00,500,3.1486915831307467,3.964022982566192,-0.8153313994354452,R1
2025-05-22 06:00:00,500,3.190272787068994,3.894673066201783,-0.704400279132789,R1
2025-05-22 07:00:00,500,3.262573216847427,3.6429789122895073,-0.38040569544208047,R1
2025-05-22 08:00:00,500,3.256077173470773,3.693230185502251,-0.43715301203147794,R1
2025-05-22 09:00:00,500,3.163854758957147,3.5520771528360675,-0.38822239387892044,R1
2025-05-22 10:00:00,500,3.2064835744312017,3.555440160436285,-0.3489565860050834,R1
2025-05-22 11:00:00,500,3.116370284766193,3.7874912718982063,-0.6711209871320132,R1
2025-05-22 12:00:00,500,3.262771107813596,3.673517269636128,-0.4107461618225319,R1
2025-05-22 13:00:00,500,3.144813104722792,3.81891264298135,-0.6740995382585582,R1
2025-05-22 14:00:00,500,3.248937073402312,3.6793100112094463,-0.43037293780713437,R1
2025-05-22 15:00:00,500,3.192582617186032,3.462230926968454,-0.26964830978242205,R1
2025-05-22 16:00:00,500,3.1947505001730696,3.5170123472229937,-0.3222618470499241,R1
2025-05-22 17:00:00,500,3.3004984653423484,3.49495692602847,-0.19445846068612171,R1
2025-05-22 18:00:00,500,3.102504898411541,3.4310691274386342,-0.32856422902709337,R1
2025-05-22 19:00:00,500,3.118481593979608,3.48324357090853,-0.3647619769289223,R1
2025-05-22 20:00:00,500,3.1469179031112846,3.763709308436919,-0.6167914053256345,R1
2025-05-22 21:00:00,500,3.142949339607685,3.5517788293747707,-0.4088294897670859,R1
2025-05-22 22:00:00,500,3.1328766016250085,3.5384919682573392,-0.4056153666323308,R1
2025-05-22 23:00:00,500,3.2717908430150664,3.4317082054434387,-0.1599173624283723,R1
2025-05-23 00:00:00,500,3.23574000537553,3.5104081056347014,-0.2746681002591713,R1
2025-05-23 01:00:00,500,3.201523310189332,3.627556982910914,-0.4260336727215823,R1
2025-05-23 02:00:00,500,3.166939319487868,3.4911698382940584,-0.32423051880619047,R1
2025-05-23 03:00:00,500,3.174893569260191,3.6117268241545695,-0.4368332548943785,R1
2025-05-23 04:00:00,500,3.2821149955900184,3.4920882610139934,-0.209973265423975,R1
2025-05-23 05:00:00,500,3.2936982931386143,4.007299495715518,-0.7136012025769038,R1
2025-05-23 06:00:00,500,3.2636184264336072,3.667899405449371,-0.404280979015764,R1
2025-05-23 07:00:00,500,3.040651653733806,3.634736260272849,-0.5940846065390426,R1
2025-05-23 08:00:00,500,3.1734718429459914,3.614294765768164,-0.4408229228221727,R1
2025-05-23 09:00:00,500,3.119636760107483,3.413763616731456,-0.294126856623973,R1
2025-05-23 10:00:00,500,3.129684492892277,3.5812105301392494,-0.4515260372469725,R1
2025-05-23 11:00:00,500,3.1913459031264675,3.6659832873387166,-0.4746373842122491,R1
2025-05-23 12:00:00,500,3.184074523903769,3.450820670872519,-0.26674614696875,R1
2025-05-23 13:00:00,500,2.9875208197626475,3.7679858990742177,-0.7804650793115702,R1
2025-05-23 14:00:00,500,3.189557765654385,3.583008245868384,-0.39345048021399887,R1
2025-05-23 15:00:00,500,3.055558171052658,3.3223728440452622,-0.2668146729926044,R1
2025-05-23 16:00:00,500,2.904955946530609,3.4579090055595803,-0.5529530590289711,R1
2025-05-23 17:00:00,500,2.970372475217223,3.43615089778458,-0.4657784225673569,R1
2025-05-23 18:00:00,500,3.126885148462549,3.358740659043019,-0.23185551058046983,R1
2025-05-23 19:00:00,500,3.01552139205532,3.392234410090236,-0.3767130180349163,R1
2025-05-23 20:00:00,500,2.98506746197352,3.535039566359795,-0.5499721043862751,R1
2025-05-23 21:00:00,500,2.9828635301643343,3.239694789943252,-0.25683125977891796,R1
2025-05-23 22:00:00,500,3.0207602329103134,3.467734849128925,-0.4469746162186117,R1
2025-05-23 23:00:00,500,3.0420976982534707,3.5440558259156085,-0.5019581276621379,R1
2025-05-24 00:00:00,500,3.02702757894047,3.325877302464414,-0.298849723523944,R1
2025-05-24 01:00:00,500,2.968243230844926,3.4132969925261403,-0.44505376168121424,R1
2025-05-24 02:00:00,500,3.041741935149167,3.59326024264232,-0.5515183074931529,R1
2025-05-24 03:00:00,500,3.000320414031263,3.382198017302088,-0.3818776032708251,R1
2025-05-24 04:00:00,500,3.000474765914346,3.3715654109735005,-0.3710906450591547,R1
2025-05-24 05:00:00,500,3.1627495768935314,3.509552307088009,-0.3468027301944776,R1
2025-05-24 06:00:00,500,3.4022730713778886,3.40466532546583,-0.0023922540879413035,R1
2025-05-24 07:00:00,500,3.011949832918788,3.522407156396458,-0.5104573234776697,R1
2025-05-24 08:00:00,500,3.0376090447069366,3.2501807310538,-0.2125716863468634,R1
2025-05-24 09:00:00,500,2.9139164804502933,3.25032846360885,-0.3364119831585568,R1
2025-05-24 10:00:00,500,2.863702566052857,3.1183037267536977,-0.2546011607008407,R1
2025-05-24 11:00:00,500,2.8889584529638688,3.181679753360126,-0.29272130039625743,R1
2025-05-24 12:00:00,500,2.934079293500394,3.331235981660252,-0.3971566881598583,R1
2025-05-24 13:00:00,500,2.931979089203893,3.353788594638279,-0.421809505434386,R1
2025-05-24 14:00:00,500,2.9004465935899995,3.1992290947253843,-0.29878250113538485,R1
2025-05-24 15:00:00,500,2.9435781442966684,3.1713267980223314,-0.227748653725663,R1
2025-05-24 16:00:00,500,2.9737385633325983,3.2466749608593144,-0.27293639752671606,R1
2025-05-24 17:00:00,500,2.9117148438767093,3.184672797686392,-0.2729579538096827,R1
2025-05-24 18:00:00,500,2.906294877388707,3.1839088041063577,-0.2776139267176507,R1
2025-05-24 19:00:00,500,2.823014682597578,3.364571828496371,-0.5415571458987927,R1
2025-05-24 20:00:00,500,2.8557142853191126,3.090091643235953,-0.23437735791684045,R1
2025-05-24 21:00:00,500,2.8474450278770416,3.259087333894873,-0.4116423060178316,R1
2025-05-24 22:00:00,500,2.84817137694556,3.22167624297811,-0.3735048660325502,R1
2025-05-24 23:00:00,500,2.8729854501588235,3.3036579519150373,-0.43067250175621385,R1
2025-05-25 00:00:00,500,3.011641862667314,3.13133964824462,-0.11969778557730582,R1
2025-05-25 01:00:00,500,2.9122694977569226,3.254122476659899,-0.3418529789029763,R1
2025-05-25 02:00:00,500,2.9223298645698126,3.273144696275787,-0.3508148317059745,R1
2025-05-25 03:00:00,500,2.907160628341644,3.1508647344954124,-0.24370410615376858,R1
2025-05-25 04:00:00,500,2.8886023366999654,3.100804697251064,-0.21220236055109876,R1
2025-05-25 05:00:00,500,2.9827893070245803,3.2781462865327624,-0.29535697950818207,R1
2025-05-25 06:00:00,500,2.9365355565390217,3.27794869926702,-0.3414131427279985,R1
2025-05-25 07:00:00,500,2.9776830845973814,3.22188807541242,-0.24420499081503877,R1
2025-05-25 08:00:00,500,2.980980250870155,3.290568858446232,-0.30958860757607676,R1
2025-05-25 09:00:00,500,2.810207065181112,3.1642926217366725,-0.3540855565555603,R1
2025-05-25 10:00:00,500,2.9103580707747425,3.2177771162482163,-0.30741904547347376,R1
2025-05-25 11:00:00,500,2.8837966586298927,3.091388434298758,-0.20759177566886544,R1
2025-05-25 12:00:00,500,2.924206315474465,3.080944780521613,-0.15673846504714772,R1
2025-05-25 13:00:00,500,2.84002434401137,3.1254453082045592,-0.2854209641931891,R1
2025-05-25 14:00:00,500,2.8064397049255696,3.02678788283655,-0.2203481779109806,R1
2025-05-25 15:00:00,500,2.9346913909615293,3.2641777179300435,-0.3294863269685142,R1
2025-05-25 16:00:00,500,2.9231751078267183,3.190685762045204,-0.26751065421848574,R1
2025-05-25 17:00:00,500,2.941696699343905,3.380599062965572,-0.4389023636216671,R1
2025-05-25 18:00:00,500,2.926433609562419,3.336609244069036,-0.41017563450661676,R1
2025-05-25 19:00:00,500,3.1085660049827277,3.261766720358437,-0.15320071537570934,R1
2025-05-25 20:00:00,500,2.9465242697541707,3.2461046088778884,-0.29958033912371773,R1
2025-05-25 21:00:00,500,2.935170012495768,3.4384188785709164,-0.5032488660751486,R1
2025-05-25 22:00:00,500,3.0293136229336253,3.216918218759377,-0.18760459582575173,R1
2025-05-25 23:00:00,500,2.9570351913858834,3.296589526242859,-0.3395543348569756,R1
2025-05-26 00:00:00,500,2.9719184879194143,3.453020522325871,-0.4811020344064567,R1
2025-05-26 01:00:00,500,2.9554131383717457,3.399834310528232,-0.44442117215648613,R1
2025-05-26 02:00:00,500,2.9332525155195155,3.2642591710514943,-0.33100665553197883,R1
2025-05-26 03:00:00,500,2.969511354327311,3.4646997946985847,-0.49518844037127385,R1
2025-05-26 04:00:00,500,3.032424304747188,3.352538642735105,-0.320114337987917,R1
2025-05-26 05:00:00,500,2.9630361121247546,3.2201040330409216,-0.25706792091616704,R1
2025-05-26 06:00:00,500,2.9446971067847705,3.2449548253546547,-0.30025771856988426,R1
2025-05-26 07:00:00,500,3.1510709696440657,3.422871827923285,-0.27180085827921907,R1
2025-05-26 08:00:00,500,3.006103493890804,3.4024911822389607,-0.39638768834815696,R1
2025-05-26 09:00:00,500,3.024133460595917,3.3807492518754163,-0.3566157912794994,R1
2025-05-26 10:00:00,500,2.982400969118129,3.595127193951016,-0.6127262248328869,R1
2025-05-26 11:00:00,500,3.104570820148281,3.4066914403006328,-0.30212062015235164,R1
2025-05-26 12:00:00,500,3.238717458066429,3.48216606884394,-0.24344861077751112,R1
2025-05-26 13:00:00,500,3.0697208847248745,3.4781083174247414,-0.4083874326998669,R1
2025-05-26 14:00:00,500,3.2860177650701687,3.59954319962249,-0.31352543455232107,R1
2025-05-26 15:00:00,500,3.201349377972704,3.689448110537616,-0.4880987325649122,R1
2025-05-26 16:00:00,500,3.259400725325192,3.598969251018743,-0.3395685256935508,R1
2025-05-26 17:00:00,500,3.166940504560973,3.5238785871552416,-0.35693808259426874,R1
2025-05-26 18:00:00,500,3.0951394791544344,3.710485826752481,-0.6153463475980465,R1
2025-05-26 19:00:00,500,3.2310619205920417,3.4957716901041995,-0.26470976951215786,R1
2025-05-26 20:00:00,500,3.253873262502493,3.5477837436846937,-0.29391048118220064,R1
2025-05-26 21:00:00,500,3.1589539096129347,3.5077908065342416,-0.3488368969213069,R1
2025-05-26 22:00:00,500,3.155636130879497,3.668756051434,-0.513119920554503,R1
2025-05-26 23:00:00,500,3.145601613647254,3.430161658949773,-0.284560045302519,R1
2025-05-27 00:00:00,500,3.230538674246155,3.978256804754898,-0.7477181305087428,R1
2025-05-27 01:00:00,500,3.1885281346186667,3.5601562394722106,-0.3716281048535439,R1
2025-05-27 02:00:00,500,3.1698044246352066,3.791394934034991,-0.6215905093997844,R1
2025-05-27 03:00:00,500,3.2485100358949,3.626024957057481,-0.377514921162581,R1
2025-05-27 04:00:00,500,3.135240657366444,3.670692087267037,-0.535451429900593,R1
2025-05-27 05:00:00,500,3.217591217524544,3.740806814289292,-0.5232155967647483,R1
2025-05-27 06:00:00,500,3.2750686409413245,3.512888373281879,-0.23781973234055442,R1
2025-05-27 07:00:00,500,3.2610161250278904,3.674576449588936,-0.4135603245610455,R1
2025-05-27 08:00:00,500,3.242998163252884,3.53688933378354,-0.2938911705306557,R1
2025-05-27 09:00:00,500,3.1727453713107305,3.767339761428087,-0.5945943901173565,R1
2025-05-27 10:00:00,500,3.2351514349974635,3.7216674948653,-0.4865160598678364,R1
2025-05-27 11:00:00,500,3.2202560371260534,3.825573143928168,-0.6053171068021146,R1
2025-05-27 12:00:00,500,3.1584176609406804,3.5912789547179456,-0.4328612937772651,R1
2025-05-27 13:00:00,500,3.167627410552229,3.747751870008334,-0.5801244594561048,R1
2025-05-27 14:00:00,500,3.1497282923128807,4.010931439334834,-0.861203147021953,R1
2025-05-27 15:00:00,500,3.1103492974990266,3.5006110122771377,-0.3902617147781111,R1
2025-05-27 16:00:00,500,3.2909300778747657,3.507033418140709,-0.21610334026594336,R1
2025-05-27 17:00:00,500,3.114281079584277,3.7971818236481343,-0.6829007440638573,R1
2025-05-27 18:00:00,500,3.137652803329822,3.54470717118799,-0.40705436785816795,R1
2025-05-27 19:00:00,500,3.2069575181769934,3.773875189695692,-0.5669176715186985,R1
2025-05-27 20:00:00,500,3.152002074183072,3.622489681436944,-0.47048760725387195,R1
2025-05-27 21:00:00,500,3.1399917291869013,3.497355176170033,-0.3573634469831317,R1
2025-05-27 22:00:00,500,3.161163940534061,3.5732805665431124,-0.4121166260090514,R1
2025-05-27 23:00:00,500,3.31154933086685,3.685736649507753,-0.3741873186409026,R1
2025-05-28 00:00:00,500,3.21357523692902,3.5413558448977214,-0.32778060796870134,R1
2025-05-28 01:00:00,500,3.1784692446635514,3.631055701419208,-0.45258645675565656,R1
2025-05-28 02:00:00,500,3.129433885008182,3.5119136184355777,-0.3824797334273957,R1
2025-05-28 03:00:00,500,3.129188232559281,3.401936356244987,-0.2727481236857061,R1
2025-05-28 04:00:00,500,3.164227186137884,3.626753156217705,-0.46252597007982077,R1
2025-05-28 05:00:00,500,3.165283849164392,3.663830720395816,-0.4985468712314236,R1
2025-05-28 06:00:00,500,3.103120128484399,3.3861136210665137,-0.2829934925821145,R1
2025-05-28 07:00:00,500,3.238686790942199,3.547771274680545,-0.3090844837383462,R1
2025-05-28 08:00:00,500,3.222456798378279,3.629662438473405,-0.40720564009512605,R1
2025-05-28 09:00:00,500,3.093058842976424,3.615763322783992,-0.522704479807568,R1
2025-05-28 10:00:00,500,3.165362657561585,3.542539556772378,-0.3771768992107929,R1
2025-05-28 11:00:00,500,3.0925343740824847,3.570049808632843,-0.4775154345503583,R1
2025-05-28 12:00:00,500,2.927156036251529,3.4814820156231243,-0.5543259793715953,R1
2025-05-28 13:00:00,500,3.041790014778818,3.5028699574119058,-0.4610799426330878,R1
2025-05-28 14:00:00,500,3.0364004848508723,3.445086770799599,-0.4086862859487268,R1
2025-05-28 15:00:00,500,3.0171295122411284,3.357662485788418,-0.3405329735472895,R1
2025-05-28 16:00:00,500,2.987725596835836,3.5462300439067387,-0.5585044470709026,R1
2025-05-28 17:00:00,500,2.949266249208759,3.3492703385442955,-0.40000408933553633,R1
2025-05-28 18:00:00,500,3.006633912243708,3.2935986861864737,-0.28696477394276565,R1
2025-05-28 19:00:00,500,3.00784271799604,3.4032043326847115,-0.39536161468867137,R1
2025-05-28 20:00:00,500,2.8689860720198066,3.1619348379112644,-0.2929487658914578,R1
2025-05-28 21:00:00,500,2.991506557010455,3.3096572420097057,-0.3181506849992508,R1
2025-05-28 22:00:00,500,2.92690977323111,3.355859498758952,-0.42894972552784205,R1
2025-05-28 23:00:00,500,3.059003522646232,3.4805854708835184,-0.42158194823728623,R1
2025-05-29 00:00:00,500,2.9405027406182427,3.471728577353494,-0.5312258367352514,R1
2025-05-29 01:00:00,500,2.9094264820438105,3.222342920492153,-0.3129164384483425,R1
2025-05-29 02:00:00,500,2.934155649984334,3.293625691479793,-0.359470041495459,R1
2025-05-29 03:00:00,500,2.821093499061898,3.1316085360571666,-0.3105150369952687,R1
2025-05-29 04:00:00,500,2.957810496682145,3.322211046076781,-0.36440054939463584,R1
2025-05-29 05:00:00,500,3.0509156782573483,3.3499218498388124,-0.29900617158146403,R1
2025-05-29 06:00:00,500,2.785547969788693,3.055826388273208,-0.27027841848451484,R1
2025-05-29 07:00:00,500,2.871922909830683,3.178846322048947,-0.30692341221826425,R1
2025-05-29 08:00:00,500,2.9211837639777083,3.071454509038473,-0.15027074506076454,R1
2025-05-29 09:00:00,500,2.9677553476770324,3.2454477826591748,-0.27769243498214236,R1
2025-05-29 10:00:00,500,3.112160244606051,3.336474802979134,-0.224314558373083,R1
2025-05-29 11:00:00,500,2.920809554610727,3.189890120073549,-0.2690805654628221,R1
2025-05-29 12:00:00,500,3.036254768074219,3.283700012460139,-0.2474452443859203,R1
2025-05-29 13:00:00,500,3.1003391893242425,3.291653403243204,-0.19131421391896142,R1
2025-05-29 14:00:00,500,3.08490148371604,3.36881598610914,-0.2839145023930998,R1
2025-05-29 15:00:00,500,3.209097763264931,3.452758741342883,-0.24366097807795173,R1
2025-05-29 16:00:00,500,3.215520748909118,3.410871779821201,-0.19535103091208317,R1
2025-05-29 17:00:00,500,3.206541935340043,3.690461198165383,-0.48391926282534037,R1
2025-05-29 18:00:00,500,3.196971177108788,3.659511906724775,-0.4625407296159869,R1
2025-05-29 19:00:00,500,3.1419472695212325,3.53780364988132,-0.39585638036008763,R1
2025-05-29 20:00:00,500,3.1491280361871383,3.8201495416349327,-0.6710215054477944,R1
2025-05-29 21:00:00,500,3.246381885480844,3.731701481156563,-0.48531959567571903,R1
2025-05-29 22:00:00,500,3.0953998829797262,3.42826569507959,-0.33286581209986377,R1
2025-05-29 23:00:00,500,3.0941068662775746,3.527834143399017,-0.43372727712144243,R1
2025-05-30 00:00:00,500,3.294858739877499,3.904820224200742,-0.609961484323243,R1
2025-05-30 01:00:00,500,3.253724939562668,3.7660681375168696,-0.5123431979542015,R1
2025-05-30 02:00:00,500,3.0353167961138583,3.755724545614788,-0.7204077495009296,R1
2025-05-30 03:00:00,500,3.211388192120032,3.549059312094801,-0.33767111997476906,R1
2025-05-30 04:00:00,500,3.106284065779122,3.5220507311614746,-0.4157666653823524,R1
2025-05-30 05:00:00,500,3.2239719084974503,3.4873303814129293,-0.263358472915479,R1
2025-05-30 06:00:00,500,3.191971940342667,3.5067421286656795,-0.3147701883230125,R1
2025-05-30 07:00:00,500,3.172765145649428,3.624719095542505,-0.4519539498930767,R1
2025-05-30 08:00:00,500,3.221813921593464,3.642040726073813,-0.420226804480349,R1
2025-05-30 09:00:00,500,3.1948457868126945,3.605809254762817,-0.4109634679501224,R1
2025-05-30 10:00:00,500,3.220139200945573,3.5869102610838364,-0.3667710601382632,R1
2025-05-30 11:00:00,500,3.245784078403951,3.563306491256596,-0.31752241285264526,R1
2025-05-30 12:00:00,500,3.1754331320797866,3.618783532358493,-0.4433504002787063,R1
2025-05-30 13:00:00,500,3.2672883692228347,3.702147371958488,-0.43485900273565337,R1
2025-05-30 14:00:00,500,3.1541414284891824,3.633469005364052,-0.4793275768748697,R1
2025-05-30 15:00:00,500,3.1536107160187603,3.4941881610283936,-0.3405774450096333,R1
2025-05-30 16:00:00,500,3.1439235787195448,3.591558228451194,-0.44763464973164924,R1
2025-05-30 17:00:00,500,3.1849370997623523,3.3642868304003546,-0.1793497306380023,R1
2025-05-30 18:00:00,500,3.1958898922209538,3.5997167135726222,-0.4038268213516685,R1
2025-05-30 19:00:00,500,3.223620561178932,3.5351896090146853,-0.3115690478357531,R1
2025-05-30 20:00:00,500,3.0980589870313,3.3974385508628355,-0.29937956383153574,R1
2025-05-30 21:00:00,500,3.163048612103566,3.411598026424223,-0.24854941432065703,R1
2025-05-30 22:00:00,500,3.153775080984816,3.5475515351498745,-0.39377645416505835,R1
2025-05-30 23:00:00,500,3.1356277527876264,3.97867450437184,-0.8430467515842137,R1
2025-05-31 00:00:00,500,3.218108066184159,3.4592103231396942,-0.24110225695553522,R1
2025-05-31 01:00:00,500,3.116755998858186,3.555001259480412,-0.43824526062222624,R1
2025-05-31 02:00:00,500,3.097879855056144,3.527024986092061,-0.4291451310359169,R1
2025-05-31 03:00:00,500,3.185254672629256,3.5028651235487787,-0.3176104509195228,R1
2025-05-31 04:00:00,500,3.148730582598682,3.647733001806856,-0.4990024192081739,R1
2025-05-31 05:00:00,500,3.1260475837097164,3.401326910808625,-0.2752793270989087,R1
2025-05-31 06:00:00,500,3.147088250433487,3.6571251780630103,-0.5100369276295234,R1
2025-05-31 07:00:00,500,3.2536787681416843,3.3917694697130933,-0.138090701571409,R1
2025-05-31 08:00:00,500,3.109744351088637,3.797059086522476,-0.6873147354338389,R1
2025-05-31 09:00:00,500,3.210029676914609,3.981064382930109,-0.7710347060155001,R1
2025-05-31 10:00:00,500,3.2820009363866403,3.631168400290819,-0.34916746390417863,R1
2025-05-31 11:00:00,500,3.154301711579947,3.5755431397891746,-0.4212414282092274,R1
2025-05-31 12:00:00,500,3.2165662486180167,3.7371097657699983,-0.5205435171519817,R1
2025-05-31 13:00:00,500,3.2823654492041787,3.6785157611240393,-0.3961503119198606,R1
2025-05-31 14:00:00,500,3.200099693838801,3.521542148421028,-0.3214424545822272,R1
2025-05-31 15:00:00,500,3.2892941615966165,3.502480987437268,-0.21318682584065174,R1
2025-05-31 16:00:00,500,3.203709142540705,3.856446131080478,-0.6527369885397731,R1
2025-05-31 17:00:00,500,3.095485130507449,3.680396747248322,-0.584911616740873,R1
2025-05-31 18:00:00,500,3.099865343942708,3.5417594205374643,-0.4418940765947563,R1
2025-05-31 19:00:00,500,3.1367874735078964,3.483254846516229,-0.34646737300833275,R1
2025-05-31 20:00:00,500,3.1697618568008403,3.535240224757763,-0.3654783679569227,R1
2025-05-31 21:00:00,500,3.076158832296306,3.5092447629780725,-0.4330859306817665,R1
2025-05-31 22:00:00,500,3.191105184281468,3.5400819449679246,-0.34897676068645644,R1
2025-05-31 23:00:00,500,3.2754437735313897,3.5769271596370054,-0.30148338610561565,R1
2025-06-01 00:00:00,500,3.1127222947324644,3.592474571426719,-0.4797522766942546,R1
2025-06-01 01:00:00,500,3.019802657260473,3.444893652361642,-0.425090995101169,R1
2025-06-01 02:00:00,500,3.178074922389232,3.658347604995428,-0.4802726826061958,R1
2025-06-01 03:00:00,500,3.097397949721568,3.4808612996012243,-0.38346334987965625,R1
2025-06-01 04:00:00,500,3.2084075737468525,3.406708089983981,-0.1983005162371283,R1
2025-06-01 05:00:00,500,3.287795402774456,3.568744710199724,-0.280949307425268,R1
2025-06-01 06:00:00,500,3.2013632225215103,3.372413631596658,-0.17105040907514768,R1
2025-06-01 07:00:00,500,3.185612794605755,3.5707633578635547,-0.38515056325779984,R1
2025-06-01 08:00:00,500,3.182828805208018,3.55129119414677,-0.3684623889387524,R1
2025-06-01 09:00:00,500,3.155282912146037,3.5437160750049506,-0.3884331628589135,R1
2025-06-01 10:00:00,500,3.133050572590022,3.5001309012770645,-0.36708032868704255,R1
2025-06-01 11:00:00,500,3.241093049991735,3.6583818075571615,-0.4172887575654265,R1
2025-06-01 12:00:00,500,3.1514841628179235,3.5845540158219173,-0.4330698530039938,R1
2025-06-01 13:00:00,500,3.301847326131174,3.7138960950113664,-0.4120487688801924,R1
2025-06-01 14:00:00,500,3.1911894075845573,3.5565699305011416,-0.3653805229165843,R1
2025-06-01 15:00:00,500,3.207940404992937,3.414854894638516,-0.20691448964557901,R1
2025-06-01 16:00:00,500,3.2067062862906983,3.605361065103896,-0.39865477881319755,R1
2025-06-01 17:00:00,500,3.1858696516349685,3.6707498478311074,-0.48488019619613887,R1
2025-06-01 18:00:00,500,3.120575997414276,3.4762530369855904,-0.35567703957131425,R1
2025-06-01 19:00:00,500,3.177823463602863,3.9837249823468257,-0.8059015187439629,R1
2025-06-01 20:00:00,500,3.157999686150691,3.533163246243289,-0.37516356009259777,R1
2025-06-01 21:00:00,500,3.175565945331454,3.484857526334187,-0.309291581002733,R1
2025-06-01 22:00:00,500,3.2177735178671947,4.290644049813254,-1.0728705319460596,R1
2025-06-01 23:00:00,500,3.226945643802512,3.7316977963520954,-0.5047521525495835,R1
2025-06-02 00:00:00,500,3.26794810190542,3.567966339380042,-0.30001823747462186,R1
2025-06-02 01:00:00,500,3.2495556912629926,3.6054608138939694,-0.35590512263097684,R1
2025-06-02 02:00:00,500,3.202683349228596,4.041657061011124,-0.8389737117825278,R1
2025-06-02 03:00:00,500,3.1525406154262954,3.548205956821206,-0.3956653413949107,R1
2025-06-02 04:00:00,500,3.179752623853395,3.5259159666403828,-0.3461633427869879,R1
2025-06-02 05:00:00,500,3.2506789658934734,3.609510390990584,-0.35883142509711075,R1
2025-06-02 06:00:00,500,3.241019114705081,3.7822226433795447,-0.5412035286744636,R1
2025-06-02 07:00:00,500,3.246172067537623,3.467300544272148,-0.22112847673452496,R1
2025-06-02 08:00:00,500,3.2973878950290856,3.5369608137590958,-0.2395729187300102,R1
2025-06-02 09:00:00,500,3.146067090720696,3.517969794311011,-0.3719027035903153,R1
2025-06-02 10:00:00,500,3.1838707779532087,3.9228043568825575,-0.7389335789293487,R1
2025-06-02 11:00:00,500,3.2140732396937493,3.4920331007708643,-0.277959861077115,R1
2025-06-02 12:00:00,500,3.125781585761052,3.600636534069125,-0.47485494830807307,R1
2025-06-02 13:00:00,500,3.1194233089345618,3.5016454491309896,-0.38222214019642786,R1
2025-06-02 14:00:00,500,3.133517780525015,3.639430762551985,-0.5059129820269699,R1
2025-06-02 15:00:00,500,3.13250042306784,3.417408787716301,-0.2849083646484609,R1
2025-06-02 16:00:00,500,3.1051343925722263,3.527587751970801,-0.42245335939857487,R1
2025-06-02 17:00:00,500,3.0504599640528505,3.45164480182037,-0.40118483776751956,R1
2025-06-02 18:00:00,500,3.0990964338999727,3.6323889791425663,-0.5332925452425936,R1
2025-06-02 19:00:00,500,3.1197066944361445,3.674865126300768,-0.5551584318646237,R1
2025-06-02 20:00:00,500,3.062004328300666,3.390286023328398,-0.32828169502773186,R1
2025-06-02 21:00:00,500,3.08347846612385,3.383557056180876,-0.300078590057026,R1
2025-06-02 22:00:00,500,3.0506012248059187,3.411839093008869,-0.36123786820295045,R1
2025-06-02 23:00:00,500,3.344474108489248,3.6016260267006213,-0.25715191821137307,R1
2025-06-03 00:00:00,500,3.211300288646599,3.728152795809216,-0.5168525071626169,R1
2025-06-03 01:00:00,500,2.995520173297254,3.367992775424647,-0.37247260212739297,R1
2025-06-03 02:00:00,500,3.123953387523227,3.449531969341581,-0.3255785818183541,R1
2025-06-03 03:00:00,500,3.085942706003391,3.490123475628226,-0.40418076962483473,R1
2025-06-03 04:00:00,500,3.131981551933428,3.609678731584813,-0.4776971796513849,R1
2025-06-03 05:00:00,500,3.1522408702419527,3.5211107340174457,-0.368869863775493,R1
2025-06-03 06:00:00,500,3.078120481053837,3.681995732588669,-0.603875251534832,R1
2025-06-03 07:00:00,500,3.067665985459266,3.577766353107528,-0.510100367648262,R1
2025-06-03 08:00:00,500,3.1277505212666674,3.334814051410161,-0.20706353014349377,R1
2025-06-03 09:00:00,500,3.193837759570505,3.624336235835412,-0.4304984762649071,R1
2025-06-03 10:00:00,500,3.2008398280745856,3.565419033210276,-0.36457920513569064,R1
2025-06-03 11:00:00,500,3.0521064843563352,3.5251171423429923,-0.4730106579866571,R1
2025-06-03 12:00:00,500,3.0254108679511216,3.555439200877027,-0.5300283329259052,R1
2025-06-03 13:00:00,500,3.114354437879525,3.506232835565895,-0.3918783976863698,R1
2025-06-03 14:00:00,500,3.05115294371821,3.265577798966558,-0.2144248552483483,R1
2025-06-03 15:00:00,500,3.078396808096638,3.623088123373547,-0.5446913152769088,R1
2025-06-03 16:00:00,500,3.17712916329017,3.5207615108599883,-0.3436323475698182,R1
2025-06-03 17:00:00,500,3.159520880383329,3.6400184028004863,-0.48049752241715726,R1
2025-06-03 18:00:00,500,3.005732408051257,3.549806895295548,-0.5440744872442913,R1
2025-06-03 19:00:00,500,3.081179602851044,3.508305520783577,-0.4271259179325333,R1
2025-06-03 20:00:00,500,2.973181299549037,3.285272568054576,-0.3120912685055388,R1
2025-06-03 21:00:00,500,2.944575988047045,3.708751845773977,-0.764175857726932,R1
2025-06-03 22:00:00,500,3.0299154224164897,3.337746564134092,-0.3078311417176023,R1
2025-06-03 23:00:00,500,2.923938101920414,3.491431082611246,-0.5674929806908318,R1
2025-06-04 00:00:00,500,2.91516385219378,3.367656632054905,-0.4524927798611249,R1
2025-06-04 01:00:00,500,2.9395654895874115,3.448893353649447,-0.5093278640620356,R1
2025-06-04 02:00:00,500,3.027289943705381,3.625663685749005,-0.5983737420436239,R1
2025-06-04 03:00:00,500,2.947739002863293,3.366333072495986,-0.4185940696326931,R1
2025-06-04 04:00:00,500,3.122512345643795,3.290181058552792,-0.1676687129089971,R1
2025-06-04 05:00:00,500,2.993017588633293,3.431341796735433,-0.4383242081021401,R1
2025-06-04 06:00:00,500,2.9928594576010363,3.27036179270492,-0.27750233510388345,R1
2025-06-04 07:00:00,500,2.934965256056479,3.339764186107381,-0.4047989300509016,R1
2025-06-04 08:00:00,500,3.0949105888925525,3.518249881247805,-0.42333929235525236,R1
2025-06-04 09:00:00,500,3.075655509561068,3.4076660661571925,-0.33201055659612466,R1
2025-06-04 10:00:00,500,3.128102465252857,3.3508080166468845,-0.2227055513940277,R1
2025-06-04 11:00:00,500,3.0188521363363225,3.422691045498554,-0.40383890916223164,R1
2025-06-04 12:00:00,500,3.0933155712979032,3.664735094157897,-0.5714195228599936,R1
2025-06-04 13:00:00,500,3.139584456049101,3.497068188816583,-0.357483732767482,R1
2025-06-04 14:00:00,500,3.180620807557675,3.4601469016535167,-0.2795260940958415,R1
2025-06-04 15:00:00,500,3.152447005014642,3.5973902250158263,-0.44494322000118425,R1
2025-06-04 16:00:00,500,3.1256966706199454,3.3551651412884245,-0.22946847066847909,R1
2025-06-04 17:00:00,500,3.0744761480435328,3.638715440749517,-0.564239292705984,R1
2025-06-04 18:00:00,500,3.182112687742803,3.6563507254546495,-0.47423803771184625,R1
2025-06-04 19:00:00,500,3.161975464042797,3.652908510141069,-0.49093304609827193,R1
2025-06-04 20:00:00,500,3.331598136772217,3.7478564780204335,-0.41625834124821637,R1
2025-06-04 21:00:00,500,3.154406560466999,3.7326427798619632,-0.5782362193949644,R1
2025-06-04 22:00:00,500,3.114452427062268,3.745061580336629,-0.630609153274361,R1
2025-06-04 23:00:00,500,3.1245035164501016,3.500957192918588,-0.37645367646848626,R1
2025-06-05 00:00:00,500,3.1973387853951607,3.5769781968418397,-0.379639411446679,R1
2025-06-05 01:00:00,500,3.202703397016041,3.647009377031804,-0.44430598001576316,R1
2025-06-05 02:00:00,500,3.148491988397781,3.575555874507537,-0.4270638861097562,R1
2025-06-05 03:00:00,500,3.2057526840457,3.5322014710622542,-0.3264487870165542,R1
2025-06-05 04:00:00,500,3.298688906184223,4.189232302360682,-0.8905433961764588,R1
2025-06-05 05:00:00,500,3.1398909122148524,3.883412857985893,-0.7435219457710405,R1
2025-06-05 06:00:00,500,3.1658989534496365,3.406819585534432,-0.24092063208479564,R1
2025-06-05 07:00:00,500,3.1569393526971834,3.787335005185052,-0.6303956524878687,R1
2025-06-05 08:00:00,500,3.11094657538312,3.546833820788298,-0.4358872454051781,R1
2025-06-05 09:00:00,500,3.152552576378166,3.4975632863061725,-0.3450107099280064,R1
2025-06-05 10:00:00,500,3.0852162290089367,3.5622888349787565,-0.4770726059698198,R1
2025-06-05 11:00:00,500,3.180659895662395,3.574745156436953,-0.39408526077455797,R1
2025-06-05 12:00:00,500,3.2026585520329425,3.9210790467647,-0.7184204947317574,R1
2025-06-05 13:00:00,500,3.28137132144725,3.778491527624232,-0.49712020617698194,R1
2025-06-05 14:00:00,500,3.268989751505312,3.5182843598199454,-0.24929460831463324,R1
2025-06-05 15:00:00,500,3.156547289299671,3.681523828395063,-0.524976539095392,R1
2025-06-05 16:00:00,500,3.248024442285788,3.563774765661392,-0.31575032337560405,R1
2025-06-05 17:00:00,500,3.223225892356768,3.5840224269913885,-0.3607965346346207,R1
2025-06-05 18:00:00,500,3.113894363860603,3.660264199049908,-0.5463698351893047,R1
2025-06-05 19:00:00,500,3.193023145674092,3.4976648645315715,-0.3046417188574795,R1
2025-06-05 20:00:00,500,3.123576861825756,3.7281043402268206,-0.6045274784010646,R1
2025-06-05 21:00:00,500,3.1751101460963485,3.594057577234363,-0.41894743113801436,R1
2025-06-05 22:00:00,500,3.1307355745739622,3.7074355958377048,-0.5767000212637425,R1
2025-06-05 23:00:00,500,3.144705793446348,3.586065245085017,-0.44135945163866896,R1
2025-06-06 00:00:00,500,3.200171918724883,3.6947379497008863,-0.4945660309760034,R1
2025-06-06 01:00:00,500,3.102188601794916,3.671896469368852,-0.569707867573936,R1
2025-06-06 02:00:00,500,3.2355217939948244,3.639469510970564,-0.4039477169757397,R1
2025-06-06 03:00:00,500,3.1490555337329424,3.681343666813973,-0.5322881330810305,R1
2025-06-06 04:00:00,500,3.214682225206242,3.687310915122084,-0.47262868991584206,R1
2025-06-06 05:00:00,500,3.1542363855624624,4.272431122842502,-1.1181947372800392,R1
2025-06-06 06:00:00,500,3.33467897033437,3.610597562074677,-0.27591859174030686,R1
2025-06-06 07:00:00,500,3.235900119363873,3.5521581953477623,-0.31625807598388933,R1
2025-06-06 08:00:00,500,3.226020324420848,3.614348923265835,-0.38832859884498694,R1
2025-06-06 09:00:00,500,3.229927667564977,3.745143164438597,-0.51521549687362,R1
2025-06-06 10:00:00,500,3.239126621999177,3.813265935401412,-0.574139313402235,R1
2025-06-06 11:00:00,500,3.252916617512662,3.796846832715088,-0.5439302152024261,R1
2025-06-06 12:00:00,500,3.228135335403325,3.6656133537667968,-0.43747801836347167,R1
2025-06-06 13:00:00,500,3.281052859952005,3.5373255772642453,-0.25627271731224033,R1
2025-06-06 14:00:00,500,3.1468118757166934,3.593036758256728,-0.4462248825400348,R1
2025-06-06 15:00:00,500,3.2444719371680057,3.609370551359192,-0.3648986141911861,R1
2025-06-06 16:00:00,500,3.189234644906973,3.468510614660808,-0.27927596975383473,R1
2025-06-06 17:00:00,500,3.2565676095724267,4.149608433630061,-0.8930408240576346,R1
2025-06-06 18:00:00,500,3.2268632510068165,3.412928368460957,-0.18606511745414034,R1
2025-06-06 19:00:00,500,3.2096259968714804,3.683415383872261,-0.47378938700078077,R1
2025-06-06 20:00:00,500,3.2078273560903314,3.539967160675402,-0.33213980458507075,R1
2025-06-06 21:00:00,500,3.141047141888962,3.499253880370994,-0.358206738482032,R1
2025-06-06 22:00:00,500,3.319063019003427,3.625987844472792,-0.30692482546936484,R1
2025-06-06 23:00:00,500,3.22521215194496,3.4372395742009867,-0.21202742225602655,R1
2025-06-07 00:00:00,500,3.2503550903777443,3.518559547804632,-0.2682044574268878,R1
2025-06-07 01:00:00,500,3.2533894589441945,3.521083561143561,-0.2676941021993664,R1
2025-06-07 02:00:00,500,3.1434999849334053,3.793314659035139,-0.6498146741017337,R1
2025-06-07 03:00:00,500,3.1285886371351648,3.5015311242994263,-0.3729424871642615,R1
2025-06-07 04:00:00,500,3.107401252410071,3.452533278703237,-0.34513202629316586,R1
2025-06-07 05:00:00,500,3.193458005906727,3.709466673507212,-0.5160086676004854,R1
2025-06-07 06:00:00,500,3.1492306134872434,3.523370124589355,-0.37413951110211174,R1
2025-06-07 07:00:00,500,3.2327521777309003,3.503812194804701,-0.2710600170738009,R1
2025-06-07 08:00:00,500,3.2423362471355213,3.502192740730762,-0.25985649359524077,R1
2025-06-07 09:00:00,500,3.1965665979751883,3.7290970841505615,-0.5325304861753732,R1
2025-06-07 10:00:00,500,3.271436402773789,3.663828483154706,-0.3923920803809171,R1
2025-06-07 11:00:00,500,3.193529334709482,3.599504406809022,-0.40597507209953987,R1
2025-06-07 12:00:00,500,3.1447716263433745,3.30247339586393,-0.1577017695205556,R1
2025-06-07 13:00:00,500,3.327172392531375,3.5313280181743747,-0.20415562564299972,R1
2025-06-07 14:00:00,500,3.2474678148760807,3.736763942052861,-0.48929612717678017,R1
2025-06-07 15:00:00,500,3.186893005607288,3.6358228007411246,-0.4489297951338367,R1
2025-06-07 16:00:00,500,3.271481406312012,3.711414318101351,-0.4399329117893389,R1
2025-06-07 17:00:00,500,3.194577082379983,3.490505557208941,-0.2959284748289579,R1
2025-06-07 18:00:00,500,3.1532568577869373,3.6761977652304494,-0.5229409074435121,R1
2025-06-07 19:00:00,500,3.246399410215566,3.572938746324715,-0.32653933610914887,R1
2025-06-07 20:00:00,500,3.216925210475188,3.535673419334634,-0.318748208859446,R1
2025-06-07 21:00:00,500,3.1509620943531305,3.300771336354718,-0.14980924200158752,R1
2025-06-07 22:00:00,500,3.102089809900643,3.7598376106347615,-0.6577478007341186,R1
2025-06-07 23:00:00,500,3.215406457270124,3.491805307586935,-0.27639885031681066,R1
2025-06-08 00:00:00,500,3.195206737940338,3.641322309666954,-0.4461155717266161,R1
2025-06-08 01:00:00,500,3.1779691304415785,3.5535590517957707,-0.3755899213541922,R1
2025-06-08 02:00:00,500,3.2129104401292543,3.4483718228397184,-0.23546138271046413,R1
2025-06-08 03:00:00,500,3.232049925902629,3.519867199118131,-0.28781727321550177,R1
2025-06-08 04:00:00,500,3.2385150995827146,3.624704118096235,-0.3861890185135204,R1
2025-06-08 05:00:00,500,3.1211606056802674,3.6960850379828702,-0.5749244323026028,R1
2025-06-08 06:00:00,500,3.2417310391154817,3.882999572863833,-0.6412685337483515,R1
2025-06-08 07:00:00,500,3.2404225640265567,3.572635297361443,-0.3322127333348863,R1
2025-06-08 08:00:00,500,3.2662101430147903,3.9693608824177016,-0.7031507394029113,R1
2025-06-08 09:00:00,500,3.205033839143092,3.513586407902174,-0.30855256875908177,R1
2025-06-08 10:00:00,500,3.223708951424659,4.0065187176824,-0.7828097662577416,R1
2025-06-08 11:00:00,500,3.183812996283537,3.889158623296212,-0.705345627012675,R1
2025-06-08 12:00:00,500,3.172698215213366,3.748379111332311,-0.575680896118945,R1
2025-06-08 13:00:00,500,3.269463197838434,3.7892397266191167,-0.5197765287806826,R1
2025-06-08 14:00:00,500,3.204534291715221,3.64313620697045,-0.43860191525522874,R1
2025-06-08 15:00:00,500,3.2051760593912464,3.547485797441765,-0.3423097380505187,R1
2025-06-08 16:00:00,500,3.15392621859601,3.9104850531447104,-0.7565588345487004,R1
2025-06-08 17:00:00,500,3.18075330465212,3.5645106065269605,-0.38375730187484036,R1
2025-06-08 18:00:00,500,3.1438111084478493,3.755990578093741,-0.6121794696458918,R1
2025-06-08 19:00:00,500,3.215366861327353,3.977484710950735,-0.7621178496233822,R1
2025-06-08 20:00:00,500,3.186769391492027,3.5430201045001937,-0.35625071300816646,R1
2025-06-08 21:00:00,500,3.2007696234216145,3.8861125879740728,-0.6853429645524582,R1
2025-06-08 22:00:00,500,3.171231341417304,3.7169783345408978,-0.5457469931235939,R1
2025-06-08 23:00:00,500,3.326115179564431,3.751893245894148,-0.42577806632971704,R1
2025-06-09 00:00:00,500,3.070507509062428,4.038115376320869,-0.9676078672584412,R1
2025-06-09 01:00:00,500,3.251628464598569,3.4717709037197824,-0.22014243912121323,R1
2025-06-09 02:00:00,500,3.2121605995425733,3.697454452943197,-0.4852938534006239,R1
2025-06-09 03:00:00,500,3.206483012866853,3.654654125142881,-0.4481711122760279,R1
2025-06-09 04:00:00,500,3.242409695410821,3.6220855251350015,-0.3796758297241807,R1
2025-06-09 05:00:00,500,3.169113174846297,3.70936737416088,-0.5402541993145831,R1
2025-06-09 06:00:00,500,3.187099496138174,3.665147389404274,-0.47804789326609987,R1
2025-06-09 07:00:00,500,3.169632725648249,3.538265579933736,-0.3686328542854871,R1
2025-06-09 08:00:00,500,3.381427458552327,3.466508024381149,-0.08508056582882162,R1
2025-06-09 09:00:00,500,3.1637382431144747,3.771697813878754,-0.6079595707642791,R1
2025-06-09 10:00:00,500,3.3256527176556503,3.5323826904477915,-0.20672997279214123,R1
2025-06-09 11:00:00,500,3.305636424880209,3.999906336387403,-0.694269911507194,R1
2025-06-09 12:00:00,500,3.144340433992773,3.652844321144044,-0.5085038871512708,R1
2025-06-09 13:00:00,500,3.130808895857544,3.628027829104234,-0.49721893324668986,R1
2025-06-09 14:00:00,500,3.1759250922560085,3.6694696531667232,-0.49354456091071475,R1
2025-06-09 15:00:00,500,3.261409533074324,3.632813939398357,-0.37140440632403315,R1
2025-06-09 16:00:00,500,3.187361949700209,3.6228574921265824,-0.43549554242637356,R1
2025-06-09 17:00:00,500,3.228929453180726,3.619712716910174,-0.39078326372944794,R1
2025-06-09 18:00:00,500,3.177464445938073,3.663247715807861,-0.4857832698697879,R1
2025-06-09 19:00:00,500,3.193102570840266,3.908495249110739,-0.7153926782704731,R1
2025-06-09 20:00:00,500,3.1525035126857346,3.488907637989312,-0.3364041253035772,R1
2025-06-09 21:00:00,500,3.1847789847379717,3.899123435602629,-0.7143444508646573,R1
2025-06-09 22:00:00,500,3.277560836984033,3.8593492379424816,-0.5817884009584486,R1
2025-06-09 23:00:00,500,3.056973826161147,3.7422519247752817,-0.6852780986141345,R1
2025-06-10 00:00:00,500,3.258774240087477,3.6785026128896408,-0.4197283728021639,R1
2025-06-10 01:00:00,500,3.2392240630278124,3.5219729332596037,-0.2827488702317913,R1
2025-06-10 02:00:00,500,3.1880921193395064,3.5917832971892185,-0.4036911778497121,R1
2025-06-10 03:00:00,500,3.230666365522111,4.18501202358089,-0.9543456580587786,R1
2025-06-10 04:00:00,500,3.239579643512456,3.632750127634953,-0.3931704841224968,R1
2025-06-10 05:00:00,500,3.181268608696885,3.494151406723266,-0.3128827980263811,R1
2025-06-10 06:00:00,500,3.19929042069706,3.524525398323754,-0.3252349776266943,R1
2025-06-10 07:00:00,500,3.1616975424042684,3.7850874918359625,-0.6233899494316941,R1
2025-06-10 08:00:00,500,3.2643931961204453,3.7610713678482046,-0.4966781717277593,R1
2025-06-10 09:00:00,500,3.13844207398898,3.669706339096976,-0.5312642651079962,R1
2025-06-10 10:00:00,500,3.26781443921779,3.633685196589763,-0.36587075737197283,R1
2025-06-10 11:00:00,500,3.1942589592497423,3.61540711004065,-0.42114815079090784,R1
2025-06-10 12:00:00,500,3.2649495363018994,3.626529999930772,-0.36158046362887264,R1
2025-06-10 13:00:00,500,3.193456414369076,3.5560348252511047,-0.3625784108820289,R1
2025-06-10 14:00:00,500,3.1488554482654454,3.5626126869650347,-0.41375723869958936,R1
2025-06-10 15:00:00,500,3.200538252641628,3.494557064459616,-0.29401881181798784,R1
2025-06-10 16:00:00,500,3.161894195431805,3.612276161209664,-0.4503819657778587,R1
2025-06-10 17:00:00,500,3.154071705149176,3.476619880520597,-0.3225481753714208,R1
2025-06-10 18:00:00,500,3.093863468009819,3.50819037054395,-0.41432690253413096,R1
2025-06-10 19:00:00,500,3.186748550633433,3.39695379617364,-0.2102052455402066,R1
2025-06-10 20:00:00,500,3.187074280859917,3.3377680878320355,-0.15069380697211843,R1
2025-06-10 21:00:00,500,3.275453541516229,3.456767869809758,-0.18131432829352923,R1
2025-06-10 22:00:00,500,3.104714790194108,3.4383578024873667,-0.33364301229325877,R1
2025-06-10 23:00:00,500,3.14783508286641,3.6364228972892794,-0.48858781442286947,R1
2025-06-11 00:00:00,500,3.2278593153344945,3.7560838941934382,-0.5282245788589437,R1
2025-06-11 01:00:00,500,3.107562253539069,3.589096762377436,-0.4815345088383669,R1
2025-06-11 02:00:00,500,3.156807190555728,3.469162235203073,-0.3123550446473451,R1
2025-06-11 03:00:00,500,3.1444164042472496,3.4297628897788868,-0.2853464855316372,R1
2025-06-11 04:00:00,500,3.1478375982746085,3.550998514986653,-0.4031609167120447,R1
2025-06-11 05:00:00,500,3.237550999505145,3.4775288872412604,-0.2399778877361154,R1
2025-06-11 06:00:00,500,3.2558584318865127,3.438295355875254,-0.18243692398874112,R1
2025-06-11 07:00:00,500,3.199292525398796,3.4570418424443314,-0.2577493170455356,R1
2025-06-11 08:00:00,500,3.166788744413142,3.857867167962732,-0.6910784235495897,R1
2025-06-11 09:00:00,500,3.155437888389627,3.5163671291243217,-0.3609292407346949,R1
2025-06-11 10:00:00,500,3.1839290442307764,3.508418778370642,-0.3244897341398656,R1
2025-06-11 11:00:00,500,3.1908607808674225,3.538240918641732,-0.34738013777430954,R1
2025-06-11 12:00:00,500,3.0425466165475745,3.633412298162544,-0.5908656816149693,R1
2025-06-11 13:00:00,500,3.254150319125221,3.5465993605853634,-0.2924490414601424,R1
2025-06-11 14:00:00,500,3.154117610704461,3.5095256834253195,-0.3554080727208584,R1
2025-06-11 15:00:00,500,3.15229401682001,3.626927732623695,-0.47463371580368463,R1
2025-06-11 16:00:00,500,3.1608318015239574,4.416143667437293,-1.2553118659133355,R1
2025-06-11 17:00:00,500,3.17324433586689,3.4580503779722727,-0.28480604210538285,R1
2025-06-11 18:00:00,500,3.2861308813608807,3.5572454308847883,-0.27111454952390757,R1
2025-06-11 19:00:00,500,3.1096300361546363,3.467239700367432,-0.3576096642127955,R1
2025-06-11 20:00:00,500,3.116615215823793,3.4972481974002854,-0.3806329815764924,R1
2025-06-11 21:00:00,500,3.32064936965622,3.4423514514730407,-0.12170208181682085,R1
2025-06-11 22:00:00,500,3.137882883394465,3.6603633590913134,-0.5224804756968484,R1
2025-06-11 23:00:00,500,3.142134389871452,3.5459264096086263,-0.40379201973717427,R1
2025-06-12 00:00:00,500,3.078810171988858,3.5406480927494823,-0.46183792076062424,R1
2025-06-12 01:00:00,500,3.075201717150455,3.480180866459,-0.40497914930854506,R1
2025-06-12 02:00:00,500,3.081141669032596,3.6371214968422585,-0.5559798278096624,R1
2025-06-12 03:00:00,500,3.143292769695076,3.52784495802968,-0.38455218833460414,R1
2025-06-12 04:00:00,500,3.2139999705459896,3.668815883569818,-0.4548159130238285,R1
2025-06-12 05:00:00,500,3.2198029752283666,3.51502090427561,-0.29521792904724364,R1
2025-06-12 06:00:00,500,3.22325696840799,3.587916773965964,-0.36465980555797417,R1
2025-06-12 07:00:00,500,3.192018488379273,3.541611859007573,-0.3495933706283001,R1
2025-06-12 08:00:00,500,3.2395989707655586,3.868172702336595,-0.6285737315710365,R1
2025-06-12 09:00:00,500,3.1902091074136454,3.62849245293495,-0.43828334552130466,R1
2025-06-12 10:00:00,500,3.179132666613384,3.441460028069692,-0.262327361456308,R1
2025-06-12 11:00:00,500,3.1010951866489007,3.3924473952436163,-0.29135220859471556,R1
2025-06-12 12:00:00,500,3.223640453153293,3.461558518026888,-0.23791806487359501,R1
2025-06-12 13:00:00,500,3.093714520037609,3.451272817536601,-0.35755829749899215,R1
2025-06-12 14:00:00,500,3.12319301618297,3.627064685071624,-0.503871668888654,R1
2025-06-12 15:00:00,500,3.189332392298737,3.377979478965988,-0.18864708666725116,R1
2025-06-12 16:00:00,500,3.1930260672912456,3.4792304309459947,-0.2862043636547491,R1
2025-06-12 17:00:00,500,3.018682166380004,3.404376909969438,-0.385694743589434,R1
2025-06-12 18:00:00,500,3.023817514780835,3.499809259409436,-0.47599174462860105,R1
2025-06-12 19:00:00,500,3.153223546213523,3.7566575484581937,-0.6034340022446707,R1
2025-06-12 20:00:00,500,3.0675053283750264,3.4108306270269124,-0.343325298651886,R1
2025-06-12 21:00:00,500,3.008993634442401,3.4522678942875764,-0.4432742598451753,R1
2025-06-12 22:00:00,500,3.099413276543141,3.5311842085204166,-0.43177093197727556,R1
2025-06-12 23:00:00,500,3.06535616194838,3.711849729697933,-0.6464935677495531,R1
2025-06-13 00:00:00,500,3.193409605281283,3.412121576738826,-0.21871197145754318,R1
2025-06-13 01:00:00,500,3.101460202806086,3.970740283161726,-0.8692800803556398,R1
2025-06-13 02:00:00,500,3.114325075439836,3.484580799742058,-0.370255724302222,R1
2025-06-13 03:00:00,500,3.075908783940178,3.57928271750369,-0.5033739335635117,R1
2025-06-13 04:00:00,500,3.2089306097256114,3.729119987691883,-0.5201893779662714,R1
2025-06-13 05:00:00,500,3.083159944468861,3.495107464225838,-0.4119475197569771,R1
2025-06-13 06:00:00,500,3.2477470037611798,3.6460185588572966,-0.3982715550961169,R1
2025-06-13 07:00:00,500,3.2215200552733703,3.5514469969807214,-0.32992694170735115,R1
2025-06-13 08:00:00,500,3.1523763224837795,3.728965414127367,-0.5765890916435876,R1
2025-06-13 09:00:00,500,3.2566375207331384,3.760252287147096,-0.5036147664139574,R1
2025-06-13 10:00:00,500,3.314524834866117,3.497489925444397,-0.1829650905782798,R1
2025-06-13 11:00:00,500,3.20030841764212,3.60750294211613,-0.40719452447401006,R1
2025-06-13 12:00:00,500,3.255784174910506,3.481090916495885,-0.2253067415853791,R1
2025-06-13 13:00:00,500,3.1623169332887637,3.671799066650368,-0.5094821333616042,R1
2025-06-13 14:00:00,500,3.2242466996149317,4.066438986002858,-0.8421922863879261,R1
2025-06-13 15:00:00,500,3.2326547525029663,3.5981212737080432,-0.36546652120507694,R1
2025-06-13 16:00:00,500,3.227717803322025,3.64206549110837,-0.414347687786345,R1
2025-06-13 17:00:00,500,3.2613973539976318,3.918466630573284,-0.6570692765756521,R1
2025-06-13 18:00:00,500,3.250458193620613,3.546205812703321,-0.2957476190827082,R1
2025-06-13 19:00:00,500,3.207682414985757,3.5008723492709923,-0.2931899342852353,R1
2025-06-13 20:00:00,500,3.146285608650102,3.529152450564108,-0.382866841914006,R1
2025-06-13 21:00:00,500,3.189510140385214,3.696282884119716,-0.5067727437345022,R1
2025-06-13 22:00:00,500,3.3602702036654284,3.655435170043518,-0.29516496637808975,R1
2025-06-13 23:00:00,500,3.229581438187447,3.5483805757166293,-0.31879913752918254,R1
2025-06-14 00:00:00,500,3.159381219150775,3.5892947941424995,-0.42991357499172445,R1
2025-06-14 01:00:00,500,3.196613320171789,3.966894649521272,-0.770281329349483,R1
2025-06-14 02:00:00,500,3.1680676849285008,3.5472381852331427,-0.37917050030464194,R1
2025-06-14 03:00:00,500,3.106056675849021,3.5912945810359425,-0.48523790518692156,R1
2025-06-14 04:00:00,500,3.1787582934195924,3.545225845177604,-0.3664675517580118,R1
2025-06-14 05:00:00,500,3.16066190519447,3.606826526542976,-0.446164621348506,R1
2025-06-14 06:00:00,500,3.2307802314252494,3.764191943549683,-0.5334117121244337,R1
2025-06-14 07:00:00,500,3.252019315285271,3.7293747087893303,-0.4773553935040593,R1
2025-06-14 08:00:00,500,3.243383734924117,3.570189932325768,-0.3268061974016514,R1
2025-06-14 09:00:00,500,3.188687780910416,3.4518561553353275,-0.26316837442491137,R1
2025-06-14 10:00:00,500,3.2919334350609923,3.578356471152185,-0.2864230360911928,R1
2025-06-14 11:00:00,500,3.2505107900353924,3.5277879844460625,-0.27727719441067,R1
2025-06-14 12:00:00,500,3.29883516476844,3.5303321659309512,-0.23149700116251104,R1
2025-06-14 13:00:00,500,3.27042515520644,3.451407256716942,-0.18098210151050198,R1
2025-06-14 14:00:00,500,3.1805478043113955,3.563625332693463,-0.38307752838206754,R1
2025-06-14 15:00:00,500,3.2635527918428213,3.38792627957666,-0.1243734877338385,R1
2025-06-14 16:00:00,500,3.2423635102034787,3.49314678554972,-0.2507832753462411,R1
2025-06-14 17:00:00,500,3.197667482670008,3.4566590412766427,-0.2589915586066347,R1
2025-06-14 18:00:00,500,3.2020262056071216,3.372766812120105,-0.17074060651298328,R1
2025-06-14 19:00:00,500,3.3805820519396708,3.389269837288444,-0.008687785348773236,R1
2025-06-14 20:00:00,500,3.07143027867008,3.4456729122569154,-0.3742426335868356,R1
2025-06-14 21:00:00,500,3.1635970536711184,3.469562205273744,-0.3059651516026256,R1
2025-06-14 22:00:00,500,3.033885026697299,3.465849691438065,-0.4319646647407658,R1
2025-06-14 23:00:00,500,3.210073386199836,3.5942488918656834,-0.38417550566584735,R1
2025-06-15 00:00:00,500,3.1113232295274837,3.4643090310702984,-0.35298580154281467,R1
2025-06-15 01:00:00,500,3.1627220139922554,3.438683612096731,-0.2759615981044754,R1
2025-06-15 02:00:00,500,3.1750175941632786,3.6080097790671086,-0.43299218490383007,R1
2025-06-15 03:00:00,500,3.21286695126219,3.38281756210217,-0.16995061083997998,R1
2025-06-15 04:00:00,500,3.3333152525243577,3.580085578528499,-0.24677032600414117,R1
2025-06-15 05:00:00,500,3.090731717716793,3.51660769922284,-0.4258759815060471,R1
2025-06-15 06:00:00,500,3.154571232759972,3.508173155128862,-0.35360192236889,R1
2025-06-15 07:00:00,500,3.158005469591685,3.5769610318153244,-0.4189555622236396,R1
2025-06-15 08:00:00,500,3.216558153427931,3.4817128709971823,-0.26515471756925146,R1
2025-06-15 09:00:00,500,3.24983599174559,3.664697994674055,-0.41486200292846487,R1
2025-06-15 10:00:00,500,3.4296957357043065,3.600099497552294,-0.17040376184798767,R1
2025-06-15 11:00:00,500,3.2240617009391763,3.718110537286512,-0.49404883634733565,R1
2025-06-15 12:00:00,500,3.2229267513837567,3.5430746280082377,-0.32014787662448096,R1
2025-06-15 13:00:00,500,3.1736177007865103,3.760570069809335,-0.5869523690228249,R1
2025-06-15 14:00:00,500,3.2079457823975184,3.5514529371180443,-0.34350715472052595,R1
2025-06-15 15:00:00,500,3.199599671456236,3.639757501410128,-0.44015782995389197,R1
2025-06-15 16:00:00,500,3.1797300315447283,3.4700250053257715,-0.2902949737810432,R1
2025-06-15 17:00:00,500,3.2643542215430226,3.5461846566102397,-0.28183043506721717,R1
2025-06-15 18:00:00,500,3.166165955779077,3.645512276359314,-0.4793463205802371,R1
2025-06-15 19:00:00,500,3.146450924214664,3.5207884354158825,-0.3743375112012184,R1
2025-06-15 20:00:00,500,3.1857596398995085,3.7120354511995255,-0.526275811300017,R1
2025-06-15 21:00:00,500,3.2391215181548474,3.587318679049992,-0.34819716089514463,R1
2025-06-15 22:00:00,500,3.217825197880776,3.643453772847676,-0.4256285749669,R1
2025-06-15 23:00:00,500,3.2496074649367945,3.5815009826481745,-0.33189351771138,R1
2025-06-16 00:00:00,500,3.1576153439226182,3.5876030665306136,-0.42998772260799534,R1
2025-06-16 01:00:00,500,3.2080705198867365,3.559187682719311,-0.35111716283257444,R1
2025-06-16 02:00:00,500,3.223482699383362,3.668033304761296,-0.444550605377934,R1
2025-06-16 03:00:00,500,3.188249590583024,3.846144820851306,-0.6578952302682817,R1
2025-06-16 04:00:00,500,3.203926484293046,3.642301251983669,-0.43837476769062267,R1
2025-06-16 05:00:00,500,3.2006371386879797,3.4850248318392185,-0.2843876931512388,R1
2025-06-16 06:00:00,500,3.2686158520212887,3.8255423087732,-0.5569264567519112,R1
2025-06-16 07:00:00,500,3.245883591485867,3.57348423341927,-0.32760064193340277,R1
2025-06-16 08:00:00,500,3.160534168527561,3.6316747068600734,-0.47114053833251246,R1
2025-06-16 09:00:00,500,3.259215324888693,3.778445396871283,-0.51923007198259,R1
2025-06-16 10:00:00,500,3.2782325375976136,3.608639384913049,-0.33040684731543557,R1
2025-06-16 11:00:00,500,3.333961298641499,3.542584234891394,-0.20862293624989503,R1
2025-06-16 12:00:00,500,3.219738346719851,3.687958483534033,-0.46822013681418184,R1
2025-06-16 13:00:00,500,3.274315610307849,3.757303800687102,-0.482988190379253,R1
2025-06-16 14:00:00,500,3.247280351258517,3.635956763855447,-0.3886764125969302,R1
2025-06-16 15:00:00,500,3.216859031735417,3.785235227246845,-0.5683761955114282,R1
2025-06-16 16:00:00,500,3.2591732871635366,3.518003247086624,-0.2588299599230872,R1
2025-06-16 17:00:00,500,3.263773996424736,3.712876629400371,-0.4491026329756349,R1
2025-06-16 18:00:00,500,3.2410908097843047,3.5694375898789006,-0.32834678009459584,R1
2025-06-16 19:00:00,500,3.237486580666786,3.6281105801129447,-0.3906239994461589,R1
2025-06-16 20:00:00,500,3.204229269252871,3.58449406667053,-0.38026479741765895,R1
2025-06-16 21:00:00,500,3.191361914702515,3.5752756868142623,-0.38391377211174715,R1
2025-06-16 22:00:00,500,3.120492387280847,3.5248728303073458,-0.4043804430264988,R1
2025-06-16 23:00:00,500,3.1548522562865275,3.696423851613901,-0.5415715953273734,R1
2025-06-17 00:00:00,500,3.203304296831565,3.54565297897814,-0.3423486821465751,R1
2025-06-17 01:00:00,500,3.2346495525951933,3.587786362588413,-0.3531368099932197,R1
2025-06-17 02:00:00,500,3.1363943344146272,3.6414629236600704,-0.5050685892454432,R1
2025-06-17 03:00:00,500,3.149448768189641,3.555406512277429,-0.4059577440877882,R1
2025-06-17 04:00:00,500,3.246731411463523,3.5491520800719405,-0.30242066860841765,R1
2025-06-17 05:00:00,500,3.203440085824861,3.8657909804317496,-0.6623508946068886,R1
2025-06-17 06:00:00,500,3.2902176067690245,3.601274062233676,-0.31105645546465155,R1
2025-06-17 07:00:00,500,3.185846694568295,3.6540438464848046,-0.46819715191650957,R1
2025-06-17 08:00:00,500,3.257016469467787,4.009245132011015,-0.7522286625432284,R1
2025-06-17 09:00:00,500,3.2245899817625285,3.6551216924399648,-0.43053171067743623,R1
2025-06-17 10:00:00,500,3.165582123052449,3.712873581173472,-0.5472914581210233,R1
2025-06-17 11:00:00,500,3.2799794783057177,3.6917353901723575,-0.41175591186663985,R1
2025-06-17 12:00:00,500,3.23668724711125,3.541145445967517,-0.3044581988562669,R1
2025-06-17 13:00:00,500,3.2060248822828474,3.651016556341641,-0.4449916740587936,R1
2025-06-17 14:00:00,500,3.296428560647516,3.5366318362981075,-0.2402032756505914,R1
2025-06-17 15:00:00,500,3.1734900696870594,3.6880716251897656,-0.5145815555027062,R1
2025-06-17 16:00:00,500,3.294228290462802,3.5723206413786484,-0.27809235091584616,R1
2025-06-17 17:00:00,500,3.097594593917388,3.5288641685910025,-0.4312695746736144,R1
2025-06-17 18:00:00,500,3.156535195705134,3.605368631840004,-0.4488334361348696,R1
2025-06-17 19:00:00,500,3.1690883915721715,3.5802073567003427,-0.41111896512817125,R1
2025-06-17 20:00:00,500,3.1853547867248926,3.4677522524757105,-0.2823974657508179,R1
2025-06-17 21:00:00,500,3.222214262820018,3.683128718360619,-0.46091445554060106,R1
2025-06-17 22:00:00,500,3.1726320545515585,3.5384369060297893,-0.36580485147823083,R1
2025-06-17 23:00:00,500,3.1423862376162237,3.659640803102496,-0.5172545654862724,R1
2025-06-18 00:00:00,500,3.14331102785043,3.5671039322181297,-0.42379290436769956,R1
2025-06-18 01:00:00,500,3.2232093649961304,3.589934028294304,-0.36672466329817377,R1
2025-06-18 02:00:00,500,3.160616210423356,3.6532043308996553,-0.4925881204762992,R1
2025-06-18 03:00:00,500,3.1562854739091617,3.715405749939912,-0.5591202760307503,R1
2025-06-18 04:00:00,500,3.1282515356216907,3.804254796800301,-0.6760032611786104,R1
2025-06-18 05:00:00,500,3.2272948943371667,3.51449943669764,-0.28720454236047344,R1
2025-06-18 06:00:00,500,3.2684093265557865,4.171977988875289,-0.9035686623195027,R1
2025-06-18 07:00:00,500,3.1618704630739183,3.642132367258135,-0.4802619041842169,R1
2025-06-18 08:00:00,500,3.238039670746437,3.8258199685069423,-0.5877802977605051,R1
2025-06-18 09:00:00,500,3.2047210354995386,3.662168799814303,-0.4574477643147645,R1
2025-06-18 10:00:00,500,3.256258281194932,3.583864531725014,-0.32760625053008186,R1
2025-06-18 11:00:00,500,3.190238916358584,3.913111542473427,-0.7228726261148428,R1
2025-06-18 12:00:00,500,3.2013654642846467,3.7245096920871994,-0.5231442278025527,R1
2025-06-18 13:00:00,500,3.212171279671588,3.630494842609968,-0.4183235629383799,R1
2025-06-18 14:00:00,500,3.205021750710479,3.661469382946665,-0.4564476322361859,R1
2025-06-18 15:00:00,500,3.2763645210548216,3.620488529214857,-0.34412400816003563,R1
2025-06-18 16:00:00,500,3.285541819427356,3.5128618167650667,-0.2273199973377107,R1
2025-06-18 17:00:00,500,3.227273772849109,3.935611208777905,-0.7083374359287959,R1
2025-06-18 18:00:00,500,3.1592237153589595,3.46964425182189,-0.31042053646293066,R1
2025-06-18 19:00:00,500,3.20527510850138,3.5393963232552896,-0.33412121475390943,R1
2025-06-18 20:00:00,500,3.103846069479672,3.988176395277058,-0.8843303257973858,R1
2025-06-18 21:00:00,500,3.272760322598395,3.867615282675954,-0.594854960077559,R1
2025-06-18 22:00:00,500,3.189174706508414,3.584501789181475,-0.39532708267306127,R1
2025-06-18 23:00:00,500,3.1067722956417816,3.418163842186733,-0.3113915465449515,R1
2025-06-19 00:00:00,500,3.2159663057967154,3.7354425855907034,-0.519476279793988,R1
2025-06-19 01:00:00,500,3.248377006235009,3.647240513666511,-0.3988635074315021,R1
2025-06-19 02:00:00,500,3.3721276989078635,3.6001365699423866,-0.22800887103452316,R1
2025-06-19 03:00:00,500,3.065690521764582,3.483141393062646,-0.417450871298064,R1
2025-06-19 04:00:00,500,3.2568975226642207,3.592962148096541,-0.3360646254323201,R1
2025-06-19 05:00:00,500,3.2523705567014343,3.601853725689925,-0.3494831689884905,R1
2025-06-19 06:00:00,500,3.124881904301245,3.98964930537118,-0.8647674010699351,R1
2025-06-19 07:00:00,500,3.2062502417774765,3.6674306367455993,-0.4611803949681228,R1
2025-06-19 08:00:00,500,3.2131594502312844,3.5518466756770533,-0.3386872254457689,R1
2025-06-19 09:00:00,500,3.21552874123552,4.424368059790086,-1.208839318554566,R1
2025-06-19 10:00:00,500,3.321771401779115,3.643593059742096,-0.3218216579629809,R1
2025-06-19 11:00:00,500,3.140955583739004,3.786336392788797,-0.6453808090497928,R1
2025-06-19 12:00:00,500,3.3342458644422424,3.494687470086132,-0.16044160564388976,R1
2025-06-19 13:00:00,500,3.22041522721048,4.072268097722398,-0.8518528705119186,R1
2025-06-19 14:00:00,500,3.159683594076496,3.506379897366803,-0.3466963032903072,R1
2025-06-19 15:00:00,500,3.226836457044115,3.6553167043644583,-0.4284802473203433,R1
2025-06-19 16:00:00,500,3.173881777552244,4.00239078633326,-0.8285090087810159,R1
2025-06-19 17:00:00,500,3.270973242911134,3.8349587972988246,-0.5639855543876906,R1
2025-06-19 18:00:00,500,3.2538763394369186,3.4965331605406944,-0.24265682110377584,R1
2025-06-19 19:00:00,500,3.121264593151264,4.001753291836004,-0.88048869868474,R1
2025-06-19 20:00:00,500,3.222491776542833,3.40795356255975,-0.18546178601691699,R1
2025-06-19 21:00:00,500,3.2105309592183207,3.677087689158257,-0.46655672993993624,R1
2025-06-19 22:00:00,500,3.164140977556704,3.5934846644802234,-0.4293436869235192,R1
2025-06-19 23:00:00,500,3.1294235791534746,3.48347378360492,-0.3540502044514455,R1
2025-06-20 00:00:00,500,3.215609410420736,3.781694332791938,-0.5660849223712021,R1
2025-06-20 01:00:00,500,3.189571441246313,3.682819897853845,-0.4932484566075317,R1
2025-06-20 02:00:00,500,3.307131757097437,3.588119720084979,-0.28098796298754225,R1
2025-06-20 03:00:00,500,3.18686629849153,3.695037395840636,-0.508171097349106,R1
2025-06-20 04:00:00,500,3.144287928151256,3.76869883992275,-0.624410911771494,R1
2025-06-20 05:00:00,500,3.197955336651586,3.461551420635916,-0.2635960839843299,R1
2025-06-20 06:00:00,500,3.201234257653121,3.6680124440935096,-0.4667781864403886,R1
2025-06-20 07:00:00,500,3.1870158057470115,3.689074851322701,-0.5020590455756895,R1
2025-06-20 08:00:00,500,3.220929246190377,3.961893418675204,-0.7409641724848273,R1
2025-06-20 09:00:00,500,3.247990591367878,3.789779138073548,-0.54178854670567,R1
2025-06-20 10:00:00,500,3.239980153465529,3.6922470066489934,-0.4522668531834646,R1
2025-06-20 11:00:00,500,3.2422554750909205,3.5987723673010934,-0.3565168922101729,R1
2025-06-20 12:00:00,500,3.2736353953631805,3.4814739146043605,-0.20783851924118002,R1
2025-06-20 13:00:00,500,3.185030245356556,3.787803761426441,-0.6027735160698846,R1
2025-06-20 14:00:00,500,3.305184687489972,3.5864461414524524,-0.28126145396248026,R1
2025-06-20 15:00:00,500,3.2617437901404696,3.455177660906372,-0.19343387076590224,R1
2025-06-20 16:00:00,500,3.256052297172024,3.7560810951567754,-0.5000287979847515,R1
2025-06-20 17:00:00,500,3.21239131226443,3.801994753591269,-0.589603441326839,R1
2025-06-20 18:00:00,500,3.1789786256409243,3.6561964575933534,-0.4772178319524292,R1
2025-06-20 19:00:00,500,3.249660071273168,3.501441956901309,-0.2517818856281413,R1
2025-06-20 20:00:00,500,3.1794898286579,3.64617991915198,-0.46669009049408006,R1
2025-06-20 21:00:00,500,3.225796465344186,3.612079166910898,-0.38628270156671185,R1
2025-06-20 22:00:00,500,3.517565416666081,3.576132210937355,-0.05856679427127398,R1
2025-06-20 23:00:00,500,3.208191093608388,3.4839870840888683,-0.2757959904804803,R1
2025-06-21 00:00:00,500,3.1284010969607827,3.585381438405689,-0.4569803414449063,R1
2025-06-21 01:00:00,500,3.2561855331722933,3.638003909236121,-0.3818183760638276,R1
2025-06-21 02:00:00,500,3.106700404010735,3.480634497938543,-0.37393409392780796,R1
2025-06-21 03:00:00,500,3.1262086536833524,3.294769419818968,-0.16856076613561566,R1
2025-06-21 04:00:00,500,3.22368893430296,3.601229152742258,-0.37754021843929797,R1
2025-06-21 05:00:00,500,3.1695593979400654,3.4661744511107524,-0.29661505317068704,R1
2025-06-21 06:00:00,500,3.2192428221523968,3.873579458741711,-0.6543366365893144,R1
2025-06-21 07:00:00,500,3.146918452797948,3.565574272982005,-0.4186558201840569,R1
2025-06-21 08:00:00,500,3.2687547402463126,3.629649446321945,-0.36089470607563223,R1
2025-06-21 09:00:00,500,3.1403781280741505,3.832162206077592,-0.6917840780034417,R1
2025-06-21 10:00:00,500,3.1980924321625506,3.7311871700770936,-0.533094737914543,R1
2025-06-21 11:00:00,500,3.16959128112153,3.5941909748519403,-0.4245996937304102,R1
2025-06-21 12:00:00,500,3.286923890777775,3.6761954585982535,-0.38927156782047856,R1
2025-06-21 13:00:00,500,3.154779932001602,3.8215058587843616,-0.6667259267827594,R1
2025-06-21 14:00:00,500,3.1776570922246545,3.5961199077258152,-0.4184628155011607,R1
2025-06-21 15:00:00,500,3.379885240998261,3.508591661114163,-0.12870642011590183,R1
2025-06-21 16:00:00,500,3.2759017053268558,3.714875741776058,-0.4389740364492023,R1
2025-06-21 17:00:00,500,3.2615378223391334,3.809746449635801,-0.5482086272966677,R1
2025-06-21 18:00:00,500,3.152803760004628,3.691766643480319,-0.538962883475691,R1
2025-06-21 19:00:00,500,3.078295342805732,3.74495996288486,-0.666664620079128,R1
2025-06-21 20:00:00,500,3.175780372934539,3.843496806760701,-0.6677164338261621,R1
2025-06-21 21:00:00,500,3.1619096573471377,3.4277880057036603,-0.2658783483565226,R1
2025-06-21 22:00:00,500,3.1329063845721348,3.3730828219870115,-0.2401764374148767,R1
2025-06-21 23:00:00,500,3.1482228286772638,3.582320657893564,-0.4340978292163,R1
2025-06-22 00:00:00,500,3.20194323426259,3.5079019306837584,-0.30595869642116824,R1
2025-06-22 01:00:00,500,3.144595900750656,3.492348660480354,-0.3477527597296981,R1
2025-06-22 02:00:00,500,3.303103075057268,3.6379750622927913,-0.33487198723552325,R1
2025-06-22 03:00:00,500,3.3693118133440847,3.487825340241778,-0.11851352689769312,R1
2025-06-22 04:00:00,500,3.161924217487129,3.646169616849923,-0.484245399362794,R1
2025-06-22 05:00:00,500,3.196647535325437,3.4549541553425533,-0.25830662001711646,R1
2025-06-22 06:00:00,500,3.239226498329771,3.590918429268461,-0.3516919309386899,R1
2025-06-22 07:00:00,500,3.1850055123082184,3.632101985947192,-0.44709647363897354,R1
2025-06-22 08:00:00,500,3.254606779440833,3.593012105079113,-0.33840532563827974,R1
2025-06-22 09:00:00,500,3.2597627253789243,3.6107372583738657,-0.3509745329949414,R1
2025-06-22 10:00:00,500,3.257506246701076,3.628111634440265,-0.37060538773918905,R1
2025-06-22 11:00:00,500,3.1647527007503915,3.4491600334773698,-0.28440733272697827,R1
2025-06-22 12:00:00,500,3.148952947534477,3.5577323913113688,-0.4087794437768917,R1
2025-06-22 13:00:00,500,3.2185571379375157,3.5317284075501343,-0.31317126961261854,R1
2025-06-22 14:00:00,500,3.133073622772077,3.675839756205231,-0.5427661334331542,R1
2025-06-22 15:00:00,500,3.2244896918285635,3.674450471956879,-0.44996078012831564,R1
2025-06-22 16:00:00,500,3.102655726917194,3.5266654204829333,-0.42400969356573937,R1
2025-06-22 17:00:00,500,3.09540572551619,3.55661066421866,-0.4612049387024699,R1
2025-06-22 18:00:00,500,3.1535196147700697,3.480699845040925,-0.3271802302708551,R1
2025-06-22 19:00:00,500,3.120579958632306,3.3483800502519325,-0.22780009161962633,R1
2025-06-22 20:00:00,500,3.1291400290349074,3.412075916118688,-0.2829358870837808,R1
2025-06-22 21:00:00,500,3.1510509838276457,4.339497784845924,-1.1884468010182783,R1
2025-06-22 22:00:00,500,3.2733712449982924,3.702196157907655,-0.42882491290936287,R1
2025-06-22 23:00:00,500,3.11882572486346,3.661493678414171,-0.5426679535507111,R1
2025-06-23 00:00:00,500,3.196026379599436,3.517442454494745,-0.32141607489530877,R1
2025-06-23 01:00:00,500,3.1313360357137854,3.597735890695656,-0.46639985498187064,R1
2025-06-23 02:00:00,500,3.3018731634348915,3.6179205856115897,-0.31604742217669823,R1
2025-06-23 03:00:00,500,3.1903967914904348,3.874247338056204,-0.6838505465657692,R1
2025-06-23 04:00:00,500,3.192351645578829,3.4778379220769904,-0.2854862764981614,R1
2025-06-23 05:00:00,500,3.207305934080504,3.614403584398947,-0.4070976503184429,R1
2025-06-23 06:00:00,500,3.1779877121692124,3.886317308146809,-0.7083295959775966,R1
2025-06-23 07:00:00,500,3.1176716880206814,3.653778166380221,-0.5361064783595397,R1
2025-06-23 08:00:00,500,3.228724853650337,3.706675072343967,-0.4779502186936302,R1
2025-06-23 09:00:00,500,3.1257381409196805,3.4883893908194934,-0.3626512498998129,R1
2025-06-23 10:00:00,500,3.2205015374851964,3.571369679187636,-0.35086814170243974,R1
2025-06-23 11:00:00,500,3.2094535198174388,3.643091227296317,-0.4336377074788782,R1
2025-06-23 12:00:00,500,3.209433376948676,3.635304732509102,-0.4258713555604259,R1
2025-06-23 13:00:00,500,3.1996630162140582,3.4836150943852786,-0.28395207817122037,R1
2025-06-23 14:00:00,500,3.254578019617442,3.642893964359742,-0.38831594474230036,R1
2025-06-23 15:00:00,500,3.2435013143606084,3.5802092593477566,-0.3367079449871482,R1
2025-06-23 16:00:00,500,3.179790630470998,3.6383625162820383,-0.45857188581104014,R1
2025-06-23 17:00:00,500,3.306467263431909,3.5764353271022404,-0.2699680636703312,R1
2025-06-23 18:00:00,500,3.1581456406984345,3.7711835553319295,-0.613037914633495,R1
2025-06-23 19:00:00,500,3.2906119576747708,3.591260714452593,-0.30064875677782243,R1
2025-06-23 20:00:00,500,3.158572907478422,3.4053616822016948,-0.24678877472327265,R1
2025-06-23 21:00:00,500,3.2295627875055564,3.5775622013397324,-0.347999413834176,R1
2025-06-23 22:00:00,500,3.231790897838561,3.9550223670566425,-0.7232314692180815,R1
2025-06-23 23:00:00,500,3.1051954826502244,3.5407531791650952,-0.43555769651487086,R1
2025-06-24 00:00:00,500,3.1299790309161675,3.5913315056194235,-0.461352474703256,R1
2025-06-24 01:00:00,500,3.332511573204913,3.6884765898536536,-0.3559650166487405,R1
2025-06-24 02:00:00,500,3.248392674375379,3.636713223873546,-0.38832054949816674,R1
2025-06-24 03:00:00,500,3.1662737258229225,3.508364413617228,-0.3420906877943053,R1
2025-06-24 04:00:00,500,3.2359423286049727,3.4902374649189998,-0.2542951363140271,R1
2025-06-24 05:00:00,500,3.2475748749171367,3.6658368946702047,-0.418262019753068,R1
2025-06-24 06:00:00,500,3.214030392497378,3.7142966365550736,-0.5002662440576957,R1
2025-06-24 07:00:00,500,3.0970689217337104,3.5674944809525453,-0.4704255592188349,R1
2025-06-24 08:00:00,500,3.2505597901157235,3.5508651030125478,-0.3003053128968243,R1
2025-06-24 09:00:00,500,3.2246418582386425,3.627903053547068,-0.4032611953084255,R1
2025-06-24 10:00:00,500,3.43592343232558,3.626784068662785,-0.19086063633720496,R1
2025-06-24 11:00:00,500,3.168180679085223,3.7320331128618704,-0.5638524337766473,R1
2025-06-24 12:00:00,500,3.2495344740676853,3.520835746585549,-0.2713012725178636,R1
2025-06-24 13:00:00,500,3.3240224258116258,3.626262463457716,-0.3022400376460901,R1
2025-06-24 14:00:00,500,3.2582553506388523,3.892233040736844,-0.6339776900979919,R1
2025-06-24 15:00:00,500,3.186181874816062,3.706257218076812,-0.5200753432607499,R1
2025-06-24 16:00:00,500,3.271699143506855,3.912178386500433,-0.6404792429935777,R1
2025-06-24 17:00:00,500,3.388577563469417,3.600148667486689,-0.21157110401727186,R1
2025-06-24 18:00:00,500,3.178408835362604,3.4670723965208903,-0.2886635611582862,R1
2025-06-24 19:00:00,500,3.1574036114455164,3.530075218709413,-0.3726716072638965,R1
2025-06-24 20:00:00,500,3.15279058797291,3.5523230512450548,-0.39953246327214487,R1
2025-06-24 21:00:00,500,3.112199988326553,3.865512458589538,-0.7533124702629852,R1
2025-06-24 22:00:00,500,3.032679363881888,3.894792298138065,-0.8621129342561771,R1
2025-06-24 23:00:00,500,3.14232210924606,3.538174396255517,-0.3958522870094572,R1
2025-06-25 00:00:00,500,3.1101444114845846,3.318953065925678,-0.2088086544410932,R1
2025-06-25 01:00:00,500,3.182564115386558,3.675628650442965,-0.4930645350564071,R1
2025-06-25 02:00:00,500,3.188218145901884,3.611669280229916,-0.4234511343280323,R1
2025-06-25 03:00:00,500,3.192238794446428,4.03888435128462,-0.8466455568381925,R1
2025-06-25 04:00:00,500,3.1977073473106907,3.9186027435476527,-0.720895396236962,R1
2025-06-25 05:00:00,500,3.142722905381501,3.560044843715915,-0.417321938334414,R1
2025-06-25 06:00:00,500,3.143238521763104,4.065170266352023,-0.9219317445889192,R1
2025-06-25 07:00:00,500,3.192638735597426,3.747928000377614,-0.5552892647801877,R1
2025-06-25 08:00:00,500,3.3342064958843074,3.7525931078804535,-0.41838661199614613,R1
2025-06-25 09:00:00,500,3.2019404384743555,3.720540242289678,-0.5185998038153223,R1
2025-06-25 10:00:00,500,3.227791546473661,3.634833229558128,-0.4070416830844672,R1
2025-06-25 11:00:00,500,3.1678125749719404,3.784985752237569,-0.6171731772656286,R1
2025-06-25 12:00:00,500,3.24521801350047,3.604597368806807,-0.3593793553063369,R1
2025-06-25 13:00:00,500,3.213560119347715,3.78551232204433,-0.5719522026966151,R1
2025-06-25 14:00:00,500,3.132649116115935,3.5722338929575472,-0.43958477684161235,R1
2025-06-25 15:00:00,500,3.2057541794522946,3.515062057459956,-0.30930787800766124,R1
2025-06-25 16:00:00,500,3.233287560420303,3.5597224969948327,-0.3264349365745298,R1
2025-06-25 17:00:00,500,3.2442529813415737,3.789705912971352,-0.5454529316297783,R1
2025-06-25 18:00:00,500,3.219356495999145,3.947680803345226,-0.7283243073460808,R1
2025-06-25 19:00:00,500,3.247744614056382,3.703085460054691,-0.4553408459983088,R1
2025-06-25 20:00:00,500,3.2147527758585164,3.613289331112504,-0.3985365552539877,R1
2025-06-25 21:00:00,500,3.23472305870103,3.498526800702934,-0.26380374200190415,R1
2025-06-25 22:00:00,500,3.1485467718499467,4.029539996978728,-0.8809932251287811,R1
2025-06-25 23:00:00,500,3.1439991937739777,3.593622165597944,-0.4496229718239664,R1
2025-06-26 00:00:00,500,3.164482203195692,3.56952286757912,-0.40504066438342834,R1
2025-06-26 01:00:00,500,3.1300535560930083,3.463740953556245,-0.33368739746323683,R1
2025-06-26 02:00:00,500,3.346976308138694,3.644474352997735,-0.29749804485904097,R1
2025-06-26 03:00:00,500,3.165990633305994,3.7500890787562273,-0.5840984454502332,R1
2025-06-26 04:00:00,500,3.1642134903391312,3.613269485240752,-0.4490559949016206,R1
2025-06-26 05:00:00,500,3.2233527513542057,3.5806486483605924,-0.35729589700638664,R1
2025-06-26 06:00:00,500,3.1591974085199253,3.745627926468587,-0.5864305179486617,R1
2025-06-26 07:00:00,500,3.176966457957217,3.4208712779135984,-0.24390481995638114,R1
2025-06-26 08:00:00,500,3.1823245429199383,3.612500113603695,-0.4301755706837569,R1
2025-06-26 09:00:00,500,3.261719113298424,3.705916613871161,-0.444197500572737,R1
2025-06-26 10:00:00,500,3.371736431084212,3.8744642450242903,-0.5027278139400781,R1
2025-06-26 11:00:00,500,3.185494241250343,3.8055545892742986,-0.6200603480239555,R1
2025-06-26 12:00:00,500,3.1339654047269105,3.872096048212849,-0.7381306434859383,R1
2025-06-26 13:00:00,500,3.2346639546614298,3.6031456400712583,-0.3684816854098285,R1
2025-06-26 14:00:00,500,3.3683212875025736,3.671344837931051,-0.3030235504284775,R1
2025-06-26 15:00:00,500,3.140462173208544,4.222620774669463,-1.082158601460919,R1
2025-06-26 16:00:00,500,3.224724266756569,3.8298560387952527,-0.6051317720386837,R1
2025-06-26 17:00:00,500,3.2387947313506915,3.9695221923681143,-0.7307274610174228,R1
2025-06-26 18:00:00,500,3.2796823991878696,3.770628874913839,-0.4909464757259694,R1
2025-06-26 19:00:00,500,3.217750250543686,3.621262319153041,-0.4035120686093552,R1
2025-06-26 20:00:00,500,3.2305718129294774,3.9017890838594265,-0.6712172709299491,R1
2025-06-26 21:00:00,500,3.2493013728142857,3.665347574054017,-0.41604620123973124,R1
2025-06-26 22:00:00,500,3.064033149849788,3.5827222413255333,-0.5186890914757454,R1
2025-06-26 23:00:00,500,3.138121370472113,4.262580561861676,-1.1244591913895632,R1
2025-06-27 00:00:00,500,3.287742274153412,3.5775240463481395,-0.28978177219472734,R1
2025-06-27 01:00:00,500,3.200748233922958,3.64552008170889,-0.4447718477859324,R1
2025-06-27 02:00:00,500,3.138349186817405,3.666548746806847,-0.5281995599894422,R1
2025-06-27 03:00:00,500,3.1578589632431733,3.6266935742747313,-0.468834611031558,R1
2025-06-27 04:00:00,500,3.172339173018478,3.524321787483582,-0.35198261446510415,R1
2025-06-27 05:00:00,500,3.125636048897446,3.6051924879426105,-0.4795564390451643,R1
2025-06-27 06:00:00,500,3.2666681095046632,3.9148718909382767,-0.6482037814336135,R1
2025-06-27 07:00:00,500,3.317780913877621,3.7878758255731326,-0.47009491169551154,R1
2025-06-27 08:00:00,500,3.318913915819462,3.81464466642619,-0.49573075060672833,R1
2025-06-27 09:00:00,500,3.214725980617197,3.757384909052279,-0.542658928435082,R1
2025-06-27 10:00:00,500,3.266514424557484,3.570789479368996,-0.30427505481151185,R1
2025-06-27 11:00:00,500,3.4249858411930143,3.790833845675874,-0.3658480044828596,R1
2025-06-27 12:00:00,500,3.3013027603803464,3.65291849620226,-0.3516157358219134,R1
2025-06-27 13:00:00,500,3.252416564298173,3.763796695989088,-0.511380131690915,R1
2025-06-27 14:00:00,500,3.2929245814774317,3.519102195837217,-0.22617761435978512,R1
2025-06-27 15:00:00,500,3.193683746470242,3.579713291700368,-0.38602954523012567,R1
2025-06-27 16:00:00,500,3.1979496923058286,3.616518710369538,-0.4185690180637094,R1
2025-06-27 17:00:00,500,3.1553623036905654,3.571329733475221,-0.4159674297846556,R1
2025-06-27 18:00:00,500,3.193150207567124,3.4838089786949795,-0.29065877112785543,R1
2025-06-27 19:00:00,500,3.1182918748585817,3.451293976944865,-0.33300210208628345,R1
2025-06-27 20:00:00,500,3.271394272401592,3.6096261632479454,-0.3382318908463535,R1
2025-06-27 21:00:00,500,3.12504049607917,3.755495861557841,-0.6304553654786709,R1
2025-06-27 22:00:00,500,3.2726824440944093,3.7129482877094726,-0.44026584361506327,R1
2025-06-27 23:00:00,500,3.205993243148192,3.42786772118847,-0.2218744780402777,R1
2025-06-28 00:00:00,500,3.1539278280589023,3.5570660393526743,-0.40313821129377203,R1
2025-06-28 01:00:00,500,3.225574653642484,3.391707368365571,-0.1661327147230871,R1
2025-06-28 02:00:00,500,3.1336773053008447,3.3915109196455515,-0.25783361434470686,R1
2025-06-28 03:00:00,500,3.1721382087299888,3.575160740001657,-0.4030225312716684,R1
2025-06-28 04:00:00,500,3.186416954565685,3.6243960187728064,-0.4379790642071213,R1
2025-06-28 05:00:00,500,3.1335261299676582,3.369320688062847,-0.23579455809518857,R1
2025-06-28 06:00:00,500,3.236989487639312,3.53790582239337,-0.3009163347540582,R1
2025-06-28 07:00:00,500,3.15183324975276,3.624522162452368,-0.47268891269960767,R1
2025-06-28 08:00:00,500,3.206989413992285,3.672877870607985,-0.4658884566157,R1
2025-06-28 09:00:00,500,3.2134626501854564,3.645215875798941,-0.4317532256134844,R1
2025-06-28 10:00:00,500,3.248364970725803,3.555200299163089,-0.3068353284372862,R1
2025-06-28 11:00:00,500,3.221404827884097,3.495481070123511,-0.27407624223941385,R1
2025-06-28 12:00:00,500,3.211692373429527,3.4609840168231325,-0.24929164339360543,R1
2025-06-28 13:00:00,500,3.1469890273720758,3.638476629782288,-0.49148760241021217,R1
2025-06-28 14:00:00,500,3.2663516396027488,3.541740147978811,-0.2753885083760621,R1
2025-06-28 15:00:00,500,3.263589212480747,3.559989410036432,-0.29640019755568536,R1
2025-06-28 16:00:00,500,3.160376786194699,3.6588935612556335,-0.4985167750609345,R1
2025-06-28 17:00:00,500,3.3001761550957607,3.534320922813455,-0.23414476771769444,R1
2025-06-28 18:00:00,500,3.2664591553477718,3.548663619563149,-0.28220446421537737,R1
2025-06-28 19:00:00,500,3.1565542551081878,3.494294976930071,-0.3377407218218833,R1
2025-06-28 20:00:00,500,3.209959504172867,3.5519113103383684,-0.34195180616550136,R1
2025-06-28 21:00:00,500,3.279952611153142,3.5702840779459777,-0.2903314667928356,R1
2025-06-28 22:00:00,500,3.147280580100308,3.596791087869852,-0.4495105077695438,R1
2025-06-28 23:00:00,500,3.171034695394276,3.364780938186115,-0.19374624279183905,R1
2025-06-29 00:00:00,500,3.1511046514539367,3.592946915340906,-0.44184226388696946,R1
2025-06-29 01:00:00,500,3.143049597452032,3.901397141312592,-0.7583475438605602,R1
2025-06-29 02:00:00,500,3.2165862919866943,3.6690295242690665,-0.45244323228237215,R1
2025-06-29 03:00:00,500,3.187296004222186,3.521313421155888,-0.334017416933702,R1
2025-06-29 04:00:00,500,3.1160890166251893,3.5179050688490325,-0.4018160522238432,R1
2025-06-29 05:00:00,500,3.1659881290137126,3.5628095316616277,-0.3968214026479151,R1
2025-06-29 06:00:00,500,3.3485439549888887,4.072737033745429,-0.72419307875654,R1
2025-06-29 07:00:00,500,3.1676410322239352,3.528884633318945,-0.36124360109500975,R1
2025-06-29 08:00:00,500,3.194427223909448,3.888473309281869,-0.6940460853724209,R1
2025-06-29 09:00:00,500,3.29697618050722,3.429841581839296,-0.1328654013320758,R1
2025-06-29 10:00:00,500,3.222344351586861,3.5504154171949085,-0.32807106560804744,R1
2025-06-29 11:00:00,500,3.278066015961801,3.503806907980269,-0.22574089201846803,R1
2025-06-29 12:00:00,500,3.308451768408628,3.6664096787465783,-0.3579579103379502,R1
2025-06-29 13:00:00,500,3.1913627397563773,3.582758565286833,-0.3913958255304557,R1
2025-06-29 14:00:00,500,3.1992235417225454,3.6074298376768064,-0.40820629595426094,R1
2025-06-29 15:00:00,500,3.069947423829409,3.463791645365195,-0.39384422153578624,R1
2025-06-29 16:00:00,500,3.2072170319127618,3.6116491030218856,-0.4044320711091238,R1
2025-06-29 17:00:00,500,3.249058372193683,3.6389332333365263,-0.3898748611428431,R1
2025-06-29 18:00:00,500,3.250677287091894,3.550099940395929,-0.29942265330403517,R1
2025-06-29 19:00:00,500,3.131922934621228,3.558355102137462,-0.42643216751623436,R1
2025-06-29 20:00:00,500,3.120661377670459,3.826470628679575,-0.7058092510091161,R1
2025-06-29 21:00:00,500,3.177505882804425,3.429288051396591,-0.25178216859216596,R1
2025-06-29 22:00:00,500,3.073942513390723,3.5111381240239905,-0.4371956106332675,R1
2025-06-29 23:00:00,500,3.0690283951964155,3.354457932741145,-0.28542953754472933,R1
2025-06-30 00:00:00,500,3.1681106216384234,3.298663796532413,-0.13055317489398943,R1
2025-06-30 01:00:00,500,3.2088885279703323,3.883721269269593,-0.6748327412992605,R1
2025-06-30 02:00:00,500,3.182043356881166,3.5639712929086507,-0.38192793602748454,R1
2025-06-30 03:00:00,500,3.278292420608946,4.16968696249951,-0.891394541890564,R1
2025-06-30 04:00:00,500,3.1962007067743072,3.506800200030049,-0.3105994932557419,R1
2025-06-30 05:00:00,500,3.130231583175326,3.826542937179136,-0.69631135400381,R1
2025-06-30 06:00:00,500,3.1346971180863883,3.6245622033149982,-0.48986508522860994,R1
2025-06-30 07:00:00,500,3.123041009826648,3.833983438903693,-0.7109424290770447,R1
2025-06-30 08:00:00,500,3.1972160388096964,4.1888050116841296,-0.9915889728744331,R1
2025-06-30 09:00:00,500,3.158538771122115,4.306465430246091,-1.1479266591239763,R1
2025-06-30 10:00:00,500,3.2055111943441656,3.443942879600606,-0.23843168525644032,R1
2025-06-30 11:00:00,500,3.163855275636797,3.746794944726018,-0.582939669089221,R1
2025-06-30 12:00:00,500,3.2572168536281603,3.54639231640042,-0.2891754627722598,R1
2025-06-30 13:00:00,500,3.149047431699343,3.8694897638522647,-0.7204423321529219,R1
2025-06-30 14:00:00,500,3.0600211871393737,3.5768188502758704,-0.5167976631364968,R1
2025-06-30 15:00:00,500,3.2026559400741714,3.6853671821129255,-0.48271124203875404,R1
2025-06-30 16:00:00,500,3.185567828905052,3.604440376684975,-0.4188725477799231,R1
2025-06-30 17:00:00,500,3.184090829187595,3.478948307424771,-0.294857478237176,R1
2025-06-30 18:00:00,500,3.2207173677971688,3.4763564255002,-0.2556390577030312,R1
2025-06-30 19:00:00,500,3.0760746441575213,3.9096055293675143,-0.833530885209993,R1
2025-06-30 20:00:00,500,3.117798593979236,3.585420301990398,-0.467621708011162,R1
2025-06-30 21:00:00,500,3.1616405876688485,3.6980971038996735,-0.536456516230825,R1
2025-06-30 22:00:00,500,3.0728048348517243,3.566009455634229,-0.49320462078250493,R1
2025-06-30 23:00:00,500,3.226842225391965,3.48325067698343,-0.2564084515914651,R1
2025-07-01 00:00:00,500,3.1320262323320422,3.4844446405966845,-0.3524184082646422,R1
2025-07-01 01:00:00,500,3.064166286247128,3.470419921652556,-0.40625363540542825,R1
2025-07-01 02:00:00,500,3.103376184745392,3.4389606547685547,-0.33558447002316294,R1
2025-07-01 03:00:00,500,3.024711194522712,3.5706661161282662,-0.5459549216055541,R1
2025-07-01 04:00:00,500,3.100439146204901,3.5459458086167395,-0.44550666241183867,R1
2025-07-01 05:00:00,500,3.16319150599903,3.6251969080701776,-0.4620054020711475,R1
2025-07-01 06:00:00,500,3.1300976578795434,3.682637326536157,-0.5525396686566135,R1
2025-07-01 07:00:00,500,3.097864634633368,3.5533741799642518,-0.4555095453308837,R1
2025-07-01 08:00:00,500,3.1277329259568405,4.26629118757054,-1.1385582616136998,R1
2025-07-01 09:00:00,500,3.020751298073351,3.5569958226320613,-0.5362445245587102,R1
2025-07-01 10:00:00,500,3.166193896344025,3.541253956917919,-0.37506006057389385,R1
2025-07-01 11:00:00,500,3.17603071525465,3.7093185124150505,-0.5332877971604004,R1
2025-07-01 12:00:00,500,3.141794750173506,3.652758170948119,-0.5109634207746132,R1
2025-07-01 13:00:00,500,3.199764601280834,3.6985685066230234,-0.4988039053421893,R1
2025-07-01 14:00:00,500,3.084449995276442,3.5965792528939504,-0.5121292576175085,R1
2025-07-01 15:00:00,500,3.163441272822942,3.648294353654121,-0.48485308083117884,R1
2025-07-01 16:00:00,500,3.1612677465170664,3.501892249883466,-0.3406245033663997,R1
2025-07-01 17:00:00,500,3.110474272849528,3.441610566521132,-0.33113629367160424,R1
2025-07-01 18:00:00,500,3.1248084790641606,3.4096333290522445,-0.2848248499880839,R1
2025-07-01 19:00:00,500,3.081704088886016,3.447264952037681,-0.3655608631516647,R1
2025-07-01 20:00:00,500,3.2346049995086554,3.5125660112186488,-0.2779610117099933,R1
2025-07-01 21:00:00,500,3.2311718460876744,3.7327058005432776,-0.5015339544556032,R1
2025-07-01 22:00:00,500,3.203648456386768,3.316024458994317,-0.11237600260754865,R1
2025-07-01 23:00:00,500,3.059284913944837,3.514069799710062,-0.4547848857652248,R1
2025-07-02 00:00:00,500,3.200242443342,3.508273364625236,-0.3080309212832364,R1
2025-07-02 01:00:00,500,3.0531484255147863,3.864546801831018,-0.8113983763162316,R1
2025-07-02 02:00:00,500,3.159841269174625,4.033601484748083,-0.8737602155734585,R1
2025-07-02 03:00:00,500,3.274562338884175,3.5442798557325887,-0.26971751684841383,R1
2025-07-02 04:00:00,500,3.102080677791069,3.549201369418429,-0.4471206916273598,R1
2025-07-02 05:00:00,500,3.134377645604338,3.517317953539888,-0.38294030793555,R1
2025-07-02 06:00:00,500,3.1205317849143133,3.5022213253399097,-0.38168954042559644,R1
2025-07-02 07:00:00,500,3.048711126309595,3.5824021148109906,-0.5336909885013954,R1
2025-07-02 08:00:00,500,3.1030321562460084,3.52550669733071,-0.4224745410847017,R1
2025-07-02 09:00:00,500,3.1614884597968347,3.5583961460409768,-0.3969076862441421,R1
2025-07-02 10:00:00,500,3.206425316119572,4.246923439556504,-1.0404981234369317,R1
2025-07-02 11:00:00,500,3.113775011479081,3.4577639332298897,-0.34398892175080853,R1
2025-07-02 12:00:00,500,3.1419831098517754,3.783280985084914,-0.6412978752331386,R1
2025-07-02 13:00:00,500,3.2075703043221195,3.585883747582183,-0.37831344326006366,R1
2025-07-02 14:00:00,500,3.1189803581391105,3.5844928761531345,-0.46551251801402405,R1
2025-07-02 15:00:00,500,3.126887901868632,3.5954262509665558,-0.4685383490979236,R1
2025-07-02 16:00:00,500,3.303123647812649,4.101837056008988,-0.7987134081963392,R1
2025-07-02 17:00:00,500,3.2029149182010914,3.536339747664192,-0.33342482946310037,R1
2025-07-02 18:00:00,500,3.1852329159377257,3.5105938067946765,-0.32536089085695075,R1
2025-07-02 19:00:00,500,3.1317363246070617,3.3861836599078776,-0.25444733530081587,R1
2025-07-02 20:00:00,500,3.097542634397756,3.398662088121017,-0.3011194537232611,R1
2025-07-02 21:00:00,500,3.180712167060695,4.26143997278225,-1.0807278057215548,R1
2025-07-02 22:00:00,500,3.136682374837438,3.433694463812187,-0.29701208897474896,R1
2025-07-02 23:00:00,500,3.220162278143537,3.7379651773825096,-0.5178028992389727,R1
2025-07-03 00:00:00,500,3.0472189284817466,3.4286836166620134,-0.3814646881802668,R1
2025-07-03 01:00:00,500,3.1954918750570336,4.236202880550038,-1.0407110054930042,R1
2025-07-03 02:00:00,500,3.1187630553746377,3.424767556427132,-0.3060045010524943,R1
2025-07-03 03:00:00,500,3.054826008071587,4.036178965772312,-0.9813529577007252,R1
2025-07-03 04:00:00,500,3.2886782321653745,3.5743471084912315,-0.285668876325857,R1
2025-07-03 05:00:00,500,3.1148631355740948,3.583282699802321,-0.4684195642282263,R1
2025-07-03 06:00:00,500,3.133030917689353,3.594143066928492,-0.4611121492391388,R1
2025-07-03 07:00:00,500,3.164524841559021,3.585082135563655,-0.42055729400463404,R1
2025-07-03 08:00:00,500,3.113439566321996,3.37417731286357,-0.2607377465415741,R1
2025-07-03 09:00:00,500,3.2305731761844427,3.548686502865852,-0.31811332668140935,R1
2025-07-03 10:00:00,500,3.1813130273897725,3.446115246952566,-0.2648022195627937,R1
2025-07-03 11:00:00,500,3.2479313168877337,3.804732182756652,-0.5568008658689183,R1
2025-07-03 12:00:00,500,3.2000427024443296,3.7202858936405687,-0.5202431911962391,R1
2025-07-03 13:00:00,500,3.3436125210177914,3.601366508615913,-0.2577539875981216,R1
2025-07-03 14:00:00,500,3.172048888128798,3.5205679400938354,-0.34851905196503763,R1
2025-07-03 15:00:00,500,3.29407988311787,3.600789708087427,-0.30670982496955723,R1
2025-07-03 16:00:00,500,3.1220156552850304,4.329953677988359,-1.207938022703329,R1
2025-07-03 17:00:00,500,3.170635986694072,3.682253585343165,-0.5116175986490927,R1
2025-07-03 18:00:00,500,3.143376461036287,3.661254595056165,-0.5178781340198779,R1
2025-07-03 19:00:00,500,3.0993233866004597,3.688296132777421,-0.5889727461769612,R1
2025-07-03 20:00:00,500,3.235267008545516,3.5259105036058225,-0.2906434950603063,R1
2025-07-03 21:00:00,500,3.075852899484836,3.518341527097665,-0.4424886276128288,R1
2025-07-03 22:00:00,500,3.114232918995965,3.640085998055042,-0.5258530790590772,R1
2025-07-03 23:00:00,500,3.128800046572711,3.547023807435326,-0.4182237608626149,R1
2025-07-04 00:00:00,500,3.1507952955661804,3.4715027844306414,-0.320707488864461,R1
2025-07-04 01:00:00,500,3.177124746871581,3.5040357374487585,-0.32691099057717743,R1
2025-07-04 02:00:00,500,3.100075839331175,3.511603822187076,-0.41152798285590064,R1
2025-07-04 03:00:00,500,3.222899133190828,4.208134633319965,-0.9852355001291366,R1
2025-07-04 04:00:00,500,3.194734388223007,4.107089280793118,-0.9123548925701108,R1
2025-07-04 05:00:00,500,3.3572116900502267,3.725262238768406,-0.3680505487181791,R1
2025-07-04 06:00:00,500,3.226976982528245,3.678004970024641,-0.45102798749639605,R1
2025-07-04 07:00:00,500,3.1923588327042847,3.557580268380244,-0.3652214356759593,R1
2025-07-04 08:00:00,500,3.131670567615753,3.7298666771308415,-0.5981961095150887,R1
2025-07-04 09:00:00,500,3.169673003809921,3.5622814934491567,-0.3926084896392359,R1
2025-07-04 10:00:00,500,3.1028537972192067,3.596907554262277,-0.4940537570430701,R1
2025-07-04 11:00:00,500,3.2061998377011705,3.5768963306106154,-0.37069649290944495,R1
2025-07-04 12:00:00,500,3.2131522661381373,3.5468739162851906,-0.33372165014705324,R1
2025-07-04 13:00:00,500,3.205956726204812,3.5700734252321262,-0.36411669902731436,R1
2025-07-04 14:00:00,500,3.2650270677350544,3.67003765623611,-0.40501058850105576,R1
2025-07-04 15:00:00,500,3.2555097862738043,3.6942257787695914,-0.4387159924957871,R1
2025-07-04 16:00:00,500,3.292446583836275,3.6904429893448425,-0.39799640550856763,R1
2025-07-04 17:00:00,500,3.193701077363733,3.507982121619312,-0.314281044255579,R1
2025-07-04 18:00:00,500,3.1021161902592,3.587871061496805,-0.48575487123760475,R1
2025-07-04 19:00:00,500,3.215892572881874,3.9588967892349127,-0.7430042163530386,R1
2025-07-04 20:00:00,500,3.0736959897246243,3.45343778353121,-0.37974179380658546,R1
2025-07-04 21:00:00,500,3.1516984182173235,3.4487827733005463,-0.29708435508322273,R1
2025-07-04 22:00:00,500,3.125510048414064,3.435582939353194,-0.31007289093912993,R1
2025-07-04 23:00:00,500,3.140252692068988,3.4852882087038086,-0.34503551663482046,R1
2025-07-05 00:00:00,500,3.228203628728316,3.690834883646987,-0.4626312549186711,R1
2025-07-05 01:00:00,500,3.161267327533637,3.645680629128096,-0.4844133015944587,R1
2025-07-05 02:00:00,500,3.1990937078089154,3.5179948542558805,-0.3189011464469651,R1
2025-07-05 03:00:00,500,3.1216089951832102,3.4950751079156746,-0.37346611273246433,R1
2025-07-05 04:00:00,500,3.2683893462139184,3.690795395944401,-0.42240604973048246,R1
2025-07-05 05:00:00,500,3.315890631236702,3.505264248514042,-0.18937361727734014,R1
2025-07-05 06:00:00,500,3.19805261645488,3.5099852842299244,-0.31193266777504425,R1
2025-07-05 07:00:00,500,3.163950275632079,3.3898968206641,-0.22594654503202083,R1
2025-07-05 08:00:00,500,3.2017652176637315,3.567894552004525,-0.36612933434079364,R1
2025-07-05 09:00:00,500,3.264075027469894,3.519026791720074,-0.2549517642501802,R1
2025-07-05 10:00:00,500,3.1839725144507085,3.522464210433304,-0.33849169598259543,R1
2025-07-05 11:00:00,500,3.193393008838961,3.5171779387055744,-0.32378492986661334,R1
2025-07-05 12:00:00,500,3.270517019266477,3.633096747957499,-0.36257972869102195,R1
2025-07-05 13:00:00,500,3.219819436329092,3.853981881764101,-0.6341624454350088,R1
2025-07-05 14:00:00,500,3.1597264984006688,3.631780962435902,-0.4720544640352333,R1
2025-07-05 15:00:00,500,3.222005412024393,3.689690802068158,-0.46768539004376475,R1
2025-07-05 16:00:00,500,3.1991102351544987,3.587209994711983,-0.38809975955748444,R1
2025-07-05 17:00:00,500,3.279328260372949,4.165304661986054,-0.8859764016131053,R1
2025-07-05 18:00:00,500,3.1030111707532804,3.563347511588216,-0.4603363408349357,R1
2025-07-05 19:00:00,500,3.204324489417953,3.6205580412417246,-0.41623355182377164,R1
2025-07-05 20:00:00,500,3.3363453102414407,3.9252492130452543,-0.5889039028038137,R1
2025-07-05 21:00:00,500,3.1854055863395887,3.520364682744661,-0.3349590964050724,R1
2025-07-05 22:00:00,500,3.2275252201855977,3.936591140862075,-0.7090659206764771,R1
2025-07-05 23:00:00,500,3.0709752832850525,3.568523177582959,-0.49754789429790636,R1
2025-07-06 00:00:00,500,3.227770237968952,3.677576961124334,-0.44980672315538195,R1
2025-07-06 01:00:00,500,3.157035048971978,3.516501219385354,-0.35946617041337614,R1
2025-07-06 02:00:00,500,3.235015087819963,3.668793022093888,-0.43377793427392497,R1
2025-07-06 03:00:00,500,3.237538135926507,3.46766952151245,-0.23013138558594282,R1
2025-07-06 04:00:00,500,3.103651505990113,3.535105991714876,-0.4314544857247631,R1
2025-07-06 05:00:00,500,3.132918529384474,3.525013824359341,-0.39209529497486706,R1
2025-07-06 06:00:00,500,3.103250750116831,3.511791130972695,-0.4085403808558641,R1
2025-07-06 07:00:00,500,3.305062856459852,3.5283538817235938,-0.2232910252637419,R1
2025-07-06 08:00:00,500,3.2291971001432285,3.724176933449653,-0.4949798333064246,R1
2025-07-06 09:00:00,500,3.202703140989279,3.5126258086657653,-0.30992266767648635,R1
2025-07-06 10:00:00,500,3.202945379972999,3.6401028543906015,-0.43715747441760255,R1
2025-07-06 11:00:00,500,3.234864574889785,3.691566999232821,-0.45670242434303576,R1
2025-07-06 12:00:00,500,3.208101889965429,3.495972315080481,-0.2878704251150519,R1
2025-07-06 13:00:00,500,3.319367005658708,3.47109391096279,-0.15172690530408195,R1
2025-07-06 14:00:00,500,3.1829522823587646,3.714089289602033,-0.5311370072432684,R1
2025-07-06 15:00:00,500,3.193704200381597,3.5780267502842062,-0.3843225499026093,R1
2025-07-06 16:00:00,500,3.212731553950236,3.615545814469496,-0.4028142605192597,R1
2025-07-06 17:00:00,500,3.226805045246926,3.583800472704607,-0.3569954274576812,R1
2025-07-06 18:00:00,500,3.2511914411356475,3.834170569003515,-0.5829791278678673,R1
2025-07-06 19:00:00,500,3.1166254242129803,3.547888160185006,-0.4312627359720258,R1
2025-07-06 20:00:00,500,3.135801087601163,3.52845743566586,-0.39265634806469674,R1
2025-07-06 21:00:00,500,3.2067855360100146,3.4524541294214024,-0.2456685934113878,R1
2025-07-06 22:00:00,500,3.1348249781975026,3.629610827821881,-0.4947858496243782,R1
2025-07-06 23:00:00,500,3.107431336533325,3.835834601140488,-0.728403264607163,R1
2025-07-07 00:00:00,500,3.098385822505348,3.611470263597935,-0.513084441092587,R1
2025-07-07 01:00:00,500,3.190479826154132,3.611705214684092,-0.42122538852995994,R1
2025-07-07 02:00:00,500,3.149632313115615,3.5920064991362373,-0.44237418602062206,R1
2025-07-07 03:00:00,500,3.04031577634724,3.4588865970636964,-0.41857082071645646,R1
2025-07-07 04:00:00,500,3.314959581604344,3.664882519322525,-0.34992293771818117,R1
2025-07-07 05:00:00,500,3.1420703259060576,3.658130314309608,-0.5160599884035504,R1
2025-07-07 06:00:00,500,3.246026508621412,3.5850892350929597,-0.33906272647154756,R1
2025-07-07 07:00:00,500,3.191161550488806,3.5780810200541584,-0.3869194695653526,R1
2025-07-07 08:00:00,500,3.264693645695645,3.606134862406717,-0.3414412167110723,R1
2025-07-07 09:00:00,500,3.198000955454865,3.5734598161067046,-0.37545886065183964,R1
2025-07-07 10:00:00,500,3.2221661122596634,3.4346675645711118,-0.21250145231144835,R1
2025-07-07 11:00:00,500,3.1286817384247905,4.030895159946597,-0.902213421521807,R1
2025-07-07 12:00:00,500,3.1908436581025343,3.4260073394740056,-0.23516368137147126,R1
2025-07-07 13:00:00,500,3.117416390306921,3.539427499945327,-0.4220111096384058,R1
2025-07-07 14:00:00,500,3.2408667052163627,3.518068024172554,-0.2772013189561915,R1
2025-07-07 15:00:00,500,3.1628662129789427,4.0482012625873045,-0.8853350496083618,R1
2025-07-07 16:00:00,500,3.211988042241983,3.711394326422226,-0.4994062841802429,R1
2025-07-07 17:00:00,500,3.29914517804477,3.6426565229068473,-0.34351134486207746,R1
2025-07-07 18:00:00,500,3.072055672654247,3.5428513798821326,-0.47079570722788544,R1
2025-07-07 19:00:00,500,3.208062691458399,3.585559232440976,-0.37749654098257723,R1
2025-07-07 20:00:00,500,3.280178423898158,3.689523600448708,-0.4093451765505498,R1
2025-07-07 21:00:00,500,3.2340229381482315,3.5906621427910914,-0.3566392046428599,R1
2025-07-07 22:00:00,500,3.160615085500285,3.4950205959560416,-0.3344055104557566,R1
2025-07-07 23:00:00,500,3.240828079917581,3.70057964221363,-0.4597515622960491,R1
2025-07-08 00:00:00,500,3.1602937241579974,3.633061270730126,-0.4727675465721286,R1
2025-07-08 01:00:00,500,3.331169219048611,3.642397776996714,-0.3112285579481031,R1
2025-07-08 02:00:00,500,3.1520721956946693,3.5886403770513744,-0.43656818135670505,R1
2025-07-08 03:00:00,500,3.280782317155817,3.530775491458563,-0.24999317430274592,R1
2025-07-08 04:00:00,500,3.2090229775061827,3.646841069514493,-0.43781809200831034,R1
2025-07-08 05:00:00,500,3.2637739114787854,3.6489498458610856,-0.38517593438230024,R1
2025-07-08 06:00:00,500,3.1582647846570158,3.575121147709935,-0.4168563630529194,R1
2025-07-08 07:00:00,500,3.0704811487517456,3.6013560937355686,-0.530874944983823,R1
2025-07-08 08:00:00,500,3.2251719434815254,3.517246796038491,-0.29207485255696586,R1
2025-07-08 09:00:00,500,3.1185549196081315,3.6784064300591113,-0.5598515104509798,R1
2025-07-08 10:00:00,500,3.2641511375615724,3.511655808474451,-0.24750467091287875,R1
2025-07-08 11:00:00,500,3.1895764659123915,3.540283965089842,-0.35070749917745037,R1
2025-07-08 12:00:00,500,3.347815054231847,3.665005087592986,-0.3171900333611388,R1
2025-07-08 13:00:00,500,3.241340462672728,3.575956618717827,-0.3346161560450991,R1
2025-07-08 14:00:00,500,3.237116226081699,3.4453591986908494,-0.20824297260915037,R1
2025-07-08 15:00:00,500,3.079253889967304,3.5034433781783942,-0.42418948821109037,R1
2025-07-08 16:00:00,500,3.094910298961165,3.48092377537596,-0.3860134764147949,R1
2025-07-08 17:00:00,500,2.9905952344751467,3.527198510995328,-0.5366032765201814,R1
2025-07-08 18:00:00,500,2.928583868170552,3.572092423080974,-0.6435085549104218,R1
2025-07-08 19:00:00,500,3.098348681215248,3.4814631149224318,-0.3831144337071839,R1
2025-07-08 20:00:00,500,2.9727196529875406,3.6006795878524738,-0.6279599348649332,R1
2025-07-08 21:00:00,500,3.074243567337234,3.5362577532248,-0.4620141858875657,R1
2025-07-08 22:00:00,500,3.089248446373733,3.523537064889739,-0.434288618516006,R1
2025-07-08 23:00:00,500,3.0696229534609087,3.671872277719155,-0.6022493242582461,R1
2025-07-09 00:00:00,500,3.2322474964686125,3.5765099077739224,-0.3442624113053099,R1
2025-07-09 01:00:00,500,3.0732622404967413,3.704781903089524,-0.6315196625927828,R1
2025-07-09 02:00:00,500,3.1026156969088694,3.623062587481375,-0.5204468905725057,R1
2025-07-09 03:00:00,500,3.0483013216397152,3.41151847055839,-0.36321714891867485,R1
2025-07-09 04:00:00,500,3.2729974492085447,3.713666203783175,-0.4406687545746304,R1
2025-07-09 05:00:00,500,3.122789790042294,3.744189256791512,-0.6213994667492182,R1
2025-07-09 06:00:00,500,3.111913497413545,3.423685113010791,-0.31177161559724587,R1
2025-07-09 07:00:00,500,3.114480354549023,3.541738622583841,-0.42725826803481803,R1
2025-07-09 08:00:00,500,3.2091392696290124,3.56950871526754,-0.3603694456385278,R1
2025-07-09 09:00:00,500,3.2610094204761646,3.540724468829032,-0.2797150483528674,R1
2025-07-09 10:00:00,500,3.063570858807087,3.5593488983070456,-0.49577803949995847,R1
2025-07-09 11:00:00,500,3.13790652874543,3.3363599862451263,-0.19845345749969612,R1
2025-07-09 12:00:00,500,3.1760492368035447,3.3963264540543165,-0.22027721725077187,R1
2025-07-09 13:00:00,500,3.1614369383395213,3.5823046229789584,-0.420867684639437,R1
2025-07-09 14:00:00,500,3.1309154868924334,3.612265107650992,-0.4813496207585586,R1
2025-07-09 15:00:00,500,3.175158118146379,3.4663450453351743,-0.29118692718879524,R1
2025-07-09 16:00:00,500,3.192501741901654,3.615398799287583,-0.4228970573859292,R1
2025-07-09 17:00:00,500,3.148727386214164,3.5706070245677246,-0.4218796383535608,R1
2025-07-09 18:00:00,500,3.11868898784733,3.487488760939088,-0.36879977309175827,R1
2025-07-09 19:00:00,500,3.034617168219759,3.453635678392372,-0.41901851017261293,R1
2025-07-09 20:00:00,500,3.0026311084934925,3.5150112871354176,-0.5123801786419251,R1
2025-07-09 21:00:00,500,3.127005916397156,3.630726626745093,-0.5037207103479369,R1
2025-07-09 22:00:00,500,3.004689583590094,3.626866656513439,-0.6221770729233449,R1
2025-07-09 23:00:00,500,3.172326114474481,3.502082989817663,-0.3297568753431821,R1
2025-07-10 00:00:00,500,2.983165258298621,3.404699319071048,-0.4215340607724274,R1
2025-07-10 01:00:00,500,2.9795143088368152,3.439577208149755,-0.46006289931293987,R1
2025-07-10 02:00:00,500,3.0777943506778493,3.682460594389545,-0.6046662437116956,R1
2025-07-10 03:00:00,500,3.0584195977661266,3.368228167651453,-0.30980856988532635,R1
2025-07-10 04:00:00,500,3.151076248571308,3.5901637755875417,-0.43908752701623355,R1
2025-07-10 05:00:00,500,3.190883625430415,3.384101252289436,-0.19321762685902089,R1
2025-07-10 06:00:00,500,3.001772252961021,3.304903477120555,-0.3031312241595341,R1
2025-07-10 07:00:00,500,3.0892891659244275,3.583791338228317,-0.4945021723038896,R1
2025-07-10 08:00:00,500,2.963670871119473,3.393893566521876,-0.4302226954024029,R1
2025-07-10 09:00:00,500,3.1076288858197185,3.4670591063184792,-0.3594302204987607,R1
2025-07-10 10:00:00,500,3.1244597945711847,3.3163109090136467,-0.19185111444246195,R1
2025-07-10 11:00:00,500,3.092531680965668,3.384546040410884,-0.2920143594452158,R1
2025-07-10 12:00:00,500,3.069693863688693,3.416300364180537,-0.34660650049184394,R1
2025-07-10 13:00:00,500,3.1716038934627897,3.4335030731675453,-0.2618991797047556,R1
2025-07-10 14:00:00,500,3.1335649566548027,3.61938528648428,-0.4858203298294774,R1
2025-07-10 15:00:00,500,3.123701063129728,3.486140858014025,-0.3624397948842968,R1
2025-07-10 16:00:00,500,3.091454891824544,3.912492268732859,-0.8210373769083148,R1
2025-07-10 17:00:00,500,3.153400445229168,3.4493083883602207,-0.2959079431310525,R1
2025-07-10 18:00:00,500,3.075014669543481,3.632757963778873,-0.5577432942353919,R1
2025-07-10 19:00:00,500,3.1269257544114573,3.588295690183221,-0.46136993577176355,R1
2025-07-10 20:00:00,500,3.129538290538633,4.11354794442899,-0.9840096538903569,R1
2025-07-10 21:00:00,500,3.037447288964904,3.474095216488396,-0.436647927523492,R1
2025-07-10 22:00:00,500,3.0663082732453466,3.4615802216021265,-0.3952719483567799,R1
2025-07-10 23:00:00,500,3.130752626472982,3.7013885278934366,-0.5706359014204545,R1
2025-07-11 00:00:00,500,3.1457527894927315,3.488393573375217,-0.3426407838824854,R1
2025-07-11 01:00:00,500,3.2152706494941894,3.548391378240193,-0.3331207287460036,R1
2025-07-11 02:00:00,500,3.215640266240245,3.819436535227256,-0.6037962689870109,R1
2025-07-11 03:00:00,500,3.2010112023617383,3.52636666661326,-0.32535546425152173,R1
2025-07-11 04:00:00,500,3.157489747784226,3.755624780914165,-0.5981350331299389,R1
2025-07-11 05:00:00,500,3.205586113227425,3.7101293164465368,-0.5045432032191117,R1
2025-07-11 06:00:00,500,3.3550315068579515,3.910772239300797,-0.5557407324428456,R1
2025-07-11 07:00:00,500,3.142272791483461,3.5077223631627,-0.36544957167923897,R1
2025-07-11 08:00:00,500,3.230494637363072,3.683527472115624,-0.4530328347525523,R1
2025-07-11 09:00:00,500,3.3147839463988777,3.771133532878917,-0.4563495864800391,R1
2025-07-11 10:00:00,500,3.148732145912384,3.5699453424671708,-0.42121319655478695,R1
2025-07-11 11:00:00,500,3.175893320728049,3.520256519747772,-0.34436319901972334,R1
2025-07-11 12:00:00,500,3.144225436098872,3.494755896429872,-0.350530460331,R1
2025-07-11 13:00:00,500,3.2226353314286724,3.597078727967467,-0.37444339653879455,R1
2025-07-11 14:00:00,500,3.239176969719324,3.522646360683974,-0.2834693909646502,R1
2025-07-11 15:00:00,500,3.2210665850461564,3.867706464838741,-0.6466398797925845,R1
2025-07-11 16:00:00,500,3.209902280253309,3.496283730116784,-0.2863814498634749,R1
2025-07-11 17:00:00,500,3.2104463877214915,3.638879605696388,-0.4284332179748964,R1
2025-07-11 18:00:00,500,3.2550749938104,3.587689374632654,-0.3326143808222537,R1
2025-07-11 19:00:00,500,3.205944881194421,3.5822382068768786,-0.37629332568245744,R1
2025-07-11 20:00:00,500,3.204680958548272,3.5444942489709947,-0.3398132904227227,R1
2025-07-11 21:00:00,500,3.1669353049926814,3.912643652739892,-0.7457083477472106,R1
2025-07-11 22:00:00,500,3.22337160657461,3.376714771782479,-0.15334316520786917,R1
2025-07-11 23:00:00,500,3.203814582491398,3.61640214062835,-0.412587558136952,R1
2025-07-12 00:00:00,500,3.1019350493420257,3.5151260696571853,-0.41319102031515964,R1
2025-07-12 01:00:00,500,3.118171967470388,3.5453169275312155,-0.42714496006082747,R1
2025-07-12 02:00:00,500,3.231963974485003,3.3439105739908737,-0.11194659950587083,R1
2025-07-12 03:00:00,500,3.140372135768074,3.3802028238846304,-0.2398306881165566,R1
2025-07-12 04:00:00,500,3.1158497691250067,3.468993516535537,-0.3531437474105301,R1
2025-07-12 05:00:00,500,3.25488204988808,3.477150549308265,-0.2222684994201849,R1
2025-07-12 06:00:00,500,3.271797828613574,3.694332314792064,-0.4225344861784901,R1
2025-07-12 07:00:00,500,3.1786076401365926,3.6007472102224662,-0.42213957008587366,R1
2025-07-12 08:00:00,500,3.2489098679156725,3.5734031504257766,-0.3244932825101041,R1
2025-07-12 09:00:00,500,3.1939967820457777,3.679653064448968,-0.48565628240319025,R1
2025-07-12 10:00:00,500,3.2054769492167154,3.5372962944239865,-0.3318193452072711,R1
2025-07-12 11:00:00,500,3.277339007253408,3.66495548486452,-0.38761647761111195,R1
2025-07-12 12:00:00,500,3.2603873541270514,3.800619207508812,-0.5402318533817607,R1
2025-07-12 13:00:00,500,3.248589465131891,3.625811042338052,-0.3772215772061607,R1
2025-07-12 14:00:00,500,3.234738561740418,3.721776829150365,-0.48703826740994716,R1
2025-07-12 15:00:00,500,3.1902949795764117,3.640252523086416,-0.44995754351000405,R1
2025-07-12 16:00:00,500,3.17023930916442,3.515200814423859,-0.34496150525943925,R1
2025-07-12 17:00:00,500,3.180536418197689,3.4888130409766025,-0.30827662277891354,R1
2025-07-12 18:00:00,500,3.246721496357567,3.564441423802092,-0.31771992744452504,R1
2025-07-12 19:00:00,500,3.1358570665570933,3.939260976773909,-0.8034039102168156,R1
2025-07-12 20:00:00,500,3.1859092707012686,3.540504459100626,-0.3545951883993572,R1
2025-07-12 21:00:00,500,3.101601791314609,3.630605901245414,-0.5290041099308049,R1
2025-07-12 22:00:00,500,3.1481609900273546,3.368986040083114,-0.2208250500557596,R1
2025-07-12 23:00:00,500,3.081145582349238,3.583629273692228,-0.5024836913429902,R1
2025-07-13 00:00:00,500,3.249433294621164,3.872219565535736,-0.6227862709145717,R1
2025-07-13 01:00:00,500,3.339618797678788,3.5214437010310804,-0.1818249033522923,R1
2025-07-13 02:00:00,500,3.235579665597482,3.5423664622138764,-0.3067867966163944,R1
2025-07-13 03:00:00,500,3.192752826211942,3.561725547883805,-0.368972721671863,R1
2025-07-13 04:00:00,500,3.1775004174030457,3.431334387835527,-0.25383397043248124,R1
2025-07-13 05:00:00,500,3.261162654042786,3.415655295779988,-0.15449264173720234,R1
2025-07-13 06:00:00,500,3.255164189006296,3.600747681767225,-0.3455834927609289,R1
2025-07-13 07:00:00,500,3.1759555657402347,3.671039849801148,-0.4950842840609133,R1
2025-07-13 08:00:00,500,3.255121020539791,3.577507059738894,-0.3223860391991029,R1
2025-07-13 09:00:00,500,3.336364076928912,3.546799636217296,-0.21043555928838442,R1
2025-07-13 10:00:00,500,3.2244453201691665,3.92360392118614,-0.6991586010169737,R1
2025-07-13 11:00:00,500,3.279438218178043,4.1642990480799815,-0.8848608299019385,R1
2025-07-13 12:00:00,500,3.218436021259284,3.6047975182673686,-0.3863614970080844,R1
2025-07-13 13:00:00,500,3.262858118019546,3.637941497774049,-0.375083379754503,R1
2025-07-13 14:00:00,500,3.1542060326059174,3.402787441126364,-0.24858140852044652,R1
2025-07-13 15:00:00,500,3.1914117429944264,3.736995085011988,-0.5455833420175615,R1
2025-07-13 16:00:00,500,3.2112573038606325,3.618357436678481,-0.4071001328178485,R1
2025-07-13 17:00:00,500,3.141058273754012,3.5902462104604838,-0.4491879367064717,R1
2025-07-13 18:00:00,500,3.268760319880202,3.52017737403768,-0.2514170541574776,R1
2025-07-13 19:00:00,500,3.227720128605708,3.6015501569762085,-0.3738300283705005,R1
2025-07-13 20:00:00,500,3.17398395072881,3.523218400844147,-0.34923445011533705,R1
2025-07-13 21:00:00,500,3.1744024034978584,3.692508229806153,-0.5181058263082945,R1
2025-07-13 22:00:00,500,3.1674091913291,3.502750113382243,-0.33534092205314314,R1
2025-07-13 23:00:00,500,3.104394362594863,3.5413462838608774,-0.43695192126601423,R1
2025-07-14 00:00:00,500,3.1447030587926603,3.583038852554861,-0.4383357937622008,R1
2025-07-14 01:00:00,500,3.135739081847256,3.43235262474542,-0.296613542898164,R1
2025-07-14 02:00:00,500,3.1174110390894723,3.618630349730037,-0.5012193106405647,R1
2025-07-14 03:00:00,500,3.2121742964622726,3.764288588497603,-0.5521142920353306,R1
2025-07-14 04:00:00,500,3.320848531405963,3.655815247622717,-0.334966716216754,R1
2025-07-14 05:00:00,500,3.337160678360703,3.6277531914778782,-0.29059251311717516,R1
2025-07-14 06:00:00,500,3.1995045984456616,3.6231956385881783,-0.4236910401425167,R1
2025-07-14 07:00:00,500,3.159292436466307,3.63462838825305,-0.47533595178674304,R1
2025-07-14 08:00:00,500,3.188913560085855,3.460903239698132,-0.27198967961227716,R1
2025-07-14 09:00:00,500,3.162887105982556,3.680368333289605,-0.5174812273070488,R1
2025-07-14 10:00:00,500,3.1737442296251395,3.5050216909702496,-0.33127746134511016,R1
2025-07-14 11:00:00,500,3.291261686117301,3.5562457047938336,-0.26498401867653243,R1
2025-07-14 12:00:00,500,3.1050841480810587,3.4879682316513154,-0.3828840835702567,R1
2025-07-14 13:00:00,500,3.3273198770365955,3.696210364399692,-0.3688904873630965,R1
2025-07-14 14:00:00,500,3.229341444266457,3.6525117668819513,-0.42317032261549414,R1
2025-07-14 15:00:00,500,3.284032679362688,3.66707621463564,-0.383043535272952,R1
2025-07-14 16:00:00,500,3.1899426976903613,4.255541521024151,-1.0655988233337896,R1
2025-07-14 17:00:00,500,3.237519413850839,3.4459358065027192,-0.20841639265188006,R1
2025-07-14 18:00:00,500,3.1722476680479774,3.511350230052132,-0.3391025620041548,R1
2025-07-14 19:00:00,500,3.165768391036719,3.628747250763558,-0.46297885972683916,R1
2025-07-14 20:00:00,500,3.2179253723857526,3.5866262196800367,-0.3687008472942841,R1
2025-07-14 21:00:00,500,3.2277907623621744,3.698630471418382,-0.47083970905620776,R1
2025-07-14 22:00:00,500,3.139309517075216,3.480791902993693,-0.34148238591847724,R1
2025-07-14 23:00:00,500,3.2642452325396016,3.6083996524842217,-0.34415441994462004,R1
2025-07-15 00:00:00,500,3.271433713646432,4.207913803295861,-0.9364800896494292,R1
2025-07-15 01:00:00,500,3.27681563331559,3.717266842147584,-0.4404512088319943,R1
2025-07-15 02:00:00,500,3.1840182447066656,3.657922954091549,-0.4739047093848834,R1
2025-07-15 03:00:00,500,3.3481842121636007,3.540602667570333,-0.1924184554067323,R1
2025-07-15 04:00:00,500,3.16931692874312,3.8300564859344695,-0.6607395571913495,R1
2025-07-15 05:00:00,500,3.3017798003826964,3.809023503260893,-0.5072437028781964,R1
2025-07-15 06:00:00,500,3.324915370271082,3.61383779147702,-0.28892242120593803,R1
2025-07-15 07:00:00,500,3.301543756981735,3.828609709355232,-0.5270659523734968,R1
2025-07-15 08:00:00,500,3.367749184539808,3.491727287005946,-0.12397810246613794,R1
2025-07-15 09:00:00,500,3.193064104783787,3.7237844089822776,-0.5307203041984905,R1
2025-07-15 10:00:00,500,3.2517693265543137,3.5168154062680315,-0.26504607971371774,R1
2025-07-15 11:00:00,500,3.2991809500256384,3.75104197507726,-0.45186102505162173,R1
2025-07-15 12:00:00,500,3.226713980830372,3.5478302459953137,-0.3211162651649415,R1
2025-07-15 13:00:00,500,3.2476999171537497,3.525014546239129,-0.2773146290853794,R1
2025-07-15 14:00:00,500,3.3818916128818883,3.582814429236489,-0.20092281635460063,R1
2025-07-15 15:00:00,500,3.2405974777479294,3.529539451979182,-0.28894197423125245,R1
2025-07-15 16:00:00,500,3.2421488118386104,4.222566410637628,-0.980417598799018,R1
2025-07-15 17:00:00,500,3.312283977180713,3.4845705351130927,-0.17228655793237957,R1
2025-07-15 18:00:00,500,3.265000778013367,3.46162154636994,-0.19662076835657283,R1
2025-07-15 19:00:00,500,3.1996519350042263,3.537852879314157,-0.33820094430993075,R1
2025-07-15 20:00:00,500,3.267966239991924,3.584349655680606,-0.3163834156886818,R1
2025-07-15 21:00:00,500,3.197403096570509,3.7774528580776794,-0.5800497615071705,R1
2025-07-15 22:00:00,500,3.259487766039202,3.452422831267893,-0.1929350652286912,R1
2025-07-15 23:00:00,500,3.2738809175214243,3.700347414107293,-0.4264664965858689,R1
2025-07-16 00:00:00,500,3.248604275589461,3.755280798422756,-0.506676522833295,R1
2025-07-16 01:00:00,500,3.233412371143083,3.844511691103893,-0.6110993199608101,R1
2025-07-16 02:00:00,500,3.115341786508133,3.6165165286080687,-0.5011747420999355,R1
2025-07-16 03:00:00,500,3.168056848420443,3.471799215069569,-0.3037423666491259,R1
2025-07-16 04:00:00,500,3.2209360966205094,3.5311353981471534,-0.310199301526644,R1
2025-07-16 05:00:00,500,3.192050811116047,3.695129836631016,-0.5030790255149693,R1
2025-07-16 06:00:00,500,3.197087155515682,3.793023638189924,-0.5959364826742419,R1
2025-07-16 07:00:00,500,3.1409074727011608,3.650461460437832,-0.509553987736671,R1
2025-07-16 08:00:00,500,3.225877027284413,3.622720308720355,-0.39684328143594216,R1
2025-07-16 09:00:00,500,3.18804925300156,3.870156156664361,-0.6821069036628011,R1
2025-07-16 10:00:00,500,3.231300634845352,3.6662920853221874,-0.4349914504768355,R1
2025-07-16 11:00:00,500,3.301242380637468,3.923639513545795,-0.6223971329083269,R1
2025-07-16 12:00:00,500,3.206903485496923,3.5281519544734525,-0.32124846897652937,R1
2025-07-16 13:00:00,500,3.1663960032938467,3.670285727078073,-0.5038897237842264,R1
2025-07-16 14:00:00,500,3.1470146328453694,3.626014299995011,-0.4789996671496417,R1
2025-07-16 15:00:00,500,3.253154489224089,3.709248453354629,-0.45609396413053993,R1
2025-07-16 16:00:00,500,3.185916055254652,3.5822896287876653,-0.39637357353301317,R1
2025-07-16 17:00:00,500,3.2177729162348485,3.7727963736680095,-0.555023457433161,R1
2025-07-16 18:00:00,500,3.3382877779041755,3.6230517609808888,-0.28476398307671325,R1
2025-07-16 19:00:00,500,3.24158179051394,3.5334630048215248,-0.2918812143075846,R1
2025-07-16 20:00:00,500,3.150244229846622,3.788379080402696,-0.638134850556074,R1
2025-07-16 21:00:00,500,3.359708403638746,3.6441790275914903,-0.28447062395274436,R1
2025-07-16 22:00:00,500,3.1548011011275503,3.538119136082826,-0.3833180349552756,R1
2025-07-16 23:00:00,500,3.2362674429459424,3.590335970234468,-0.35406852728852556,R1
2025-07-17 00:00:00,500,3.237078680759666,3.652564276188624,-0.415485595428958,R1
2025-07-17 01:00:00,500,3.2388503682014904,3.678664545702175,-0.4398141775006845,R1
2025-07-17 02:00:00,500,3.304206649075198,3.597370596587054,-0.29316394751185637,R1
2025-07-17 03:00:00,500,3.145266682908137,4.057200148845449,-0.9119334659373117,R1
2025-07-17 04:00:00,500,3.167697937220812,3.5990778587055576,-0.4313799214847456,R1
2025-07-17 05:00:00,500,3.2599474312763026,3.648362112967441,-0.38841468169113824,R1
2025-07-17 06:00:00,500,3.1778553419684985,3.531674684440495,-0.35381934247199665,R1
2025-07-17 07:00:00,500,3.2358233238306844,3.598688838033285,-0.3628655142026007,R1
2025-07-17 08:00:00,500,3.241169441316836,3.5409001627288017,-0.29973072141196555,R1
2025-07-17 09:00:00,500,3.254935291235321,3.684433602441578,-0.4294983112062569,R1
2025-07-17 10:00:00,500,3.1856517976480654,3.591147521052398,-0.4054957234043326,R1
2025-07-17 11:00:00,500,3.187330521597426,3.680414656425522,-0.4930841348280959,R1
2025-07-17 12:00:00,500,3.2121699959118333,3.6446541510942727,-0.43248415518243943,R1
2025-07-17 13:00:00,500,3.21976529324216,3.6597844691940336,-0.44001917595187345,R1
2025-07-17 14:00:00,500,3.228938708061809,3.832184868255543,-0.6032461601937338,R1
2025-07-17 15:00:00,500,3.249599304178425,3.587595854536789,-0.3379965503583642,R1
2025-07-17 16:00:00,500,3.248305925369954,3.488689050222074,-0.24038312485211977,R1
2025-07-17 17:00:00,500,3.1758045411382856,3.685530215010103,-0.5097256738718174,R1
2025-07-17 18:00:00,500,3.169510727854342,4.029887280090532,-0.8603765522361897,R1
2025-07-17 19:00:00,500,3.1914773646189465,4.037322070986576,-0.8458447063676298,R1
2025-07-17 20:00:00,500,3.2674659690980152,3.747000303167901,-0.47953433406988566,R1
2025-07-17 21:00:00,500,3.2325805828204675,3.565215628036016,-0.33263504521554843,R1
2025-07-17 22:00:00,500,3.253279681830034,4.151356403874961,-0.8980767220449271,R1
2025-07-17 23:00:00,500,3.16617431571106,3.721014957384181,-0.5548406416731213,R1
2025-07-18 00:00:00,500,3.1837594955682387,3.497546643934451,-0.31378714836621224,R1
2025-07-18 01:00:00,500,3.2219614985002965,3.5512225869633167,-0.32926108846302027,R1
2025-07-18 02:00:00,500,3.2201840969956685,3.663876478400045,-0.4436923814043765,R1
2025-07-18 03:00:00,500,3.1559226489581413,3.7170834336671614,-0.5611607847090201,R1
2025-07-18 04:00:00,500,3.112649664743737,3.544396187396941,-0.4317465226532038,R1
2025-07-18 05:00:00,500,3.192762043910664,3.766046661299685,-0.5732846173890209,R1
2025-07-18 06:00:00,500,3.380213868818022,3.951186381445579,-0.5709725126275571,R1
2025-07-18 07:00:00,500,3.1906752761646247,3.566106569050675,-0.37543129288605037,R1
2025-07-18 08:00:00,500,3.294991035412686,3.643283859011941,-0.34829282359925484,R1
2025-07-18 09:00:00,500,3.1957257260691585,3.5381170640580866,-0.34239133798892807,R1
2025-07-18 10:00:00,500,3.2866999427315275,3.868504121569471,-0.5818041788379436,R1
2025-07-18 11:00:00,500,3.297811631040548,3.7652326085593057,-0.46742097751875766,R1
2025-07-18 12:00:00,500,3.2824853306597963,3.6249229605629982,-0.3424376299032019,R1
2025-07-18 13:00:00,500,3.2756464569770376,3.823783673689844,-0.5481372167128065,R1
2025-07-18 14:00:00,500,3.242422819874583,3.6116653364350646,-0.3692425165604818,R1
2025-07-18 15:00:00,500,3.235592154218901,3.608171364360013,-0.37257921014111206,R1
2025-07-18 16:00:00,500,3.3199463111317846,3.850771259356356,-0.5308249482245713,R1
2025-07-18 17:00:00,500,3.1611627782384475,3.576097464034488,-0.41493468579604054,R1
2025-07-18 18:00:00,500,3.192541790647113,3.374801627599136,-0.18225983695202297,R1
2025-07-18 19:00:00,500,3.1700972629226234,3.636872884332792,-0.4667756214101688,R1
2025-07-18 20:00:00,500,3.2109384477544363,3.6122430937898407,-0.4013046460354044,R1
2025-07-18 21:00:00,500,3.1680715405792483,3.5156478677299945,-0.34757632715074616,R1
2025-07-18 22:00:00,500,3.1427537121527696,3.5963470767377164,-0.4535933645849468,R1
2025-07-18 23:00:00,500,3.1959207025131477,3.826976864519656,-0.6310561620065083,R1
2025-07-19 00:00:00,500,3.22947714665727,3.453233466148311,-0.22375631949104102,R1
2025-07-19 01:00:00,500,3.234400217145249,3.556333492134376,-0.32193327498912705,R1
2025-07-19 02:00:00,500,3.131672701573231,3.5541128354323392,-0.42244013385910817,R1
2025-07-19 03:00:00,500,3.194427338647289,3.723396306457353,-0.528968967810064,R1
2025-07-19 04:00:00,500,3.278587647080655,3.6074253193422345,-0.32883767226157934,R1
2025-07-19 05:00:00,500,3.2498992080590288,3.4808817956093363,-0.23098258755030754,R1
2025-07-19 06:00:00,500,3.215363298020242,3.5580103976198227,-0.34264709959958095,R1
2025-07-19 07:00:00,500,3.0849992031272087,3.842132542974918,-0.7571333398477091,R1
2025-07-19 08:00:00,500,3.1493653940968303,3.759462788186509,-0.6100973940896788,R1
2025-07-19 09:00:00,500,3.2226767093382427,3.4654241325748143,-0.2427474232365716,R1
2025-07-19 10:00:00,500,3.198234063519934,3.9597508470401954,-0.7615167835202614,R1
2025-07-19 11:00:00,500,3.167143975273654,3.5098213421536166,-0.34267736687996253,R1
2025-07-19 12:00:00,500,3.1881611360324382,3.4484486786993185,-0.26028754266688026,R1
2025-07-19 13:00:00,500,3.148019710414381,3.662569273422079,-0.5145495630076984,R1
2025-07-19 14:00:00,500,3.1379285000975603,3.536073181556292,-0.3981446814587315,R1
2025-07-19 15:00:00,500,3.137849315761404,3.4831733906710016,-0.3453240749095978,R1
2025-07-19 16:00:00,500,3.0775062015421577,3.371131091377673,-0.2936248898355154,R1
2025-07-19 17:00:00,500,3.217015840883775,3.389705062751705,-0.1726892218679299,R1
2025-07-19 18:00:00,500,3.12161577184878,3.499267093817745,-0.377651321968965,R1
2025-07-19 19:00:00,500,3.034943702409951,3.266526988951694,-0.23158328654174332,R1
2025-07-19 20:00:00,500,3.12872928529235,3.549699792926904,-0.420970507634554,R1
2025-07-19 21:00:00,500,3.084591823099758,3.576911925485914,-0.49232010238615587,R1
2025-07-19 22:00:00,500,3.127169580661512,3.4772240878800185,-0.3500545072185064,R1
2025-07-19 23:00:00,500,3.151421941992444,3.504536752441506,-0.3531148104490618,R1
2025-07-20 00:00:00,500,3.1482918523649803,3.4848737424194995,-0.3365818900545192,R1
2025-07-20 01:00:00,500,3.14807305686204,3.2958176780270905,-0.14774462116505038,R1
2025-07-20 02:00:00,500,3.005547567160328,3.4778594935551963,-0.4723119263948683,R1
2025-07-20 03:00:00,500,3.0938517442994016,3.4356046182357667,-0.3417528739363651,R1
2025-07-20 04:00:00,500,3.2050822407151665,3.4597913765491346,-0.25470913583396815,R1
2025-07-20 05:00:00,500,3.1598279357042465,3.465396292840086,-0.30556835713583963,R1
2025-07-20 06:00:00,500,3.185284693794856,3.949755922103428,-0.764471228308572,R1
2025-07-20 07:00:00,500,3.1989624185923327,3.71046804795644,-0.5115056293641072,R1
2025-07-20 08:00:00,500,3.169542717695589,3.5733577427688843,-0.40381502507329525,R1
2025-07-20 09:00:00,500,3.1582718097007345,3.680056697886456,-0.5217848881857217,R1
2025-07-20 10:00:00,500,3.102191590597322,3.5838089568424074,-0.48161736624508533,R1
2025-07-20 11:00:00,500,3.063890025649278,3.486402848955444,-0.42251282330616613,R1
2025-07-20 12:00:00,500,3.263585523380141,3.4425053137442543,-0.17891979036411332,R1
2025-07-20 13:00:00,500,3.1687782631064176,3.616757105831839,-0.44797884272542143,R1
2025-07-20 14:00:00,500,3.0900689400190604,3.303405177319589,-0.21333623730052853,R1
2025-07-20 15:00:00,500,3.1285994104282664,3.3981495806155952,-0.26955017018732885,R1
2025-07-20 16:00:00,500,3.178640514010709,3.4485863520426374,-0.2699458380319286,R1
2025-07-20 17:00:00,500,3.221197577823802,3.539895120301427,-0.3186975424776253,R1
2025-07-20 18:00:00,500,3.0099438084318173,3.399117249214255,-0.38917344078243765,R1
2025-07-20 19:00:00,500,2.98279518490546,3.4629429562641096,-0.4801477713586495,R1
2025-07-20 20:00:00,500,3.0842827473424075,3.441597964761302,-0.3573152174188947,R1
2025-07-20 21:00:00,500,3.159700745984169,3.4883751876698788,-0.3286744416857097,R1
2025-07-20 22:00:00,500,3.2066968432894702,3.5807954230634484,-0.3740985797739782,R1
2025-07-20 23:00:00,500,3.0421878318214968,3.435466677489984,-0.39327884566848725,R1
2025-07-21 00:00:00,500,3.172344403071985,3.529677978417862,-0.35733357534587684,R1
2025-07-21 01:00:00,500,3.19929294401964,3.3229828080121773,-0.12368986399253723,R1
2025-07-21 02:00:00,500,3.0533396366221277,3.4050641014840903,-0.3517244648619626,R1
2025-07-21 03:00:00,500,2.9809215599492127,3.5659287618115973,-0.5850072018623846,R1
2025-07-21 04:00:00,500,3.1608045579662067,3.382830524260142,-0.22202596629393545,R1
2025-07-21 05:00:00,500,2.9935431386117743,3.3246992437250227,-0.33115610511324833,R1
2025-07-21 06:00:00,500,3.023261128896129,3.622620804969367,-0.599359676073238,R1
2025-07-21 07:00:00,500,3.011504741371376,3.31740060683212,-0.305895865460744,R1
2025-07-21 08:00:00,500,3.1213006288674325,3.2831431892698006,-0.1618425604023681,R1
2025-07-21 09:00:00,500,3.060019959698711,3.436909583710621,-0.37688962401190995,R1
2025-07-21 10:00:00,500,3.1204276530548243,3.455638455304739,-0.3352108022499145,R1
2025-07-21 11:00:00,500,3.0804510251102672,3.554108946197544,-0.4736579210872769,R1
2025-07-21 12:00:00,500,3.1983630971516117,3.846664326538248,-0.6483012293866364,R1
2025-07-21 13:00:00,500,3.259580110650523,3.893672445678254,-0.6340923350277308,R1
2025-07-21 14:00:00,500,3.213254660493284,3.5651485377894256,-0.3518938772961415,R1
2025-07-21 15:00:00,500,3.1903024611490807,3.672183344695757,-0.48188088354667613,R1
2025-07-21 16:00:00,500,3.0848916166014777,3.3331746626514027,-0.24828304604992502,R1
2025-07-21 17:00:00,500,3.2956727453302808,3.64971610126455,-0.35404335593426906,R1
2025-07-21 18:00:00,500,3.251479228226013,3.4556155140937754,-0.20413628586776245,R1
2025-07-21 19:00:00,500,3.120583415418443,3.598848824825679,-0.47826540940723605,R1
2025-07-21 20:00:00,500,3.1600020286412502,3.8711850950195377,-0.7111830663782874,R1
2025-07-21 21:00:00,500,3.1506114572032584,3.5691923830481014,-0.41858092584484297,R1
2025-07-21 22:00:00,500,3.158434948008603,3.694016051248093,-0.5355811032394899,R1
2025-07-21 23:00:00,500,3.091644059399564,3.7745905320002944,-0.6829464726007304,R1
2025-07-22 00:00:00,500,3.1026164386493167,3.507277723355046,-0.40466128470572915,R1
2025-07-22 01:00:00,500,3.220987010067311,3.455038940463843,-0.23405193039653183,R1
2025-07-22 02:00:00,500,3.110564831371772,3.549650482779859,-0.439085651408087,R1
2025-07-22 03:00:00,500,3.283629937888737,3.6479078138910106,-0.3642778760022738,R1
2025-07-22 04:00:00,500,3.2181205359379628,4.452025281758692,-1.233904745820729,R1
2025-07-22 05:00:00,500,3.201857255048951,3.729776658625978,-0.5279194035770272,R1
2025-07-22 06:00:00,500,3.156207961963302,3.736372617578052,-0.58016465561475,R1
2025-07-22 07:00:00,500,3.090880875684064,3.649290036870109,-0.5584091611860447,R1
2025-07-22 08:00:00,500,3.254246265767503,3.638854958492581,-0.38460869272507825,R1
2025-07-22 09:00:00,500,3.229079959101746,3.600590695685615,-0.3715107365838688,R1
2025-07-22 10:00:00,500,3.2011567424346383,3.8658306755578313,-0.664673933123193,R1
2025-07-22 11:00:00,500,3.274888708367204,3.5605898395434554,-0.2857011311762516,R1
2025-07-22 12:00:00,500,3.365097136893348,3.603891640615408,-0.23879450372205957,R1
2025-07-22 13:00:00,500,3.171893202238769,3.577162588745315,-0.405269386506546,R1
2025-07-22 14:00:00,500,3.2827677129113373,3.615652115509616,-0.3328844025982787,R1
2025-07-22 15:00:00,500,3.205687252225442,3.722048582963008,-0.5163613307375661,R1
2025-07-22 16:00:00,500,3.207016687560047,3.6192315327630977,-0.41221484520305074,R1
2025-07-22 17:00:00,500,3.204373459821491,3.603771930048087,-0.399398470226596,R1
2025-07-22 18:00:00,500,3.188449724813309,3.653337467677459,-0.46488774286415024,R1
2025-07-22 19:00:00,500,3.228073204261261,3.549519247126544,-0.3214460428652832,R1
2025-07-22 20:00:00,500,3.1580552257507404,3.683051844359815,-0.5249966186090744,R1
2025-07-22 21:00:00,500,3.255520491653334,3.464018665256898,-0.20849817360356404,R1
2025-07-22 22:00:00,500,3.1555070477549454,3.658213337517093,-0.5027062897621475,R1
2025-07-22 23:00:00,500,3.2402560691173266,3.631163372897412,-0.3909073037800854,R1
2025-07-23 00:00:00,500,3.1638602747937656,3.6487203600514784,-0.48486008525771274,R1
2025-07-23 01:00:00,500,3.31631345056321,3.5000010001651383,-0.18368754960192835,R1
2025-07-23 02:00:00,500,3.1333232974350085,3.638024866641715,-0.5047015692067065,R1
2025-07-23 03:00:00,500,3.2693423467269667,3.686025911004896,-0.4166835642779292,R1
2025-07-23 04:00:00,500,3.159787405202503,3.6135096280959953,-0.4537222228934925,R1
2025-07-23 05:00:00,500,3.1068761815934147,3.45065056563284,-0.3437743840394254,R1
2025-07-23 06:00:00,500,3.2490919995656005,3.702703650180832,-0.45361165061523145,R1
2025-07-23 07:00:00,500,3.231320067373754,3.706376689552657,-0.475056622178903,R1
2025-07-23 08:00:00,500,3.2418795014081736,3.468944370407359,-0.22706486899918543,R1
2025-07-23 09:00:00,500,3.279279234730555,3.5282727401130387,-0.24899350538248388,R1
2025-07-23 10:00:00,500,3.255291224237927,3.507347699463332,-0.25205647522540486,R1
2025-07-23 11:00:00,500,3.240907534217917,3.607731420154664,-0.3668238859367472,R1
2025-07-23 12:00:00,500,3.2164853282120887,3.719538175532351,-0.5030528473202622,R1
2025-07-23 13:00:00,500,3.1202881129602185,3.468111399614885,-0.34782328665466666,R1
2025-07-23 14:00:00,500,3.309145872171674,3.546320121467224,-0.23717424929554998,R1
2025-07-23 15:00:00,500,3.268869360932198,3.541558131164781,-0.2726887702325831,R1
2025-07-23 16:00:00,500,3.1939305208132462,3.5957505912143968,-0.40182007040115053,R1
2025-07-23 17:00:00,500,3.1932562728003813,3.63858382701704,-0.4453275542166586,R1
2025-07-23 18:00:00,500,3.20919842385639,3.644039990089314,-0.4348415662329237,R1
2025-07-23 19:00:00,500,3.211415124044969,3.6758836084955497,-0.46446848445058064,R1
2025-07-23 20:00:00,500,3.1863802369235725,3.660709081199984,-0.4743288442764113,R1
2025-07-23 21:00:00,500,3.156750027517378,3.6651319193632528,-0.5083818918458749,R1
2025-07-23 22:00:00,500,3.2982526481416854,3.909541306186086,-0.6112886580444008,R1
2025-07-23 23:00:00,500,3.1662791964792443,3.604020492747325,-0.43774129626808067,R1
2025-07-24 00:00:00,500,3.182905034200998,3.5733565980956565,-0.3904515638946586,R1
2025-07-24 01:00:00,500,3.1200273145289024,3.652864791037518,-0.5328374765086155,R1
2025-07-24 02:00:00,500,3.2709761569401588,3.699139340843616,-0.4281631839034574,R1
2025-07-24 03:00:00,500,3.157864866181189,3.771578665142804,-0.6137137989616148,R1
2025-07-24 04:00:00,500,3.1394637876422675,3.6822131818692174,-0.5427493942269499,R1
2025-07-24 05:00:00,500,3.2843736112507527,3.5663071888650903,-0.2819335776143377,R1
2025-07-24 06:00:00,500,3.2820251181327214,3.728325121270882,-0.44630000313816076,R1
2025-07-24 07:00:00,500,3.2349714468991158,3.6488493372798265,-0.41387789038071077,R1
2025-07-24 08:00:00,500,3.1747500277078804,3.638624444487639,-0.4638744167797588,R1
2025-07-24 09:00:00,500,3.220891650115556,3.922111536285727,-0.7012198861701711,R1
2025-07-24 10:00:00,500,3.1936890336591377,4.179075679676664,-0.9853866460175267,R1
2025-07-24 11:00:00,500,3.154070166344265,4.0197353023732685,-0.8656651360290035,R1
2025-07-24 12:00:00,500,3.1860612033761484,3.579615237973585,-0.39355403459743643,R1
2025-07-24 13:00:00,500,3.1695414606118577,3.9103294520329936,-0.7407879914211359,R1
2025-07-24 14:00:00,500,3.109044756389842,3.4692743698624207,-0.36022961347257887,R1
2025-07-24 15:00:00,500,3.1344281901346736,3.4850535608428226,-0.35062537070814903,R1
2025-07-24 16:00:00,500,3.3346774363980423,3.582014719377544,-0.24733728297950153,R1
2025-07-24 17:00:00,500,3.2252896868140635,3.4921451864500157,-0.26685549963595223,R1
2025-07-24 18:00:00,500,3.1680434520207466,3.913747961285553,-0.7457045092648062,R1
2025-07-24 19:00:00,500,3.136192318045464,3.430590112561887,-0.2943977945164229,R1
2025-07-24 20:00:00,500,3.237285549076043,3.6028814803522224,-0.3655959312761796,R1
2025-07-24 21:00:00,500,3.221496573829695,3.66028878477089,-0.438792210941195,R1
2025-07-24 22:00:00,500,3.122347007171331,3.5599510457914985,-0.4376040386201674,R1
2025-07-24 23:00:00,500,3.15184655561571,3.611121788644473,-0.4592752330287633,R1
2025-07-25 00:00:00,500,3.156850767150368,3.7018324489479055,-0.5449816817975375,R1
2025-07-25 01:00:00,500,3.2362585982892598,3.5595094046361764,-0.3232508063469166,R1
2025-07-25 02:00:00,500,3.0696964034256964,3.637075099462573,-0.5673786960368767,R1
2025-07-25 03:00:00,500,3.155513864562959,4.068184167827718,-0.9126703032647594,R1
2025-07-25 04:00:00,500,3.123960371564872,3.652273461100856,-0.5283130895359838,R1
2025-07-25 05:00:00,500,3.080183986150807,3.6443248832966417,-0.5641408971458346,R1
2025-07-25 06:00:00,500,3.1871897512268297,3.9618364612568375,-0.7746467100300078,R1
2025-07-25 07:00:00,500,3.196841313113464,3.610426988378304,-0.4135856752648399,R1
2025-07-25 08:00:00,500,3.158728223925645,3.5392646723603938,-0.38053644843474865,R1
2025-07-25 09:00:00,500,3.2856478947735788,3.711001019180944,-0.42535312440736517,R1
2025-07-25 10:00:00,500,3.189255197563565,3.8957885028107966,-0.7065333052472318,R1
2025-07-25 11:00:00,500,3.227635884960429,3.571269033107255,-0.343633148146826,R1
2025-07-25 12:00:00,500,3.221431552756069,3.640704838801788,-0.4192732860457191,R1
2025-07-25 13:00:00,500,3.2228467384744417,3.760160263147476,-0.5373135246730345,R1
2025-07-25 14:00:00,500,3.1509106237818125,3.3647944249694928,-0.21388380118768024,R1
2025-07-25 15:00:00,500,3.147288732149599,3.417510951972594,-0.2702222198229953,R1
2025-07-25 16:00:00,500,3.2254925691078244,3.5509202947725327,-0.32542772566470823,R1
2025-07-25 17:00:00,500,3.145065285521719,3.6092685138780736,-0.46420322835635464,R1
2025-07-25 18:00:00,500,3.17240879430339,3.634237187154841,-0.46182839285145105,R1
2025-07-25 19:00:00,500,3.1943852689079466,3.626058761378178,-0.43167349247023123,R1
2025-07-25 20:00:00,500,3.1724887014187626,3.5829490630868355,-0.41046036166807287,R1
2025-07-25 21:00:00,500,3.181652791022835,3.461701033402237,-0.2800482423794022,R1
2025-07-25 22:00:00,500,3.209827646206325,3.836700152130793,-0.6268725059244677,R1
2025-07-25 23:00:00,500,3.1328326256650945,3.517028513160137,-0.3841958874950424,R1
2025-07-26 00:00:00,500,2.9993841529523704,3.63888562968486,-0.6395014767324896,R1
2025-07-26 01:00:00,500,3.098809918912353,3.644484760490296,-0.5456748415779429,R1
2025-07-26 02:00:00,500,3.290424812555924,3.4559712024764804,-0.16554638992055626,R1
2025-07-26 03:00:00,500,3.1264296143154,3.5874607586534117,-0.46103114433801196,R1
2025-07-26 04:00:00,500,3.111881154185089,3.454242427635027,-0.34236127344993816,R1
2025-07-26 05:00:00,500,3.1726110980977955,3.5231268483997726,-0.3505157503019771,R1
2025-07-26 06:00:00,500,3.2401062063863546,3.4013435449618616,-0.16123733857550704,R1
2025-07-26 07:00:00,500,3.2410060187026213,3.596678924577438,-0.3556729058748167,R1
2025-07-26 08:00:00,500,3.262740797984224,3.5417565221350924,-0.2790157241508684,R1
2025-07-26 09:00:00,500,3.1974138632966014,3.569559503990162,-0.3721456406935606,R1
2025-07-26 10:00:00,500,3.2039446567536416,3.5563834699558257,-0.35243881320218406,R1
2025-07-26 11:00:00,500,3.2709329616173592,3.688841450596135,-0.41790848897877586,R1
2025-07-26 12:00:00,500,3.2410551310197864,3.60326017225472,-0.3622050412349336,R1
2025-07-26 13:00:00,500,3.21928149728117,3.662863571405712,-0.44358207412454176,R1
2025-07-26 14:00:00,500,3.2491021874925465,3.787375857292826,-0.5382736698002795,R1
2025-07-26 15:00:00,500,3.2661002912649204,3.4015693764729846,-0.13546908520806422,R1
2025-07-26 16:00:00,500,3.136833608448488,3.4391795554967515,-0.3023459470482637,R1
2025-07-26 17:00:00,500,3.3223449753170136,3.8061847252619865,-0.4838397499449729,R1
2025-07-26 18:00:00,500,3.222746382584549,3.4862851218107345,-0.26353873922618565,R1
2025-07-26 19:00:00,500,3.150493089278749,3.6112412102015914,-0.46074812092284256,R1
2025-07-26 20:00:00,500,3.159579179472708,3.506886751713133,-0.34730757224042463,R1
2025-07-26 21:00:00,500,3.182646122500268,3.41620230526808,-0.2335561827678121,R1
2025-07-26 22:00:00,500,3.2527627358000264,3.4815574185069327,-0.22879468270690628,R1
2025-07-26 23:00:00,500,3.15797654284928,3.732504504590227,-0.5745279617409471,R1
2025-07-27 00:00:00,500,3.1827676555431266,3.850740578824269,-0.6679729232811424,R1
2025-07-27 01:00:00,500,3.110561008205387,3.9313921864319874,-0.8208311782266002,R1
2025-07-27 02:00:00,500,3.0450853967661686,3.504919695583056,-0.45983429881688753,R1
2025-07-27 03:00:00,500,3.2758656095722847,3.502559931266468,-0.22669432169418346,R1
2025-07-27 04:00:00,500,3.179099503999809,3.7052427853162566,-0.5261432813164477,R1
2025-07-27 05:00:00,500,3.3259661251872017,3.626134678937399,-0.30016855375019746,R1
2025-07-27 06:00:00,500,3.1768731289924115,3.421175761870087,-0.2443026328776754,R1
2025-07-27 07:00:00,500,3.337109815600505,3.344547161333014,-0.007437345732509204,R1
2025-07-27 08:00:00,500,3.200751829408822,3.4528206510916557,-0.25206882168283373,R1
2025-07-27 09:00:00,500,3.2133246171817227,3.569347684688326,-0.3560230675066034,R1
2025-07-27 10:00:00,500,3.29894847320406,3.547329130203075,-0.2483806569990148,R1
2025-07-27 11:00:00,500,3.143979660994023,3.6529426041084143,-0.5089629431143914,R1
2025-07-27 12:00:00,500,3.201095957454343,3.8308557192027792,-0.6297597617484363,R1
2025-07-27 13:00:00,500,3.1834420358785294,3.911634266287636,-0.7281922304091069,R1
2025-07-27 14:00:00,500,3.2243533802968103,3.5497097990254733,-0.32535641872866305,R1
2025-07-27 15:00:00,500,3.2353921242481225,3.924457070700928,-0.6890649464528056,R1
2025-07-27 16:00:00,500,3.1133322388363998,3.5990631304043963,-0.48573089156799654,R1
2025-07-27 17:00:00,500,3.1137524087695336,3.6692656663105456,-0.555513257541012,R1
2025-07-27 18:00:00,500,3.151834148913778,3.590641718623897,-0.4388075697101188,R1
2025-07-27 19:00:00,500,3.2556493591720588,3.542627097126441,-0.2869777379543823,R1
2025-07-27 20:00:00,500,3.205700026175807,3.56576432266164,-0.3600642964858327,R1
2025-07-27 21:00:00,500,3.2044874614223557,3.729265202994902,-0.5247777415725463,R1
2025-07-27 22:00:00,500,3.105261011158486,3.800015810219179,-0.6947547990606928,R1
2025-07-27 23:00:00,500,3.091928981239858,3.6430779980867087,-0.5511490168468507,R1
2025-07-28 00:00:00,500,3.135788105311998,3.605538831592973,-0.4697507262809748,R1
2025-07-28 01:00:00,500,3.1072855619235686,3.5929539296239312,-0.4856683677003626,R1
2025-07-28 02:00:00,500,3.1367004242326386,3.6778676866023754,-0.5411672623697368,R1
2025-07-28 03:00:00,500,3.2726337456888968,3.865875595231363,-0.5932418495424661,R1
2025-07-28 04:00:00,500,3.2778063624194385,3.599643679842052,-0.32183731742261346,R1
2025-07-28 05:00:00,500,3.151677709067857,3.515377922324322,-0.3637002132564646,R1
2025-07-28 06:00:00,500,3.228438018139539,3.73341524411336,-0.5049772259738212,R1
2025-07-28 07:00:00,500,3.147582425118354,3.698444580974475,-0.5508621558561209,R1
2025-07-28 08:00:00,500,3.118867315403858,3.793283524135047,-0.6744162087311891,R1
2025-07-28 09:00:00,500,3.193053678532738,3.779390787777676,-0.5863371092449379,R1
2025-07-28 10:00:00,500,3.2697935237041085,3.7089536657869777,-0.43916014208286924,R1
2025-07-28 11:00:00,500,3.299422936851045,3.73021150246472,-0.4307885656136752,R1
2025-07-28 12:00:00,500,3.181215573493401,3.603958659344213,-0.4227430858508119,R1
2025-07-28 13:00:00,500,3.188412904472816,3.759786136668849,-0.5713732321960334,R1
2025-07-28 14:00:00,500,3.175700098700228,3.566027712719484,-0.390327614019256,R1
2025-07-28 15:00:00,500,3.220699189063896,3.476854566151964,-0.256155377088068,R1
2025-07-28 16:00:00,500,3.2845996736942262,3.671035529830423,-0.3864358561361967,R1
2025-07-28 17:00:00,500,3.3683265924859898,3.7369895716260753,-0.3686629791400855,R1
2025-07-28 18:00:00,500,3.2226419109346147,3.487231360738249,-0.2645894498036343,R1
2025-07-28 19:00:00,500,3.1469903315170966,3.727226941265053,-0.5802366097479563,R1
2025-07-28 20:00:00,500,3.2422363397400478,3.797732876543766,-0.5554965368037181,R1
2025-07-28 21:00:00,500,3.238064180274224,3.4908590040598018,-0.2527948237855777,R1
2025-07-28 22:00:00,500,3.234107828833776,3.7756588188244167,-0.5415509899906406,R1
2025-07-28 23:00:00,500,3.209822176449734,3.737152395255604,-0.5273302188058699,R1
2025-07-29 00:00:00,500,3.2814907074174986,3.6407076125066102,-0.35921690508911164,R1
2025-07-29 01:00:00,500,3.1554955551066457,3.98143571621904,-0.8259401611123942,R1
2025-07-29 02:00:00,500,3.1789584945163942,3.6573078519439313,-0.47834935742753704,R1
2025-07-29 03:00:00,500,3.2158073389481108,3.6041254001298313,-0.3883180611817205,R1
2025-07-29 04:00:00,500,3.2057207381277,3.631062541276272,-0.4253418031485716,R1
2025-07-29 05:00:00,500,3.2059858708928264,3.8389600252586895,-0.6329741543658631,R1
2025-07-29 06:00:00,500,3.223311379843637,4.056103305596308,-0.8327919257526708,R1
2025-07-29 07:00:00,500,3.2108706986310187,3.511612728004592,-0.3007420293735734,R1
2025-07-29 08:00:00,500,3.1167894621841192,3.558612235761906,-0.4418227735777869,R1
2025-07-29 09:00:00,500,3.2087850463712666,3.711366554777048,-0.5025815084057812,R1
2025-07-29 10:00:00,500,3.178982043680044,4.213814336267455,-1.034832292587411,R1
2025-07-29 11:00:00,500,3.193973373029679,3.930495411223552,-0.7365220381938733,R1
2025-07-29 12:00:00,500,3.2087954296346344,3.7283757245377473,-0.519580294903113,R1
2025-07-29 13:00:00,500,3.354158197624175,3.4979843652923166,-0.14382616766814138,R1
2025-07-29 14:00:00,500,3.2593377745818253,3.603964508876103,-0.3446267342942777,R1
2025-07-29 15:00:00,500,3.26268457071036,3.671171649555157,-0.40848707884479696,R1
2025-07-29 16:00:00,500,3.2545360237809136,3.8801272044183936,-0.6255911806374801,R1
2025-07-29 17:00:00,500,3.214305456000336,3.6487623284995943,-0.43445687249925813,R1
2025-07-29 18:00:00,500,3.2725462671094503,3.6246081785482023,-0.352061911438752,R1
2025-07-29 19:00:00,500,3.147558611655538,4.051573393243791,-0.9040147815882529,R1
2025-07-29 20:00:00,500,3.213767041344323,3.8265619431961095,-0.6127949018517866,R1
2025-07-29 21:00:00,500,3.133922317423856,3.720316915686638,-0.5863945982627818,R1
2025-07-29 22:00:00,500,3.2186888753621297,3.636024195336684,-0.4173353199745544,R1
2025-07-29 23:00:00,500,3.154124791380433,3.6532517121940287,-0.49912692081359555,R1
2025-07-30 00:00:00,500,3.134720313424172,3.615078085636752,-0.4803577722125798,R1
2025-07-30 01:00:00,500,3.1527200693957784,3.599050339914417,-0.4463302705186387,R1
2025-07-30 02:00:00,500,3.174955365714989,3.4814265687015813,-0.30647120298659214,R1
2025-07-30 03:00:00,500,3.1966379652352117,3.5668987452881407,-0.37026078005292895,R1
2025-07-30 04:00:00,500,3.212303084615935,3.794252206320874,-0.5819491217049388,R1
2025-07-30 05:00:00,500,3.127683896101676,3.699125171024088,-0.571441274922412,R1
2025-07-30 06:00:00,500,3.248877619293588,3.607285286522997,-0.35840766722940876,R1
2025-07-30 07:00:00,500,3.2224071537508503,3.653886022462034,-0.4314788687111837,R1
2025-07-30 08:00:00,500,3.222074016345693,3.5917962586069296,-0.36972224226123673,R1
2025-07-30 09:00:00,500,3.293629589240953,3.7327597683304914,-0.43913017908953833,R1
2025-07-30 10:00:00,500,3.183131155566622,3.811256458227638,-0.6281253026610156,R1
2025-07-30 11:00:00,500,3.243902600755575,3.6096030194472415,-0.3657004186916666,R1
2025-07-30 12:00:00,500,3.267892038926401,4.215060835061051,-0.9471687961346498,R1
2025-07-30 13:00:00,500,3.180610478638432,3.631754351094514,-0.4511438724560817,R1
2025-07-30 14:00:00,500,3.175124767308704,3.5465247854702917,-0.37140001816158774,R1
2025-07-30 15:00:00,500,3.192199355478476,4.104281642754912,-0.9120822872764358,R1
2025-07-30 16:00:00,500,3.229069540648144,3.747361925639674,-0.51829238499153,R1
2025-07-30 17:00:00,500,3.067780219114608,3.481618930949521,-0.41383871183491294,R1
2025-07-30 18:00:00,500,3.2307670294582125,3.836044613936667,-0.6052775844784546,R1
2025-07-30 19:00:00,500,3.1407677636963123,3.721318430425964,-0.5805506667296516,R1
2025-07-30 20:00:00,500,3.12841739446756,3.606060760249973,-0.47764336578241284,R1
2025-07-30 21:00:00,500,3.188534161087725,3.587291139899001,-0.3987569788112757,R1
2025-07-30 22:00:00,500,3.1520507413113883,3.712871140240539,-0.5608203989291507,R1
2025-07-30 23:00:00,500,3.184233955498883,3.7823477431417136,-0.5981137876428306,R1
2025-07-31 00:00:00,500,3.1445498383857835,3.393522939908361,-0.24897310152257734,R1
2025-07-31 01:00:00,500,3.037928533786475,3.7260341546205327,-0.6881056208340577,R1
2025-07-31 02:00:00,500,3.173197277562493,3.6051165526450446,-0.43191927508255157,R1
2025-07-31 03:00:00,500,3.1158535128880893,3.6057104270043263,-0.489856914116237,R1
2025-07-31 04:00:00,500,3.1752394016310213,3.5351403394561416,-0.35990093782512034,R1
2025-07-31 05:00:00,500,3.160254842343372,3.6566491151282814,-0.49639427278490933,R1
2025-07-31 06:00:00,500,3.268367458716306,3.950820331812972,-0.6824528730966661,R1
2025-07-31 07:00:00,500,3.2148720900532823,3.5693241967274303,-0.35445210667414795,R1
2025-07-31 08:00:00,500,3.193409994072822,3.688459407567956,-0.4950494134951344,R1
2025-07-31 09:00:00,500,3.2300435983847136,3.653688255095452,-0.4236446567107386,R1
2025-07-31 10:00:00,500,3.2163575566849287,3.6062240986324303,-0.3898665419475016,R1
2025-07-31 11:00:00,500,3.227013223769601,3.6026651148195112,-0.37565189104991026,R1
2025-07-31 12:00:00,500,3.293295997723588,4.106934418898714,-0.813638421175126,R1
2025-07-31 13:00:00,500,3.201555806466772,3.81833963577603,-0.616783829309258,R1
2025-07-31 14:00:00,500,3.308943489089523,4.060243036303305,-0.7512995472137822,R1
2025-07-31 15:00:00,500,3.222746817753152,3.699764169045771,-0.477017351292619,R1
2025-07-31 16:00:00,500,3.205052020181705,3.563913928888996,-0.35886190870729084,R1
2025-07-31 17:00:00,500,3.2715042932920744,3.5047206684057954,-0.23321637511372106,R1
2025-07-31 18:00:00,500,3.1968117654812365,3.563219094340489,-0.3664073288592524,R1
2025-07-31 19:00:00,500,3.239969545999921,3.656236047254772,-0.41626650125485076,R1
2025-07-31 20:00:00,500,3.250707013143328,3.547486049857296,-0.2967790367139682,R1
2025-07-31 21:00:00,500,3.190706396765873,3.6377268008962593,-0.44702040413038624,R1
2025-07-31 22:00:00,500,3.162524273619929,3.5065169865111985,-0.34399271289126965,R1
2025-07-31 23:00:00,500,3.216081619888088,3.597582650838404,-0.3815010309503162,R1
2025-08-01 00:00:00,500,3.249560056144114,3.630119183307067,-0.3805591271629529,R1
2025-08-01 01:00:00,500,3.308900956958509,3.6088859540490494,-0.2999849970905406,R1
2025-08-01 02:00:00,500,3.2755771975723675,3.5712491812087057,-0.2956719836363382,R1
2025-08-01 03:00:00,500,3.188603109303961,3.5858100521170373,-0.3972069428130762,R1
2025-08-01 04:00:00,500,3.1747650445653472,3.809297201340049,-0.6345321567747018,R1
2025-08-01 05:00:00,500,3.132511344335989,3.741574092259356,-0.609062747923367,R1
2025-08-01 06:00:00,500,3.150419558338388,3.5907178790739533,-0.4402983207355655,R1
2025-08-01 07:00:00,500,3.337637298327037,3.736335720471781,-0.39869842214474405,R1
2025-08-01 08:00:00,500,3.2603672343382906,3.764466604611156,-0.5040993702728653,R1
2025-08-01 09:00:00,500,3.227318873053716,3.67394961946032,-0.44663074640660394,R1
2025-08-01 10:00:00,500,3.3196137833303383,3.59096241316337,-0.27134862983303165,R1
2025-08-01 11:00:00,500,3.3048139744985927,3.694010893012849,-0.3891969185142563,R1
2025-08-01 12:00:00,500,3.173841321824488,3.94155798375245,-0.7677166619279623,R1
2025-08-01 13:00:00,500,3.2841268345488235,3.5218694387732934,-0.2377426042244699,R1
2025-08-01 14:00:00,500,3.2219084887004428,4.052604009126119,-0.8306955204256763,R1
2025-08-01 15:00:00,500,3.223576172461666,3.384115388158808,-0.16053921569714236,R1
2025-08-01 16:00:00,500,3.221281772789662,3.659626023217079,-0.4383442504274173,R1
2025-08-01 17:00:00,500,3.1439614585820745,3.656222022316749,-0.5122605637346744,R1
2025-08-01 18:00:00,500,3.1135525375649675,3.656793557455668,-0.5432410198907003,R1
2025-08-01 19:00:00,500,3.188787107718906,3.5443951687529607,-0.35560806103405485,R1
2025-08-01 20:00:00,500,3.2469522529230197,3.5800854178793813,-0.3331331649563616,R1
2025-08-01 21:00:00,500,3.2894435934618214,3.728398515717324,-0.4389549222555025,R1
2025-08-01 22:00:00,500,3.219657587475077,3.953447340827609,-0.7337897533525322,R1
2025-08-01 23:00:00,500,3.08730408729452,3.4997740345849127,-0.41246994729039255,R1
2025-08-02 00:00:00,500,3.189508270941388,3.723127174410012,-0.5336189034686241,R1
2025-08-02 01:00:00,500,3.1756963849798128,3.3799512162642684,-0.20425483128445565,R1
2025-08-02 02:00:00,500,3.117503057477708,3.5033382237048696,-0.3858351662271615,R1
2025-08-02 03:00:00,500,3.22860111109438,3.509571610441021,-0.28097049934664087,R1
2025-08-02 04:00:00,500,3.1801765879385906,3.6209527809097617,-0.4407761929711711,R1
2025-08-02 05:00:00,500,3.1785076229940024,3.4277832552230514,-0.24927563222904903,R1
2025-08-02 06:00:00,500,3.2067797634525914,3.557294265676469,-0.3505145022238776,R1
2025-08-02 07:00:00,500,3.2118852141964838,3.6530666762930175,-0.44118146209653375,R1
2025-08-02 08:00:00,500,3.2202957538093613,3.654023357675497,-0.4337276038661355,R1
2025-08-02 09:00:00,500,3.253297517465311,3.868988269078182,-0.6156907516128709,R1
2025-08-02 10:00:00,500,3.3097998657613887,3.7332776776079215,-0.42347781184653277,R1
2025-08-02 11:00:00,500,3.270368228131141,3.5592342058991053,-0.2888659777679643,R1
2025-08-02 12:00:00,500,3.1913042685487,3.4714953020291985,-0.2801910334804987,R1
2025-08-02 13:00:00,500,3.291991094422237,3.8557469856674422,-0.5637558912452052,R1
2025-08-02 14:00:00,500,3.2056373915126333,3.638889206665585,-0.43325181515295164,R1
2025-08-02 15:00:00,500,3.2169104196878227,3.42775491406022,-0.2108444943723975,R1
2025-08-02 16:00:00,500,3.226106619557477,3.4978744696178183,-0.2717678500603413,R1
2025-08-02 17:00:00,500,3.3145119335327298,3.720075153340389,-0.4055632198076591,R1
2025-08-02 18:00:00,500,3.175276253707889,3.502990540980279,-0.3277142872723897,R1
2025-08-02 19:00:00,500,3.053270043555199,3.524607521671956,-0.47133747811675697,R1
2025-08-02 20:00:00,500,3.158996293585945,3.5712246395105285,-0.41222834592458346,R1
2025-08-02 21:00:00,500,3.2250943647496757,3.499251383999925,-0.27415701925024916,R1
2025-08-02 22:00:00,500,3.1694080508417293,3.36322367174441,-0.19381562090268067,R1
2025-08-02 23:00:00,500,3.119095794931225,3.4338893880344497,-0.31479359310322463,R1
2025-08-03 00:00:00,500,3.165733836323908,3.6178593302770743,-0.4521254939531665,R1
2025-08-03 01:00:00,500,3.2114712998270045,3.754247384956911,-0.5427760851299066,R1
2025-08-03 02:00:00,500,3.256357243557708,3.5624876428410888,-0.3061303992833806,R1
2025-08-03 03:00:00,500,3.218053779607462,3.435146402704033,-0.21709262309657085,R1
2025-08-03 04:00:00,500,3.1291794622299625,3.524221939760152,-0.39504247753018973,R1
2025-08-03 05:00:00,500,3.202071615805622,3.568164473966072,-0.3660928581604499,R1
2025-08-03 06:00:00,500,3.241946395798321,3.6089756139116016,-0.3670292181132808,R1
2025-08-03 07:00:00,500,3.176210673491528,3.350397482474464,-0.17418680898293593,R1
2025-08-03 08:00:00,500,3.1888552890482096,3.5654304511190045,-0.3765751620707949,R1
2025-08-03 09:00:00,500,3.1860211155428773,3.677048132657756,-0.4910270171148787,R1
2025-08-03 10:00:00,500,3.1863827922933363,3.548078486115553,-0.36169569382221667,R1
2025-08-03 11:00:00,500,3.3478322608005797,3.4799075688389576,-0.13207530803837786,R1
2025-08-03 12:00:00,500,3.2165048061412778,3.637037332700594,-0.4205325265593163,R1
2025-08-03 13:00:00,500,3.133864788795728,3.5492542463963668,-0.41538945760063894,R1
2025-08-03 14:00:00,500,3.322455429662873,3.614583886608018,-0.2921284569451452,R1
2025-08-03 15:00:00,500,3.210006292551807,3.646315077691978,-0.436308785140171,R1
2025-08-03 16:00:00,500,3.159841587206724,3.5078513045829944,-0.3480097173762706,R1
2025-08-03 17:00:00,500,3.097575736688494,3.7423992370628194,-0.6448235003743252,R1
2025-08-03 18:00:00,500,3.239691841073799,3.4873369821656914,-0.24764514109189228,R1
2025-08-03 19:00:00,500,3.12925938661449,3.4255581691081525,-0.2962987824936625,R1
2025-08-03 20:00:00,500,3.174374333227141,3.52080059409518,-0.3464262608680393,R1
2025-08-03 21:00:00,500,3.0335294671965696,3.4823604461209494,-0.44883097892437984,R1
2025-08-03 22:00:00,500,3.1662197669715786,3.8206379590033177,-0.6544181920317391,R1
2025-08-03 23:00:00,500,3.164590987836337,3.385551572541432,-0.22096058470509483,R1
2025-08-04 00:00:00,500,3.1641306176035195,3.4699201827592625,-0.30578956515574296,R1
2025-08-04 01:00:00,500,3.1161804784344374,3.424206600027084,-0.30802612159264653,R1
2025-08-04 02:00:00,500,3.171638030988402,3.617611145492885,-0.4459731145044832,R1
2025-08-04 03:00:00,500,3.172925689283406,3.6178218959615593,-0.4448962066781532,R1
2025-08-04 04:00:00,500,3.312800743311584,3.563883570371115,-0.2510828270595309,R1
2025-08-04 05:00:00,500,3.153292665002528,3.4873787734286554,-0.3340861084261273,R1
2025-08-04 06:00:00,500,3.2553965916568,3.946339678329813,-0.6909430866730126,R1
2025-08-04 07:00:00,500,3.322269842178347,3.5516204744127906,-0.22935063223444363,R1
2025-08-04 08:00:00,500,3.1590307872574948,3.544586255808105,-0.3855554685506104,R1
2025-08-04 09:00:00,500,3.154760150362588,3.50160411915752,-0.3468439687949316,R1
2025-08-04 10:00:00,500,3.1654265045539485,3.705276484456025,-0.5398499799020766,R1
2025-08-04 11:00:00,500,3.220797183905466,3.912708305441798,-0.6919111215363318,R1
2025-08-04 12:00:00,500,3.214997288852554,3.405359304147799,-0.190362015295245,R1
2025-08-04 13:00:00,500,3.179001456719615,3.4306809732306043,-0.2516795165109893,R1
2025-08-04 14:00:00,500,3.130078251882994,3.6174518089445793,-0.48737355706158514,R1
2025-08-04 15:00:00,500,3.191614731705443,3.7501781867091775,-0.5585634550037346,R1
2025-08-04 16:00:00,500,3.121510104110652,3.434724010707209,-0.3132139065965571,R1
2025-08-04 17:00:00,500,3.1528927666077555,3.4223288811911297,-0.26943611458337413,R1
2025-08-04 18:00:00,500,3.1243449105918453,3.4432796945269004,-0.31893478393505514,R1
2025-08-04 19:00:00,500,3.1285726203871107,3.4850442528053738,-0.3564716324182631,R1
2025-08-04 20:00:00,500,3.123016191263503,3.518532332318868,-0.3955161410553649,R1
2025-08-04 21:00:00,500,3.060981005931992,3.465788241650598,-0.4048072357186059,R1
2025-08-04 22:00:00,500,3.183179928073675,3.4587093810575267,-0.2755294529838519,R1
2025-08-04 23:00:00,500,3.158236984661892,3.652789227920921,-0.494552243259029,R1
2025-08-05 00:00:00,500,3.0906236223430548,3.6164831325492206,-0.5258595102061658,R1
2025-08-05 01:00:00,500,3.1464730933526424,3.5261375173885443,-0.37966442403590195,R1
2025-08-05 02:00:00,500,3.1859673534456454,3.5935606209728173,-0.40759326752717184,R1
2025-08-05 03:00:00,500,3.1468398313862487,3.625036095083303,-0.4781962636970545,R1
2025-08-05 04:00:00,500,3.14219142044506,3.593749104784728,-0.4515576843396678,R1
2025-08-05 05:00:00,500,3.256907065577652,3.6239442335319225,-0.3670371679542703,R1
2025-08-05 06:00:00,500,3.0996265772056177,3.863918107287694,-0.7642915300820761,R1
2025-08-05 07:00:00,500,3.146741837771557,3.543740015704401,-0.396998177932844,R1
2025-08-05 08:00:00,500,3.2509178485347627,3.910346001752557,-0.6594281532177941,R1
2025-08-05 09:00:00,500,3.224722711482596,3.674102445263807,-0.4493797337812113,R1
2025-08-05 10:00:00,500,3.1607474608196653,3.743150090317963,-0.5824026294982976,R1
2025-08-05 11:00:00,500,3.293796381264708,3.5974189983159377,-0.3036226170512295,R1
2025-08-05 12:00:00,500,3.249589840511577,3.83006879912941,-0.5804789586178329,R1
2025-08-05 13:00:00,500,3.30604872857824,3.59832270192912,-0.2922739733508801,R1
2025-08-05 14:00:00,500,3.234736061287898,3.5266607953351925,-0.29192473404729435,R1
2025-08-05 15:00:00,500,3.197579524795887,3.4323344328575187,-0.2347549080616318,R1
2025-08-05 16:00:00,500,3.3046641545717184,3.443163037895193,-0.1384988833234746,R1
2025-08-05 17:00:00,500,3.2147020278016893,3.7205636660607753,-0.5058616382590859,R1
2025-08-05 18:00:00,500,3.2581700565033547,3.5869062452564946,-0.3287361887531399,R1
2025-08-05 19:00:00,500,3.046990533050927,3.618170124251796,-0.571179591200869,R1
2025-08-05 20:00:00,500,3.150344686607843,3.682869772564966,-0.5325250859571229,R1
2025-08-05 21:00:00,500,3.136163738210576,3.595992177626816,-0.4598284394162402,R1
2025-08-05 22:00:00,500,3.133485649693337,3.6962741629029305,-0.5627885132095933,R1
2025-08-05 23:00:00,500,3.1936089783237778,3.746821176082178,-0.5532121977584001,R1
2025-08-06 00:00:00,500,3.237602213560604,3.581252474922639,-0.3436502613620349,R1
2025-08-06 01:00:00,500,3.0816784771120456,3.603046343871119,-0.5213678667590735,R1
2025-08-06 02:00:00,500,3.189729110410538,3.6138052488799066,-0.42407613846936876,R1
2025-08-06 03:00:00,500,3.142720130040469,4.199717649658371,-1.0569975196179024,R1
2025-08-06 04:00:00,500,3.130377141282925,3.7029661872605018,-0.5725890459775766,R1
2025-08-06 05:00:00,500,3.2494163170089987,3.6392691147979073,-0.3898527977889086,R1
2025-08-06 06:00:00,500,3.196882803693574,4.124159148479212,-0.9272763447856378,R1
2025-08-06 07:00:00,500,3.360095181222148,3.6365199443556593,-0.2764247631335115,R1
2025-08-06 08:00:00,500,3.274174358245236,3.650654660955889,-0.3764803027106529,R1
2025-08-06 09:00:00,500,3.2592867858075194,3.762837694123324,-0.5035509083158045,R1
2025-08-06 10:00:00,500,3.3292947258813093,4.026948904777536,-0.6976541788962272,R1
2025-08-06 11:00:00,500,3.2951572639580657,3.7016604526465775,-0.40650318868851176,R1
2025-08-06 12:00:00,500,3.210786586799671,3.576207311272848,-0.36542072447317686,R1
2025-08-06 13:00:00,500,3.2060748211489853,3.541363387175382,-0.3352885660263967,R1
2025-08-06 14:00:00,500,3.141503825926591,3.396684650437709,-0.25518082451111823,R1
2025-08-06 15:00:00,500,3.279557641102512,3.783919194909547,-0.5043615538070352,R1
2025-08-06 16:00:00,500,3.211888780687516,3.6951537618324606,-0.48326498114494454,R1
2025-08-06 17:00:00,500,3.168792351034938,4.217410356560942,-1.048618005526004,R1
2025-08-06 18:00:00,500,3.227151927458991,3.4321745027048056,-0.20502257524581458,R1
2025-08-06 19:00:00,500,3.1454962508721898,3.581966567383344,-0.4364703165111541,R1
2025-08-06 20:00:00,500,3.132507886474213,3.507443698443303,-0.37493581196909,R1
2025-08-06 21:00:00,500,3.134872578286896,3.5160979809119355,-0.3812254026250397,R1
2025-08-06 22:00:00,500,3.118151647426832,3.581459291289667,-0.46330764386283496,R1
2025-08-06 23:00:00,500,3.166473050618024,3.5662510783135164,-0.39977802769549253,R1
2025-08-07 00:00:00,500,3.273482106539919,3.54126225928082,-0.26778015274090095,R1
2025-08-07 01:00:00,500,3.152312644280356,3.4381678178380315,-0.28585517355767553,R1
2025-08-07 02:00:00,500,3.1826346772649114,3.60643262034144,-0.4237979430765284,R1
2025-08-07 03:00:00,500,3.1565705066561263,3.6014054787044065,-0.44483497204828026,R1
2025-08-07 04:00:00,500,3.2366199640212105,3.578124923276224,-0.34150495925501323,R1
2025-08-07 05:00:00,500,3.2633908466222805,3.649349027435712,-0.38595818081343136,R1
2025-08-07 06:00:00,500,3.153917662622874,3.55407136920594,-0.4001537065830658,R1
2025-08-07 07:00:00,500,3.2074114392822395,3.428983672884522,-0.2215722336022825,R1
2025-08-07 08:00:00,500,3.194607647793443,3.610578793539847,-0.41597114574640415,R1
2025-08-07 09:00:00,500,3.1567605883684564,3.6773222346775927,-0.5205616463091363,R1
2025-08-07 10:00:00,500,3.194371666903208,3.632615276161158,-0.4382436092579498,R1
2025-08-07 11:00:00,500,3.268085718933874,3.6702088203875536,-0.4021231014536797,R1
2025-08-07 12:00:00,500,3.190557982402679,3.607302988194423,-0.4167450057917441,R1
2025-08-07 13:00:00,500,3.1771481993011603,3.6435689345262823,-0.46642073522512195,R1
2025-08-07 14:00:00,500,3.193842012067236,3.643169013987962,-0.4493270019207256,R1
2025-08-07 15:00:00,500,3.255198510712341,4.151986988107032,-0.8967884773946908,R1
2025-08-07 16:00:00,500,3.1800566531298053,3.615157355738722,-0.43510070260891665,R1
2025-08-07 17:00:00,500,3.197064717126107,3.6462620696129977,-0.44919735248689063,R1
2025-08-07 18:00:00,500,3.212155663502268,3.4261533432211104,-0.21399767971884254,R1
2025-08-07 19:00:00,500,3.1522953082540157,3.509821060708461,-0.3575257524544453,R1
2025-08-07 20:00:00,500,3.1154823746949285,3.5600322884234576,-0.44454991372852914,R1
2025-08-07 21:00:00,500,3.166172850848182,3.628947583412281,-0.46277473256409873,R1
2025-08-07 22:00:00,500,3.084741734674115,3.545750061818409,-0.46100832714429396,R1
2025-08-07 23:00:00,500,3.131045134090808,3.529560545978339,-0.3985154118875309,R1
2025-08-08 00:00:00,500,3.1198976103015683,3.4946575439605674,-0.37475993365899907,R1
2025-08-08 01:00:00,500,3.0620956552031617,3.5781554043433195,-0.5160597491401577,R1
2025-08-08 02:00:00,500,3.1376557559516955,3.508693637203599,-0.3710378812519033,R1
2025-08-08 03:00:00,500,3.1633216947142277,3.483035625875722,-0.31971393116149427,R1
2025-08-08 04:00:00,500,3.1682036800224505,3.511117840342198,-0.34291416031974764,R1
2025-08-08 05:00:00,500,3.191168303868324,3.666830136799469,-0.47566183293114506,R1
2025-08-08 06:00:00,500,3.151371606921129,3.5086242379366763,-0.3572526310155473,R1
2025-08-08 07:00:00,500,3.2262405312764737,3.518984760756118,-0.2927442294796445,R1
2025-08-08 08:00:00,500,3.274518989072015,3.5341092305312296,-0.2595902414592146,R1
2025-08-08 09:00:00,500,3.214887539227936,3.637242540243568,-0.42235500101563206,R1
2025-08-08 10:00:00,500,3.1756235656019927,3.576090090724964,-0.40046652512297154,R1
2025-08-08 11:00:00,500,3.477543124801068,3.612559248837254,-0.135016124036186,R1
2025-08-08 12:00:00,500,3.1520556303739005,3.589887347141676,-0.43783171676777544,R1
2025-08-08 13:00:00,500,3.221183666083576,3.4885743916548964,-0.26739072557132015,R1
2025-08-08 14:00:00,500,3.2880197420517607,4.213058986455492,-0.925039244403731,R1
2025-08-08 15:00:00,500,3.2729571113149225,3.5563868910025924,-0.2834297796876699,R1
2025-08-08 16:00:00,500,3.3344901485980447,4.088351475656455,-0.7538613270584102,R1
2025-08-08 17:00:00,500,3.228519100558374,3.5581398543573446,-0.3296207537989706,R1
2025-08-08 18:00:00,500,3.185059045347862,3.5535435712387096,-0.36848452589084735,R1
2025-08-08 19:00:00,500,3.175991060358664,3.559530562731673,-0.3835395023730088,R1
2025-08-08 20:00:00,500,3.214204600731071,3.51549292099248,-0.30128832026140895,R1
2025-08-08 21:00:00,500,3.1494774878495697,3.906901111198307,-0.7574236233487373,R1
2025-08-08 22:00:00,500,3.103986558652884,3.3703655552286547,-0.2663789965757708,R1
2025-08-08 23:00:00,500,3.3289445404414963,3.6040761563797497,-0.2751316159382533,R1
2025-08-09 00:00:00,500,3.063299043245147,3.3891717164006776,-0.3258726731555308,R1
2025-08-09 01:00:00,500,3.3332811701734,3.6353869687577904,-0.30210579858439024,R1
2025-08-09 02:00:00,500,3.238953467710409,3.7365521799717127,-0.4975987122613037,R1
2025-08-09 03:00:00,500,3.232456167967355,3.4845538841096166,-0.2520977161422615,R1
2025-08-09 04:00:00,500,3.1894039871785536,3.695873965932693,-0.5064699787541396,R1
2025-08-09 05:00:00,500,3.1617503278755525,3.3682881210117865,-0.206537793136234,R1
2025-08-09 06:00:00,500,3.296647034253261,3.435244153863385,-0.1385971196101239,R1
2025-08-09 07:00:00,500,3.229651862073275,3.54740102312066,-0.3177491610473848,R1
2025-08-09 08:00:00,500,3.255109918330558,3.5266354929989365,-0.2715255746683787,R1
2025-08-09 09:00:00,500,3.2703477540592987,3.812447742411606,-0.5420999883523074,R1
2025-08-09 10:00:00,500,3.1796323793381167,3.632823708371724,-0.45319132903360737,R1
2025-08-09 11:00:00,500,3.2483464527539265,3.4910253671753737,-0.24267891442144718,R1
2025-08-09 12:00:00,500,3.2134807802187204,4.108414057871579,-0.8949332776528589,R1
2025-08-09 13:00:00,500,3.1743591659893906,3.3719622466244954,-0.1976030806351048,R1
2025-08-09 14:00:00,500,3.1870107034504587,3.4382480486336786,-0.25123734518321994,R1
2025-08-09 15:00:00,500,3.1939547999466478,3.5410262905813408,-0.347071490634693,R1
2025-08-09 16:00:00,500,3.220835754314833,3.4553154300882487,-0.23447967577341577,R1
2025-08-09 17:00:00,500,3.1242436263903555,3.5896162203501927,-0.4653725939598372,R1
2025-08-09 18:00:00,500,3.1899582127694783,3.5320159385323238,-0.34205772576284543,R1
2025-08-09 19:00:00,500,3.206716430552879,3.432085979484775,-0.2253695489318961,R1
2025-08-09 20:00:00,500,3.133860575862579,4.390258075378178,-1.2563974995155989,R1
2025-08-09 21:00:00,500,3.1894273559610764,3.6150927598685834,-0.42566540390750696,R1
2025-08-09 22:00:00,500,3.1830327332830146,3.4880267929406794,-0.3049940596576648,R1
2025-08-09 23:00:00,500,3.0836180579127377,3.6941428833186776,-0.6105248254059399,R1
2025-08-10 00:00:00,500,3.186514495341124,3.661206984356606,-0.474692489015482,R1
2025-08-10 01:00:00,500,3.1798864763337886,3.485528493484172,-0.3056420171503835,R1
2025-08-10 02:00:00,500,3.154617026414111,3.54956669329002,-0.39494966687590916,R1
2025-08-10 03:00:00,500,3.1292700481411213,3.497705280656758,-0.3684352325156368,R1
2025-08-10 04:00:00,500,3.162691463753122,3.732046568525464,-0.5693551047723422,R1
2025-08-10 05:00:00,500,3.131289313131006,3.557978126974049,-0.42668881384304314,R1
2025-08-10 06:00:00,500,3.340622952924044,3.4809333360284698,-0.1403103831044259,R1
2025-08-10 07:00:00,500,3.121504473268381,3.3706501315786763,-0.24914565831029512,R1
2025-08-10 08:00:00,500,3.236863806278819,3.7485702506509777,-0.5117064443721588,R1
2025-08-10 09:00:00,500,3.201955181531817,3.72311786459059,-0.521162683058773,R1
2025-08-10 10:00:00,500,3.315381520192985,3.630416560883628,-0.3150350406906428,R1
2025-08-10 11:00:00,500,3.1627256622192017,3.4309955631598075,-0.26826990094060577,R1
2025-08-10 12:00:00,500,3.1410873739527125,3.631534020719258,-0.4904466467665456,R1
2025-08-10 13:00:00,500,3.221249865618819,3.507544853778456,-0.28629498815963705,R1
2025-08-10 14:00:00,500,3.193900781117037,3.4737890495766885,-0.27988826845965153,R1
2025-08-10 15:00:00,500,3.088641955639766,3.3151049347238537,-0.22646297908408775,R1
2025-08-10 16:00:00,500,3.18296084987152,3.759945196464286,-0.576984346592766,R1
2025-08-10 17:00:00,500,3.252730322416347,3.730912243059087,-0.47818192064274,R1
2025-08-10 18:00:00,500,3.12546851757133,3.956145360827376,-0.8306768432560458,R1
2025-08-10 19:00:00,500,3.143632218372928,3.775881558565361,-0.6322493401924332,R1
2025-08-10 20:00:00,500,3.196466731641268,3.5252964339642245,-0.3288297023229565,R1
2025-08-10 21:00:00,500,3.237578563489198,3.643307184743272,-0.40572862125407383,R1
2025-08-10 22:00:00,500,3.1556112696599268,3.9670645105322446,-0.8114532408723178,R1
2025-08-10 23:00:00,500,3.2002795609526804,3.494518872869763,-0.2942393119170825,R1
2025-08-11 00:00:00,500,3.194056040664034,4.031948279437235,-0.8378922387732008,R1
2025-08-11 01:00:00,500,3.2021873497712234,3.994587249267332,-0.7923998994961088,R1
2025-08-11 02:00:00,500,3.151364844130934,3.932435404342434,-0.7810705602115,R1
2025-08-11 03:00:00,500,3.1466656338542207,3.6223394005829936,-0.47567376672877293,R1
2025-08-11 04:00:00,500,3.198881402422725,4.028416354474227,-0.8295349520515019,R1
2025-08-11 05:00:00,500,3.202166180273775,3.619857999739663,-0.41769181946588807,R1
2025-08-11 06:00:00,500,3.175556397730743,3.614555349418115,-0.43899895168737224,R1
2025-08-11 07:00:00,500,3.154104971973807,3.6167063108928583,-0.4626013389190513,R1
2025-08-11 08:00:00,500,3.1859617063536567,3.760820120154458,-0.5748584138008015,R1
2025-08-11 09:00:00,500,3.1571894333612445,3.55989828125074,-0.40270884788949557,R1
2025-08-11 10:00:00,500,3.2284626411650508,3.706663051161804,-0.4782004099967532,R1
2025-08-11 11:00:00,500,3.248796280610016,4.029787306242238,-0.7809910256322214,R1
2025-08-11 12:00:00,500,3.336677821850274,3.869623267341209,-0.532945445490935,R1
2025-08-11 13:00:00,500,3.2630650058748696,3.573566890639277,-0.31050188476440743,R1
2025-08-11 14:00:00,500,3.275715877650003,3.664612610900317,-0.38889673325031415,R1
2025-08-11 15:00:00,500,3.1433487937234004,3.502310614926653,-0.3589618212032528,R1
2025-08-11 16:00:00,500,3.167181966204313,3.6312276445116383,-0.46404567830732546,R1
2025-08-11 17:00:00,500,3.18793365848254,3.8105896804054975,-0.6226560219229573,R1
2025-08-11 18:00:00,500,3.252066434442476,3.446533624420386,-0.19446718997791024,R1
2025-08-11 19:00:00,500,3.1904172912453714,3.852852043278077,-0.6624347520327056,R1
2025-08-11 20:00:00,500,3.161862618439512,3.5147059336168067,-0.3528433151772945,R1
2025-08-11 21:00:00,500,3.165649765823122,3.399402753733073,-0.23375298790995114,R1
2025-08-11 22:00:00,500,3.2244137261126107,3.549807388421444,-0.32539366230883315,R1
2025-08-11 23:00:00,500,3.2938362183365526,3.955279662580861,-0.6614434442443082,R1
2025-08-12 00:00:00,500,3.088836024047989,3.665653623762327,-0.5768175997143379,R1
2025-08-12 01:00:00,500,3.058880454246608,3.560959976767497,-0.5020795225208889,R1
2025-08-12 02:00:00,500,3.128017365432164,3.4829930337772805,-0.3549756683451166,R1
2025-08-12 03:00:00,500,3.16484469411288,3.48471463634456,-0.31986994223167997,R1
2025-08-12 04:00:00,500,3.15038724322694,3.692335638269913,-0.5419483950429727,R1
2025-08-12 05:00:00,500,3.2036755924759373,3.4488566833797067,-0.2451810909037695,R1
2025-08-12 06:00:00,500,3.155677445350298,3.485559137800731,-0.3298816924504333,R1
2025-08-12 07:00:00,500,3.300370455084245,3.5629519634948745,-0.26258150841062955,R1
2025-08-12 08:00:00,500,3.265216822378588,3.515597472598508,-0.25038065021991995,R1
2025-08-12 09:00:00,500,3.277893901645074,4.375497962788404,-1.09760406114333,R1
2025-08-12 10:00:00,500,3.3701146793250776,3.573305240608513,-0.2031905612834355,R1
2025-08-12 11:00:00,500,3.2585012148295838,3.678571964445661,-0.42007074961607715,R1
2025-08-12 12:00:00,500,3.1636375010854643,3.92038603947964,-0.7567485383941759,R1
2025-08-12 13:00:00,500,3.2247739869670498,3.638456946383279,-0.41368295941622923,R1
2025-08-12 14:00:00,500,3.207089502815088,3.497197642357156,-0.2901081395420677,R1
2025-08-12 15:00:00,500,3.292810275550557,3.6754013740244154,-0.3825910984738585,R1
2025-08-12 16:00:00,500,3.2420337290060472,3.6027855049189994,-0.36075177591295216,R1
2025-08-12 17:00:00,500,3.229446160395587,3.519493939565892,-0.2900477791703051,R1
2025-08-12 18:00:00,500,3.281611464108206,3.4682165190152667,-0.1866050549070608,R1
2025-08-12 19:00:00,500,3.2634314727377123,3.593418609100482,-0.32998713636276955,R1
2025-08-12 20:00:00,500,3.2562093676782897,3.636470626221019,-0.3802612585427294,R1
2025-08-12 21:00:00,500,3.3215321507800875,3.5311102827837093,-0.20957813200362185,R1
2025-08-12 22:00:00,500,3.167796895075917,3.533240979214661,-0.3654440841387441,R1
2025-08-12 23:00:00,500,3.192765005913915,3.557053697785448,-0.3642886918715327,R1
2025-08-13 00:00:00,500,3.109073345108999,3.5164792363135025,-0.4074058912045033,R1
2025-08-13 01:00:00,500,3.1042077230785865,3.5929310998128505,-0.488723376734264,R1
2025-08-13 02:00:00,500,3.1327790920986067,3.609698821496275,-0.47691972939766814,R1
2025-08-13 03:00:00,500,3.209509349175984,3.432913472727229,-0.22340412355124517,R1
2025-08-13 04:00:00,500,3.264806531482113,3.548667507117312,-0.2838609756351991,R1
2025-08-13 05:00:00,500,3.1818488839921257,3.652137344958404,-0.4702884609662781,R1
2025-08-13 06:00:00,500,3.155132525971406,4.551107923539515,-1.395975397568109,R1
2025-08-13 07:00:00,500,3.1868625408283213,3.489314612367487,-0.30245207153916587,R1
2025-08-13 08:00:00,500,3.2708182910486303,3.5123179109287337,-0.24149961988010338,R1
2025-08-13 09:00:00,500,3.241955211164236,3.521879780295573,-0.279924569131337,R1
2025-08-13 10:00:00,500,3.220166757649279,3.595027698888656,-0.37486094123937663,R1
2025-08-13 11:00:00,500,3.2406063931170275,3.568077008777358,-0.32747061566033064,R1
2025-08-13 12:00:00,500,3.2726743388183053,3.495777872513913,-0.22310353369560776,R1
2025-08-13 13:00:00,500,3.278660090242374,3.5517955734792603,-0.2731354832368864,R1
2025-08-13 14:00:00,500,3.1976688061754404,3.544603771623359,-0.3469349654479186,R1
2025-08-13 15:00:00,500,3.1684081994151674,3.764554796524157,-0.5961465971089894,R1
2025-08-13 16:00:00,500,3.113589853343236,4.275678150518128,-1.162088297174892,R1
2025-08-13 17:00:00,500,3.1265867078084315,3.492089603183819,-0.3655028953753874,R1
2025-08-13 18:00:00,500,3.201472430990787,4.303460605807358,-1.1019881748165714,R1
2025-08-13 19:00:00,500,3.176490946486818,3.441733602562764,-0.26524265607594577,R1
2025-08-13 20:00:00,500,3.1170207835195054,3.743613958662378,-0.6265931751428724,R1
2025-08-13 21:00:00,500,3.060131946840701,3.4236939729871394,-0.3635620261464383,R1
2025-08-13 22:00:00,500,3.2804199140885486,3.5637239280231263,-0.2833040139345777,R1
2025-08-13 23:00:00,500,3.1963720227372767,3.445697938304254,-0.24932591556697714,R1
2025-08-14 00:00:00,500,3.1512789989247705,3.4708880796079797,-0.31960908068320926,R1
2025-08-14 01:00:00,500,3.170390184143451,3.509869804729868,-0.33947962058641723,R1
2025-08-14 02:00:00,500,3.0778946473072715,3.4405421972584618,-0.3626475499511903,R1
2025-08-14 03:00:00,500,3.079371110486326,3.4739406982150247,-0.39456958772869877,R1
2025-08-14 04:00:00,500,3.13379454902158,3.626902874920773,-0.49310832589919285,R1
2025-08-14 05:00:00,500,3.1156862644726955,3.898929567178318,-0.7832433027056225,R1
2025-08-14 06:00:00,500,3.099236185207941,3.617035890879992,-0.5177997056720511,R1
2025-08-14 07:00:00,500,3.0988238837203577,3.494277338155029,-0.3954534544346715,R1
2025-08-14 08:00:00,500,3.2295997956929163,3.596539990312287,-0.3669401946193709,R1
2025-08-14 09:00:00,500,3.1545503657453904,3.6114171616941,-0.4568667959487098,R1
2025-08-14 10:00:00,500,3.139513977643768,3.573828082895143,-0.4343141052513748,R1
2025-08-14 11:00:00,500,3.1077006154185565,3.4394947913180984,-0.33179417589954197,R1
2025-08-14 12:00:00,500,3.2563009963808773,3.530775124803561,-0.2744741284226837,R1
2025-08-14 13:00:00,500,3.114786345917924,3.563040094073887,-0.44825374815596275,R1
2025-08-14 14:00:00,500,3.1360830223832346,3.8127092897573376,-0.676626267374103,R1
2025-08-14 15:00:00,500,3.106026451051366,3.5311764714035343,-0.4251500203521683,R1
2025-08-14 16:00:00,500,3.148332436171999,3.551474126499796,-0.40314169032779734,R1
2025-08-14 17:00:00,500,3.103459771930542,3.451174622137666,-0.34771485020712367,R1
2025-08-14 18:00:00,500,3.1186358475849203,4.12786030056643,-1.0092244529815093,R1
2025-08-14 19:00:00,500,3.088116312211384,3.5958254635309648,-0.5077091513195806,R1
2025-08-14 20:00:00,500,3.1628778089260106,3.482603457388007,-0.3197256484619966,R1
2025-08-14 21:00:00,500,3.094736883044706,3.538777028293975,-0.4440401452492688,R1
2025-08-14 22:00:00,500,3.132288906456327,3.350733256254776,-0.21844434979844918,R1
2025-08-14 23:00:00,500,3.070205041352817,3.3412976500863563,-0.27109260873353946,R1
2025-08-15 00:00:00,500,3.0562343384522777,3.350737371603036,-0.2945030331507583,R1
2025-08-15 01:00:00,500,3.096236441402485,4.321131722508092,-1.2248952811056069,R1
2025-08-15 02:00:00,500,3.100578507865467,3.519674981851711,-0.4190964739862437,R1
2025-08-15 03:00:00,500,3.1726446313920795,3.4502783110913304,-0.2776336796992509,R1
2025-08-15 04:00:00,500,3.2177812511838657,3.4439575931713007,-0.22617634198743497,R1
2025-08-15 05:00:00,500,3.214625562732784,3.4812128608011728,-0.26658729806838855,R1
2025-08-15 06:00:00,500,3.0694656279517343,3.5736161140585603,-0.504150486106826,R1
2025-08-15 07:00:00,500,3.0888061963138016,4.156720611927375,-1.0679144156135738,R1
2025-08-15 08:00:00,500,3.078775806786266,3.4018201261482277,-0.32304431936196165,R1
2025-08-15 09:00:00,500,3.0532847954181888,3.323775729972682,-0.270490934554493,R1
2025-08-15 10:00:00,500,3.168559515971735,3.406566217896764,-0.23800670192502915,R1
2025-08-15 11:00:00,500,3.1674850661124565,3.4639052806810144,-0.29642021456855794,R1
2025-08-15 12:00:00,500,3.1075624628807725,3.3934514527454773,-0.2858889898647048,R1
2025-08-15 13:00:00,500,3.183550042344846,3.2662530896249744,-0.08270304728012823,R1
2025-08-15 14:00:00,500,3.106658554113785,3.3998274922117355,-0.2931689380979505,R1
2025-08-15 15:00:00,500,3.1478648121619544,3.624014924674925,-0.47615011251297057,R1
2025-08-15 16:00:00,500,3.1489846674631945,3.408901243509697,-0.25991657604650253,R1
2025-08-15 17:00:00,500,3.1042015646774024,3.50654094305556,-0.4023393783781577,R1
2025-08-15 18:00:00,500,3.137714327823761,3.3388602461097654,-0.20114591828600448,R1
2025-08-15 19:00:00,500,3.0041975479284377,3.423396356857562,-0.4191988089291243,R1
2025-08-15 20:00:00,500,3.199617198138301,3.5202453136920075,-0.32062811555370674,R1
2025-08-15 21:00:00,500,3.191372281789051,3.432382724438595,-0.24101044264954385,R1
2025-08-15 22:00:00,500,3.117092515130542,3.53850794340078,-0.4214154282702376,R1
2025-08-15 23:00:00,500,3.005997301859105,3.319688857443507,-0.313691555584402,R1
2025-08-16 00:00:00,500,3.1295180447699966,4.24193122433119,-1.1124131795611936,R1
2025-08-16 01:00:00,500,3.0355440880488014,3.385754390261466,-0.3502103022126648,R1
2025-08-16 02:00:00,500,2.963311394674314,3.3106019341869044,-0.34729053951259026,R1
2025-08-16 03:00:00,500,3.058771813659473,3.5561814336984643,-0.4974096200389915,R1
2025-08-16 04:00:00,500,3.088064056495356,3.955676785886992,-0.8676127293916358,R1
2025-08-16 05:00:00,500,3.128165946647914,3.554686329324608,-0.4265203826766939,R1
2025-08-16 06:00:00,500,3.1723274788609834,3.5670610378866314,-0.394733559025648,R1
2025-08-16 07:00:00,500,3.1294232163054216,3.636673720436321,-0.5072505041308992,R1
2025-08-16 08:00:00,500,3.127338746431842,3.4741729666495638,-0.3468342202177217,R1
2025-08-16 09:00:00,500,3.1110232274735785,3.451059855837768,-0.3400366283641896,R1
2025-08-16 10:00:00,500,3.1231053268003843,3.511608373253252,-0.3885030464528678,R1
2025-08-16 11:00:00,500,3.1199536622013357,3.9539375013611178,-0.833983839159782,R1
2025-08-16 12:00:00,500,3.1864394169092254,3.519045285409877,-0.33260586850065144,R1
2025-08-16 13:00:00,500,3.147298734181488,3.5761325388744662,-0.42883380469297805,R1
2025-08-16 14:00:00,500,3.216191886027871,3.494808654418727,-0.27861676839085625,R1
2025-08-16 15:00:00,500,3.168754211982128,3.5373442317440023,-0.3685900197618741,R1
2025-08-16 16:00:00,500,3.1825366947165614,3.508211440242917,-0.32567474552635556,R1
2025-08-16 17:00:00,500,3.170152952659784,3.444569993039675,-0.2744170403798911,R1
2025-08-16 18:00:00,500,3.1756374613682192,3.236146185848311,-0.060508724480091924,R1
2025-08-16 19:00:00,500,3.25625584656745,3.66846473707744,-0.4122088905099903,R1
2025-08-16 20:00:00,500,3.066662775559125,3.505013448358606,-0.43835067279948126,R1
2025-08-16 21:00:00,500,3.0721469365081298,3.528758151525251,-0.4566112150171211,R1
2025-08-16 22:00:00,500,3.1165032161007247,3.487990903909239,-0.37148768780851427,R1
2025-08-16 23:00:00,500,3.147667077033336,3.4518281357173,-0.30416105868396404,R1
2025-08-17 00:00:00,500,3.061153632877762,3.5241607304071296,-0.4630070975293674,R1
2025-08-17 01:00:00,500,3.1371370222640427,3.359600470690528,-0.22246344842648513,R1
2025-08-17 02:00:00,500,3.2036156888976084,3.504151896181225,-0.30053620728361663,R1
2025-08-17 03:00:00,500,3.1472168231870605,3.43574824676089,-0.28853142357382966,R1
2025-08-17 04:00:00,500,3.101385041075,3.5311236720330164,-0.42973863095801645,R1
2025-08-17 05:00:00,500,3.0676068555037213,3.590445102651734,-0.5228382471480129,R1
2025-08-17 06:00:00,500,3.173544467590649,3.6398034320252983,-0.4662589644346493,R1
2025-08-17 07:00:00,500,3.2488129501947705,3.3978511281206845,-0.149038177925914,R1
2025-08-17 08:00:00,500,3.0908581599024503,3.6644522227485896,-0.5735940628461393,R1
2025-08-17 09:00:00,500,3.1867777759061444,3.5339799095342803,-0.3472021336281359,R1
2025-08-17 10:00:00,500,3.162906893408517,3.50373146253989,-0.34082456913137316,R1
2025-08-17 11:00:00,500,3.224854600880204,3.506655942699809,-0.28180134181960526,R1
2025-08-17 12:00:00,500,3.166833818737516,3.5879856588187597,-0.42115184008124373,R1
2025-08-17 13:00:00,500,3.1150035417170705,4.2439060148401735,-1.128902473123103,R1
2025-08-17 14:00:00,500,3.1661846245210907,3.485431434408978,-0.3192468098878871,R1
2025-08-17 15:00:00,500,3.233448921469595,4.1485946551592425,-0.9151457336896476,R1
2025-08-17 16:00:00,500,3.129321506059401,3.604597346366676,-0.47527584030727477,R1
2025-08-17 17:00:00,500,3.252373807506344,3.6177806452901415,-0.36540683778379757,R1
2025-08-17 18:00:00,500,3.1760247387175142,4.0074211810399065,-0.8313964423223923,R1
2025-08-17 19:00:00,500,3.055636828450468,3.445039578664009,-0.3894027502135411,R1
2025-08-17 20:00:00,500,3.12520982631547,3.535201533058451,-0.4099917067429808,R1
2025-08-17 21:00:00,500,3.106453494842341,3.3398689425442174,-0.2334154477018764,R1
2025-08-17 22:00:00,500,3.146384267859234,3.746401563071403,-0.6000172952121687,R1
2025-08-17 23:00:00,500,3.091245729618331,3.577371387584644,-0.4861256579663129,R1
2025-08-18 00:00:00,500,3.1058910334359062,3.59117982578318,-0.48528879234727373,R1
2025-08-18 01:00:00,500,3.2142422737898686,3.5108724555652926,-0.296630181775424,R1
2025-08-18 02:00:00,500,3.0630082511998635,3.649151115608098,-0.5861428644082345,R1
2025-08-18 03:00:00,500,3.1509766298256183,3.416123075232734,-0.26514644540711574,R1
2025-08-18 04:00:00,500,3.102205593394461,3.56929797076448,-0.4670923773700193,R1
2025-08-18 05:00:00,500,3.1185446299548003,3.5381300948726597,-0.4195854649178594,R1
2025-08-18 06:00:00,500,3.108831402564964,3.4605669747566026,-0.35173557219163865,R1
2025-08-18 07:00:00,500,3.133428212180096,3.376889244273483,-0.243461032093387,R1
2025-08-18 08:00:00,500,3.1631803833256305,3.612865112458808,-0.44968472913317736,R1
2025-08-18 09:00:00,500,3.176443892452532,3.420892094914766,-0.2444482024622343,R1
2025-08-18 10:00:00,500,3.1707103522837805,3.659329723932693,-0.48861937164891245,R1
2025-08-18 11:00:00,500,3.1588784319203205,3.514904771213689,-0.35602633929336847,R1
2025-08-18 12:00:00,500,3.253030637736535,3.6476168330770538,-0.39458619534051875,R1
2025-08-18 13:00:00,500,3.20563387006008,3.695739350275265,-0.49010548021518474,R1
2025-08-18 14:00:00,500,3.2541699723296924,3.4586757282587186,-0.2045057559290262,R1
2025-08-18 15:00:00,500,3.289739691935024,4.156319843249466,-0.8665801513144418,R1
2025-08-18 16:00:00,500,3.236831495943848,3.60692368216084,-0.37009218621699214,R1
2025-08-18 17:00:00,500,3.2510481710070525,3.5795152456127584,-0.3284670746057059,R1
2025-08-18 18:00:00,500,3.226653456569052,4.1376414232632905,-0.9109879666942384,R1
2025-08-18 19:00:00,500,3.256996613545293,3.615119548497032,-0.3581229349517394,R1
2025-08-18 20:00:00,500,3.2539450603056075,3.636227933725148,-0.3822828734195407,R1
2025-08-18 21:00:00,500,3.1590064595799823,3.631234072475277,-0.4722276128952947,R1
2025-08-18 22:00:00,500,3.216129120530191,3.6184190091471375,-0.40228988861694637,R1
2025-08-18 23:00:00,500,3.283246980058942,3.4716179650761387,-0.18837098501719662,R1
2025-08-19 00:00:00,500,3.219593371332262,3.6649496924545657,-0.4453563211223037,R1
2025-08-19 01:00:00,500,3.1969225858800456,3.475958096970468,-0.27903551109042235,R1
2025-08-19 02:00:00,500,3.184767381135817,3.5078062119952382,-0.3230388308594212,R1
2025-08-19 03:00:00,500,3.168479565510153,3.5023099189682863,-0.3338303534581333,R1
2025-08-19 04:00:00,500,3.1209217272049026,3.517500074864025,-0.39657834765912225,R1
2025-08-19 05:00:00,500,3.1275354503687107,3.621520835312186,-0.4939853849434752,R1
2025-08-19 06:00:00,500,3.155395245381112,3.567757378866546,-0.41236213348543416,R1
2025-08-19 07:00:00,500,3.2597825170109127,3.5564299331281912,-0.2966474161172785,R1
2025-08-19 08:00:00,500,3.218836630262988,3.524029435177149,-0.305192804914161,R1
2025-08-19 09:00:00,500,3.15731492381762,3.582465947900888,-0.4251510240832679,R1
2025-08-19 10:00:00,500,3.272806308239584,3.5663636156230822,-0.29355730738349806,R1
2025-08-19 11:00:00,500,3.236808728113222,3.6695627092118666,-0.4327539810986445,R1
2025-08-19 12:00:00,500,3.1311972171799725,3.493419673480047,-0.36222245630007466,R1
2025-08-19 13:00:00,500,3.241148606000409,3.7618677603814983,-0.5207191543810894,R1
2025-08-19 14:00:00,500,3.2609665302647124,3.60808180910482,-0.3471152788401075,R1
2025-08-19 15:00:00,500,3.280033665461891,3.4703264330969823,-0.1902927676350914,R1
2025-08-19 16:00:00,500,3.30716718208972,3.8004551692363058,-0.49328798714658584,R1
2025-08-19 17:00:00,500,3.2282524107234534,4.184936355167162,-0.9566839444437085,R1
2025-08-19 18:00:00,500,3.259382066108212,3.5139466024149524,-0.2545645363067406,R1
2025-08-19 19:00:00,500,3.1615999353222395,3.501203553789124,-0.3396036184668847,R1
2025-08-19 20:00:00,500,3.24254135486698,3.48589817642458,-0.24335682155760008,R1
2025-08-19 21:00:00,500,3.1856811960853846,3.5633528351738626,-0.377671639088478,R1
2025-08-19 22:00:00,500,3.2973409338553097,3.513475662933354,-0.21613472907804443,R1
2025-08-19 23:00:00,500,3.120754366719937,3.490150132633771,-0.36939576591383405,R1
2025-08-20 00:00:00,500,3.2033185411655123,3.4618075407508364,-0.2584889995853241,R1
2025-08-20 01:00:00,500,3.102411036684193,4.242065877551068,-1.1396548408668745,R1
2025-08-20 02:00:00,500,3.229026691914339,3.5678667695783832,-0.33884007766404434,R1
2025-08-20 03:00:00,500,3.2360359205762883,3.440149909441809,-0.20411398886552057,R1
2025-08-20 04:00:00,500,3.172732578630674,3.488888607925221,-0.3161560292945471,R1
2025-08-20 05:00:00,500,3.137088650021825,3.485372770979541,-0.3482841209577159,R1
2025-08-20 06:00:00,500,3.089536006647425,3.4634942717920656,-0.3739582651446405,R1
2025-08-20 07:00:00,500,3.1771036614551766,3.532026085737947,-0.35492242428277043,R1
2025-08-20 08:00:00,500,3.213400992632524,3.347065062050274,-0.13366406941774978,R1
2025-08-20 09:00:00,500,3.096920747347552,3.533928658493417,-0.4370079111458649,R1
2025-08-20 10:00:00,500,3.1382966333678284,3.4661064908295325,-0.3278098574617041,R1
2025-08-20 11:00:00,500,3.2327882502969536,3.5829279584982223,-0.3501397082012687,R1
2025-08-20 12:00:00,500,3.0640126012989746,3.4233865072817435,-0.35937390598276897,R1
2025-08-20 13:00:00,500,3.1649927536642526,3.594902516226978,-0.4299097625627253,R1
2025-08-20 14:00:00,500,3.137581659097351,3.64932538601768,-0.5117437269203293,R1
2025-08-20 15:00:00,500,3.2281687894947098,3.5403015674563383,-0.3121327779616285,R1
2025-08-20 16:00:00,500,3.222127967253656,3.610889196387996,-0.3887612291343401,R1
2025-08-20 17:00:00,500,3.1718103084944653,3.597198262973249,-0.42538795447878375,R1
2025-08-20 18:00:00,500,3.098751350963828,3.343563484518491,-0.24481213355466336,R1
2025-08-20 19:00:00,500,3.179498560397829,3.7364113466705287,-0.5569127862726995,R1
2025-08-20 20:00:00,500,3.3390093506795884,3.540018008758389,-0.20100865807880064,R1
2025-08-20 21:00:00,500,3.1035250712077027,4.288430471675867,-1.1849054004681645,R1
2025-08-20 22:00:00,500,3.124015902782024,3.644998081188553,-0.5209821784065292,R1
2025-08-20 23:00:00,500,3.1244412400292423,3.327030272298281,-0.20258903226903868,R1
2025-08-21 00:00:00,500,3.1783814869500127,3.833982929410479,-0.6556014424604664,R1
2025-08-21 01:00:00,500,3.1449899049985577,3.548145644875607,-0.40315573987704934,R1
2025-08-21 02:00:00,500,3.239471581219887,3.559324181395868,-0.31985260017598094,R1
2025-08-21 03:00:00,500,3.3788932780851497,3.996740854492652,-0.6178475764075024,R1
2025-08-21 04:00:00,500,3.1123039325231314,3.611665277727917,-0.4993613452047856,R1
2025-08-21 05:00:00,500,3.205860879924938,3.5992860473338566,-0.3934251674089184,R1
2025-08-21 06:00:00,500,3.076786387582962,3.494359301710989,-0.4175729141280269,R1
2025-08-21 07:00:00,500,3.1926748354569088,3.521836373906272,-0.32916153844936336,R1
2025-08-21 08:00:00,500,3.227131466459934,3.672116466405949,-0.4449849999460147,R1
2025-08-21 09:00:00,500,3.1721995812283,3.6284906447551792,-0.4562910635268791,R1
2025-08-21 10:00:00,500,3.1891144427477047,3.555803203108817,-0.3666887603611122,R1
2025-08-21 11:00:00,500,3.318795415183032,3.590772936203257,-0.2719775210202249,R1
2025-08-21 12:00:00,500,3.274704921983598,4.149321099385031,-0.8746161774014332,R1
2025-08-21 13:00:00,500,3.25959903986333,3.410543355783544,-0.15094431592021396,R1
2025-08-21 14:00:00,500,3.175272426660032,3.4255264302986204,-0.2502540036385885,R1
2025-08-21 15:00:00,500,3.2195872009496527,3.6638323218683655,-0.4442451209187128,R1
2025-08-21 16:00:00,500,3.1154608377189814,3.476081612783561,-0.36062077506457957,R1
2025-08-21 17:00:00,500,3.206868416068178,3.501773720867548,-0.2949053047993697,R1
2025-08-21 18:00:00,500,3.179398647317938,3.519548778472302,-0.3401501311543642,R1
2025-08-21 19:00:00,500,3.1647067434136757,3.5048915079583822,-0.3401847645447065,R1
2025-08-21 20:00:00,500,3.1600441248615314,3.921384999358724,-0.7613408744971926,R1
2025-08-21 21:00:00,500,3.139380318035451,3.365187448384866,-0.2258071303494149,R1
2025-08-21 22:00:00,500,3.069733294548888,3.4783222244094487,-0.4085889298605605,R1
2025-08-21 23:00:00,500,3.1288070094613136,3.561720762543796,-0.43291375308248226,R1
2025-08-22 00:00:00,500,3.115153125127641,3.4132558039029983,-0.29810267877535734,R1
2025-08-22 01:00:00,500,3.1260481534333366,3.496251024449238,-0.37020287101590155,R1
2025-08-22 02:00:00,500,3.128414291127489,4.083051322297777,-0.9546370311702881,R1
2025-08-22 03:00:00,500,3.132736102430541,3.578640260544246,-0.4459041581137053,R1
2025-08-22 04:00:00,500,3.1208863824734903,3.550030343343976,-0.4291439608704857,R1
2025-08-22 05:00:00,500,3.1985560957851265,3.543598249138456,-0.34504215335332944,R1
2025-08-22 06:00:00,500,3.193343200065072,4.229429782642592,-1.03608658257752,R1
2025-08-22 07:00:00,500,3.099301486005827,3.405087892018346,-0.3057864060125186,R1
2025-08-22 08:00:00,500,3.066231636906446,3.50886616819789,-0.44263453129144414,R1
2025-08-22 09:00:00,500,3.3080957082178144,3.4669264083978364,-0.158830700180022,R1
2025-08-22 10:00:00,500,3.3137977935715752,3.6462634349381,-0.3324656413665248,R1
2025-08-22 11:00:00,500,3.1623717849701025,3.559149169362812,-0.3967773843927094,R1
2025-08-22 12:00:00,500,3.11369813104566,3.556661685272022,-0.4429635542263619,R1
2025-08-22 13:00:00,500,3.14652632210866,3.5868945731996784,-0.4403682510910185,R1
2025-08-22 14:00:00,500,3.1407495084900945,3.5032302082789224,-0.3624806997888279,R1
2025-08-22 15:00:00,500,3.215060144314408,3.4180250009429303,-0.20296485662852248,R1
2025-08-22 16:00:00,500,3.125786593294324,3.554149221281764,-0.42836262798743974,R1
2025-08-22 17:00:00,500,3.175564055175712,3.406060842221691,-0.2304967870459791,R1
2025-08-22 18:00:00,500,3.132533651975734,3.6689245825299777,-0.5363909305542438,R1
2025-08-22 19:00:00,500,3.054300678846429,3.3513971671742677,-0.29709648832783886,R1
2025-08-22 20:00:00,500,3.201762699730609,3.366293826392653,-0.16453112666204417,R1
2025-08-22 21:00:00,500,3.1812475617874814,3.569800298461911,-0.3885527366744297,R1
2025-08-22 22:00:00,500,3.0815815042793355,3.4739881439494247,-0.39240663967008915,R1
2025-08-22 23:00:00,500,3.122042059388512,3.2970579039930845,-0.17501584460457265,R1
2025-08-23 00:00:00,500,3.136818387025384,3.323472000371491,-0.18665361334610697,R1
2025-08-23 01:00:00,500,3.1979056891946764,3.575882436209102,-0.37797674701442574,R1
2025-08-23 02:00:00,500,3.126001018375553,3.398992776209867,-0.27299175783431373,R1
2025-08-23 03:00:00,500,3.130295368288958,3.3256101565070084,-0.1953147882180506,R1
2025-08-23 04:00:00,500,3.1627899954061296,3.53204645219317,-0.3692564567870402,R1
2025-08-23 05:00:00,500,3.166289836534917,3.466797432058609,-0.3005075955236922,R1
2025-08-23 06:00:00,500,3.172010002916026,3.595388498054434,-0.4233784951384081,R1
2025-08-23 07:00:00,500,3.172995526285438,3.52947341205074,-0.3564778857653019,R1
2025-08-23 08:00:00,500,3.1704294783774185,3.4858064568056872,-0.31537697842826873,R1
2025-08-23 09:00:00,500,3.134720058690398,3.5324404502826208,-0.3977203915922227,R1
2025-08-23 10:00:00,500,3.2583673827231743,3.627147069541018,-0.3687796868178439,R1
2025-08-23 11:00:00,500,3.2109226235335235,3.563944454471394,-0.35302183093787054,R1
2025-08-23 12:00:00,500,3.1597465842171704,3.624804296533004,-0.4650577123158337,R1
2025-08-23 13:00:00,500,3.271975881490273,3.4779708153202966,-0.20599493383002354,R1
2025-08-23 14:00:00,500,3.235892047294502,3.469810962366355,-0.23391891507185303,R1
2025-08-23 15:00:00,500,3.2487008707862777,3.6486687038713295,-0.3999678330850518,R1
2025-08-23 16:00:00,500,3.17770859681188,3.700762471360415,-0.5230538745485349,R1
2025-08-23 17:00:00,500,3.09905316759679,3.830909399545731,-0.731856231948941,R1
2025-08-23 18:00:00,500,2.963593983318477,3.426165207558024,-0.462571224239547,R1
2025-08-23 19:00:00,500,3.006178468973007,4.454027881701495,-1.447849412728488,R1
2025-08-23 20:00:00,500,2.981336913326192,3.235125418275723,-0.25378850494953076,R1
2025-08-23 21:00:00,500,3.051783821144721,3.4749210346131165,-0.4231372134683955,R1
2025-08-23 22:00:00,500,2.991227325385394,3.396845884555108,-0.4056185591697141,R1
2025-08-23 23:00:00,500,2.9270248929540266,3.1846454625271408,-0.2576205695731142,R1
2025-08-24 00:00:00,500,2.903650886211919,3.159182929548168,-0.25553204333624935,R1
2025-08-24 01:00:00,500,2.887572468929112,3.207251575355468,-0.319679106426356,R1
2025-08-24 02:00:00,500,3.006119889056828,3.3631165643176635,-0.35699667526083534,R1
2025-08-24 03:00:00,500,2.9816984390703603,3.271141723997761,-0.2894432849274007,R1
2025-08-24 04:00:00,500,2.893488872214086,3.401228501678187,-0.5077396294641012,R1
2025-08-24 05:00:00,500,3.010198324813052,3.390418403964496,-0.38022007915144407,R1
2025-08-24 06:00:00,500,3.064976978394849,3.430407027747021,-0.36543004935217205,R1
2025-08-24 07:00:00,500,3.1168653613188786,3.2901718021107405,-0.17330644079186186,R1
2025-08-24 08:00:00,500,2.9561157902384028,3.074940993762921,-0.11882520352451831,R1
2025-08-24 09:00:00,500,2.972745711826826,3.912361645231792,-0.9396159334049661,R1
2025-08-24 10:00:00,500,3.005400374178361,3.334484289069457,-0.329083914891096,R1
2025-08-24 11:00:00,500,3.0374447982210864,3.38839915670944,-0.35095435848835344,R1
2025-08-24 12:00:00,500,2.9908496593708827,3.4852032386068994,-0.49435357923601675,R1
2025-08-24 13:00:00,500,3.024909410475792,3.412911252566341,-0.3880018420905489,R1
2025-08-24 14:00:00,500,2.8980284938256498,3.3355996908067604,-0.4375711969811107,R1
2025-08-24 15:00:00,500,3.000739767573014,3.4731295133369686,-0.47238974576395476,R1
2025-08-24 16:00:00,500,2.9450880532670496,3.370927370412893,-0.4258393171458432,R1
2025-08-24 17:00:00,500,3.022631227511148,3.299016260673116,-0.2763850331619677,R1
2025-08-24 18:00:00,500,3.038830305577425,3.247813265676771,-0.20898296009934603,R1
2025-08-24 19:00:00,500,3.007036704593741,3.240512502047827,-0.2334757974540862,R1
2025-08-24 20:00:00,500,2.9112851779988578,3.409978722115552,-0.4986935441166942,R1
2025-08-24 21:00:00,500,2.99356073187557,3.257508432833716,-0.2639477009581461,R1
2025-08-24 22:00:00,500,2.887373337477391,3.1650886865680223,-0.2777153490906312,R1
2025-08-24 23:00:00,500,2.960234519498614,3.4225626237116016,-0.4623281042129874,R1
2025-08-25 00:00:00,500,2.9564224562532004,3.1491538938590464,-0.192731437605846,R1
2025-08-25 01:00:00,500,2.845633131817645,3.215144043704741,-0.36951091188709606,R1
2025-08-25 02:00:00,500,2.894240989198221,3.274406316578483,-0.3801653273802619,R1
2025-08-25 03:00:00,500,2.978828586062153,3.4624624784153726,-0.4836338923532195,R1
2025-08-25 04:00:00,500,2.9698129147788728,3.222302694889949,-0.25248978011107637,R1
2025-08-25 05:00:00,500,3.0211934900346304,3.447551938127742,-0.4263584480931115,R1
2025-08-25 06:00:00,500,3.029121883448017,3.418585663007972,-0.3894637795599549,R1
2025-08-25 07:00:00,500,3.0530832472267098,3.2599406700305216,-0.2068574228038118,R1
2025-08-25 08:00:00,500,2.8755375489658235,3.378910835992929,-0.5033732870271055,R1
2025-08-25 09:00:00,500,3.0199400877537363,3.4795214074661898,-0.4595813197124534,R1
2025-08-25 10:00:00,500,3.009162420466414,3.365460974220931,-0.35629855375451713,R1
2025-08-25 11:00:00,500,2.9864384368460186,3.3425543414078858,-0.35611590456186715,R1
2025-08-25 12:00:00,500,2.858548852994919,3.537694875393052,-0.6791460223981329,R1
2025-08-25 13:00:00,500,3.0163435959290488,3.409260374109208,-0.392916778180159,R1
2025-08-25 14:00:00,500,2.984975735142779,3.526772810318081,-0.5417970751753018,R1
2025-08-25 15:00:00,500,3.015743377574378,3.4125522695487915,-0.3968088919744135,R1
2025-08-25 16:00:00,500,2.892213996103303,3.349588032985106,-0.4573740368818031,R1
2025-08-25 17:00:00,500,2.9164279569021847,3.275155423957211,-0.35872746705502623,R1
2025-08-25 18:00:00,500,2.955555584548351,3.191558224412696,-0.2360026398643451,R1
2025-08-25 19:00:00,500,2.9767775620302017,3.16873264679951,-0.19195508476930812,R1
2025-08-25 20:00:00,500,2.934894645565731,3.176367611543073,-0.24147296597734202,R1
2025-08-25 21:00:00,500,2.948648872869625,3.285697621633847,-0.337048748764222,R1
2025-08-25 22:00:00,500,2.9463832038224167,3.4622348263017177,-0.515851622479301,R1
2025-08-25 23:00:00,500,2.9642127959657127,3.3776193341389624,-0.4134065381732497,R1
2025-08-26 00:00:00,500,3.0199863124119783,3.335790482279693,-0.31580416986771453,R1
2025-08-26 01:00:00,500,2.96153403607595,3.409883609159504,-0.44834957308355383,R1
2025-08-26 02:00:00,500,2.994596192119387,4.082306588592471,-1.0877103964730837,R1
2025-08-26 03:00:00,500,2.9279123032588354,3.32082684993498,-0.39291454667614456,R1
2025-08-26 04:00:00,500,2.968985378553436,4.172001832478212,-1.2030164539247763,R1
2025-08-26 05:00:00,500,3.011655378016845,4.273543156883309,-1.261887778866464,R1
2025-08-26 06:00:00,500,3.07430614097454,3.422729389323085,-0.34842324834854477,R1
2025-08-26 07:00:00,500,3.030158911221107,3.469423242192076,-0.43926433097096895,R1
2025-08-26 08:00:00,500,2.9732119133886155,3.385322851024499,-0.41211093763588336,R1
2025-08-26 09:00:00,500,3.074838585013031,3.508369004779871,-0.4335304197668397,R1
2025-08-26 10:00:00,500,3.0194656008677367,3.4393770428243,-0.41991144195656327,R1
2025-08-26 11:00:00,500,3.0349267732111938,3.306312820657654,-0.2713860474464602,R1
2025-08-26 12:00:00,500,3.0751525272335867,3.242071490784256,-0.16691896355066937,R1
2025-08-26 13:00:00,500,3.1695721746841308,3.5160115034212653,-0.34643932873713457,R1
2025-08-26 14:00:00,500,3.105810798061212,3.450045465782164,-0.344234667720952,R1
2025-08-26 15:00:00,500,3.1412620312813653,3.285888427856368,-0.14462639657500276,R1
2025-08-26 16:00:00,500,2.96868936216505,3.5311257907672498,-0.5624364286021999,R1
2025-08-26 17:00:00,500,2.96356855938064,3.910177715326176,-0.9466091559455361,R1
2025-08-26 18:00:00,500,2.9533212556429733,3.4014453292844986,-0.4481240736415253,R1
2025-08-26 19:00:00,500,2.937545162779833,3.33619416922008,-0.39864900644024726,R1
2025-08-26 20:00:00,500,3.0092111456012858,3.327699529873581,-0.3184883842722952,R1
2025-08-26 21:00:00,500,2.9853928222269914,4.03776376564566,-1.0523709434186683,R1
2025-08-26 22:00:00,500,3.0453634621750947,3.365865103236508,-0.32050164106141343,R1
2025-08-26 23:00:00,500,3.044464353216516,3.3445940998989974,-0.30012974668248127,R1
2025-08-27 00:00:00,500,2.954156861735535,3.3708514288660965,-0.4166945671305613,R1
2025-08-27 01:00:00,500,3.049210176237102,3.410779602260287,-0.361569426023185,R1
2025-08-27 02:00:00,500,2.9552838083076303,3.5868416186402228,-0.6315578103325925,R1
2025-08-27 03:00:00,500,3.04244651853002,3.424031555219355,-0.3815850366893354,R1
2025-08-27 04:00:00,500,2.957987814129889,3.380827758561144,-0.42283994443125517,R1
2025-08-27 05:00:00,500,3.027028755354396,3.323352676110684,-0.2963239207562882,R1
2025-08-27 06:00:00,500,2.943454749044133,3.395609210350508,-0.45215446130637504,R1
2025-08-27 07:00:00,500,3.062151674891952,3.303225124972884,-0.24107345008093173,R1
2025-08-27 08:00:00,500,3.1227728646525703,3.418802054233295,-0.29602918958072477,R1
2025-08-27 09:00:00,500,3.048790460126839,3.348431366193836,-0.29964090606699667,R1
2025-08-27 10:00:00,500,3.0862950124001043,3.567785122509208,-0.4814901101091036,R1
2025-08-27 11:00:00,500,3.036980104134395,3.544925063652303,-0.507944959517908,R1
2025-08-27 12:00:00,500,3.0311611618347905,3.5118698897933047,-0.48070872795851427,R1
2025-08-27 13:00:00,500,3.175275597083687,3.5114671894359253,-0.3361915923522383,R1
2025-08-27 14:00:00,500,3.040795888765905,3.9796805016787062,-0.9388846129128012,R1
2025-08-27 15:00:00,500,3.1180295189801708,3.5129276774047598,-0.394898158424589,R1
2025-08-27 16:00:00,500,3.0228345944644723,3.390918776187397,-0.3680841817229248,R1
2025-08-27 17:00:00,500,2.9467628281901908,3.28585006298425,-0.33908723479405944,R1
2025-08-27 18:00:00,500,2.920211453067281,3.3764812343926915,-0.4562697813254104,R1
2025-08-27 19:00:00,500,2.9495624416723376,3.239038391771617,-0.2894759500992792,R1
2025-08-27 20:00:00,500,3.075824532643904,3.440632725588327,-0.3648081929444231,R1
2025-08-27 21:00:00,500,3.005866336568921,3.3288569130201404,-0.32299057645121954,R1
2025-08-27 22:00:00,500,2.923600331823915,3.2409564501116326,-0.3173561182877176,R1
2025-08-27 23:00:00,500,3.1169769588837406,3.463233222624668,-0.3462562637409272,R1
2025-08-28 00:00:00,500,3.0487813138581505,3.2861146177123417,-0.23733330385419116,R1
2025-08-28 01:00:00,500,2.978464795449738,3.5145207719164206,-0.5360559764666828,R1
2025-08-28 02:00:00,500,3.052524176087516,3.277164924315177,-0.22464074822766067,R1
2025-08-28 03:00:00,500,3.076485735398517,3.701418491765216,-0.6249327563666989,R1
2025-08-28 04:00:00,500,2.940037393266388,3.461489456505372,-0.5214520632389839,R1
2025-08-28 05:00:00,500,3.0662627589136884,3.860927270219202,-0.7946645113055135,R1
2025-08-28 06:00:00,500,3.100922763520839,3.411389132663069,-0.31046636914223,R1
2025-08-28 07:00:00,500,2.9558516168709184,3.311697455901333,-0.35584583903041445,R1
2025-08-28 08:00:00,500,3.0271488525348844,3.4289552350484307,-0.4018063825135463,R1
2025-08-28 09:00:00,500,3.209055214934646,3.37744417751834,-0.1683889625836943,R1
2025-08-28 10:00:00,500,3.013714167619481,3.5128855019177294,-0.4991713342982482,R1
2025-08-28 11:00:00,500,3.012584272082615,3.4651320220765656,-0.45254774999395053,R1
2025-08-28 12:00:00,500,2.9707292223198176,3.426989913887594,-0.45626069156777627,R1
2025-08-28 13:00:00,500,2.975941003925912,3.325696957514181,-0.34975595358826883,R1
2025-08-28 14:00:00,500,2.975253744090818,3.3011374493262142,-0.325883705235396,R1
2025-08-28 15:00:00,500,2.865913265000106,3.416913686010448,-0.5510004210103423,R1
2025-08-28 16:00:00,500,2.9105943636774136,3.258224970253057,-0.34763060657564315,R1
2025-08-28 17:00:00,500,2.871746688243962,3.341370790056292,-0.4696241018123297,R1
2025-08-28 18:00:00,500,2.9617288420067016,3.142628818946909,-0.18089997694020754,R1
2025-08-28 19:00:00,500,2.891388477932312,3.3124466759089684,-0.42105819797665633,R1
2025-08-28 20:00:00,500,2.8309815597312435,3.211874024941892,-0.38089246521064846,R1
2025-08-28 21:00:00,500,2.921311978469669,3.378978601375524,-0.457666622905855,R1
2025-08-28 22:00:00,500,2.92107884368108,3.369145715384071,-0.448066871702991,R1
2025-08-28 23:00:00,500,2.913696909372159,3.386707596156484,-0.4730106867843249,R1
2025-08-29 00:00:00,500,2.991413587121023,3.42882700045728,-0.43741341333625705,R1
2025-08-29 01:00:00,500,3.0277215452756816,3.1775228986160617,-0.14980135334038014,R1
2025-08-29 02:00:00,500,2.945774705725606,3.3192150116523584,-0.37344030592675237,R1
2025-08-29 03:00:00,500,3.0961978835095563,3.34882587516143,-0.2526279916518739,R1
2025-08-29 04:00:00,500,2.949243959027622,3.456249243997217,-0.507005284969595,R1
2025-08-29 05:00:00,500,2.908402859116255,3.93056367918949,-1.0221608200732346,R1
2025-08-29 06:00:00,500,2.939814178276676,3.342613224967046,-0.40279904669037014,R1
2025-08-29 07:00:00,500,3.016238645186256,4.394962166307989,-1.3787235211217332,R1
2025-08-29 08:00:00,500,2.9444389719649964,3.292693853490112,-0.3482548815251154,R1
2025-08-29 09:00:00,500,2.974351382243619,3.308439298111844,-0.33408791586822506,R1
2025-08-29 10:00:00,500,2.9538602905367286,3.2861539063265286,-0.3322936157898,R1
2025-08-29 11:00:00,500,3.049523756252854,4.4025670476104,-1.3530432913575465,R1
2025-08-29 12:00:00,500,2.908355305736428,3.433696114452622,-0.5253408087161939,R1
2025-08-29 13:00:00,500,2.9756015815875143,3.318982401161619,-0.3433808195741048,R1
2025-08-29 14:00:00,500,3.021005147201052,4.063304662710144,-1.0422995155090922,R1
2025-08-29 15:00:00,500,3.0161972727044457,3.3004041412705405,-0.2842068685660948,R1
2025-08-29 16:00:00,500,3.0356420569131024,3.606729900518204,-0.5710878436051017,R1
2025-08-29 17:00:00,500,2.943086175204943,3.344433485273357,-0.40134731006841395,R1
2025-08-29 18:00:00,500,2.8873598675315124,3.212030988468183,-0.3246711209366704,R1
2025-08-29 19:00:00,500,2.939001103431527,3.21556753814665,-0.2765664347151229,R1
2025-08-29 20:00:00,500,3.018328040915539,3.3472693615251945,-0.32894132060965564,R1
2025-08-29 21:00:00,500,3.0074664934226307,3.3224918662051435,-0.31502537278251275,R1
2025-08-29 22:00:00,500,2.881520128459324,3.387359702980705,-0.5058395745213811,R1
2025-08-29 23:00:00,500,2.908771925416768,3.296044650882925,-0.3872727254661572,R1
2025-08-30 00:00:00,500,2.920534011782918,3.2416438109106807,-0.3211097991277625,R1
2025-08-30 01:00:00,500,2.9225476489589144,3.2515877028830724,-0.329040053924158,R1
2025-08-30 02:00:00,500,3.048991587258345,3.329173030339738,-0.28018144308139314,R1
2025-08-30 03:00:00,500,2.9504131324408447,3.1392828817698555,-0.1888697493290108,R1
2025-08-30 04:00:00,500,2.9732567051732866,3.283116114385775,-0.30985940921248867,R1
2025-08-30 05:00:00,500,3.048977237463105,3.297685476987985,-0.24870823952488008,R1
2025-08-30 06:00:00,500,2.9580082657266886,3.292072116928732,-0.3340638512020435,R1
2025-08-30 07:00:00,500,3.035853935834003,3.370270516262604,-0.3344165804286008,R1
2025-08-30 08:00:00,500,2.979334677204087,3.373923123618174,-0.39458844641408675,R1
2025-08-30 09:00:00,500,3.0077595459021,3.3955657117138243,-0.3878061658117242,R1
2025-08-30 10:00:00,500,3.03284235126102,3.3371021284968894,-0.3042597772358695,R1
2025-08-30 11:00:00,500,3.07290769019788,3.34875101950644,-0.27584332930856004,R1
2025-08-30 12:00:00,500,3.0708988144789373,3.2420840708280774,-0.17118525634914006,R1
2025-08-30 13:00:00,500,2.9989543801222824,3.281794941654657,-0.2828405615323746,R1
2025-08-30 14:00:00,500,2.9354702757926705,3.3034029594029417,-0.3679326836102712,R1
2025-08-30 15:00:00,500,3.008633229366728,3.362928268120098,-0.3542950387533699,R1
2025-08-30 16:00:00,500,3.044244242054233,3.281504321055546,-0.23726007900131307,R1
2025-08-30 17:00:00,500,2.982750952404379,3.270752776053971,-0.28800182364959204,R1
2025-08-30 18:00:00,500,2.930712016068632,3.16702035712172,-0.23630834105308818,R1
2025-08-30 19:00:00,500,3.011263335984788,3.143934124379129,-0.132670788394341,R1
2025-08-30 20:00:00,500,2.9498156433199805,3.4491992453511475,-0.49938360203116705,R1
2025-08-30 21:00:00,500,3.0595230898665258,3.729875207699501,-0.6703521178329752,R1
2025-08-30 22:00:00,500,2.989711143313808,3.285814256490002,-0.29610311317619376,R1
2025-08-30 23:00:00,500,2.90491261936826,3.209091307261394,-0.30417868789313385,R1
2025-08-31 00:00:00,500,2.9117120136233945,3.33115272213366,-0.4194407085102654,R1
2025-08-31 01:00:00,500,2.926162840589857,3.23036809881556,-0.3042052582257031,R1
2025-08-31 02:00:00,500,3.0311897826277785,3.2832706108975027,-0.2520808282697242,R1
2025-08-31 03:00:00,500,2.991407459342569,3.3017796427204598,-0.31037218337789074,R1
2025-08-31 04:00:00,500,2.947861230666414,3.1739534764649453,-0.22609224579853127,R1
2025-08-31 05:00:00,500,3.059137392892397,3.5539566564317737,-0.49481926353937666,R1
2025-08-31 06:00:00,500,3.065689449688107,3.299938868907978,-0.23424941921987097,R1
2025-08-31 07:00:00,500,3.0877309427393875,3.3960963966627378,-0.30836545392335024,R1
2025-08-31 08:00:00,500,2.9191337738056764,3.3115143156115234,-0.392380541805847,R1
2025-08-31 09:00:00,500,3.089285317649604,3.473527858195717,-0.3842425405461132,R1
2025-08-31 10:00:00,500,3.044376982004017,3.377939105168128,-0.33356212316411105,R1
2025-08-31 11:00:00,500,3.1240389440020557,3.3978458641717206,-0.2738069201696649,R1
2025-08-31 12:00:00,500,2.976305870885899,3.45717804322402,-0.48087217233812085,R1
2025-08-31 13:00:00,500,2.938881371102443,3.300034218396401,-0.36115284729395825,R1
2025-08-31 14:00:00,500,3.016031637295709,3.38675108711817,-0.37071944982246086,R1
2025-08-31 15:00:00,500,3.099240835837432,3.4779232532660664,-0.3786824174286343,R1
2025-08-31 16:00:00,500,3.0201537100191254,3.450631547619565,-0.43047783760043945,R1
2025-08-31 17:00:00,500,3.017136644553533,3.496809587080967,-0.47967294252743375,R1
2025-08-31 18:00:00,500,3.0389242415830995,3.309133955375686,-0.27020971379258674,R1
2025-08-31 19:00:00,500,2.8818894527444616,3.3505925869126205,-0.4687031341681589,R1
2025-08-31 20:00:00,500,2.9218434608393324,3.3143198425527904,-0.392476381713458,R1
2025-08-31 21:00:00,500,2.9830849010559586,3.545467677810314,-0.5623827767543554,R1
2025-08-31 22:00:00,500,3.047491149283931,3.307375089667581,-0.2598839403836499,R1
2025-08-31 23:00:00,500,2.949232890417594,3.307730099123009,-0.358497208705415,R1
2025-09-01 00:00:00,500,3.0072605437714213,3.300179702497993,-0.2929191587265718,R1
2025-09-01 01:00:00,500,2.9843942052518178,3.45904128164126,-0.47464707638944237,R1
2025-09-01 02:00:00,500,2.9463801546515747,3.402736777696754,-0.45635662304517943,R1
2025-09-01 03:00:00,500,2.902204404560534,3.358649037946213,-0.45644463338567887,R1
2025-09-01 04:00:00,500,3.056665346184007,3.406685863182969,-0.3500205169989621,R1
2025-09-01 05:00:00,500,2.879459597963776,3.866821599250091,-0.9873620012863151,R1
2025-09-01 06:00:00,500,2.909635771885087,3.321568382534886,-0.4119326106497989,R1
2025-09-01 07:00:00,500,3.0369162873630087,3.2012228491221117,-0.16430656175910308,R1
2025-09-01 08:00:00,500,3.0623857159802057,3.2619480372099847,-0.19956232122977902,R1
2025-09-01 09:00:00,500,3.0594086235328883,3.3265142664407112,-0.2671056429078229,R1
2025-09-01 10:00:00,500,3.0432476421204964,3.3189784525004518,-0.2757308103799554,R1
2025-09-01 11:00:00,500,3.073088477766292,3.4167319146952355,-0.3436434369289434,R1
2025-09-01 12:00:00,500,2.9563375441409465,3.48476359626077,-0.5284260521198236,R1
2025-09-01 13:00:00,500,3.066693467728824,3.273855888892209,-0.2071624211633849,R1
2025-09-01 14:00:00,500,3.0189410815872924,3.2308860344879915,-0.21194495290069915,R1
2025-09-01 15:00:00,500,2.9675965685938683,3.409594524243364,-0.44199795564949573,R1
2025-09-01 16:00:00,500,3.038518640564269,3.363110118825154,-0.32459147826088497,R1
2025-09-01 17:00:00,500,2.9447925084327378,3.401282256644702,-0.4564897482119643,R1
2025-09-01 18:00:00,500,3.010309069041606,3.3057200695919446,-0.29541100055033853,R1
2025-09-01 19:00:00,500,3.0293930590714826,3.210849446694817,-0.1814563876233346,R1
2025-09-01 20:00:00,500,2.910101870362062,3.363595833029926,-0.453493962667864,R1
2025-09-01 21:00:00,500,2.992872190819944,3.467415847733621,-0.47454365691367695,R1
2025-09-01 22:00:00,500,3.005332176797721,3.459709075513115,-0.454376898715394,R1
2025-09-01 23:00:00,500,3.027764788418404,3.450514882106526,-0.42275009368812233,R1
2025-09-02 00:00:00,500,2.898203040638455,3.92206565980329,-1.0238626191648352,R1
2025-09-02 01:00:00,500,2.941740717599079,3.2745039835576955,-0.3327632659586164,R1
2025-09-02 02:00:00,500,2.974614221351912,3.343413097918277,-0.36879887656636523,R1
2025-09-02 03:00:00,500,3.038853169537245,3.358863027149257,-0.32000985761201184,R1
2025-09-02 04:00:00,500,2.950520099681841,3.3023036089942037,-0.3517835093123627,R1
2025-09-02 05:00:00,500,2.9812265111197265,3.3264605812756334,-0.3452340701559069,R1
2025-09-02 06:00:00,500,3.034428517858065,3.5476798000486984,-0.5132512821906334,R1
2025-09-02 07:00:00,500,3.0525492181746685,3.3807815605579927,-0.3282323423833242,R1
2025-09-02 08:00:00,500,2.962000138718793,4.049598292967514,-1.0875981542487207,R1
2025-09-02 09:00:00,500,3.05905790490714,3.4952566197533024,-0.43619871484616235,R1
2025-09-02 10:00:00,500,3.053574547599406,3.3601987248607768,-0.3066241772613707,R1
2025-09-02 11:00:00,500,2.971918240620621,3.4414184040966465,-0.46950016347602563,R1
2025-09-02 12:00:00,500,2.985729327673225,3.3791551909490143,-0.3934258632757892,R1
2025-09-02 13:00:00,500,3.039070029451499,3.334710202121517,-0.29564017267001796,R1
2025-09-02 14:00:00,500,3.064265356339163,3.397266593568666,-0.33300123722950303,R1
2025-09-02 15:00:00,500,3.035376221134331,3.5080355156117475,-0.4726592944774164,R1
2025-09-02 16:00:00,500,3.0225004609463224,3.4138991262661857,-0.39139866531986334,R1
2025-09-02 17:00:00,500,3.0088972529836826,3.1790205356371675,-0.17012328265348486,R1
2025-09-02 18:00:00,500,2.949813736218292,3.381485341270841,-0.4316716050525491,R1
2025-09-02 19:00:00,500,2.977626352754742,3.2665710336171543,-0.2889446808624121,R1
2025-09-02 20:00:00,500,3.044085920723245,4.089563805801967,-1.0454778850787223,R1
2025-09-02 21:00:00,500,3.0212745615550074,3.1786928053063064,-0.15741824375129898,R1
2025-09-02 22:00:00,500,3.0432209034944924,3.3096858358846157,-0.26646493239012337,R1
2025-09-02 23:00:00,500,3.021349619959661,3.271870170578338,-0.2505205506186772,R1
2025-09-03 00:00:00,500,2.9988547990000165,3.560771065012122,-0.5619162660121053,R1
2025-09-03 01:00:00,500,3.0928218175695057,3.371394472699075,-0.2785726551295693,R1
2025-09-03 02:00:00,500,3.100731506916878,3.393227005224533,-0.29249549830765487,R1
2025-09-03 03:00:00,500,2.945136448736321,3.28907425070006,-0.3439378019637389,R1
2025-09-03 04:00:00,500,2.997008961950695,3.3481063011487437,-0.35109733919804853,R1
2025-09-03 05:00:00,500,3.019006699951145,4.216169708934836,-1.1971630089836909,R1
2025-09-03 06:00:00,500,3.0188434750043727,3.324939173813705,-0.3060956988093322,R1
2025-09-03 07:00:00,500,2.970002047573379,3.3426644973184074,-0.3726624497450284,R1
2025-09-03 08:00:00,500,2.976508107192613,3.364010559032568,-0.38750245183995524,R1
2025-09-03 09:00:00,500,2.957139118455936,3.3621339150099185,-0.40499479655398263,R1
2025-09-03 10:00:00,500,3.0991484129287747,3.4315366425993976,-0.33238822967062287,R1
2025-09-03 11:00:00,500,3.054731632563792,3.539576833463657,-0.48484520089986516,R1
2025-09-03 12:00:00,500,2.933814177095033,3.403650414968317,-0.4698362378732841,R1
2025-09-03 13:00:00,500,3.0049573570545216,3.397572135267594,-0.3926147782130722,R1
2025-09-03 14:00:00,500,3.019137222370735,3.3840389763689385,-0.36490175399820357,R1
2025-09-03 15:00:00,500,3.038133998802393,3.437456343614338,-0.39932234481194495,R1
2025-09-03 16:00:00,500,3.035271974721499,3.427166713757698,-0.3918947390361991,R1
2025-09-03 17:00:00,500,2.976218692896911,3.213051763934521,-0.23683307103760987,R1
2025-09-03 18:00:00,500,3.065262689319333,3.825170965071075,-0.7599082757517421,R1
2025-09-03 19:00:00,500,2.9883420262116718,3.429420487923474,-0.4410784617118022,R1
2025-09-03 20:00:00,500,3.152939220384123,4.006003244323966,-0.8530640239398433,R1
2025-09-03 21:00:00,500,2.8756223534524947,3.415500244247443,-0.5398778907949482,R1
2025-09-03 22:00:00,500,2.9348388308066937,3.478942441832932,-0.5441036110262383,R1
2025-09-03 23:00:00,500,2.942080474073481,3.733145808590036,-0.791065334516555,R1
2025-09-04 00:00:00,500,2.9770724298844065,3.212107240902679,-0.23503481101827273,R1
2025-09-04 01:00:00,500,2.9212349602935426,3.4138292224632507,-0.49259426216970814,R1
2025-09-04 02:00:00,500,2.9427390039856727,3.5768808162470416,-0.6341418122613689,R1
2025-09-04 03:00:00,500,3.002823722817131,3.4531571513739845,-0.45033342855685365,R1
2025-09-04 04:00:00,500,2.968815678609215,3.284035800031421,-0.3152201214222061,R1
2025-09-04 05:00:00,500,3.002862099900334,3.4483659978591006,-0.44550389795876644,R1
2025-09-04 06:00:00,500,2.9836877760124487,3.9495889332305305,-0.9659011572180818,R1
2025-09-04 07:00:00,500,2.980960997430882,3.3852632065989785,-0.40430220916809656,R1
2025-09-04 08:00:00,500,2.973017860583208,3.400182237381864,-0.42716437679865615,R1
2025-09-04 09:00:00,500,3.025499453934549,3.3764154080547626,-0.3509159541202136,R1
2025-09-04 10:00:00,500,3.025620762677177,3.417235924584347,-0.39161516190717016,R1
2025-09-04 11:00:00,500,3.0574878423913407,3.582660330811462,-0.5251724884201212,R1
2025-09-04 12:00:00,500,3.22637120383916,3.3198474178741244,-0.09347621403496431,R1
2025-09-04 13:00:00,500,2.9137829269920426,3.2797529389816664,-0.36597001198962387,R1
2025-09-04 14:00:00,500,3.093813513360181,3.2996953764110604,-0.2058818630508794,R1
2025-09-04 15:00:00,500,2.9490409091556256,3.337081612707064,-0.3880407035514386,R1
2025-09-04 16:00:00,500,2.989024806598202,3.428361365258971,-0.4393365586607687,R1
2025-09-04 17:00:00,500,2.869089500244016,3.324719668296373,-0.4556301680523567,R1
2025-09-04 18:00:00,500,3.0852935200133715,3.350093765611936,-0.2648002455985643,R1
2025-09-04 19:00:00,500,2.973036464527301,3.3310500918460058,-0.3580136273187047,R1
2025-09-04 20:00:00,500,2.9368311812701293,3.4221971931998234,-0.4853660119296941,R1
2025-09-04 21:00:00,500,2.996736176088345,3.4136540237150195,-0.4169178476266744,R1
2025-09-04 22:00:00,500,3.0173203671137725,3.282177606928724,-0.2648572398149516,R1
2025-09-04 23:00:00,500,2.8957814850640355,3.967885041505224,-1.0721035564411885,R1
2025-09-05 00:00:00,500,2.920956611155807,3.304819384160853,-0.3838627730050459,R1
2025-09-05 01:00:00,500,3.047500754054927,3.393787689728444,-0.346286935673517,R1
2025-09-05 02:00:00,500,2.9780919924448965,3.371641849121694,-0.39354985667679765,R1
2025-09-05 03:00:00,500,2.9314236190902028,3.337443893794492,-0.40602027470428936,R1
2025-09-05 04:00:00,500,2.927933925587648,3.338477492968704,-0.410543567381056,R1
2025-09-05 05:00:00,500,2.9991808623191054,3.319327123521805,-0.32014626120269973,R1
2025-09-05 06:00:00,500,3.0392623016638627,3.334479363236318,-0.2952170615724552,R1
2025-09-05 07:00:00,500,2.8442575328638524,3.3768149085084254,-0.532557375644573,R1
2025-09-05 08:00:00,500,3.004795930336575,3.270016856839401,-0.2652209265028258,R1
2025-09-05 09:00:00,500,2.9512419909844434,3.436728634585079,-0.48548664360063576,R1
2025-09-05 10:00:00,500,3.052762276382289,3.5293728876991954,-0.4766106113169064,R1
2025-09-05 11:00:00,500,2.976499842226103,3.330039218243659,-0.3535393760175558,R1
2025-09-05 12:00:00,500,2.9773823121747145,3.517952103954678,-0.5405697917799634,R1
2025-09-05 13:00:00,500,2.9743137080764663,3.312265958471785,-0.33795225039531873,R1
2025-09-05 14:00:00,500,3.004313033030272,3.350597497623572,-0.3462844645933001,R1
2025-09-05 15:00:00,500,3.01419204158933,3.3060282156024368,-0.2918361740131066,R1
2025-09-05 16:00:00,500,2.996399011340005,3.3195992748065173,-0.3232002634665121,R1
2025-09-05 17:00:00,500,2.874337022415578,3.241172948651369,-0.3668359262357912,R1
2025-09-05 18:00:00,500,2.995690049319112,3.2174135901242416,-0.22172354080512946,R1
2025-09-05 19:00:00,500,2.867481071175847,3.2530729387709134,-0.38559186759506625,R1
2025-09-05 20:00:00,500,2.848110594042056,3.2077434833739398,-0.35963288933188364,R1
2025-09-05 21:00:00,500,2.9169186231701123,3.192491217197908,-0.27557259402779577,R1
2025-09-05 22:00:00,500,2.976213499757145,3.1378251460321915,-0.16161164627504654,R1
2025-09-05 23:00:00,500,2.934632555077385,3.3014649224603687,-0.36683236738298364,R1
2025-09-06 00:00:00,500,2.9995758709960296,3.4298211956416216,-0.43024532464559195,R1
2025-09-06 01:00:00,500,2.9910532588758167,3.2905424633145124,-0.29948920443869564,R1
2025-09-06 02:00:00,500,2.886445891313195,3.341978129035976,-0.45553223772278084,R1
2025-09-06 03:00:00,500,2.994802953452043,3.293569891389438,-0.29876693793739495,R1
2025-09-06 04:00:00,500,2.922243755078236,3.5682493611871564,-0.6460056061089205,R1
2025-09-06 05:00:00,500,2.9428167810109844,3.252912782988829,-0.3100960019778447,R1
2025-09-06 06:00:00,500,2.9797265891812823,3.29262862861141,-0.31290203943012784,R1
2025-09-06 07:00:00,500,2.882640049451219,3.193701849059002,-0.31106179960778313,R1
2025-09-06 08:00:00,500,3.009486175802748,3.289412373092565,-0.27992619728981705,R1
2025-09-06 09:00:00,500,3.059680964450232,3.2999021907091044,-0.24022122625887254,R1
2025-09-06 10:00:00,500,2.953615779760227,3.3661219426418185,-0.41250616288159137,R1
2025-09-06 11:00:00,500,2.9966406644669936,3.468334970216646,-0.47169430574965254,R1
2025-09-06 12:00:00,500,3.005724886275104,3.4434312469096797,-0.4377063606345759,R1
2025-09-06 13:00:00,500,3.01399793964873,3.215122386700584,-0.20112444705185384,R1
2025-09-06 14:00:00,500,3.013541418267434,3.6059626183244906,-0.5924212000570566,R1
2025-09-06 15:00:00,500,3.0281982511426238,3.349393825265489,-0.32119557412286515,R1
2025-09-06 16:00:00,500,2.949862492389524,3.322050826947385,-0.3721883345578614,R1
2025-09-06 17:00:00,500,2.9353422896233123,3.449013377119004,-0.5136710874956916,R1
2025-09-06 18:00:00,500,3.1095068924243434,3.3092532273335764,-0.199746334909233,R1
2025-09-06 19:00:00,500,2.965268634170363,3.2047682298094697,-0.23949959563910683,R1
2025-09-06 20:00:00,500,3.0142439830379266,3.2736927697050886,-0.259448786667162,R1
2025-09-06 21:00:00,500,2.942024276045591,3.307360219236912,-0.365335943191321,R1
2025-09-06 22:00:00,500,2.9651154906968205,3.404895608905873,-0.4397801182090526,R1
2025-09-06 23:00:00,500,2.944754164195641,3.186061392771429,-0.241307228575788,R1
2025-09-07 00:00:00,500,2.98743712934641,3.158301990183557,-0.17086486083714725,R1
2025-09-07 01:00:00,500,2.9101621492177983,3.2839534862111703,-0.3737913369933721,R1
2025-09-07 02:00:00,500,2.9870694795747004,3.3255927915952816,-0.3385233120205813,R1
2025-09-07 03:00:00,500,2.9357839371901937,3.3527433232265684,-0.4169593860363747,R1
2025-09-07 04:00:00,500,2.9846468631747096,3.29642587224988,-0.3117790090751704,R1
2025-09-07 05:00:00,500,3.0865364501795494,3.348730354909817,-0.2621939047302675,R1
2025-09-07 06:00:00,500,3.142458730662977,3.446300910977269,-0.3038421803142919,R1
2025-09-07 07:00:00,500,2.998529094526133,3.491405210929461,-0.49287611640332774,R1
2025-09-07 08:00:00,500,3.02711530243776,3.371732888949847,-0.34461758651208685,R1
2025-09-07 09:00:00,500,3.0011384842347915,3.4594841886034846,-0.45834570436869315,R1
2025-09-07 10:00:00,500,2.9499933721005336,3.418370559596232,-0.46837718749569834,R1
2025-09-07 11:00:00,500,3.029950594984606,3.524710541232124,-0.49475994624751785,R1
2025-09-07 12:00:00,500,3.1160526531752137,3.3534648911505998,-0.23741223797538602,R1
2025-09-07 13:00:00,500,3.022742450291389,3.658616755193164,-0.6358743049017748,R1
2025-09-07 14:00:00,500,3.0493218774691844,3.570120222313025,-0.5207983448438407,R1
2025-09-07 15:00:00,500,2.9684632517141654,3.3326151584200803,-0.3641519067059149,R1
2025-09-07 16:00:00,500,3.0961074698451028,3.313838785736813,-0.21773131589171024,R1
2025-09-07 17:00:00,500,3.0383101619637847,3.415116874512399,-0.37680671254861453,R1
2025-09-07 18:00:00,500,2.9971606919074816,3.311077914167296,-0.31391722225981455,R1
2025-09-07 19:00:00,500,3.007082273446758,3.3044840694822555,-0.2974017960354973,R1
2025-09-07 20:00:00,500,3.0825538673485697,3.45768819352434,-0.37513432617577047,R1
2025-09-07 21:00:00,500,2.988696760635885,3.4285355428842594,-0.43983878224837447,R1
2025-09-07 22:00:00,500,3.0594762817849297,3.3616581054638464,-0.30218182367891666,R1
2025-09-07 23:00:00,500,3.016708722740013,3.3393610403045617,-0.3226523175645486,R1
2025-09-08 00:00:00,500,3.0145611872032623,3.367060726283045,-0.35249953907978293,R1
2025-09-08 01:00:00,500,3.0198997335196145,3.242410774054912,-0.2225110405352977,R1
2025-09-08 02:00:00,500,3.069710146588328,3.34003269832184,-0.27032255173351194,R1
2025-09-08 03:00:00,500,2.986567025679267,3.365461453902627,-0.3788944282233597,R1
2025-09-08 04:00:00,500,3.015606623089545,3.286550085777438,-0.27094346268789327,R1
2025-09-08 05:00:00,500,2.956321505333086,3.3394129040862297,-0.3830913987531437,R1
2025-09-08 06:00:00,500,3.0847602265068743,4.07843963382412,-0.9936794073172455,R1
2025-09-08 07:00:00,500,3.1254042377924183,3.560250381551249,-0.4348461437588309,R1
2025-09-08 08:00:00,500,3.043915172138849,3.2394975344170818,-0.19558236227823267,R1
2025-09-08 09:00:00,500,3.03632011230262,3.7305389676811456,-0.6942188553785256,R1
2025-09-08 10:00:00,500,3.1202025941866967,3.415904845850797,-0.29570225166410014,R1
2025-09-08 11:00:00,500,2.9189398408558302,3.3896849854425866,-0.4707451445867563,R1
2025-09-08 12:00:00,500,3.020925729289277,3.404479703632478,-0.3835539743432008,R1
2025-09-08 13:00:00,500,3.0417665563727923,3.431519972447298,-0.38975341607450575,R1
2025-09-08 14:00:00,500,3.0409538331440435,3.428261874912156,-0.3873080417681125,R1
2025-09-08 15:00:00,500,3.047626745015593,3.540784284581262,-0.4931575395656691,R1
2025-09-08 16:00:00,500,3.1112852026295905,3.333402740305798,-0.22211753767620745,R1
2025-09-08 17:00:00,500,2.9505098474722544,3.348033947922925,-0.39752410045067066,R1
2025-09-08 18:00:00,500,3.057692396726562,3.221566353491915,-0.16387395676535288,R1
2025-09-08 19:00:00,500,2.918014277107395,3.421648472437057,-0.5036341953296617,R1
2025-09-08 20:00:00,500,2.9315351840839905,3.38393242026814,-0.4523972361841495,R1
2025-09-08 21:00:00,500,2.999897176393316,3.364858028330659,-0.36496085193734285,R1
2025-09-08 22:00:00,500,2.9664711370734667,3.416308987316811,-0.4498378502433442,R1
2025-09-08 23:00:00,500,2.9725134216689257,3.579877720991045,-0.6073642993221191,R1
2025-09-09 00:00:00,500,3.0192227970239567,3.3422281991744525,-0.3230054021504958,R1
2025-09-09 01:00:00,500,2.957467222429985,3.236874017491279,-0.27940679506129396,R1
2025-09-09 02:00:00,500,3.022373190765484,3.712251081255325,-0.689877890489841,R1
2025-09-09 03:00:00,500,2.9465863247095347,3.371149375023234,-0.42456305031369945,R1
2025-09-09 04:00:00,500,2.952221021596356,3.3971072044033264,-0.44488618280697034,R1
2025-09-09 05:00:00,500,2.9286191444520937,3.295233652330398,-0.3666145078783045,R1
2025-09-09 06:00:00,500,3.0055547699198355,3.3650728266436936,-0.35951805672385806,R1
2025-09-09 07:00:00,500,2.938654540472412,3.4374660674643684,-0.49881152699195663,R1
2025-09-09 08:00:00,500,3.031404031629528,3.3156788592659785,-0.2842748276364504,R1
2025-09-09 09:00:00,500,2.922852122155323,3.2768754697976687,-0.3540233476423458,R1
2025-09-09 10:00:00,500,3.0027806624587687,3.304585473034097,-0.3018048105753284,R1
2025-09-09 11:00:00,500,3.065745894177201,3.423162416169412,-0.35741652199221097,R1
2025-09-09 12:00:00,500,2.998791387435642,3.277430052788585,-0.2786386653529429,R1
2025-09-09 13:00:00,500,3.061597142774379,3.5004216010400757,-0.4388244582656968,R1
2025-09-09 14:00:00,500,3.0769571287996493,3.415081954238873,-0.33812482543922373,R1
2025-09-09 15:00:00,500,3.156071622000673,3.422775111938191,-0.2667034899375178,R1
2025-09-09 16:00:00,500,3.008230117219929,3.455492560087788,-0.4472624428678591,R1
2025-09-09 17:00:00,500,2.943869660298491,3.3714215530691525,-0.42755189277066163,R1
2025-09-09 18:00:00,500,2.995364514329504,3.356072368342565,-0.36070785401306127,R1
2025-09-09 19:00:00,500,2.9726566655538478,3.4626966880670764,-0.49004002251322865,R1
2025-09-09 20:00:00,500,2.8996386025400978,3.3072517504850896,-0.4076131479449918,R1
2025-09-09 21:00:00,500,2.8982425499257016,3.3801812908496585,-0.48193874092395683,R1
2025-09-09 22:00:00,500,3.054733986091652,3.215872864628004,-0.1611388785363519,R1
2025-09-09 23:00:00,500,3.1324562029270044,3.3562921357962194,-0.223835932869215,R1
2025-09-10 00:00:00,500,2.965475719621404,3.5273963593286544,-0.5619206397072505,R1
2025-09-10 01:00:00,500,2.986623213828663,3.348439888916741,-0.361816675088078,R1
2025-09-10 02:00:00,500,2.9939752073567867,3.247371229958911,-0.2533960226021241,R1
2025-09-10 03:00:00,500,2.9690349724394247,3.33760557828792,-0.36857060584849544,R1
2025-09-10 04:00:00,500,3.1098447817702586,3.4230794178998525,-0.3132346361295939,R1
2025-09-10 05:00:00,500,2.981032728615217,3.3031582654722413,-0.3221255368570244,R1
2025-09-10 06:00:00,500,2.9922452083093813,3.471563125951271,-0.4793179176418896,R1
2025-09-10 07:00:00,500,2.9978433924967613,3.303046542875304,-0.3052031503785426,R1
2025-09-10 08:00:00,500,3.129844326069001,3.387349928097186,-0.2575056020281852,R1
2025-09-10 09:00:00,500,2.969826477450423,3.5022918544251462,-0.5324653769747232,R1
2025-09-10 10:00:00,500,2.9822455047979317,3.452216480758304,-0.4699709759603721,R1
2025-09-10 11:00:00,500,2.9818326440177234,3.3612889109919752,-0.37945626697425183,R1
2025-09-10 12:00:00,500,2.9851276628941714,3.315657433857733,-0.33052977096356173,R1
2025-09-10 13:00:00,500,2.9846645369772924,3.5296049407802874,-0.544940403802995,R1
2025-09-10 14:00:00,500,2.9868115220491607,3.477220785909537,-0.4904092638603763,R1
2025-09-10 15:00:00,500,3.0077411392396374,3.24481835339626,-0.23707721415662242,R1
2025-09-10 16:00:00,500,3.048589137829283,3.212353745304614,-0.16376460747533095,R1
2025-09-10 17:00:00,500,2.950649629903598,3.482821598484624,-0.532171968581026,R1
2025-09-10 18:00:00,500,2.8964650475891216,4.2001653688565,-1.3037003212673786,R1
2025-09-10 19:00:00,500,2.812070699204632,3.286305281644317,-0.47423458243968497,R1
2025-09-10 20:00:00,500,2.949786313419609,3.3127314370780354,-0.36294512365842646,R1
2025-09-10 21:00:00,500,3.0443913600140924,3.4157024030229035,-0.3713110430088111,R1
2025-09-10 22:00:00,500,2.876780480303297,3.2777471321859397,-0.4009666518826429,R1
2025-09-10 23:00:00,500,2.895682574374855,3.5136200643851234,-0.6179374900102683,R1
2025-09-11 00:00:00,500,2.9933689825387773,3.467889477478174,-0.47452049493939663,R1
2025-09-11 01:00:00,500,2.9782474264474583,3.296671207798105,-0.31842378135064653,R1
2025-09-11 02:00:00,500,2.996035553767679,3.25596131712948,-0.2599257633618013,R1
2025-09-11 03:00:00,500,3.05740605959807,3.215140239818624,-0.15773418022055408,R1
2025-09-11 04:00:00,500,2.959208559566092,3.2792576026680007,-0.32004904310190874,R1
2025-09-11 05:00:00,500,2.955661390475684,3.4364515172251253,-0.48079012674944144,R1
2025-09-11 06:00:00,500,2.951828328453679,3.311773295105623,-0.3599449666519443,R1
2025-09-11 07:00:00,500,2.923302203200371,3.340602017086175,-0.4172998138858044,R1
2025-09-11 08:00:00,500,2.9484458146979704,3.340593551651517,-0.39214773695354666,R1
2025-09-11 09:00:00,500,3.0004307232658967,3.638394528703582,-0.6379638054376855,R1
2025-09-11 10:00:00,500,3.059677735324045,3.2983107076144558,-0.2386329722904108,R1
2025-09-11 11:00:00,500,3.041320424139407,3.3775910609509148,-0.3362706368115078,R1
2025-09-11 12:00:00,500,3.0218910919970594,3.3811135453422683,-0.35922245334520886,R1
2025-09-11 13:00:00,500,3.024962139328828,3.374509624163207,-0.34954748483437914,R1
2025-09-11 14:00:00,500,3.0187052713755818,3.350485068506756,-0.33177979713117445,R1
2025-09-11 15:00:00,500,3.060357548576349,3.938651489182356,-0.8782939406060071,R1
2025-09-11 16:00:00,500,2.980535694795094,3.505190512794351,-0.5246548179992567,R1
2025-09-11 17:00:00,500,2.9389840091341464,3.492540246348464,-0.5535562372143175,R1
2025-09-11 18:00:00,500,3.021406402386414,3.280693234615917,-0.25928683222950344,R1
2025-09-11 19:00:00,500,3.061305458474034,3.4161661185604872,-0.35486066008645345,R1
2025-09-11 20:00:00,500,2.96674323194532,3.3048860312585635,-0.33814279931324354,R1
2025-09-11 21:00:00,500,2.949927605206484,3.2675481109904005,-0.31762050578391676,R1
2025-09-11 22:00:00,500,2.936887230028649,3.366431553050208,-0.42954432302155876,R1
2025-09-11 23:00:00,500,3.125479719220487,3.178747975255401,-0.05326825603491381,R1
2025-09-12 00:00:00,500,2.9736774987219143,3.2908819086517007,-0.3172044099297864,R1
2025-09-12 01:00:00,500,2.991925246946881,3.4407702449891917,-0.4488449980423108,R1
2025-09-12 02:00:00,500,3.007401189290192,3.410109869318853,-0.402708680028661,R1
2025-09-12 03:00:00,500,2.8895644967276244,3.400987960704654,-0.5114234639770294,R1
2025-09-12 04:00:00,500,2.9606399635777154,3.265090431696337,-0.30445046811862175,R1
2025-09-12 05:00:00,500,3.04982556007934,3.409976132934605,-0.36015057285526497,R1
2025-09-12 06:00:00,500,2.965122989028907,3.4320066311419404,-0.46688364211303357,R1
2025-09-12 07:00:00,500,2.9984494382293208,3.2926243882116184,-0.29417494998229765,R1
2025-09-12 08:00:00,500,3.037871388159059,3.2930942686083364,-0.2552228804492773,R1
2025-09-12 09:00:00,500,3.024482729234275,3.341701076392717,-0.317218347158442,R1
2025-09-12 10:00:00,500,2.9612665026096905,3.616449259757103,-0.6551827571474127,R1
2025-09-12 11:00:00,500,3.0220082535702333,3.423314729650647,-0.4013064760804137,R1
2025-09-12 12:00:00,500,2.970669039836215,3.4145446497227123,-0.4438756098864971,R1
2025-09-12 13:00:00,500,2.9432562102940527,3.43025739026277,-0.4870011799687175,R1
2025-09-12 14:00:00,500,3.0120856053208964,3.4237530797318114,-0.411667474410915,R1
2025-09-12 15:00:00,500,2.9427601497848763,3.278723345434882,-0.33596319565000554,R1
2025-09-12 16:00:00,500,3.060774105827062,3.555651307920872,-0.4948772020938099,R1
2025-09-12 17:00:00,500,2.980363608055709,3.3251377987231807,-0.3447741906674717,R1
2025-09-12 18:00:00,500,2.954621020266289,3.3928458726701747,-0.43822485240388565,R1
2025-09-12 19:00:00,500,2.9894433961445013,3.521904224080974,-0.5324608279364726,R1
2025-09-12 20:00:00,500,2.8850310473329666,3.279551818629573,-0.39452077129660656,R1
2025-09-12 21:00:00,500,2.8996684830184627,3.312608992043991,-0.41294050902552826,R1
2025-09-12 22:00:00,500,2.9550398129739235,3.3610947704504035,-0.40605495747648,R1
2025-09-12 23:00:00,500,3.019567116189115,3.587895694572634,-0.568328578383519,R1
2025-09-13 00:00:00,500,2.9186898745211844,3.3075745121239724,-0.3888846376027879,R1
2025-09-13 01:00:00,500,3.0134489006687035,3.25387471506781,-0.24042581439910649,R1
2025-09-13 02:00:00,500,2.9927404858912845,3.288722714575142,-0.2959822286838576,R1
2025-09-13 03:00:00,500,2.974974239055818,3.4233203361040703,-0.44834609704825246,R1
2025-09-13 04:00:00,500,2.967562150155489,3.2303403135978384,-0.2627781634423494,R1
2025-09-13 05:00:00,500,2.991952790932406,3.305727499544441,-0.3137747086120348,R1
2025-09-13 06:00:00,500,3.068618040461242,3.249396334979526,-0.18077829451828364,R1
2025-09-13 07:00:00,500,2.890869114574236,3.2469472088307247,-0.35607809425648895,R1
2025-09-13 08:00:00,500,3.011505318899827,3.3476184969593588,-0.33611317805953167,R1
2025-09-13 09:00:00,500,3.0186417737767823,3.2930092169179312,-0.2743674431411489,R1
2025-09-13 10:00:00,500,3.0205669418652743,3.370340839357527,-0.34977389749225285,R1
2025-09-13 11:00:00,500,3.018647113228087,3.272968926244742,-0.2543218130166549,R1
2025-09-13 12:00:00,500,3.080624471145584,3.369336928469647,-0.2887124573240629,R1
2025-09-13 13:00:00,500,3.062765962323706,3.2993145683248577,-0.2365486060011519,R1
2025-09-13 14:00:00,500,2.947737209143623,3.6570394608425607,-0.7093022516989378,R1
2025-09-13 15:00:00,500,3.1304971193375706,3.3926500213703923,-0.2621529020328217,R1
2025-09-13 16:00:00,500,3.0127446996283886,3.3405887832387133,-0.3278440836103247,R1
2025-09-13 17:00:00,500,3.0130427654503698,3.3240613607385323,-0.31101859528816256,R1
2025-09-13 18:00:00,500,2.9588967803828314,4.290040476280432,-1.3311436958976008,R1
2025-09-13 19:00:00,500,3.034849663293805,3.203377219630568,-0.16852755633676297,R1
2025-09-13 20:00:00,500,3.0122961610443224,3.284653241288181,-0.27235708024385863,R1
2025-09-13 21:00:00,500,3.0647184194499903,3.400378230445684,-0.33565981099569386,R1
2025-09-13 22:00:00,500,3.0067413559847656,3.205216665399563,-0.19847530941479752,R1
2025-09-13 23:00:00,500,2.898140270979814,3.5544809008390894,-0.6563406298592755,R1
2025-09-14 00:00:00,500,2.916905917215078,3.1606567363782205,-0.24375081916314256,R1
2025-09-14 01:00:00,500,2.8840194362239684,3.3197649584268585,-0.4357455222028901,R1
2025-09-14 02:00:00,500,2.8842711196532598,3.11385487767029,-0.22958375801703035,R1
2025-09-14 03:00:00,500,3.05274359285214,3.207764537420392,-0.155020944568252,R1
2025-09-14 04:00:00,500,2.9810034173403004,3.256902093480723,-0.2758986761404225,R1
2025-09-14 05:00:00,500,3.041724815944044,3.232270865053445,-0.19054604910940087,R1
2025-09-14 06:00:00,500,2.960281675466315,3.611892930605116,-0.6516112551388011,R1
2025-09-14 07:00:00,500,2.982468930662704,3.4798017512031323,-0.49733282054042816,R1
2025-09-14 08:00:00,500,3.096751217031813,3.2303709397742293,-0.13361972274241607,R1
2025-09-14 09:00:00,500,3.0640595828326918,3.399672369999339,-0.3356127871666472,R1
2025-09-14 10:00:00,500,3.0181818456288365,3.405751247767299,-0.3875694021384626,R1
2025-09-14 11:00:00,500,2.991909323341338,3.369556999532754,-0.37764767619141626,R1
2025-09-14 12:00:00,500,2.986004321898322,3.452425291202696,-0.46642096930437393,R1
2025-09-14 13:00:00,500,3.035128015784665,3.4297493988293235,-0.39462138304465855,R1
2025-09-14 14:00:00,500,3.0084916956371086,3.262972093420804,-0.25448039778369536,R1
2025-09-14 15:00:00,500,3.0401110142656096,3.300628293140369,-0.2605172788747594,R1
2025-09-14 16:00:00,500,2.948590603726876,3.3009455222066832,-0.3523549184798074,R1
2025-09-14 17:00:00,500,2.8428453361090904,3.2415761568704005,-0.39873082076131006,R1
2025-09-14 18:00:00,500,2.963190798907452,3.352280386094292,-0.38908958718683984,R1
2025-09-14 19:00:00,500,3.093517227254585,3.22850783813126,-0.1349906108766752,R1
2025-09-14 20:00:00,500,2.8991855624643748,3.300931639721637,-0.4017460772572621,R1
2025-09-14 21:00:00,500,2.987270949404006,3.3103182345934004,-0.3230472851893942,R1
2025-09-14 22:00:00,500,2.9259048623924477,3.283171200017374,-0.3572663376249263,R1
2025-09-14 23:00:00,500,2.955791766374723,3.341029058696096,-0.38523729232137294,R1
2025-09-15 00:00:00,500,2.947401765653796,3.355647335223253,-0.4082455695694569,R1
2025-09-15 01:00:00,500,2.891786778070936,3.415276801323448,-0.5234900232525121,R1
2025-09-15 02:00:00,500,2.9510067733608256,3.336955892022972,-0.38594911866214643,R1
2025-09-15 03:00:00,500,2.96978037740111,3.2381605260857835,-0.2683801486846735,R1
2025-09-15 04:00:00,500,3.0127983134382528,4.003324668549924,-0.9905263551116712,R1
2025-09-15 05:00:00,500,2.992953470410534,3.289976769293172,-0.297023298882638,R1
2025-09-15 06:00:00,500,2.9061413963754075,3.194512261238369,-0.2883708648629617,R1
2025-09-15 07:00:00,500,2.8102267613224914,3.0610117377725583,-0.2507849764500669,R1
2025-09-15 08:00:00,500,2.701138343384154,3.1979015990596817,-0.4967632556755279,R1
2025-09-15 09:00:00,500,2.7740884610876946,3.162790184002709,-0.38870172291501426,R1
2025-09-15 10:00:00,500,2.8048903378529824,3.1102302722055564,-0.305339934352574,R1
2025-09-15 11:00:00,500,2.872841054541506,3.2308793532963618,-0.3580382987548556,R1
2025-09-15 12:00:00,500,2.855821753293079,3.18777169628789,-0.33194994299481095,R1
2025-09-15 13:00:00,500,2.702508541510112,3.263100729902233,-0.5605921883921208,R1
2025-09-15 14:00:00,500,2.826137705090676,3.20132784371672,-0.3751901386260439,R1
2025-09-15 15:00:00,500,2.823831272044304,3.3822349513268466,-0.5584036792825424,R1
2025-09-15 16:00:00,500,2.742203247410438,3.089986100408392,-0.3477828529979541,R1
2025-09-15 17:00:00,500,2.7267844201445626,3.135609228318303,-0.40882480817374045,R1
2025-09-15 18:00:00,500,2.7628221895479026,3.1949711805538,-0.43214899100589754,R1
2025-09-15 19:00:00,500,2.8003920288336013,3.0326823464328854,-0.2322903175992841,R1
2025-09-15 20:00:00,500,2.714332957912456,3.1221263717459107,-0.40779341383345447,R1
2025-09-15 21:00:00,500,2.723295109600984,3.18530720991439,-0.4620121003134061,R1
2025-09-15 22:00:00,500,2.8370795963122246,3.122546553417524,-0.28546695710529946,R1
2025-09-15 23:00:00,500,2.7610276201618915,3.179338930762716,-0.41831131060082427,R1
2025-09-16 00:00:00,500,2.720064153933601,3.208169497638731,-0.48810534370513015,R1
2025-09-16 01:00:00,500,2.730524468641365,3.0180927081474582,-0.287568239506093,R1
2025-09-16 02:00:00,500,2.706432511005217,3.1221397949433483,-0.41570728393813106,R1
2025-09-16 03:00:00,500,2.801151480431291,2.997062808259728,-0.195911327828437,R1
2025-09-16 04:00:00,500,2.8614512115867314,3.07753108121612,-0.21607986962938863,R1
2025-09-16 05:00:00,500,2.7494279669548667,3.214573661084561,-0.4651456941296943,R1
2025-09-16 06:00:00,500,2.8056577892588432,3.1418874824300125,-0.33622969317116924,R1
2025-09-16 07:00:00,500,2.6636649441384965,3.046570392550326,-0.3829054484118295,R1
2025-09-16 08:00:00,500,2.819555678520223,3.0802940674509385,-0.26073838893071555,R1
2025-09-16 09:00:00,500,2.730816099608831,3.129443842557232,-0.3986277429484013,R1
2025-09-16 10:00:00,500,2.711499552179419,3.172188528220703,-0.460688976041284,R1
2025-09-16 11:00:00,500,2.7503324157882583,2.992433459492392,-0.24210104370413355,R1
2025-09-16 12:00:00,500,2.709578507807203,3.1219874438112867,-0.4124089360040837,R1
2025-09-16 13:00:00,500,2.8596878982539256,3.311153889849398,-0.4514659915954726,R1
2025-09-16 14:00:00,500,2.780841796562833,3.356862937939819,-0.576021141376986,R1
2025-09-16 15:00:00,500,2.801446624525603,3.160370114958293,-0.3589234904326899,R1
2025-09-16 16:00:00,500,2.759284206749916,3.204852996973794,-0.4455687902238781,R1
2025-09-16 17:00:00,500,2.724016096864755,3.1203810060235253,-0.3963649091587702,R1
2025-09-16 18:00:00,500,2.7497837432643784,3.013933040370378,-0.26414929710599955,R1
2025-09-16 19:00:00,500,2.7920298456664976,3.105838526516869,-0.3138086808503715,R1
2025-09-16 20:00:00,500,2.774828904625052,3.320777711655865,-0.5459488070308129,R1
2025-09-16 21:00:00,500,2.81179485835298,3.1466311651235594,-0.3348363067705793,R1
2025-09-16 22:00:00,500,2.825393675558199,3.181492561842897,-0.3560988862846979,R1
2025-09-16 23:00:00,500,2.7821084761649453,3.129106603463426,-0.3469981272984808,R1
2025-09-17 00:00:00,500,2.772447192529208,3.2086014961376645,-0.43615430360845675,R1
2025-09-17 01:00:00,500,2.9276721525812373,3.11328943240797,-0.1856172798267326,R1
2025-09-17 02:00:00,500,2.7880715344529707,3.16230643552769,-0.37423490107471924,R1
2025-09-17 03:00:00,500,2.836906269371494,3.0355631036573976,-0.19865683428590364,R1
2025-09-17 04:00:00,500,2.7894014700462475,3.218396730527624,-0.4289952604813765,R1
2025-09-17 05:00:00,500,2.8395918559533366,3.194329209383287,-0.3547373534299503,R1
2025-09-17 06:00:00,500,2.8262358675477675,3.226861616013306,-0.40062574846553867,R1
2025-09-17 07:00:00,500,2.717721362056852,3.1527447105000066,-0.4350233484431545,R1
2025-09-17 08:00:00,500,2.825221058516635,3.329913253769408,-0.504692195252773,R1
2025-09-17 09:00:00,500,2.861210788267225,3.1923909426839137,-0.3311801544166886,R1
2025-09-17 10:00:00,500,2.862666285284156,3.218625414768033,-0.3559591294838773,R1
2025-09-17 11:00:00,500,2.8867758184215435,3.121748809908768,-0.23497299148722428,R1
2025-09-17 12:00:00,500,2.903407393197428,3.181438751130377,-0.278031357932949,R1
2025-09-17 13:00:00,500,2.8394389754269844,3.281598912285131,-0.44215993685814636,R1
2025-09-17 14:00:00,500,2.8545081297627983,3.790802946571655,-0.9362948168088567,R1
2025-09-17 15:00:00,500,2.771330170067475,3.2825541121428023,-0.5112239420753273,R1
2025-09-17 16:00:00,500,2.829557135473702,3.1194098252840123,-0.2898526898103104,R1
2025-09-17 17:00:00,500,2.742927357815833,3.146044845110722,-0.4031174872948893,R1
2025-09-17 18:00:00,500,2.723217322227612,3.3563074612066903,-0.6330901389790782,R1
2025-09-17 19:00:00,500,2.7838612382637677,3.115227372490503,-0.3313661342267351,R1
2025-09-17 20:00:00,500,2.7737388899403426,3.025008784699656,-0.2512698947593135,R1
2025-09-17 21:00:00,500,2.7756181125164887,3.2484105811422785,-0.47279246862578983,R1
2025-09-17 22:00:00,500,2.766532517063145,3.224090605688256,-0.45755808862511094,R1
2025-09-17 23:00:00,500,2.8234128341053606,3.169939104180772,-0.34652627007541126,R1
2025-09-18 00:00:00,500,2.73430943179869,3.073413109371908,-0.33910367757321813,R1
2025-09-18 01:00:00,500,2.807991289066519,3.1499212768573948,-0.3419299877908757,R1
2025-09-18 02:00:00,500,2.7596011387986654,3.114750535922949,-0.3551493971242836,R1
2025-09-18 03:00:00,500,2.788832438758349,3.143232837304504,-0.35440039854615524,R1
2025-09-18 04:00:00,500,2.8644251648856,3.049536118158384,-0.18511095327278415,R1
2025-09-18 05:00:00,500,2.778851304496702,3.0365356719922287,-0.2576843674955267,R1
2025-09-18 06:00:00,500,2.852799956369364,3.43539842126058,-0.5825984648912161,R1
2025-09-18 07:00:00,500,2.802115300432257,3.176674638735367,-0.37455933830311006,R1
2025-09-18 08:00:00,500,2.86774507834652,3.2775079605569752,-0.4097628822104551,R1
2025-09-18 09:00:00,500,2.9391213812295165,3.202818582323976,-0.2636972010944594,R1
2025-09-18 10:00:00,500,2.936778041317527,3.241929628235004,-0.3051515869174768,R1
2025-09-18 11:00:00,500,2.84101556075534,3.241041513496897,-0.40002595274155706,R1
2025-09-18 12:00:00,500,2.9124391118070854,3.1145783272448653,-0.2021392154377799,R1
2025-09-18 13:00:00,500,2.878680111794618,3.316871259119769,-0.43819114732515096,R1
2025-09-18 14:00:00,500,2.82602047510026,3.997980692990285,-1.1719602178900246,R1
2025-09-18 15:00:00,500,2.85290135535556,3.207637733976452,-0.3547363786208919,R1
2025-09-18 16:00:00,500,2.8330143579416727,3.1323896774416093,-0.2993753194999367,R1
2025-09-18 17:00:00,500,2.881938393899476,3.2407965685706905,-0.3588581746712145,R1
2025-09-18 18:00:00,500,2.862093958265869,3.1853435866035817,-0.32324962833771265,R1
2025-09-18 19:00:00,500,2.825929626290052,3.480770081772946,-0.6548404554828937,R1
2025-09-18 20:00:00,500,2.772106386798688,3.173660968240877,-0.40155458144218903,R1
2025-09-18 21:00:00,500,2.92732002513486,3.212582950981766,-0.28526292584690616,R1
2025-09-18 22:00:00,500,2.8563066038396125,3.218552987755646,-0.3622463839160335,R1
2025-09-18 23:00:00,500,2.8440230718919595,3.3170434260006294,-0.47302035410866994,R1
2025-09-19 00:00:00,500,2.7749687655691395,3.341278343577778,-0.5663095780086387,R1
2025-09-19 01:00:00,500,2.8372297457164235,3.223761317062337,-0.3865315713459134,R1
2025-09-19 02:00:00,500,2.8185297916401577,3.1174976393498603,-0.29896784770970264,R1
2025-09-19 03:00:00,500,2.7430075028746304,3.409838621847729,-0.6668311189730987,R1
2025-09-19 04:00:00,500,2.882225467052529,3.32455525236774,-0.44232978531521105,R1
2025-09-19 05:00:00,500,2.7882438809945325,3.168833568757828,-0.3805896877632957,R1
2025-09-19 06:00:00,500,2.8013248613026693,3.102758728443173,-0.3014338671405037,R1
2025-09-19 07:00:00,500,2.75741144126925,3.043966568262236,-0.28655512699298624,R1
2025-09-19 08:00:00,500,2.7265184214297014,3.198149909495573,-0.47163148806587163,R1
2025-09-19 09:00:00,500,2.847951992908025,3.212874832647416,-0.3649228397393913,R1
2025-09-19 10:00:00,500,3.0419490490971066,3.3064170962360078,-0.26446804713890115,R1
2025-09-19 11:00:00,500,2.928419950827675,3.3379800732976,-0.4095601224699248,R1
2025-09-19 12:00:00,500,2.8863835334146426,3.300291852706774,-0.41390831929213157,R1
2025-09-19 13:00:00,500,2.902827930447427,3.294146768907765,-0.3913188384603381,R1
2025-09-19 14:00:00,500,2.921609372239196,3.331232538979912,-0.40962316674071575,R1
2025-09-19 15:00:00,500,2.9462274158764923,3.549226840192281,-0.6029994243157888,R1
2025-09-19 16:00:00,500,2.850290116639254,3.3594197485298074,-0.5091296318905534,R1
2025-09-19 17:00:00,500,2.93634384843783,3.321595088806681,-0.38525124036885083,R1
2025-09-19 18:00:00,500,2.7826250248436715,3.153943239216032,-0.37131821437236034,R1
2025-09-19 19:00:00,500,2.78923507584736,3.14150500245044,-0.35226992660307976,R1
2025-09-19 20:00:00,500,2.823263954904254,3.197070864027645,-0.3738069091233909,R1
2025-09-19 21:00:00,500,2.83201094113762,3.149573097136262,-0.3175621559986417,R1
2025-09-19 22:00:00,500,2.799776631257921,3.1478546365999764,-0.34807800534205535,R1
2025-09-19 23:00:00,500,2.8379915577149024,3.2651155843960984,-0.427124026681196,R1
2025-09-20 00:00:00,500,2.845679261663145,3.0819651164241244,-0.2362858547609794,R1
2025-09-20 01:00:00,500,2.833655286364613,3.3157419052217287,-0.48208661885711557,R1
2025-09-20 02:00:00,500,2.8873164623459835,3.2363322460756114,-0.34901578372962794,R1
2025-09-20 03:00:00,500,2.7970854121672684,3.335103499262272,-0.5380180870950038,R1
2025-09-20 04:00:00,500,2.924258802572221,3.239121777153159,-0.3148629745809379,R1
2025-09-20 05:00:00,500,2.8234144874547566,3.197450167497239,-0.37403568004248244,R1
2025-09-20 06:00:00,500,2.963156978734185,3.616412378141213,-0.653255399407028,R1
2025-09-20 07:00:00,500,2.8064632572129176,3.268501505126239,-0.4620382479133216,R1
2025-09-20 08:00:00,500,2.872370536777057,3.305264453027881,-0.4328939162508241,R1
2025-09-20 09:00:00,500,2.9135064041400853,3.353770348578123,-0.44026394443803785,R1
2025-09-20 10:00:00,500,2.9527306276334646,3.251719373114742,-0.2989887454812772,R1
2025-09-20 11:00:00,500,2.909665673573895,3.185802346488229,-0.2761366729143342,R1
2025-09-20 12:00:00,500,2.828922290100227,3.248116985016513,-0.4191946949162859,R1
2025-09-20 13:00:00,500,3.0052780285935867,3.2667892130523803,-0.2615111844587936,R1
2025-09-20 14:00:00,500,2.917215906457228,3.1315622623035533,-0.21434635584632522,R1
2025-09-20 15:00:00,500,2.8500402351575227,3.340572855820387,-0.4905326206628642,R1
2025-09-20 16:00:00,500,2.995978903784529,3.1643084284445195,-0.16832952465999051,R1
2025-09-20 17:00:00,500,2.7326364375835945,3.2733987991040427,-0.5407623615204482,R1
2025-09-20 18:00:00,500,2.822431907282319,3.238213338074395,-0.4157814307920762,R1
2025-09-20 19:00:00,500,2.8114408574767387,3.141986910295057,-0.33054605281831817,R1
2025-09-20 20:00:00,500,2.788787301522956,3.082069981303369,-0.2932826797804129,R1
2025-09-20 21:00:00,500,2.867081638836374,3.181958369937529,-0.3148767311011551,R1
2025-09-20 22:00:00,500,2.91641976735875,3.171136595906151,-0.25471682854740063,R1
2025-09-20 23:00:00,500,2.772118736098541,3.163466189172898,-0.3913474530743568,R1
2025-09-21 00:00:00,500,2.895983541024032,3.2181340895198023,-0.3221505484957703,R1
2025-09-21 01:00:00,500,2.710339761604107,3.015468877399049,-0.3051291157949416,R1
2025-09-21 02:00:00,500,2.854239089991532,3.230177344836277,-0.37593825484474497,R1
2025-09-21 03:00:00,500,2.8306688391038284,3.1378781591201816,-0.30720932001635326,R1
2025-09-21 04:00:00,500,2.8310203218250294,3.095593991242593,-0.26457366941756355,R1
2025-09-21 05:00:00,500,2.7379820480741044,3.3158466763066934,-0.577864628232589,R1
2025-09-21 06:00:00,500,2.807061583458737,3.2300192113876065,-0.4229576279288696,R1
2025-09-21 07:00:00,500,2.733397714572493,3.051706228672041,-0.3183085140995483,R1
2025-09-21 08:00:00,500,2.870910200421921,3.3013742153975683,-0.4304640149756471,R1
2025-09-21 09:00:00,500,2.889498920600454,3.225986979352506,-0.3364880587520518,R1
2025-09-21 10:00:00,500,2.8414292808813144,3.4247757208951737,-0.5833464400138593,R1
2025-09-21 11:00:00,500,2.9377777952724435,3.5339099100530884,-0.5961321147806449,R1
2025-09-21 12:00:00,500,2.865512801204205,3.312279336959439,-0.4467665357552342,R1
2025-09-21 13:00:00,500,2.8242597992627005,3.437770559428035,-0.6135107601653345,R1
2025-09-21 14:00:00,500,2.7674379966063998,3.368930810699827,-0.6014928140934273,R1
2025-09-21 15:00:00,500,2.858295226264894,3.1387900198506173,-0.2804947935857234,R1
2025-09-21 16:00:00,500,2.8872038348749918,3.3124955594403267,-0.4252917245653349,R1
2025-09-21 17:00:00,500,2.784224619180636,3.13932520982555,-0.35510059064491406,R1
2025-09-21 18:00:00,500,2.7762748036065985,3.3612421669061594,-0.5849673632995609,R1
2025-09-21 19:00:00,500,2.8402890583915688,3.2375247382145877,-0.397235679823019,R1
2025-09-21 20:00:00,500,2.712229475477261,3.198213530561375,-0.4859840550841139,R1
2025-09-21 21:00:00,500,2.706147146825773,3.350726214366856,-0.6445790675410832,R1
2025-09-21 22:00:00,500,2.872945032941331,3.220641388903555,-0.3476963559622237,R1
2025-09-21 23:00:00,500,2.803067489457817,3.227898292469651,-0.42483080301183396,R1
2025-09-22 00:00:00,500,2.876343250921488,3.094240490580033,-0.21789723965854524,R1
2025-09-22 01:00:00,500,2.7548656742736504,3.251913844479088,-0.4970481702054377,R1
2025-09-22 02:00:00,500,2.823778556775052,3.3974654597829987,-0.5736869030079466,R1
2025-09-22 03:00:00,500,2.844255860399924,3.3095787218087485,-0.4653228614088243,R1
2025-09-22 04:00:00,500,2.838945946447443,3.512979976657825,-0.674034030210382,R1
2025-09-22 05:00:00,500,2.82109402600922,3.255573516966456,-0.4344794909572358,R1
2025-09-22 06:00:00,500,2.803648228892941,3.269439255396502,-0.46579102650356097,R1
2025-09-22 07:00:00,500,2.805504591200421,3.1904723134995425,-0.38496772229912146,R1
2025-09-22 08:00:00,500,2.837194718296063,3.1968358588937407,-0.3596411405976778,R1
2025-09-22 09:00:00,500,2.850877292484659,3.1924861245409555,-0.34160883205629666,R1
2025-09-22 10:00:00,500,2.8457652950487318,3.109848704953312,-0.26408340990458035,R1
2025-09-22 11:00:00,500,2.836228076824616,3.238043934087076,-0.4018158572624597,R1
2025-09-22 12:00:00,500,2.8651687154933545,3.377576401883334,-0.5124076863899796,R1
2025-09-22 13:00:00,500,2.9040984396782576,3.2915348560522117,-0.3874364163739541,R1
2025-09-22 14:00:00,500,2.7152851880968103,3.239962940847705,-0.5246777527508946,R1
2025-09-22 15:00:00,500,2.86292798343725,3.0887599409311925,-0.2258319574939427,R1
2025-09-22 16:00:00,500,2.8506851375004194,3.1427085793902125,-0.2920234418897931,R1
2025-09-22 17:00:00,500,2.841600968103411,3.2392091780393057,-0.39760820993589485,R1
2025-09-22 18:00:00,500,2.7999829698360026,3.146732144794653,-0.3467491749586502,R1
2025-09-22 19:00:00,500,2.771177571884893,3.3822042356019484,-0.6110266637170554,R1
2025-09-22 20:00:00,500,2.6699489252195927,3.042120673986476,-0.3721717487668834,R1
2025-09-22 21:00:00,500,2.761220420416357,3.22450421303962,-0.46328379262326314,R1
2025-09-22 22:00:00,500,2.7060344835396597,3.141780486283618,-0.43574600274395836,R1
2025-09-22 23:00:00,500,2.731243870281985,3.261023743375493,-0.5297798730935082,R1
2025-09-23 00:00:00,500,2.8466086733984954,3.2110187028307826,-0.3644100294322872,R1
2025-09-23 01:00:00,500,2.818660499460376,3.573396147620459,-0.7547356481600831,R1
2025-09-23 02:00:00,500,2.8173957075107303,3.0837794471472626,-0.2663837396365323,R1
2025-09-23 03:00:00,500,2.803549704822375,3.1587208208586914,-0.35517111603631646,R1
2025-09-23 04:00:00,500,2.841081197925784,3.191335204217025,-0.3502540062912409,R1
2025-09-23 05:00:00,500,2.91640721625919,3.3404100351626598,-0.4240028189034697,R1
2025-09-23 06:00:00,500,2.7180170067013862,3.182361058755377,-0.46434405205399054,R1
2025-09-23 07:00:00,500,2.8234303061288584,3.188586322993208,-0.36515601686434973,R1
2025-09-23 08:00:00,500,2.750313350814675,3.306938478598695,-0.5566251277840202,R1
2025-09-23 09:00:00,500,2.8212333928985145,3.045115489169402,-0.2238820962708874,R1
2025-09-23 10:00:00,500,2.804529904411896,3.335235547171666,-0.5307056427597701,R1
2025-09-23 11:00:00,500,2.737155303914792,3.1663466651897765,-0.4291913612749845,R1
2025-09-23 12:00:00,500,2.7863051029246164,3.2062081572302503,-0.4199030543056339,R1
2025-09-23 13:00:00,500,2.812072294114496,3.2020148515729505,-0.3899425574584545,R1
2025-09-23 14:00:00,500,2.7429112475012136,3.1231331059912653,-0.38022185849005163,R1
2025-09-23 15:00:00,500,2.7765296040190037,3.216175692692593,-0.4396460886735891,R1
2025-09-23 16:00:00,500,2.9107256708438527,3.119952312156112,-0.20922664131225943,R1
2025-09-23 17:00:00,500,2.9481738408210387,3.288154833647833,-0.3399809928267943,R1
2025-09-23 18:00:00,500,2.7420940729096523,3.2153795025285925,-0.47328542961894016,R1
2025-09-23 19:00:00,500,2.7682515345744867,3.079733465102614,-0.3114819305281271,R1
2025-09-23 20:00:00,500,2.7851660301440515,3.2256736308755407,-0.4405076007314892,R1
2025-09-23 21:00:00,500,2.8261962210934644,3.215637770277778,-0.38944154918431373,R1
2025-09-23 22:00:00,500,2.8840761616529544,3.349685358446738,-0.46560919679378365,R1
2025-09-23 23:00:00,500,2.60734036685479,3.168649685719406,-0.5613093188646161,R1
2025-09-24 00:00:00,500,2.839489591984495,3.149572829377379,-0.3100832373928837,R1
2025-09-24 01:00:00,500,2.8092675032252084,3.2036070883985373,-0.3943395851733289,R1
2025-09-24 02:00:00,500,2.783502207867735,3.188203547001457,-0.4047013391337222,R1
2025-09-24 03:00:00,500,2.68898226418074,3.194437435222273,-0.5054551710415329,R1
2025-09-24 04:00:00,500,2.7981229779292245,3.148593020236816,-0.3504700423075917,R1
2025-09-24 05:00:00,500,2.8371473626422525,3.17912427779091,-0.3419769151486576,R1
2025-09-24 06:00:00,500,2.7780947314920086,3.2364360437250723,-0.45834131223306374,R1
2025-09-24 07:00:00,500,2.8923402120131847,3.2921665517705043,-0.3998263397573196,R1
2025-09-24 08:00:00,500,2.919721990963036,3.179569403413697,-0.2598474124506609,R1
2025-09-24 09:00:00,500,2.8417063012724264,3.072585311426969,-0.23087901015454237,R1
2025-09-24 10:00:00,500,2.8392662216349804,3.0965805934415265,-0.25731437180654604,R1
2025-09-24 11:00:00,500,2.7937279951755865,3.268548051254524,-0.47482005607893774,R1
2025-09-24 12:00:00,500,2.768986711660625,3.3736856566355304,-0.6046989449749054,R1
2025-09-24 13:00:00,500,2.866541186516044,3.237488395952209,-0.370947209436165,R1
2025-09-24 14:00:00,500,2.799548566384621,3.168001867505159,-0.368453301120538,R1
2025-09-24 15:00:00,500,2.7755008244288,3.2292816024095,-0.45378077798069993,R1
2025-09-24 16:00:00,500,2.76626908230484,3.089974106480024,-0.323705024175184,R1
2025-09-24 17:00:00,500,2.585760943339859,2.96083372383268,-0.3750727804928209,R1
2025-09-24 18:00:00,500,2.7192079714878514,3.130398855004921,-0.41119088351706967,R1
2025-09-24 19:00:00,500,2.720805397091891,3.098104779881475,-0.3772993827895843,R1
2025-09-24 20:00:00,500,2.746560370661783,3.040700229573205,-0.2941398589114219,R1
2025-09-24 21:00:00,500,2.6616155018111174,3.0641093423395587,-0.4024938405284413,R1
2025-09-24 22:00:00,500,2.6913048743130834,3.055091417068081,-0.36378654275499755,R1
2025-09-24 23:00:00,500,2.6890180506799344,3.0889645010710427,-0.3999464503911083,R1
2025-09-25 00:00:00,500,2.7605857224374613,3.199393735428392,-0.43880801299093086,R1
2025-09-25 01:00:00,500,2.710108242825945,3.014946257206687,-0.3048380143807421,R1
2025-09-25 02:00:00,500,2.7373828128799005,3.139800082072365,-0.40241726919246457,R1
2025-09-25 03:00:00,500,2.6921628030982028,3.20756809154627,-0.5154052884480671,R1
2025-09-25 04:00:00,500,2.688219748340553,3.065803444359322,-0.37758369601876884,R1
2025-09-25 05:00:00,500,2.7254037634315744,3.154535215638357,-0.4291314522067826,R1
2025-09-25 06:00:00,500,2.775629498238123,3.1260719278225304,-0.3504424295844073,R1
2025-09-25 07:00:00,500,2.7418498145024177,3.079011131891399,-0.33716131738898136,R1
2025-09-25 08:00:00,500,2.740104035613563,3.252931804609495,-0.512827768995932,R1
2025-09-25 09:00:00,500,2.776151409967192,3.115064126349381,-0.3389127163821892,R1
2025-09-25 10:00:00,500,2.8282707673664045,3.1477751180957863,-0.31950435072938177,R1
2025-09-25 11:00:00,500,2.735878298684451,3.343448784858257,-0.607570486173806,R1
2025-09-25 12:00:00,500,2.7703301155896862,3.232001054860758,-0.46167093927107183,R1
2025-09-25 13:00:00,500,2.763194143229248,3.938125840053319,-1.1749316968240708,R1
2025-09-25 14:00:00,500,2.714168552292792,3.004414682927423,-0.29024613063463134,R1
2025-09-25 15:00:00,500,2.732205905989028,3.1143379726624927,-0.3821320666734649,R1
2025-09-25 16:00:00,500,2.79241915751895,3.0884544712468704,-0.29603531372792036,R1
2025-09-25 17:00:00,500,2.7274446958422143,3.1457852028034656,-0.41834050696125136,R1
2025-09-25 18:00:00,500,2.752239299374332,3.2543112571586947,-0.5020719577843629,R1
2025-09-25 19:00:00,500,2.740594914269703,3.187797121615072,-0.4472022073453692,R1
2025-09-25 20:00:00,500,2.8227495364843915,3.225119172159065,-0.40236963567467354,R1
2025-09-25 21:00:00,500,2.622964518081767,3.121197456566225,-0.49823293848445793,R1
2025-09-25 22:00:00,500,2.7765336957661675,3.051137550669448,-0.27460385490328054,R1
2025-09-25 23:00:00,500,2.73702810231669,3.030739473711872,-0.2937113713951822,R1
2025-09-26 00:00:00,500,2.729523443385983,3.174567486500563,-0.4450440431145801,R1
2025-09-26 01:00:00,500,2.762848161599877,3.080740566854,-0.3178924052541232,R1
2025-09-26 02:00:00,500,2.7737700281033595,3.055483758225493,-0.2817137301221333,R1
2025-09-26 03:00:00,500,2.745935217211442,3.064386088715762,-0.31845087150432017,R1
2025-09-26 04:00:00,500,2.811914347630504,3.132415891585384,-0.32050154395487995,R1
2025-09-26 05:00:00,500,2.751438858179082,3.285173155486712,-0.53373429730763,R1
2025-09-26 06:00:00,500,2.813807576172767,3.1750852533802223,-0.3612776772074553,R1
2025-09-26 07:00:00,500,2.8150303959706653,3.1539335860617346,-0.3389031900910693,R1
2025-09-26 08:00:00,500,2.7709778458794228,3.347428883018759,-0.5764510371393361,R1
2025-09-26 09:00:00,500,2.8344455985600168,3.2416081929710034,-0.4071625944109867,R1
2025-09-26 10:00:00,500,2.818385056301373,3.0434809803652367,-0.2250959240638637,R1
2025-09-26 11:00:00,500,2.9546526377667237,3.309108592199682,-0.3544559544329582,R1
2025-09-26 12:00:00,500,2.819077850836492,3.375452658191965,-0.5563748073554731,R1
2025-09-26 13:00:00,500,2.788320586107073,3.070130834292742,-0.281810248185669,R1
2025-09-26 14:00:00,500,2.772261281608503,3.244870862600974,-0.47260958099247086,R1
2025-09-26 15:00:00,500,2.9468457865820623,3.186847884947136,-0.24000209836507347,R1
2025-09-26 16:00:00,500,2.77418392567483,3.105778345284932,-0.33159441961010216,R1
2025-09-26 17:00:00,500,2.8940879561561097,3.1042081859412862,-0.21012022978517653,R1
2025-09-26 18:00:00,500,2.826075976450958,3.1304734805968675,-0.30439750414590927,R1
2025-09-26 19:00:00,500,2.8055922554229484,3.225002225959349,-0.4194099705364005,R1
2025-09-26 20:00:00,500,2.792601376501932,3.108840876957334,-0.31623950045540195,R1
2025-09-26 21:00:00,500,2.75225866022908,3.2524027799805952,-0.5001441197515151,R1
2025-09-26 22:00:00,500,2.952866015817374,3.1553058413348074,-0.20243982551743356,R1
2025-09-26 23:00:00,500,2.8529037805843545,3.0553962782586277,-0.20249249767427324,R1
2025-09-27 00:00:00,500,2.674633476481807,3.2066363525600527,-0.5320028760782458,R1
2025-09-27 01:00:00,500,2.8426628141958235,3.142578029537754,-0.29991521534193044,R1
2025-09-27 02:00:00,500,2.779353733699232,3.108107882473204,-0.3287541487739718,R1
2025-09-27 03:00:00,500,2.8045499692264304,3.1708753571653343,-0.3663253879389039,R1
2025-09-27 04:00:00,500,2.8180927125164064,3.1520125560343963,-0.33391984351799,R1
2025-09-27 05:00:00,500,2.800741642748915,3.089427804739888,-0.2886861619909733,R1
2025-09-27 06:00:00,500,2.814078434625084,3.0779045877940607,-0.26382615316897695,R1
2025-09-27 07:00:00,500,2.8297155515389405,3.1799821511979824,-0.35026659965904194,R1
2025-09-27 08:00:00,500,2.7817016132769403,3.091179238638795,-0.3094776253618545,R1
2025-09-27 09:00:00,500,2.836528461872068,3.213851241148287,-0.37732277927621904,R1
2025-09-27 10:00:00,500,2.862880320354727,3.1841236144576586,-0.32124329410293173,R1
2025-09-27 11:00:00,500,2.877866262645598,3.121417668777809,-0.2435514061322106,R1
2025-09-27 12:00:00,500,2.8144528391065124,3.200480849569696,-0.3860280104631837,R1
2025-09-27 13:00:00,500,2.689847933650652,3.0635450192283824,-0.3736970855777306,R1
2025-09-27 14:00:00,500,2.760603289472244,3.1690038858049983,-0.40840059633275416,R1
2025-09-27 15:00:00,500,2.8119650150601823,3.051523651442753,-0.2395586363825708,R1
2025-09-27 16:00:00,500,2.7923261635804986,2.987798071868499,-0.19547190828800032,R1
2025-09-27 17:00:00,500,2.746282925082512,2.94354931675525,-0.19726639167273818,R1
2025-09-27 18:00:00,500,2.6606554725762943,3.138441118727932,-0.4777856461516379,R1
2025-09-27 19:00:00,500,2.7530042191853936,3.176056941276576,-0.42305272209118217,R1
2025-09-27 20:00:00,500,2.8353843710034727,3.381730079454512,-0.5463457084510392,R1
2025-09-27 21:00:00,500,2.74838588549859,3.139337029944264,-0.3909511444456739,R1
2025-09-27 22:00:00,500,2.7214341048036457,3.153753505687621,-0.43231940088397547,R1
2025-09-27 23:00:00,500,2.707579409973081,3.1836369556042072,-0.476057545631126,R1
2025-09-28 00:00:00,500,2.684749741420552,3.119767170312028,-0.4350174288914759,R1
2025-09-28 01:00:00,500,2.6470442365360345,2.986590014101534,-0.3395457775654993,R1
2025-09-28 02:00:00,500,2.784049946274532,3.084653337560016,-0.30060339128548375,R1
2025-09-28 03:00:00,500,2.7542306782141424,3.2047861567199964,-0.4505554785058541,R1
2025-09-28 04:00:00,500,2.7897618164429496,3.0184109381970625,-0.2286491217541129,R1
2025-09-28 05:00:00,500,2.79720395275131,3.179714175282462,-0.3825102225311521,R1
2025-09-28 06:00:00,500,2.8098224514504326,3.229218812248196,-0.41939636079776355,R1
2025-09-28 07:00:00,500,2.790750252288277,3.132479031831459,-0.3417287795431818,R1
2025-09-28 08:00:00,500,2.806357717411633,3.308342025950711,-0.501984308539078,R1
2025-09-28 09:00:00,500,2.892245584438421,3.1697837909461777,-0.2775382065077565,R1
2025-09-28 10:00:00,500,2.7789870859011043,3.1869826962363024,-0.40799561033519804,R1
2025-09-28 11:00:00,500,2.8500465100663104,3.242703801822929,-0.3926572917566187,R1
2025-09-28 12:00:00,500,2.7984805202123217,3.250011236678493,-0.45153071646617127,R1
2025-09-28 13:00:00,500,2.8973439677014348,3.2159938454472474,-0.31864987774581266,R1
2025-09-28 14:00:00,500,2.98474514914436,3.2893238660193167,-0.3045787168749565,R1
2025-09-28 15:00:00,500,2.9578158854813155,3.123887380818532,-0.16607149533721666,R1
2025-09-28 16:00:00,500,2.7722207214706325,3.1445420191254105,-0.37232129765477806,R1
2025-09-28 17:00:00,500,2.761374715835984,3.16590102056717,-0.4045263047311862,R1
2025-09-28 18:00:00,500,2.7649318777623995,3.083318310393961,-0.3183864326315615,R1
2025-09-28 19:00:00,500,2.738344347383223,3.162297306032805,-0.4239529586495818,R1
2025-09-28 20:00:00,500,2.827033988162618,3.235936228757954,-0.408902240595336,R1
2025-09-28 21:00:00,500,2.776031716478818,3.10049229011705,-0.3244605736382318,R1
2025-09-28 22:00:00,500,2.7391348616419964,3.0378102857644627,-0.2986754241224663,R1
2025-09-28 23:00:00,500,2.825782544933161,3.1100119932065127,-0.2842294482733516,R1
2025-09-29 00:00:00,500,2.7413837752408927,3.068027965943464,-0.32664419070257145,R1
2025-09-29 01:00:00,500,2.6874882211252364,3.030047281740968,-0.3425590606157316,R1
2025-09-29 02:00:00,500,2.804989623892239,3.0186828172630413,-0.21369319337080217,R1
2025-09-29 03:00:00,500,2.800869987193978,3.2467113328960675,-0.44584134570208933,R1
2025-09-29 04:00:00,500,2.784843788326767,2.9793709981544536,-0.19452720982768668,R1
2025-09-29 05:00:00,500,2.773981921653356,3.2459367708563343,-0.47195484920297837,R1
2025-09-29 06:00:00,500,2.8783637632801,3.247169595049615,-0.3688058317695151,R1
2025-09-29 07:00:00,500,2.8434609198230008,3.119877277303929,-0.2764163574809282,R1
2025-09-29 08:00:00,500,2.824731252338238,3.14632764657344,-0.3215963942352018,R1
2025-09-29 09:00:00,500,2.8349407297082685,3.1115747733507813,-0.27663404364251276,R1
2025-09-29 10:00:00,500,2.841531513436219,3.2473229085250024,-0.40579139508878326,R1
2025-09-29 11:00:00,500,2.8844263470742173,3.246278216590743,-0.3618518695165256,R1
2025-09-29 12:00:00,500,2.890571273489785,3.221976322638328,-0.33140504914854274,R1
2025-09-29 13:00:00,500,2.873939140958692,3.183641515529553,-0.30970237457086114,R1
2025-09-29 14:00:00,500,2.914252818677637,3.28342679510416,-0.3691739764265227,R1
2025-09-29 15:00:00,500,2.7868324431774614,3.272113127101499,-0.4852806839240378,R1
2025-09-29 16:00:00,500,2.7219412331929007,3.1786128482594287,-0.456671615066528,R1
2025-09-29 17:00:00,500,2.902836263031578,3.1529677978086696,-0.2501315347770916,R1
2025-09-29 18:00:00,500,2.793215411131819,3.391188601324449,-0.5979731901926302,R1
2025-09-29 19:00:00,500,2.7164579710319217,3.0887441163704854,-0.37228614533856375,R1
2025-09-29 20:00:00,500,2.763530625532683,3.125339974749528,-0.36180934921684527,R1
2025-09-29 21:00:00,500,2.7751212351307477,3.0762910804042165,-0.3011698452734688,R1
2025-09-29 22:00:00,500,2.7672609200669247,3.1773819084504096,-0.4101209883834849,R1
2025-09-29 23:00:00,500,2.7023931202783675,3.0420741504680784,-0.33968103018971085,R1
2025-09-30 00:00:00,500,2.7522449420879664,3.195882618420891,-0.4436376763329246,R1
2025-09-30 01:00:00,500,2.7088167483208214,3.232002112276309,-0.5231853639554878,R1
2025-09-30 02:00:00,500,2.7725054389254438,3.3303417942477505,-0.5578363553223067,R1
2025-09-30 03:00:00,500,2.7916997953917204,3.109087936622776,-0.3173881412310555,R1
2025-09-30 04:00:00,500,2.6464772600834023,3.133713227815225,-0.48723596773182276,R1
2025-09-30 05:00:00,500,2.828990305850629,3.207484718717473,-0.37849441286684415,R1
2025-09-30 06:00:00,500,2.8049925065845573,3.1419391771809044,-0.3369466705963471,R1
2025-09-30 07:00:00,500,2.754033771321446,3.131084474215014,-0.3770507028935679,R1
2025-09-30 08:00:00,500,2.7516278526393294,3.015476130117406,-0.2638482774780764,R1
2025-09-30 09:00:00,500,2.7670964898814425,3.0670284701671413,-0.2999319802856988,R1
2025-09-30 10:00:00,500,2.849349123321058,3.312736745472406,-0.4633876221513482,R1
2025-09-30 11:00:00,500,2.834470895074745,3.745925065324331,-0.911454170249586,R1
2025-09-30 12:00:00,500,2.780470907777225,3.179062367418036,-0.3985914596408109,R1
2025-09-30 13:00:00,500,2.75940821346527,3.203746515655099,-0.44433830218982884,R1
2025-09-30 14:00:00,500,2.905071186075133,3.226417896460096,-0.321346710384963,R1
2025-09-30 15:00:00,500,2.761718575648216,3.2588894446892964,-0.49717086904108054,R1
2025-09-30 16:00:00,500,2.9498863036287,3.175700211537805,-0.22581390790910483,R1
2025-09-30 17:00:00,500,2.789681790470852,3.1676363830490737,-0.3779545925782215,R1
2025-09-30 18:00:00,500,2.7073934062315668,3.3636745206964034,-0.6562811144648366,R1
2025-09-30 19:00:00,500,2.790447823956225,3.0509609632903194,-0.2605131393340945,R1
2025-09-30 20:00:00,500,2.7408795419857284,3.163737080433772,-0.4228575384480435,R1
2025-09-30 21:00:00,500,2.7012674509245955,3.2403522328236614,-0.5390847818990658,R1
2025-09-30 22:00:00,500,2.783695899738179,3.086838281512658,-0.30314238177447894,R1
2025-09-30 23:00:00,500,2.6997872225765995,3.151426792854379,-0.45163957027777935,R1
2025-10-01 00:00:00,500,2.8087805492099416,3.069584332788507,-0.26080378357856526,R1
2025-10-01 01:00:00,500,2.7365260078565106,3.166036043812948,-0.42951003595643744,R1
2025-10-01 02:00:00,500,2.8010154125260223,3.1936193157150914,-0.3926039031890691,R1
2025-10-01 03:00:00,500,2.691845686046213,3.1077910028072044,-0.41594531676099145,R1
2025-10-01 04:00:00,500,2.737529091045747,3.132892094393379,-0.3953630033476321,R1
2025-10-01 05:00:00,500,2.8016569172151287,3.185373976611261,-0.3837170593961323,R1
2025-10-01 06:00:00,500,2.84141012345322,3.2892776273144717,-0.44786750386125185,R1
2025-10-01 07:00:00,500,2.810572603176948,3.1989930245183804,-0.3884204213414324,R1
2025-10-01 08:00:00,500,2.8303543767928376,3.238819752427152,-0.4084653756343144,R1
2025-10-01 09:00:00,500,2.797037476664884,3.2289971824697115,-0.43195970580482745,R1
2025-10-01 10:00:00,500,2.918576734835982,3.2801275762516657,-0.3615508414156836,R1
2025-10-01 11:00:00,500,2.70989776545512,3.253410549917562,-0.5435127844624419,R1
2025-10-01 12:00:00,500,2.743590897846413,3.2466591095055284,-0.5030682116591154,R1
2025-10-01 13:00:00,500,2.8166565631919256,3.266407178681813,-0.4497506154898874,R1
2025-10-01 14:00:00,500,2.8923958968967742,3.1606655725002355,-0.26826967560346127,R1
2025-10-01 15:00:00,500,2.855080774011717,3.173643821043441,-0.318563047031724,R1
2025-10-01 16:00:00,500,2.831384295406792,3.156664807827452,-0.32528051242066036,R1
2025-10-01 17:00:00,500,2.786460258360603,3.1937722670343778,-0.4073120086737747,R1
2025-10-01 18:00:00,500,2.7675382755382234,3.101698375187797,-0.3341600996495737,R1
2025-10-01 19:00:00,500,2.690075950308526,3.1576425024183354,-0.4675665521098096,R1
2025-10-01 20:00:00,500,2.790586311200422,3.110265848201432,-0.3196795370010097,R1
2025-10-01 21:00:00,500,2.8286967985672544,3.2168982844751968,-0.38820148590794235,R1
2025-10-01 22:00:00,500,2.71731954143104,3.439236490378712,-0.7219169489476722,R1
2025-10-01 23:00:00,500,2.724509527440572,2.9963625480386287,-0.2718530205980567,R1
2025-10-02 00:00:00,500,2.7228775424275544,3.082911734991364,-0.36003419256380953,R1
2025-10-02 01:00:00,500,2.7132151141469074,3.200361744850129,-0.48714663070322173,R1
2025-10-02 02:00:00,500,2.785220336536017,3.1058380156034096,-0.32061767906739247,R1
2025-10-02 03:00:00,500,2.725977889975318,3.057419488618196,-0.3314415986428778,R1
2025-10-02 04:00:00,500,2.784160532935991,3.1738117751502832,-0.38965124221429237,R1
2025-10-02 05:00:00,500,2.754876663183373,3.358730203403586,-0.603853540220213,R1
2025-10-02 06:00:00,500,2.874951594957239,3.20395312010624,-0.32900152514900105,R1
2025-10-02 07:00:00,500,2.8178304638777605,3.8132927798139886,-0.9954623159362281,R1
2025-10-02 08:00:00,500,2.9073158871727154,3.091983729915553,-0.18466784274283743,R1
2025-10-02 09:00:00,500,2.76661262310368,3.094697141315912,-0.32808451821223183,R1
2025-10-02 10:00:00,500,2.7462545799469646,3.132852377527899,-0.38659779758093427,R1
2025-10-02 11:00:00,500,2.847294711818975,3.2052312087393404,-0.35793649692036533,R1
2025-10-02 12:00:00,500,2.7836238632782675,3.057554361889639,-0.2739304986113713,R1
2025-10-02 13:00:00,500,2.8286861423840284,3.1126997106192165,-0.2840135682351881,R1
2025-10-02 14:00:00,500,2.822060824424925,3.0717968376426694,-0.24973601321774463,R1
2025-10-02 15:00:00,500,2.888917285404258,3.207820036705483,-0.3189027513012248,R1
2025-10-02 16:00:00,500,2.854617729848815,3.113696223671055,-0.25907849382224013,R1
2025-10-02 17:00:00,500,2.7194969492423957,3.124613496406847,-0.4051165471644511,R1
2025-10-02 18:00:00,500,2.706249328401692,3.079922546888829,-0.37367321848713697,R1
2025-10-02 19:00:00,500,2.7230313399664605,2.99413033082104,-0.27109899085457956,R1
2025-10-02 20:00:00,500,2.7014760487833245,3.0823291959072523,-0.3808531471239278,R1
2025-10-02 21:00:00,500,2.621719391753083,3.1806356843578296,-0.5589162926047466,R1
2025-10-02 22:00:00,500,2.7204999933350784,3.143571248957737,-0.4230712556226588,R1
2025-10-02 23:00:00,500,2.6438944293803446,3.0387609938964286,-0.39486656451608404,R1
2025-10-03 00:00:00,500,2.727159817650552,3.050112424431488,-0.32295260678093607,R1
2025-10-03 01:00:00,500,2.828602649062477,3.3021867755988867,-0.4735841265364096,R1
2025-10-03 02:00:00,500,2.793985749481419,3.067736943476449,-0.2737511939950301,R1
2025-10-03 03:00:00,500,2.713219144721979,3.154886642474044,-0.44166749775206515,R1
2025-10-03 04:00:00,500,2.783589501703362,3.1469207155818317,-0.36333121387846967,R1
2025-10-03 05:00:00,500,2.789773371970752,3.204963054827127,-0.41518968285637525,R1
2025-10-03 06:00:00,500,2.926769357670816,3.4755312750960887,-0.5487619174252729,R1
2025-10-03 07:00:00,500,2.676362998461132,3.038718874800644,-0.36235587633951205,R1
2025-10-03 08:00:00,500,2.815683808452959,3.119688616541044,-0.30400480808808483,R1
2025-10-03 09:00:00,500,2.7566307006590898,3.125832786184384,-0.36920208552529443,R1
2025-10-03 10:00:00,500,2.832292228040722,3.267179625980312,-0.43488739793958997,R1
2025-10-03 11:00:00,500,2.79186566502268,3.111085470294149,-0.319219805271469,R1
2025-10-03 12:00:00,500,2.74944656145656,3.110018902575913,-0.36057234111935266,R1
2025-10-03 13:00:00,500,2.859495259442354,3.353065349074916,-0.4935700896325619,R1
2025-10-03 14:00:00,500,2.999764252312368,3.1551146323719967,-0.15535038005962853,R1
2025-10-03 15:00:00,500,2.7831983330013483,3.202353813045076,-0.4191554800437278,R1
2025-10-03 16:00:00,500,2.792107740113501,3.433424460344308,-0.6413167202308072,R1
2025-10-03 17:00:00,500,2.790078244814047,3.146035490149949,-0.3559572453359019,R1
2025-10-03 18:00:00,500,2.807165324950017,3.119035662877225,-0.31187033792720786,R1
2025-10-03 19:00:00,500,2.779908932042902,3.156190671554769,-0.3762817395118674,R1
2025-10-03 20:00:00,500,2.7612870993842087,3.040427742440914,-0.27914064305670516,R1
2025-10-03 21:00:00,500,2.863442142924032,2.9252731339021585,-0.06183099097812628,R1
2025-10-03 22:00:00,500,2.72172861767761,3.035386317946632,-0.31365770026902196,R1
2025-10-03 23:00:00,500,2.752589620319609,2.9743095045692223,-0.2217198842496133,R1
2025-10-04 00:00:00,500,2.74747718596005,3.075898616446746,-0.32842143048669614,R1
2025-10-04 01:00:00,500,2.8040437414391715,3.0150929841037257,-0.21104924266455427,R1
2025-10-04 02:00:00,500,2.7278526794432176,3.239365059740328,-0.5115123802971104,R1
2025-10-04 03:00:00,500,2.705850551770336,3.1113774167088084,-0.40552686493847245,R1
2025-10-04 04:00:00,500,2.8017984771025994,3.1171732750852748,-0.3153747979826753,R1
2025-10-04 05:00:00,500,2.811075864505121,3.194548883566024,-0.38347301906090303,R1
2025-10-04 06:00:00,500,2.80053297338487,3.165277574509849,-0.3647446011249791,R1
2025-10-04 07:00:00,500,2.7045885415394832,2.9187336148714857,-0.2141450733320025,R1
2025-10-04 08:00:00,500,2.8378348428225477,3.2001411930610897,-0.36230635023854196,R1
2025-10-04 09:00:00,500,2.8851062980783264,3.185583473051989,-0.30047717497366255,R1
2025-10-04 10:00:00,500,2.858272592106567,3.1786364415976265,-0.32036384949105967,R1
2025-10-04 11:00:00,500,2.910907127419108,3.232746460476276,-0.32183933305716783,R1
2025-10-04 12:00:00,500,2.8658962390435136,3.197981865038073,-0.3320856259945595,R1
2025-10-04 13:00:00,500,2.862246156960121,3.222880421103401,-0.3606342641432798,R1
2025-10-04 14:00:00,500,2.835476713984568,3.2351450063036062,-0.39966829231903844,R1
2025-10-04 15:00:00,500,2.882610061930253,3.3588837300828054,-0.47627366815255234,R1
2025-10-04 16:00:00,500,2.8915304093638547,3.412978062254986,-0.5214476528911312,R1
2025-10-04 17:00:00,500,2.8191733425741394,3.1121537756178377,-0.29298043304369825,R1
2025-10-04 18:00:00,500,2.679425785066474,3.038302682996377,-0.35887689792990285,R1
2025-10-04 19:00:00,500,2.733712708041996,3.1907623614640808,-0.4570496534220849,R1
2025-10-04 20:00:00,500,2.77686176411988,3.3014675870436787,-0.5246058229237986,R1
2025-10-04 21:00:00,500,2.811202231844853,3.1047230807126907,-0.2935208488678378,R1
2025-10-04 22:00:00,500,2.7568438864956724,3.2370125039288005,-0.4801686174331281,R1
2025-10-04 23:00:00,500,2.7432136715027338,3.088049240730331,-0.3448355692275973,R1
2025-10-05 00:00:00,500,2.7764327686000305,3.141420996055762,-0.36498822745573145,R1
2025-10-05 01:00:00,500,2.743020250427082,3.152620708526654,-0.4096004580995718,R1
2025-10-05 02:00:00,500,2.7944158555675958,3.0925855050796107,-0.29816964951201497,R1
2025-10-05 03:00:00,500,2.760455710570471,3.096127766371909,-0.33567205580143833,R1
2025-10-05 04:00:00,500,2.7312343372662573,3.1673707042219674,-0.4361363669557101,R1
2025-10-05 05:00:00,500,2.694887298487781,3.609014280272076,-0.9141269817842947,R1
2025-10-05 06:00:00,500,2.731903699683681,3.2453192193878286,-0.5134155197041474,R1
2025-10-05 07:00:00,500,2.679218509280767,3.0724767441645744,-0.3932582348838074,R1
2025-10-05 08:00:00,500,2.673501059402188,3.1394923690488388,-0.4659913096466508,R1
2025-10-05 09:00:00,500,2.7959635291603955,3.287964968639122,-0.49200143947872643,R1
2025-10-05 10:00:00,500,2.713531025506025,3.053796507539967,-0.34026548203394213,R1
2025-10-05 11:00:00,500,2.838632851238468,3.240386200337656,-0.4017533490991876,R1
2025-10-05 12:00:00,500,2.8551614197270085,3.116107797983851,-0.2609463782568424,R1
2025-10-05 13:00:00,500,2.7721230410437605,3.1685913223765367,-0.39646828133277623,R1
2025-10-05 14:00:00,500,2.730197658369823,3.054479467698729,-0.3242818093289057,R1
2025-10-05 15:00:00,500,2.847440119895482,2.991804181313001,-0.144364061417519,R1
2025-10-05 16:00:00,500,2.6421644448136017,2.992089307078189,-0.3499248622645874,R1
2025-10-05 17:00:00,500,2.715268435666629,2.8605169635758565,-0.1452485279092275,R1
2025-10-05 18:00:00,500,2.709803115923316,2.856295931655489,-0.1464928157321732,R1
2025-10-05 19:00:00,500,2.731475996969974,2.969020891728348,-0.23754489475837426,R1
2025-10-05 20:00:00,500,2.699479508035642,2.914624920153182,-0.2151454121175398,R1
2025-10-05 21:00:00,500,2.7072088212342105,3.074950405578312,-0.36774158434410165,R1
2025-10-05 22:00:00,500,2.6584293015956817,2.97174212377837,-0.3133128221826884,R1
2025-10-05 23:00:00,500,2.621367940599235,2.913996674393265,-0.29262873379402965,R1
2025-10-06 00:00:00,500,2.674642321530706,2.947990607017303,-0.27334828548659695,R1
2025-10-06 01:00:00,500,2.695859237670401,3.074797437496418,-0.37893819982601684,R1
2025-10-06 02:00:00,500,2.786878836507103,2.9789190363586857,-0.19204019985158283,R1
2025-10-06 03:00:00,500,2.8648355280354973,3.675556986173533,-0.8107214581380355,R1
2025-10-06 04:00:00,500,2.612418660069423,2.9783114528493626,-0.3658927927799396,R1
2025-10-06 05:00:00,500,2.7536577847039374,3.224629847146467,-0.47097206244252954,R1
2025-10-06 06:00:00,500,2.699068983425342,3.207409642830658,-0.5083406594053161,R1
2025-10-06 07:00:00,500,2.713083158635926,3.056031370957397,-0.3429482123214713,R1
2025-10-06 08:00:00,500,2.880810264532678,3.1172345325065343,-0.2364242679738564,R1
2025-10-06 09:00:00,500,2.755017890349068,3.135180927862117,-0.38016303751304914,R1
2025-10-06 10:00:00,500,2.7491540174786504,3.141219559670448,-0.3920655421917978,R1
2025-10-06 11:00:00,500,2.787735277850731,3.11389563080388,-0.32616035295314916,R1
2025-10-06 12:00:00,500,2.866434938387284,3.986660580044875,-1.120225641657591,R1
2025-10-06 13:00:00,500,2.6242432869574284,3.0212265223937447,-0.3969832354363163,R1
2025-10-06 14:00:00,500,2.805295733225849,3.194664036141431,-0.3893683029155821,R1
2025-10-06 15:00:00,500,2.7056453264899574,3.0244805686179657,-0.3188352421280083,R1
2025-10-06 16:00:00,500,2.639903588502265,3.025363233336083,-0.3854596448338179,R1
2025-10-06 17:00:00,500,2.7208993481590205,3.0334558403734784,-0.3125564922144579,R1
2025-10-06 18:00:00,500,2.62618613070494,3.037906952575792,-0.4117208218708521,R1
2025-10-06 19:00:00,500,2.672001997532331,3.138806714958977,-0.4668047174266463,R1
2025-10-06 20:00:00,500,2.7666437830295982,2.9718186561746798,-0.20517487314508154,R1
2025-10-06 21:00:00,500,2.871153940879365,3.102448975515516,-0.23129503463615064,R1
2025-10-06 22:00:00,500,2.669750404824155,3.007146192686584,-0.33739578786242896,R1
2025-10-06 23:00:00,500,2.652476209418473,3.03047180417644,-0.3779955947579672,R1
2025-10-07 00:00:00,500,2.8483657755121627,3.02300094810315,-0.17463517259098715,R1
2025-10-07 01:00:00,500,2.639575092810692,2.9315452455297253,-0.2919701527190335,R1
2025-10-07 02:00:00,500,2.6551411439845696,3.2400752485036173,-0.5849341045190477,R1
2025-10-07 03:00:00,500,2.700715125212412,3.062514798751648,-0.3617996735392359,R1
2025-10-07 04:00:00,500,2.826919493343936,3.1684630984680724,-0.3415436051241363,R1
2025-10-07 05:00:00,500,2.7192307044239814,3.0684750862066803,-0.3492443817826989,R1
2025-10-07 06:00:00,500,2.761876833983985,3.2268158637470594,-0.46493902976307444,R1
2025-10-07 07:00:00,500,2.733427941287224,3.0413492309422683,-0.3079212896550443,R1
2025-10-07 08:00:00,500,2.7812433423171368,3.03480719071124,-0.2535638483941032,R1
2025-10-07 09:00:00,500,2.8118847605217887,3.146089196038968,-0.3342044355171794,R1
2025-10-07 10:00:00,500,2.820880902863981,3.2047302598634357,-0.38384935699945455,R1
2025-10-07 11:00:00,500,2.817408151940981,3.1266498983485325,-0.3092417464075514,R1
2025-10-07 12:00:00,500,2.737538438291414,3.128557133428457,-0.3910186951370429,R1
2025-10-07 13:00:00,500,2.787157943242771,3.1246820759703686,-0.3375241327275975,R1
2025-10-07 14:00:00,500,3.0174398807277942,3.174561861699501,-0.1571219809717066,R1
2025-10-07 15:00:00,500,2.672402450780476,3.101934803175737,-0.429532352395261,R1
2025-10-07 16:00:00,500,2.7329182964042085,3.0935637528729125,-0.36064545646870405,R1
2025-10-07 17:00:00,500,2.770707655731626,3.1756689784468675,-0.4049613227152413,R1
2025-10-07 18:00:00,500,2.7071967937242727,3.020267959330809,-0.31307116560653636,R1
2025-10-07 19:00:00,500,2.8209796586508684,3.120740475322648,-0.29976081667177956,R1
2025-10-07 20:00:00,500,2.805710337054915,3.123678690334456,-0.3179683532795412,R1
2025-10-07 21:00:00,500,2.721472103434462,3.178335910690528,-0.4568638072560658,R1
2025-10-07 22:00:00,500,2.692562479251321,3.1816585328478104,-0.48909605359648944,R1
2025-10-07 23:00:00,500,2.804667129664636,3.129636064480423,-0.3249689348157867,R1
2025-10-08 00:00:00,500,2.791722748708293,3.129419031264599,-0.3376962825563057,R1
2025-10-08 01:00:00,500,2.6917849809505405,3.3991902574205186,-0.7074052764699781,R1
2025-10-08 02:00:00,500,2.862209017385014,3.1425690451244326,-0.2803600277394187,R1
2025-10-08 03:00:00,500,2.8608620574484704,3.08042939749392,-0.21956734004544964,R1
2025-10-08 04:00:00,500,2.746583836964473,3.186514836618088,-0.43993099965361493,R1
2025-10-08 05:00:00,500,2.6970674624559674,3.181206664667684,-0.4841392022117166,R1
2025-10-08 06:00:00,500,2.822822922371277,3.121191793070204,-0.2983688706989267,R1
2025-10-08 07:00:00,500,2.7601295986526644,3.208134357122161,-0.4480047584694966,R1
2025-10-08 08:00:00,500,2.7288310625159267,3.031005523128955,-0.30217446061302855,R1
2025-10-08 09:00:00,500,2.835467089982452,3.191685485172372,-0.35621839518992005,R1
2025-10-08 10:00:00,500,2.790034779975348,3.2504759622528336,-0.46044118227748543,R1
2025-10-08 11:00:00,500,2.852545905730588,3.193681211090348,-0.3411353053597601,R1
2025-10-08 12:00:00,500,2.9057212916620063,3.102554863729257,-0.19683357206725072,R1
2025-10-08 13:00:00,500,2.8453485613068006,3.083677908784186,-0.23832934747738532,R1
2025-10-08 14:00:00,500,2.837668379695576,3.211020720402972,-0.37335234070739576,R1
2025-10-08 15:00:00,500,2.7907753601093392,3.5282641872190053,-0.737488827109666,R1
2025-10-08 16:00:00,500,2.814010486165551,3.1202011387930364,-0.30619065262748535,R1
2025-10-08 17:00:00,500,2.7408157733004264,3.324958165538942,-0.5841423922385158,R1
2025-10-08 18:00:00,500,2.7506455013761406,3.1470001643907937,-0.39635466301465305,R1
2025-10-08 19:00:00,500,2.913096241412201,3.1794540591936555,-0.26635781778145473,R1
2025-10-08 20:00:00,500,2.785782636533994,3.068821824863151,-0.28303918832915675,R1
2025-10-08 21:00:00,500,2.778776124457543,3.1221665177101188,-0.3433903932525757,R1
2025-10-08 22:00:00,500,2.680125032094854,3.3560800104960324,-0.6759549784011782,R1
2025-10-08 23:00:00,500,2.7629471373121715,3.1288623175603023,-0.36591518024813086,R1
2025-10-09 00:00:00,500,2.745889610261833,3.1869608889104324,-0.4410712786485993,R1
2025-10-09 01:00:00,500,2.829740506654132,3.14817019573016,-0.31842968907602787,R1
2025-10-09 02:00:00,500,2.759472250678463,3.0190584691791864,-0.2595862185007234,R1
2025-10-09 03:00:00,500,2.845869095337624,3.134786503168137,-0.288917407830513,R1
2025-10-09 04:00:00,500,2.775612012918592,3.155310341520293,-0.37969832860170083,R1
2025-10-09 05:00:00,500,2.842460185865245,3.439055621920738,-0.5965954360554933,R1
2025-10-09 06:00:00,500,2.8633822295284044,3.283458293026809,-0.42007606349840465,R1
2025-10-09 07:00:00,500,2.780943263135503,3.2174006996258715,-0.4364574364903686,R1
2025-10-09 08:00:00,500,2.887273168474588,3.197266568821888,-0.30999340034730016,R1
2025-10-09 09:00:00,500,2.786702093308119,3.0767272066965767,-0.2900251133884577,R1
2025-10-09 10:00:00,500,2.849350052962971,3.2143197605507834,-0.3649697075878122,R1
2025-10-09 11:00:00,500,2.8737822037198777,3.3275976257040494,-0.4538154219841717,R1
2025-10-09 12:00:00,500,2.901612140705668,3.315446492146461,-0.41383435144079295,R1
2025-10-09 13:00:00,500,2.7269319378576053,3.148914134132886,-0.4219821962752808,R1
2025-10-09 14:00:00,500,2.8085902891615087,3.264193614514851,-0.45560332535334247,R1
2025-10-09 15:00:00,500,2.6512621992021645,3.186276214865708,-0.5350140156635432,R1
2025-10-09 16:00:00,500,2.7315651162713865,3.22009515381726,-0.48853003754587343,R1
2025-10-09 17:00:00,500,2.7343000419448185,3.206505157386301,-0.47220511544148236,R1
2025-10-09 18:00:00,500,2.8460413916564216,3.115890959714812,-0.26984956805839033,R1
2025-10-09 19:00:00,500,2.7382340218003165,3.855895313088266,-1.1176612912879493,R1
2025-10-09 20:00:00,500,2.6984302738270745,3.03370464903294,-0.33527437520586556,R1
2025-10-09 21:00:00,500,2.700374478961011,3.074569081600646,-0.3741946026396352,R1
2025-10-09 22:00:00,500,2.8238016651849795,3.158489835269117,-0.3346881700841373,R1
2025-10-09 23:00:00,500,2.726333649235109,3.222014482624997,-0.4956808333898879,R1
2025-10-10 00:00:00,500,2.7333911381557483,3.2087052792780986,-0.47531414112235026,R1
2025-10-10 01:00:00,500,2.747502240732849,3.0798743536191906,-0.3323721128863415,R1
2025-10-10 02:00:00,500,2.8094287775107576,3.041698362617041,-0.23226958510628348,R1
2025-10-10 03:00:00,500,2.7317684862287104,3.117201494297052,-0.38543300806834146,R1
2025-10-10 04:00:00,500,2.7500412819085303,3.128708510977179,-0.3786672290686486,R1
2025-10-10 05:00:00,500,2.6855809249706244,3.1963119323719176,-0.5107310074012932,R1
2025-10-10 06:00:00,500,2.875937256396686,3.333160923822984,-0.4572236674262977,R1
2025-10-10 07:00:00,500,2.7541634355341733,3.060156398959941,-0.30599296342576787,R1
2025-10-10 08:00:00,500,2.7165408143470087,2.976770408985875,-0.2602295946388664,R1
2025-10-10 09:00:00,500,2.7426236228155085,3.1373765588268814,-0.39475293601137285,R1
2025-10-10 10:00:00,500,2.906629294082358,3.0527837853528363,-0.1461544912704782,R1
2025-10-10 11:00:00,500,2.7827666669469147,3.176512777981187,-0.39374611103427215,R1
2025-10-10 12:00:00,500,2.717936106893416,3.236184404978381,-0.518248298084965,R1
2025-10-10 13:00:00,500,2.7343730989742503,3.121117387357943,-0.3867442883836927,R1
2025-10-10 14:00:00,500,2.81236934199964,3.383111440302828,-0.5707420983031879,R1
2025-10-10 15:00:00,500,2.7883193623207845,3.1741852243749906,-0.38586586205420614,R1
2025-10-10 16:00:00,500,2.868607891226482,3.197786583468297,-0.3291786922418152,R1
2025-10-10 17:00:00,500,2.7652780160449035,3.3325995421561547,-0.5673215261112512,R1
2025-10-10 18:00:00,500,2.745129690989051,3.050988477747094,-0.30585878675804334,R1
2025-10-10 19:00:00,500,2.8150578579732617,3.2245212529266127,-0.40946339495335105,R1
2025-10-10 20:00:00,500,2.8093593797348904,3.07385007710982,-0.2644906973749297,R1
2025-10-10 21:00:00,500,2.7600712023115688,3.023352911810106,-0.26328170949853735,R1
2025-10-10 22:00:00,500,2.7685285044350114,3.340628395438983,-0.5720998910039716,R1
2025-10-10 23:00:00,500,2.836937840483952,3.0911179814230656,-0.25418014093911356,R1
2025-10-11 00:00:00,500,2.8202028425947585,3.8875904694058905,-1.067387626811132,R1
2025-10-11 01:00:00,500,2.7092259375541703,2.983035977167352,-0.27381003961318173,R1
2025-10-11 02:00:00,500,2.781123396081224,3.028676257782514,-0.2475528617012901,R1
2025-10-11 03:00:00,500,2.681845498519936,3.1335933538171807,-0.4517478552972447,R1
2025-10-11 04:00:00,500,2.8378340178491954,3.3876215554261853,-0.5497875375769898,R1
2025-10-11 05:00:00,500,2.9271870079512774,3.0003361705338065,-0.07314916258252913,R1
2025-10-11 06:00:00,500,2.7745343646659024,3.227081629366215,-0.45254726470031237,R1
2025-10-11 07:00:00,500,2.9495928259561777,3.141109041414638,-0.19151621545846043,R1
2025-10-11 08:00:00,500,2.756429830717704,3.1034365841396583,-0.3470067534219541,R1
2025-10-11 09:00:00,500,2.840129223280259,3.1158204515129246,-0.2756912282326658,R1
2025-10-11 10:00:00,500,2.8243884387225764,3.301776968829159,-0.47738853010658255,R1
2025-10-11 11:00:00,500,2.7044836425069,3.1627726470715523,-0.4582890045646524,R1
2025-10-11 12:00:00,500,2.8024881716127985,3.0543462311360243,-0.2518580595232258,R1
2025-10-11 13:00:00,500,2.770731893521383,3.1640990734252448,-0.3933671799038616,R1
2025-10-11 14:00:00,500,3.064457492304628,3.0876213220353974,-0.023163829730769248,R1
2025-10-11 15:00:00,500,2.772516528605465,3.2813248535573267,-0.5088083249518616,R1
2025-10-11 16:00:00,500,2.7885198923387726,3.182064006875793,-0.3935441145370202,R1
2025-10-11 17:00:00,500,2.684784219954508,3.0245876362675466,-0.33980341631303856,R1
2025-10-11 18:00:00,500,2.719658104708002,3.191396661987291,-0.4717385572792887,R1
2025-10-11 19:00:00,500,2.8077975418955594,3.197821904388951,-0.3900243624933917,R1
2025-10-11 20:00:00,500,2.78387606865172,3.13336903574408,-0.3494929670923601,R1
2025-10-11 21:00:00,500,2.7699324420521454,3.433842894137724,-0.6639104520855788,R1
2025-10-11 22:00:00,500,2.7368063451078557,3.1765314463604954,-0.43972510125263975,R1
2025-10-11 23:00:00,500,2.692108192057326,3.1596948416457424,-0.4675866495884162,R1
2025-10-12 00:00:00,500,2.7724133873318517,3.155657430256075,-0.3832440429242232,R1
2025-10-12 01:00:00,500,2.736894132614745,3.1377132630404447,-0.40081913042569983,R1
2025-10-12 02:00:00,500,2.7481522615301417,3.148212681139371,-0.40006041960922945,R1
2025-10-12 03:00:00,500,2.7829253965452736,3.153406861842572,-0.3704814652972983,R1
2025-10-12 04:00:00,500,2.78703868002896,3.22207845866928,-0.43503977864031995,R1
2025-10-12 05:00:00,500,2.863060316067211,3.327407801264087,-0.4643474851968761,R1
2025-10-12 06:00:00,500,2.8175077804604007,3.214472682694081,-0.3969649022336803,R1
2025-10-12 07:00:00,500,2.807000947350137,3.200561099661306,-0.3935601523111689,R1
2025-10-12 08:00:00,500,2.837768517084388,3.0170785890941185,-0.1793100720097307,R1
2025-10-12 09:00:00,500,2.8346207740421674,3.162105883723435,-0.32748510968126743,R1
2025-10-12 10:00:00,500,2.74153497298583,3.165687928224871,-0.42415295523904106,R1
2025-10-12 11:00:00,500,2.9080580454953373,3.0975665759044406,-0.18950853040910332,R1
2025-10-12 12:00:00,500,2.850970867207946,3.131680613530956,-0.28070974632300993,R1
2025-10-12 13:00:00,500,2.766105474868977,3.1271646406096902,-0.3610591657407132,R1
2025-10-12 14:00:00,500,2.82582575289895,3.291890867237277,-0.4660651143383272,R1
2025-10-12 15:00:00,500,2.8467023186599136,3.141222499528506,-0.29452018086859244,R1
2025-10-12 16:00:00,500,2.7779197153013357,3.131292523898085,-0.35337280859674935,R1
2025-10-12 17:00:00,500,2.811878772856796,3.1490863344796125,-0.3372075616228165,R1
2025-10-12 18:00:00,500,2.61505962622963,3.0907837995811285,-0.4757241733514985,R1
2025-10-12 19:00:00,500,2.702129689830431,3.9959656264483354,-1.2938359366179046,R1
2025-10-12 20:00:00,500,2.8312434847904444,3.0959257107913065,-0.2646822260008621,R1
2025-10-12 21:00:00,500,2.778720434454216,3.157979206786496,-0.37925877233228,R1
2025-10-12 22:00:00,500,2.7523974582483723,3.2026160047685845,-0.4502185465202122,R1
2025-10-12 23:00:00,500,2.796810725325695,3.1352564877458007,-0.3384457624201058,R1
2025-10-13 00:00:00,500,2.729343257595428,3.561746138447551,-0.8324028808521229,R1
2025-10-13 01:00:00,500,2.756374738410248,3.0544631369422675,-0.2980883985320193,R1
2025-10-13 02:00:00,500,2.76433608924405,3.070168093097517,-0.305832003853467,R1
2025-10-13 03:00:00,500,2.7446684794484257,3.233738158625577,-0.48906967917715116,R1
2025-10-13 04:00:00,500,2.736733484748949,3.040728023044375,-0.3039945382954259,R1
2025-10-13 05:00:00,500,2.855396202162937,3.2943578646336005,-0.4389616624706636,R1
2025-10-13 06:00:00,500,2.8590891509208816,3.1757586380980154,-0.31666948717713383,R1
2025-10-13 07:00:00,500,2.699956405908931,3.1742520783310884,-0.4742956724221572,R1
2025-10-13 08:00:00,500,2.7230039839215614,3.2408598262669512,-0.5178558423453898,R1
2025-10-13 09:00:00,500,2.835093827442327,3.0908430001767258,-0.25574917273439857,R1
2025-10-13 10:00:00,500,2.892143485944015,3.0633250691837373,-0.1711815832397221,R1
2025-10-13 11:00:00,500,2.877340919769923,3.2064109509299623,-0.3290700311600392,R1
2025-10-13 12:00:00,500,2.8771749252604564,3.327522574435392,-0.4503476491749354,R1
2025-10-13 13:00:00,500,2.753711645722701,3.091083776821435,-0.3373721310987339,R1
2025-10-13 14:00:00,500,2.793929617927232,3.1901535393472704,-0.3962239214200385,R1
2025-10-13 15:00:00,500,2.8693614409655126,3.203498093745475,-0.3341366527799625,R1
2025-10-13 16:00:00,500,2.703818082076531,2.9239688986358674,-0.22015081655933644,R1
2025-10-13 17:00:00,500,2.6712354931985844,3.0314408957786747,-0.36020540258009026,R1
2025-10-13 18:00:00,500,2.7373117064911896,3.022356324062197,-0.2850446175710073,R1
2025-10-13 19:00:00,500,2.6230764786955323,2.9818658425492868,-0.3587893638537545,R1
2025-10-13 20:00:00,500,2.738216557839423,3.000509170159793,-0.26229261232036993,R1
2025-10-13 21:00:00,500,2.639596043466526,3.4444472547716027,-0.8048512113050768,R1
2025-10-13 22:00:00,500,2.7307142477219184,3.243755340095031,-0.5130410923731126,R1
2025-10-13 23:00:00,500,2.774316216734096,3.160302904704464,-0.38598668797036817,R1
2025-10-14 00:00:00,500,2.678801064970449,3.0498164242359063,-0.37101535926545726,R1
2025-10-14 01:00:00,500,2.69190297533536,3.113793952848376,-0.4218909775130162,R1
2025-10-14 02:00:00,500,2.6832462721848063,3.0230795517506865,-0.3398332795658803,R1
2025-10-14 03:00:00,500,2.690646611687964,2.9801682216778373,-0.2895216099898734,R1
2025-10-14 04:00:00,500,2.687134521763934,3.088866413746685,-0.4017318919827506,R1
2025-10-14 05:00:00,500,2.829627807779671,3.2592520397620954,-0.4296242319824244,R1
2025-10-14 06:00:00,500,2.838888346021814,3.1901086517194828,-0.3512203056976686,R1
2025-10-14 07:00:00,500,2.74110975788738,3.1211503930843163,-0.3800406351969361,R1
2025-10-14 08:00:00,500,2.6727998036496348,2.987626582170259,-0.314826778520624,R1
2025-10-14 09:00:00,500,2.7011549206222485,3.1451800716947536,-0.44402515107250506,R1
2025-10-14 10:00:00,500,2.789912145213938,3.133718114286112,-0.3438059690721742,R1
2025-10-14 11:00:00,500,2.7240968966470263,3.077555305336099,-0.35345840868907263,R1
2025-10-14 12:00:00,500,2.773605959976708,3.1735570175366257,-0.3999510575599179,R1
2025-10-14 13:00:00,500,2.775521153674117,3.2729315212241983,-0.4974103675500814,R1
2025-10-14 14:00:00,500,2.913813102080548,3.2489188558257704,-0.33510575374522267,R1
2025-10-14 15:00:00,500,2.759889272161036,3.1035467175002376,-0.3436574453392014,R1
2025-10-14 16:00:00,500,2.8362852023195075,3.1885207086501044,-0.35223550633059686,R1
2025-10-14 17:00:00,500,2.8076314000977263,3.029481273355782,-0.22184987325805583,R1
2025-10-14 18:00:00,500,2.694978228577764,3.1291716623064447,-0.4341934337286806,R1
2025-10-14 19:00:00,500,2.7237523500460776,3.1028147203661067,-0.3790623703200291,R1
2025-10-14 20:00:00,500,2.6267847586071347,3.1589739879609486,-0.532189229353814,R1
2025-10-14 21:00:00,500,2.744317532691372,3.096717602136453,-0.35240006944508107,R1
2025-10-14 22:00:00,500,2.6556743345370637,2.983048959994865,-0.3273746254578014,R1
2025-10-14 23:00:00,500,2.572414441272895,3.02740324935193,-0.45498880807903497,R1
2025-10-15 00:00:00,500,2.653792079119251,3.1370960269008337,-0.4833039477815828,R1
2025-10-15 01:00:00,500,2.677186957917861,3.13466415143448,-0.4574771935166191,R1
2025-10-15 02:00:00,500,2.772330683318516,3.0629738196363085,-0.29064313631779237,R1
2025-10-15 03:00:00,500,2.811340005687785,3.0027214407695406,-0.19138143508175576,R1
2025-10-15 04:00:00,500,2.8038397868120244,3.2046392595888427,-0.40079947277681827,R1
2025-10-15 05:00:00,500,2.798247019352381,3.210802761105802,-0.41255574175342113,R1
2025-10-15 06:00:00,500,2.710755657777584,3.200329478536574,-0.4895738207589897,R1
2025-10-15 07:00:00,500,2.788165840656654,2.9611418161781597,-0.1729759755215059,R1
2025-10-15 08:00:00,500,2.6426920617143077,3.092614587229145,-0.44992252551483736,R1
2025-10-15 09:00:00,500,2.805044334756219,3.1761127587452327,-0.37106842398901385,R1
2025-10-15 10:00:00,500,2.761562096591868,3.115647858540721,-0.3540857619488529,R1
2025-10-15 11:00:00,500,2.754697711056005,3.184971959675193,-0.43027424861918817,R1
2025-10-15 12:00:00,500,2.6739588729862898,3.176667003692016,-0.5027081307057264,R1
2025-10-15 13:00:00,500,2.62505135390487,3.085124956442717,-0.4600736025378471,R1
2025-10-15 14:00:00,500,2.805007434328888,3.055508249193964,-0.2505008148650756,R1
2025-10-15 15:00:00,500,2.6739947705297524,3.1329425047293884,-0.45894773419963597,R1
2025-10-15 16:00:00,500,2.816847720441016,3.008864108082631,-0.192016387641615,R1
2025-10-15 17:00:00,500,2.6230981882429703,2.9840678378888352,-0.360969649645865,R1
2025-10-15 18:00:00,500,2.7632557720999085,3.2812657188393097,-0.5180099467394013,R1
2025-10-15 19:00:00,500,2.6984126063333305,3.118984673523107,-0.42057206718977636,R1
2025-10-15 20:00:00,500,2.723202677595614,3.023484149688885,-0.30028147209327116,R1
2025-10-15 21:00:00,500,2.7782673978943846,3.1417469491531684,-0.36347955125878384,R1
2025-10-15 22:00:00,500,2.7251656514849745,3.57734853661321,-0.8521828851282356,R1
2025-10-15 23:00:00,500,2.658783282149543,3.026255810467368,-0.36747252831782484,R1
2025-10-16 00:00:00,500,2.683064426058967,3.0160406897358643,-0.33297626367689714,R1
2025-10-16 01:00:00,500,2.670785510275154,3.131900400735117,-0.4611148904599629,R1
2025-10-16 02:00:00,500,2.681985716794942,3.176573234468288,-0.4945875176733461,R1
2025-10-16 03:00:00,500,2.64417980333552,3.18213955337261,-0.5379597500370896,R1
2025-10-16 04:00:00,500,2.662469769378895,3.085170473579019,-0.42270070420012384,R1
2025-10-16 05:00:00,500,2.704908306951451,3.4656813672886955,-0.7607730603372445,R1
2025-10-16 06:00:00,500,2.834823067140184,3.119278251864253,-0.28445518472406883,R1
2025-10-16 07:00:00,500,2.634717668792104,3.07751327600803,-0.4427956072159258,R1
2025-10-16 08:00:00,500,2.7061951604597625,3.071088298817658,-0.3648931383578957,R1
2025-10-16 09:00:00,500,2.896323206199342,3.14007063321016,-0.2437474270108182,R1
2025-10-16 10:00:00,500,2.7194059125518524,3.166218258158473,-0.44681234560662064,R1
2025-10-16 11:00:00,500,2.7185695963577268,3.0956461628862866,-0.3770765665285598,R1
2025-10-16 12:00:00,500,2.609106288754321,3.0373645065871293,-0.42825821783280826,R1
2025-10-16 13:00:00,500,2.581171375794778,3.133089359765651,-0.5519179839708732,R1
2025-10-16 14:00:00,500,2.837747616006274,3.0829280768362777,-0.2451804608300039,R1
2025-10-16 15:00:00,500,2.698170280121926,3.374636863825337,-0.676466583703411,R1
2025-10-16 16:00:00,500,2.765820664543726,3.1293875774922526,-0.3635669129485266,R1
2025-10-16 17:00:00,500,2.6783925819592422,2.964908286540003,-0.2865157045807609,R1
2025-10-16 18:00:00,500,2.6999462388234696,3.1235120440219357,-0.4235658051984661,R1
2025-10-16 19:00:00,500,2.6673017175361675,2.978021758517321,-0.31072004098115347,R1
2025-10-16 20:00:00,500,2.6675592086825515,3.075487080946721,-0.4079278722641697,R1
2025-10-16 21:00:00,500,2.6513074935527063,3.050392638473238,-0.3990851449205315,R1
2025-10-16 22:00:00,500,2.7370347349233546,3.06167601173055,-0.32464127680719557,R1
2025-10-16 23:00:00,500,2.759555544081215,3.024033933108857,-0.2644783890276421,R1
2025-10-17 00:00:00,500,2.741256239048091,3.0994063747045923,-0.35815013565650133,R1
2025-10-17 01:00:00,500,2.7383200893660806,3.164646812352013,-0.42632672298593244,R1
2025-10-17 02:00:00,500,2.672197250564747,3.1326803835109613,-0.46048313294621446,R1
2025-10-17 03:00:00,500,2.7171069400348133,3.141491869110122,-0.42438492907530856,R1
2025-10-17 04:00:00,500,2.613577993054232,2.969105114810205,-0.3555271217559728,R1
2025-10-17 05:00:00,500,2.747154357061866,3.1933512417192795,-0.4461968846574136,R1
2025-10-17 06:00:00,500,2.8694344468298607,3.122026875268028,-0.2525924284381671,R1
2025-10-17 07:00:00,500,2.7409450475351576,3.181055323515664,-0.4401102759805062,R1
2025-10-17 08:00:00,500,2.737399752193354,3.168026711904542,-0.43062695971118803,R1
2025-10-17 09:00:00,500,2.8860150231615576,3.1380894655980933,-0.25207444243653576,R1
2025-10-17 10:00:00,500,2.71820472628494,3.0373647023437,-0.31915997605876,R1
2025-10-17 11:00:00,500,2.8315371310118027,3.1026033403929376,-0.2710662093811349,R1
2025-10-17 12:00:00,500,2.9104899954000456,3.311596804786124,-0.40110680938607857,R1
2025-10-17 13:00:00,500,2.822341800052915,3.174549601403556,-0.35220780135064134,R1
2025-10-17 14:00:00,500,2.7231018057257628,3.200072319114149,-0.47697051338838614,R1
2025-10-17 15:00:00,500,2.651456287354671,3.0519337276346943,-0.4004774402800231,R1
2025-10-17 16:00:00,500,2.742855484934279,3.207567639195637,-0.4647121542613579,R1
2025-10-17 17:00:00,500,2.826290068506148,3.084515946872306,-0.25822587836615796,R1
2025-10-17 18:00:00,500,2.6997340435161647,3.216635756735865,-0.5169017132197005,R1
2025-10-17 19:00:00,500,2.817717650318158,3.3531621421389763,-0.5354444918208183,R1
2025-10-17 20:00:00,500,2.771589669102562,2.988144511747745,-0.21655484264518332,R1
2025-10-17 21:00:00,500,2.7383817664186987,3.0306554821482554,-0.29227371572955674,R1
2025-10-17 22:00:00,500,2.815697718465432,3.003476727816475,-0.18777900935104297,R1
2025-10-17 23:00:00,500,2.790744431464059,2.958095418423764,-0.16735098695970496,R1
2025-10-18 00:00:00,500,2.7707815635013247,3.185451334548045,-0.4146697710467202,R1
2025-10-18 01:00:00,500,2.715684364292468,3.099847952359217,-0.38416358806674866,R1
2025-10-18 02:00:00,500,2.719267507819812,3.16554438743842,-0.4462768796186083,R1
2025-10-18 03:00:00,500,2.808501929611217,3.1646071617165936,-0.3561052321053766,R1
2025-10-18 04:00:00,500,2.7343945627301456,3.026006239327585,-0.2916116765974395,R1
2025-10-18 05:00:00,500,2.767795404199032,3.1277625981988346,-0.3599671939998026,R1
2025-10-18 06:00:00,500,2.883310965246572,3.283342939351228,-0.4000319741046563,R1
2025-10-18 07:00:00,500,2.792806147501186,3.1333526710251807,-0.3405465235239946,R1
2025-10-18 08:00:00,500,2.803257363714012,3.2268494782205064,-0.42359211450649426,R1
2025-10-18 09:00:00,500,2.823132941279225,3.0219903374693518,-0.19885739619012677,R1
2025-10-18 10:00:00,500,2.844195246725336,3.0697530946074183,-0.2255578478820821,R1
2025-10-18 11:00:00,500,2.7892703230055105,3.2050790038257926,-0.4158086808202821,R1
2025-10-18 12:00:00,500,2.6982009485971923,2.9985835583430465,-0.3003826097458542,R1
2025-10-18 13:00:00,500,2.9602238912568617,3.056614234250901,-0.09639034299403937,R1
2025-10-18 14:00:00,500,2.692343548008324,3.121541370539341,-0.4291978225310169,R1
2025-10-18 15:00:00,500,2.78219527413597,3.2102778588474643,-0.4280825847114942,R1
2025-10-18 16:00:00,500,2.8416131869653527,3.185401715826596,-0.3437885288612432,R1
2025-10-18 17:00:00,500,2.786068428423566,3.1365369038614914,-0.35046847543792525,R1
2025-10-18 18:00:00,500,2.918601256806217,3.084759023481785,-0.16615776667556803,R1
2025-10-18 19:00:00,500,2.938638887392419,3.068585015530135,-0.1299461281377159,R1
2025-10-18 20:00:00,500,2.77034781826045,3.0158220809627854,-0.2454742627023352,R1
2025-10-18 21:00:00,500,2.69666924485635,3.080269802102561,-0.38360055724621134,R1
2025-10-18 22:00:00,500,2.8033121009357598,2.990508956459971,-0.18719685552421117,R1
2025-10-18 23:00:00,500,2.8151065302168643,3.0291451844291,-0.2140386542122359,R1
2025-10-19 00:00:00,500,2.8264474561382893,3.006901666029652,-0.18045420989136263,R1
2025-10-19 01:00:00,500,2.851847526490966,3.035308961322591,-0.1834614348316248,R1
2025-10-19 02:00:00,500,2.781481689097145,3.046612746321155,-0.2651310572240102,R1
2025-10-19 03:00:00,500,2.817455486121793,3.343249089273189,-0.5257936031513961,R1
2025-10-19 04:00:00,500,2.85830234443796,3.231276813659465,-0.3729744692215049,R1
2025-10-19 05:00:00,500,2.758675717257137,3.101868502693496,-0.3431927854363588,R1
2025-10-19 06:00:00,500,2.7898426330420487,3.1031273265030115,-0.31328469346096277,R1
2025-10-19 07:00:00,500,2.776820017511759,3.069458439416553,-0.29263842190479394,R1
2025-10-19 08:00:00,500,2.836096221154282,3.1579096229032486,-0.32181340174896667,R1
2025-10-19 09:00:00,500,2.69001875986401,3.059624180557052,-0.3696054206930417,R1
2025-10-19 10:00:00,500,2.610274792282377,3.289850511081285,-0.6795757187989078,R1
2025-10-19 11:00:00,500,2.644809540373989,3.086785864709086,-0.4419763243350969,R1
2025-10-19 12:00:00,500,2.746794949066225,2.9963626293641874,-0.24956768029796228,R1
2025-10-19 13:00:00,500,2.626401397004209,2.978686752968724,-0.35228535596451493,R1
2025-10-19 14:00:00,500,2.7891355475786552,2.9981302955511158,-0.20899474797246054,R1
2025-10-19 15:00:00,500,2.6647969588769302,3.03190953016401,-0.36711257128707997,R1
2025-10-19 16:00:00,500,2.665853014388933,3.045495924529936,-0.37964291014100304,R1
2025-10-19 17:00:00,500,2.5526715916953435,3.090011236318164,-0.5373396446228207,R1
2025-10-19 18:00:00,500,2.6471928143276875,2.9462383526130345,-0.29904553828534697,R1
2025-10-19 19:00:00,500,2.601695153692753,2.922300666003282,-0.32060551231052914,R1
2025-10-19 20:00:00,500,2.619576886827611,3.030377229408396,-0.4108003425807851,R1
2025-10-19 21:00:00,500,2.57220212913761,2.915016958431261,-0.34281482929365126,R1
2025-10-19 22:00:00,500,2.6343850568277656,3.136145232063127,-0.5017601752353613,R1
2025-10-19 23:00:00,500,2.703444791964772,2.786285501895953,-0.08284070993118098,R1
2025-10-20 00:00:00,500,2.543865521338292,2.9408776280980065,-0.39701210675971454,R1
2025-10-20 01:00:00,500,2.7179395081015363,3.0947680163838305,-0.3768285082822942,R1
2025-10-20 02:00:00,500,2.653248055575717,2.930973688294651,-0.2777256327189339,R1
2025-10-20 03:00:00,500,2.685161453604188,3.1211134165149663,-0.4359519629107784,R1
2025-10-20 04:00:00,500,2.627747599406121,2.9006855362288677,-0.2729379368227467,R1
2025-10-20 05:00:00,500,2.592746492637235,3.0014792029240853,-0.4087327102868503,R1
2025-10-20 06:00:00,500,2.386149379083967,2.7671216322009653,-0.38097225311699834,R1
2025-10-20 07:00:00,500,2.5023476029895937,2.718269982998265,-0.21592238000867114,R1
2025-10-20 08:00:00,500,2.4644031746208817,2.827229201626804,-0.3628260270059225,R1
2025-10-20 09:00:00,500,2.451382504875913,2.648184393475979,-0.1968018886000662,R1
2025-10-20 10:00:00,500,2.502204690577311,2.643969758701566,-0.1417650681242546,R1
2025-10-20 11:00:00,500,2.465263243402698,2.7183188442388344,-0.2530556008361362,R1
2025-10-20 12:00:00,500,2.5726829521167693,2.770949509557974,-0.19826655744120458,R1
2025-10-20 13:00:00,500,2.472799005824377,3.163079463315773,-0.6902804574913959,R1
2025-10-20 14:00:00,500,2.566058629194909,2.874635023706008,-0.30857639451109886,R1
2025-10-20 15:00:00,500,2.661093441595659,3.2674148314801044,-0.6063213898844455,R1
2025-10-20 16:00:00,500,2.6374154702660624,2.882082138857589,-0.24466666859152664,R1
2025-10-20 17:00:00,500,2.496760404541813,2.999311145688908,-0.5025507411470951,R1
2025-10-20 18:00:00,500,2.5438029943131064,3.1424681596273008,-0.5986651653141943,R1
2025-10-20 19:00:00,500,2.499872331482533,3.027667661864263,-0.5277953303817302,R1
2025-10-20 20:00:00,500,2.6169702843673424,2.9370995154970987,-0.32012923112975633,R1
2025-10-20 21:00:00,500,2.651952749510731,2.900494549966389,-0.2485418004556581,R1
2025-10-20 22:00:00,500,2.6815630626240825,2.846300097281979,-0.16473703465789669,R1
2025-10-20 23:00:00,500,2.543041795730663,2.910108334074572,-0.36706653834390934,R1
2025-10-21 00:00:00,500,2.487098761357976,2.785724884689571,-0.2986261233315952,R1
2025-10-21 01:00:00,500,2.484829191968849,2.782105875909317,-0.2972766839404679,R1
2025-10-21 02:00:00,500,2.439840658258712,2.895675292233433,-0.45583463397472057,R1
2025-10-21 03:00:00,500,2.433529685208959,2.6976545923976376,-0.26412490718867865,R1
2025-10-21 04:00:00,500,2.4725832707272484,2.8881830334259275,-0.41559976269867915,R1
2025-10-21 05:00:00,500,2.4248253401618105,2.7257273598724314,-0.3009020197106209,R1
2025-10-21 06:00:00,500,2.43561341025857,2.6749980157451865,-0.23938460548661666,R1
2025-10-21 07:00:00,500,2.3677929626706677,2.7117859410451435,-0.34399297837447573,R1
2025-10-21 08:00:00,500,2.4874324965039403,2.6483885722069465,-0.16095607570300619,R1
2025-10-21 09:00:00,500,2.25458293025713,2.913839644146037,-0.6592567138889067,R1
2025-10-21 10:00:00,500,2.4683638786833333,2.788008202280744,-0.3196443235974109,R1
2025-10-21 11:00:00,500,2.3851474007450686,2.693751908050296,-0.3086045073052275,R1
2025-10-21 12:00:00,500,2.343213567501377,2.634977364117483,-0.29176379661610596,R1
2025-10-21 13:00:00,500,2.3985177298185936,2.6923934546348653,-0.2938757248162718,R1
2025-10-21 14:00:00,500,2.427511327793173,2.754048078305441,-0.3265367505122678,R1
2025-10-21 15:00:00,500,2.469158762575139,2.676512020071203,-0.20735325749606393,R1
2025-10-21 16:00:00,500,2.621746358731134,2.9534130838246364,-0.33166672509350237,R1
2025-10-21 17:00:00,500,2.5564745635281696,2.698548824174978,-0.14207426064680861,R1
2025-10-21 18:00:00,500,2.426644181199193,2.814915731232869,-0.38827155003367597,R1
2025-10-21 19:00:00,500,2.6348490274860543,2.9523359182533357,-0.3174868907672814,R1
2025-10-21 20:00:00,500,2.645580262768572,3.024673203804845,-0.3790929410362729,R1
2025-10-21 21:00:00,500,2.458056250341685,2.7882477237843526,-0.3301914734426674,R1
2025-10-21 22:00:00,500,2.3918154308385247,2.736910972424884,-0.34509554158635947,R1
2025-10-21 23:00:00,500,2.5584440305729905,2.717577277691265,-0.15913324711827448,R1
2025-10-22 00:00:00,500,2.461290004081932,3.046681873895307,-0.5853918698133751,R1
2025-10-22 01:00:00,500,2.5229310914867176,2.650660110943075,-0.1277290194563574,R1
2025-10-22 02:00:00,500,2.4110069215092733,2.804141006398896,-0.39313408488962276,R1
2025-10-22 03:00:00,500,2.3727390081361825,2.7914006336855737,-0.4186616255493911,R1
2025-10-22 04:00:00,500,2.3227648150764564,2.650317685103248,-0.3275528700267918,R1
2025-10-22 05:00:00,500,2.4373084782652854,2.6017922949298,-0.1644838166645144,R1
2025-10-22 06:00:00,500,2.3795638243633865,2.6346179795255344,-0.2550541551621479,R1
2025-10-22 07:00:00,500,2.391011964981377,2.6449503439800246,-0.2539383789986478,R1
2025-10-22 08:00:00,500,2.4515854739630587,2.5462757147333948,-0.09469024077033605,R1
2025-10-22 09:00:00,500,2.3258474273661505,2.6009988308284275,-0.27515140346227707,R1
2025-10-22 10:00:00,500,2.5138694765200564,2.684176286734169,-0.17030681021411276,R1
2025-10-22 11:00:00,500,2.3338474074974256,2.679372160593695,-0.3455247530962695,R1
2025-10-22 12:00:00,500,2.4600893861273443,2.861353042698769,-0.4012636565714245,R1
2025-10-22 13:00:00,500,2.4642188313491404,2.871675704254432,-0.4074568729052914,R1
2025-10-22 14:00:00,500,2.5660362490615065,2.998823675402551,-0.4327874263410445,R1
2025-10-22 15:00:00,500,2.6097426665976564,2.842700817771549,-0.2329581511738925,R1
2025-10-22 16:00:00,500,2.6299052364772098,2.9154609329270724,-0.2855556964498627,R1
2025-10-22 17:00:00,500,2.573160723032795,2.860680657238847,-0.2875199342060517,R1
2025-10-22 18:00:00,500,2.6463310884389952,2.892221737359768,-0.24589064892077284,R1
2025-10-22 19:00:00,500,2.6234288461338,2.9545324380542324,-0.33110359192043237,R1
2025-10-22 20:00:00,500,2.507228683350967,3.098902573257807,-0.5916738899068399,R1
2025-10-22 21:00:00,500,2.631290170281829,3.014554507705036,-0.3832643374232072,R1
2025-10-22 22:00:00,500,2.599512567898254,2.9523556645735494,-0.35284309667529534,R1
2025-10-22 23:00:00,500,2.597589834372368,3.223497140895577,-0.6259073065232093,R1
2025-10-23 00:00:00,500,2.519770463145765,2.73518549903386,-0.21541503588809485,R1
2025-10-23 01:00:00,500,2.492004933021056,2.868689501175879,-0.37668456815482276,R1
2025-10-23 02:00:00,500,2.436604080001612,2.924621274292849,-0.488017194291237,R1
2025-10-23 03:00:00,500,2.441770241147757,2.5894826732238925,-0.1477124320761356,R1
2025-10-23 04:00:00,500,2.442589163828861,2.812188546851164,-0.3695993830223028,R1
2025-10-23 05:00:00,500,2.348975584526537,2.639623310824767,-0.2906477262982299,R1
2025-10-23 06:00:00,500,2.567356916310086,2.774192132647938,-0.2068352163378524,R1
2025-10-23 07:00:00,500,2.476660034187656,2.62802026996292,-0.1513602357752637,R1
2025-10-23 08:00:00,500,2.5560965727003304,2.8711663824311278,-0.31506980973079735,R1
2025-10-23 09:00:00,500,2.5806654889077274,2.821555041574836,-0.24088955266710865,R1
2025-10-23 10:00:00,500,2.5507052506071592,3.0009342364380363,-0.450228985830877,R1
2025-10-23 11:00:00,500,2.5467133721829422,2.8069313019275133,-0.26021792974457103,R1
2025-10-23 12:00:00,500,2.587693525337867,2.6801741046253684,-0.09248057928750164,R1
2025-10-23 13:00:00,500,2.6560186591523807,2.8174156116288365,-0.1613969524764558,R1
2025-10-23 14:00:00,500,2.574920128026964,3.0115807644401413,-0.43666063641317754,R1
2025-10-23 15:00:00,500,2.59997082505618,2.7583653165846207,-0.15839449152844054,R1
2025-10-23 16:00:00,500,2.60738155577329,2.925123733902084,-0.31774217812879435,R1
2025-10-23 17:00:00,500,2.5881159607933517,3.054799217610076,-0.46668325681672407,R1
2025-10-23 18:00:00,500,2.6327152192389667,2.879108670670553,-0.2463934514315862,R1
2025-10-23 19:00:00,500,2.493462901344815,3.064193630811202,-0.570730729466387,R1
2025-10-23 20:00:00,500,2.5862260657769176,2.7992991969395304,-0.21307313116261284,R1
2025-10-23 21:00:00,500,2.554382072882593,2.9252499378397587,-0.37086786495716595,R1
2025-10-23 22:00:00,500,2.6554166732440745,2.859680237695614,-0.20426356445153937,R1
2025-10-23 23:00:00,500,2.6747682655905183,2.9181588880765967,-0.24339062248607846,R1
2025-10-24 00:00:00,500,2.548844939589849,2.846301220038248,-0.2974562804483991,R1
2025-10-24 01:00:00,500,2.5519768606213,2.856447962331282,-0.30447110170998215,R1
2025-10-24 02:00:00,500,2.589451206240172,2.793514368850924,-0.20406316261075208,R1
2025-10-24 03:00:00,500,2.5421810239812723,3.1404378281795795,-0.5982568041983072,R1
2025-10-24 04:00:00,500,2.4622400775711,2.759006225905193,-0.29676614833409287,R1
2025-10-24 05:00:00,500,2.5215841196172373,2.9593327337952084,-0.4377486141779712,R1
2025-10-24 06:00:00,500,2.5816171123954086,2.7861534787524245,-0.2045363663570159,R1
2025-10-24 07:00:00,500,2.5086476230859187,2.688223744873361,-0.1795761217874423,R1
2025-10-24 08:00:00,500,2.4524311731333146,2.712084413192661,-0.2596532400593463,R1
2025-10-24 09:00:00,500,2.521532685078788,2.7128245074833197,-0.1912918224045317,R1
2025-10-24 10:00:00,500,2.557321051781195,3.0743883059775143,-0.5170672541963195,R1
2025-10-24 11:00:00,500,2.452721589442127,2.760161217592012,-0.307439628149885,R1
2025-10-24 12:00:00,500,2.435274547715688,2.6225650503760307,-0.18729050266034264,R1
2025-10-24 13:00:00,500,2.502689609135769,2.911060823940955,-0.4083712148051859,R1
2025-10-24 14:00:00,500,2.5909963289772366,2.896175881795384,-0.30517955281814757,R1
2025-10-24 15:00:00,500,2.7160538393346707,2.7194636473423675,-0.0034098080076967463,R1
2025-10-24 16:00:00,500,2.6331104873007143,2.9634134510351497,-0.33030296373443546,R1
2025-10-24 17:00:00,500,2.744113677226569,2.923437499477186,-0.17932382225061705,R1
2025-10-24 18:00:00,500,2.6568928416713766,3.0289369164182203,-0.37204407474684364,R1
2025-10-24 19:00:00,500,2.63376958561604,2.8681179631341567,-0.23434837751811655,R1
2025-10-24 20:00:00,500,2.544256333344116,2.931915942818841,-0.38765960947472466,R1
2025-10-24 21:00:00,500,2.660099240143198,2.7999349950653456,-0.13983575492214761,R1
2025-10-24 22:00:00,500,2.437666819531492,3.116615526185876,-0.678948706654384,R1
2025-10-24 23:00:00,500,2.5201628054246976,2.8796390679654618,-0.35947626254076415,R1
2025-10-25 00:00:00,500,2.5461227417378502,2.803085806180238,-0.2569630644423877,R1
2025-10-25 01:00:00,500,2.6112175005677813,2.887449935882235,-0.27623243531445363,R1
2025-10-25 02:00:00,500,2.77081325934576,2.93261527164805,-0.16180201230229008,R1
2025-10-25 03:00:00,500,2.52708483841418,2.787406944823845,-0.260322106409665,R1
2025-10-25 04:00:00,500,2.604528064070838,2.9286183809110544,-0.3240903168402163,R1
2025-10-25 05:00:00,500,2.449462989474296,2.7837987820174064,-0.3343357925431105,R1
2025-10-25 06:00:00,500,2.459379327569748,2.761674951258341,-0.3022956236885932,R1
2025-10-25 07:00:00,500,2.592192393114963,2.8365094002756632,-0.24431700716070015,R1
2025-10-25 08:00:00,500,2.4829889503597617,2.7997599165401943,-0.31677096618043254,R1
2025-10-25 09:00:00,500,2.5100049633876957,2.862164465427275,-0.35215950203957913,R1
2025-10-25 10:00:00,500,2.499264924162014,2.675341252590963,-0.1760763284289486,R1
2025-10-25 11:00:00,500,2.4512424190203896,2.762492995942824,-0.3112505769224345,R1
2025-10-25 12:00:00,500,2.7376810628109816,2.934093943765256,-0.19641288095427445,R1
2025-10-25 13:00:00,500,2.654377461841844,3.0289578488038384,-0.37458038696199436,R1
2025-10-25 14:00:00,500,2.607345707584659,2.8281156006419685,-0.22076989305730965,R1
2025-10-25 15:00:00,500,2.651520234878407,2.8747741105881306,-0.22325387570972355,R1
2025-10-25 16:00:00,500,2.494706406819465,2.809396460455302,-0.3146900536358368,R1
2025-10-25 17:00:00,500,2.6551415120057107,3.0397412691798755,-0.38459975717416484,R1
2025-10-25 18:00:00,500,2.783431406168083,2.978269176503693,-0.19483777033561012,R1
2025-10-25 19:00:00,500,2.66166118702565,2.89665773012559,-0.2349965430999399,R1
2025-10-25 20:00:00,500,2.487823778816914,2.788360320883813,-0.3005365420668986,R1
2025-10-25 21:00:00,500,2.721956523935022,3.0593525160168697,-0.3373959920818477,R1
2025-10-25 22:00:00,500,2.533734989414877,2.8410056917846385,-0.3072707023697614,R1
2025-10-25 23:00:00,500,2.6384004173782194,2.746922342525375,-0.10852192514715542,R1
2025-10-26 00:00:00,500,2.5013962292627405,3.109179574084296,-0.6077833448215553,R1
2025-10-26 01:00:00,500,2.5970662719295303,2.789556013593785,-0.1924897416642546,R1
2025-10-26 02:00:00,500,2.60443136619231,2.9587328705858877,-0.35430150439357755,R1
2025-10-26 03:00:00,500,2.5540817306225096,2.815663058471725,-0.2615813278492154,R1
2025-10-26 04:00:00,500,2.5732770891255097,2.739590169513882,-0.16631308038837211,R1
2025-10-26 05:00:00,500,2.6426808679625595,2.96804446699862,-0.3253635990360606,R1
2025-10-26 06:00:00,500,2.59373571616872,2.8074251438662503,-0.2136894276975303,R1
2025-10-26 07:00:00,500,2.7444104884281706,2.845415224623127,-0.1010047361949562,R1
2025-10-26 08:00:00,500,2.5066402504483283,2.639872337528608,-0.1332320870802799,R1
2025-10-26 09:00:00,500,2.5485542764549165,2.7073338693511797,-0.1587795928962632,R1
2025-10-26 10:00:00,500,2.5439068438537538,2.801536585082239,-0.25762974122848536,R1
2025-10-26 11:00:00,500,2.5497253088023024,2.690088606943846,-0.1403632981415437,R1
2025-10-26 12:00:00,500,2.528684475669412,2.869840924867645,-0.34115644919823307,R1
2025-10-26 13:00:00,500,2.651674091853631,2.892613387186881,-0.24093929533325031,R1
2025-10-26 14:00:00,500,2.588678617662095,2.974751806100269,-0.38607318843817406,R1
2025-10-26 15:00:00,500,2.658643765318668,3.0933014691702136,-0.43465770385154556,R1
2025-10-26 16:00:00,500,2.7218903184214565,2.981646396475257,-0.25975607805380063,R1
2025-10-26 17:00:00,500,2.35727693444131,2.656325263474159,-0.2990483290328494,R1
2025-10-26 18:00:00,500,2.336941466471052,2.679858304648347,-0.3429168381772949,R1
2025-10-26 19:00:00,500,2.352813483647401,2.8114482879802374,-0.4586348043328363,R1
2025-10-26 20:00:00,500,2.2866047332489434,2.66820706702725,-0.38160233377830677,R1
2025-10-26 21:00:00,500,2.348682373739748,2.672788167866336,-0.3241057941265879,R1
2025-10-26 22:00:00,500,2.3021631585730367,2.6686202076281824,-0.36645704905514576,R1
2025-10-26 23:00:00,500,2.355547015319261,2.706252388568479,-0.3507053732492178,R1
2025-10-27 00:00:00,500,2.3602597218828327,2.807403375528982,-0.4471436536461493,R1
2025-10-27 01:00:00,500,2.3144313593682195,2.648420376116888,-0.33398901674866854,R1
2025-10-27 02:00:00,500,2.47398163821887,2.621057829250389,-0.14707619103151925,R1
2025-10-27 03:00:00,500,2.421065997100969,2.802046543570875,-0.38098054646990587,R1
2025-10-27 04:00:00,500,2.212403010646205,2.577335622857595,-0.36493261221139006,R1
2025-10-27 05:00:00,500,2.2968580882921343,2.6584589153458125,-0.36160082705367813,R1
2025-10-27 06:00:00,500,2.2985356010603817,2.495965560235222,-0.19742995917484052,R1
2025-10-27 07:00:00,500,2.337277872872833,2.772378987098189,-0.43510111422535624,R1
2025-10-27 08:00:00,500,2.467986884208618,2.6668519052827917,-0.1988650210741736,R1
2025-10-27 09:00:00,500,2.3190589711272747,2.842653835228937,-0.5235948641016623,R1
2025-10-27 10:00:00,500,2.5082910895060437,2.740333959401597,-0.23204286989555323,R1
2025-10-27 11:00:00,500,2.4593308481068927,2.79230599639667,-0.33297514828977715,R1
2025-10-27 12:00:00,500,2.3451270429777904,2.661538827282019,-0.31641178430422867,R1
2025-10-27 13:00:00,500,2.2783930171338063,2.66465012360736,-0.3862571064735536,R1
2025-10-27 14:00:00,500,2.246339434490458,2.682130731551457,-0.43579129706099895,R1
2025-10-27 15:00:00,500,2.321449207910707,2.553568058373676,-0.23211885046296876,R1
2025-10-27 16:00:00,500,2.3785267004549184,2.676374047264108,-0.2978473468091898,R1
2025-10-27 17:00:00,500,2.280326048392649,2.6445258532831044,-0.36419980489045534,R1
2025-10-27 18:00:00,500,2.30859025749014,2.778745539367528,-0.4701552818773882,R1
2025-10-27 19:00:00,500,2.308554919073952,2.516787738737057,-0.20823281966310514,R1
2025-10-27 20:00:00,500,2.2423637845015345,2.540164818436591,-0.2978010339350563,R1
2025-10-27 21:00:00,500,2.3933554043225005,2.5306238417960083,-0.1372684374735078,R1
2025-10-27 22:00:00,500,2.2322488501151185,2.509512303838108,-0.27726345372298944,R1
2025-10-27 23:00:00,500,2.3340466262172064,2.692101070406125,-0.35805444418891863,R1
2025-10-28 00:00:00,500,2.205513993412529,2.710069115806039,-0.5045551223935099,R1
2025-10-28 01:00:00,500,2.1955792078215906,2.520355312661636,-0.3247761048400455,R1
2025-10-28 02:00:00,500,2.23281209239159,2.541936657354604,-0.3091245649630139,R1
2025-10-28 03:00:00,500,2.141209623231165,2.5053416878113013,-0.36413206458013647,R1
2025-10-28 04:00:00,500,2.247861614118761,2.3141506762264727,-0.06628906210771168,R1
2025-10-28 05:00:00,500,2.128177625170695,2.4488229411643805,-0.3206453159936853,R1
2025-10-28 06:00:00,500,2.199840980743087,2.310551861502661,-0.1107108807595738,R1
2025-10-28 07:00:00,500,2.1054356507920797,2.410190683422412,-0.3047550326303323,R1
2025-10-28 08:00:00,500,2.1301449451322343,2.48181384657768,-0.3516689014454455,R1
2025-10-28 09:00:00,500,2.184312562518445,2.5116766938416912,-0.32736413132324627,R1
2025-10-28 10:00:00,500,2.2385962457968382,2.4239923763093385,-0.18539613051250026,R1
2025-10-28 11:00:00,500,2.2583465130695832,2.5317048916833773,-0.2733583786137941,R1
2025-10-28 12:00:00,500,2.343639268224274,2.4952798413732524,-0.1516405731489785,R1
2025-10-28 13:00:00,500,2.340596078557545,2.66506579246554,-0.32446971390799506,R1
2025-10-28 14:00:00,500,2.353238208290859,2.759826741830923,-0.40658853354006386,R1
2025-10-28 15:00:00,500,2.4766975494978367,2.6598922903738664,-0.18319474087602972,R1
2025-10-28 16:00:00,500,2.4096747411974744,2.810275856250774,-0.40060111505329976,R1
2025-10-28 17:00:00,500,2.5208253349430976,2.981836643000867,-0.4610113080577696,R1
2025-10-28 18:00:00,500,2.5392130069399963,2.818277786618665,-0.2790647796786687,R1
2025-10-28 19:00:00,500,2.4502111244544182,2.821897570266656,-0.37168644581223775,R1
2025-10-28 20:00:00,500,2.575659019800862,2.8016041388710566,-0.22594511907019443,R1
2025-10-28 21:00:00,500,2.4781046072064545,2.814640011509532,-0.33653540430307727,R1
2025-10-28 22:00:00,500,2.4533486765264785,2.687450012974763,-0.23410133644828468,R1
2025-10-28 23:00:00,500,2.5279407651520533,2.83944833566653,-0.31150757051447675,R1
2025-10-29 00:00:00,500,2.475803515878372,2.757380504216412,-0.2815769883380401,R1
2025-10-29 01:00:00,500,2.5924322933800976,2.684293054625473,-0.09186076124537523,R1
2025-10-29 02:00:00,500,2.482125818397832,2.764270957104568,-0.28214513870673574,R1
2025-10-29 03:00:00,500,2.392228723974659,2.627168721969377,-0.23493999799471776,R1
2025-10-29 04:00:00,500,2.385692660489068,2.729531422108473,-0.3438387616194052,R1
2025-10-29 05:00:00,500,2.369553999120056,2.935662477702643,-0.5661084785825872,R1
2025-10-29 06:00:00,500,2.4208725629651844,2.842343480925777,-0.42147091796059266,R1
2025-10-29 07:00:00,500,2.4548801457181697,2.788133000770729,-0.3332528550525593,R1
2025-10-29 08:00:00,500,2.665239990036482,2.8647055492578164,-0.19946555922133458,R1
2025-10-29 09:00:00,500,2.666185789390868,2.941400005238547,-0.27521421584767936,R1
2025-10-29 10:00:00,500,2.65858711589036,2.8602097811089298,-0.20162266521856997,R1
2025-10-29 11:00:00,500,2.633964805847505,2.981501343065362,-0.34753653721785716,R1
2025-10-29 12:00:00,500,2.642425406580598,2.911427100056012,-0.26900169347541425,R1
2025-10-29 13:00:00,500,2.574785054352821,3.065189355497767,-0.49040430114494615,R1
2025-10-29 14:00:00,500,2.589754875520814,2.8346324309236035,-0.24487755540278933,R1
2025-10-29 15:00:00,500,2.6581507987417328,3.0976161962803426,-0.4394653975386098,R1
2025-10-29 16:00:00,500,2.5511769446545687,3.0752557229837416,-0.5240787783291729,R1
2025-10-29 17:00:00,500,2.5477700434810977,3.001674582015161,-0.4539045385340632,R1
2025-10-29 18:00:00,500,2.6503328688216543,2.869942369463136,-0.21960950064148177,R1
2025-10-29 19:00:00,500,2.601685663833935,2.9184764634785543,-0.3167907996446191,R1
2025-10-29 20:00:00,500,2.620794764622946,2.9496161210770726,-0.3288213564541267,R1
2025-10-29 21:00:00,500,2.5613433310603657,2.901176529549736,-0.3398331984893703,R1
2025-10-29 22:00:00,500,2.5358233535012404,3.0753047553249053,-0.5394814018236649,R1
2025-10-29 23:00:00,500,2.6644385007555096,3.002664436991237,-0.3382259362357276,R1
2025-10-30 00:00:00,500,2.5715151687475326,3.0311347406685587,-0.4596195719210261,R1
2025-10-30 01:00:00,500,2.548228383151809,2.8195935880527703,-0.2713652049009614,R1
2025-10-30 02:00:00,500,2.6229232593540144,3.1026052014567203,-0.47968194210270587,R1
2025-10-30 03:00:00,500,2.641625055387653,3.0271427910376087,-0.38551773564995573,R1
2025-10-30 04:00:00,500,2.640648821598772,3.0076498513625185,-0.3670010297637467,R1
2025-10-30 05:00:00,500,2.684569104636889,3.159114527992329,-0.47454542335544003,R1
2025-10-30 06:00:00,500,2.60088960668406,3.086052238796459,-0.4851626321123992,R1
2025-10-30 07:00:00,500,2.6103086893237544,2.891841634878568,-0.28153294555481345,R1
2025-10-30 08:00:00,500,2.6012237206882403,2.951406931539382,-0.3501832108511418,R1
2025-10-30 09:00:00,500,2.5873636764395296,2.9837292102013397,-0.39636553376181016,R1
2025-10-30 10:00:00,500,2.7079383575388274,3.189725997511127,-0.4817876399722998,R1
2025-10-30 11:00:00,500,2.690099151300309,2.9466818941449797,-0.25658274284467053,R1
2025-10-30 12:00:00,500,2.560234315279153,2.993772156542641,-0.43353784126348804,R1
2025-10-30 13:00:00,500,2.6972488377017005,2.9490364500837254,-0.25178761238202485,R1
2025-10-30 14:00:00,500,2.605515193587236,2.982430590146707,-0.3769153965594709,R1
2025-10-30 15:00:00,500,2.596963767083096,3.026574621934889,-0.4296108548517932,R1
2025-10-30 16:00:00,500,2.5980148419967763,2.97593337510746,-0.3779185331106838,R1
2025-10-30 17:00:00,500,2.6220548036217246,2.8018187934431644,-0.17976398982143982,R1
2025-10-30 18:00:00,500,2.5349999371977288,2.79030620788472,-0.2553062706869911,R1
2025-10-30 19:00:00,500,2.5691955828451998,2.9088094154341806,-0.3396138325889808,R1
2025-10-30 20:00:00,500,2.6098958084406187,3.0082204591256403,-0.39832465068502154,R1
2025-10-30 21:00:00,500,2.6057916562225443,2.96238742271401,-0.35659576649146585,R1
2025-10-30 22:00:00,500,2.594158024410352,3.2664740825166474,-0.6723160581062952,R1
2025-10-30 23:00:00,500,2.6445649736015646,2.88808844536064,-0.24352347175907552,R1
2025-10-31 00:00:00,500,2.6492904503390964,3.010045441648716,-0.36075499130961974,R1
2025-10-31 01:00:00,500,2.573681655605569,2.847340026970927,-0.27365837136535776,R1
2025-10-31 02:00:00,500,2.5906525733871395,3.0797754971548086,-0.4891229237676691,R1
2025-10-31 03:00:00,500,2.5996596645158805,2.971440208024668,-0.37178054350878753,R1
2025-10-31 04:00:00,500,2.553246078944893,2.872094336580919,-0.31884825763602587,R1
2025-10-31 05:00:00,500,2.562768775741886,3.0287387473128127,-0.4659699715709267,R1
2025-10-31 06:00:00,500,2.57053301903061,2.843771254008672,-0.273238234978062,R1
2025-10-31 07:00:00,500,2.4260574597188023,2.666364274888404,-0.24030681516960195,R1
2025-10-31 08:00:00,500,2.1423698512596374,2.4576477665084755,-0.3152779152488381,R1
2025-10-31 09:00:00,500,2.0120058785675385,2.232697370371942,-0.2206914918044034,R1
2025-10-31 10:00:00,500,1.7099814386911645,1.969583050864552,-0.2596016121733875,R1
2025-10-31 11:00:00,500,1.4517884712965667,1.5943624123147937,-0.14257394101822696,R1
2025-10-31 12:00:00,500,1.2104529785011449,1.376529617954861,-0.1660766394537161,R1
2025-10-31 13:00:00,500,0.7267399173254859,0.8647140032283814,-0.1379740859028955,R1
2025-10-31 14:00:00,500,0.4464498757782935,0.7443008807578775,-0.297851004979584,R1
2025-10-31 15:00:00,500,0.0791251717740002,0.1353555812746876,-0.0562304095006874,R1
2025-10-31 16:00:00,500,0.0,0.0,0.0,tie
2025-10-31 17:00:00,500,0.0,0.0,0.0,tie
2025-10-31 18:00:00,500,0.0,0.0,0.0,tie
2025-10-31 19:00:00,500,0.0,0.0,0.0,tie
2025-10-31 20:00:00,500,0.0,0.0,0.0,tie
2025-10-31 21:00:00,500,0.0,0.0,0.0,tie
2025-10-31 22:00:00,500,0.0,0.0,0.0,tie
