scope,N,MAE,RMSE,Bias,R2,Mean_Pinball,CRPS_proxy,Pinball_P10,Pinball_P50,Pinball_P90,PICP80,PICP90,ACE80,ACE90,MPIW80,MPIW90,Lower_tail_hit_q10,Upper_tail_exceed_q90
daylight_all,4297,83.918714,126.779833,2.139140,0.802594,31.043082,31.043082,18.904098,41.959357,18.097648,0.723993,0.875960,-0.076007,-0.024040,259.351259,357.206105,0.119851,0.156155
critical_10_15,2190,120.782020,163.720897,4.562311,0.703118,44.488358,44.488358,27.686865,60.391010,24.837735,0.731507,0.902740,-0.068493,0.002740,369.233936,509.524220,0.123744,0.144749
full_test_all,8760,41.287068,88.796959,0.996841,0.878583,15.285649,15.285649,9.290957,20.643534,8.965208,0.842352,0.919521,0.042352,0.019521,127.430308,175.669382,0.066096,0.091553
