scope,N,MAE,RMSE,Bias,R2,Mean_Pinball,CRPS_proxy,Pinball_P10,Pinball_P50,Pinball_P90,PICP80,PICP90,ACE80,ACE90,MPIW80,MPIW90,Lower_tail_hit_q10,Upper_tail_exceed_q90
daylight_all,4279,86.149702,127.972369,0.105657,0.798704,32.373002,32.373002,19.044559,43.074851,21.191023,0.703669,0.786632,-0.096331,-0.113368,266.283369,337.172970,0.094181,0.202150
critical_10_15,2190,121.060197,163.903706,9.176127,0.702455,44.430790,44.430790,27.595358,60.530099,24.579907,0.775799,0.870776,-0.024201,-0.029224,387.023705,492.465464,0.110046,0.114155
full_test_all,8760,42.210456,89.444441,-0.029085,0.876805,15.873596,15.873596,9.319967,21.105228,10.443303,0.834247,0.877169,0.034247,-0.022831,130.280916,165.006161,0.049772,0.115982
