season,N,PICP80,ACE80,MPIW80,MAE,Mean_Pinball
DJF,913,0.755750,-0.044250,249.226235,73.498160,27.292475
MAM,1117,0.702775,-0.097225,274.677510,86.716505,32.971470
JJA,1225,0.702041,-0.097959,310.458461,101.650603,37.852144
SON,1024,0.660156,-0.139844,219.488859,78.267998,29.695350
