season,N,PICP80,ACE80,MPIW80,MAE,Mean_Pinball
DJF,922,0.759219,-0.040781,237.204163,71.300003,26.207669
MAM,1120,0.720536,-0.079464,267.713698,84.220247,31.585894
JJA,1225,0.727347,-0.072653,307.104356,100.351984,36.690397
SON,1030,0.692233,-0.107767,213.289267,75.341994,28.064769
