issue_time,effective_scenarios
2024-10-31 07:00:00,4.9864368916547
2024-10-31 08:00:00,4.7960710585888044
2024-10-31 09:00:00,4.381506537207754
2024-10-31 10:00:00,4.21215797277261
2024-10-31 11:00:00,3.713055101737709
2024-10-31 12:00:00,3.4786964628614365
2024-10-31 13:00:00,3.3352900368216027
2024-10-31 14:00:00,3.5504303121538334
2024-10-31 15:00:00,1.5158864904195972
2024-10-31 16:00:00,2.017853971943758
2024-10-31 17:00:00,3.161115747414207
2024-10-31 18:00:00,2.447141738449491
2024-10-31 19:00:00,4.120924405762701
2024-10-31 20:00:00,2.4958070441658013
2024-10-31 21:00:00,2.6588390445196004
2024-10-31 22:00:00,3.1088340628730604
2024-10-31 23:00:00,4.244914592318403
2024-11-01 00:00:00,3.319259672322685
2024-11-01 01:00:00,3.709198813056379
2024-11-01 02:00:00,4.891410682840931
2024-11-01 03:00:00,2.5910494786808447
2024-11-01 04:00:00,4.411972328109558
2024-11-01 05:00:00,2.819633673193178
2024-11-01 06:00:00,4.408238115390041
2024-11-01 07:00:00,3.6726898780666963
2024-11-01 08:00:00,2.762125731963319
2024-11-01 09:00:00,3.2130372198231543
2024-11-01 10:00:00,1.8404004711425204
2024-11-01 11:00:00,2.921584667523665
2024-11-01 12:00:00,1.8128290284686674
2024-11-01 13:00:00,2.2942936328763097
2024-11-01 14:00:00,4.412128057604743
2024-11-01 15:00:00,3.609274391476337
2024-11-01 16:00:00,1.8909310944709177
2024-11-01 17:00:00,1.3908824871204284
2024-11-01 18:00:00,1.3122395204551895
2024-11-01 19:00:00,1.3523016173527347
2024-11-01 20:00:00,1.6195276161849108
2024-11-01 21:00:00,1.7565307814454143
2024-11-01 22:00:00,1.7001251292095096
2024-11-01 23:00:00,1.5360039321700663
2024-11-02 00:00:00,3.904175906549645
2024-11-02 01:00:00,1.5401485935363042
2024-11-02 02:00:00,2.3868171316186437
2024-11-02 03:00:00,1.5721886123234434
2024-11-02 04:00:00,2.9134812604885325
2024-11-02 05:00:00,2.5512286717283046
2024-11-02 06:00:00,1.5670640741158621
2024-11-02 07:00:00,2.575089613118537
2024-11-02 08:00:00,2.2874082749281746
2024-11-02 09:00:00,1.6844318074627067
2024-11-02 10:00:00,2.287408274928176
2024-11-02 11:00:00,1.6703414177857954
2024-11-02 12:00:00,3.0329499684573205
2024-11-02 13:00:00,3.2947626452990324
2024-11-02 14:00:00,1.7315897379065772
2024-11-02 15:00:00,3.258857574888547
2024-11-02 16:00:00,2.8303595688796297
2024-11-02 17:00:00,2.535651256668763
2024-11-02 18:00:00,3.904419803217242
2024-11-02 19:00:00,3.038922519631439
2024-11-02 20:00:00,2.366662248897135
2024-11-02 21:00:00,2.571222873598684
2024-11-02 22:00:00,2.6908918692011277
2024-11-02 23:00:00,2.3101517307656767
2024-11-03 00:00:00,2.252698733082233
2024-11-03 01:00:00,4.192520543350662
2024-11-03 02:00:00,4.059100503328462
2024-11-03 03:00:00,1.8591783918850582
2024-11-03 04:00:00,3.604486865249863
2024-11-03 05:00:00,4.122691292875989
2024-11-03 06:00:00,2.445944623813717
2024-11-03 07:00:00,1.9398792619147387
2024-11-03 08:00:00,4.155308822551692
2024-11-03 09:00:00,4.085501372728461
2024-11-03 10:00:00,2.8006811256497577
2024-11-03 11:00:00,4.179903026249791
2024-11-03 12:00:00,4.672023920762474
2024-11-03 13:00:00,3.018302989327281
2024-11-03 14:00:00,3.954319698839012
2024-11-03 15:00:00,3.0637254901960786
2024-11-03 16:00:00,3.8969946377353786
2024-11-03 17:00:00,2.6362965306337656
2024-11-03 18:00:00,3.271566164154103
2024-11-03 19:00:00,2.172590597027896
2024-11-03 20:00:00,2.7752492173797205
2024-11-03 21:00:00,2.505562348413478
2024-11-03 22:00:00,2.801873893259812
2024-11-03 23:00:00,2.8322835002492415
2024-11-04 00:00:00,2.9083294555607266
2024-11-04 01:00:00,2.95159386068477
2024-11-04 02:00:00,2.254120532333105
2024-11-04 03:00:00,3.7434115955917586
2024-11-04 04:00:00,3.3545339881383676
2024-11-04 05:00:00,3.160156743774491
2024-11-04 06:00:00,2.172817187853083
2024-11-04 07:00:00,2.691239477253643
2024-11-04 08:00:00,1.9942247251958334
2024-11-04 09:00:00,1.735050802287491
2024-11-04 10:00:00,2.3755226149752944
2024-11-04 11:00:00,4.223401020373687
2024-11-04 12:00:00,1.8382082616432114
2024-11-04 13:00:00,2.175539969020311
2024-11-04 14:00:00,2.3871817886675704
2024-11-04 15:00:00,2.239541341933172
2024-11-04 16:00:00,1.425850091824746
2024-11-04 17:00:00,1.5887339696742457
2024-11-04 18:00:00,3.8286011822720454
2024-11-04 19:00:00,1.7644650847649026
2024-11-04 20:00:00,2.3372786597109254
2024-11-04 21:00:00,3.3973853722175407
2024-11-04 22:00:00,3.097509602279767
2024-11-04 23:00:00,3.550430312153833
2024-11-05 00:00:00,3.480633753793891
2024-11-05 01:00:00,3.09835415427325
2024-11-05 02:00:00,2.9814434956828695
2024-11-05 03:00:00,3.8454439180458984
2024-11-05 04:00:00,3.9018604070420784
2024-11-05 05:00:00,3.8784945235657324
2024-11-05 06:00:00,2.1176749623053857
2024-11-05 07:00:00,4.0804335052555984
2024-11-05 08:00:00,3.3667313079077785
2024-11-05 09:00:00,1.4167356144665708
2024-11-05 10:00:00,4.032127995871101
2024-11-05 11:00:00,3.9952696007926622
2024-11-05 12:00:00,3.7647200554166798
2024-11-05 13:00:00,2.133579121648147
2024-11-05 14:00:00,2.4261480532588027
2024-11-05 15:00:00,4.305445527503186
2024-11-05 16:00:00,1.4433513463581364
2024-11-05 17:00:00,1.3564103955292712
2024-11-05 18:00:00,3.0508640046861264
2024-11-05 19:00:00,2.134562841530055
2024-11-05 20:00:00,1.6064153804634185
2024-11-05 21:00:00,2.112378538234051
2024-11-05 22:00:00,2.273595372778697
2024-11-05 23:00:00,2.7863846102405203
2024-11-06 00:00:00,1.40088984522969
2024-11-06 01:00:00,2.390423009255718
2024-11-06 02:00:00,1.8571619593801538
2024-11-06 03:00:00,3.919355344432948
2024-11-06 04:00:00,3.0937530937530937
2024-11-06 05:00:00,1.529014580683041
2024-11-06 06:00:00,2.3665726348473086
2024-11-06 07:00:00,1.4998440162223123
2024-11-06 08:00:00,1.5890773181459918
2024-11-06 09:00:00,2.8484834674019552
2024-11-06 10:00:00,3.1721862707778197
2024-11-06 11:00:00,3.1683268699465192
2024-11-06 12:00:00,2.9672181736178693
2024-11-06 13:00:00,4.20889592242163
2024-11-06 14:00:00,4.164584374479427
2024-11-06 15:00:00,1.8888737778986662
2024-11-06 16:00:00,1.6811243359558872
2024-11-06 17:00:00,2.6372977192649327
2024-11-06 18:00:00,2.681425231138855
2024-11-06 19:00:00,2.235216279527207
2024-11-06 20:00:00,2.430629824800202
2024-11-06 21:00:00,1.6357188657271098
2024-11-06 22:00:00,2.3442921175521843
2024-11-06 23:00:00,2.9756945271026254
2024-11-07 00:00:00,4.0398164307413875
2024-11-07 01:00:00,2.84550069430217
2024-11-07 02:00:00,3.2718230598089253
2024-11-07 03:00:00,3.6139701630623335
2024-11-07 04:00:00,4.44602525342344
2024-11-07 05:00:00,2.92904677101884
2024-11-07 06:00:00,1.9462522965777103
2024-11-07 07:00:00,4.522922169555305
2024-11-07 08:00:00,3.2012702640407715
2024-11-07 09:00:00,4.441601819280105
2024-11-07 10:00:00,4.209179378388389
2024-11-07 11:00:00,1.9321132682082358
2024-11-07 12:00:00,1.703623948864023
2024-11-07 13:00:00,2.83273279398101
2024-11-07 14:00:00,2.933170640135161
2024-11-07 15:00:00,1.7046694305040366
2024-11-07 16:00:00,2.960892531444679
2024-11-07 17:00:00,2.4337058525758337
2024-11-07 18:00:00,1.6235453034081462
2024-11-07 19:00:00,3.0684635589267746
2024-11-07 20:00:00,1.8734169626665467
2024-11-07 21:00:00,1.5660824135209293
2024-11-07 22:00:00,1.9961673586713506
2024-11-07 23:00:00,2.336841711689817
2024-11-08 00:00:00,1.8794448871581293
2024-11-08 01:00:00,1.8897304488487767
2024-11-08 02:00:00,1.7759970447409175
2024-11-08 03:00:00,2.516001771265247
2024-11-08 04:00:00,2.346888963989336
2024-11-08 05:00:00,2.6608765991868366
2024-11-08 06:00:00,2.473631092553381
2024-11-08 07:00:00,3.022828400077385
2024-11-08 08:00:00,2.821351991874506
2024-11-08 09:00:00,1.7239239266849635
2024-11-08 10:00:00,2.223052161695922
2024-11-08 11:00:00,2.5257627803596687
2024-11-08 12:00:00,2.1131641674978447
2024-11-08 13:00:00,2.9879287677781763
2024-11-08 14:00:00,2.4803063674425068
2024-11-08 15:00:00,1.3485085495442044
2024-11-08 16:00:00,1.6562653204542144
2024-11-08 17:00:00,3.7813473696947693
2024-11-08 18:00:00,1.4180535230121727
2024-11-08 19:00:00,2.158111911051259
2024-11-08 20:00:00,4.11522633744856
2024-11-08 21:00:00,3.497188260638447
2024-11-08 22:00:00,2.801748290933542
2024-11-08 23:00:00,2.3080615975479155
2024-11-09 00:00:00,2.637186438532458
2024-11-09 01:00:00,2.7672621814881233
2024-11-09 02:00:00,2.4079210972414855
2024-11-09 03:00:00,2.101652739714511
2024-11-09 04:00:00,2.0163892115111626
2024-11-09 05:00:00,3.562776115148925
2024-11-09 06:00:00,1.9601386210032776
2024-11-09 07:00:00,3.199140071148875
2024-11-09 08:00:00,3.1930927018673203
2024-11-09 09:00:00,2.4397384600370846
2024-11-09 10:00:00,2.4592744156763993
2024-11-09 11:00:00,2.5588536335721592
2024-11-09 12:00:00,2.1580373944719717
2024-11-09 13:00:00,2.438976800452674
2024-11-09 14:00:00,1.504990548659354
2024-11-09 15:00:00,1.6262489592006664
2024-11-09 16:00:00,1.7744843348522918
2024-11-09 17:00:00,2.935512657930581
2024-11-09 18:00:00,1.4579639824577775
2024-11-09 19:00:00,2.666666666666667
2024-11-09 20:00:00,4.321073008849557
2024-11-09 21:00:00,3.284805802280969
2024-11-09 22:00:00,1.479937961000675
2024-11-09 23:00:00,1.576352194912796
2024-11-10 00:00:00,2.729078881295985
2024-11-10 01:00:00,1.3820248322221855
2024-11-10 02:00:00,1.9902873975001991
2024-11-10 03:00:00,1.8973315928478194
2024-11-10 04:00:00,2.790988456471744
2024-11-10 05:00:00,1.8900733348453924
2024-11-10 06:00:00,2.31949676198252
2024-11-10 07:00:00,1.4533700745288176
2024-11-10 08:00:00,1.9229881697767799
2024-11-10 09:00:00,2.596916940208584
2024-11-10 10:00:00,3.149249218986194
2024-11-10 11:00:00,4.039816430741387
2024-11-10 12:00:00,3.486944878375363
2024-11-10 13:00:00,4.116039382264809
2024-11-10 14:00:00,3.5633855012970725
2024-11-10 15:00:00,3.4584843538167824
2024-11-10 16:00:00,2.5850480818943233
2024-11-10 17:00:00,2.9213115520344015
2024-11-10 18:00:00,3.2049638480077944
2024-11-10 19:00:00,2.2655188038060716
2024-11-10 20:00:00,2.458742304136589
2024-11-10 21:00:00,3.8465089085146316
2024-11-10 22:00:00,3.2427945105974527
2024-11-10 23:00:00,2.3277900892009167
2024-11-11 00:00:00,3.3001557673522184
2024-11-11 01:00:00,2.0875083500333997
2024-11-11 02:00:00,3.677876835260541
2024-11-11 03:00:00,2.388093918957645
2024-11-11 04:00:00,3.564808213318124
2024-11-11 05:00:00,3.544389939603596
2024-11-11 06:00:00,2.566840527331718
2024-11-11 07:00:00,2.98700057350411
2024-11-11 08:00:00,2.2334590026265477
2024-11-11 09:00:00,1.657561130854506
2024-11-11 10:00:00,2.9742076710764254
2024-11-11 11:00:00,2.601132012651906
2024-11-11 12:00:00,3.5228137417918437
2024-11-11 13:00:00,3.11744020749682
2024-11-11 14:00:00,3.3554344616540948
2024-11-11 15:00:00,4.466838193253288
2024-11-11 16:00:00,2.7537892139584064
2024-11-11 17:00:00,2.759442813307137
2024-11-11 18:00:00,1.872238448288774
2024-11-11 19:00:00,1.754410588218782
2024-11-11 20:00:00,2.35214421466609
2024-11-11 21:00:00,2.3187222912686196
2024-11-11 22:00:00,2.2785271600437476
2024-11-11 23:00:00,2.623790432610567
2024-11-12 00:00:00,2.6240107479480232
2024-11-12 01:00:00,3.308716482702031
2024-11-12 02:00:00,3.261153143751631
2024-11-12 03:00:00,2.4318119917512937
2024-11-12 04:00:00,3.418008804790681
2024-11-12 05:00:00,3.7477888046052836
2024-11-12 06:00:00,2.7386455754442087
2024-11-12 07:00:00,3.538370085203952
2024-11-12 08:00:00,3.0167004537117483
2024-11-12 09:00:00,3.8661388098478287
2024-11-12 10:00:00,3.1792054529731923
2024-11-12 11:00:00,2.7385855753220576
2024-11-12 12:00:00,3.947326870243471
2024-11-12 13:00:00,4.06490845826152
2024-11-12 14:00:00,2.2688084218168614
2024-11-12 15:00:00,3.488501897745032
2024-11-12 16:00:00,3.4243760786784647
2024-11-12 17:00:00,3.8019344242350512
2024-11-12 18:00:00,4.054097882139266
2024-11-12 19:00:00,3.0501195646869355
2024-11-12 20:00:00,3.3932352462131496
2024-11-12 21:00:00,4.658095770449042
2024-11-12 22:00:00,3.03988326848249
2024-11-12 23:00:00,2.96440344345104
2024-11-13 00:00:00,3.4041394335511987
2024-11-13 01:00:00,2.047099669188693
2024-11-13 02:00:00,4.130729321569016
2024-11-13 03:00:00,3.4167008336750033
2024-11-13 04:00:00,3.5680643964262266
2024-11-13 05:00:00,1.953857696636238
2024-11-13 06:00:00,2.8777972188967675
2024-11-13 07:00:00,2.8404571999909107
2024-11-13 08:00:00,2.5512286717283046
2024-11-13 09:00:00,2.1167425871674603
2024-11-13 10:00:00,2.342490911135265
2024-11-13 11:00:00,3.627394080092861
2024-11-13 12:00:00,3.156565656565656
2024-11-13 13:00:00,2.861590586511607
2024-11-13 14:00:00,2.5873488988243087
2024-11-13 15:00:00,2.34587595007976
2024-11-13 16:00:00,4.609654460301655
2024-11-13 17:00:00,3.9706489628664916
2024-11-13 18:00:00,3.016045361322234
2024-11-13 19:00:00,2.3257977486277794
2024-11-13 20:00:00,4.015806213255374
2024-11-13 21:00:00,2.7662823378405292
2024-11-13 22:00:00,2.036859000472551
2024-11-13 23:00:00,2.930076650805186
2024-11-14 00:00:00,4.574900267174176
2024-11-14 01:00:00,2.1985753231905725
2024-11-14 02:00:00,3.6610725478136077
2024-11-14 03:00:00,3.3443026460122542
2024-11-14 04:00:00,1.93801454286113
2024-11-14 05:00:00,3.6386923994993166
2024-11-14 06:00:00,4.210597231111261
2024-11-14 07:00:00,2.770083102493074
2024-11-14 08:00:00,4.264319585166991
2024-11-14 09:00:00,4.033298915849252
2024-11-14 10:00:00,1.7608857959908153
2024-11-14 11:00:00,2.043886327218025
2024-11-14 12:00:00,3.967750126968004
2024-11-14 13:00:00,3.9638496908197247
2024-11-14 14:00:00,3.9662393704784877
2024-11-14 15:00:00,3.5479109900090826
2024-11-14 16:00:00,3.945707070707071
2024-11-14 17:00:00,2.623019620186759
2024-11-14 18:00:00,2.684938568605551
2024-11-14 19:00:00,2.8556416055559364
2024-11-14 20:00:00,4.718405556394383
2024-11-14 21:00:00,3.1510751468401015
2024-11-14 22:00:00,4.319579791277905
2024-11-14 23:00:00,2.8079160770042915
2024-11-15 00:00:00,3.2204044828030405
2024-11-15 01:00:00,3.7437479409386323
2024-11-15 02:00:00,3.185281451469052
2024-11-15 03:00:00,4.19702514857469
2024-11-15 04:00:00,3.3346672002134183
2024-11-15 05:00:00,3.7408349543618136
2024-11-15 06:00:00,3.753753753753754
2024-11-15 07:00:00,3.9983366919361547
2024-11-15 08:00:00,3.7634732341783583
2024-11-15 09:00:00,3.8756084705298735
2024-11-15 10:00:00,4.100511743865634
2024-11-15 11:00:00,3.7300071616137505
2024-11-15 12:00:00,3.1620753332827403
2024-11-15 13:00:00,3.619726059131844
2024-11-15 14:00:00,4.2256854061728815
2024-11-15 15:00:00,3.872006938636434
2024-11-15 16:00:00,2.108992745064957
2024-11-15 17:00:00,4.0508134033313885
2024-11-15 18:00:00,1.462039603728786
2024-11-15 19:00:00,2.5510724708667527
2024-11-15 20:00:00,2.7872544428835813
2024-11-15 21:00:00,2.4322378534041595
2024-11-15 22:00:00,3.887057652839107
2024-11-15 23:00:00,2.610856987697642
2024-11-16 00:00:00,2.814998311001013
2024-11-16 01:00:00,3.869250294063023
2024-11-16 02:00:00,3.042695097609659
2024-11-16 03:00:00,4.01838814414762
2024-11-16 04:00:00,3.210314097131263
2024-11-16 05:00:00,2.700250583254125
2024-11-16 06:00:00,3.810627076791757
2024-11-16 07:00:00,3.5105456792203786
2024-11-16 08:00:00,2.9949445336272373
2024-11-16 09:00:00,3.6284470246734397
2024-11-16 10:00:00,3.0299357653617744
2024-11-16 11:00:00,1.478327715688014
2024-11-16 12:00:00,1.7036471678569483
2024-11-16 13:00:00,1.931784814625929
2024-11-16 14:00:00,1.2534218416276435
2024-11-16 15:00:00,2.3092128355286254
2024-11-16 16:00:00,1.6997552352461247
2024-11-16 17:00:00,2.458307111390812
2024-11-16 18:00:00,2.121520706042091
2024-11-16 19:00:00,1.3050605026049007
2024-11-16 20:00:00,1.329391245161016
2024-11-16 21:00:00,1.577525934526364
2024-11-16 22:00:00,2.712261592206045
2024-11-16 23:00:00,2.3374534846756547
2024-11-17 00:00:00,2.133724800710104
2024-11-17 01:00:00,1.4202285999954554
2024-11-17 02:00:00,1.8280733569276666
2024-11-17 03:00:00,1.528565838387791
2024-11-17 04:00:00,1.4448361555799576
2024-11-17 05:00:00,1.4126368845141095
2024-11-17 06:00:00,1.5227004178289945
2024-11-17 07:00:00,3.3330666879982935
2024-11-17 08:00:00,1.7898308967768726
2024-11-17 09:00:00,3.2900797515331774
2024-11-17 10:00:00,2.9914325372134205
2024-11-17 11:00:00,3.8571913475483695
2024-11-17 12:00:00,3.3909339988606466
2024-11-17 13:00:00,3.478599654922914
2024-11-17 14:00:00,2.589600165734411
2024-11-17 15:00:00,3.388176618870789
2024-11-17 16:00:00,2.397391637897967
2024-11-17 17:00:00,3.08413520848754
2024-11-17 18:00:00,2.833374889498379
2024-11-17 19:00:00,3.4295434591747145
2024-11-17 20:00:00,3.560137848537495
2024-11-17 21:00:00,4.658790205359472
2024-11-17 22:00:00,4.604390747016355
2024-11-17 23:00:00,4.3115342163355415
2024-11-18 00:00:00,4.668185382977929
2024-11-18 01:00:00,4.015935230996594
2024-11-18 02:00:00,4.017354973485458
2024-11-18 03:00:00,1.6183953286637234
2024-11-18 04:00:00,2.5200596750131043
2024-11-18 05:00:00,3.295370663292207
2024-11-18 06:00:00,3.176862276666582
2024-11-18 07:00:00,3.0642512195719864
2024-11-18 08:00:00,3.717803818928083
2024-11-18 09:00:00,2.816330209084355
2024-11-18 10:00:00,3.141098127905516
2024-11-18 11:00:00,3.9433420612637615
2024-11-18 12:00:00,3.9520693034873062
2024-11-18 13:00:00,1.579778830963665
2024-11-18 14:00:00,2.911648925019217
2024-11-18 15:00:00,1.9679770770030074
2024-11-18 16:00:00,2.82556115644567
2024-11-18 17:00:00,2.248241874853864
2024-11-18 18:00:00,3.2304750090453296
2024-11-18 19:00:00,2.9847895126435686
2024-11-18 20:00:00,4.707388717330722
2024-11-18 21:00:00,4.292729832755246
2024-11-18 22:00:00,3.6864456765365103
2024-11-18 23:00:00,3.4259716055473333
2024-11-19 00:00:00,3.2883487228053556
2024-11-19 01:00:00,1.8536918126140023
2024-11-19 02:00:00,3.6827529314713336
2024-11-19 03:00:00,4.074315514993481
2024-11-19 04:00:00,2.522958926228681
2024-11-19 05:00:00,3.2153513735981067
2024-11-19 06:00:00,2.419901268028264
2024-11-19 07:00:00,2.6914133149599513
2024-11-19 08:00:00,3.671179770330994
2024-11-19 09:00:00,3.2453202482020918
2024-11-19 10:00:00,1.7609850245833512
2024-11-19 11:00:00,2.5301595012549587
2024-11-19 12:00:00,2.285150180069834
2024-11-19 13:00:00,1.6842956275685508
2024-11-19 14:00:00,2.9813723853364182
2024-11-19 15:00:00,4.313468373649884
2024-11-19 16:00:00,3.9952696007926614
2024-11-19 17:00:00,3.939737771053958
2024-11-19 18:00:00,3.3296041766554794
2024-11-19 19:00:00,3.9337865055387717
2024-11-19 20:00:00,4.600831830394935
2024-11-19 21:00:00,4.754117065378617
2024-11-19 22:00:00,4.067024564828372
2024-11-19 23:00:00,4.569381488521714
2024-11-20 00:00:00,2.335051931554958
2024-11-20 01:00:00,2.4667969135437016
2024-11-20 02:00:00,3.6740932337899004
2024-11-20 03:00:00,3.8463905471105906
2024-11-20 04:00:00,2.9489478154194586
2024-11-20 05:00:00,2.716033287703974
2024-11-20 06:00:00,1.9750043450095593
2024-11-20 07:00:00,1.58193806396092
2024-11-20 08:00:00,3.568471837620257
2024-11-20 09:00:00,3.3424247285951134
2024-11-20 10:00:00,3.387625680912761
2024-11-20 11:00:00,3.144179494919006
2024-11-20 12:00:00,2.0054870124661073
2024-11-20 13:00:00,2.4135933577910795
2024-11-20 14:00:00,1.5176717700909388
2024-11-20 15:00:00,1.8465447454722725
2024-11-20 16:00:00,1.566769446742373
2024-11-20 17:00:00,2.3339183688711302
2024-11-20 18:00:00,2.242192685070584
2024-11-20 19:00:00,1.6124039007275168
2024-11-20 20:00:00,1.4488050256148732
2024-11-20 21:00:00,2.550447858643978
2024-11-20 22:00:00,2.469574837995891
2024-11-20 23:00:00,1.3283034907815738
2024-11-21 00:00:00,3.961211813918114
2024-11-21 01:00:00,1.7323336613218399
2024-11-21 02:00:00,1.449561072907124
2024-11-21 03:00:00,2.0524777511411774
2024-11-21 04:00:00,3.4038613403044415
2024-11-21 05:00:00,1.341662373347072
2024-11-21 06:00:00,2.4099637541451373
2024-11-21 07:00:00,1.9462826002335543
2024-11-21 08:00:00,1.3067522502273747
2024-11-21 09:00:00,1.1691311952262033
2024-11-21 10:00:00,2.1422817871771587
2024-11-21 11:00:00,1.3817193009605713
2024-11-21 12:00:00,1.7323336613218399
2024-11-21 13:00:00,2.297456256432877
2024-11-21 14:00:00,3.4487515519381984
2024-11-21 15:00:00,2.9734294345726586
2024-11-21 16:00:00,2.27194241989131
2024-11-21 17:00:00,1.6884362378939122
2024-11-21 18:00:00,3.3616609294320137
2024-11-21 19:00:00,2.792235351933344
2024-11-21 20:00:00,1.5645534764378244
2024-11-21 21:00:00,2.985288498280474
2024-11-21 22:00:00,4.696070328349236
2024-11-21 23:00:00,2.362234484843903
2024-11-22 00:00:00,4.721256987460341
2024-11-22 01:00:00,3.55285222977006
2024-11-22 02:00:00,2.178155711995539
2024-11-22 03:00:00,4.289341843387551
2024-11-22 04:00:00,4.312873063519993
2024-11-22 05:00:00,1.9641426124668062
2024-11-22 06:00:00,3.3751856352099368
2024-11-22 07:00:00,2.4988505287567713
2024-11-22 08:00:00,2.969614900339724
2024-11-22 09:00:00,2.829911027597292
2024-11-22 10:00:00,2.6775195458926846
2024-11-22 11:00:00,1.8214405408949832
2024-11-22 12:00:00,1.6343928557419491
2024-11-22 13:00:00,3.324202856155094
2024-11-22 14:00:00,2.5050602216477276
2024-11-22 15:00:00,3.815395885477078
2024-11-22 16:00:00,1.3285011318829643
2024-11-22 17:00:00,1.3892130385978951
2024-11-22 18:00:00,1.3076544863010116
2024-11-22 19:00:00,1.3976631072846204
2024-11-22 20:00:00,1.3467360505079888
2024-11-22 21:00:00,1.3971475834935394
2024-11-22 22:00:00,3.2597074086629987
2024-11-22 23:00:00,3.1551315058811653
2024-11-23 00:00:00,1.4571821594273857
2024-11-23 01:00:00,3.3282743563117396
2024-11-23 02:00:00,1.5321068307450938
2024-11-23 03:00:00,1.6332823749232352
2024-11-23 04:00:00,1.2433728228541872
2024-11-23 05:00:00,1.58404298459043
2024-11-23 06:00:00,1.3477234255894945
2024-11-23 07:00:00,1.3005389433381191
2024-11-23 08:00:00,1.3733245440562514
2024-11-23 09:00:00,1.3172870210344392
2024-11-23 10:00:00,1.3851489866250015
2024-11-23 11:00:00,1.5801382937034647
2024-11-23 12:00:00,1.754681490215896
2024-11-23 13:00:00,1.4857604716398038
2024-11-23 14:00:00,1.6901027582477013
2024-11-23 15:00:00,3.385882225472669
2024-11-23 16:00:00,4.086970737289521
2024-11-23 17:00:00,2.1848181357383814
2024-11-23 18:00:00,1.8944273524998863
2024-11-23 19:00:00,1.4087046678837873
2024-11-23 20:00:00,3.4316147806511834
2024-11-23 21:00:00,1.908804935406041
2024-11-23 22:00:00,2.486968286180415
2024-11-23 23:00:00,1.9906677495899228
2024-11-24 00:00:00,2.7934833620130957
2024-11-24 01:00:00,2.392436074108099
2024-11-24 02:00:00,2.17130747450885
2024-11-24 03:00:00,3.487723214285714
2024-11-24 04:00:00,2.5127648454147073
2024-11-24 05:00:00,2.720170609100603
2024-11-24 06:00:00,3.152346606814113
2024-11-24 07:00:00,2.5890101696319463
2024-11-24 08:00:00,2.2735126680125863
2024-11-24 09:00:00,2.2454955359548743
2024-11-24 10:00:00,4.576910402401962
2024-11-24 11:00:00,3.473476533192542
2024-11-24 12:00:00,4.316149304236732
2024-11-24 13:00:00,4.01464542651593
2024-11-24 14:00:00,2.3515247286340464
2024-11-24 15:00:00,4.005254894421481
2024-11-24 16:00:00,4.265774835341091
2024-11-24 17:00:00,2.4419785887317342
2024-11-24 18:00:00,2.2710343198706417
2024-11-24 19:00:00,4.8260684915640315
2024-11-24 20:00:00,1.945343625498008
2024-11-24 21:00:00,2.4339427926086024
2024-11-24 22:00:00,3.340370380267764
2024-11-24 23:00:00,3.7617743537271666
2024-11-25 00:00:00,3.02685425091411
2024-11-25 01:00:00,4.471951917572983
2024-11-25 02:00:00,3.1792054529731923
2024-11-25 03:00:00,4.673246597876477
2024-11-25 04:00:00,3.393419480942556
2024-11-25 05:00:00,2.3687701345461436
2024-11-25 06:00:00,2.86100112151244
2024-11-25 07:00:00,4.053572007653145
2024-11-25 08:00:00,2.9520818080910654
2024-11-25 09:00:00,2.442694389619526
2024-11-25 10:00:00,2.050592211030545
2024-11-25 11:00:00,2.909141686836716
2024-11-25 12:00:00,1.6426619007569387
2024-11-25 13:00:00,3.231978487951184
2024-11-25 14:00:00,1.6230182946622171
2024-11-25 15:00:00,1.2996870353618848
2024-11-25 16:00:00,1.3462284064963597
2024-11-25 17:00:00,1.524817936738353
2024-11-25 18:00:00,1.4730143766203159
2024-11-25 19:00:00,2.652294765431051
2024-11-25 20:00:00,3.226056210803417
2024-11-25 21:00:00,3.119696515922931
2024-11-25 22:00:00,3.070272394566846
2024-11-25 23:00:00,2.9107675111773474
2024-11-26 00:00:00,3.1813091723506064
2024-11-26 01:00:00,1.6408721563685529
2024-11-26 02:00:00,3.110226424483703
2024-11-26 03:00:00,3.121254494606472
2024-11-26 04:00:00,3.1757323238738855
2024-11-26 05:00:00,3.6013714022299697
2024-11-26 06:00:00,3.4139014065273794
2024-11-26 07:00:00,2.2248722923304203
2024-11-26 08:00:00,2.470111649046537
2024-11-26 09:00:00,3.1318116904266784
2024-11-26 10:00:00,3.4538019451812554
2024-11-26 11:00:00,1.9843474671788923
2024-11-26 12:00:00,2.5171163914619408
2024-11-26 13:00:00,2.216626471839977
2024-11-26 14:00:00,2.637019535040716
2024-11-26 15:00:00,2.80842076883327
2024-11-26 16:00:00,2.1523150300463176
2024-11-26 17:00:00,1.8389925263343732
2024-11-26 18:00:00,2.206336598711499
2024-11-26 19:00:00,1.8834661804812634
2024-11-26 20:00:00,4.5657096939148225
2024-11-26 21:00:00,2.215879881583379
2024-11-26 22:00:00,3.8999126419568206
2024-11-26 23:00:00,2.4747574737675713
2024-11-27 00:00:00,3.804132809884659
2024-11-27 01:00:00,3.957574798163685
2024-11-27 02:00:00,4.577580840077636
2024-11-27 03:00:00,2.156176150966829
2024-11-27 04:00:00,2.091245211048466
2024-11-27 05:00:00,2.5519057632239757
2024-11-27 06:00:00,4.6937779279786715
2024-11-27 07:00:00,3.591644398471396
2024-11-27 08:00:00,3.9838097969850526
2024-11-27 09:00:00,1.4749262536873158
2024-11-27 10:00:00,2.418215937010311
2024-11-27 11:00:00,3.187555782226189
2024-11-27 12:00:00,2.465483234714004
2024-11-27 13:00:00,3.5782784186872014
2024-11-27 14:00:00,1.798043728423475
2024-11-27 15:00:00,2.128927871923699
2024-11-27 16:00:00,1.7097056570740778
2024-11-27 17:00:00,1.685249349493751
2024-11-27 18:00:00,4.33681434965132
2024-11-27 19:00:00,1.4355440712029859
2024-11-27 20:00:00,3.0349382086580716
2024-11-27 21:00:00,3.5184507557632227
2024-11-27 22:00:00,1.3421089362981415
2024-11-27 23:00:00,1.8867639733739872
2024-11-28 00:00:00,1.6987619422964542
2024-11-28 01:00:00,3.570102533344758
2024-11-28 02:00:00,2.27661822023094
2024-11-28 03:00:00,2.0862889092881582
2024-11-28 04:00:00,2.2409064018214084
2024-11-28 05:00:00,1.8903591682419663
2024-11-28 06:00:00,2.380589624438181
2024-11-28 07:00:00,2.7074443890922475
2024-11-28 08:00:00,1.8412408490329806
2024-11-28 09:00:00,2.6023775321133393
2024-11-28 10:00:00,1.9281791818350096
2024-11-28 11:00:00,1.8358325133281441
2024-11-28 12:00:00,1.9824592009896438
2024-11-28 13:00:00,2.960612017716302
2024-11-28 14:00:00,2.789742674135737
2024-11-28 15:00:00,2.0256364549741526
2024-11-28 16:00:00,2.316316130825535
2024-11-28 17:00:00,1.985356014040438
2024-11-28 18:00:00,2.7066236493947984
2024-11-28 19:00:00,3.246331645240877
2024-11-28 20:00:00,3.831652515096711
2024-11-28 21:00:00,3.078590251951827
2024-11-28 22:00:00,2.9873575030471047
2024-11-28 23:00:00,2.6555628731065832
2024-11-29 00:00:00,2.782910701961396
2024-11-29 01:00:00,4.114549045424621
2024-11-29 02:00:00,2.7147355847540444
2024-11-29 03:00:00,4.039424785910486
2024-11-29 04:00:00,3.37391022699668
2024-11-29 05:00:00,2.0430845673564115
2024-11-29 06:00:00,2.4243129497100524
2024-11-29 07:00:00,1.8206181362696259
2024-11-29 08:00:00,1.4608264771877342
2024-11-29 09:00:00,3.647292250233427
2024-11-29 10:00:00,2.3373660689242506
2024-11-29 11:00:00,2.1311782858506807
2024-11-29 12:00:00,2.0743100844659064
2024-11-29 13:00:00,2.6854577094119922
2024-11-29 14:00:00,2.9852884982804735
2024-11-29 15:00:00,4.298043530584878
2024-11-29 16:00:00,3.8093496678247094
2024-11-29 17:00:00,4.025246345076319
2024-11-29 18:00:00,4.253002619849614
2024-11-29 19:00:00,3.8712874353495
2024-11-29 20:00:00,3.0667320902845927
2024-11-29 21:00:00,4.223829154558356
2024-11-29 22:00:00,1.5435719489756856
2024-11-29 23:00:00,2.121268688377144
2024-11-30 00:00:00,3.149645979791871
2024-11-30 01:00:00,2.441835478892774
2024-11-30 02:00:00,4.320326271039989
2024-11-30 03:00:00,1.6618583564885594
2024-11-30 04:00:00,3.918495297805642
2024-11-30 05:00:00,1.9239945204636058
2024-11-30 06:00:00,2.2058693772389577
2024-11-30 07:00:00,3.587727103125628
2024-11-30 08:00:00,1.9128358939829837
2024-11-30 09:00:00,1.598404153293352
2024-11-30 10:00:00,2.9538955975140015
2024-11-30 11:00:00,1.9340264884267857
2024-11-30 12:00:00,3.4721257742840477
2024-11-30 13:00:00,3.63182055900982
2024-11-30 14:00:00,1.6475333131235914
2024-11-30 15:00:00,4.609144542772862
2024-11-30 16:00:00,1.5084230342231015
2024-11-30 17:00:00,3.1674437461990683
2024-11-30 18:00:00,2.4377876589437557
2024-11-30 19:00:00,1.7006802721088436
2024-11-30 20:00:00,3.3989558407657166
2024-11-30 21:00:00,1.7536967928393055
2024-11-30 22:00:00,3.7630200493708226
2024-11-30 23:00:00,2.4758848812565613
2024-12-01 00:00:00,2.173988660475147
2024-12-01 01:00:00,1.9894637997167008
2024-12-01 02:00:00,1.474526087315537
2024-12-01 03:00:00,4.7695360195360195
2024-12-01 04:00:00,3.4111065629690267
2024-12-01 05:00:00,2.0154788777813604
2024-12-01 06:00:00,1.8418377119955212
2024-12-01 07:00:00,3.2181659028886256
2024-12-01 08:00:00,2.6509447967255526
2024-12-01 09:00:00,1.56777163211298
2024-12-01 10:00:00,4.031997935617056
2024-12-01 11:00:00,4.31064211324919
2024-12-01 12:00:00,1.3171898544768648
2024-12-01 13:00:00,2.02275191352331
2024-12-01 14:00:00,1.6022970530552594
2024-12-01 15:00:00,2.9281547939750285
2024-12-01 16:00:00,3.737814723999761
2024-12-01 17:00:00,1.408339623916987
2024-12-01 18:00:00,3.206114701959578
2024-12-01 19:00:00,1.7329100411739429
2024-12-01 20:00:00,1.570509598954669
2024-12-01 21:00:00,1.7547061218187179
2024-12-01 22:00:00,3.251905616691381
2024-12-01 23:00:00,3.332888948140248
2024-12-02 00:00:00,3.601994063913782
2024-12-02 01:00:00,2.454397298199454
2024-12-02 02:00:00,3.0009122773323087
2024-12-02 03:00:00,1.9591248197605167
2024-12-02 04:00:00,1.6376475520444391
2024-12-02 05:00:00,1.7173868242082846
2024-12-02 06:00:00,2.2993580192410277
2024-12-02 07:00:00,1.8726872312693823
2024-12-02 08:00:00,4.092322802422656
2024-12-02 09:00:00,1.7873228763029585
2024-12-02 10:00:00,1.7216445148405752
2024-12-02 11:00:00,4.095809168059241
2024-12-02 12:00:00,2.078518099735612
2024-12-02 13:00:00,4.434039232379128
2024-12-02 14:00:00,2.271901126862959
2024-12-02 15:00:00,2.41999496641047
2024-12-02 16:00:00,2.7223625751372063
2024-12-02 17:00:00,3.6001267244607007
2024-12-02 18:00:00,4.271313856142149
2024-12-02 19:00:00,3.5379694885511306
2024-12-02 20:00:00,3.107056747284432
2024-12-02 21:00:00,4.37353486581995
2024-12-02 22:00:00,2.834017276169315
2024-12-02 23:00:00,3.329515488906055
2024-12-03 00:00:00,3.506114663973971
2024-12-03 01:00:00,3.5251981161341264
2024-12-03 02:00:00,4.053703463484239
2024-12-03 03:00:00,2.5754079446184273
2024-12-03 04:00:00,4.120381052839766
2024-12-03 05:00:00,3.1655988046698913
2024-12-03 06:00:00,2.810062270979925
2024-12-03 07:00:00,2.6347961721681212
2024-12-03 08:00:00,3.7651736498087294
2024-12-03 09:00:00,4.152823920265781
2024-12-03 10:00:00,1.5996928589710775
2024-12-03 11:00:00,2.1831773089283217
2024-12-03 12:00:00,1.959954215469527
2024-12-03 13:00:00,3.7873049537948797
2024-12-03 14:00:00,2.0583585825319455
2024-12-03 15:00:00,3.5393719738369613
2024-12-03 16:00:00,3.069066267278843
2024-12-03 17:00:00,4.097151660165853
2024-12-03 18:00:00,2.3668863137165794
2024-12-03 19:00:00,2.771495720810607
2024-12-03 20:00:00,2.4312444081378617
2024-12-03 21:00:00,2.0976321927807886
2024-12-03 22:00:00,3.2571592360007293
2024-12-03 23:00:00,3.063350079647102
2024-12-04 00:00:00,3.382858380016779
2024-12-04 01:00:00,2.4178417377512136
2024-12-04 02:00:00,1.9123384074045746
2024-12-04 03:00:00,2.5903514588859413
2024-12-04 04:00:00,2.3016866759961703
2024-12-04 05:00:00,4.057519394942708
2024-12-04 06:00:00,1.886906379253087
2024-12-04 07:00:00,3.191706669390256
2024-12-04 08:00:00,1.7914469158449893
2024-12-04 09:00:00,2.3684110803743983
2024-12-04 10:00:00,1.7620276004003326
2024-12-04 11:00:00,1.3868394483707411
2024-12-04 12:00:00,2.099182158630997
2024-12-04 13:00:00,2.587991718426501
2024-12-04 14:00:00,1.93002501312417
2024-12-04 15:00:00,2.160349803840238
2024-12-04 16:00:00,1.6192968365417002
2024-12-04 17:00:00,2.426619040223637
2024-12-04 18:00:00,2.701184199152908
2024-12-04 19:00:00,2.388961088601789
2024-12-04 20:00:00,2.249334197077665
2024-12-04 21:00:00,3.0968956717786096
2024-12-04 22:00:00,2.062059750243323
2024-12-04 23:00:00,1.665667266306882
2024-12-05 00:00:00,2.316960148285449
2024-12-05 01:00:00,2.330524274740846
2024-12-05 02:00:00,2.021116626513816
2024-12-05 03:00:00,2.3498449102359245
2024-12-05 04:00:00,2.8493925095169708
2024-12-05 05:00:00,1.5430384278290064
2024-12-05 06:00:00,2.11595429538722
2024-12-05 07:00:00,2.7344519064598694
2024-12-05 08:00:00,3.237335543354397
2024-12-05 09:00:00,2.127478512467024
2024-12-05 10:00:00,3.387809306989728
2024-12-05 11:00:00,3.581764520473366
2024-12-05 12:00:00,2.1425755472137946
2024-12-05 13:00:00,3.969514131470308
2024-12-05 14:00:00,4.288458899409909
2024-12-05 15:00:00,1.9840325063885846
2024-12-05 16:00:00,3.0927579978721824
2024-12-05 17:00:00,3.176862276666582
2024-12-05 18:00:00,2.180701662566947
2024-12-05 19:00:00,1.541402059313151
2024-12-05 20:00:00,1.6361899027448723
2024-12-05 21:00:00,1.3610775378651772
2024-12-05 22:00:00,2.116097577491493
2024-12-05 23:00:00,1.6037566395524878
2024-12-06 00:00:00,3.3784696883699556
2024-12-06 01:00:00,2.2570510274096276
2024-12-06 02:00:00,2.7420097834909067
2024-12-06 03:00:00,3.656574520988738
2024-12-06 04:00:00,1.897245199969644
2024-12-06 05:00:00,1.6308956879118008
2024-12-06 06:00:00,1.9431360661598973
2024-12-06 07:00:00,1.8987149497220284
2024-12-06 08:00:00,1.7134789105015695
2024-12-06 09:00:00,1.7629968125017628
2024-12-06 10:00:00,1.8426794032667022
2024-12-06 11:00:00,1.364196924554453
2024-12-06 12:00:00,3.271309308837769
2024-12-06 13:00:00,1.778043298910415
2024-12-06 14:00:00,1.7843377965569425
2024-12-06 15:00:00,1.3937049136460435
2024-12-06 16:00:00,1.6051982740908157
2024-12-06 17:00:00,1.7339677343283997
2024-12-06 18:00:00,1.7916523334479995
2024-12-06 19:00:00,1.3880406418299929
2024-12-06 20:00:00,3.1813901402356772
2024-12-06 21:00:00,2.7896804142117477
2024-12-06 22:00:00,1.84643564063931
2024-12-06 23:00:00,2.307166983517599
2024-12-07 00:00:00,2.9353058588704943
2024-12-07 01:00:00,3.159917083775722
2024-12-07 02:00:00,3.7215672263903783
2024-12-07 03:00:00,3.6176308858854522
2024-12-07 04:00:00,2.7827248441674084
2024-12-07 05:00:00,3.520333445984004
2024-12-07 06:00:00,3.8380054653197826
2024-12-07 07:00:00,1.6642258021568364
2024-12-07 08:00:00,3.7293394593949514
2024-12-07 09:00:00,2.508528998595224
2024-12-07 10:00:00,1.884232740428098
2024-12-07 11:00:00,3.192440301366364
2024-12-07 12:00:00,2.4537227882142782
2024-12-07 13:00:00,2.4963553212310026
2024-12-07 14:00:00,2.671682304913758
2024-12-07 15:00:00,3.838948435244618
2024-12-07 16:00:00,1.374260647771499
2024-12-07 17:00:00,1.4720776314859743
2024-12-07 18:00:00,2.7598083589075575
2024-12-07 19:00:00,1.3527845717625162
2024-12-07 20:00:00,2.6151174710768013
2024-12-07 21:00:00,1.3901090957618352
2024-12-07 22:00:00,3.3883603046813584
2024-12-07 23:00:00,1.2040417272701003
2024-12-08 00:00:00,1.265387107223842
2024-12-08 01:00:00,1.372932363860027
2024-12-08 02:00:00,2.1295444478517154
2024-12-08 03:00:00,1.6684463427656167
2024-12-08 04:00:00,1.2198335171215833
2024-12-08 05:00:00,1.4372606960941003
2024-12-08 06:00:00,1.396102082984308
2024-12-08 07:00:00,1.4845076778737099
2024-12-08 08:00:00,3.816444295179068
2024-12-08 09:00:00,2.6248923794124437
2024-12-08 10:00:00,3.470005274408017
2024-12-08 11:00:00,3.529577862487647
2024-12-08 12:00:00,3.5410764872521243
2024-12-08 13:00:00,4.455057381139069
2024-12-08 14:00:00,3.97696541630874
2024-12-08 15:00:00,4.233843652621596
2024-12-08 16:00:00,4.454422350509586
2024-12-08 17:00:00,2.669799231097821
2024-12-08 18:00:00,2.923361163731612
2024-12-08 19:00:00,2.2302312303739655
2024-12-08 20:00:00,1.341187326316241
2024-12-08 21:00:00,1.5477959385834568
2024-12-08 22:00:00,1.6018453258153393
2024-12-08 23:00:00,1.9585415915892388
2024-12-09 00:00:00,1.756382694712586
2024-12-09 01:00:00,1.825030660515097
2024-12-09 02:00:00,1.5164013975155273
2024-12-09 03:00:00,1.509133274577744
2024-12-09 04:00:00,1.338286778797255
2024-12-09 05:00:00,1.3526528227159105
2024-12-09 06:00:00,1.2824458807838308
2024-12-09 07:00:00,1.5292016344107064
2024-12-09 08:00:00,1.2792304149823466
2024-12-09 09:00:00,1.5828394874132603
2024-12-09 10:00:00,2.1604244802018697
2024-12-09 11:00:00,2.21690165824244
2024-12-09 12:00:00,2.3270967141394396
2024-12-09 13:00:00,4.099301479027973
2024-12-09 14:00:00,4.268396790165614
2024-12-09 15:00:00,2.20887082523414
2024-12-09 16:00:00,1.8445283909809937
2024-12-09 17:00:00,4.25213457155492
2024-12-09 18:00:00,1.6483588938852478
2024-12-09 19:00:00,2.808925642120401
2024-12-09 20:00:00,2.426148053258802
2024-12-09 21:00:00,3.890202912983942
2024-12-09 22:00:00,2.4287879376675865
2024-12-09 23:00:00,2.8162667567872024
2024-12-10 00:00:00,3.5139009923256403
2024-12-10 01:00:00,3.2287227172930395
2024-12-10 02:00:00,2.2391401701746525
2024-12-10 03:00:00,2.481537362026523
2024-12-10 04:00:00,4.290077907814807
2024-12-10 05:00:00,4.346314325452017
2024-12-10 06:00:00,4.582783399325414
2024-12-10 07:00:00,1.950838860710106
2024-12-10 08:00:00,3.47154719915572
2024-12-10 09:00:00,1.266579525995278
2024-12-10 10:00:00,2.8711870635795664
2024-12-10 11:00:00,1.3419936657898976
2024-12-10 12:00:00,3.202418466425845
2024-12-10 13:00:00,1.358695652173913
2024-12-10 14:00:00,1.4340618367464004
2024-12-10 15:00:00,1.6812826168827675
2024-12-10 16:00:00,2.693268982159786
2024-12-10 17:00:00,2.6610465363818285
2024-12-10 18:00:00,2.7479170788542286
2024-12-10 19:00:00,1.98971714181112
2024-12-10 20:00:00,2.150907683042244
2024-12-10 21:00:00,3.2364973331261977
2024-12-10 22:00:00,3.010814846930173
2024-12-10 23:00:00,2.607806730227609
2024-12-11 00:00:00,1.9318743818001982
2024-12-11 01:00:00,3.4831554601944994
2024-12-11 02:00:00,1.7467370951063412
2024-12-11 03:00:00,2.9641925539483047
2024-12-11 04:00:00,1.9128358939829833
2024-12-11 05:00:00,2.358446067055339
2024-12-11 06:00:00,2.0572068068858824
2024-12-11 07:00:00,1.972697861595518
2024-12-11 08:00:00,2.0134336291738473
2024-12-11 09:00:00,1.8506181064475538
2024-12-11 10:00:00,2.646791030554556
2024-12-11 11:00:00,1.7619034195021568
2024-12-11 12:00:00,2.120764832629239
2024-12-11 13:00:00,2.8099359334607166
2024-12-11 14:00:00,2.0652622883106155
2024-12-11 15:00:00,2.1422817871771582
2024-12-11 16:00:00,1.4246475421980604
2024-12-11 17:00:00,1.7206017976847585
2024-12-11 18:00:00,1.8228217280349983
2024-12-11 19:00:00,1.3330915993899772
2024-12-11 20:00:00,2.4995500809854225
2024-12-11 21:00:00,2.7042229145032883
2024-12-11 22:00:00,3.5479109900090826
2024-12-11 23:00:00,3.72489421300435
2024-12-12 00:00:00,1.4521881571151414
2024-12-12 01:00:00,1.328416421352434
2024-12-12 02:00:00,1.758755082802189
2024-12-12 03:00:00,1.3884723471847336
2024-12-12 04:00:00,1.4302059496567507
2024-12-12 05:00:00,1.3357412295230875
2024-12-12 06:00:00,1.4405402602191928
2024-12-12 07:00:00,1.2785630996460937
2024-12-12 08:00:00,1.918178191081239
2024-12-12 09:00:00,1.3986796464137856
2024-12-12 10:00:00,1.312308402973166
2024-12-12 11:00:00,1.3513075251613462
2024-12-12 12:00:00,1.1641877229419486
2024-12-12 13:00:00,1.2195716864237278
2024-12-12 14:00:00,2.282688093498904
2024-12-12 15:00:00,1.273677667845243
2024-12-12 16:00:00,1.4934467556362678
2024-12-12 17:00:00,1.7787517431767086
2024-12-12 18:00:00,3.342961061189559
2024-12-12 19:00:00,2.7305692690812178
2024-12-12 20:00:00,2.596107915013811
2024-12-12 21:00:00,1.7538936438894346
2024-12-12 22:00:00,3.7991611452191347
2024-12-12 23:00:00,2.681827933919759
2024-12-13 00:00:00,2.480798618691329
2024-12-13 01:00:00,4.569882645413666
2024-12-13 02:00:00,4.014129736673089
2024-12-13 03:00:00,3.9274829547239762
2024-12-13 04:00:00,1.8361021754138573
2024-12-13 05:00:00,2.86907822254866
2024-12-13 06:00:00,3.9000343203020185
2024-12-13 07:00:00,3.965107057890563
2024-12-13 08:00:00,4.220834036805673
2024-12-13 09:00:00,3.010234798314269
2024-12-13 10:00:00,3.2611531437516303
2024-12-13 11:00:00,3.8902029129839413
2024-12-13 12:00:00,2.6191723415400734
2024-12-13 13:00:00,3.7186886416374123
2024-12-13 14:00:00,3.029715449125018
2024-12-13 15:00:00,3.4548519941405713
2024-12-13 16:00:00,1.2999844001871979
2024-12-13 17:00:00,1.864614099465975
2024-12-13 18:00:00,1.461065525866704
2024-12-13 19:00:00,1.3825904214135607
2024-12-13 20:00:00,1.2889521334735712
2024-12-13 21:00:00,2.0357974625820425
2024-12-13 22:00:00,3.4391679964782917
2024-12-13 23:00:00,1.7024174327545114
2024-12-14 00:00:00,3.480730674983292
2024-12-14 01:00:00,4.102799750549775
2024-12-14 02:00:00,3.9729205733718973
2024-12-14 03:00:00,3.47154719915572
2024-12-14 04:00:00,4.275112007934608
2024-12-14 05:00:00,1.2348362113249296
2024-12-14 06:00:00,4.134281461881924
2024-12-14 07:00:00,3.7650602409638547
2024-12-14 08:00:00,2.9841482047364405
2024-12-14 09:00:00,2.6621233095516983
2024-12-14 10:00:00,2.02550516098715
2024-12-14 11:00:00,2.7753724549834584
2024-12-14 12:00:00,3.3663686308305505
2024-12-14 13:00:00,1.9250019250019252
2024-12-14 14:00:00,2.8823760001844723
2024-12-14 15:00:00,3.063950780694659
2024-12-14 16:00:00,3.0672588521090476
2024-12-14 17:00:00,2.8830408007934127
2024-12-14 18:00:00,2.8623769177925347
2024-12-14 19:00:00,2.8557720865413176
2024-12-14 20:00:00,2.2310671640459065
2024-12-14 21:00:00,2.677691615612013
2024-12-14 22:00:00,2.4569541630631346
2024-12-14 23:00:00,3.5254963898916967
2024-12-15 00:00:00,1.4028708348764913
2024-12-15 01:00:00,1.944042675624815
2024-12-15 02:00:00,1.6966867101923364
2024-12-15 03:00:00,1.6684240733572697
2024-12-15 04:00:00,2.5631036109003666
2024-12-15 05:00:00,1.6053425801065946
2024-12-15 06:00:00,2.514888137775632
2024-12-15 07:00:00,2.741468549872796
2024-12-15 08:00:00,1.6775145943769711
2024-12-15 09:00:00,3.1530622540611444
2024-12-15 10:00:00,3.5195404887937825
2024-12-15 11:00:00,3.3599440905303344
2024-12-15 12:00:00,2.35276402717913
2024-12-15 13:00:00,3.125546970719876
2024-12-15 14:00:00,3.3554344616540948
2024-12-15 15:00:00,3.6126123522441547
2024-12-15 16:00:00,3.7586072105120722
2024-12-15 17:00:00,1.7426946241356234
2024-12-15 18:00:00,3.7345762002927905
2024-12-15 19:00:00,2.1553582205362525
2024-12-15 20:00:00,3.848640660118846
2024-12-15 21:00:00,1.921982871288651
2024-12-15 22:00:00,2.8839055001845697
2024-12-15 23:00:00,2.7931088418653496
2024-12-16 00:00:00,1.4315162620247366
2024-12-16 01:00:00,1.644888344979143
2024-12-16 02:00:00,2.499100323883402
2024-12-16 03:00:00,2.0105837126634603
2024-12-16 04:00:00,2.978317846080534
2024-12-16 05:00:00,1.3999798402902999
2024-12-16 06:00:00,1.4153239959691573
2024-12-16 07:00:00,3.5975364070684397
2024-12-16 08:00:00,4.002946168379928
2024-12-16 09:00:00,2.509183612019993
2024-12-16 10:00:00,1.353473011748146
2024-12-16 11:00:00,1.4247449706502537
2024-12-16 12:00:00,1.5331215581421016
2024-12-16 13:00:00,1.3633339513780578
2024-12-16 14:00:00,1.2082314391486317
2024-12-16 15:00:00,1.3472876405221008
2024-12-16 16:00:00,1.3958994059052132
2024-12-16 17:00:00,2.030242492163264
2024-12-16 18:00:00,3.2187459765675293
2024-12-16 19:00:00,2.2213929022053986
2024-12-16 20:00:00,2.427325863642543
2024-12-16 21:00:00,1.448217533859326
2024-12-16 22:00:00,1.2508881305727064
2024-12-16 23:00:00,1.203763446037692
2024-12-17 00:00:00,1.3945756585186262
2024-12-17 01:00:00,1.2349826114448308
2024-12-17 02:00:00,1.144384732992154
2024-12-17 03:00:00,1.460672844339016
2024-12-17 04:00:00,1.4755704555381113
2024-12-17 05:00:00,1.3475636050021562
2024-12-17 06:00:00,1.8963529340372596
2024-12-17 07:00:00,1.3597746037616802
2024-12-17 08:00:00,1.7110162067455104
2024-12-17 09:00:00,1.6002253117238907
2024-12-17 10:00:00,2.7237862808332607
2024-12-17 11:00:00,2.4016292652935753
2024-12-17 12:00:00,1.4081333783936014
2024-12-17 13:00:00,1.7527869312206408
2024-12-17 14:00:00,1.3861320263032417
2024-12-17 15:00:00,1.235141250753436
2024-12-17 16:00:00,2.7462870199490284
2024-12-17 17:00:00,1.4799204394771739
2024-12-17 18:00:00,2.2913496966253
2024-12-17 19:00:00,1.4418363227406428
2024-12-17 20:00:00,1.9881664333884714
2024-12-17 21:00:00,2.1071440612251777
2024-12-17 22:00:00,1.7227834667916258
2024-12-17 23:00:00,2.1726661220516923
2024-12-18 00:00:00,1.7577410917681473
2024-12-18 01:00:00,2.324240902921106
2024-12-18 02:00:00,1.830053876786133
2024-12-18 03:00:00,1.5040488996378247
2024-12-18 04:00:00,1.4392962417096535
2024-12-18 05:00:00,2.6350183397276448
2024-12-18 06:00:00,2.342798238215725
2024-12-18 07:00:00,1.42493986753759
2024-12-18 08:00:00,1.90235587751872
2024-12-18 09:00:00,1.8451546239574876
2024-12-18 10:00:00,3.377648076091656
2024-12-18 11:00:00,1.804246474502389
2024-12-18 12:00:00,1.602625742015718
2024-12-18 13:00:00,1.8659222880685467
2024-12-18 14:00:00,2.1188595450384784
2024-12-18 15:00:00,3.372271832087841
2024-12-18 16:00:00,2.878923973375711
2024-12-18 17:00:00,3.45858004537657
2024-12-18 18:00:00,2.042250069436502
2024-12-18 19:00:00,1.7719939893963879
2024-12-18 20:00:00,3.0573559985324694
2024-12-18 21:00:00,3.3721808568037117
2024-12-18 22:00:00,3.4924981140510187
2024-12-18 23:00:00,3.45915430595528
2024-12-19 00:00:00,1.6912232279363018
2024-12-19 01:00:00,3.6600005856000943
2024-12-19 02:00:00,3.0137184463678666
2024-12-19 03:00:00,2.0772400957192234
2024-12-19 04:00:00,2.4395480005464583
2024-12-19 05:00:00,3.5636902725510327
2024-12-19 06:00:00,2.5807783627542067
2024-12-19 07:00:00,1.958418850956492
2024-12-19 08:00:00,2.5224498032489158
2024-12-19 09:00:00,3.3436764391183393
2024-12-19 10:00:00,3.237503237503237
2024-12-19 11:00:00,2.634074386260668
2024-12-19 12:00:00,3.960333301650667
2024-12-19 13:00:00,3.005891547432969
2024-12-19 14:00:00,2.0254067016656943
2024-12-19 15:00:00,3.771649266791382
2024-12-19 16:00:00,1.9486188189811062
2024-12-19 17:00:00,3.368727429526222
2024-12-19 18:00:00,3.6408120467188994
2024-12-19 19:00:00,3.3156498673740056
2024-12-19 20:00:00,2.9773956125098255
2024-12-19 21:00:00,2.4300155520995332
2024-12-19 22:00:00,2.7671396630730745
2024-12-19 23:00:00,1.7543367203727616
2024-12-20 00:00:00,3.494060097833683
2024-12-20 01:00:00,2.341218557434774
2024-12-20 02:00:00,4.209888185369797
2024-12-20 03:00:00,3.9807649437916
2024-12-20 04:00:00,2.591855353736418
2024-12-20 05:00:00,2.7967334153708463
2024-12-20 06:00:00,3.1902404165177884
2024-12-20 07:00:00,2.8939874516704096
2024-12-20 08:00:00,2.8941884695531375
2024-12-20 09:00:00,2.3263604555944317
2024-12-20 10:00:00,2.7291980524442696
2024-12-20 11:00:00,2.6925148088314486
2024-12-20 12:00:00,2.335750056058001
2024-12-20 13:00:00,2.1716092493181143
2024-12-20 14:00:00,1.4938751120406335
2024-12-20 15:00:00,1.531994166166215
2024-12-20 16:00:00,1.5255623222719892
2024-12-20 17:00:00,1.4288653665896986
2024-12-20 18:00:00,1.2358739606299989
2024-12-20 19:00:00,1.2665923599148852
2024-12-20 20:00:00,1.3875321907468252
2024-12-20 21:00:00,1.843576242939103
2024-12-20 22:00:00,2.3788227681884786
2024-12-20 23:00:00,2.873893550982872
2024-12-21 00:00:00,2.896133083107435
2024-12-21 01:00:00,1.6706986193346607
2024-12-21 02:00:00,3.155370440489713
2024-12-21 03:00:00,3.369998921600345
2024-12-21 04:00:00,3.3834993503681248
2024-12-21 05:00:00,2.7738943257217668
2024-12-21 06:00:00,2.2913496966253
2024-12-21 07:00:00,2.3184212478670525
2024-12-21 08:00:00,1.900880487841969
2024-12-21 09:00:00,1.4885382554331645
2024-12-21 10:00:00,1.5023677315449147
2024-12-21 11:00:00,1.7087007039846898
2024-12-21 12:00:00,2.3277900892009162
2024-12-21 13:00:00,1.7473963793947018
2024-12-21 14:00:00,1.4499982600020884
2024-12-21 15:00:00,2.554095747941399
2024-12-21 16:00:00,1.6889837722439165
2024-12-21 17:00:00,1.2738334233508952
2024-12-21 18:00:00,1.4577089480006065
2024-12-21 19:00:00,1.5328207580718336
2024-12-21 20:00:00,1.2563571672663678
2024-12-21 21:00:00,1.2562435303458186
2024-12-21 22:00:00,3.210808866969767
2024-12-21 23:00:00,3.182038031718555
2024-12-22 00:00:00,2.484101748807631
2024-12-22 01:00:00,1.4863611500868035
2024-12-22 02:00:00,3.0189590629151066
2024-12-22 03:00:00,1.2621672927016439
2024-12-22 04:00:00,1.4340289329677518
2024-12-22 05:00:00,1.301907033422557
2024-12-22 06:00:00,1.3434070953389148
2024-12-22 07:00:00,1.3519213506235064
2024-12-22 08:00:00,1.298930720231106
2024-12-22 09:00:00,1.5190734866989926
2024-12-22 10:00:00,3.999872004095869
2024-12-22 11:00:00,2.99659586709498
2024-12-22 12:00:00,2.817663368122084
2024-12-22 13:00:00,2.815188505022296
2024-12-22 14:00:00,2.3622791269016346
2024-12-22 15:00:00,1.917119106775866
2024-12-22 16:00:00,4.13715496127623
2024-12-22 17:00:00,1.7077202617593619
2024-12-22 18:00:00,1.6701405590294478
2024-12-22 19:00:00,2.1325599249338905
2024-12-22 20:00:00,3.2258064516129026
2024-12-22 21:00:00,2.600212177313669
2024-12-22 22:00:00,2.4229501841442143
2024-12-22 23:00:00,2.4734842488523032
2024-12-23 00:00:00,1.4836443051796988
2024-12-23 01:00:00,3.0802592346171855
2024-12-23 02:00:00,2.5263242991976393
2024-12-23 03:00:00,2.9883573597265056
2024-12-23 04:00:00,2.9156559059526037
2024-12-23 05:00:00,3.1106134129650367
2024-12-23 06:00:00,3.542481437397268
2024-12-23 07:00:00,2.7761737662683785
2024-12-23 08:00:00,2.0005761659357892
2024-12-23 09:00:00,1.9923493783869939
2024-12-23 10:00:00,1.451109227893802
2024-12-23 11:00:00,1.618311518494064
2024-12-23 12:00:00,1.6355904481517825
2024-12-23 13:00:00,2.451412994450001
2024-12-23 14:00:00,1.571516576356847
2024-12-23 15:00:00,1.6622340425531916
2024-12-23 16:00:00,1.7565801492390491
2024-12-23 17:00:00,3.0975096022797666
2024-12-23 18:00:00,3.612821179802884
2024-12-23 19:00:00,2.884371322426564
2024-12-23 20:00:00,3.180985342019544
2024-12-23 21:00:00,3.756912719403703
2024-12-23 22:00:00,1.6536360148694949
2024-12-23 23:00:00,2.779198256886853
2024-12-24 00:00:00,2.9058279284933866
2024-12-24 01:00:00,1.4803586020677655
2024-12-24 02:00:00,3.478115696040513
2024-12-24 03:00:00,3.5437870325744907
2024-12-24 04:00:00,1.6761424586998497
2024-12-24 05:00:00,2.114772957975232
2024-12-24 06:00:00,2.786322500111453
2024-12-24 07:00:00,1.4171532226064283
2024-12-24 08:00:00,2.4336584701049393
2024-12-24 09:00:00,2.560635857096034
2024-12-24 10:00:00,1.4804637996991696
2024-12-24 11:00:00,1.5927016041690556
2024-12-24 12:00:00,2.2317841775428944
2024-12-24 13:00:00,3.746777771116839
2024-12-24 14:00:00,3.936016121922035
2024-12-24 15:00:00,4.11522633744856
2024-12-24 16:00:00,3.3850570043599535
2024-12-24 17:00:00,1.9639574528257422
2024-12-24 18:00:00,2.913752913752914
2024-12-24 19:00:00,2.973429434572659
2024-12-24 20:00:00,3.064176104329069
2024-12-24 21:00:00,2.15275983811246
2024-12-24 22:00:00,3.347526847165314
2024-12-24 23:00:00,2.215801322390229
2024-12-25 00:00:00,2.6147892479866126
2024-12-25 01:00:00,1.8573275285656978
2024-12-25 02:00:00,2.867827563264276
2024-12-25 03:00:00,2.4115910713252173
2024-12-25 04:00:00,2.970391141105461
2024-12-25 05:00:00,4.54264636406585
2024-12-25 06:00:00,2.172288549432598
2024-12-25 07:00:00,3.391117983776891
2024-12-25 08:00:00,2.641980005495318
2024-12-25 09:00:00,1.6419929854059663
2024-12-25 10:00:00,2.48741368674507
2024-12-25 11:00:00,2.2795244000291777
2024-12-25 12:00:00,3.0991223285565526
2024-12-25 13:00:00,1.7016063163626465
2024-12-25 14:00:00,1.4587636686155752
2024-12-25 15:00:00,1.5797389007544833
2024-12-25 16:00:00,1.4519688697874318
2024-12-25 17:00:00,1.997858295906788
2024-12-25 18:00:00,2.363082972569333
2024-12-25 19:00:00,2.400245785168402
2024-12-25 20:00:00,2.524691482700814
2024-12-25 21:00:00,2.8187435168899113
2024-12-25 22:00:00,3.136605440128475
2024-12-25 23:00:00,2.4184498703710866
2024-12-26 00:00:00,2.574241113719676
2024-12-26 01:00:00,2.4044472656625695
2024-12-26 02:00:00,2.8827083621604173
2024-12-26 03:00:00,1.6638492153287097
2024-12-26 04:00:00,2.0178213985923676
2024-12-26 05:00:00,2.795732593768871
2024-12-26 06:00:00,1.4713152381176582
2024-12-26 07:00:00,2.281396579730248
2024-12-26 08:00:00,2.2550558351824788
2024-12-26 09:00:00,2.2071547127167426
2024-12-26 10:00:00,1.2566224000482544
2024-12-26 11:00:00,2.931244723759497
2024-12-26 12:00:00,1.5138853564897234
2024-12-26 13:00:00,2.4001075248171118
2024-12-26 14:00:00,1.934744923229322
2024-12-26 15:00:00,3.1297729036781097
2024-12-26 16:00:00,1.3699530928061026
2024-12-26 17:00:00,3.3702715090727704
2024-12-26 18:00:00,3.302073702285035
2024-12-26 19:00:00,2.4884040371867107
2024-12-26 20:00:00,2.5244875290316062
2024-12-26 21:00:00,3.740611066223778
2024-12-26 22:00:00,3.8680529768535714
2024-12-26 23:00:00,4.264610555764048
2024-12-27 00:00:00,3.753190211679928
2024-12-27 01:00:00,3.205703587823455
2024-12-27 02:00:00,2.243440180911016
2024-12-27 03:00:00,3.487236713628121
2024-12-27 04:00:00,1.708420462776935
2024-12-27 05:00:00,2.8065921235798648
2024-12-27 06:00:00,2.6602536817910956
2024-12-27 07:00:00,3.2685720262531706
2024-12-27 08:00:00,2.6990844705475894
2024-12-27 09:00:00,3.231226573607341
2024-12-27 10:00:00,2.4539636420746787
2024-12-27 11:00:00,2.474071728287547
2024-12-27 12:00:00,2.004232939969215
2024-12-27 13:00:00,2.7002505832541255
2024-12-27 14:00:00,3.3881766188707885
2024-12-27 15:00:00,2.8359461850851915
2024-12-27 16:00:00,3.700852676456655
2024-12-27 17:00:00,1.9619229984461573
2024-12-27 18:00:00,1.8188432157148056
2024-12-27 19:00:00,2.2798570073684976
2024-12-27 20:00:00,2.314600499953708
2024-12-27 21:00:00,1.8181024828007506
2024-12-27 22:00:00,1.5792798483891346
2024-12-27 23:00:00,4.165972337943676
2024-12-28 00:00:00,1.618604892071426
2024-12-28 01:00:00,1.270686780791282
2024-12-28 02:00:00,2.4720656580638782
2024-12-28 03:00:00,3.44096677402483
2024-12-28 04:00:00,1.5150964207362152
2024-12-28 05:00:00,1.832387821217585
2024-12-28 06:00:00,3.0411405493516295
2024-12-28 07:00:00,1.472407091112551
2024-12-28 08:00:00,1.307462998797134
2024-12-28 09:00:00,2.8303595688796306
2024-12-28 10:00:00,1.3709597815238492
2024-12-28 11:00:00,1.3290802764486975
2024-12-28 12:00:00,1.637475929103842
2024-12-28 13:00:00,3.5248004962919097
2024-12-28 14:00:00,2.806403089288521
2024-12-28 15:00:00,3.120397413814623
2024-12-28 16:00:00,3.4707760655282516
2024-12-28 17:00:00,3.7419547971860503
2024-12-28 18:00:00,4.786521156423512
2024-12-28 19:00:00,3.9812720960601338
2024-12-28 20:00:00,1.9952433398777316
2024-12-28 21:00:00,4.699071463478816
2024-12-28 22:00:00,4.695364735932687
2024-12-28 23:00:00,2.6762010790442754
2024-12-29 00:00:00,3.444759831344559
2024-12-29 01:00:00,1.9313669442684758
2024-12-29 02:00:00,2.09432855826422
2024-12-29 03:00:00,3.9358921880411857
2024-12-29 04:00:00,3.194398303135622
2024-12-29 05:00:00,4.541326067211625
2024-12-29 06:00:00,2.516153706797641
2024-12-29 07:00:00,4.810652709359606
2024-12-29 08:00:00,3.7985838879265805
2024-12-29 09:00:00,3.3667313079077785
2024-12-29 10:00:00,2.075170994089913
2024-12-29 11:00:00,2.499450120973386
2024-12-29 12:00:00,4.598123965422108
2024-12-29 13:00:00,3.05526360814411
2024-12-29 14:00:00,3.8744072156959986
2024-12-29 15:00:00,3.992972368631209
2024-12-29 16:00:00,4.1106251438718795
2024-12-29 17:00:00,3.562877665032493
2024-12-29 18:00:00,3.487723214285714
2024-12-29 19:00:00,4.88663017982799
2024-12-29 20:00:00,2.5465509513914357
2024-12-29 21:00:00,3.4850005576000895
2024-12-29 22:00:00,2.3188513338032872
2024-12-29 23:00:00,2.8852368202382044
2024-12-30 00:00:00,3.4530386740331496
2024-12-30 01:00:00,3.363017568403778
2024-12-30 02:00:00,2.0927507115352415
2024-12-30 03:00:00,2.8038221703826656
2024-12-30 04:00:00,1.6039830106119517
2024-12-30 05:00:00,3.0021375219156035
2024-12-30 06:00:00,2.8617216117216113
2024-12-30 07:00:00,3.6613942589338024
2024-12-30 08:00:00,2.5837656834576994
2024-12-30 09:00:00,1.7443483114708345
2024-12-30 10:00:00,4.067024564828372
2024-12-30 11:00:00,2.4146657136785983
2024-12-30 12:00:00,3.346720214190093
2024-12-30 13:00:00,2.5113008538422905
2024-12-30 14:00:00,4.505965898850077
2024-12-30 15:00:00,3.748238327985847
2024-12-30 16:00:00,3.4950370473927017
2024-12-30 17:00:00,2.8630325240494727
2024-12-30 18:00:00,4.00474161407106
2024-12-30 19:00:00,2.0941882088827084
2024-12-30 20:00:00,1.9310387443613677
2024-12-30 21:00:00,2.076515440968819
2024-12-30 22:00:00,4.37062937062937
2024-12-30 23:00:00,2.3054223533751386
2024-12-31 00:00:00,2.2636725823976818
2024-12-31 01:00:00,4.0785695640824855
2024-12-31 02:00:00,2.3180343069077423
2024-12-31 03:00:00,2.9102253678524868
2024-12-31 04:00:00,4.235995797892168
2024-12-31 05:00:00,4.2909615186571015
2024-12-31 06:00:00,2.94860000471776
2024-12-31 07:00:00,3.5876241317949598
2024-12-31 08:00:00,3.568981269986296
2024-12-31 09:00:00,3.6086492104275525
2024-12-31 10:00:00,1.8987726333697896
2024-12-31 11:00:00,1.7348340804685438
2024-12-31 12:00:00,3.351835465100689
2024-12-31 13:00:00,2.364737041241014
2024-12-31 14:00:00,2.306145416305371
2024-12-31 15:00:00,1.878992859827133
2024-12-31 16:00:00,1.2890185928041829
2024-12-31 17:00:00,1.724066590347986
2024-12-31 18:00:00,1.6317046745075516
2024-12-31 19:00:00,3.743972204750352
2024-12-31 20:00:00,1.7072304624545875
2024-12-31 21:00:00,1.601722171678989
2024-12-31 22:00:00,1.4000425612938636
2024-12-31 23:00:00,1.31270806422818
2025-01-01 00:00:00,1.509534218121656
2025-01-01 01:00:00,1.3998857693212237
2025-01-01 02:00:00,1.3052785464418108
2025-01-01 03:00:00,2.558801252789094
2025-01-01 04:00:00,1.3003495339547269
2025-01-01 05:00:00,1.4990346217036223
2025-01-01 06:00:00,1.8344046256347042
2025-01-01 07:00:00,1.5058063894376716
2025-01-01 08:00:00,4.11793773678142
2025-01-01 09:00:00,2.649933221682814
2025-01-01 10:00:00,3.0844396190100185
2025-01-01 11:00:00,2.0245209983317944
2025-01-01 12:00:00,3.864465467136586
2025-01-01 13:00:00,2.2109415073314818
2025-01-01 14:00:00,4.4606216322306675
2025-01-01 15:00:00,2.552166278737392
2025-01-01 16:00:00,3.687206867054069
2025-01-01 17:00:00,1.522663320867796
2025-01-01 18:00:00,3.241953471483777
2025-01-01 19:00:00,3.369544707119174
2025-01-01 20:00:00,3.401823377330249
2025-01-01 21:00:00,3.9003994008986522
2025-01-01 22:00:00,2.8196972773003095
2025-01-01 23:00:00,3.6886213408876296
2025-01-02 00:00:00,1.931963957280413
2025-01-02 01:00:00,2.9915041282756967
2025-01-02 02:00:00,1.7573951186593184
2025-01-02 03:00:00,3.593812891725606
2025-01-02 04:00:00,3.526590492312032
2025-01-02 05:00:00,2.7730328105242137
2025-01-02 06:00:00,2.2892934324750005
2025-01-02 07:00:00,3.9091818864148116
2025-01-02 08:00:00,3.628657686948444
2025-01-02 09:00:00,1.7944300890037328
2025-01-02 10:00:00,3.37227183208784
2025-01-02 11:00:00,4.559880348739649
2025-01-02 12:00:00,2.9245923118317307
2025-01-02 13:00:00,3.86661717396684
2025-01-02 14:00:00,3.645165053073603
2025-01-02 15:00:00,4.239443784975411
2025-01-02 16:00:00,3.5181536729524345
2025-01-02 17:00:00,2.601619247819843
2025-01-02 18:00:00,3.2918992942167913
2025-01-02 19:00:00,3.684598378776713
2025-01-02 20:00:00,4.319579791277905
2025-01-02 21:00:00,3.7955849755564333
2025-01-02 22:00:00,3.963346967246901
2025-01-02 23:00:00,3.5871093637902836
2025-01-03 00:00:00,3.174119499250908
2025-01-03 01:00:00,3.168085969180859
2025-01-03 02:00:00,3.858977525314892
2025-01-03 03:00:00,4.4304246118948045
2025-01-03 04:00:00,3.3676383425831133
2025-01-03 05:00:00,4.28419645611269
2025-01-03 06:00:00,2.9520818080910654
2025-01-03 07:00:00,2.73068857042992
2025-01-03 08:00:00,3.0075549781049995
2025-01-03 09:00:00,3.005891547432969
2025-01-03 10:00:00,3.5243035976091126
2025-01-03 11:00:00,3.3185547030557254
2025-01-03 12:00:00,3.833180006133088
2025-01-03 13:00:00,3.9256328120092956
2025-01-03 14:00:00,4.6299725905622635
2025-01-03 15:00:00,3.7584941968849597
2025-01-03 16:00:00,3.1205532116733647
2025-01-03 17:00:00,4.5380286803412595
2025-01-03 18:00:00,2.254811768313581
2025-01-03 19:00:00,3.435198417060569
2025-01-03 20:00:00,3.758833258156668
2025-01-03 21:00:00,3.4142743984048507
2025-01-03 22:00:00,4.700131603684903
2025-01-03 23:00:00,3.737926497413355
2025-01-04 00:00:00,3.869010771325987
2025-01-04 01:00:00,2.756582719534248
2025-01-04 02:00:00,4.597278411180581
2025-01-04 03:00:00,3.555378576710848
2025-01-04 04:00:00,2.6946624126929373
2025-01-04 05:00:00,3.363741557008692
2025-01-04 06:00:00,4.295975530123381
2025-01-04 07:00:00,4.859842152326892
2025-01-04 08:00:00,3.853030022809938
2025-01-04 09:00:00,3.7154831614303117
2025-01-04 10:00:00,1.6328983292184294
2025-01-04 11:00:00,3.0687648835096852
2025-01-04 12:00:00,3.6281310771195536
2025-01-04 13:00:00,3.499734020214464
2025-01-04 14:00:00,3.8871785303355413
2025-01-04 15:00:00,4.195616419964421
2025-01-04 16:00:00,2.552009963046896
2025-01-04 17:00:00,1.3891821606783654
2025-01-04 18:00:00,2.0418497525278094
2025-01-04 19:00:00,2.1972613334739584
2025-01-04 20:00:00,4.070733057609014
2025-01-04 21:00:00,2.7212365298791763
2025-01-04 22:00:00,3.404603023287484
2025-01-04 23:00:00,2.477553366499515
2025-01-05 00:00:00,2.647239458692475
2025-01-05 01:00:00,2.9682045924061455
2025-01-05 02:00:00,2.2224592845459066
2025-01-05 03:00:00,2.6708260330755094
2025-01-05 04:00:00,1.9984971301581205
2025-01-05 05:00:00,3.024291106164715
2025-01-05 06:00:00,3.3167055826788374
2025-01-05 07:00:00,3.9435908761081486
2025-01-05 08:00:00,1.6063740923986378
2025-01-05 09:00:00,2.54364901713402
2025-01-05 10:00:00,2.7321807173613686
2025-01-05 11:00:00,2.120477022510984
2025-01-05 12:00:00,3.806913354652048
2025-01-05 13:00:00,4.186062087672884
2025-01-05 14:00:00,4.49236298292902
2025-01-05 15:00:00,4.177807486631016
2025-01-05 16:00:00,3.7332377624466146
2025-01-05 17:00:00,4.101049868766403
2025-01-05 18:00:00,4.506128334534967
2025-01-05 19:00:00,4.498830304120928
2025-01-05 20:00:00,3.4933765580459455
2025-01-05 21:00:00,4.472591956490625
2025-01-05 22:00:00,4.030827770791009
2025-01-05 23:00:00,4.2288304746439325
2025-01-06 00:00:00,4.199563245422476
2025-01-06 01:00:00,3.181066293421555
2025-01-06 02:00:00,4.615782282781286
2025-01-06 03:00:00,4.836151197431036
2025-01-06 04:00:00,2.547796665443725
2025-01-06 05:00:00,3.780203828590438
2025-01-06 06:00:00,4.8350288167717475
2025-01-06 07:00:00,3.7930511303292365
2025-01-06 08:00:00,4.467476769120801
2025-01-06 09:00:00,4.319729066592943
2025-01-06 10:00:00,2.1263204449963427
2025-01-06 11:00:00,4.370935030421707
2025-01-06 12:00:00,3.763586547436245
2025-01-06 13:00:00,3.873086695172585
2025-01-06 14:00:00,3.821578158916506
2025-01-06 15:00:00,2.6574824074664622
2025-01-06 16:00:00,2.5630510559770356
2025-01-06 17:00:00,3.775978733687771
2025-01-06 18:00:00,4.157381847207903
2025-01-06 19:00:00,3.1035082056756957
2025-01-06 20:00:00,4.233987060935542
2025-01-06 21:00:00,4.567878677142334
2025-01-06 22:00:00,3.3892790325641933
2025-01-06 23:00:00,2.624341290336126
2025-01-07 00:00:00,4.219694156567532
2025-01-07 01:00:00,3.564909879078257
2025-01-07 02:00:00,3.814697265625
2025-01-07 03:00:00,3.751162860486751
2025-01-07 04:00:00,3.9580760583895374
2025-01-07 05:00:00,3.5539633799613335
2025-01-07 06:00:00,3.729005697920706
2025-01-07 07:00:00,4.418366264889894
2025-01-07 08:00:00,3.920707609309328
2025-01-07 09:00:00,3.6507009345794392
2025-01-07 10:00:00,3.3731818549801664
2025-01-07 11:00:00,4.2131517745795275
2025-01-07 12:00:00,3.228389162943258
2025-01-07 13:00:00,4.244193942686405
2025-01-07 14:00:00,3.2189946435929127
2025-01-07 15:00:00,2.978530750351467
2025-01-07 16:00:00,2.4431718233879955
2025-01-07 17:00:00,2.8671697593871137
2025-01-07 18:00:00,3.1261723146179814
2025-01-07 19:00:00,3.834238213551731
2025-01-07 20:00:00,4.216420427713687
2025-01-07 21:00:00,3.1343246157318023
2025-01-07 22:00:00,3.5425818336403565
2025-01-07 23:00:00,2.0088388911209316
2025-01-08 00:00:00,3.649954740561217
2025-01-08 01:00:00,3.8019344242350503
2025-01-08 02:00:00,3.156565656565656
2025-01-08 03:00:00,3.4508461474753607
2025-01-08 04:00:00,3.6200405444540973
2025-01-08 05:00:00,2.4044472656625695
2025-01-08 06:00:00,4.000256016385048
2025-01-08 07:00:00,2.165064518922664
2025-01-08 08:00:00,2.452038134097062
2025-01-08 09:00:00,3.9133429340679986
2025-01-08 10:00:00,2.0928558273477655
2025-01-08 11:00:00,3.3416205523030453
2025-01-08 12:00:00,3.5120251741964488
2025-01-08 13:00:00,2.244527841123341
2025-01-08 14:00:00,2.6538714676970763
2025-01-08 15:00:00,4.083766212551864
2025-01-08 16:00:00,1.601168212327714
2025-01-08 17:00:00,1.6727331120865003
2025-01-08 18:00:00,3.6602149278205616
2025-01-08 19:00:00,2.674368848951647
2025-01-08 20:00:00,2.975836209975003
2025-01-08 21:00:00,3.8676939261734584
2025-01-08 22:00:00,2.128239180032009
2025-01-08 23:00:00,1.8123821951573151
2025-01-09 00:00:00,2.6429855164393703
2025-01-09 01:00:00,4.003458988566121
2025-01-09 02:00:00,4.357070654257729
2025-01-09 03:00:00,3.672366178976439
2025-01-09 04:00:00,3.4338772594912363
2025-01-09 05:00:00,3.8368274041560517
2025-01-09 06:00:00,3.1750063500127004
2025-01-09 07:00:00,3.1193072642427566
2025-01-09 08:00:00,3.102814873653378
2025-01-09 09:00:00,3.931806743834927
2025-01-09 10:00:00,3.855763595422437
2025-01-09 11:00:00,2.906841542253849
2025-01-09 12:00:00,3.1966039279869065
2025-01-09 13:00:00,3.2482719193389116
2025-01-09 14:00:00,2.4041697920873966
2025-01-09 15:00:00,2.2441248810613814
2025-01-09 16:00:00,4.239875178074758
2025-01-09 17:00:00,4.1827003513468295
2025-01-09 18:00:00,2.011813368097468
2025-01-09 19:00:00,3.362293891384458
2025-01-09 20:00:00,3.3357350625783897
2025-01-09 21:00:00,2.5871882438166196
2025-01-09 22:00:00,3.2611531437516303
2025-01-09 23:00:00,3.600541521444825
2025-01-10 00:00:00,3.6425095433750037
2025-01-10 01:00:00,2.5649970246034512
2025-01-10 02:00:00,2.419807576901485
2025-01-10 03:00:00,3.9751947845444424
2025-01-10 04:00:00,2.1520185934406473
2025-01-10 05:00:00,4.195898090027189
2025-01-10 06:00:00,2.383131243803859
2025-01-10 07:00:00,3.255462666354142
2025-01-10 08:00:00,3.9577001013171227
2025-01-10 09:00:00,3.343318711886167
2025-01-10 10:00:00,2.5996173363280923
2025-01-10 11:00:00,4.063851230534153
2025-01-10 12:00:00,2.908194127774417
2025-01-10 13:00:00,4.073386124417507
2025-01-10 14:00:00,2.1096334300951862
2025-01-10 15:00:00,4.075112473104258
2025-01-10 16:00:00,3.7630200493708226
2025-01-10 17:00:00,1.3979444624623953
2025-01-10 18:00:00,1.569405383688228
2025-01-10 19:00:00,2.035200833618261
2025-01-10 20:00:00,1.8742877706471541
2025-01-10 21:00:00,3.3609378360937834
2025-01-10 22:00:00,4.1307293215690155
2025-01-10 23:00:00,2.5876167015132383
2025-01-11 00:00:00,3.751500600240096
2025-01-11 01:00:00,1.9196805651539586
2025-01-11 02:00:00,1.696502490465656
2025-01-11 03:00:00,4.334107693907979
2025-01-11 04:00:00,3.378834977699689
2025-01-11 05:00:00,3.9392411445859072
2025-01-11 06:00:00,3.489378332356307
2025-01-11 07:00:00,4.244338053037248
2025-01-11 08:00:00,3.113480123542892
2025-01-11 09:00:00,2.253836028921224
2025-01-11 10:00:00,3.549119818285065
2025-01-11 11:00:00,3.2517364272521525
2025-01-11 12:00:00,2.838908950512139
2025-01-11 13:00:00,2.143898464968699
2025-01-11 14:00:00,3.2920726889649727
2025-01-11 15:00:00,3.1852002853939454
2025-01-11 16:00:00,3.696803004761483
2025-01-11 17:00:00,2.439262367060201
2025-01-11 18:00:00,2.0045864938980387
2025-01-11 19:00:00,1.6223863356133268
2025-01-11 20:00:00,4.637186526190829
2025-01-11 21:00:00,2.4849412559887085
2025-01-11 22:00:00,1.4866970349314335
2025-01-11 23:00:00,2.8172188415596118
2025-01-12 00:00:00,3.921199573373486
2025-01-12 01:00:00,2.585261938739633
2025-01-12 02:00:00,4.146899777726172
2025-01-12 03:00:00,1.9968689095498262
2025-01-12 04:00:00,3.962341902558088
2025-01-12 05:00:00,3.908692933083177
2025-01-12 06:00:00,3.6227683746811965
2025-01-12 07:00:00,2.9042750929368024
2025-01-12 08:00:00,2.815315315315315
2025-01-12 09:00:00,2.7453822670268604
2025-01-12 10:00:00,1.7761484575926796
2025-01-12 11:00:00,3.131497858055465
2025-01-12 12:00:00,4.590693745638841
2025-01-12 13:00:00,3.3813027483228733
2025-01-12 14:00:00,3.8446159997539446
2025-01-12 15:00:00,3.7083185000593337
2025-01-12 16:00:00,4.8171413156576355
2025-01-12 17:00:00,3.7916704583371255
2025-01-12 18:00:00,4.0509446802994455
2025-01-12 19:00:00,2.655788556738266
2025-01-12 20:00:00,3.796161321671526
2025-01-12 21:00:00,2.5006001440345687
2025-01-12 22:00:00,3.3781044780152967
2025-01-12 23:00:00,4.028619311589532
2025-01-13 00:00:00,3.880300490469982
2025-01-13 01:00:00,3.7134963310656253
2025-01-13 02:00:00,3.762453721819222
2025-01-13 03:00:00,4.251122296286219
2025-01-13 04:00:00,4.036946130990827
2025-01-13 05:00:00,3.6308711185987743
2025-01-13 06:00:00,3.449037028861542
2025-01-13 07:00:00,4.02615389570651
2025-01-13 08:00:00,2.626988630393207
2025-01-13 09:00:00,3.50464014355006
2025-01-13 10:00:00,2.559744435115598
2025-01-13 11:00:00,3.552953214712069
2025-01-13 12:00:00,3.7027163126869875
2025-01-13 13:00:00,3.1042789380882607
2025-01-13 14:00:00,3.965736040609136
2025-01-13 15:00:00,2.8089256421204016
2025-01-13 16:00:00,3.024583817266744
2025-01-13 17:00:00,2.394039798517611
2025-01-13 18:00:00,2.5344173881308167
2025-01-13 19:00:00,4.242753377231688
2025-01-13 20:00:00,3.798237617745366
2025-01-13 21:00:00,3.9600823697132896
2025-01-13 22:00:00,2.971379671008843
2025-01-13 23:00:00,3.5971223021582737
2025-01-14 00:00:00,3.1760550854994025
2025-01-14 01:00:00,4.111436371410716
2025-01-14 02:00:00,4.298930426109983
2025-01-14 03:00:00,3.954319698839013
2025-01-14 04:00:00,3.908815159948716
2025-01-14 05:00:00,2.5333387377893075
2025-01-14 06:00:00,2.7492467064024457
2025-01-14 07:00:00,4.3390724798667035
2025-01-14 08:00:00,4.592211609110947
2025-01-14 09:00:00,3.5819697968306725
2025-01-14 10:00:00,3.9852069119428672
2025-01-14 11:00:00,2.3711066428923706
2025-01-14 12:00:00,4.212583830418225
2025-01-14 13:00:00,4.308561974355439
2025-01-14 14:00:00,2.2358159834013014
2025-01-14 15:00:00,3.7855844942459105
2025-01-14 16:00:00,2.6367970299118255
2025-01-14 17:00:00,4.250110502873075
2025-01-14 18:00:00,4.180182590375548
2025-01-14 19:00:00,4.106573803344394
2025-01-14 20:00:00,3.5218212041811063
2025-01-14 21:00:00,3.3059162677527705
2025-01-14 22:00:00,3.7331262692629315
2025-01-14 23:00:00,4.295237440725724
2025-01-15 00:00:00,2.983507172351242
2025-01-15 01:00:00,3.793281340090432
2025-01-15 02:00:00,2.8017482909335416
2025-01-15 03:00:00,4.082165833904837
2025-01-15 04:00:00,3.9101601601601597
2025-01-15 05:00:00,3.4153938632203067
2025-01-15 06:00:00,4.658095770449041
2025-01-15 07:00:00,4.404355026249957
2025-01-15 08:00:00,4.312873063519994
2025-01-15 09:00:00,4.434825800042575
2025-01-15 10:00:00,4.129228329809725
2025-01-15 11:00:00,2.5069190967069113
2025-01-15 12:00:00,2.885037043875643
2025-01-15 13:00:00,3.3640131331072713
2025-01-15 14:00:00,3.3630175684037766
2025-01-15 15:00:00,3.9505704623747664
2025-01-15 16:00:00,4.549590536851683
2025-01-15 17:00:00,4.548762736535663
2025-01-15 18:00:00,4.662613301503226
2025-01-15 19:00:00,3.0389225196314396
2025-01-15 20:00:00,3.3321781782315467
2025-01-15 21:00:00,3.36157052574963
2025-01-15 22:00:00,4.207620842870607
2025-01-15 23:00:00,3.4097108565193675
2025-01-16 00:00:00,3.0995834159888913
2025-01-16 01:00:00,4.427443063082208
2025-01-16 02:00:00,3.8294222167759324
2025-01-16 03:00:00,2.811705693141687
2025-01-16 04:00:00,3.4885992576260776
2025-01-16 05:00:00,3.743523703992093
2025-01-16 06:00:00,2.844076357762053
2025-01-16 07:00:00,2.235736004292613
2025-01-16 08:00:00,4.5004500450045
2025-01-16 09:00:00,2.4990003998400643
2025-01-16 10:00:00,2.1162408790018117
2025-01-16 11:00:00,3.3653716716474165
2025-01-16 12:00:00,4.614248800295312
2025-01-16 13:00:00,4.2391562383423205
2025-01-16 14:00:00,4.033168780047108
2025-01-16 15:00:00,4.065437278433669
2025-01-16 16:00:00,4.655666877723566
2025-01-16 17:00:00,3.9819062181447498
2025-01-16 18:00:00,1.5414400749756452
2025-01-16 19:00:00,4.821414795957725
2025-01-16 20:00:00,3.1729914963827897
2025-01-16 21:00:00,3.136133273119574
2025-01-16 22:00:00,4.036555042464559
2025-01-16 23:00:00,3.518946005292495
2025-01-17 00:00:00,3.8241502738091597
2025-01-17 01:00:00,3.327742725554401
2025-01-17 02:00:00,4.745093573245264
2025-01-17 03:00:00,4.060419035244438
2025-01-17 04:00:00,3.4611657206147037
2025-01-17 05:00:00,4.311088118641145
2025-01-17 06:00:00,3.7449817244891848
2025-01-17 07:00:00,3.7018390736517905
2025-01-17 08:00:00,3.501498641418528
2025-01-17 09:00:00,4.022526146419952
2025-01-17 10:00:00,2.8292705008940495
2025-01-17 11:00:00,4.027580873823946
2025-01-17 12:00:00,3.5223174030658244
2025-01-17 13:00:00,3.9050296782255547
2025-01-17 14:00:00,3.93762797290912
2025-01-17 15:00:00,4.502070952638214
2025-01-17 16:00:00,3.677011325194882
2025-01-17 17:00:00,2.8111365987496058
2025-01-17 18:00:00,1.8562794220288388
2025-01-17 19:00:00,3.8103947568968146
2025-01-17 20:00:00,2.968839065171955
2025-01-17 21:00:00,1.9389464540547252
2025-01-17 22:00:00,4.890262509291499
2025-01-17 23:00:00,3.4167942269844738
2025-01-18 00:00:00,2.7606616753903577
2025-01-18 01:00:00,2.7051007379514806
2025-01-18 02:00:00,2.493516856173948
2025-01-18 03:00:00,3.4385057629356592
2025-01-18 04:00:00,4.082965866405357
2025-01-18 05:00:00,3.032287800499721
2025-01-18 06:00:00,2.183329840005589
2025-01-18 07:00:00,4.022655596318466
2025-01-18 08:00:00,2.621919244887258
2025-01-18 09:00:00,3.09145768412722
2025-01-18 10:00:00,1.5790205020021981
2025-01-18 11:00:00,1.6030779095864056
2025-01-18 12:00:00,3.7033745148579387
2025-01-18 13:00:00,3.89323200548167
2025-01-18 14:00:00,4.782492252362551
2025-01-18 15:00:00,4.2596694496507075
2025-01-18 16:00:00,3.1895077951570516
2025-01-18 17:00:00,3.584332167230602
2025-01-18 18:00:00,2.4208385784835866
2025-01-18 19:00:00,4.333807162916479
2025-01-18 20:00:00,2.3851775526170167
2025-01-18 21:00:00,4.051995202437681
2025-01-18 22:00:00,4.468594716333608
2025-01-18 23:00:00,4.011682018036522
2025-01-19 00:00:00,4.324511330219686
2025-01-19 01:00:00,2.4623749113545035
2025-01-19 02:00:00,2.1792569605467316
2025-01-19 03:00:00,4.6923683321446
2025-01-19 04:00:00,4.246212378558326
2025-01-19 05:00:00,2.736846714689203
2025-01-19 06:00:00,3.135189365437672
2025-01-19 07:00:00,2.774879570226652
2025-01-19 08:00:00,3.0628997084119485
2025-01-19 09:00:00,2.864672854360032
2025-01-19 10:00:00,2.717450379356073
2025-01-19 11:00:00,3.8703285134842247
2025-01-19 12:00:00,3.899061106085654
2025-01-19 13:00:00,3.6798257234537366
2025-01-19 14:00:00,3.2991976351351346
2025-01-19 15:00:00,3.524005525640664
2025-01-19 16:00:00,4.75086465736764
2025-01-19 17:00:00,3.4856808231783827
2025-01-19 18:00:00,3.92575610062498
2025-01-19 19:00:00,4.827932486192113
2025-01-19 20:00:00,4.568212549793516
2025-01-19 21:00:00,4.371699366977932
2025-01-19 22:00:00,4.3694071588366885
2025-01-19 23:00:00,3.4465644645417446
2025-01-20 00:00:00,4.232840066370932
2025-01-20 01:00:00,3.549825348592849
2025-01-20 02:00:00,3.9314357603396757
2025-01-20 03:00:00,3.5677588765840844
2025-01-20 04:00:00,3.6572164194388366
2025-01-20 05:00:00,3.9033225081189102
2025-01-20 06:00:00,3.3206705097893363
2025-01-20 07:00:00,3.669994128009396
2025-01-20 08:00:00,3.492888479056641
2025-01-20 09:00:00,3.6517674554484367
2025-01-20 10:00:00,2.7662211206514997
2025-01-20 11:00:00,3.4277566018592154
2025-01-20 12:00:00,4.016322333965234
2025-01-20 13:00:00,4.325858250276855
2025-01-20 14:00:00,3.6427218417601632
2025-01-20 15:00:00,3.466733227944643
2025-01-20 16:00:00,3.5898908673176337
2025-01-20 17:00:00,1.9406020523807306
2025-01-20 18:00:00,3.7789467319668657
2025-01-20 19:00:00,2.87720105880999
2025-01-20 20:00:00,3.1082929255253013
2025-01-20 21:00:00,3.9789909279006848
2025-01-20 22:00:00,3.3044305805223644
2025-01-20 23:00:00,1.8926489514724811
2025-01-21 00:00:00,3.693635127947521
2025-01-21 01:00:00,2.8331822302810514
2025-01-21 02:00:00,3.86458494357706
2025-01-21 03:00:00,3.7165878750037162
2025-01-21 04:00:00,3.536768242650595
2025-01-21 05:00:00,2.5320045373521314
2025-01-21 06:00:00,2.6656430597317295
2025-01-21 07:00:00,2.217491573532021
2025-01-21 08:00:00,3.0524285121242465
2025-01-21 09:00:00,2.1451493882033943
2025-01-21 10:00:00,2.5139271564467145
2025-01-21 11:00:00,3.3839573350659187
2025-01-21 12:00:00,2.895328098580131
2025-01-21 13:00:00,4.280235584166552
2025-01-21 14:00:00,2.651507116645101
2025-01-21 15:00:00,3.75015000600024
2025-01-21 16:00:00,3.4933765580459455
2025-01-21 17:00:00,4.345256717766885
2025-01-21 18:00:00,4.831664798422945
2025-01-21 19:00:00,2.9987525189521156
2025-01-21 20:00:00,4.311088118641146
2025-01-21 21:00:00,3.6001267244607007
2025-01-21 22:00:00,3.4295434591747154
2025-01-21 23:00:00,4.0318678837531845
2025-01-22 00:00:00,4.383503997755646
2025-01-22 01:00:00,3.6642922053176212
2025-01-22 02:00:00,4.453946196329948
2025-01-22 03:00:00,2.8334391150602953
2025-01-22 04:00:00,4.494786048184106
2025-01-22 05:00:00,4.5688804415366056
2025-01-22 06:00:00,3.7660811665813014
2025-01-22 07:00:00,4.839896232624772
2025-01-22 08:00:00,4.188025597212451
2025-01-22 09:00:00,3.457145227756727
2025-01-22 10:00:00,3.535967865124041
2025-01-22 11:00:00,3.8653019573889114
2025-01-22 12:00:00,4.330504070673827
2025-01-22 13:00:00,3.678959295994349
2025-01-22 14:00:00,3.1515518241181955
2025-01-22 15:00:00,4.108463434675431
2025-01-22 16:00:00,3.6866631274700636
2025-01-22 17:00:00,2.589975757826907
2025-01-22 18:00:00,3.0807147258163896
2025-01-22 19:00:00,4.238868730713147
2025-01-22 20:00:00,4.3941364643020355
2025-01-22 21:00:00,3.9474515252952695
2025-01-22 22:00:00,3.2305584989533
2025-01-22 23:00:00,3.58484613840374
2025-01-23 00:00:00,4.770628196320891
2025-01-23 01:00:00,4.6185109920561604
2025-01-23 02:00:00,3.8605268847092256
2025-01-23 03:00:00,4.507590782878366
2025-01-23 04:00:00,4.352519238135033
2025-01-23 05:00:00,4.159318537250857
2025-01-23 06:00:00,3.7283383541623167
2025-01-23 07:00:00,3.2053747724183914
2025-01-23 08:00:00,4.209037645632702
2025-01-23 09:00:00,4.364372752348032
2025-01-23 10:00:00,4.588334618067027
2025-01-23 11:00:00,3.209160226951812
2025-01-23 12:00:00,3.643783704999272
2025-01-23 13:00:00,3.9667428281289676
2025-01-23 14:00:00,3.4240008765442247
2025-01-23 15:00:00,3.9755740728961264
2025-01-23 16:00:00,2.421213706006547
2025-01-23 17:00:00,2.1631162718258428
2025-01-23 18:00:00,2.0078063510930497
2025-01-23 19:00:00,2.5318506815742037
2025-01-23 20:00:00,1.77948608441882
2025-01-23 21:00:00,2.334005526925088
2025-01-23 22:00:00,4.576910402401962
2025-01-23 23:00:00,4.1009153243003835
2025-01-24 00:00:00,3.0404008464475956
2025-01-24 01:00:00,3.088020949134118
2025-01-24 02:00:00,2.52331543461585
2025-01-24 03:00:00,2.2730578993308117
2025-01-24 04:00:00,2.9922202274087373
2025-01-24 05:00:00,2.55388701603841
2025-01-24 06:00:00,2.648361194093095
2025-01-24 07:00:00,1.5689326237574053
2025-01-24 08:00:00,2.0704276675390063
2025-01-24 09:00:00,2.2660116382357742
2025-01-24 10:00:00,1.637132791114953
2025-01-24 11:00:00,1.6583747927031507
2025-01-24 12:00:00,1.4144591673927558
2025-01-24 13:00:00,3.1884501581471274
2025-01-24 14:00:00,3.752964842225358
2025-01-24 15:00:00,3.3343113980100827
2025-01-24 16:00:00,3.6046947544481935
2025-01-24 17:00:00,1.5952219910922798
2025-01-24 18:00:00,1.9870602635636736
2025-01-24 19:00:00,4.007309332221973
2025-01-24 20:00:00,3.941104139735789
2025-01-24 21:00:00,4.329454142421723
2025-01-24 22:00:00,2.340473337327741
2025-01-24 23:00:00,1.6350128185004966
2025-01-25 00:00:00,1.7341842397336298
2025-01-25 01:00:00,2.2710755813953485
2025-01-25 02:00:00,2.00076829502529
2025-01-25 03:00:00,2.12177278359615
2025-01-25 04:00:00,2.1200094976425494
2025-01-25 05:00:00,1.5094613034500246
2025-01-25 06:00:00,1.5944894444798776
2025-01-25 07:00:00,1.8974755984638036
2025-01-25 08:00:00,2.563313852148057
2025-01-25 09:00:00,2.4875126863147003
2025-01-25 10:00:00,1.7172452638375624
2025-01-25 11:00:00,1.5102637524617297
2025-01-25 12:00:00,2.918446919287432
2025-01-25 13:00:00,1.299457346612055
2025-01-25 14:00:00,1.9518745803469653
2025-01-25 15:00:00,3.0299357653617744
2025-01-25 16:00:00,1.3518628670307686
2025-01-25 17:00:00,1.9673576026567199
2025-01-25 18:00:00,1.3420801168146534
2025-01-25 19:00:00,2.173270511327086
2025-01-25 20:00:00,1.2780140683788646
2025-01-25 21:00:00,1.2677484787018256
2025-01-25 22:00:00,1.2338245600181619
2025-01-25 23:00:00,3.5386705922319095
2025-01-26 00:00:00,1.1163206072784104
2025-01-26 01:00:00,1.394326763265625
2025-01-26 02:00:00,1.2820907309968512
2025-01-26 03:00:00,1.3559836848043043
2025-01-26 04:00:00,1.641216863831519
2025-01-26 05:00:00,2.268314370225198
2025-01-26 06:00:00,1.4008427469965932
2025-01-26 07:00:00,1.7071838295547663
2025-01-26 08:00:00,1.4201801924628197
2025-01-26 09:00:00,1.4188905411080968
2025-01-26 10:00:00,1.8265240516687125
2025-01-26 11:00:00,1.414395148058884
2025-01-26 12:00:00,2.522653427781478
2025-01-26 13:00:00,3.1285195845326
2025-01-26 14:00:00,2.723192889198727
2025-01-26 15:00:00,4.207195988017905
2025-01-26 16:00:00,4.733414116934262
2025-01-26 17:00:00,4.111977367676569
2025-01-26 18:00:00,4.104955502282355
2025-01-26 19:00:00,2.213486329508429
2025-01-26 20:00:00,3.663969984757885
2025-01-26 21:00:00,3.0238521457254826
2025-01-26 22:00:00,3.467694953810303
2025-01-26 23:00:00,3.2305584989532994
2025-01-27 00:00:00,2.2301118624110186
2025-01-27 01:00:00,2.7698989540861545
2025-01-27 02:00:00,3.2690849177498236
2025-01-27 03:00:00,2.6565787516205126
2025-01-27 04:00:00,4.427129449265096
2025-01-27 05:00:00,3.2589425383251642
2025-01-27 06:00:00,2.036892191370095
2025-01-27 07:00:00,1.9577440523735692
2025-01-27 08:00:00,1.3226673438723466
2025-01-27 09:00:00,2.5375558262281763
2025-01-27 10:00:00,1.5819380639609197
2025-01-27 11:00:00,1.3883335554667022
2025-01-27 12:00:00,1.3706140350877192
2025-01-27 13:00:00,2.826583452049838
2025-01-27 14:00:00,1.844337882700111
2025-01-27 15:00:00,3.37618841832325
2025-01-27 16:00:00,2.0278052658047137
2025-01-27 17:00:00,2.8645415587689342
2025-01-27 18:00:00,3.2866195146320303
2025-01-27 19:00:00,3.9182496395210333
2025-01-27 20:00:00,3.6124035488252453
2025-01-27 21:00:00,3.075711719691937
2025-01-27 22:00:00,2.8177268833686484
2025-01-27 23:00:00,4.086436300630946
2025-01-28 00:00:00,3.055412969616974
2025-01-28 01:00:00,4.535394216465295
2025-01-28 02:00:00,4.208754208754209
2025-01-28 03:00:00,4.51720150332466
2025-01-28 04:00:00,4.55025299406647
2025-01-28 05:00:00,2.4933676420720885
2025-01-28 06:00:00,3.3540839325963296
2025-01-28 07:00:00,2.514989336445214
2025-01-28 08:00:00,3.8017031630170326
2025-01-28 09:00:00,3.701948705798732
2025-01-28 10:00:00,2.8050176155106255
2025-01-28 11:00:00,1.9244684618108479
2025-01-28 12:00:00,4.144012730407108
2025-01-28 13:00:00,4.673945557882143
2025-01-28 14:00:00,4.117395171118943
2025-01-28 15:00:00,4.257928262424635
2025-01-28 16:00:00,4.761723362919507
2025-01-28 17:00:00,4.834280852380401
2025-01-28 18:00:00,2.5740820823294417
2025-01-28 19:00:00,3.0011284242875322
2025-01-28 20:00:00,2.9732172589315446
2025-01-28 21:00:00,3.847219229940599
2025-01-28 22:00:00,2.9532674951566413
2025-01-28 23:00:00,4.554397726444655
2025-01-29 00:00:00,4.16847300496882
2025-01-29 01:00:00,2.999184221891645
2025-01-29 02:00:00,3.0647771294071493
2025-01-29 03:00:00,4.25531914893617
2025-01-29 04:00:00,4.294794708812918
2025-01-29 05:00:00,2.5120578778135054
2025-01-29 06:00:00,3.1796097982855542
2025-01-29 07:00:00,4.031087748718114
2025-01-29 08:00:00,4.05449237755433
2025-01-29 09:00:00,1.500618254720945
2025-01-29 10:00:00,3.43321706171551
2025-01-29 11:00:00,3.4271927179009123
2025-01-29 12:00:00,4.312873063519994
2025-01-29 13:00:00,3.1428355919845123
2025-01-29 14:00:00,3.4668293765254043
2025-01-29 15:00:00,2.286278669934521
2025-01-29 16:00:00,3.7592854350245104
2025-01-29 17:00:00,2.560898158202045
2025-01-29 18:00:00,2.1156319815855396
2025-01-29 19:00:00,2.5990768079178275
2025-01-29 20:00:00,2.134635745756344
2025-01-29 21:00:00,1.6498383158450471
2025-01-29 22:00:00,3.608440864871106
2025-01-29 23:00:00,2.2190268235962436
2025-01-30 00:00:00,3.4269108454874435
2025-01-30 01:00:00,1.592336403357919
2025-01-30 02:00:00,1.899032253163788
2025-01-30 03:00:00,1.6486850088369513
2025-01-30 04:00:00,2.4408341794891824
2025-01-30 05:00:00,2.1777762291369034
2025-01-30 06:00:00,3.7492501499700057
2025-01-30 07:00:00,4.715735466103293
2025-01-30 08:00:00,3.2713093088377696
2025-01-30 09:00:00,1.583701807953984
2025-01-30 10:00:00,3.0607247796278156
2025-01-30 11:00:00,2.7458044108602055
2025-01-30 12:00:00,1.3694878115584772
2025-01-30 13:00:00,1.261428542595919
2025-01-30 14:00:00,1.5229044834307988
2025-01-30 15:00:00,1.9999680005119913
2025-01-30 16:00:00,3.5730619711868283
2025-01-30 17:00:00,2.5069190967069113
2025-01-30 18:00:00,3.575208077110087
2025-01-30 19:00:00,1.2563824227073532
2025-01-30 20:00:00,1.5485821182125643
2025-01-30 21:00:00,1.340108924053347
2025-01-30 22:00:00,1.8310457468469394
2025-01-30 23:00:00,2.2662581358667078
2025-01-31 00:00:00,2.1120929996789615
2025-01-31 01:00:00,1.9559978718743156
2025-01-31 02:00:00,1.5623242385231662
2025-01-31 03:00:00,1.7966739970965748
2025-01-31 04:00:00,1.3359410903416804
2025-01-31 05:00:00,2.212585184529604
2025-01-31 06:00:00,1.277504675667113
2025-01-31 07:00:00,1.6396238047142466
2025-01-31 08:00:00,1.6373901311222017
2025-01-31 09:00:00,1.6506226148503218
2025-01-31 10:00:00,2.850432125510227
2025-01-31 11:00:00,3.6637552025323874
2025-01-31 12:00:00,3.336180207110068
2025-01-31 13:00:00,1.6888012213410433
2025-01-31 14:00:00,3.181714052994629
2025-01-31 15:00:00,1.6987619422964542
2025-01-31 16:00:00,1.4710555117507915
2025-01-31 17:00:00,2.60481787113445
2025-01-31 18:00:00,2.080316873866227
2025-01-31 19:00:00,2.278901022770779
2025-01-31 20:00:00,2.9234295336545206
2025-01-31 21:00:00,2.109277445918126
2025-01-31 22:00:00,3.391117983776892
2025-01-31 23:00:00,2.027410591192928
2025-02-01 00:00:00,4.0336893736487145
2025-02-01 01:00:00,3.3855154108661507
2025-02-01 02:00:00,4.477558476913708
2025-02-01 03:00:00,1.230642001319248
2025-02-01 04:00:00,3.6687015731392347
2025-02-01 05:00:00,1.1209857500291458
2025-02-01 06:00:00,1.3187462415732119
2025-02-01 07:00:00,1.5761534290794001
2025-02-01 08:00:00,3.284201676256535
2025-02-01 09:00:00,1.5548810826947952
2025-02-01 10:00:00,3.0707249367430665
2025-02-01 11:00:00,1.5360983102918584
2025-02-01 12:00:00,2.732598810772997
2025-02-01 13:00:00,2.068543249102252
2025-02-01 14:00:00,2.9817990983039526
2025-02-01 15:00:00,2.3038077334217992
2025-02-01 16:00:00,1.5139586992066851
2025-02-01 17:00:00,1.3129976261002918
2025-02-01 18:00:00,1.2453176058021838
2025-02-01 19:00:00,1.4015966989594544
2025-02-01 20:00:00,1.481797598302453
2025-02-01 21:00:00,1.3127907831584695
2025-02-01 22:00:00,1.415901136119072
2025-02-01 23:00:00,1.482324759566924
2025-02-02 00:00:00,1.4536404972613413
2025-02-02 01:00:00,1.3417055761283745
2025-02-02 02:00:00,1.520015564959385
2025-02-02 03:00:00,3.6178402940580585
2025-02-02 04:00:00,1.4399760387987142
2025-02-02 05:00:00,2.178877093900887
2025-02-02 06:00:00,1.2554360380447336
2025-02-02 07:00:00,2.9694738092410025
2025-02-02 08:00:00,1.503831763332972
2025-02-02 09:00:00,2.274257227589469
2025-02-02 10:00:00,1.2397104036497073
2025-02-02 11:00:00,2.0608698519471096
2025-02-02 12:00:00,3.3664592927742314
2025-02-02 13:00:00,3.84343387756357
2025-02-02 14:00:00,3.585874523078689
2025-02-02 15:00:00,3.5963978479155276
2025-02-02 16:00:00,3.166160081053698
2025-02-02 17:00:00,1.9767533802482797
2025-02-02 18:00:00,1.2757054651222128
2025-02-02 19:00:00,1.4631348542132432
2025-02-02 20:00:00,1.2030683054061078
2025-02-02 21:00:00,1.4228151250939058
2025-02-02 22:00:00,1.2147952341153374
2025-02-02 23:00:00,1.279531589075871
2025-02-03 00:00:00,1.252605419272086
2025-02-03 01:00:00,1.5742478243895066
2025-02-03 02:00:00,2.13982470556012
2025-02-03 03:00:00,1.3638992242141212
2025-02-03 04:00:00,1.8859953529074502
2025-02-03 05:00:00,1.3051286334781154
2025-02-03 06:00:00,1.2782100968371968
2025-02-03 07:00:00,1.8982247801855707
2025-02-03 08:00:00,1.44180306123626
2025-02-03 09:00:00,3.279806884970613
2025-02-03 10:00:00,1.8153037366212115
2025-02-03 11:00:00,3.197094480536088
2025-02-03 12:00:00,3.304867408719562
2025-02-03 13:00:00,3.3848736765143923
2025-02-03 14:00:00,3.804364366801595
2025-02-03 15:00:00,3.881625935471851
2025-02-03 16:00:00,3.008785654110001
2025-02-03 17:00:00,2.471821237888076
2025-02-03 18:00:00,4.082432476566838
2025-02-03 19:00:00,1.9773475069602633
2025-02-03 20:00:00,2.564733883212278
2025-02-03 21:00:00,3.070272394566846
2025-02-03 22:00:00,3.428414701042238
2025-02-03 23:00:00,2.4658236837433183
2025-02-04 00:00:00,3.4798585785473675
2025-02-04 01:00:00,2.889171385646596
2025-02-04 02:00:00,3.2717374234413445
2025-02-04 03:00:00,2.6234049697783757
2025-02-04 04:00:00,3.346451422911144
2025-02-04 05:00:00,4.451725488799458
2025-02-04 06:00:00,3.526590492312033
2025-02-04 07:00:00,3.407015726784595
2025-02-04 08:00:00,3.5139009923256395
2025-02-04 09:00:00,3.789946031168516
2025-02-04 10:00:00,2.4423602969910125
2025-02-04 11:00:00,1.8051844898548635
2025-02-04 12:00:00,3.0548156113297
2025-02-04 13:00:00,3.2847194849559855
2025-02-04 14:00:00,3.2733652813784784
2025-02-04 15:00:00,3.7569127194037018
2025-02-04 16:00:00,4.742933029785619
2025-02-04 17:00:00,3.362203453655388
2025-02-04 18:00:00,3.444190339734935
2025-02-04 19:00:00,3.5613550243596683
2025-02-04 20:00:00,3.5936062557497706
2025-02-04 21:00:00,3.3334222245926552
2025-02-04 22:00:00,3.25681978062062
2025-02-04 23:00:00,4.051207259763409
2025-02-05 00:00:00,3.4763745585004315
2025-02-05 01:00:00,2.2668335056126794
2025-02-05 02:00:00,3.5581110699951606
2025-02-05 03:00:00,2.272438053338666
2025-02-05 04:00:00,2.230191439633178
2025-02-05 05:00:00,4.070070330815317
2025-02-05 06:00:00,3.801587542957939
2025-02-05 07:00:00,3.9135879774577327
2025-02-05 08:00:00,3.4924981140510183
2025-02-05 09:00:00,2.463782398738544
2025-02-05 10:00:00,1.5345331336394215
2025-02-05 11:00:00,2.15610176800345
2025-02-05 12:00:00,3.1197743779169893
2025-02-05 13:00:00,3.058852318610057
2025-02-05 14:00:00,3.847929813760197
2025-02-05 15:00:00,2.932895354293759
2025-02-05 16:00:00,1.8205916194526575
2025-02-05 17:00:00,3.7887972841901068
2025-02-05 18:00:00,3.039144176999757
2025-02-05 19:00:00,4.551909981428207
2025-02-05 20:00:00,4.404199844972166
2025-02-05 21:00:00,1.8987437911078027
2025-02-05 22:00:00,3.522615189516697
2025-02-05 23:00:00,2.8317060462587498
2025-02-06 00:00:00,2.779507248954905
2025-02-06 01:00:00,2.809493841589499
2025-02-06 02:00:00,3.3181142493098323
2025-02-06 03:00:00,4.178505766337958
2025-02-06 04:00:00,3.2733652813784797
2025-02-06 05:00:00,1.6685131545577103
2025-02-06 06:00:00,3.2148552029216604
2025-02-06 07:00:00,1.96007714863657
2025-02-06 08:00:00,1.673158521730983
2025-02-06 09:00:00,3.3698172211139266
2025-02-06 10:00:00,2.839166874872237
2025-02-06 11:00:00,3.7631333353403376
2025-02-06 12:00:00,4.495594317568783
2025-02-06 13:00:00,4.1595953545639075
2025-02-06 14:00:00,4.532105434900838
2025-02-06 15:00:00,2.8330538053578715
2025-02-06 16:00:00,2.071937676114702
2025-02-06 17:00:00,1.7429862234368898
2025-02-06 18:00:00,2.872044666038646
2025-02-06 19:00:00,1.5566819013935416
2025-02-06 20:00:00,2.5073716727177904
2025-02-06 21:00:00,3.7886824477919547
2025-02-06 22:00:00,3.45752772937239
2025-02-06 23:00:00,2.787938263895084
2025-02-07 00:00:00,2.0610057708161578
2025-02-07 01:00:00,2.8633604398121637
2025-02-07 02:00:00,2.7027611407814223
2025-02-07 03:00:00,2.0015051318591577
2025-02-07 04:00:00,4.097420264201659
2025-02-07 05:00:00,2.829718839136143
2025-02-07 06:00:00,3.7340184012426816
2025-02-07 07:00:00,3.817260123373848
2025-02-07 08:00:00,2.479174930583102
2025-02-07 09:00:00,3.8289530110886476
2025-02-07 10:00:00,2.6438240270727578
2025-02-07 11:00:00,1.6642479596320017
2025-02-07 12:00:00,3.4310496267018
2025-02-07 13:00:00,2.6911815363417144
2025-02-07 14:00:00,1.9284766577185353
2025-02-07 15:00:00,4.190693308300926
2025-02-07 16:00:00,2.37904914163907
2025-02-07 17:00:00,1.9682559677520939
2025-02-07 18:00:00,4.374912501749965
2025-02-07 19:00:00,3.122268015486449
2025-02-07 20:00:00,3.779175232797195
2025-02-07 21:00:00,3.860765358124594
2025-02-07 22:00:00,2.2778213094739144
2025-02-07 23:00:00,2.4336584701049397
2025-02-08 00:00:00,3.152346606814112
2025-02-08 01:00:00,3.5208292256992366
2025-02-08 02:00:00,3.765854246377248
2025-02-08 03:00:00,2.5759917568263786
2025-02-08 04:00:00,3.223976065201692
2025-02-08 05:00:00,1.6991314040262615
2025-02-08 06:00:00,3.3206705097893363
2025-02-08 07:00:00,2.873761408832793
2025-02-08 08:00:00,3.33912114331508
2025-02-08 09:00:00,2.0484079773200268
2025-02-08 10:00:00,3.4653877075767237
2025-02-08 11:00:00,2.7089112343966715
2025-02-08 12:00:00,3.4932789313361097
2025-02-08 13:00:00,3.8956586779692706
2025-02-08 14:00:00,3.569185083661698
2025-02-08 15:00:00,3.799045679725253
2025-02-08 16:00:00,3.0712530712530715
2025-02-08 17:00:00,1.2727698526641615
2025-02-08 18:00:00,1.5914849190889067
2025-02-08 19:00:00,2.3798644429213316
2025-02-08 20:00:00,2.220209232518073
2025-02-08 21:00:00,2.4859296382475184
2025-02-08 22:00:00,1.5512919159075673
2025-02-08 23:00:00,1.6431369456055944
2025-02-09 00:00:00,1.9878186473291666
2025-02-09 01:00:00,1.4223132502702396
2025-02-09 02:00:00,1.5491002825558913
2025-02-09 03:00:00,1.7891136015572444
2025-02-09 04:00:00,1.6732257114555726
2025-02-09 05:00:00,1.8451818611242325
2025-02-09 06:00:00,2.1616200044961693
2025-02-09 07:00:00,1.7294814322873429
2025-02-09 08:00:00,2.2702094041154353
2025-02-09 09:00:00,3.0596010280259454
2025-02-09 10:00:00,3.6080242459229326
2025-02-09 11:00:00,2.571540249747989
2025-02-09 12:00:00,2.0802130138126147
2025-02-09 13:00:00,4.0145164916337475
2025-02-09 14:00:00,2.981514609421586
2025-02-09 15:00:00,3.7444208129886465
2025-02-09 16:00:00,3.938620537542931
2025-02-09 17:00:00,3.3537239751019534
2025-02-09 18:00:00,2.9429075927015886
2025-02-09 19:00:00,2.5862247325843626
2025-02-09 20:00:00,3.599608362610148
2025-02-09 21:00:00,4.569214460649925
2025-02-09 22:00:00,3.773357080327225
2025-02-09 23:00:00,2.6480245736680437
2025-02-10 00:00:00,2.674254417868297
2025-02-10 01:00:00,3.58155926764276
2025-02-10 02:00:00,3.8696096337801444
2025-02-10 03:00:00,3.72867199618184
2025-02-10 04:00:00,2.3515247286340464
2025-02-10 05:00:00,3.8626742066067186
2025-02-10 06:00:00,3.674417237426144
2025-02-10 07:00:00,2.9390327055559475
2025-02-10 08:00:00,3.3610282057487018
2025-02-10 09:00:00,3.59505320678746
2025-02-10 10:00:00,3.0682376043200787
2025-02-10 11:00:00,3.282476825713611
2025-02-10 12:00:00,2.8473155508986125
2025-02-10 13:00:00,3.0109598940142117
2025-02-10 14:00:00,4.216135995682678
2025-02-10 15:00:00,3.59743287190261
2025-02-10 16:00:00,3.12632868969312
2025-02-10 17:00:00,3.5947430477669458
2025-02-10 18:00:00,2.3744847368121116
2025-02-10 19:00:00,4.109544004997206
2025-02-10 20:00:00,3.6785262352491093
2025-02-10 21:00:00,3.110071656050955
2025-02-10 22:00:00,2.226417782844115
2025-02-10 23:00:00,4.643732818188572
2025-02-11 00:00:00,3.377009320545725
2025-02-11 01:00:00,2.7301517964398823
2025-02-11 02:00:00,3.9643525419428496
2025-02-11 03:00:00,4.4660402300903925
2025-02-11 04:00:00,4.0747139550803535
2025-02-11 05:00:00,3.7584941968849606
2025-02-11 06:00:00,3.7563482285061762
2025-02-11 07:00:00,3.8083051518752096
2025-02-11 08:00:00,2.0089034601353193
2025-02-11 09:00:00,2.248403633420271
2025-02-11 10:00:00,2.7811769941039053
2025-02-11 11:00:00,1.966429122028725
2025-02-11 12:00:00,1.5980567629762206
2025-02-11 13:00:00,1.3035362330931353
2025-02-11 14:00:00,1.6286008364493894
2025-02-11 15:00:00,1.5997542777429388
2025-02-11 16:00:00,3.172025274697389
2025-02-11 17:00:00,2.53719528284653
2025-02-11 18:00:00,3.714931050879695
2025-02-11 19:00:00,2.01229917254258
2025-02-11 20:00:00,2.5249974750025257
2025-02-11 21:00:00,2.9040052039773254
2025-02-11 22:00:00,2.667349508140751
2025-02-11 23:00:00,4.474513172966781
2025-02-12 00:00:00,2.6739111833661333
2025-02-12 01:00:00,2.9883573597265056
2025-02-12 02:00:00,3.592263700893755
2025-02-12 03:00:00,3.6176308858854513
2025-02-12 04:00:00,3.976079903301737
2025-02-12 05:00:00,3.2224800206238724
2025-02-12 06:00:00,3.1425195464715787
2025-02-12 07:00:00,3.858262855731835
2025-02-12 08:00:00,2.959070141798641
2025-02-12 09:00:00,2.817028373109774
2025-02-12 10:00:00,3.172991496382789
2025-02-12 11:00:00,3.3425141054095246
2025-02-12 12:00:00,1.797810985344245
2025-02-12 13:00:00,2.1614331166136393
2025-02-12 14:00:00,2.966091640367321
2025-02-12 15:00:00,4.040730564085987
2025-02-12 16:00:00,3.427380658605467
2025-02-12 17:00:00,3.8241502738091597
2025-02-12 18:00:00,3.8049433824424703
2025-02-12 19:00:00,3.350577639585064
2025-02-12 20:00:00,2.3301332836238235
2025-02-12 21:00:00,2.399462520395432
2025-02-12 22:00:00,3.233232456480691
2025-02-12 23:00:00,1.9526978473458934
2025-02-13 00:00:00,2.0517365898496487
2025-02-13 01:00:00,2.9143643188547714
2025-02-13 02:00:00,2.874290050357562
2025-02-13 03:00:00,2.7403266469363152
2025-02-13 04:00:00,2.8130977832789466
2025-02-13 05:00:00,3.592676687839508
2025-02-13 06:00:00,2.5370407956159937
2025-02-13 07:00:00,4.371393600279768
2025-02-13 08:00:00,3.804017041996348
2025-02-13 09:00:00,2.1665280088740984
2025-02-13 10:00:00,3.618154451777237
2025-02-13 11:00:00,2.4795191716422353
2025-02-13 12:00:00,2.615062761506276
2025-02-13 13:00:00,2.935030172110169
2025-02-13 14:00:00,4.048451872004146
2025-02-13 15:00:00,4.196461543626414
2025-02-13 16:00:00,3.715593603234052
2025-02-13 17:00:00,1.602214901880359
2025-02-13 18:00:00,2.3091275192581233
2025-02-13 19:00:00,4.217131675719442
2025-02-13 20:00:00,3.6970216793351276
2025-02-13 21:00:00,3.486458594817728
2025-02-13 22:00:00,3.653795562830668
2025-02-13 23:00:00,3.3579583613163195
2025-02-14 00:00:00,3.340459647247462
2025-02-14 01:00:00,4.292140232805687
2025-02-14 02:00:00,2.693559161333419
2025-02-14 03:00:00,4.092456783656365
2025-02-14 04:00:00,3.3256178998057844
2025-02-14 05:00:00,3.4071085913650228
2025-02-14 06:00:00,2.921379826119473
2025-02-14 07:00:00,2.512411311880691
2025-02-14 08:00:00,3.6716111029519753
2025-02-14 09:00:00,2.1299435990934956
2025-02-14 10:00:00,3.256141082080804
2025-02-14 11:00:00,3.416700833675003
2025-02-14 12:00:00,2.419620216410832
2025-02-14 13:00:00,3.1013521895546465
2025-02-14 14:00:00,3.3671847641623787
2025-02-14 15:00:00,2.0711823966065745
2025-02-14 16:00:00,2.210628702803077
2025-02-14 17:00:00,3.2129546330805807
2025-02-14 18:00:00,2.0865675129784496
2025-02-14 19:00:00,2.401398574529806
2025-02-14 20:00:00,2.422856256783997
2025-02-14 21:00:00,4.832038347056322
2025-02-14 22:00:00,4.188867665292718
2025-02-14 23:00:00,4.027451106743563
2025-02-15 00:00:00,4.19730700782378
2025-02-15 01:00:00,4.436399772856332
2025-02-15 02:00:00,3.206608178133498
2025-02-15 03:00:00,2.150796655081042
2025-02-15 04:00:00,1.7403895688010802
2025-02-15 05:00:00,3.527784833347444
2025-02-15 06:00:00,2.101511407003917
2025-02-15 07:00:00,2.7486421707676407
2025-02-15 08:00:00,3.002714453866295
2025-02-15 09:00:00,3.3333333333333335
2025-02-15 10:00:00,3.1106134129650367
2025-02-15 11:00:00,1.8295181780926177
2025-02-15 12:00:00,3.3612993438743675
2025-02-15 13:00:00,2.178117757758456
2025-02-15 14:00:00,1.8369116372026044
2025-02-15 15:00:00,2.9383418349357084
2025-02-15 16:00:00,3.318378507526083
2025-02-15 17:00:00,4.02628357920505
2025-02-15 18:00:00,2.096154813609914
2025-02-15 19:00:00,2.1925977898614275
2025-02-15 20:00:00,3.486847610812017
2025-02-15 21:00:00,1.9333982955160627
2025-02-15 22:00:00,1.7742576505989893
2025-02-15 23:00:00,1.6075929831781468
2025-02-16 00:00:00,1.562597662353897
2025-02-16 01:00:00,3.188694165965154
2025-02-16 02:00:00,1.710992786454412
2025-02-16 03:00:00,4.509867590287549
2025-02-16 04:00:00,1.598547240268044
2025-02-16 05:00:00,2.350861355600692
2025-02-16 06:00:00,4.244914592318403
2025-02-16 07:00:00,4.337416287865644
2025-02-16 08:00:00,1.8836364732297588
2025-02-16 09:00:00,2.202449123425249
2025-02-16 10:00:00,2.948460903408421
2025-02-16 11:00:00,1.4305333028152896
2025-02-16 12:00:00,2.8444646717487765
2025-02-16 13:00:00,3.6222434727172614
2025-02-16 14:00:00,3.749137698329384
2025-02-16 15:00:00,3.7682382732424937
2025-02-16 16:00:00,4.592549048423837
2025-02-16 17:00:00,4.44555089266662
2025-02-16 18:00:00,3.006253006253006
2025-02-16 19:00:00,3.9224300238483747
2025-02-16 20:00:00,2.5523226135783568
2025-02-16 21:00:00,3.9423471157788503
2025-02-16 22:00:00,1.803855922419765
2025-02-16 23:00:00,2.8314494756155573
2025-02-17 00:00:00,3.9149362648376087
2025-02-17 01:00:00,2.7089699412695314
2025-02-17 02:00:00,3.758833258156668
2025-02-17 03:00:00,3.0354541039339478
2025-02-17 04:00:00,3.240104720184557
2025-02-17 05:00:00,4.004998237800775
2025-02-17 06:00:00,3.2374193882572326
2025-02-17 07:00:00,4.006025061692785
2025-02-17 08:00:00,3.371635108162054
2025-02-17 09:00:00,2.9244554663921574
2025-02-17 10:00:00,2.5514369693011107
2025-02-17 11:00:00,1.4733095246514152
2025-02-17 12:00:00,1.494357306809487
2025-02-17 13:00:00,2.80690723732962
2025-02-17 14:00:00,1.7456637711923584
2025-02-17 15:00:00,2.8517977733162985
2025-02-17 16:00:00,3.9727943046020853
2025-02-17 17:00:00,2.733853859108107
2025-02-17 18:00:00,2.255055835182479
2025-02-17 19:00:00,3.078135388706937
2025-02-17 20:00:00,2.470599861646408
2025-02-17 21:00:00,3.142045597365709
2025-02-17 22:00:00,2.2507517510848625
2025-02-17 23:00:00,2.951315106011239
2025-02-18 00:00:00,2.168482409270696
2025-02-18 01:00:00,2.5031539740072493
2025-02-18 02:00:00,3.856239395341663
2025-02-18 03:00:00,3.926495994974086
2025-02-18 04:00:00,3.0051688904916456
2025-02-18 05:00:00,2.5470698508435903
2025-02-18 06:00:00,3.450084182054042
2025-02-18 07:00:00,3.472222222222222
2025-02-18 08:00:00,3.240188708590388
2025-02-18 09:00:00,1.679904312650351
2025-02-18 10:00:00,3.3526445660336877
2025-02-18 11:00:00,2.6092220343582353
2025-02-18 12:00:00,3.0908461500420357
2025-02-18 13:00:00,2.070873577309852
2025-02-18 14:00:00,2.4820793868271083
2025-02-18 15:00:00,2.342798238215725
2025-02-18 16:00:00,3.0059638322431708
2025-02-18 17:00:00,3.673553354688923
2025-02-18 18:00:00,2.791985883719372
2025-02-18 19:00:00,3.052652144182866
2025-02-18 20:00:00,4.423839184597962
2025-02-18 21:00:00,2.096998775352715
2025-02-18 22:00:00,2.5219408857056393
2025-02-18 23:00:00,3.83059573424859
2025-02-19 00:00:00,3.6962564314861908
2025-02-19 01:00:00,2.9929366694600743
2025-02-19 02:00:00,3.7419547971860494
2025-02-19 03:00:00,3.6852501547805065
2025-02-19 04:00:00,4.363763309478093
2025-02-19 05:00:00,3.7506000960153623
2025-02-19 06:00:00,4.1637520402385
2025-02-19 07:00:00,3.7537537537537533
2025-02-19 08:00:00,4.1828403158881
2025-02-19 09:00:00,3.7017294479981047
2025-02-19 10:00:00,2.73546918767507
2025-02-19 11:00:00,4.944815855057557
2025-02-19 12:00:00,3.0871057765923293
2025-02-19 13:00:00,3.653795562830668
2025-02-19 14:00:00,4.256188498076202
2025-02-19 15:00:00,2.7803727923840027
2025-02-19 16:00:00,3.210808866969767
2025-02-19 17:00:00,3.2784305497272346
2025-02-19 18:00:00,3.1593580184506513
2025-02-19 19:00:00,3.0736697157470245
2025-02-19 20:00:00,2.1708172692855405
2025-02-19 21:00:00,2.114129147921388
2025-02-19 22:00:00,2.372141569408862
2025-02-19 23:00:00,2.8916443046173774
2025-02-20 00:00:00,2.6504389126839407
2025-02-20 01:00:00,2.650382715264084
2025-02-20 02:00:00,3.7937418434550367
2025-02-20 03:00:00,3.344929087503345
2025-02-20 04:00:00,4.056992632501379
2025-02-20 05:00:00,2.764691571008338
2025-02-20 06:00:00,2.1076414648951234
2025-02-20 07:00:00,2.0473679038228454
2025-02-20 08:00:00,2.2454955359548743
2025-02-20 09:00:00,2.5173698519786525
2025-02-20 10:00:00,3.9157947497023997
2025-02-20 11:00:00,2.3315240706545053
2025-02-20 12:00:00,1.539010846948449
2025-02-20 13:00:00,3.0415845438839817
2025-02-20 14:00:00,1.2782885250595681
2025-02-20 15:00:00,2.5936300446104372
2025-02-20 16:00:00,1.250300072017284
2025-02-20 17:00:00,3.088326127239036
2025-02-20 18:00:00,2.8079160770042906
2025-02-20 19:00:00,1.8365337995680473
2025-02-20 20:00:00,2.774879570226652
2025-02-20 21:00:00,3.5092644581695676
2025-02-20 22:00:00,1.438021282714984
2025-02-20 23:00:00,3.622873373329856
2025-02-21 00:00:00,2.351303562695158
2025-02-21 01:00:00,2.598266436633479
2025-02-21 02:00:00,2.686843066870151
2025-02-21 03:00:00,3.056234718826406
2025-02-21 04:00:00,2.567631411375633
2025-02-21 05:00:00,3.0821580037479044
2025-02-21 06:00:00,3.2372517027943957
2025-02-21 07:00:00,3.904175906549646
2025-02-21 08:00:00,2.903060987505225
2025-02-21 09:00:00,4.288606031495523
2025-02-21 10:00:00,2.6253885575065112
2025-02-21 11:00:00,2.2625662931923904
2025-02-21 12:00:00,2.2423535743115974
2025-02-21 13:00:00,3.754994142209138
2025-02-21 14:00:00,3.2392650755396617
2025-02-21 15:00:00,3.0793486561722463
2025-02-21 16:00:00,1.8308580132993526
2025-02-21 17:00:00,2.079313327566704
2025-02-21 18:00:00,1.4932326695416371
2025-02-21 19:00:00,1.9872498052495196
2025-02-21 20:00:00,1.9202703740686693
2025-02-21 21:00:00,2.1295081687933353
2025-02-21 22:00:00,2.072865363248926
2025-02-21 23:00:00,1.790035943921754
2025-02-22 00:00:00,2.7258057481791615
2025-02-22 01:00:00,3.500910236661532
2025-02-22 02:00:00,2.343369202504593
2025-02-22 03:00:00,2.465920972164684
2025-02-22 04:00:00,1.7889855736203342
2025-02-22 05:00:00,3.093140651291696
2025-02-22 06:00:00,2.4086170684239936
2025-02-22 07:00:00,3.028174132125294
2025-02-22 08:00:00,2.2480801395608148
2025-02-22 09:00:00,1.6018863814027398
2025-02-22 10:00:00,1.5785419323878918
2025-02-22 11:00:00,2.1398613369853634
2025-02-22 12:00:00,1.627392266631949
2025-02-22 13:00:00,2.674540513939705
2025-02-22 14:00:00,2.8495224200424007
2025-02-22 15:00:00,3.5038542396636303
2025-02-22 16:00:00,1.487563965250506
2025-02-22 17:00:00,1.2291052114060963
2025-02-22 18:00:00,1.6103889411370635
2025-02-22 19:00:00,2.230907890275027
2025-02-22 20:00:00,1.5504260570804855
2025-02-22 21:00:00,1.3738226340026598
2025-02-22 22:00:00,1.5520431095494105
2025-02-22 23:00:00,2.5605834033226125
2025-02-23 00:00:00,1.2544281313035013
2025-02-23 01:00:00,1.8799536779413757
2025-02-23 02:00:00,1.9308895994562614
2025-02-23 03:00:00,1.5035242608674733
2025-02-23 04:00:00,1.3813375768023695
2025-02-23 05:00:00,1.3987109479903321
2025-02-23 06:00:00,2.8418779129248604
2025-02-23 07:00:00,1.9033697257624904
2025-02-23 08:00:00,2.1951005356045306
2025-02-23 09:00:00,2.0754810965181725
2025-02-23 10:00:00,1.4664476771468795
2025-02-23 11:00:00,2.7445383686463933
2025-02-23 12:00:00,3.7665350890408895
2025-02-23 13:00:00,4.126365827088766
2025-02-23 14:00:00,3.0196883681604056
2025-02-23 15:00:00,3.621928604543347
2025-02-23 16:00:00,2.34543578196829
2025-02-23 17:00:00,3.8236823590590685
2025-02-23 18:00:00,2.632687447346252
2025-02-23 19:00:00,2.3511708830997837
2025-02-23 20:00:00,4.089377433179573
2025-02-23 21:00:00,2.706096293730516
2025-02-23 22:00:00,2.611893518325044
2025-02-23 23:00:00,3.475794566637933
2025-02-24 00:00:00,2.3125450946293453
2025-02-24 01:00:00,2.738225629791895
2025-02-24 02:00:00,2.528675176501527
2025-02-24 03:00:00,2.6443833298074897
2025-02-24 04:00:00,2.4126150817393985
2025-02-24 05:00:00,3.817143555134822
2025-02-24 06:00:00,3.5856687989443787
2025-02-24 07:00:00,4.196461543626413
2025-02-24 08:00:00,3.885366156906627
2025-02-24 09:00:00,3.5098556747346548
2025-02-24 10:00:00,3.3415312232677503
2025-02-24 11:00:00,3.251736427252153
2025-02-24 12:00:00,3.379474424137558
2025-02-24 13:00:00,4.333356444567705
2025-02-24 14:00:00,3.8660192373117246
2025-02-24 15:00:00,4.69060752748696
2025-02-24 16:00:00,3.973173134992531
2025-02-24 17:00:00,3.1259377813344003
2025-02-24 18:00:00,3.594329585645685
2025-02-24 19:00:00,3.0512363609734656
2025-02-24 20:00:00,3.6308711185987743
2025-02-24 21:00:00,3.3872584884697723
2025-02-24 22:00:00,3.6552913998303946
2025-02-24 23:00:00,2.7588337857820737
2025-02-25 00:00:00,2.737326179787584
2025-02-25 01:00:00,2.6067734401067733
2025-02-25 02:00:00,2.9861442904921165
2025-02-25 03:00:00,2.853099607413494
2025-02-25 04:00:00,3.026561100215492
2025-02-25 05:00:00,2.6786670952534024
2025-02-25 06:00:00,2.8934515404736
2025-02-25 07:00:00,2.74562347617897
2025-02-25 08:00:00,4.349490239743902
2025-02-25 09:00:00,2.7092047942088033
2025-02-25 10:00:00,3.0272207691562527
2025-02-25 11:00:00,2.7348108604808887
2025-02-25 12:00:00,2.9382727657373886
2025-02-25 13:00:00,1.5626758010276154
2025-02-25 14:00:00,3.332000533120085
2025-02-25 15:00:00,4.444444444444444
2025-02-25 16:00:00,4.191395902491366
2025-02-25 17:00:00,3.445614421963724
2025-02-25 18:00:00,4.237719090076957
2025-02-25 19:00:00,3.2754238398448763
2025-02-25 20:00:00,3.5685737124586048
2025-02-25 21:00:00,3.6222434727172623
2025-02-25 22:00:00,3.302858954711198
2025-02-25 23:00:00,2.9353058588704943
2025-02-26 00:00:00,4.6174873480846665
2025-02-26 01:00:00,2.432521844046159
2025-02-26 02:00:00,4.090046462927819
2025-02-26 03:00:00,4.65168204822864
2025-02-26 04:00:00,2.643712194915613
2025-02-26 05:00:00,4.245779694983186
2025-02-26 06:00:00,2.5716989672056947
2025-02-26 07:00:00,3.8734467478541106
2025-02-26 08:00:00,3.3033826638477803
2025-02-26 09:00:00,3.050640634533252
2025-02-26 10:00:00,1.5907557998956459
2025-02-26 11:00:00,2.4013063106329837
2025-02-26 12:00:00,2.3984496421513137
2025-02-26 13:00:00,3.6144926698088655
2025-02-26 14:00:00,2.7837783667015565
2025-02-26 15:00:00,1.9970603271983638
2025-02-26 16:00:00,2.866446523573656
2025-02-26 17:00:00,2.0478374836173
2025-02-26 18:00:00,4.0974202642016575
2025-02-26 19:00:00,4.668011053850176
2025-02-26 20:00:00,3.7432994939059085
2025-02-26 21:00:00,1.9192089788272868
2025-02-26 22:00:00,2.381678225744989
2025-02-26 23:00:00,2.668944165688054
2025-02-27 00:00:00,4.133734581170012
2025-02-27 01:00:00,4.309750379258033
2025-02-27 02:00:00,2.0571052415041553
2025-02-27 03:00:00,2.2643696900530768
2025-02-27 04:00:00,3.8524362807039174
2025-02-27 05:00:00,2.8821766197832606
2025-02-27 06:00:00,2.6225793592514113
2025-02-27 07:00:00,3.6746332715994936
2025-02-27 08:00:00,2.0427506863642306
2025-02-27 09:00:00,2.871384926377691
2025-02-27 10:00:00,1.5930669725355249
2025-02-27 11:00:00,3.6743092298647846
2025-02-27 12:00:00,1.8234865061998542
2025-02-27 13:00:00,3.741730774987279
2025-02-27 14:00:00,2.3332648908965337
2025-02-27 15:00:00,3.299633080801415
2025-02-27 16:00:00,2.6588956011231177
2025-02-27 17:00:00,3.4414404493144652
2025-02-27 18:00:00,3.658715059271185
2025-02-27 19:00:00,3.8481667333682235
2025-02-27 20:00:00,2.828374250480824
2025-02-27 21:00:00,4.1974479516454
2025-02-27 22:00:00,4.391666373888909
2025-02-27 23:00:00,2.060258438818565
2025-02-28 00:00:00,4.65168204822864
2025-02-28 01:00:00,3.897966820506424
2025-02-28 02:00:00,2.879189220315559
2025-02-28 03:00:00,2.74399613645344
2025-02-28 04:00:00,3.228722717293039
2025-02-28 05:00:00,4.0253759701156095
2025-02-28 06:00:00,2.4369321947986124
2025-02-28 07:00:00,4.2978957502406825
2025-02-28 08:00:00,2.43674217318414
2025-02-28 09:00:00,3.7017294479981047
2025-02-28 10:00:00,2.7871301478293824
2025-02-28 11:00:00,1.4791849099472227
2025-02-28 12:00:00,2.940830490530525
2025-02-28 13:00:00,2.949852507374631
2025-02-28 14:00:00,2.984504452880643
2025-02-28 15:00:00,3.6167934955585777
2025-02-28 16:00:00,3.39840139198521
2025-02-28 17:00:00,4.167222296306174
2025-02-28 18:00:00,3.866856400420713
2025-02-28 19:00:00,2.5676841543075475
2025-02-28 20:00:00,3.1930927018673203
2025-02-28 21:00:00,2.345743882299955
2025-02-28 22:00:00,2.029583204793063
2025-02-28 23:00:00,2.611838943563384
2025-03-01 00:00:00,3.106747856343979
2025-03-01 01:00:00,3.7410588693023676
2025-03-01 02:00:00,4.184380544304221
2025-03-01 03:00:00,2.3263604555944317
2025-03-01 04:00:00,3.9223069440522136
2025-03-01 05:00:00,2.130451826223305
2025-03-01 06:00:00,4.21017177500842
2025-03-01 07:00:00,2.9687685548034675
2025-03-01 08:00:00,1.5487739905091127
2025-03-01 09:00:00,2.773155851358846
2025-03-01 10:00:00,3.1796097982855542
2025-03-01 11:00:00,3.660107753572265
2025-03-01 12:00:00,3.342067269129993
2025-03-01 13:00:00,4.23685726875233
2025-03-01 14:00:00,1.6627425941444856
2025-03-01 15:00:00,2.1873414177472132
2025-03-01 16:00:00,2.9098866308168634
2025-03-01 17:00:00,3.225723207143042
2025-03-01 18:00:00,2.7641413471319263
2025-03-01 19:00:00,3.819592984171606
2025-03-01 20:00:00,2.4922739507526663
2025-03-01 21:00:00,4.675868776418659
2025-03-01 22:00:00,3.5802256974279656
2025-03-01 23:00:00,4.401253476990246
2025-03-02 00:00:00,3.344660583843952
2025-03-02 01:00:00,1.856555124834767
2025-03-02 02:00:00,4.084566872528837
2025-03-02 03:00:00,1.7610098334789104
2025-03-02 04:00:00,3.077074563670827
2025-03-02 05:00:00,1.832387821217585
2025-03-02 06:00:00,4.238437542384375
2025-03-02 07:00:00,4.20069227408677
2025-03-02 08:00:00,1.8015940504158083
2025-03-02 09:00:00,2.5612654700434394
2025-03-02 10:00:00,3.4478003034064266
2025-03-02 11:00:00,4.361175075012211
2025-03-02 12:00:00,2.5081766558982284
2025-03-02 13:00:00,2.089846688846906
2025-03-02 14:00:00,4.581943477145266
2025-03-02 15:00:00,2.9936534546760867
2025-03-02 16:00:00,3.9906777767135964
2025-03-02 17:00:00,3.2693414238635765
2025-03-02 18:00:00,4.476275738585497
2025-03-02 19:00:00,4.247510958578274
2025-03-02 20:00:00,3.3370708526883437
2025-03-02 21:00:00,2.364379208594991
2025-03-02 22:00:00,2.1778900601097657
2025-03-02 23:00:00,2.8945235614217895
2025-03-03 00:00:00,2.372321648858439
2025-03-03 01:00:00,1.8908166815410912
2025-03-03 02:00:00,3.6247643903146294
2025-03-03 03:00:00,1.9753476611883691
2025-03-03 04:00:00,2.8359461850851915
2025-03-03 05:00:00,2.849002849002849
2025-03-03 06:00:00,2.810567734682406
2025-03-03 07:00:00,1.4546216238232113
2025-03-03 08:00:00,2.0347370305861667
2025-03-03 09:00:00,3.055861141669723
2025-03-03 10:00:00,2.3342234505424737
2025-03-03 11:00:00,2.425300737291425
2025-03-03 12:00:00,2.441596999765606
2025-03-03 13:00:00,3.981018503774006
2025-03-03 14:00:00,4.168334000266773
2025-03-03 15:00:00,3.107906514172053
2025-03-03 16:00:00,3.0107423286285466
2025-03-03 17:00:00,3.6453776611256927
2025-03-03 18:00:00,4.280382152518577
2025-03-03 19:00:00,2.7835304072861695
2025-03-03 20:00:00,3.8973591494403395
2025-03-03 21:00:00,3.085886390006665
2025-03-03 22:00:00,3.0092926958447683
2025-03-03 23:00:00,3.3414418990082604
2025-03-04 00:00:00,4.271459814106069
2025-03-04 01:00:00,2.5893319523562925
2025-03-04 02:00:00,3.2694269348468605
2025-03-04 03:00:00,1.6326423990700467
2025-03-04 04:00:00,3.17936717875674
2025-03-04 05:00:00,3.0622243998040175
2025-03-04 06:00:00,3.865899672171708
2025-03-04 07:00:00,3.1081383494542107
2025-03-04 08:00:00,3.1520286456363316
2025-03-04 09:00:00,4.44586712192346
2025-03-04 10:00:00,4.432152607878594
2025-03-04 11:00:00,2.6755709668443246
2025-03-04 12:00:00,3.2216494845360826
2025-03-04 13:00:00,3.6493153884331293
2025-03-04 14:00:00,3.5361679255424474
2025-03-04 15:00:00,4.267085409981566
2025-03-04 16:00:00,2.3401228096450506
2025-03-04 17:00:00,1.4920028646455
2025-03-04 18:00:00,1.3496296616208514
2025-03-04 19:00:00,1.752148133611808
2025-03-04 20:00:00,3.9548201347802707
2025-03-04 21:00:00,2.6076979242724523
2025-03-04 22:00:00,2.808294578868145
2025-03-04 23:00:00,2.9009050823857048
2025-03-05 00:00:00,1.9593090692498198
2025-03-05 01:00:00,3.933167615871118
2025-03-05 02:00:00,4.298486932599725
2025-03-05 03:00:00,3.743747940938633
2025-03-05 04:00:00,4.562543344161769
2025-03-05 05:00:00,1.6339228526985867
2025-03-05 06:00:00,3.0024259601758225
2025-03-05 07:00:00,3.2890409156689913
2025-03-05 08:00:00,3.6376335011494922
2025-03-05 09:00:00,1.8591507399419944
2025-03-05 10:00:00,2.6612164952843242
2025-03-05 11:00:00,3.027587376171676
2025-03-05 12:00:00,3.6600005856000934
2025-03-05 13:00:00,3.165999696064029
2025-03-05 14:00:00,3.733683801786195
2025-03-05 15:00:00,3.472222222222222
2025-03-05 16:00:00,2.745382267026861
2025-03-05 17:00:00,2.684189052803368
2025-03-05 18:00:00,4.286253128964784
2025-03-05 19:00:00,4.636842495734105
2025-03-05 20:00:00,2.629696638195817
2025-03-05 21:00:00,2.6907760198041117
2025-03-05 22:00:00,2.6372977192649323
2025-03-05 23:00:00,1.8459175687050515
2025-03-06 00:00:00,1.9208310283360999
2025-03-06 01:00:00,2.6684883547168203
2025-03-06 02:00:00,3.313628290432892
2025-03-06 03:00:00,3.58402385526278
2025-03-06 04:00:00,1.5172296600191775
2025-03-06 05:00:00,3.200532568619418
2025-03-06 06:00:00,2.9950162928886335
2025-03-06 07:00:00,1.6069936363052
2025-03-06 08:00:00,3.840009830425166
2025-03-06 09:00:00,1.6478373782248177
2025-03-06 10:00:00,1.3818109461535915
2025-03-06 11:00:00,3.3397456449716794
2025-03-06 12:00:00,2.3204871166555288
2025-03-06 13:00:00,2.355512842256016
2025-03-06 14:00:00,3.130556738210324
2025-03-06 15:00:00,2.1766764762219863
2025-03-06 16:00:00,2.5859037216326364
2025-03-06 17:00:00,1.7050182095944784
2025-03-06 18:00:00,2.7686106004562663
2025-03-06 19:00:00,3.4744420046140596
2025-03-06 20:00:00,3.0246570038957588
2025-03-06 21:00:00,3.513110929990725
2025-03-06 22:00:00,3.4642352354294275
2025-03-06 23:00:00,2.4297321463281887
2025-03-07 00:00:00,2.681712863640264
2025-03-07 01:00:00,1.8833242933767256
2025-03-07 02:00:00,3.9805114161067414
2025-03-07 03:00:00,4.366507143605686
2025-03-07 04:00:00,2.1907532686038764
2025-03-07 05:00:00,3.663325713615849
2025-03-07 06:00:00,3.985461038132891
2025-03-07 07:00:00,3.212706898324252
2025-03-07 08:00:00,3.442672615604947
2025-03-07 09:00:00,4.455533772945999
2025-03-07 10:00:00,3.203649597621611
2025-03-07 11:00:00,4.1136012110441955
2025-03-07 12:00:00,3.7569127194037026
2025-03-07 13:00:00,2.860280994004851
2025-03-07 14:00:00,3.3017248210465144
2025-03-07 15:00:00,3.407015726784595
2025-03-07 16:00:00,3.3036445807014294
2025-03-07 17:00:00,1.5663571544929387
2025-03-07 18:00:00,3.3948940793047253
2025-03-07 19:00:00,1.2401777918882448
2025-03-07 20:00:00,1.7399535084422544
2025-03-07 21:00:00,1.2944380585500224
2025-03-07 22:00:00,1.3605738356209116
2025-03-07 23:00:00,1.7507738420381809
2025-03-08 00:00:00,1.6257413380501506
2025-03-08 01:00:00,1.2346288705615092
2025-03-08 02:00:00,1.2906290009499028
2025-03-08 03:00:00,1.386931774052171
2025-03-08 04:00:00,2.515039938834229
2025-03-08 05:00:00,2.03149631892867
2025-03-08 06:00:00,1.669226146758363
2025-03-08 07:00:00,2.1633034509016653
2025-03-08 08:00:00,2.6157741645217314
2025-03-08 09:00:00,1.4885382554331645
2025-03-08 10:00:00,2.067687828762365
2025-03-08 11:00:00,1.3070801919839388
2025-03-08 12:00:00,2.3278767901372515
2025-03-08 13:00:00,1.6989466530750934
2025-03-08 14:00:00,2.6242311002876164
2025-03-08 15:00:00,3.9924622313072913
2025-03-08 16:00:00,4.463488662738796
2025-03-08 17:00:00,4.217843163719801
2025-03-08 18:00:00,4.14524954402255
2025-03-08 19:00:00,2.1187877144213165
2025-03-08 20:00:00,2.749488595121307
2025-03-08 21:00:00,1.7419903284696963
2025-03-08 22:00:00,4.1232352553107265
2025-03-08 23:00:00,2.8256889029545396
2025-03-09 00:00:00,2.70007560211686
2025-03-09 01:00:00,3.8794574966636657
2025-03-09 02:00:00,1.505661286437003
2025-03-09 03:00:00,1.9543464665415884
2025-03-09 04:00:00,4.340579206889367
2025-03-09 05:00:00,1.8743720853514076
2025-03-09 06:00:00,2.145517584662124
2025-03-09 07:00:00,1.6446502815641282
2025-03-09 08:00:00,1.5847458701522625
2025-03-09 09:00:00,3.8364741268184894
2025-03-09 10:00:00,1.954102051025513
2025-03-09 11:00:00,4.5080784766301205
2025-03-09 12:00:00,4.449190247374977
2025-03-09 13:00:00,3.945208938265371
2025-03-09 14:00:00,2.45893577259762
2025-03-09 15:00:00,4.20592193808883
2025-03-09 16:00:00,4.543306800421619
2025-03-09 17:00:00,3.739939562576668
2025-03-09 18:00:00,1.8827286009067223
2025-03-09 19:00:00,2.963911414615639
2025-03-09 20:00:00,4.400323863836379
2025-03-09 21:00:00,2.3702973300970873
2025-03-09 22:00:00,3.7491376983293847
2025-03-09 23:00:00,2.659404718847733
2025-03-10 00:00:00,3.5694908478254668
2025-03-10 01:00:00,3.8151629837626664
2025-03-10 02:00:00,4.609994468006638
2025-03-10 03:00:00,3.8441430636282563
2025-03-10 04:00:00,3.8204101592346955
2025-03-10 05:00:00,4.191114836546522
2025-03-10 06:00:00,3.4033052900977423
2025-03-10 07:00:00,3.4552339884456975
2025-03-10 08:00:00,2.0900214018191545
2025-03-10 09:00:00,1.6933080465998371
2025-03-10 10:00:00,4.072059158875461
2025-03-10 11:00:00,2.170025866708331
2025-03-10 12:00:00,4.4901038112001155
2025-03-10 13:00:00,3.023632713287051
2025-03-10 14:00:00,3.1394414305806713
2025-03-10 15:00:00,3.7206810334563647
2025-03-10 16:00:00,2.967147740220281
2025-03-10 17:00:00,4.292287617608681
2025-03-10 18:00:00,3.6412362725392518
2025-03-10 19:00:00,3.3187309172972257
2025-03-10 20:00:00,2.0109071604382165
2025-03-10 21:00:00,3.2327307523211006
2025-03-10 22:00:00,3.3293381275802374
2025-03-10 23:00:00,2.3868171316186437
2025-03-11 00:00:00,2.7842744180866466
2025-03-11 01:00:00,2.8934515404736
2025-03-11 02:00:00,3.2751663784520253
2025-03-11 03:00:00,2.6724819874714045
2025-03-11 04:00:00,1.6844772056544532
2025-03-11 05:00:00,2.52632429919764
2025-03-11 06:00:00,3.5995047081521583
2025-03-11 07:00:00,3.2524979184013323
2025-03-11 08:00:00,2.787938263895084
2025-03-11 09:00:00,3.5796105383734242
2025-03-11 10:00:00,3.4179153450727338
2025-03-11 11:00:00,2.365587328021801
2025-03-11 12:00:00,4.49252443933295
2025-03-11 13:00:00,2.4879582819155286
2025-03-11 14:00:00,2.5466028318223493
2025-03-11 15:00:00,3.6886213408876296
2025-03-11 16:00:00,1.9164430816404752
2025-03-11 17:00:00,3.032214244129633
2025-03-11 18:00:00,1.6669333760068277
2025-03-11 19:00:00,2.9356505401596995
2025-03-11 20:00:00,2.8981475041153693
2025-03-11 21:00:00,3.163195586709517
2025-03-11 22:00:00,3.944213050612142
2025-03-11 23:00:00,3.269683494637719
2025-03-12 00:00:00,3.5802256974279656
2025-03-12 01:00:00,2.9297332770824545
2025-03-12 02:00:00,3.233817974853831
2025-03-12 03:00:00,2.723370879539859
2025-03-12 04:00:00,2.109953918606417
2025-03-12 05:00:00,3.5752080771100876
2025-03-12 06:00:00,3.3698172211139275
2025-03-12 07:00:00,3.1966039279869065
2025-03-12 08:00:00,3.295457541325037
2025-03-12 09:00:00,3.9208305887519215
2025-03-12 10:00:00,3.3116091771313507
2025-03-12 11:00:00,3.0698953779655187
2025-03-12 12:00:00,2.8245396000451923
2025-03-12 13:00:00,4.442706852431049
2025-03-12 14:00:00,2.226060940644311
2025-03-12 15:00:00,3.147425406017877
2025-03-12 16:00:00,3.270453415661547
2025-03-12 17:00:00,3.5097571248069634
2025-03-12 18:00:00,3.0704986489805948
2025-03-12 19:00:00,4.229832160259881
2025-03-12 20:00:00,3.643783704999271
2025-03-12 21:00:00,3.0965120887831947
2025-03-12 22:00:00,3.6514474337627436
2025-03-12 23:00:00,4.294942275975811
2025-03-13 00:00:00,3.102429823037402
2025-03-13 01:00:00,4.620047309284447
2025-03-13 02:00:00,2.409081272765818
2025-03-13 03:00:00,3.879216708562207
2025-03-13 04:00:00,3.562979220705185
2025-03-13 05:00:00,3.4458993797381114
2025-03-13 06:00:00,4.654453380994936
2025-03-13 07:00:00,2.5460841226194115
2025-03-13 08:00:00,3.928840834800101
2025-03-13 09:00:00,3.88790395322074
2025-03-13 10:00:00,3.903932040351042
2025-03-13 11:00:00,2.892179546506247
2025-03-13 12:00:00,3.5973293426959816
2025-03-13 13:00:00,3.7250052150073008
2025-03-13 14:00:00,4.475955168833029
2025-03-13 15:00:00,2.743333699111159
2025-03-13 16:00:00,4.338470081910316
2025-03-13 17:00:00,2.6629172791376416
2025-03-13 18:00:00,2.2588048211930105
2025-03-13 19:00:00,3.282132072994617
2025-03-13 20:00:00,3.065603923973023
2025-03-13 21:00:00,3.9916972696790682
2025-03-13 22:00:00,3.964855520664827
2025-03-13 23:00:00,3.5953634193344266
2025-03-14 00:00:00,3.869010771325988
2025-03-14 01:00:00,2.9711677877873117
2025-03-14 02:00:00,3.1896705708234454
2025-03-14 03:00:00,2.520008870431224
2025-03-14 04:00:00,2.7836543814719965
2025-03-14 05:00:00,4.198716872123879
2025-03-14 06:00:00,3.137471449009814
2025-03-14 07:00:00,2.923361163731612
2025-03-14 08:00:00,2.018310109311675
2025-03-14 09:00:00,1.427478387977206
2025-03-14 10:00:00,3.4820881386149645
2025-03-14 11:00:00,1.5247249396208922
2025-03-14 12:00:00,3.4175415573053365
2025-03-14 13:00:00,4.453628816759895
2025-03-14 14:00:00,3.2575836547482537
2025-03-14 15:00:00,1.3937049136460438
2025-03-14 16:00:00,1.350489957756674
2025-03-14 17:00:00,1.4365174220832952
2025-03-14 18:00:00,1.3285858532178352
2025-03-14 19:00:00,1.4468764830483953
2025-03-14 20:00:00,3.294588967080467
2025-03-14 21:00:00,1.330282552014048
2025-03-14 22:00:00,1.7526886243497524
2025-03-14 23:00:00,3.3070532832425
2025-03-15 00:00:00,3.4858752335536405
2025-03-15 01:00:00,1.98296238716944
2025-03-15 02:00:00,1.8011267849166441
2025-03-15 03:00:00,3.617212142257719
2025-03-15 04:00:00,2.4527598453780195
2025-03-15 05:00:00,2.6557321322342142
2025-03-15 06:00:00,2.463005655060984
2025-03-15 07:00:00,2.5462397131915586
2025-03-15 08:00:00,1.882785317286982
2025-03-15 09:00:00,1.5758355079863342
2025-03-15 10:00:00,2.8841051198634085
2025-03-15 11:00:00,3.1111553586539906
2025-03-15 12:00:00,3.8330624635859065
2025-03-15 13:00:00,3.208254196396489
2025-03-15 14:00:00,3.5863889367074075
2025-03-15 15:00:00,1.894714504418474
2025-03-15 16:00:00,2.765303187841515
2025-03-15 17:00:00,3.8782538549843317
2025-03-15 18:00:00,2.5961618343441053
2025-03-15 19:00:00,1.947434838830293
2025-03-15 20:00:00,2.470062838398609
2025-03-15 21:00:00,2.5886348575215377
2025-03-15 22:00:00,3.264901008201431
2025-03-15 23:00:00,3.936264013099886
2025-03-16 00:00:00,2.6350738874718043
2025-03-16 01:00:00,2.3549803123645887
2025-03-16 02:00:00,3.108602123796971
2025-03-16 03:00:00,3.0944423814828568
2025-03-16 04:00:00,1.9333085869834201
2025-03-16 05:00:00,1.8957777238534337
2025-03-16 06:00:00,3.1943983031356216
2025-03-16 07:00:00,3.1283629902144803
2025-03-16 08:00:00,3.2207363891680196
2025-03-16 09:00:00,2.768978579181711
2025-03-16 10:00:00,3.735580658657581
2025-03-16 11:00:00,3.95820139328689
2025-03-16 12:00:00,2.076205029399063
2025-03-16 13:00:00,3.3599440905303335
2025-03-16 14:00:00,2.801999506848087
2025-03-16 15:00:00,2.6242311002876155
2025-03-16 16:00:00,1.7502835459344412
2025-03-16 17:00:00,3.8469824269842734
2025-03-16 18:00:00,2.1226375044575385
2025-03-16 19:00:00,3.23599461530496
2025-03-16 20:00:00,3.009872381411028
2025-03-16 21:00:00,2.7423707246440405
2025-03-16 22:00:00,3.4147407528820413
2025-03-16 23:00:00,2.459129271507545
2025-03-17 00:00:00,2.270333103272912
2025-03-17 01:00:00,4.11414277721094
2025-03-17 02:00:00,3.49474390516663
2025-03-17 03:00:00,4.248665918901464
2025-03-17 04:00:00,4.3251098577903875
2025-03-17 05:00:00,3.234152652005174
2025-03-17 06:00:00,3.324379670753437
2025-03-17 07:00:00,2.807537677155628
2025-03-17 08:00:00,2.588688466875143
2025-03-17 09:00:00,4.550749963594001
2025-03-17 10:00:00,2.9323449375996997
2025-03-17 11:00:00,4.613056795955272
2025-03-17 12:00:00,3.4271927179009123
2025-03-17 13:00:00,3.4728010223926207
2025-03-17 14:00:00,2.3432374168150716
2025-03-17 15:00:00,4.123507290360889
2025-03-17 16:00:00,4.171255047218607
2025-03-17 17:00:00,3.5310734463276834
2025-03-17 18:00:00,3.1896705708234454
2025-03-17 19:00:00,3.656360604908299
2025-03-17 20:00:00,3.253937264089548
2025-03-17 21:00:00,3.218994643592913
2025-03-17 22:00:00,4.095809168059242
2025-03-17 23:00:00,2.2856515935562913
2025-03-18 00:00:00,3.0785144320756577
2025-03-18 01:00:00,2.526783909440065
2025-03-18 02:00:00,3.444190339734934
2025-03-18 03:00:00,1.757741091768147
2025-03-18 04:00:00,2.73224043715847
2025-03-18 05:00:00,2.8766713460520568
2025-03-18 06:00:00,2.011036568688965
2025-03-18 07:00:00,1.6504918465702778
2025-03-18 08:00:00,2.69774468544297
2025-03-18 09:00:00,2.178459393516905
2025-03-18 10:00:00,1.9073777370870528
2025-03-18 11:00:00,2.4010295614759616
2025-03-18 12:00:00,2.08385429690756
2025-03-18 13:00:00,2.651619609257334
2025-03-18 14:00:00,4.3288544119684165
2025-03-18 15:00:00,3.0626745724506295
2025-03-18 16:00:00,2.5360628132037575
2025-03-18 17:00:00,2.5580157983055707
2025-03-18 18:00:00,2.7517280852375285
2025-03-18 19:00:00,1.812907904278463
2025-03-18 20:00:00,3.4587714443829554
2025-03-18 21:00:00,3.284719484955985
2025-03-18 22:00:00,2.833118016364089
2025-03-18 23:00:00,2.659914031578499
2025-03-19 00:00:00,3.2345710958726874
2025-03-19 01:00:00,3.2654980537631606
2025-03-19 02:00:00,2.822371243423875
2025-03-19 03:00:00,2.5341091086017804
2025-03-19 04:00:00,2.891577413310509
2025-03-19 05:00:00,1.5697404277228717
2025-03-19 06:00:00,2.7495490739518726
2025-03-19 07:00:00,3.3064409469646874
2025-03-19 08:00:00,3.2514826761003017
2025-03-19 09:00:00,3.3129257109538575
2025-03-19 10:00:00,3.227722260954889
2025-03-19 11:00:00,3.0942125847814244
2025-03-19 12:00:00,2.843882240524185
2025-03-19 13:00:00,1.9083095430743633
2025-03-19 14:00:00,3.227388913273605
2025-03-19 15:00:00,3.1784778905077937
2025-03-19 16:00:00,4.079368187455127
2025-03-19 17:00:00,3.9297054292810216
2025-03-19 18:00:00,4.496564624626785
2025-03-19 19:00:00,4.30811649146993
2025-03-19 20:00:00,3.667409928412158
2025-03-19 21:00:00,2.695069101571765
2025-03-19 22:00:00,3.376826863333063
2025-03-19 23:00:00,4.56071220081728
2025-03-20 00:00:00,1.6017221716789893
2025-03-20 01:00:00,3.8823492872006713
2025-03-20 02:00:00,3.609482833299644
2025-03-20 03:00:00,3.8383590247497383
2025-03-20 04:00:00,3.0263412744528373
2025-03-20 05:00:00,2.853750970275329
2025-03-20 06:00:00,1.3723294468963396
2025-03-20 07:00:00,3.617735586941422
2025-03-20 08:00:00,3.045957405331644
2025-03-20 09:00:00,2.127768226462628
2025-03-20 10:00:00,2.3276600499050315
2025-03-20 11:00:00,2.5118054857831815
2025-03-20 12:00:00,3.4724151341741205
2025-03-20 13:00:00,3.6461219846571185
2025-03-20 14:00:00,4.079368187455127
2025-03-20 15:00:00,1.6112192418246736
2025-03-20 16:00:00,4.088708622268743
2025-03-20 17:00:00,2.5544089097782776
2025-03-20 18:00:00,2.0912801980860602
2025-03-20 19:00:00,1.732741890767951
2025-03-20 20:00:00,1.5916065039408176
2025-03-20 21:00:00,4.011682018036523
2025-03-20 22:00:00,1.8092867068087082
2025-03-20 23:00:00,1.6316194802312984
2025-03-21 00:00:00,4.1504797954643555
2025-03-21 01:00:00,1.304066601289461
2025-03-21 02:00:00,1.9105846388995034
2025-03-21 03:00:00,3.863748763600395
2025-03-21 04:00:00,2.263385662809857
2025-03-21 05:00:00,4.195193985769903
2025-03-21 06:00:00,3.5864918371445786
2025-03-21 07:00:00,3.2886947828145963
2025-03-21 08:00:00,1.9116949852417147
2025-03-21 09:00:00,1.1257407374052129
2025-03-21 10:00:00,2.593199593386304
2025-03-21 11:00:00,2.864607205060042
2025-03-21 12:00:00,1.4907750837815597
2025-03-21 13:00:00,1.5237770165665037
2025-03-21 14:00:00,3.137156481365291
2025-03-21 15:00:00,4.2246856833851565
2025-03-21 16:00:00,2.9877859311136077
2025-03-21 17:00:00,1.4231877127665629
2025-03-21 18:00:00,1.733222407099279
2025-03-21 19:00:00,2.1477663230240545
2025-03-21 20:00:00,1.4468094957000825
2025-03-21 21:00:00,3.129381133587022
2025-03-21 22:00:00,2.40639137549331
2025-03-21 23:00:00,3.910894186846881
2025-03-22 00:00:00,2.9835783845713193
2025-03-22 01:00:00,2.2198938002805946
2025-03-22 02:00:00,1.9667385181805308
2025-03-22 03:00:00,1.555964947221669
2025-03-22 04:00:00,3.623188405797101
2025-03-22 05:00:00,1.3856249722875005
2025-03-22 06:00:00,2.2140744283259823
2025-03-22 07:00:00,1.7313259186415322
2025-03-22 08:00:00,1.5579624344097813
2025-03-22 09:00:00,1.549177077136625
2025-03-22 10:00:00,2.942838308691967
2025-03-22 11:00:00,1.5846454197408786
2025-03-22 12:00:00,4.131138872364334
2025-03-22 13:00:00,4.1637520402385
2025-03-22 14:00:00,4.301593310162084
2025-03-22 15:00:00,2.171835635479107
2025-03-22 16:00:00,2.9880001912320124
2025-03-22 17:00:00,2.6269886303932077
2025-03-22 18:00:00,4.571553962622975
2025-03-22 19:00:00,2.1625923426930327
2025-03-22 20:00:00,3.1260159551854345
2025-03-22 21:00:00,2.137044382137728
2025-03-22 22:00:00,2.5128153583274697
2025-03-22 23:00:00,4.460303300624443
2025-03-23 00:00:00,1.7685342388228638
2025-03-23 01:00:00,2.4118237246276144
2025-03-23 02:00:00,1.6695159739288388
2025-03-23 03:00:00,3.9336627120244203
2025-03-23 04:00:00,4.049107576690097
2025-03-23 05:00:00,2.3981735510235405
2025-03-23 06:00:00,1.6468821227651813
2025-03-23 07:00:00,1.956855255330474
2025-03-23 08:00:00,1.375833755255685
2025-03-23 09:00:00,1.3779722862213795
2025-03-23 10:00:00,1.3285011318829645
2025-03-23 11:00:00,2.387957054980323
2025-03-23 12:00:00,2.8410382290104095
2025-03-23 13:00:00,2.442789861444959
2025-03-23 14:00:00,2.0627062706270625
2025-03-23 15:00:00,2.410242566811924
2025-03-23 16:00:00,3.7642665703014426
2025-03-23 17:00:00,2.9881430483840115
2025-03-23 18:00:00,2.176221730879716
2025-03-23 19:00:00,2.280397701359117
2025-03-23 20:00:00,2.2068040181487563
2025-03-23 21:00:00,2.3542706469535735
2025-03-23 22:00:00,4.805474396432416
2025-03-23 23:00:00,2.651169696069906
2025-03-24 00:00:00,2.9175613854915503
2025-03-24 01:00:00,1.4489897643363048
2025-03-24 02:00:00,1.5572637008060395
2025-03-24 03:00:00,1.454994121823748
2025-03-24 04:00:00,2.213368747233289
2025-03-24 05:00:00,2.0918401499431014
2025-03-24 06:00:00,3.0140091143635623
2025-03-24 07:00:00,3.6893834302411372
2025-03-24 08:00:00,4.466997820105064
2025-03-24 09:00:00,1.7162549943020335
2025-03-24 10:00:00,4.133324515574367
2025-03-24 11:00:00,4.708629977021886
2025-03-24 12:00:00,3.4826702329209853
2025-03-24 13:00:00,2.5964314645950606
2025-03-24 14:00:00,1.765112896620868
2025-03-24 15:00:00,2.9322761500387062
2025-03-24 16:00:00,3.3471682956219038
2025-03-24 17:00:00,3.723895492596896
2025-03-24 18:00:00,4.378590444164215
2025-03-24 19:00:00,1.8096796143210812
2025-03-24 20:00:00,2.4974027011907616
2025-03-24 21:00:00,1.4940715241920062
2025-03-24 22:00:00,2.545047337880485
2025-03-24 23:00:00,3.6900369003690034
2025-03-25 00:00:00,1.8494954576391558
2025-03-25 01:00:00,3.580533356248747
2025-03-25 02:00:00,1.8110692552883227
2025-03-25 03:00:00,1.9822077036520198
2025-03-25 04:00:00,4.474353008554963
2025-03-25 05:00:00,2.370477129636653
2025-03-25 06:00:00,1.6187935455463753
2025-03-25 07:00:00,3.417074437549547
2025-03-25 08:00:00,2.093206289666259
2025-03-25 09:00:00,2.0266217026864894
2025-03-25 10:00:00,2.94623706601928
2025-03-25 11:00:00,1.9961992366534116
2025-03-25 12:00:00,3.414647471795012
2025-03-25 13:00:00,2.199078146441012
2025-03-25 14:00:00,4.397537379067722
2025-03-25 15:00:00,2.6958828477149686
2025-03-25 16:00:00,3.7744964821692784
2025-03-25 17:00:00,4.741493760194212
2025-03-25 18:00:00,4.123371268349002
2025-03-25 19:00:00,3.5445909542038856
2025-03-25 20:00:00,4.404975860732283
2025-03-25 21:00:00,2.1229259013943373
2025-03-25 22:00:00,2.960051149683866
2025-03-25 23:00:00,3.1035082056756957
2025-03-26 00:00:00,1.836371916731552
2025-03-26 01:00:00,1.620367369690056
2025-03-26 02:00:00,2.935788435342195
2025-03-26 03:00:00,2.6118389435633844
2025-03-26 04:00:00,3.9984645895975945
2025-03-26 05:00:00,2.1985366540030955
2025-03-26 06:00:00,3.1129373677001615
2025-03-26 07:00:00,3.602824614497766
2025-03-26 08:00:00,2.956760336834137
2025-03-26 09:00:00,3.491717645744295
2025-03-26 10:00:00,3.5397728881714947
2025-03-26 11:00:00,4.368643623527767
2025-03-26 12:00:00,3.5301759439690477
2025-03-26 13:00:00,2.4522786573283897
2025-03-26 14:00:00,4.179204279505182
2025-03-26 15:00:00,3.6706407470488047
2025-03-26 16:00:00,4.539017393514651
2025-03-26 17:00:00,4.052257918111972
2025-03-26 18:00:00,3.9483243311538576
2025-03-26 19:00:00,4.539841650323237
2025-03-26 20:00:00,2.484595507851322
2025-03-26 21:00:00,3.1635958696092326
2025-03-26 22:00:00,4.099570365025746
2025-03-26 23:00:00,3.3534540576794094
2025-03-27 00:00:00,3.4691385435168742
2025-03-27 01:00:00,3.0316994494433795
2025-03-27 02:00:00,3.950695322376739
2025-03-27 03:00:00,4.127319553589117
2025-03-27 04:00:00,3.2271389476945314
2025-03-27 05:00:00,3.245151743295516
2025-03-27 06:00:00,3.2321456275533946
2025-03-27 07:00:00,2.85290425653315
2025-03-27 08:00:00,2.608895289378666
2025-03-27 09:00:00,2.8863694091024548
2025-03-27 10:00:00,3.5325702981489338
2025-03-27 11:00:00,2.3629042929245196
2025-03-27 12:00:00,1.922840265813439
2025-03-27 13:00:00,1.3947623882795328
2025-03-27 14:00:00,1.7210756034091066
2025-03-27 15:00:00,1.6388499206796636
2025-03-27 16:00:00,2.8691440769389676
2025-03-27 17:00:00,1.5281547226093544
2025-03-27 18:00:00,2.1736862240461865
2025-03-27 19:00:00,2.7220068812333955
2025-03-27 20:00:00,1.864975755315181
2025-03-27 21:00:00,2.6890394750994946
2025-03-27 22:00:00,4.858331066112169
2025-03-27 23:00:00,3.3691814236813027
2025-03-28 00:00:00,4.048058551118883
2025-03-28 01:00:00,3.527386629793719
2025-03-28 02:00:00,1.8664516514364216
2025-03-28 03:00:00,3.5906127021514953
2025-03-28 04:00:00,3.1973398132753554
2025-03-28 05:00:00,3.49357182783678
2025-03-28 06:00:00,3.530774228172753
2025-03-28 07:00:00,3.1635158049249616
2025-03-28 08:00:00,1.9073195294261263
2025-03-28 09:00:00,1.7611338884427348
2025-03-28 10:00:00,2.2346568460947136
2025-03-28 11:00:00,3.4800523399871937
2025-03-28 12:00:00,2.239059953069303
2025-03-28 13:00:00,1.7399050707793384
2025-03-28 14:00:00,3.3782870733223427
2025-03-28 15:00:00,1.620157349681801
2025-03-28 16:00:00,1.9548966250664666
2025-03-28 17:00:00,2.754578108816853
2025-03-28 18:00:00,1.7459563650585246
2025-03-28 19:00:00,1.2614158131086328
2025-03-28 20:00:00,1.5854895991882292
2025-03-28 21:00:00,2.7114967462039044
2025-03-28 22:00:00,2.1984593197087476
2025-03-28 23:00:00,3.8517240316765773
2025-03-29 00:00:00,2.0999580008399827
2025-03-29 01:00:00,2.4738269112786715
2025-03-29 02:00:00,3.2967612617364694
2025-03-29 03:00:00,2.588420442309285
2025-03-29 04:00:00,1.6599163402164532
2025-03-29 05:00:00,1.7606873723501655
2025-03-29 06:00:00,3.372453797382976
2025-03-29 07:00:00,1.5602181809104183
2025-03-29 08:00:00,3.363379523745459
2025-03-29 09:00:00,2.8344028480079815
2025-03-29 10:00:00,3.8505375350398916
2025-03-29 11:00:00,1.5669069257286115
2025-03-29 12:00:00,2.235456122467228
2025-03-29 13:00:00,3.0350855894136215
2025-03-29 14:00:00,1.9845995078193222
2025-03-29 15:00:00,1.5959348347888258
2025-03-29 16:00:00,1.2700154433877915
2025-03-29 17:00:00,1.3511030405222826
2025-03-29 18:00:00,1.28367068198856
2025-03-29 19:00:00,1.3957435404988947
2025-03-29 20:00:00,1.7701120126881629
2025-03-29 21:00:00,2.4653859808291587
2025-03-29 22:00:00,1.1257610144457655
2025-03-29 23:00:00,3.706669038934851
2025-03-30 00:00:00,1.3415903748940146
2025-03-30 01:00:00,1.505244271040304
2025-03-30 02:00:00,1.347432870894372
2025-03-30 03:00:00,1.1026330878136994
2025-03-30 04:00:00,2.023865421044962
2025-03-30 05:00:00,1.4780130774597098
2025-03-30 06:00:00,1.7310142358610758
2025-03-30 07:00:00,1.3523308775004599
2025-03-30 08:00:00,1.844120207131582
2025-03-30 09:00:00,2.027838162291944
2025-03-30 10:00:00,3.797083839611179
2025-03-30 11:00:00,1.4167998458521769
2025-03-30 12:00:00,1.8004782070117826
2025-03-30 13:00:00,2.130669712103908
2025-03-30 14:00:00,3.5609492066205166
2025-03-30 15:00:00,2.2825213643999707
2025-03-30 16:00:00,2.613531822363469
2025-03-30 17:00:00,3.805522574359911
2025-03-30 18:00:00,3.5947430477669458
2025-03-30 19:00:00,2.532261005206329
2025-03-30 20:00:00,1.9284171551990126
2025-03-30 21:00:00,1.9196510842189325
2025-03-30 22:00:00,3.5147902373186364
2025-03-30 23:00:00,3.4255021786193853
2025-03-31 00:00:00,2.02800266073949
2025-03-31 01:00:00,3.8062178374592732
2025-03-31 02:00:00,4.19589809002719
2025-03-31 03:00:00,2.993438383064323
2025-03-31 04:00:00,3.335201045919048
2025-03-31 05:00:00,2.863229264493666
2025-03-31 06:00:00,2.412894508252099
2025-03-31 07:00:00,1.546532056516467
2025-03-31 08:00:00,1.6662889744991136
2025-03-31 09:00:00,1.6494029161443555
2025-03-31 10:00:00,1.816094959973267
2025-03-31 11:00:00,2.7510013644966764
2025-03-31 12:00:00,3.105358606811915
2025-03-31 13:00:00,3.6989909152783116
2025-03-31 14:00:00,3.722675561379475
2025-03-31 15:00:00,3.3862491195752287
2025-03-31 16:00:00,2.152722763751593
2025-03-31 17:00:00,3.7754084991996133
2025-03-31 18:00:00,2.5983744569397387
2025-03-31 19:00:00,3.0350855894136215
2025-03-31 20:00:00,3.785240589891893
2025-03-31 21:00:00,3.8664975718395254
2025-03-31 22:00:00,2.7160332877039735
2025-03-31 23:00:00,3.3254409534704306
2025-04-01 00:00:00,2.5413218939963813
2025-04-01 01:00:00,2.879454516136463
2025-04-01 02:00:00,3.6391161314739877
2025-04-01 03:00:00,3.553256203985332
2025-04-01 04:00:00,2.7194012966105388
2025-04-01 05:00:00,3.3955396191562763
2025-04-01 06:00:00,3.5051315125343505
2025-04-01 07:00:00,2.8684856690455978
2025-04-01 08:00:00,2.2279654219766507
2025-04-01 09:00:00,4.366202102762933
2025-04-01 10:00:00,3.0928345209817896
2025-04-01 11:00:00,4.697658686910444
2025-04-01 12:00:00,4.154618273673015
2025-04-01 13:00:00,3.6940717536497436
2025-04-01 14:00:00,4.45648686227673
2025-04-01 15:00:00,3.786616582351338
2025-04-01 16:00:00,3.7667620913063122
2025-04-01 17:00:00,3.96800203161704
2025-04-01 18:00:00,3.255462666354142
2025-04-01 19:00:00,2.9983209402734476
2025-04-01 20:00:00,2.4262893301500412
2025-04-01 21:00:00,2.448244119317626
2025-04-01 22:00:00,4.090581844361542
2025-04-01 23:00:00,3.162635360793442
2025-04-02 00:00:00,3.556896110178414
2025-04-02 01:00:00,4.181021507174633
2025-04-02 02:00:00,4.2453470995788605
2025-04-02 03:00:00,3.638480570513754
2025-04-02 04:00:00,3.9646040153509468
2025-04-02 05:00:00,4.282435163931618
2025-04-02 06:00:00,2.636963905238066
2025-04-02 07:00:00,3.302335411603086
2025-04-02 08:00:00,2.8766051456712844
2025-04-02 09:00:00,1.8419462741110766
2025-04-02 10:00:00,3.2146071750032146
2025-04-02 11:00:00,2.4083386316783226
2025-04-02 12:00:00,2.7519704108141423
2025-04-02 13:00:00,4.849660523763337
2025-04-02 14:00:00,3.7892566994058443
2025-04-02 15:00:00,2.3173037707166957
2025-04-02 16:00:00,4.384734109723587
2025-04-02 17:00:00,2.6958828477149694
2025-04-02 18:00:00,3.2022543870885105
2025-04-02 19:00:00,2.7683040262213754
2025-04-02 20:00:00,2.014439502352865
2025-04-02 21:00:00,2.8281182832190774
2025-04-02 22:00:00,2.6486979001123054
2025-04-02 23:00:00,4.474673348845534
2025-04-03 00:00:00,3.1689694511344917
2025-04-03 01:00:00,2.181843570543366
2025-04-03 02:00:00,2.42826893564116
2025-04-03 03:00:00,2.129072916489244
2025-04-03 04:00:00,4.635294990173175
2025-04-03 05:00:00,3.206937246651957
2025-04-03 06:00:00,3.654115996258185
2025-04-03 07:00:00,4.785971360747378
2025-04-03 08:00:00,2.146733530260356
2025-04-03 09:00:00,2.8981475041153693
2025-04-03 10:00:00,3.1904846984353865
2025-04-03 11:00:00,2.5800858652575958
2025-04-03 12:00:00,2.467965803865822
2025-04-03 13:00:00,4.173204687343505
2025-04-03 14:00:00,4.540831153734379
2025-04-03 15:00:00,3.3068783068783074
2025-04-03 16:00:00,2.638021273003546
2025-04-03 17:00:00,4.436714701497834
2025-04-03 18:00:00,4.073386124417506
2025-04-03 19:00:00,2.4884040371867098
2025-04-03 20:00:00,3.6153289949385394
2025-04-03 21:00:00,2.3847680097680097
2025-04-03 22:00:00,3.1715423844924264
2025-04-03 23:00:00,4.599477499356073
2025-04-04 00:00:00,4.681998651584388
2025-04-04 01:00:00,3.324998670000532
2025-04-04 02:00:00,1.9773475069602633
2025-04-04 03:00:00,3.244814785972017
2025-04-04 04:00:00,3.8501817285775886
2025-04-04 05:00:00,3.8197097020626427
2025-04-04 06:00:00,2.370971719049335
2025-04-04 07:00:00,4.6265452661188835
2025-04-04 08:00:00,3.161595467536738
2025-04-04 09:00:00,2.1518704057566835
2025-04-04 10:00:00,3.6250797517545386
2025-04-04 11:00:00,3.4394518889469774
2025-04-04 12:00:00,2.0775162877276956
2025-04-04 13:00:00,1.6715922919536235
2025-04-04 14:00:00,1.4458388757156904
2025-04-04 15:00:00,2.339071856287425
2025-04-04 16:00:00,1.3907277400117932
2025-04-04 17:00:00,1.3665533338435132
2025-04-04 18:00:00,1.9088340841414069
2025-04-04 19:00:00,1.4124932200325437
2025-04-04 20:00:00,1.4348355104570811
2025-04-04 21:00:00,1.7476406850751485
2025-04-04 22:00:00,3.0836026346300907
2025-04-04 23:00:00,1.3059331153295652
2025-04-05 00:00:00,1.322401481089659
2025-04-05 01:00:00,1.360262911615557
2025-04-05 02:00:00,3.039218069974957
2025-04-05 03:00:00,1.8983400914240591
2025-04-05 04:00:00,3.0961286007975626
2025-04-05 05:00:00,1.240153183721253
2025-04-05 06:00:00,1.4595301480547382
2025-04-05 07:00:00,1.6829803562532817
2025-04-05 08:00:00,1.4558075073081536
2025-04-05 09:00:00,1.6790919470750219
2025-04-05 10:00:00,1.3905420889279474
2025-04-05 11:00:00,1.4257850372415053
2025-04-05 12:00:00,1.9216578526626493
2025-04-05 13:00:00,1.7676839098339796
2025-04-05 14:00:00,3.9388687568930196
2025-04-05 15:00:00,2.573552119577526
2025-04-05 16:00:00,3.427756601859216
2025-04-05 17:00:00,3.0221706438432334
2025-04-05 18:00:00,4.084299950988401
2025-04-05 19:00:00,4.083366000261335
2025-04-05 20:00:00,3.2413650036303285
2025-04-05 21:00:00,4.189990949619549
2025-04-05 22:00:00,2.714087198193503
2025-04-05 23:00:00,3.1264850804131963
2025-04-06 00:00:00,3.620459943231188
2025-04-06 01:00:00,4.186763129689175
2025-04-06 02:00:00,4.5380286803412595
2025-04-06 03:00:00,3.8739269222425383
2025-04-06 04:00:00,3.6688092512694084
2025-04-06 05:00:00,1.4103258416824624
2025-04-06 06:00:00,1.958725731388188
2025-04-06 07:00:00,3.3041685390288387
2025-04-06 08:00:00,2.4328059010139937
2025-04-06 09:00:00,2.029385502069973
2025-04-06 10:00:00,2.1618443126199822
2025-04-06 11:00:00,2.421776615325002
2025-04-06 12:00:00,2.946653779967469
2025-04-06 13:00:00,4.000640102416387
2025-04-06 14:00:00,3.7440843467321634
2025-04-06 15:00:00,2.705100737951481
2025-04-06 16:00:00,4.324212128550178
2025-04-06 17:00:00,4.169724464607379
2025-04-06 18:00:00,3.0439547059539755
2025-04-06 19:00:00,4.62620281273131
2025-04-06 20:00:00,4.507265712328273
2025-04-06 21:00:00,3.7951240246531257
2025-04-06 22:00:00,2.27661822023094
2025-04-06 23:00:00,3.2682301879886
2025-04-07 00:00:00,3.8320049049662788
2025-04-07 01:00:00,3.755558226174738
2025-04-07 02:00:00,2.7679362267493364
2025-04-07 03:00:00,2.338109311286521
2025-04-07 04:00:00,1.9583881682020432
2025-04-07 05:00:00,2.992506763065285
2025-04-07 06:00:00,3.2655833638121115
2025-04-07 07:00:00,3.4618367120859634
2025-04-07 08:00:00,4.411038181946503
2025-04-07 09:00:00,4.731980617807389
2025-04-07 10:00:00,3.105358606811914
2025-04-07 11:00:00,3.5556819798037265
2025-04-07 12:00:00,2.7530614042815613
2025-04-07 13:00:00,2.225902380825186
2025-04-07 14:00:00,4.479483963447412
2025-04-07 15:00:00,3.906860446944835
2025-04-07 16:00:00,3.3970160610919367
2025-04-07 17:00:00,2.910157614136382
2025-04-07 18:00:00,2.3758838287843074
2025-04-07 19:00:00,3.960709759188847
2025-04-07 20:00:00,2.848483467401955
2025-04-07 21:00:00,2.648248977775895
2025-04-07 22:00:00,3.530774228172753
2025-04-07 23:00:00,3.448370989544539
2025-04-08 00:00:00,3.1712205393611894
2025-04-08 01:00:00,3.432274362283423
2025-04-08 02:00:00,2.5149387360923887
2025-04-08 03:00:00,2.939862179261036
2025-04-08 04:00:00,2.9718741827345996
2025-04-08 05:00:00,3.621508865453702
2025-04-08 06:00:00,4.356159609688099
2025-04-08 07:00:00,2.643824027072758
2025-04-08 08:00:00,2.591640404710566
2025-04-08 09:00:00,3.021586211897797
2025-04-08 10:00:00,2.1520556435507197
2025-04-08 11:00:00,3.8718870028497094
2025-04-08 12:00:00,2.9677817612004076
2025-04-08 13:00:00,3.901738614726722
2025-04-08 14:00:00,2.8016226998677634
2025-04-08 15:00:00,3.132125585707484
2025-04-08 16:00:00,3.4255960537133454
2025-04-08 17:00:00,2.563208727213075
2025-04-08 18:00:00,2.681022649279341
2025-04-08 19:00:00,2.348388066431202
2025-04-08 20:00:00,3.85695331543707
2025-04-08 21:00:00,1.632386549134835
2025-04-08 22:00:00,3.410641200545703
2025-04-08 23:00:00,2.8674328447227766
2025-04-09 00:00:00,4.600662495399337
2025-04-09 01:00:00,3.048111390182642
2025-04-09 02:00:00,3.4581016405234184
2025-04-09 03:00:00,3.629816766849609
2025-04-09 04:00:00,4.1117068517482975
2025-04-09 05:00:00,2.783592392998708
2025-04-09 06:00:00,2.9506881004650283
2025-04-09 07:00:00,2.980945794481673
2025-04-09 08:00:00,3.7446451574248814
2025-04-09 09:00:00,4.050813403331389
2025-04-09 10:00:00,4.878810350884041
2025-04-09 11:00:00,3.8531487931937973
2025-04-09 12:00:00,3.0564589089664276
2025-04-09 13:00:00,3.321905976773234
2025-04-09 14:00:00,3.0460316299924455
2025-04-09 15:00:00,3.0166276516157056
2025-04-09 16:00:00,4.582615390255527
2025-04-09 17:00:00,2.423419930205506
2025-04-09 18:00:00,2.6529702655092646
2025-04-09 19:00:00,3.475697920142365
2025-04-09 20:00:00,3.8289530110886485
2025-04-09 21:00:00,3.5547719258332378
2025-04-09 22:00:00,3.4947439051666294
2025-04-09 23:00:00,3.3966468302491775
2025-04-10 00:00:00,2.3015595367420967
2025-04-10 01:00:00,3.4623161510123808
2025-04-10 02:00:00,3.7016198288371
2025-04-10 03:00:00,3.6563606049082984
2025-04-10 04:00:00,3.5236081747709656
2025-04-10 05:00:00,4.3390724798667035
2025-04-10 06:00:00,3.377648076091656
2025-04-10 07:00:00,3.7179143987388836
2025-04-10 08:00:00,3.6648293655447395
2025-04-10 09:00:00,3.7440843467321634
2025-04-10 10:00:00,3.8453256221736862
2025-04-10 11:00:00,1.7337272361613894
2025-04-10 12:00:00,3.4430519212229718
2025-04-10 13:00:00,3.0512363609734665
2025-04-10 14:00:00,4.086035564853557
2025-04-10 15:00:00,2.6721392077641677
2025-04-10 16:00:00,4.355400696864112
2025-04-10 17:00:00,2.547017951382521
2025-04-10 18:00:00,3.8481667333682235
2025-04-10 19:00:00,2.5002500250025004
2025-04-10 20:00:00,3.935768261964736
2025-04-10 21:00:00,4.183260265720692
2025-04-10 22:00:00,4.43718717830393
2025-04-10 23:00:00,2.989071952940051
2025-04-11 00:00:00,4.815471145696895
2025-04-11 01:00:00,3.349141280175763
2025-04-11 02:00:00,3.9808917197452223
2025-04-11 03:00:00,3.8537427549636205
2025-04-11 04:00:00,3.6302384340603493
2025-04-11 05:00:00,3.6914535467485674
2025-04-11 06:00:00,4.337867851193781
2025-04-11 07:00:00,3.4648113756687087
2025-04-11 08:00:00,3.977724741447892
2025-04-11 09:00:00,3.7205702890139
2025-04-11 10:00:00,3.1461579119579173
2025-04-11 11:00:00,3.6285523527533456
2025-04-11 12:00:00,4.179623499515164
2025-04-11 13:00:00,3.750937734433609
2025-04-11 14:00:00,3.7865018781049318
2025-04-11 15:00:00,3.472704542297541
2025-04-11 16:00:00,2.4315754663761746
2025-04-11 17:00:00,3.7408349543618136
2025-04-11 18:00:00,1.8354820710111304
2025-04-11 19:00:00,2.7578599007170435
2025-04-11 20:00:00,2.9230193620802543
2025-04-11 21:00:00,3.4646193076304774
2025-04-11 22:00:00,3.078135388706937
2025-04-11 23:00:00,4.372005176454129
2025-04-12 00:00:00,2.8470561439471584
2025-04-12 01:00:00,3.82602307857121
2025-04-12 02:00:00,3.708428516331919
2025-04-12 03:00:00,3.888387718916229
2025-04-12 04:00:00,4.157658406785298
2025-04-12 05:00:00,3.9022258296132115
2025-04-12 06:00:00,4.345861001981712
2025-04-12 07:00:00,4.023691495525655
2025-04-12 08:00:00,3.298153034300791
2025-04-12 09:00:00,3.21949209292742
2025-04-12 10:00:00,4.017742350218565
2025-04-12 11:00:00,3.526590492312032
2025-04-12 12:00:00,3.0031472983686904
2025-04-12 13:00:00,4.038380770846121
2025-04-12 14:00:00,3.985842288192341
2025-04-12 15:00:00,3.74161877394636
2025-04-12 16:00:00,3.5069015823139935
2025-04-12 17:00:00,2.285191956124314
2025-04-12 18:00:00,3.3000686414277407
2025-04-12 19:00:00,3.747451732821681
2025-04-12 20:00:00,3.3516557179246544
2025-04-12 21:00:00,2.2874919937780214
2025-04-12 22:00:00,2.0129472768849235
2025-04-12 23:00:00,2.468160726626518
2025-04-13 00:00:00,2.3680072745183476
2025-04-13 01:00:00,3.969766260162601
2025-04-13 02:00:00,2.3762451524598887
2025-04-13 03:00:00,2.132705464844483
2025-04-13 04:00:00,3.9652328384722746
2025-04-13 05:00:00,1.9680390458946704
2025-04-13 06:00:00,2.1281304799359853
2025-04-13 07:00:00,1.3956967876642736
2025-04-13 08:00:00,1.9428340508867097
2025-04-13 09:00:00,2.033876242698384
2025-04-13 10:00:00,1.9007070630274465
2025-04-13 11:00:00,3.907593235174591
2025-04-13 12:00:00,4.170141784820684
2025-04-13 13:00:00,2.49361634216406
2025-04-13 14:00:00,3.3282743563117396
2025-04-13 15:00:00,4.111436371410716
2025-04-13 16:00:00,3.64590928977687
2025-04-13 17:00:00,4.0920548662716465
2025-04-13 18:00:00,3.0494498792417843
2025-04-13 19:00:00,3.7795180358600664
2025-04-13 20:00:00,2.5202121010504244
2025-04-13 21:00:00,3.0778322212099574
2025-04-13 22:00:00,2.3265769538593255
2025-04-13 23:00:00,1.6267145571432289
2025-04-14 00:00:00,4.280235584166552
2025-04-14 01:00:00,4.266357213556776
2025-04-14 02:00:00,3.4412509635502695
2025-04-14 03:00:00,4.646321971527338
2025-04-14 04:00:00,2.7729097806073773
2025-04-14 05:00:00,4.773360827891701
2025-04-14 06:00:00,1.8046893046893044
2025-04-14 07:00:00,2.8549893794395085
2025-04-14 08:00:00,2.8091781468413597
2025-04-14 09:00:00,3.5160754971730745
2025-04-14 10:00:00,2.5845135945415074
2025-04-14 11:00:00,2.255788352913576
2025-04-14 12:00:00,2.7939828784729204
2025-04-14 13:00:00,3.673553354688923
2025-04-14 14:00:00,2.2382580980177984
2025-04-14 15:00:00,4.064644099762625
2025-04-14 16:00:00,4.029398491393205
2025-04-14 17:00:00,4.211448401334187
2025-04-14 18:00:00,2.886969375028869
2025-04-14 19:00:00,3.507393585678611
2025-04-14 20:00:00,3.678959295994349
2025-04-14 21:00:00,2.800116484845769
2025-04-14 22:00:00,1.778650502290902
2025-04-14 23:00:00,2.0997816227112374
2025-04-15 00:00:00,3.5351678497695067
2025-04-15 01:00:00,3.4065514798059624
2025-04-15 02:00:00,1.771065047677071
2025-04-15 03:00:00,3.295978905735003
2025-04-15 04:00:00,4.013485310643763
2025-04-15 05:00:00,1.948011469891535
2025-04-15 06:00:00,2.301940996648374
2025-04-15 07:00:00,1.5404143098327725
2025-04-15 08:00:00,1.514472297272738
2025-04-15 09:00:00,3.2228123549734438
2025-04-15 10:00:00,3.168728452646522
2025-04-15 11:00:00,2.338590484743036
2025-04-15 12:00:00,4.721792014505346
2025-04-15 13:00:00,4.7015458682814915
2025-04-15 14:00:00,3.8633905115129035
2025-04-15 15:00:00,3.692980382888206
2025-04-15 16:00:00,3.4029346908774127
2025-04-15 17:00:00,3.7885676183548522
2025-04-15 18:00:00,3.2978049810046435
2025-04-15 19:00:00,2.7255085799010086
2025-04-15 20:00:00,3.3700897791917184
2025-04-15 21:00:00,2.8106309304312638
2025-04-15 22:00:00,3.538770772584435
2025-04-15 23:00:00,3.550329470574869
2025-04-16 00:00:00,3.456093784560938
2025-04-16 01:00:00,4.6033733519923405
2025-04-16 02:00:00,3.50739358567861
2025-04-16 03:00:00,3.001200480192077
2025-04-16 04:00:00,2.0484079773200268
2025-04-16 05:00:00,2.9976019184652274
2025-04-16 06:00:00,3.3371599434017676
2025-04-16 07:00:00,3.546199892195524
2025-04-16 08:00:00,2.2813965797302473
2025-04-16 09:00:00,1.4581680742849146
2025-04-16 10:00:00,2.24231334983676
2025-04-16 11:00:00,2.4205573091148502
2025-04-16 12:00:00,2.4833614780967523
2025-04-16 13:00:00,2.470648693520971
2025-04-16 14:00:00,3.4403985357663833
2025-04-16 15:00:00,3.6348832475500883
2025-04-16 16:00:00,4.012068301450763
2025-04-16 17:00:00,4.126638275395332
2025-04-16 18:00:00,3.3797485467081247
2025-04-16 19:00:00,2.9132096578726583
2025-04-16 20:00:00,4.392746696654484
2025-04-16 21:00:00,2.950688100465028
2025-04-16 22:00:00,2.700133926642761
2025-04-16 23:00:00,1.99308002614921
2025-04-17 00:00:00,2.4091741351064853
2025-04-17 01:00:00,3.793626707132019
2025-04-17 02:00:00,3.784323817020376
2025-04-17 03:00:00,3.1283629902144807
2025-04-17 04:00:00,1.9416269280355398
2025-04-17 05:00:00,1.7837776128774474
2025-04-17 06:00:00,4.4904264108919785
2025-04-17 07:00:00,3.4311438060992008
2025-04-17 08:00:00,1.674256630056255
2025-04-17 09:00:00,4.154342118382133
2025-04-17 10:00:00,2.9478351098952933
2025-04-17 11:00:00,2.5936300446104372
2025-04-17 12:00:00,3.1447332008352418
2025-04-17 13:00:00,1.5971991515678103
2025-04-17 14:00:00,2.7779629753094652
2025-04-17 15:00:00,1.7093549578131193
2025-04-17 16:00:00,3.2923328153396363
2025-04-17 17:00:00,2.643376755202165
2025-04-17 18:00:00,3.5070983670950002
2025-04-17 19:00:00,3.8989394884591384
2025-04-17 20:00:00,4.461736150770988
2025-04-17 21:00:00,3.304255881575469
2025-04-17 22:00:00,4.186062087672885
2025-04-17 23:00:00,4.45744035944799
2025-04-18 00:00:00,3.0942125847814244
2025-04-18 01:00:00,3.0692923439571773
2025-04-18 02:00:00,4.569882645413666
2025-04-18 03:00:00,2.5883668440560745
2025-04-18 04:00:00,3.0522794422875
2025-04-18 05:00:00,3.919969894631209
2025-04-18 06:00:00,3.248018708587761
2025-04-18 07:00:00,4.037858965662048
2025-04-18 08:00:00,2.70633064865333
2025-04-18 09:00:00,3.49288847905664
2025-04-18 10:00:00,3.855525739489836
2025-04-18 11:00:00,2.511452222132926
2025-04-18 12:00:00,3.695054539004996
2025-04-18 13:00:00,3.6664417915701173
2025-04-18 14:00:00,3.462507963768316
2025-04-18 15:00:00,3.4800523399871937
2025-04-18 16:00:00,2.7779012400551135
2025-04-18 17:00:00,4.380892300143693
2025-04-18 18:00:00,3.1797715652107548
2025-04-18 19:00:00,3.3659153943506475
2025-04-18 20:00:00,4.093260855327788
2025-04-18 21:00:00,1.9573455262910646
2025-04-18 22:00:00,3.772673769353816
2025-04-18 23:00:00,3.7358039450089655
2025-04-19 00:00:00,2.9872861103145016
2025-04-19 01:00:00,3.892868265337901
2025-04-19 02:00:00,3.138416731527278
2025-04-19 03:00:00,3.4652916389443336
2025-04-19 04:00:00,3.700523994197577
2025-04-19 05:00:00,3.7835220049639813
2025-04-19 06:00:00,3.1355039381929464
2025-04-19 07:00:00,2.490734467779859
2025-04-19 08:00:00,2.551645300890014
2025-04-19 09:00:00,4.148413646621532
2025-04-19 10:00:00,4.224257375553377
2025-04-19 11:00:00,2.80225076781671
2025-04-19 12:00:00,2.375838671050881
2025-04-19 13:00:00,3.5291792540726727
2025-04-19 14:00:00,3.5277848333474444
2025-04-19 15:00:00,3.9984645895975945
2025-04-19 16:00:00,3.831182762742514
2025-04-19 17:00:00,3.1494079113126734
2025-04-19 18:00:00,2.833824529585128
2025-04-19 19:00:00,2.830680042573428
2025-04-19 20:00:00,2.3325682509470225
2025-04-19 21:00:00,3.8840381567908517
2025-04-19 22:00:00,2.9310385255703806
2025-04-19 23:00:00,4.200409960012097
2025-04-20 00:00:00,2.4816358943815766
2025-04-20 01:00:00,1.9269604896021213
2025-04-20 02:00:00,4.088441159154837
2025-04-20 03:00:00,2.6326320001684884
2025-04-20 04:00:00,2.1729682746631895
2025-04-20 05:00:00,4.028879004705731
2025-04-20 06:00:00,2.616212143410285
2025-04-20 07:00:00,1.4445022245334258
2025-04-20 08:00:00,4.259379152894674
2025-04-20 09:00:00,2.388732825010988
2025-04-20 10:00:00,4.037337295306999
2025-04-20 11:00:00,3.72867199618184
2025-04-20 12:00:00,3.9168990693447805
2025-04-20 13:00:00,4.115632819702357
2025-04-20 14:00:00,4.528493279715972
2025-04-20 15:00:00,4.010909674314135
2025-04-20 16:00:00,3.5637918745545267
2025-04-20 17:00:00,3.2253902722229384
2025-04-20 18:00:00,3.8781335318937704
2025-04-20 19:00:00,4.02019747209983
2025-04-20 20:00:00,4.4252486989768824
2025-04-20 21:00:00,3.8495888639093345
2025-04-20 22:00:00,3.3586801730392026
2025-04-20 23:00:00,4.328104982514456
2025-04-21 00:00:00,3.9661135260335696
2025-04-21 01:00:00,3.431897427449688
2025-04-21 02:00:00,3.9632213062777426
2025-04-21 03:00:00,3.4176349965823647
2025-04-21 04:00:00,4.103742613263296
2025-04-21 05:00:00,2.7831585509763315
2025-04-21 06:00:00,3.6897101363716867
2025-04-21 07:00:00,4.7330556607345695
2025-04-21 08:00:00,2.286655080947589
2025-04-21 09:00:00,3.297543989236816
2025-04-21 10:00:00,2.7414685498727955
2025-04-21 11:00:00,4.246645150331238
2025-04-21 12:00:00,3.2225630977854545
2025-04-21 13:00:00,2.7634691486304246
2025-04-21 14:00:00,3.9623419025580873
2025-04-21 15:00:00,4.575905114031555
2025-04-21 16:00:00,4.6713255353339065
2025-04-21 17:00:00,3.1823620764276077
2025-04-21 18:00:00,2.949017387406516
2025-04-21 19:00:00,3.823331498134214
2025-04-21 20:00:00,4.047272138578598
2025-04-21 21:00:00,2.7479774885684134
2025-04-21 22:00:00,4.17808677050605
2025-04-21 23:00:00,3.48967057509771
2025-04-22 00:00:00,4.67516924112653
2025-04-22 01:00:00,3.393327361077178
2025-04-22 02:00:00,2.92295101134105
2025-04-22 03:00:00,3.913097921362384
2025-04-22 04:00:00,3.398309001440883
2025-04-22 05:00:00,4.354490350449383
2025-04-22 06:00:00,4.361936001674984
2025-04-22 07:00:00,3.9838097969850526
2025-04-22 08:00:00,3.1584000808550416
2025-04-22 09:00:00,4.594574726163346
2025-04-22 10:00:00,3.2642189376925894
2025-04-22 11:00:00,4.63117335408099
2025-04-22 12:00:00,3.7776904711535546
2025-04-22 13:00:00,3.8777726074143004
2025-04-22 14:00:00,4.24852151451295
2025-04-22 15:00:00,2.8303595688796297
2025-04-22 16:00:00,4.18802559721245
2025-04-22 17:00:00,3.989276823897364
2025-04-22 18:00:00,4.089645018812367
2025-04-22 19:00:00,3.6383746652695304
2025-04-22 20:00:00,3.203731706691955
2025-04-22 21:00:00,3.2413650036303285
2025-04-22 22:00:00,3.9528191506182213
2025-04-22 23:00:00,4.0277106492669565
2025-04-23 00:00:00,3.976459360585335
2025-04-23 01:00:00,3.4193177777169894
2025-04-23 02:00:00,4.275843196278307
2025-04-23 03:00:00,3.515383317396929
2025-04-23 04:00:00,3.667302332404283
2025-04-23 05:00:00,3.3203176879963876
2025-04-23 06:00:00,2.752515799440688
2025-04-23 07:00:00,2.8591687824515657
2025-04-23 08:00:00,2.7797544920832595
2025-04-23 09:00:00,2.338371744986531
2025-04-23 10:00:00,3.1647172008709297
2025-04-23 11:00:00,3.8722468325020913
2025-04-23 12:00:00,3.008206387023801
2025-04-23 13:00:00,3.275509669304544
2025-04-23 14:00:00,3.547004909054794
2025-04-23 15:00:00,4.046486031530219
2025-04-23 16:00:00,2.851277372262774
2025-04-23 17:00:00,3.4029346908774127
2025-04-23 18:00:00,3.1672029797045633
2025-04-23 19:00:00,3.8815054030555207
2025-04-23 20:00:00,4.053046269576213
2025-04-23 21:00:00,4.389353184914671
2025-04-23 22:00:00,3.591231648806274
2025-04-23 23:00:00,3.8949303586451878
2025-04-24 00:00:00,3.9946312156461716
2025-04-24 01:00:00,3.384598721975522
2025-04-24 02:00:00,4.165972337943676
2025-04-24 03:00:00,2.9792406511428364
2025-04-24 04:00:00,2.7503960570322126
2025-04-24 05:00:00,4.661743865145074
2025-04-24 06:00:00,3.981018503774006
2025-04-24 07:00:00,4.100377234705593
2025-04-24 08:00:00,3.0043743690813822
2025-04-24 09:00:00,2.356578624889241
2025-04-24 10:00:00,3.7346877801015834
2025-04-24 11:00:00,3.8691305289875246
2025-04-24 12:00:00,2.688808105143152
2025-04-24 13:00:00,2.885037043875643
2025-04-24 14:00:00,3.553155201819215
2025-04-24 15:00:00,2.810694129022103
2025-04-24 16:00:00,2.861525078405787
2025-04-24 17:00:00,2.2664635915288653
2025-04-24 18:00:00,1.677289500167729
2025-04-24 19:00:00,2.9826528907871817
2025-04-24 20:00:00,3.1331461800681772
2025-04-24 21:00:00,3.294415307171283
2025-04-24 22:00:00,3.0315523973516356
2025-04-24 23:00:00,3.43218012081274
2025-04-25 00:00:00,2.838393242353368
2025-04-25 01:00:00,2.98700057350411
2025-04-25 02:00:00,1.6687136220430394
2025-04-25 03:00:00,4.265629265629266
2025-04-25 04:00:00,3.299023489047242
2025-04-25 05:00:00,3.135425289086211
2025-04-25 06:00:00,4.4252486989768824
2025-04-25 07:00:00,3.100813653502679
2025-04-25 08:00:00,3.3116969134984764
2025-04-25 09:00:00,3.0806388012618298
2025-04-25 10:00:00,2.5961618343441057
2025-04-25 11:00:00,2.438881626441379
2025-04-25 12:00:00,2.784894730979169
2025-04-25 13:00:00,2.988214482082666
2025-04-25 14:00:00,3.788337980361256
2025-04-25 15:00:00,3.565621701799926
2025-04-25 16:00:00,2.27004449287206
2025-04-25 17:00:00,4.498182734175393
2025-04-25 18:00:00,2.1739130434782608
2025-04-25 19:00:00,2.700192253688462
2025-04-25 20:00:00,3.5504303121538334
2025-04-25 21:00:00,3.2306419931768837
2025-04-25 22:00:00,3.0621493838955436
2025-04-25 23:00:00,2.8316418992388543
2025-04-26 00:00:00,2.503404630297204
2025-04-26 01:00:00,3.7747244451155058
2025-04-26 02:00:00,3.90478570536049
2025-04-26 03:00:00,3.581867155710929
2025-04-26 04:00:00,2.6371308016877637
2025-04-26 05:00:00,2.962787390376866
2025-04-26 06:00:00,2.8003674082039565
2025-04-26 07:00:00,2.791985883719372
2025-04-26 08:00:00,3.371180452547264
2025-04-26 09:00:00,3.1307919651355003
2025-04-26 10:00:00,3.352195017297326
2025-04-26 11:00:00,3.2954575413250375
2025-04-26 12:00:00,3.018521648837266
2025-04-26 13:00:00,4.6690572239653365
2025-04-26 14:00:00,2.716269367000587
2025-04-26 15:00:00,3.5621669373913543
2025-04-26 16:00:00,4.173622704507513
2025-04-26 17:00:00,4.790189691511784
2025-04-26 18:00:00,3.7711941109032763
2025-04-26 19:00:00,4.693073024216256
2025-04-26 20:00:00,4.090447985863412
2025-04-26 21:00:00,3.1783162551806554
2025-04-26 22:00:00,4.865706500583885
2025-04-26 23:00:00,2.620545073375262
2025-04-27 00:00:00,3.2175860382506625
2025-04-27 01:00:00,2.954384306310565
2025-04-27 02:00:00,3.1860933397904816
2025-04-27 03:00:00,2.570799827242251
2025-04-27 04:00:00,2.9537559961246713
2025-04-27 05:00:00,3.505229802865876
2025-04-27 06:00:00,2.1221329983192705
2025-04-27 07:00:00,3.6285523527533456
2025-04-27 08:00:00,3.285755592356019
2025-04-27 09:00:00,4.064379775646236
2025-04-27 10:00:00,4.309898975968003
2025-04-27 11:00:00,4.189008042895442
2025-04-27 12:00:00,4.465721124647208
2025-04-27 13:00:00,4.550915644227619
2025-04-27 14:00:00,4.30603878879741
2025-04-27 15:00:00,2.0649893446549816
2025-04-27 16:00:00,4.4186786383399905
2025-04-27 17:00:00,3.412223951082357
2025-04-27 18:00:00,2.826775214834916
2025-04-27 19:00:00,3.57387923147301
2025-04-27 20:00:00,4.234273906710477
2025-04-27 21:00:00,3.1151095272509783
2025-04-27 22:00:00,2.977324695121951
2025-04-27 23:00:00,4.218554891836252
2025-04-28 00:00:00,4.282581882965602
2025-04-28 01:00:00,1.9173837681959724
2025-04-28 02:00:00,3.281098249205974
2025-04-28 03:00:00,3.631820559009821
2025-04-28 04:00:00,2.5696371672319867
2025-04-28 05:00:00,3.953944454988296
2025-04-28 06:00:00,4.266648462299894
2025-04-28 07:00:00,2.9069091416478687
2025-04-28 08:00:00,4.025894553769848
2025-04-28 09:00:00,3.7262266738210212
2025-04-28 10:00:00,4.216847147724589
2025-04-28 11:00:00,2.768978579181711
2025-04-28 12:00:00,3.1357399091889726
2025-04-28 13:00:00,2.8930497373110837
2025-04-28 14:00:00,3.9439641572537387
2025-04-28 15:00:00,4.112653813252616
2025-04-28 16:00:00,4.623123012057105
2025-04-28 17:00:00,4.309304650601579
2025-04-28 18:00:00,4.47451317296678
2025-04-28 19:00:00,3.5098556747346548
2025-04-28 20:00:00,3.8241502738091597
2025-04-28 21:00:00,2.6126031978263144
2025-04-28 22:00:00,4.011810770909557
2025-04-28 23:00:00,3.8823492872006704
2025-04-29 00:00:00,3.6239236946626856
2025-04-29 01:00:00,3.7360272580548752
2025-04-29 02:00:00,3.539672651073229
2025-04-29 03:00:00,3.257583654748254
2025-04-29 04:00:00,3.755896757909918
2025-04-29 05:00:00,2.3341362762123508
2025-04-29 06:00:00,4.046879046879047
2025-04-29 07:00:00,3.9924622313072913
2025-04-29 08:00:00,3.465772035378601
2025-04-29 09:00:00,4.315851258502227
2025-04-29 10:00:00,4.043344654698367
2025-04-29 11:00:00,3.2735367290821005
2025-04-29 12:00:00,4.161949790237731
2025-04-29 13:00:00,3.571326533527613
2025-04-29 14:00:00,3.404417572241741
2025-04-29 15:00:00,2.7921106122540147
2025-04-29 16:00:00,3.7703978523813833
2025-04-29 17:00:00,4.175853544464489
2025-04-29 18:00:00,3.8669760247486464
2025-04-29 19:00:00,3.8257888776665747
2025-04-29 20:00:00,3.906860446944835
2025-04-29 21:00:00,3.538169775538509
2025-04-29 22:00:00,3.8999126419568197
2025-04-29 23:00:00,3.653795562830669
2025-04-30 00:00:00,4.242321398269132
2025-04-30 01:00:00,4.660874752973638
2025-04-30 02:00:00,3.547105561861521
2025-04-30 03:00:00,4.346616593643508
2025-04-30 04:00:00,3.947077583756986
2025-04-30 05:00:00,4.545123990982474
2025-04-30 06:00:00,2.2840645385276006
2025-04-30 07:00:00,3.4409667740248295
2025-04-30 08:00:00,3.7024969639524903
2025-04-30 09:00:00,2.9700382540927133
2025-04-30 10:00:00,3.7545429970264017
2025-04-30 11:00:00,3.9991042006590525
2025-04-30 12:00:00,3.6543296497690463
2025-04-30 13:00:00,3.6961471362251985
2025-04-30 14:00:00,3.73524577917227
2025-04-30 15:00:00,3.8734467478541106
2025-04-30 16:00:00,2.4653859808291587
2025-04-30 17:00:00,4.346767743505929
2025-04-30 18:00:00,4.1214679020079785
2025-04-30 19:00:00,4.31659645003108
2025-04-30 20:00:00,4.047010068961052
2025-04-30 21:00:00,3.75826819001804
2025-04-30 22:00:00,4.453946196329948
2025-04-30 23:00:00,4.201539444052301
2025-05-01 00:00:00,3.404603023287484
2025-05-01 01:00:00,4.407616361071932
2025-05-01 02:00:00,4.203800235412812
2025-05-01 03:00:00,3.230641993176884
2025-05-01 04:00:00,3.88790395322074
2025-05-01 05:00:00,4.128137384412153
2025-05-01 06:00:00,3.8222793015931265
2025-05-01 07:00:00,3.13291059926314
2025-05-01 08:00:00,4.5040175836846466
2025-05-01 09:00:00,2.5329793916796697
2025-05-01 10:00:00,2.7698375767245005
2025-05-01 11:00:00,3.0449928138169593
2025-05-01 12:00:00,3.379748546708125
2025-05-01 13:00:00,2.703111822329866
2025-05-01 14:00:00,3.0011284242875322
2025-05-01 15:00:00,3.8391842501305327
2025-05-01 16:00:00,4.329004329004329
2025-05-01 17:00:00,3.7722183661767814
2025-05-01 18:00:00,4.526197631893399
2025-05-01 19:00:00,4.2789169205490705
2025-05-01 20:00:00,4.132641253678051
2025-05-01 21:00:00,3.938496439599219
2025-05-01 22:00:00,4.5431416733299415
2025-05-01 23:00:00,4.092456783656364
2025-05-02 00:00:00,3.9145684579731927
2025-05-02 01:00:00,4.094065243023713
2025-05-02 02:00:00,3.4458043885764695
2025-05-02 03:00:00,4.368643623527767
2025-05-02 04:00:00,3.9700184208854727
2025-05-02 05:00:00,2.8885037550548813
2025-05-02 06:00:00,4.735207212667627
2025-05-02 07:00:00,2.9558514034382464
2025-05-02 08:00:00,3.6997572959213874
2025-05-02 09:00:00,3.238174187865914
2025-05-02 10:00:00,4.693954187007135
2025-05-02 11:00:00,3.5478102914880933
2025-05-02 12:00:00,3.8213445018495302
2025-05-02 13:00:00,4.600154565193391
2025-05-02 14:00:00,3.505623019322994
2025-05-02 15:00:00,4.403734366742998
2025-05-02 16:00:00,4.630144090084084
2025-05-02 17:00:00,2.537401295089621
2025-05-02 18:00:00,2.0627403092460264
2025-05-02 19:00:00,3.687641974216007
2025-05-02 20:00:00,1.6827991007121605
2025-05-02 21:00:00,3.5135059167439633
2025-05-02 22:00:00,3.4549474847982315
2025-05-02 23:00:00,4.642525533890437
2025-05-03 00:00:00,3.849944560798325
2025-05-03 01:00:00,4.676918471957197
2025-05-03 02:00:00,3.894566301096709
2025-05-03 03:00:00,3.121878121878122
2025-05-03 04:00:00,4.217416242113432
2025-05-03 05:00:00,4.12160379847006
2025-05-03 06:00:00,3.151154583039226
2025-05-03 07:00:00,4.59896983075791
2025-05-03 08:00:00,4.515243461927467
2025-05-03 09:00:00,3.8329449282472705
2025-05-03 10:00:00,3.6756057398259228
2025-05-03 11:00:00,3.142677561282212
2025-05-03 12:00:00,4.16181122024305
2025-05-03 13:00:00,2.7868194586881883
2025-05-03 14:00:00,4.328704505315649
2025-05-03 15:00:00,3.9403587302588026
2025-05-03 16:00:00,2.1413643060266554
2025-05-03 17:00:00,4.127728428491233
2025-05-03 18:00:00,4.126910759681732
2025-05-03 19:00:00,4.7993856786331355
2025-05-03 20:00:00,3.2515672554171107
2025-05-03 21:00:00,3.405808947741267
2025-05-03 22:00:00,3.9585774456091456
2025-05-03 23:00:00,4.487846910566186
2025-05-04 00:00:00,3.91739007803441
2025-05-04 01:00:00,3.4480856228621874
2025-05-04 02:00:00,2.9618747482406462
2025-05-04 03:00:00,3.7710803390955436
2025-05-04 04:00:00,3.0648522741203874
2025-05-04 05:00:00,2.4856330410228877
2025-05-04 06:00:00,4.106843644248776
2025-05-04 07:00:00,3.904907687982256
2025-05-04 08:00:00,3.1396779946248716
2025-05-04 09:00:00,3.8002006505943506
2025-05-04 10:00:00,4.5442978151016105
2025-05-04 11:00:00,3.7427390861728242
2025-05-04 12:00:00,3.84343387756357
2025-05-04 13:00:00,4.466678577809541
2025-05-04 14:00:00,2.3815874709446327
2025-05-04 15:00:00,4.257783227740309
2025-05-04 16:00:00,4.007694773966015
2025-05-04 17:00:00,2.8851702250432774
2025-05-04 18:00:00,4.112653813252615
2025-05-04 19:00:00,3.9341579328360554
2025-05-04 20:00:00,3.9529441528050095
2025-05-04 21:00:00,3.546099290780142
2025-05-04 22:00:00,4.520795660036166
2025-05-04 23:00:00,4.279209886686522
2025-05-05 00:00:00,3.824852360698877
2025-05-05 01:00:00,3.9729205733718964
2025-05-05 02:00:00,4.107113520617711
2025-05-05 03:00:00,4.155723262076532
2025-05-05 04:00:00,3.9503207660462034
2025-05-05 05:00:00,4.296713873229754
2025-05-05 06:00:00,4.8647596808717655
2025-05-05 07:00:00,3.3189952737507307
2025-05-05 08:00:00,2.2308282619170843
2025-05-05 09:00:00,3.4103620440345943
2025-05-05 10:00:00,3.8282494181060875
2025-05-05 11:00:00,3.5795080324160256
2025-05-05 12:00:00,4.632374740587014
2025-05-05 13:00:00,1.8689911933134968
2025-05-05 14:00:00,4.031347760183184
2025-05-05 15:00:00,3.6336153018807598
2025-05-05 16:00:00,4.3908950400449624
2025-05-05 17:00:00,4.089778824761157
2025-05-05 18:00:00,3.4749249416212606
2025-05-05 19:00:00,4.532598448038292
2025-05-05 20:00:00,4.334708880951555
2025-05-05 21:00:00,4.112383208316884
2025-05-05 22:00:00,2.836461004334112
2025-05-05 23:00:00,3.8027440601137776
2025-05-06 00:00:00,2.4804540223042433
2025-05-06 01:00:00,3.8468640364374957
2025-05-06 02:00:00,3.9724155464454824
2025-05-06 03:00:00,3.5935029466724164
2025-05-06 04:00:00,3.272936740678676
2025-05-06 05:00:00,3.4016382289710725
2025-05-06 06:00:00,3.1373139572823328
2025-05-06 07:00:00,3.7756365723260945
2025-05-06 08:00:00,3.7410588693023668
2025-05-06 09:00:00,4.411972328109558
2025-05-06 10:00:00,4.566210045662101
2025-05-06 11:00:00,3.063650400725473
2025-05-06 12:00:00,3.2758530321295667
2025-05-06 13:00:00,3.7710803390955436
2025-05-06 14:00:00,3.9150588824855928
2025-05-06 15:00:00,2.278568694288995
2025-05-06 16:00:00,2.9415225320625953
2025-05-06 17:00:00,3.7260045308215095
2025-05-06 18:00:00,3.949821468069643
2025-05-06 19:00:00,1.4186328918547775
2025-05-06 20:00:00,1.7263285824770744
2025-05-06 21:00:00,3.559326860104217
2025-05-06 22:00:00,2.187188325663593
2025-05-06 23:00:00,2.836589738352962
2025-05-07 00:00:00,3.1407035175879394
2025-05-07 01:00:00,2.941384097701014
2025-05-07 02:00:00,4.019421846361619
2025-05-07 03:00:00,2.7088525300682624
2025-05-07 04:00:00,3.7563482285061753
2025-05-07 05:00:00,3.459537252297133
2025-05-07 06:00:00,4.043606249797819
2025-05-07 07:00:00,3.538370085203952
2025-05-07 08:00:00,3.1098395322801338
2025-05-07 09:00:00,3.235324567760638
2025-05-07 10:00:00,3.0310378273520855
2025-05-07 11:00:00,2.3964264488794313
2025-05-07 12:00:00,4.299521893165481
2025-05-07 13:00:00,4.853991922957441
2025-05-07 14:00:00,3.827663288115871
2025-05-07 15:00:00,3.465195575638289
2025-05-07 16:00:00,4.301149267084165
2025-05-07 17:00:00,4.214003978019755
2025-05-07 18:00:00,4.618852307578613
2025-05-07 19:00:00,3.814348051631015
2025-05-07 20:00:00,3.1313409654550464
2025-05-07 21:00:00,3.278774525233449
2025-05-07 22:00:00,3.046328564813686
2025-05-07 23:00:00,3.9646040153509468
2025-05-08 00:00:00,4.173622704507513
2025-05-08 01:00:00,3.3169696165583122
2025-05-08 02:00:00,3.47521476827268
2025-05-08 03:00:00,4.491394488160684
2025-05-08 04:00:00,3.655077633848943
2025-05-08 05:00:00,3.7886824477919565
2025-05-08 06:00:00,3.429355281207133
2025-05-08 07:00:00,4.249532551419344
2025-05-08 08:00:00,3.7448695287456184
2025-05-08 09:00:00,4.4593485783596725
2025-05-08 10:00:00,3.7595115642575716
2025-05-08 11:00:00,3.1800142464638252
2025-05-08 12:00:00,4.367117353177515
2025-05-08 13:00:00,4.172647461361285
2025-05-08 14:00:00,3.58402385526278
2025-05-08 15:00:00,2.1261757752036874
2025-05-08 16:00:00,4.142776654624996
2025-05-08 17:00:00,4.114819935479623
2025-05-08 18:00:00,4.040991821032555
2025-05-08 19:00:00,4.058836899698022
2025-05-08 20:00:00,3.303120788520995
2025-05-08 21:00:00,3.817843071378394
2025-05-08 22:00:00,4.096614557729493
2025-05-08 23:00:00,3.2595374064512765
2025-05-09 00:00:00,4.188867665292718
2025-05-09 01:00:00,4.363915654238235
2025-05-09 02:00:00,4.193223750419323
2025-05-09 03:00:00,3.653688764176312
2025-05-09 04:00:00,3.6675175307337966
2025-05-09 05:00:00,2.8681565784039282
2025-05-09 06:00:00,4.264756055953599
2025-05-09 07:00:00,3.648889278103745
2025-05-09 08:00:00,2.7796926771776107
2025-05-09 09:00:00,3.699209848776301
2025-05-09 10:00:00,4.522758520877053
2025-05-09 11:00:00,3.2081718553499474
2025-05-09 12:00:00,4.01567720380365
2025-05-09 13:00:00,3.157442723988987
2025-05-09 14:00:00,3.911261303545167
2025-05-09 15:00:00,3.6621451381361143
2025-05-09 16:00:00,2.5119569149149954
2025-05-09 17:00:00,2.800053761032211
2025-05-09 18:00:00,2.55602813675773
2025-05-09 19:00:00,2.9673590504451033
2025-05-09 20:00:00,1.5070045571817805
2025-05-09 21:00:00,1.7004026553487863
2025-05-09 22:00:00,3.9520693034873062
2025-05-09 23:00:00,3.6724740723330496
2025-05-10 00:00:00,4.072589841331899
2025-05-10 01:00:00,3.0966655105782093
2025-05-10 02:00:00,3.035970174629005
2025-05-10 03:00:00,3.702387299330608
2025-05-10 04:00:00,3.407201461007986
2025-05-10 05:00:00,4.2256854061728815
2025-05-10 06:00:00,4.089109882560764
2025-05-10 07:00:00,3.8289530110886476
2025-05-10 08:00:00,3.861003861003861
2025-05-10 09:00:00,3.89311075121465
2025-05-10 10:00:00,3.482864307606576
2025-05-10 11:00:00,1.6387424945593752
2025-05-10 12:00:00,4.02615389570651
2025-05-10 13:00:00,3.718578015766771
2025-05-10 14:00:00,2.6809651474530827
2025-05-10 15:00:00,3.39840139198521
2025-05-10 16:00:00,1.5318439725003368
2025-05-10 17:00:00,1.2668876118661758
2025-05-10 18:00:00,1.8086322399548567
2025-05-10 19:00:00,1.619087093932957
2025-05-10 20:00:00,1.301364871477205
2025-05-10 21:00:00,1.3423107073440506
2025-05-10 22:00:00,3.1555297503344866
2025-05-10 23:00:00,1.1304953378372269
2025-05-11 00:00:00,2.7482795769848067
2025-05-11 01:00:00,1.2346288705615092
2025-05-11 02:00:00,1.2677356213425828
2025-05-11 03:00:00,1.3243910449975103
2025-05-11 04:00:00,1.383998759937111
2025-05-11 05:00:00,1.214889688016328
2025-05-11 06:00:00,1.2302302006751502
2025-05-11 07:00:00,1.6032629607777749
2025-05-11 08:00:00,1.2701057744088928
2025-05-11 09:00:00,2.9483218152227755
2025-05-11 10:00:00,2.5177247824685787
2025-05-11 11:00:00,3.2743942370661423
2025-05-11 12:00:00,3.1063618290258446
2025-05-11 13:00:00,3.918004012036108
2025-05-11 14:00:00,3.8207604841667684
2025-05-11 15:00:00,4.182980289796875
2025-05-11 16:00:00,3.6828614360213314
2025-05-11 17:00:00,3.4111065629690276
2025-05-11 18:00:00,3.1760550854994034
2025-05-11 19:00:00,3.0926049630124446
2025-05-11 20:00:00,3.65571900681426
2025-05-11 21:00:00,3.0095100517635727
2025-05-11 22:00:00,4.551247041689423
2025-05-11 23:00:00,2.9415917541299947
2025-05-12 00:00:00,3.150519205565077
2025-05-12 01:00:00,3.463083529574733
2025-05-12 02:00:00,3.638162873275511
2025-05-12 03:00:00,3.8759689922480627
2025-05-12 04:00:00,4.13537565752473
2025-05-12 05:00:00,4.554729631249089
2025-05-12 06:00:00,4.522267645888354
2025-05-12 07:00:00,3.428132627595096
2025-05-12 08:00:00,4.525214495167071
2025-05-12 09:00:00,3.1991400711488756
2025-05-12 10:00:00,4.474833536192453
2025-05-12 11:00:00,4.1307293215690155
2025-05-12 12:00:00,3.5391715507234065
2025-05-12 13:00:00,4.166388907406173
2025-05-12 14:00:00,3.368999811336011
2025-05-12 15:00:00,3.698772007693446
2025-05-12 16:00:00,3.937255890134812
2025-05-12 17:00:00,3.726559937990042
2025-05-12 18:00:00,3.758155196777006
2025-05-12 19:00:00,3.055861141669723
2025-05-12 20:00:00,3.939117007531593
2025-05-12 21:00:00,4.5542317921812945
2025-05-12 22:00:00,3.8350616677916176
2025-05-12 23:00:00,3.3462722527104805
2025-05-13 00:00:00,3.6130300315056223
2025-05-13 01:00:00,4.474032714127206
2025-05-13 02:00:00,4.274527237287555
2025-05-13 03:00:00,3.924277148149311
2025-05-13 04:00:00,3.9834289356277885
2025-05-13 05:00:00,3.9916972696790674
2025-05-13 06:00:00,2.6152268970855905
2025-05-13 07:00:00,4.598462274215502
2025-05-13 08:00:00,3.299981520103487
2025-05-13 09:00:00,3.3992331330051933
2025-05-13 10:00:00,4.068348250610252
2025-05-13 11:00:00,3.9807649437915993
2025-05-13 12:00:00,3.677011325194882
2025-05-13 13:00:00,4.194490117781283
2025-05-13 14:00:00,4.019292604501608
2025-05-13 15:00:00,3.64240340346174
2025-05-13 16:00:00,4.180881664325374
2025-05-13 17:00:00,4.464126281204243
2025-05-13 18:00:00,4.049763493811961
2025-05-13 19:00:00,4.61561184550624
2025-05-13 20:00:00,3.2345710958726874
2025-05-13 21:00:00,3.2516518391342797
2025-05-13 22:00:00,4.379664342524789
2025-05-13 23:00:00,4.246645150331238
2025-05-14 00:00:00,4.284049626430872
2025-05-14 01:00:00,3.6235034930573664
2025-05-14 02:00:00,3.7424029220682016
2025-05-14 03:00:00,4.195757250268529
2025-05-14 04:00:00,4.066892243623114
2025-05-14 05:00:00,3.6553982921979173
2025-05-14 06:00:00,4.423839184597962
2025-05-14 07:00:00,3.022462944604299
2025-05-14 08:00:00,4.469873055605221
2025-05-14 09:00:00,4.074581133059523
2025-05-14 10:00:00,4.2627199563497475
2025-05-14 11:00:00,3.093217193338447
2025-05-14 12:00:00,4.19533478771606
2025-05-14 13:00:00,3.678959295994349
2025-05-14 14:00:00,2.9737123825383613
2025-05-14 15:00:00,3.964226817201573
2025-05-14 16:00:00,4.271605782045587
2025-05-14 17:00:00,3.140151229683222
2025-05-14 18:00:00,3.9053956946917863
2025-05-14 19:00:00,3.829891537471658
2025-05-14 20:00:00,3.3468098208787382
2025-05-14 21:00:00,3.419224246402976
2025-05-14 22:00:00,4.095004095004096
2025-05-14 23:00:00,3.9465791052315855
2025-05-15 00:00:00,4.366049598323437
2025-05-15 01:00:00,4.2258282623394186
2025-05-15 02:00:00,3.908692933083177
2025-05-15 03:00:00,3.568675593113883
2025-05-15 04:00:00,4.260250161889506
2025-05-15 05:00:00,2.6991427522618823
2025-05-15 06:00:00,3.8349440098174568
2025-05-15 07:00:00,2.9630683165031053
2025-05-15 08:00:00,3.113557675542382
2025-05-15 09:00:00,3.2263892832253567
2025-05-15 10:00:00,4.715735466103293
2025-05-15 11:00:00,4.6720239207624745
2025-05-15 12:00:00,4.619364375461937
2025-05-15 13:00:00,4.550915644227619
2025-05-15 14:00:00,3.5380696292103027
2025-05-15 15:00:00,3.358409457281032
2025-05-15 16:00:00,4.379050621825189
2025-05-15 17:00:00,4.157243581215911
2025-05-15 18:00:00,4.460303300624442
2025-05-15 19:00:00,3.3586801730392026
2025-05-15 20:00:00,3.598882906745746
2025-05-15 21:00:00,2.1832154396995893
2025-05-15 22:00:00,3.256480395988016
2025-05-15 23:00:00,3.9881313211881437
2025-05-16 00:00:00,4.705085256144841
2025-05-16 01:00:00,4.409948844593402
2025-05-16 02:00:00,2.1210527208864303
2025-05-16 03:00:00,3.7030453845242324
2025-05-16 04:00:00,4.000256016385049
2025-05-16 05:00:00,2.8164571222567707
2025-05-16 06:00:00,3.459058582616155
2025-05-16 07:00:00,3.8307131255554543
2025-05-16 08:00:00,3.1784778905077937
2025-05-16 09:00:00,3.6582867511487014
2025-05-16 10:00:00,4.626545266118884
2025-05-16 11:00:00,3.655932847825451
2025-05-16 12:00:00,4.3595019704948905
2025-05-16 13:00:00,3.412223951082357
2025-05-16 14:00:00,3.047294002925402
2025-05-16 15:00:00,3.193908577560876
2025-05-16 16:00:00,4.492362982929021
2025-05-16 17:00:00,4.325708551060663
2025-05-16 18:00:00,1.6507534038535185
2025-05-16 19:00:00,3.103970599190484
2025-05-16 20:00:00,4.036164029706168
2025-05-16 21:00:00,3.4732835032926728
2025-05-16 22:00:00,4.189710072063014
2025-05-16 23:00:00,3.4211894791581137
2025-05-17 00:00:00,3.830008885620615
2025-05-17 01:00:00,4.220834036805672
2025-05-17 02:00:00,3.063049817442231
2025-05-17 03:00:00,2.163453217487625
2025-05-17 04:00:00,3.6473986752648018
2025-05-17 05:00:00,4.08697073728952
2025-05-17 06:00:00,4.347372448092373
2025-05-17 07:00:00,3.7009622501850483
2025-05-17 08:00:00,3.886574218021267
2025-05-17 09:00:00,4.872534497544243
2025-05-17 10:00:00,3.704472038645053
2025-05-17 11:00:00,4.48913629017777
2025-05-17 12:00:00,3.782835007868296
2025-05-17 13:00:00,3.0505661850839516
2025-05-17 14:00:00,4.334408266583446
2025-05-17 15:00:00,3.212294091948706
2025-05-17 16:00:00,4.5167118337850045
2025-05-17 17:00:00,3.7445329818465045
2025-05-17 18:00:00,2.939723901131205
2025-05-17 19:00:00,4.688496305464911
2025-05-17 20:00:00,2.9980332901616538
2025-05-17 21:00:00,3.0711776123436776
2025-05-17 22:00:00,3.5788931199358665
2025-05-17 23:00:00,3.486264119369683
2025-05-18 00:00:00,3.1608759419410304
2025-05-18 01:00:00,3.227555578507062
2025-05-18 02:00:00,3.8211108733531014
2025-05-18 03:00:00,2.7694693696687716
2025-05-18 04:00:00,4.4955943175687825
2025-05-18 05:00:00,3.505623019322994
2025-05-18 06:00:00,4.223115645798845
2025-05-18 07:00:00,3.353993935978964
2025-05-18 08:00:00,3.8431975403535743
2025-05-18 09:00:00,4.199140016124698
2025-05-18 10:00:00,3.22231387915034
2025-05-18 11:00:00,3.7927058680745196
2025-05-18 12:00:00,3.938620537542931
2025-05-18 13:00:00,3.958702812262478
2025-05-18 14:00:00,4.120788554097712
2025-05-18 15:00:00,2.3851775526170167
2025-05-18 16:00:00,3.252582550545133
2025-05-18 17:00:00,4.419772293331447
2025-05-18 18:00:00,4.4252486989768824
2025-05-18 19:00:00,3.5540644280799523
2025-05-18 20:00:00,3.923045538712613
2025-05-18 21:00:00,4.5066157118650185
2025-05-18 22:00:00,4.150066401062417
2025-05-18 23:00:00,4.052914856364698
2025-05-19 00:00:00,4.106303997897572
2025-05-19 01:00:00,4.259524296326586
2025-05-19 02:00:00,2.292232083914032
2025-05-19 03:00:00,4.149790850541133
2025-05-19 04:00:00,4.309007549381226
2025-05-19 05:00:00,3.7352457791722693
2025-05-19 06:00:00,3.274908957530981
2025-05-19 07:00:00,2.453722788214279
2025-05-19 08:00:00,3.9480749186696573
2025-05-19 09:00:00,4.627059041273366
2025-05-19 10:00:00,2.5501876938142654
2025-05-19 11:00:00,4.125684863687371
2025-05-19 12:00:00,3.69210775047259
2025-05-19 13:00:00,4.337717319637713
2025-05-19 14:00:00,3.694726885788603
2025-05-19 15:00:00,3.7022776412048697
2025-05-19 16:00:00,4.554065870008744
2025-05-19 17:00:00,3.4926932856464274
2025-05-19 18:00:00,4.092322802422655
2025-05-19 19:00:00,4.116310468600783
2025-05-19 20:00:00,3.5778687351518452
2025-05-19 21:00:00,4.431209897550427
2025-05-19 22:00:00,4.202245680091441
2025-05-19 23:00:00,2.418028822903569
2025-05-20 00:00:00,4.19533478771606
2025-05-20 01:00:00,3.0471454341572817
2025-05-20 02:00:00,2.8750172501035003
2025-05-20 03:00:00,2.995805871779509
2025-05-20 04:00:00,3.2793766560852116
2025-05-20 05:00:00,3.414834039065701
2025-05-20 06:00:00,3.4431467606875272
2025-05-20 07:00:00,3.579610538373425
2025-05-20 08:00:00,3.0433618191999616
2025-05-20 09:00:00,3.4930836942853145
2025-05-20 10:00:00,3.7896013339396695
2025-05-20 11:00:00,4.2391562383423205
2025-05-20 12:00:00,3.4576233680017707
2025-05-20 13:00:00,4.094199338377386
2025-05-20 14:00:00,4.106978577999738
2025-05-20 15:00:00,3.39148601351168
2025-05-20 16:00:00,3.475794566637934
2025-05-20 17:00:00,4.5020709526382126
2025-05-20 18:00:00,4.364525139664804
2025-05-20 19:00:00,4.630658664888494
2025-05-20 20:00:00,3.0528012504273914
2025-05-20 21:00:00,3.9553206974021453
2025-05-20 22:00:00,2.882774843753603
2025-05-20 23:00:00,2.8651324837260477
2025-05-21 00:00:00,3.225223830533839
2025-05-21 01:00:00,3.4449497037343257
2025-05-21 02:00:00,4.177807486631016
2025-05-21 03:00:00,4.926108374384236
2025-05-21 04:00:00,3.2718230598089253
2025-05-21 05:00:00,3.3022481705545137
2025-05-21 06:00:00,3.6354118194509075
2025-05-21 07:00:00,3.6578585432944144
2025-05-21 08:00:00,3.2155995163738336
2025-05-21 09:00:00,4.101453555139941
2025-05-21 10:00:00,4.562709884654694
2025-05-21 11:00:00,2.0188316617407174
2025-05-21 12:00:00,3.7995075838171375
2025-05-21 13:00:00,4.304852429658712
2025-05-21 14:00:00,3.283080317276882
2025-05-21 15:00:00,3.9716582467511836
2025-05-21 16:00:00,4.496888153397849
2025-05-21 17:00:00,3.8918986238246456
2025-05-21 18:00:00,4.1117068517482975
2025-05-21 19:00:00,4.388428591489959
2025-05-21 20:00:00,3.739492027402997
2025-05-21 21:00:00,4.034861200774694
2025-05-21 22:00:00,4.721435316336167
2025-05-21 23:00:00,3.4187566665755
2025-05-22 00:00:00,3.8096979671451656
2025-05-22 01:00:00,4.423839184597962
2025-05-22 02:00:00,4.291256136496275
2025-05-22 03:00:00,3.412410253610329
2025-05-22 04:00:00,4.531119730307754
2025-05-22 05:00:00,4.7639010633027175
2025-05-22 06:00:00,3.5274861722542052
2025-05-22 07:00:00,4.013227598163547
2025-05-22 08:00:00,3.3768268633330623
2025-05-22 09:00:00,3.0340542246171025
2025-05-22 10:00:00,3.495427980201896
2025-05-22 11:00:00,3.3346672002134183
2025-05-22 12:00:00,4.355704230259948
2025-05-22 13:00:00,4.120652711389485
2025-05-22 14:00:00,3.130086390384374
2025-05-22 15:00:00,4.57841916343125
2025-05-22 16:00:00,3.622243472717261
2025-05-22 17:00:00,2.955921301551267
2025-05-22 18:00:00,3.9083262983459965
2025-05-22 19:00:00,4.7708102744170064
2025-05-22 20:00:00,4.595757196955771
2025-05-22 21:00:00,3.9510699497423905
2025-05-22 22:00:00,3.5680643964262266
2025-05-22 23:00:00,3.193337420805232
2025-05-23 00:00:00,3.893232005481671
2025-05-23 01:00:00,4.761541977754075
2025-05-23 02:00:00,4.305742137714856
2025-05-23 03:00:00,4.36589710453704
2025-05-23 04:00:00,4.430267588162326
2025-05-23 05:00:00,3.502970519000112
2025-05-23 06:00:00,2.7623088482277023
2025-05-23 07:00:00,3.768806343654838
2025-05-23 08:00:00,4.598462274215502
2025-05-23 09:00:00,4.493331895467127
2025-05-23 10:00:00,3.6716111029519753
2025-05-23 11:00:00,3.652407667134175
2025-05-23 12:00:00,2.98564501874985
2025-05-23 13:00:00,2.6207648440120765
2025-05-23 14:00:00,4.26956313829969
2025-05-23 15:00:00,4.257493188010899
2025-05-23 16:00:00,2.697162584960622
2025-05-23 17:00:00,3.6783097431068477
2025-05-23 18:00:00,1.4291921062861586
2025-05-23 19:00:00,2.8799189014837343
2025-05-23 20:00:00,1.721834235574473
2025-05-23 21:00:00,3.4346320822113534
2025-05-23 22:00:00,3.6598934239034957
2025-05-23 23:00:00,3.100198412698412
2025-05-24 00:00:00,3.736585657489611
2025-05-24 01:00:00,3.0194695395912845
2025-05-24 02:00:00,2.3015595367420967
2025-05-24 03:00:00,2.6647338463834234
2025-05-24 04:00:00,2.8748188864101563
2025-05-24 05:00:00,2.039850519753912
2025-05-24 06:00:00,2.4749534708747483
2025-05-24 07:00:00,3.1877183587075706
2025-05-24 08:00:00,2.505261048201223
2025-05-24 09:00:00,3.5958805592313445
2025-05-24 10:00:00,2.8611320927464585
2025-05-24 11:00:00,4.063322822871632
2025-05-24 12:00:00,2.770942785573363
2025-05-24 13:00:00,2.9490173874065166
2025-05-24 14:00:00,3.9957804558386347
2025-05-24 15:00:00,4.133187845121185
2025-05-24 16:00:00,3.041288533125715
2025-05-24 17:00:00,3.36157052574963
2025-05-24 18:00:00,3.6808009422850416
2025-05-24 19:00:00,1.2096344968404344
2025-05-24 20:00:00,1.2841718119150596
2025-05-24 21:00:00,1.720033575055385
2025-05-24 22:00:00,1.3706140350877194
2025-05-24 23:00:00,1.567751969096473
2025-05-25 00:00:00,1.682549938082162
2025-05-25 01:00:00,1.6422734319573271
2025-05-25 02:00:00,1.3497899726802511
2025-05-25 03:00:00,1.945283077593452
2025-05-25 04:00:00,1.7503325631870057
2025-05-25 05:00:00,1.655497576351548
2025-05-25 06:00:00,1.363497534796457
2025-05-25 07:00:00,1.3534143938327614
2025-05-25 08:00:00,1.7565060985891743
2025-05-25 09:00:00,2.313015802523963
2025-05-25 10:00:00,4.275258225596826
2025-05-25 11:00:00,1.8742877706471541
2025-05-25 12:00:00,2.3100663451054313
2025-05-25 13:00:00,3.2329815849368924
2025-05-25 14:00:00,3.149249218986194
2025-05-25 15:00:00,2.078103439676813
2025-05-25 16:00:00,4.127047015319599
2025-05-25 17:00:00,3.974436424914946
2025-05-25 18:00:00,2.4966544829927897
2025-05-25 19:00:00,4.1017227235438884
2025-05-25 20:00:00,2.251562584433597
2025-05-25 21:00:00,4.5908623475833705
2025-05-25 22:00:00,2.1976862758887443
2025-05-25 23:00:00,3.3074908051755623
2025-05-26 00:00:00,3.0631999411865616
2025-05-26 01:00:00,3.8796983146590516
2025-05-26 02:00:00,3.0812463025044377
2025-05-26 03:00:00,4.1133304814241995
2025-05-26 04:00:00,3.538169775538509
2025-05-26 05:00:00,2.902117384843982
2025-05-26 06:00:00,3.718909913126264
2025-05-26 07:00:00,2.2314654479890037
2025-05-26 08:00:00,3.080638801261829
2025-05-26 09:00:00,3.1552111467299393
2025-05-26 10:00:00,3.4141811427947117
2025-05-26 11:00:00,2.96721817361787
2025-05-26 12:00:00,3.9624675077664357
2025-05-26 13:00:00,3.0257552285050346
2025-05-26 14:00:00,3.2346547976399953
2025-05-26 15:00:00,4.137291894217721
2025-05-26 16:00:00,3.3078409060837806
2025-05-26 17:00:00,3.6692400270056065
2025-05-26 18:00:00,2.521839126838421
2025-05-26 19:00:00,4.649778670535283
2025-05-26 20:00:00,4.057519394942708
2025-05-26 21:00:00,3.3483338690667526
2025-05-26 22:00:00,3.2652421503578704
2025-05-26 23:00:00,3.4094318522761364
2025-05-27 00:00:00,3.92575610062498
2025-05-27 01:00:00,4.074581133059521
2025-05-27 02:00:00,3.6938534278959816
2025-05-27 03:00:00,3.912852939335128
2025-05-27 04:00:00,4.570885289062787
2025-05-27 05:00:00,2.9827240622315547
2025-05-27 06:00:00,3.5165700782085185
2025-05-27 07:00:00,3.6886213408876296
2025-05-27 08:00:00,3.698115440371587
2025-05-27 09:00:00,4.735745406326956
2025-05-27 10:00:00,4.221119103096613
2025-05-27 11:00:00,2.7055105839574045
2025-05-27 12:00:00,4.564209296381494
2025-05-27 13:00:00,3.9126079879804676
2025-05-27 14:00:00,4.705085256144842
2025-05-27 15:00:00,3.4356705054558443
2025-05-27 16:00:00,2.5474332063013305
2025-05-27 17:00:00,4.150617611900651
2025-05-27 18:00:00,4.31064211324919
2025-05-27 19:00:00,3.117751228393984
2025-05-27 20:00:00,4.759185227489054
2025-05-27 21:00:00,3.8723667905824035
2025-05-27 22:00:00,3.765627353517096
2025-05-27 23:00:00,3.565214911154845
2025-05-28 00:00:00,2.6646202383236335
2025-05-28 01:00:00,3.608232543370955
2025-05-28 02:00:00,3.0610995469572666
2025-05-28 03:00:00,3.9553206974021444
2025-05-28 04:00:00,3.5559854346836595
2025-05-28 05:00:00,3.8891135932298315
2025-05-28 06:00:00,2.9541748398837235
2025-05-28 07:00:00,3.0248033877797944
2025-05-28 08:00:00,2.1500567614985036
2025-05-28 09:00:00,2.958930050893597
2025-05-28 10:00:00,3.1269543464665417
2025-05-28 11:00:00,3.814930110480375
2025-05-28 12:00:00,3.4210958454212053
2025-05-28 13:00:00,3.3675476171233063
2025-05-28 14:00:00,3.7756365723260936
2025-05-28 15:00:00,4.1681950048351055
2025-05-28 16:00:00,2.868814835215276
2025-05-28 17:00:00,2.9678522247020274
2025-05-28 18:00:00,1.5662001478492935
2025-05-28 19:00:00,2.0464293900003274
2025-05-28 20:00:00,1.907610603262777
2025-05-28 21:00:00,4.348884945899871
2025-05-28 22:00:00,2.833631809217238
2025-05-28 23:00:00,4.193364420141568
2025-05-29 00:00:00,3.5534582255451004
2025-05-29 01:00:00,4.641146548843427
2025-05-29 02:00:00,3.4696200072168097
2025-05-29 03:00:00,3.5098556747346543
2025-05-29 04:00:00,2.0222610496343747
2025-05-29 05:00:00,2.234816655641571
2025-05-29 06:00:00,2.866906722322883
2025-05-29 07:00:00,4.048189649588704
2025-05-29 08:00:00,2.2308282619170847
2025-05-29 09:00:00,3.393143136350064
2025-05-29 10:00:00,2.8466671221334057
2025-05-29 11:00:00,2.6839585167371647
2025-05-29 12:00:00,3.25749876215047
2025-05-29 13:00:00,3.656681488415633
2025-05-29 14:00:00,4.067024564828372
2025-05-29 15:00:00,4.514754216780439
2025-05-29 16:00:00,3.587109363790283
2025-05-29 17:00:00,4.175714047102055
2025-05-29 18:00:00,3.101506091357963
2025-05-29 19:00:00,3.5603406533937165
2025-05-29 20:00:00,2.0926105735427054
2025-05-29 21:00:00,4.177109440267335
2025-05-29 22:00:00,4.4985064958433805
2025-05-29 23:00:00,4.486880361822031
2025-05-30 00:00:00,3.757251495386096
2025-05-30 01:00:00,3.4179153450727333
2025-05-30 02:00:00,3.0859625734459093
2025-05-30 03:00:00,3.81900950169564
2025-05-30 04:00:00,3.8394200939890037
2025-05-30 05:00:00,2.007483899979122
2025-05-30 06:00:00,4.298486932599725
2025-05-30 07:00:00,4.8108378555209175
2025-05-30 08:00:00,3.062374442647852
2025-05-30 09:00:00,3.303731895549212
2025-05-30 10:00:00,4.674295116296463
2025-05-30 11:00:00,3.5808410679500406
2025-05-30 12:00:00,4.2138619201726
2025-05-30 13:00:00,3.3543539514289553
2025-05-30 14:00:00,4.544958731774716
2025-05-30 15:00:00,3.2538525614327365
2025-05-30 16:00:00,4.813431398975702
2025-05-30 17:00:00,3.347347561792036
2025-05-30 18:00:00,3.7578162578162577
2025-05-30 19:00:00,2.7181594798530013
2025-05-30 20:00:00,2.926303961045041
2025-05-30 21:00:00,1.9688449967710941
2025-05-30 22:00:00,2.9440165807013816
2025-05-30 23:00:00,3.833767827020396
2025-05-31 00:00:00,3.8378876266502924
2025-05-31 01:00:00,2.179408944294307
2025-05-31 02:00:00,3.4924981140510187
2025-05-31 03:00:00,4.286253128964784
2025-05-31 04:00:00,2.8713849263776905
2025-05-31 05:00:00,3.2238929151729296
2025-05-31 06:00:00,4.457122481725798
2025-05-31 07:00:00,2.9987525189521156
2025-05-31 08:00:00,1.8388302097737501
2025-05-31 09:00:00,2.8608701622685553
2025-05-31 10:00:00,3.288348722805356
2025-05-31 11:00:00,2.2912656951700114
2025-05-31 12:00:00,3.555580839685972
2025-05-31 13:00:00,1.5721292919129668
2025-05-31 14:00:00,4.0295283839979374
2025-05-31 15:00:00,3.512321222849757
2025-05-31 16:00:00,3.118995932829304
2025-05-31 17:00:00,2.4272787292710394
2025-05-31 18:00:00,4.370935030421708
2025-05-31 19:00:00,3.3531841837008423
2025-05-31 20:00:00,1.8230609923285597
2025-05-31 21:00:00,2.1827579583355163
2025-05-31 22:00:00,3.8654214855587856
2025-05-31 23:00:00,2.7837163727062175
2025-06-01 00:00:00,2.4879087634098282
2025-06-01 01:00:00,2.0650575738051575
2025-06-01 02:00:00,3.3673661808679722
2025-06-01 03:00:00,3.2106439267459486
2025-06-01 04:00:00,3.144574979245805
2025-06-01 05:00:00,3.7528521676474123
2025-06-01 06:00:00,2.719460459044925
2025-06-01 07:00:00,2.7811151159168777
2025-06-01 08:00:00,2.9469316547610624
2025-06-01 09:00:00,4.51703826834821
2025-06-01 10:00:00,3.430955452474405
2025-06-01 11:00:00,3.915058882485592
2025-06-01 12:00:00,4.084700346382589
2025-06-01 13:00:00,3.1530622540611444
2025-06-01 14:00:00,3.9157947497023997
2025-06-01 15:00:00,4.736463188208101
2025-06-01 16:00:00,3.843788437884379
2025-06-01 17:00:00,3.1751676488518594
2025-06-01 18:00:00,3.5600364547732966
2025-06-01 19:00:00,4.454422350509586
2025-06-01 20:00:00,2.7909261409306065
2025-06-01 21:00:00,3.6832955181660134
2025-06-01 22:00:00,3.63901018922853
2025-06-01 23:00:00,4.0249871200412155
2025-06-02 00:00:00,3.6253951680733203
2025-06-02 01:00:00,3.8303609732181156
2025-06-02 02:00:00,3.90368820461572
2025-06-02 03:00:00,2.937375161555633
2025-06-02 04:00:00,3.0322878004997205
2025-06-02 05:00:00,3.5670462003823875
2025-06-02 06:00:00,3.3268570516062064
2025-06-02 07:00:00,3.2223138791503403
2025-06-02 08:00:00,4.168056018672891
2025-06-02 09:00:00,4.669057223965337
2025-06-02 10:00:00,2.107108541375183
2025-06-02 11:00:00,3.4624120547338104
2025-06-02 12:00:00,4.214430209035738
2025-06-02 13:00:00,3.930817610062893
2025-06-02 14:00:00,2.9708853238265003
2025-06-02 15:00:00,4.0203267721600415
2025-06-02 16:00:00,3.201762249942368
2025-06-02 17:00:00,3.260387594877279
2025-06-02 18:00:00,3.062824659413898
2025-06-02 19:00:00,2.8349171070237906
2025-06-02 20:00:00,3.276969458644645
2025-06-02 21:00:00,2.767936226749335
2025-06-02 22:00:00,2.8074115665356536
2025-06-02 23:00:00,4.226256888798729
2025-06-03 00:00:00,3.600645235626224
2025-06-03 01:00:00,4.193786485942428
2025-06-03 02:00:00,4.108058367293282
2025-06-03 03:00:00,3.1635158049249616
2025-06-03 04:00:00,4.004741614071061
2025-06-03 05:00:00,2.523977788995457
2025-06-03 06:00:00,3.150360401229901
2025-06-03 07:00:00,4.192239326558675
2025-06-03 08:00:00,3.549825348592849
2025-06-03 09:00:00,3.2868787799105967
2025-06-03 10:00:00,3.156565656565657
2025-06-03 11:00:00,3.9890222108756688
2025-06-03 12:00:00,2.767017155506364
2025-06-03 13:00:00,3.2746515770722
2025-06-03 14:00:00,3.7697156126541813
2025-06-03 15:00:00,2.9518029612487307
2025-06-03 16:00:00,3.3881766188707885
2025-06-03 17:00:00,2.9262354566097803
2025-06-03 18:00:00,2.91056418376138
2025-06-03 19:00:00,4.946772725473901
2025-06-03 20:00:00,2.0989706647859885
2025-06-03 21:00:00,3.553862337588491
2025-06-03 22:00:00,2.995590490797546
2025-06-03 23:00:00,4.0187757201646095
2025-06-04 00:00:00,2.8154421370332
2025-06-04 01:00:00,3.306091142320611
2025-06-04 02:00:00,2.318679280281952
2025-06-04 03:00:00,3.1069795187910123
2025-06-04 04:00:00,3.1781546362919837
2025-06-04 05:00:00,3.6493153884331293
2025-06-04 06:00:00,3.445329511314463
2025-06-04 07:00:00,2.370117557830868
2025-06-04 08:00:00,2.7903654262562223
2025-06-04 09:00:00,2.897542883634678
2025-06-04 10:00:00,3.6876419742160076
2025-06-04 11:00:00,3.07064950378304
2025-06-04 12:00:00,2.1930978823446847
2025-06-04 13:00:00,3.2819597237902696
2025-06-04 14:00:00,4.749962000303997
2025-06-04 15:00:00,2.3988638980578796
2025-06-04 16:00:00,3.513703443429374
2025-06-04 17:00:00,3.15824048106319
2025-06-04 18:00:00,3.8260230785712093
2025-06-04 19:00:00,3.648889278103746
2025-06-04 20:00:00,3.3538139572321644
2025-06-04 21:00:00,4.267231079097395
2025-06-04 22:00:00,2.533287396388546
2025-06-04 23:00:00,3.275595503262493
2025-06-05 00:00:00,3.9297054292810216
2025-06-05 01:00:00,4.5123095805357005
2025-06-05 02:00:00,4.280968526319394
2025-06-05 03:00:00,4.306780595369349
2025-06-05 04:00:00,3.46740638002774
2025-06-05 05:00:00,3.2428786385098323
2025-06-05 06:00:00,3.8410718126786105
2025-06-05 07:00:00,3.827194513333946
2025-06-05 08:00:00,3.416887625399776
2025-06-05 09:00:00,4.132914531327493
2025-06-05 10:00:00,3.270282290767339
2025-06-05 11:00:00,4.448081987047185
2025-06-05 12:00:00,4.437817303937232
2025-06-05 13:00:00,4.210313584155748
2025-06-05 14:00:00,4.6600059648076355
2025-06-05 15:00:00,3.0167732593218295
2025-06-05 16:00:00,4.278477546549835
2025-06-05 17:00:00,3.873926922242539
2025-06-05 18:00:00,3.9638496908197247
2025-06-05 19:00:00,3.3027716859988896
2025-06-05 20:00:00,2.7678136486426648
2025-06-05 21:00:00,3.509658580413298
2025-06-05 22:00:00,4.964454505738909
2025-06-05 23:00:00,4.336212578485448
2025-06-06 00:00:00,4.1176664360773465
2025-06-06 01:00:00,4.663831057383777
2025-06-06 02:00:00,4.127864738128261
2025-06-06 03:00:00,3.5146914100941937
2025-06-06 04:00:00,3.8157452913703107
2025-06-06 05:00:00,3.245235993561452
2025-06-06 06:00:00,4.353428760491764
2025-06-06 07:00:00,3.8174932812118247
2025-06-06 08:00:00,2.6642794722595227
2025-06-06 09:00:00,4.007052412245552
2025-06-06 10:00:00,4.007566285146357
2025-06-06 11:00:00,4.105090311986864
2025-06-06 12:00:00,3.1474254060178772
2025-06-06 13:00:00,3.170335801968144
2025-06-06 14:00:00,3.412782919704044
2025-06-06 15:00:00,3.2349896480331264
2025-06-06 16:00:00,3.4656759454363977
2025-06-06 17:00:00,3.8512493452876115
2025-06-06 18:00:00,3.447039682320823
2025-06-06 19:00:00,3.2665220686230954
2025-06-06 20:00:00,4.389199058955721
2025-06-06 21:00:00,4.20889592242163
2025-06-06 22:00:00,4.373840932152979
2025-06-06 23:00:00,3.7200166656746623
2025-06-07 00:00:00,3.630765655861508
2025-06-07 01:00:00,4.37598459653422
2025-06-07 02:00:00,2.8779959938295763
2025-06-07 03:00:00,3.816211265455654
2025-06-07 04:00:00,3.7322345634778453
2025-06-07 05:00:00,2.9265780108634583
2025-06-07 06:00:00,3.487820530706771
2025-06-07 07:00:00,3.3793830598285974
2025-06-07 08:00:00,3.6901458345633817
2025-06-07 09:00:00,4.485914229319936
2025-06-07 10:00:00,4.108733523978568
2025-06-07 11:00:00,3.1062074449580037
2025-06-07 12:00:00,3.7132757032944186
2025-06-07 13:00:00,4.1504797954643555
2025-06-07 14:00:00,3.540374429999716
2025-06-07 15:00:00,3.5228137417918437
2025-06-07 16:00:00,4.564876017967352
2025-06-07 17:00:00,3.7770055899682733
2025-06-07 18:00:00,3.719463207069956
2025-06-07 19:00:00,2.8691440769389676
2025-06-07 20:00:00,4.216135995682676
2025-06-07 21:00:00,3.1146438093339643
2025-06-07 22:00:00,3.90307874851683
2025-06-07 23:00:00,4.096748820136339
2025-06-08 00:00:00,1.8373436420560607
2025-06-08 01:00:00,4.167222296306174
2025-06-08 02:00:00,3.107442947347487
2025-06-08 03:00:00,3.707658539479148
2025-06-08 04:00:00,3.8865742180212677
2025-06-08 05:00:00,4.41399766940923
2025-06-08 06:00:00,3.6251848844291055
2025-06-08 07:00:00,3.847456062051772
2025-06-08 08:00:00,4.636498516320475
2025-06-08 09:00:00,3.8605268847092256
2025-06-08 10:00:00,4.366507143605687
2025-06-08 11:00:00,4.05593951782991
2025-06-08 12:00:00,4.174180191010485
2025-06-08 13:00:00,4.015677203803649
2025-06-08 14:00:00,4.217985490129914
2025-06-08 15:00:00,3.258517765438858
2025-06-08 16:00:00,4.065437278433668
2025-06-08 17:00:00,4.007052412245552
2025-06-08 18:00:00,4.468914232598047
2025-06-08 19:00:00,3.5301759439690477
2025-06-08 20:00:00,3.0452153576300915
2025-06-08 21:00:00,3.6670871593276035
2025-06-08 22:00:00,3.1120073692334502
2025-06-08 23:00:00,4.423526081109774
2025-06-09 00:00:00,4.447290710499163
2025-06-09 01:00:00,4.4000140800450565
2025-06-09 02:00:00,4.3563114239910785
2025-06-09 03:00:00,4.779566397736398
2025-06-09 04:00:00,4.298782584771993
2025-06-09 05:00:00,3.3784696883699556
2025-06-09 06:00:00,4.639940608760208
2025-06-09 07:00:00,3.9293348421979126
2025-06-09 08:00:00,4.305148958153953
2025-06-09 09:00:00,3.8321223826604123
2025-06-09 10:00:00,4.202528240989779
2025-06-09 11:00:00,4.2563334241351125
2025-06-09 12:00:00,2.890173410404624
2025-06-09 13:00:00,4.044914733197424
2025-06-09 14:00:00,2.7194012966105388
2025-06-09 15:00:00,4.681647940074906
2025-06-09 16:00:00,4.173065366895908
2025-06-09 17:00:00,4.069672798307016
2025-06-09 18:00:00,3.989658804379049
2025-06-09 19:00:00,4.352216148462798
2025-06-09 20:00:00,4.292140232805687
2025-06-09 21:00:00,4.613056795955271
2025-06-09 22:00:00,4.20974640487657
2025-06-09 23:00:00,3.5025778973324364
2025-06-10 00:00:00,3.0641009927687213
2025-06-10 01:00:00,3.6687015731392347
2025-06-10 02:00:00,4.117259552042161
2025-06-10 03:00:00,3.6148062463851938
2025-06-10 04:00:00,3.6521942382983688
2025-06-10 05:00:00,2.601132012651907
2025-06-10 06:00:00,4.5795933321121085
2025-06-10 07:00:00,3.142835591984512
2025-06-10 08:00:00,3.7686927158707184
2025-06-10 09:00:00,3.2501300052002087
2025-06-10 10:00:00,3.908081913396905
2025-06-10 11:00:00,4.672897196261681
2025-06-10 12:00:00,4.617487348084666
2025-06-10 13:00:00,4.00563994103698
2025-06-10 14:00:00,3.7783756007617204
2025-06-10 15:00:00,2.485089463220676
2025-06-10 16:00:00,4.634435711107816
2025-06-10 17:00:00,2.9344789539169422
2025-06-10 18:00:00,4.0554131654933006
2025-06-10 19:00:00,3.311345995920422
2025-06-10 20:00:00,3.543184330621616
2025-06-10 21:00:00,2.81265469600828
2025-06-10 22:00:00,4.6923683321446
2025-06-10 23:00:00,3.7980068060281966
2025-06-11 00:00:00,4.292582417582417
2025-06-11 01:00:00,3.9066162452729944
2025-06-11 02:00:00,3.2888678401347113
2025-06-11 03:00:00,2.728900144085927
2025-06-11 04:00:00,2.6431531760128566
2025-06-11 05:00:00,3.7222321481746166
2025-06-11 06:00:00,3.964226817201573
2025-06-11 07:00:00,4.041122462175093
2025-06-11 08:00:00,4.001024262211126
2025-06-11 09:00:00,3.1588789770286323
2025-06-11 10:00:00,4.725897920604916
2025-06-11 11:00:00,4.6807713911252575
2025-06-11 12:00:00,4.4124395495781705
2025-06-11 13:00:00,3.886453378105276
2025-06-11 14:00:00,3.705460366395921
2025-06-11 15:00:00,3.1568048084450835
2025-06-11 16:00:00,4.738258595201093
2025-06-11 17:00:00,4.108328403339249
2025-06-11 18:00:00,4.110219650138104
2025-06-11 19:00:00,3.5745946409677143
2025-06-11 20:00:00,4.8043662080098395
2025-06-11 21:00:00,4.491878683340521
2025-06-11 22:00:00,3.522118906734291
2025-06-11 23:00:00,4.513124165072029
2025-06-12 00:00:00,3.432934197517302
2025-06-12 01:00:00,4.101991927279887
2025-06-12 02:00:00,4.397227987476694
2025-06-12 03:00:00,3.557301004581803
2025-06-12 04:00:00,1.6920015701774571
2025-06-12 05:00:00,3.047888422900614
2025-06-12 06:00:00,4.407150160420266
2025-06-12 07:00:00,4.404510218463707
2025-06-12 08:00:00,3.1020448679769705
2025-06-12 09:00:00,4.239731370620357
2025-06-12 10:00:00,3.8869367828601638
2025-06-12 11:00:00,3.021002005945332
2025-06-12 12:00:00,3.84343387756357
2025-06-12 13:00:00,3.3803883390123852
2025-06-12 14:00:00,2.7417090717669756
2025-06-12 15:00:00,3.1407824317193893
2025-06-12 16:00:00,3.5150867523410474
2025-06-12 17:00:00,2.3532955550953556
2025-06-12 18:00:00,3.052503052503053
2025-06-12 19:00:00,2.8974757191534737
2025-06-12 20:00:00,3.077074563670827
2025-06-12 21:00:00,3.202418466425845
2025-06-12 22:00:00,3.4356705054558447
2025-06-12 23:00:00,2.803382000044854
2025-06-13 00:00:00,2.9594904941165328
2025-06-13 01:00:00,3.00784445834737
2025-06-13 02:00:00,3.3859739415445467
2025-06-13 03:00:00,4.126365827088766
2025-06-13 04:00:00,3.4898654307889894
2025-06-13 05:00:00,3.0907697252923865
2025-06-13 06:00:00,2.7194604590449254
2025-06-13 07:00:00,4.351610095735422
2025-06-13 08:00:00,4.253871022630594
2025-06-13 09:00:00,4.191395902491365
2025-06-13 10:00:00,3.9003994008986522
2025-06-13 11:00:00,4.023173479240425
2025-06-13 12:00:00,4.546611864838322
2025-06-13 13:00:00,3.5257947141285646
2025-06-13 14:00:00,3.021367108189113
2025-06-13 15:00:00,3.787419706702218
2025-06-13 16:00:00,3.102583831815136
2025-06-13 17:00:00,4.300113522997006
2025-06-13 18:00:00,4.46460461461533
2025-06-13 19:00:00,3.6363636363636367
2025-06-13 20:00:00,2.5532610249811056
2025-06-13 21:00:00,4.432781304301571
2025-06-13 22:00:00,4.304852429658712
2025-06-13 23:00:00,3.557807252234303
2025-06-14 00:00:00,4.4641262812042415
2025-06-14 01:00:00,4.468754468754469
2025-06-14 02:00:00,3.9749419658472993
2025-06-14 03:00:00,2.127225077430993
2025-06-14 04:00:00,3.5023816195012607
2025-06-14 05:00:00,4.525706010137582
2025-06-14 06:00:00,4.249966000271998
2025-06-14 07:00:00,2.080247632678194
2025-06-14 08:00:00,3.0044465809397907
2025-06-14 09:00:00,4.42415233241311
2025-06-14 10:00:00,2.3094688221709005
2025-06-14 11:00:00,4.11834475487612
2025-06-14 12:00:00,3.3919461630305006
2025-06-14 13:00:00,3.1042018476209394
2025-06-14 14:00:00,4.1984348234977995
2025-06-14 15:00:00,1.8547369982936421
2025-06-14 16:00:00,3.570918440222825
2025-06-14 17:00:00,3.149169878819943
2025-06-14 18:00:00,4.889688624628383
2025-06-14 19:00:00,4.8731043624030255
2025-06-14 20:00:00,4.5307912573851885
2025-06-14 21:00:00,3.7760928012566835
2025-06-14 22:00:00,2.0760326186245037
2025-06-14 23:00:00,3.89274703372676
2025-06-15 00:00:00,4.131548504379442
2025-06-15 01:00:00,2.6966970854097907
2025-06-15 02:00:00,3.318202330705317
2025-06-15 03:00:00,3.9378760671644133
2025-06-15 04:00:00,4.351913100999199
2025-06-15 05:00:00,4.318236777558987
2025-06-15 06:00:00,3.8952944842630104
2025-06-15 07:00:00,4.262283902206159
2025-06-15 08:00:00,2.423232009925558
2025-06-15 09:00:00,3.901738614726723
2025-06-15 10:00:00,4.452201168257586
2025-06-15 11:00:00,3.546602354943964
2025-06-15 12:00:00,4.3445015987765885
2025-06-15 13:00:00,3.893110751214651
2025-06-15 14:00:00,3.4623161510123803
2025-06-15 15:00:00,3.2259729534427586
2025-06-15 16:00:00,4.04963229338776
2025-06-15 17:00:00,3.737255957185996
2025-06-15 18:00:00,4.489619998563321
2025-06-15 19:00:00,4.4193035177656
2025-06-15 20:00:00,3.683729702649338
2025-06-15 21:00:00,4.03707651067403
2025-06-15 22:00:00,4.4537875008907575
2025-06-15 23:00:00,4.644768133174792
2025-06-16 00:00:00,4.694483043527247
2025-06-16 01:00:00,3.847337642351493
2025-06-16 02:00:00,3.873206705295448
2025-06-16 03:00:00,3.8523175542406314
2025-06-16 04:00:00,2.5220935394051898
2025-06-16 05:00:00,3.313540451701834
2025-06-16 06:00:00,4.232840066370932
2025-06-16 07:00:00,4.340579206889368
2025-06-16 08:00:00,4.079235061841204
2025-06-16 09:00:00,3.67852623524911
2025-06-16 10:00:00,4.580096731642972
2025-06-16 11:00:00,4.773725415314111
2025-06-16 12:00:00,3.9237844115892893
2025-06-16 13:00:00,4.173344017094017
2025-06-16 14:00:00,3.746104051786143
2025-06-16 15:00:00,3.5129134699154085
2025-06-16 16:00:00,4.269708976636152
2025-06-16 17:00:00,3.1652781646451094
2025-06-16 18:00:00,3.6529413483737097
2025-06-16 19:00:00,3.511137327603157
2025-06-16 20:00:00,3.4249390360851577
2025-06-16 21:00:00,3.001056371842888
2025-06-16 22:00:00,4.515243461927467
2025-06-16 23:00:00,3.4889887515002656
2025-06-17 00:00:00,4.673770798280052
2025-06-17 01:00:00,3.88790395322074
2025-06-17 02:00:00,3.4510366914221033
2025-06-17 03:00:00,4.013614179296172
2025-06-17 04:00:00,3.2906860422260826
2025-06-17 05:00:00,3.745318352059925
2025-06-17 06:00:00,2.4713814033492163
2025-06-17 07:00:00,2.884371322426564
2025-06-17 08:00:00,4.251411468607578
2025-06-17 09:00:00,3.943217665615142
2025-06-17 10:00:00,2.9562708417094345
2025-06-17 11:00:00,4.579928919503169
2025-06-17 12:00:00,3.1595177312135077
2025-06-17 13:00:00,2.518891687657431
2025-06-17 14:00:00,3.4124102536103305
2025-06-17 15:00:00,2.802502073851534
2025-06-17 16:00:00,3.4408720546135214
2025-06-17 17:00:00,4.127047015319598
2025-06-17 18:00:00,4.064644099762625
2025-06-17 19:00:00,4.159733777038269
2025-06-17 20:00:00,4.503530768122208
2025-06-17 21:00:00,4.171255047218607
2025-06-17 22:00:00,3.7115116244544075
2025-06-17 23:00:00,3.819592984171607
2025-06-18 00:00:00,3.228555931502957
2025-06-18 01:00:00,3.888992595358098
2025-06-18 02:00:00,4.0479274611398965
2025-06-18 03:00:00,4.198716872123879
2025-06-18 04:00:00,3.0981237762411085
2025-06-18 05:00:00,2.8452416179181936
2025-06-18 06:00:00,3.889355611562276
2025-06-18 07:00:00,4.041253111764896
2025-06-18 08:00:00,2.8791229039985256
2025-06-18 09:00:00,3.081854043392505
2025-06-18 10:00:00,4.383196577600113
2025-06-18 11:00:00,3.4754080129007145
2025-06-18 12:00:00,4.061738424045492
2025-06-18 13:00:00,4.538358203536289
2025-06-18 14:00:00,4.0725898413319
2025-06-18 15:00:00,3.3555245355954044
2025-06-18 16:00:00,4.119702063146794
2025-06-18 17:00:00,3.502283488834721
2025-06-18 18:00:00,3.3510267545976093
2025-06-18 19:00:00,4.605238919795159
2025-06-18 20:00:00,4.215425083465416
2025-06-18 21:00:00,4.39521800281294
2025-06-18 22:00:00,2.3768325378867106
2025-06-18 23:00:00,3.3961854045536057
2025-06-19 00:00:00,4.2978957502406825
2025-06-19 01:00:00,3.1822000458236808
2025-06-19 02:00:00,3.707988490403726
2025-06-19 03:00:00,3.443241605376966
2025-06-19 04:00:00,3.4412509635502695
2025-06-19 05:00:00,4.339223105495192
2025-06-19 06:00:00,3.7298958613075524
2025-06-19 07:00:00,4.029658284977433
2025-06-19 08:00:00,3.6308711185987734
2025-06-19 09:00:00,4.130456332815649
2025-06-19 10:00:00,4.663309084126095
2025-06-19 11:00:00,4.097957577943153
2025-06-19 12:00:00,3.433028480404273
2025-06-19 13:00:00,3.2259729534427586
2025-06-19 14:00:00,4.041645111226074
2025-06-19 15:00:00,3.989276823897364
2025-06-19 16:00:00,2.761759572258677
2025-06-19 17:00:00,4.790556854328747
2025-06-19 18:00:00,3.9025913206369025
2025-06-19 19:00:00,4.559048800058356
2025-06-19 20:00:00,4.540336348116669
2025-06-19 21:00:00,4.340579206889367
2025-06-19 22:00:00,3.0952086170607895
2025-06-19 23:00:00,4.561544356457322
2025-06-20 00:00:00,4.168056018672891
2025-06-20 01:00:00,3.702387299330608
2025-06-20 02:00:00,4.0145164916337475
2025-06-20 03:00:00,4.005383235067931
2025-06-20 04:00:00,3.5911284762123645
2025-06-20 05:00:00,4.154342118382133
2025-06-20 06:00:00,3.106902294136654
2025-06-20 07:00:00,4.225399722813778
2025-06-20 08:00:00,4.514754216780438
2025-06-20 09:00:00,3.373181854980165
2025-06-20 10:00:00,4.038511243215301
2025-06-20 11:00:00,3.4761812063739255
2025-06-20 12:00:00,3.5039524583730453
2025-06-20 13:00:00,2.81265469600828
2025-06-20 14:00:00,4.424622137269477
2025-06-20 15:00:00,4.602864823065876
2025-06-20 16:00:00,3.6688092512694075
2025-06-20 17:00:00,3.9687579375158757
2025-06-20 18:00:00,3.291725917733186
2025-06-20 19:00:00,3.610212569316081
2025-06-20 20:00:00,2.3469330279191154
2025-06-20 21:00:00,3.4640432312595264
2025-06-20 22:00:00,3.280495486038211
2025-06-20 23:00:00,4.669231631242764
2025-06-21 00:00:00,3.509362980431792
2025-06-21 01:00:00,4.132504628405184
2025-06-21 02:00:00,2.569320260631847
2025-06-21 03:00:00,4.178366091723492
2025-06-21 04:00:00,3.78123298445157
2025-06-21 05:00:00,3.612403548825246
2025-06-21 06:00:00,4.493978069387021
2025-06-21 07:00:00,4.167639115793685
2025-06-21 08:00:00,3.8264915664125874
2025-06-21 09:00:00,4.056466006814863
2025-06-21 10:00:00,3.090769725292387
2025-06-21 11:00:00,4.1602875590760835
2025-06-21 12:00:00,3.869969040247678
2025-06-21 13:00:00,3.762000782496163
2025-06-21 14:00:00,4.0430830934437365
2025-06-21 15:00:00,2.6707689678012096
2025-06-21 16:00:00,3.7509377344336086
2025-06-21 17:00:00,3.774268546755639
2025-06-21 18:00:00,3.006759194669617
2025-06-21 19:00:00,2.966232410241807
2025-06-21 20:00:00,3.6778768352605398
2025-06-21 21:00:00,2.903667913308091
2025-06-21 22:00:00,3.5376691005830083
2025-06-21 23:00:00,3.7722183661767814
2025-06-22 00:00:00,3.699538297620457
2025-06-22 01:00:00,4.266066004573223
2025-06-22 02:00:00,4.396300073857841
2025-06-22 03:00:00,4.373840932152979
2025-06-22 04:00:00,3.142440545024888
2025-06-22 05:00:00,3.4068300128096807
2025-06-22 06:00:00,2.608568626223419
2025-06-22 07:00:00,3.069066267278843
2025-06-22 08:00:00,2.290929750930117
2025-06-22 09:00:00,4.3351598806964
2025-06-22 10:00:00,2.987928767778176
2025-06-22 11:00:00,2.786011990995609
2025-06-22 12:00:00,3.9388687568930205
2025-06-22 13:00:00,4.418053935602446
2025-06-22 14:00:00,2.7709427855733635
2025-06-22 15:00:00,3.9835558813219034
2025-06-22 16:00:00,4.097151660165853
2025-06-22 17:00:00,3.782835007868296
2025-06-22 18:00:00,2.583552074075605
2025-06-22 19:00:00,4.42556204637989
2025-06-22 20:00:00,2.0284633984064384
2025-06-22 21:00:00,4.225114078080108
2025-06-22 22:00:00,4.232123510292524
2025-06-22 23:00:00,4.334408266583446
2025-06-23 00:00:00,3.5786881960548538
2025-06-23 01:00:00,3.1142558174298673
2025-06-23 02:00:00,4.346163207120753
2025-06-23 03:00:00,3.5379694885511315
2025-06-23 04:00:00,3.8363563821624767
2025-06-23 05:00:00,3.6555051908173715
2025-06-23 06:00:00,3.257074365521914
2025-06-23 07:00:00,3.290252954647153
2025-06-23 08:00:00,4.565376186997808
2025-06-23 09:00:00,3.251228964548599
2025-06-23 10:00:00,4.246645150331238
2025-06-23 11:00:00,4.085634907664651
2025-06-23 12:00:00,4.116581590647127
2025-06-23 13:00:00,4.136744216831585
2025-06-23 14:00:00,3.5997120230381565
2025-06-23 15:00:00,3.2794626928324053
2025-06-23 16:00:00,4.050550874918989
2025-06-23 17:00:00,4.838210249264592
2025-06-23 18:00:00,4.0364246964608625
2025-06-23 19:00:00,3.5862860421747236
2025-06-23 20:00:00,4.228115275334867
2025-06-23 21:00:00,3.4932789313361097
2025-06-23 22:00:00,4.251556069521445
2025-06-23 23:00:00,3.8576674999228464
2025-06-24 00:00:00,4.386272720892694
2025-06-24 01:00:00,3.437560157302753
2025-06-24 02:00:00,3.1011983030242884
2025-06-24 03:00:00,4.475955168833028
2025-06-24 04:00:00,3.6685939013294977
2025-06-24 05:00:00,3.518946005292495
2025-06-24 06:00:00,4.494462821803538
2025-06-24 07:00:00,3.5394721939064437
2025-06-24 08:00:00,3.717361565455302
2025-06-24 09:00:00,4.202952153592683
2025-06-24 10:00:00,3.774952435599311
2025-06-24 11:00:00,4.716625160365256
2025-06-24 12:00:00,4.172368904169031
2025-06-24 13:00:00,4.115632819702357
2025-06-24 14:00:00,3.5472062203808274
2025-06-24 15:00:00,3.6141791476319898
2025-06-24 16:00:00,2.9506881004650287
2025-06-24 17:00:00,4.457917261055635
2025-06-24 18:00:00,4.611695259177273
2025-06-24 19:00:00,4.045700229795774
2025-06-24 20:00:00,3.773357080327225
2025-06-24 21:00:00,3.4153005464480874
2025-06-24 22:00:00,3.331023823482386
2025-06-24 23:00:00,4.681647940074906
2025-06-25 00:00:00,2.8917111990191318
2025-06-25 01:00:00,3.084211305484961
2025-06-25 02:00:00,4.577245596689735
2025-06-25 03:00:00,4.452201168257587
2025-06-25 04:00:00,3.9987204094689703
2025-06-25 05:00:00,4.900615517308974
2025-06-25 06:00:00,4.035773092693637
2025-06-25 07:00:00,4.574398009221986
2025-06-25 08:00:00,4.241889507262115
2025-06-25 09:00:00,3.7630200493708226
2025-06-25 10:00:00,3.1135576755423817
2025-06-25 11:00:00,4.161118508655127
2025-06-25 12:00:00,4.291256136496276
2025-06-25 13:00:00,3.7301184685625617
2025-06-25 14:00:00,3.6046947544481927
2025-06-25 15:00:00,3.711070866609269
2025-06-25 16:00:00,3.9058838233915565
2025-06-25 17:00:00,2.747554676338059
2025-06-25 18:00:00,4.217558539712532
2025-06-25 19:00:00,4.24520292069961
2025-06-25 20:00:00,3.5425818336403574
2025-06-25 21:00:00,4.272627837024884
2025-06-25 22:00:00,4.1220115416323155
2025-06-25 23:00:00,2.0340748214082303
2025-06-26 00:00:00,4.086703501487561
2025-06-26 01:00:00,3.981272096060133
2025-06-26 02:00:00,3.322965680410453
2025-06-26 03:00:00,3.7727876373294698
2025-06-26 04:00:00,3.64590928977687
2025-06-26 05:00:00,3.8968731489852533
2025-06-26 06:00:00,3.8057543005023597
2025-06-26 07:00:00,3.9138330515373534
2025-06-26 08:00:00,3.1545741324921135
2025-06-26 09:00:00,3.0393658667055696
2025-06-26 10:00:00,4.111706851748298
2025-06-26 11:00:00,3.910771829928355
2025-06-26 12:00:00,4.497535350627857
2025-06-26 13:00:00,3.6618232950550738
2025-06-26 14:00:00,4.72411186696901
2025-06-26 15:00:00,3.593812891725605
2025-06-26 16:00:00,3.787534466563646
2025-06-26 17:00:00,3.7003049051241823
2025-06-26 18:00:00,4.733234882047786
2025-06-26 19:00:00,3.8194762734133896
2025-06-26 20:00:00,3.7633599277434886
2025-06-26 21:00:00,3.57745914541656
2025-06-26 22:00:00,4.686738405009186
2025-06-26 23:00:00,2.438881626441379
2025-06-27 00:00:00,2.7792600498043405
2025-06-27 01:00:00,3.612821179802885
2025-06-27 02:00:00,3.53057477757379
2025-06-27 03:00:00,4.024080095290216
2025-06-27 04:00:00,3.2004506234477814
2025-06-27 05:00:00,3.9950142222506315
2025-06-27 06:00:00,4.353125544140692
2025-06-27 07:00:00,4.4904264108919785
2025-06-27 08:00:00,4.438920454545455
2025-06-27 09:00:00,4.274381069621119
2025-06-27 10:00:00,4.174598403633571
2025-06-27 11:00:00,3.9453334595840044
2025-06-27 12:00:00,4.477077363896849
2025-06-27 13:00:00,3.6853588065334044
2025-06-27 14:00:00,4.188306248952924
2025-06-27 15:00:00,3.847100824818417
2025-06-27 16:00:00,3.985079861000415
2025-06-27 17:00:00,3.9729205733718973
2025-06-27 18:00:00,3.501106349606476
2025-06-27 19:00:00,3.3575073865162506
2025-06-27 20:00:00,3.0525775965225033
2025-06-27 21:00:00,2.6110751362981217
2025-06-27 22:00:00,4.170002668801708
2025-06-27 23:00:00,3.6874244077996403
2025-06-28 00:00:00,3.6118816458622285
2025-06-28 01:00:00,3.3692722371967654
2025-06-28 02:00:00,4.8294247189274815
2025-06-28 03:00:00,2.9444326667137775
2025-06-28 04:00:00,4.0709982087607886
2025-06-28 05:00:00,3.2623447123916898
2025-06-28 06:00:00,3.9119957437486303
2025-06-28 07:00:00,4.216420427713689
2025-06-28 08:00:00,4.108463434675431
2025-06-28 09:00:00,3.8869367828601638
2025-06-28 10:00:00,4.450140624443732
2025-06-28 11:00:00,4.015032280859537
2025-06-28 12:00:00,3.1169737924843535
2025-06-28 13:00:00,3.8115566397316667
2025-06-28 14:00:00,4.279795939329612
2025-06-28 15:00:00,4.51720150332466
2025-06-28 16:00:00,4.305297237721293
2025-06-28 17:00:00,3.9003994008986513
2025-06-28 18:00:00,4.073917152820781
2025-06-28 19:00:00,3.7172510185267784
2025-06-28 20:00:00,2.417093686551291
2025-06-28 21:00:00,3.698772007693446
2025-06-28 22:00:00,3.416047223436817
2025-06-28 23:00:00,4.064379775646237
2025-06-29 00:00:00,3.6961471362251985
2025-06-29 01:00:00,4.298782584771992
2025-06-29 02:00:00,2.9864296636085625
2025-06-29 03:00:00,2.340166619863334
2025-06-29 04:00:00,3.626236546662412
2025-06-29 05:00:00,4.106303997897572
2025-06-29 06:00:00,3.358138785159713
2025-06-29 07:00:00,2.8344671201814053
2025-06-29 08:00:00,4.631001778304682
2025-06-29 09:00:00,3.2519056166913805
2025-06-29 10:00:00,3.7779188200803944
2025-06-29 11:00:00,3.686989351974752
2025-06-29 12:00:00,3.833180006133088
2025-06-29 13:00:00,3.8840381567908517
2025-06-29 14:00:00,3.3315565031982937
2025-06-29 15:00:00,3.9598314695726553
2025-06-29 16:00:00,4.108733523978569
2025-06-29 17:00:00,4.274819602612769
2025-06-29 18:00:00,3.7332377624466146
2025-06-29 19:00:00,3.539572419651706
2025-06-29 20:00:00,2.319152488914451
2025-06-29 21:00:00,4.355856012823641
2025-06-29 22:00:00,3.774952435599311
2025-06-29 23:00:00,2.7114379297629116
2025-06-30 00:00:00,4.298782584771993
2025-06-30 01:00:00,3.8533863559295916
2025-06-30 02:00:00,4.241457704183774
2025-06-30 03:00:00,4.4663593811412445
2025-06-30 04:00:00,4.462373268599171
2025-06-30 05:00:00,2.938341834935709
2025-06-30 06:00:00,3.8149301104803754
2025-06-30 07:00:00,3.5962943782726273
2025-06-30 08:00:00,3.7927058680745196
2025-06-30 09:00:00,3.7499250014999697
2025-06-30 10:00:00,3.7199059607773113
2025-06-30 11:00:00,4.203234809509398
2025-06-30 12:00:00,4.358893887087213
2025-06-30 13:00:00,4.015032280859538
2025-06-30 14:00:00,4.436872182586163
2025-06-30 15:00:00,3.635517552278743
2025-06-30 16:00:00,3.348692670381483
2025-06-30 17:00:00,3.9686319331999877
2025-06-30 18:00:00,3.0134278344302214
2025-06-30 19:00:00,2.84045719999091
2025-06-30 20:00:00,3.215434083601287
2025-06-30 21:00:00,3.099967760335293
2025-06-30 22:00:00,4.0223967048526195
2025-06-30 23:00:00,3.3390319478576775
2025-07-01 00:00:00,4.315851258502226
2025-07-01 01:00:00,4.059364141200923
2025-07-01 02:00:00,3.1984851974105064
2025-07-01 03:00:00,3.5028723553313714
2025-07-01 04:00:00,3.4175415573053365
2025-07-01 05:00:00,3.094978706546499
2025-07-01 06:00:00,3.642934164893772
2025-07-01 07:00:00,3.7444208129886465
2025-07-01 08:00:00,3.42662901943584
2025-07-01 09:00:00,2.5330820515938153
2025-07-01 10:00:00,4.204365813460697
2025-07-01 11:00:00,2.4854847689493362
2025-07-01 12:00:00,3.50140056022409
2025-07-01 13:00:00,3.554873019935728
2025-07-01 14:00:00,2.778951112692025
2025-07-01 15:00:00,4.658790205359472
2025-07-01 16:00:00,3.64963503649635
2025-07-01 17:00:00,2.7470716216513194
2025-07-01 18:00:00,4.202528240989779
2025-07-01 19:00:00,3.1904846984353865
2025-07-01 20:00:00,4.528493279715973
2025-07-01 21:00:00,4.3047041807287005
2025-07-01 22:00:00,3.2163441745574306
2025-07-01 23:00:00,3.756235350682132
2025-07-02 00:00:00,2.8404571999909103
2025-07-02 01:00:00,3.7389327590332613
2025-07-02 02:00:00,3.9894041425972615
2025-07-02 03:00:00,3.340816762882189
2025-07-02 04:00:00,3.7528521676474123
2025-07-02 05:00:00,2.9770410593502903
2025-07-02 06:00:00,3.6340378521382672
2025-07-02 07:00:00,3.7646066738947117
2025-07-02 08:00:00,3.2819597237902696
2025-07-02 09:00:00,3.518946005292494
2025-07-02 10:00:00,4.116039382264809
2025-07-02 11:00:00,3.821578158916506
2025-07-02 12:00:00,3.558820179933948
2025-07-02 13:00:00,3.479567976839995
2025-07-02 14:00:00,4.4733922628207425
2025-07-02 15:00:00,3.983936766955635
2025-07-02 16:00:00,4.4590304284236435
2025-07-02 17:00:00,3.7362505978000957
2025-07-02 18:00:00,4.4681155275950815
2025-07-02 19:00:00,3.348154497241121
2025-07-02 20:00:00,2.8771348340468625
2025-07-02 21:00:00,4.161257032524385
2025-07-02 22:00:00,4.710404341108641
2025-07-02 23:00:00,4.429011798887432
2025-07-03 00:00:00,4.25039953755653
2025-07-03 01:00:00,3.7701704117026087
2025-07-03 02:00:00,4.377210491298106
2025-07-03 03:00:00,4.284196456112692
2025-07-03 04:00:00,4.160010649627263
2025-07-03 05:00:00,3.347616497054098
2025-07-03 06:00:00,4.753755466818787
2025-07-03 07:00:00,3.951444648163369
2025-07-03 08:00:00,3.329338127580237
2025-07-03 09:00:00,3.110845652282116
2025-07-03 10:00:00,3.3437658828879444
2025-07-03 11:00:00,2.55065602873059
2025-07-03 12:00:00,2.940207931504916
2025-07-03 13:00:00,2.626878217925817
2025-07-03 14:00:00,3.761321577949628
2025-07-03 15:00:00,3.219823811241049
2025-07-03 16:00:00,2.6573694168668545
2025-07-03 17:00:00,2.491628129484931
2025-07-03 18:00:00,3.928470410760867
2025-07-03 19:00:00,4.233700254022015
2025-07-03 20:00:00,4.1456619793048555
2025-07-03 21:00:00,4.260104968986436
2025-07-03 22:00:00,2.668887180801093
2025-07-03 23:00:00,4.693249230307127
2025-07-04 00:00:00,2.958089783941122
2025-07-04 01:00:00,3.063350079647102
2025-07-04 02:00:00,3.8639876352395675
2025-07-04 03:00:00,3.9091818864148107
2025-07-04 04:00:00,4.348733648761481
2025-07-04 05:00:00,3.51726272545654
2025-07-04 06:00:00,4.716269242378508
2025-07-04 07:00:00,3.8544557508479804
2025-07-04 08:00:00,4.142227524273453
2025-07-04 09:00:00,3.580020620918777
2025-07-04 10:00:00,4.399394643297081
2025-07-04 11:00:00,4.276574634780526
2025-07-04 12:00:00,3.742066818345109
2025-07-04 13:00:00,4.632203075782842
2025-07-04 14:00:00,3.9526941563369595
2025-07-04 15:00:00,3.0536215952119212
2025-07-04 16:00:00,3.8344734501058313
2025-07-04 17:00:00,3.8625548482788443
2025-07-04 18:00:00,4.328404723155233
2025-07-04 19:00:00,2.3548472175125275
2025-07-04 20:00:00,3.3375163538301345
2025-07-04 21:00:00,2.649315416896274
2025-07-04 22:00:00,3.353184183700843
2025-07-04 23:00:00,4.254739780115048
2025-07-05 00:00:00,3.6911265318175115
2025-07-05 01:00:00,4.893517068587536
2025-07-05 02:00:00,3.0919929749919604
2025-07-05 03:00:00,3.558820179933949
2025-07-05 04:00:00,3.8626742066067177
2025-07-05 05:00:00,4.426032150697542
2025-07-05 06:00:00,3.878735222018805
2025-07-05 07:00:00,3.0924519432968007
2025-07-05 08:00:00,4.525542159950762
2025-07-05 09:00:00,3.0401050660310815
2025-07-05 10:00:00,4.234704248255302
2025-07-05 11:00:00,2.3022377751174137
2025-07-05 12:00:00,3.773129282501735
2025-07-05 13:00:00,3.710299792223211
2025-07-05 14:00:00,4.915840805411357
2025-07-05 15:00:00,3.9632213062777417
2025-07-05 16:00:00,3.125859611393133
2025-07-05 17:00:00,3.6994288081920153
2025-07-05 18:00:00,4.203093476798924
2025-07-05 19:00:00,2.828246261058443
2025-07-05 20:00:00,4.45966677369867
2025-07-05 21:00:00,4.3413329628729205
2025-07-05 22:00:00,4.040730564085987
2025-07-05 23:00:00,3.6917806196284593
2025-07-06 00:00:00,4.491394488160684
2025-07-06 01:00:00,3.392590582168544
2025-07-06 02:00:00,3.5787906550618422
2025-07-06 03:00:00,2.976190476190476
2025-07-06 04:00:00,4.25691322708078
2025-07-06 05:00:00,3.693525987648849
2025-07-06 06:00:00,4.481411106729286
2025-07-06 07:00:00,4.351307132662652
2025-07-06 08:00:00,3.899547652472313
2025-07-06 09:00:00,3.6533684056700273
2025-07-06 10:00:00,3.8735667802912923
2025-07-06 11:00:00,4.280675319338378
2025-07-06 12:00:00,2.9146361368246776
2025-07-06 13:00:00,3.3550742142416192
2025-07-06 14:00:00,3.160636172848871
2025-07-06 15:00:00,3.7836365287405025
2025-07-06 16:00:00,3.710079544105425
2025-07-06 17:00:00,3.6887301915188715
2025-07-06 18:00:00,3.1467915313546313
2025-07-06 19:00:00,3.7130551017377096
2025-07-06 20:00:00,3.601475164227267
2025-07-06 21:00:00,4.186202277294039
2025-07-06 22:00:00,3.4267229563024286
2025-07-06 23:00:00,2.3735379006531976
2025-07-07 00:00:00,4.136059823969293
2025-07-07 01:00:00,4.290225151015925
2025-07-07 02:00:00,4.285077645606938
2025-07-07 03:00:00,3.2660099809265017
2025-07-07 04:00:00,2.839940929228672
2025-07-07 05:00:00,4.256478360064017
2025-07-07 06:00:00,3.53047506072417
2025-07-07 07:00:00,3.644633641426364
2025-07-07 08:00:00,3.5589215044272984
2025-07-07 09:00:00,2.55482657837186
2025-07-07 10:00:00,4.33892186469506
2025-07-07 11:00:00,3.637845231512471
2025-07-07 12:00:00,2.564786507171143
2025-07-07 13:00:00,4.37047655676375
2025-07-07 14:00:00,3.4126897455498524
2025-07-07 15:00:00,3.1607160918377666
2025-07-07 16:00:00,3.039291966543474
2025-07-07 17:00:00,3.240188708590388
2025-07-07 18:00:00,4.383965208852103
2025-07-07 19:00:00,4.383965208852103
2025-07-07 20:00:00,3.62613135298213
2025-07-07 21:00:00,4.816027740319784
2025-07-07 22:00:00,3.7246722288438616
2025-07-07 23:00:00,4.148551325877004
2025-07-08 00:00:00,3.8042485848195264
2025-07-08 01:00:00,2.790490010045764
2025-07-08 02:00:00,4.761360606406886
2025-07-08 03:00:00,4.275843196278307
2025-07-08 04:00:00,4.653933504598086
2025-07-08 05:00:00,2.9083294555607258
2025-07-08 06:00:00,3.759963904346518
2025-07-08 07:00:00,2.9298019453884923
2025-07-08 08:00:00,3.6701018820282454
2025-07-08 09:00:00,4.336513443191674
2025-07-08 10:00:00,4.390895040044963
2025-07-08 11:00:00,3.851724031676579
2025-07-08 12:00:00,3.831182762742514
2025-07-08 13:00:00,3.258857574888547
2025-07-08 14:00:00,3.795124024653126
2025-07-08 15:00:00,3.8650629232243907
2025-07-08 16:00:00,2.469867615095831
2025-07-08 17:00:00,2.1827579583355163
2025-07-08 18:00:00,3.824501285032431
2025-07-08 19:00:00,2.7623698923780684
2025-07-08 20:00:00,3.868531814805645
2025-07-08 21:00:00,2.540392236561325
2025-07-08 22:00:00,3.3174978104514454
2025-07-08 23:00:00,3.22622273841786
2025-07-09 00:00:00,3.9132204238800363
2025-07-09 01:00:00,2.3849045084234834
2025-07-09 02:00:00,3.7358039450089655
2025-07-09 03:00:00,2.8894385243059566
2025-07-09 04:00:00,2.1620686673008733
2025-07-09 05:00:00,3.34627225271048
2025-07-09 06:00:00,4.030827770791009
2025-07-09 07:00:00,2.8186163975827543
2025-07-09 08:00:00,2.69908447054759
2025-07-09 09:00:00,4.037598113634162
2025-07-09 10:00:00,2.575301825373934
2025-07-09 11:00:00,3.0195424789235927
2025-07-09 12:00:00,4.112112638989407
2025-07-09 13:00:00,4.484304932735426
2025-07-09 14:00:00,2.7168597448325325
2025-07-09 15:00:00,3.4035832924903335
2025-07-09 16:00:00,3.033980582524271
2025-07-09 17:00:00,4.300113522997007
2025-07-09 18:00:00,2.778765783389649
2025-07-09 19:00:00,3.7275600882686226
2025-07-09 20:00:00,2.932069806717958
2025-07-09 21:00:00,2.996380372510008
2025-07-09 22:00:00,3.8531487931937973
2025-07-09 23:00:00,3.1106134129650367
2025-07-10 00:00:00,3.5639950959427487
2025-07-10 01:00:00,3.459058582616155
2025-07-10 02:00:00,3.9982088024564995
2025-07-10 03:00:00,3.143705045017856
2025-07-10 04:00:00,3.6994288081920153
2025-07-10 05:00:00,3.4552339884456975
2025-07-10 06:00:00,3.1140230686828927
2025-07-10 07:00:00,3.673553354688923
2025-07-10 08:00:00,3.8100463301633742
2025-07-10 09:00:00,2.820015340883455
2025-07-10 10:00:00,4.134691717385551
2025-07-10 11:00:00,4.296418505533787
2025-07-10 12:00:00,3.8697294285183577
2025-07-10 13:00:00,3.611359893681564
2025-07-10 14:00:00,3.5656217017999254
2025-07-10 15:00:00,2.6184590891951904
2025-07-10 16:00:00,3.664614482556435
2025-07-10 17:00:00,3.5085749571953855
2025-07-10 18:00:00,2.5208219896343804
2025-07-10 19:00:00,2.8256889029545404
2025-07-10 20:00:00,3.2413650036303285
2025-07-10 21:00:00,3.556390121770798
2025-07-10 22:00:00,3.8696096337801436
2025-07-10 23:00:00,2.9386181442038692
2025-07-11 00:00:00,4.540336348116669
2025-07-11 01:00:00,2.9384799830743553
2025-07-11 02:00:00,3.1831724770174947
2025-07-11 03:00:00,3.1104586060168717
2025-07-11 04:00:00,3.8298915374716587
2025-07-11 05:00:00,4.245635486719652
2025-07-11 06:00:00,3.370725919534031
2025-07-11 07:00:00,2.6383553548060283
2025-07-11 08:00:00,4.473712465552414
2025-07-11 09:00:00,3.420627753605341
2025-07-11 10:00:00,3.687206867054069
2025-07-11 11:00:00,3.1333817963051165
2025-07-11 12:00:00,4.1456619793048555
2025-07-11 13:00:00,3.857548450808542
2025-07-11 14:00:00,3.573368399988565
2025-07-11 15:00:00,4.496564624626785
2025-07-11 16:00:00,3.9403587302588026
2025-07-11 17:00:00,4.062794552605064
2025-07-11 18:00:00,2.3944066660281584
2025-07-11 19:00:00,4.452042597143569
2025-07-11 20:00:00,3.243888514039549
2025-07-11 21:00:00,4.484144066580571
2025-07-11 22:00:00,3.986350735083075
2025-07-11 23:00:00,4.012712272479214
2025-07-12 00:00:00,1.6827537929270493
2025-07-12 01:00:00,4.104820701431762
2025-07-12 02:00:00,3.320405886415555
2025-07-12 03:00:00,4.197447951645399
2025-07-12 04:00:00,3.2245582355217333
2025-07-12 05:00:00,4.260976274884102
2025-07-12 06:00:00,4.295089853279731
2025-07-12 07:00:00,4.054755417153237
2025-07-12 08:00:00,3.9071046791485635
2025-07-12 09:00:00,4.564876017967352
2025-07-12 10:00:00,4.566710507087534
2025-07-12 11:00:00,3.6623597316222796
2025-07-12 12:00:00,4.822530864197531
2025-07-12 13:00:00,4.156552389186314
2025-07-12 14:00:00,4.326307410099331
2025-07-12 15:00:00,2.0776889450326608
2025-07-12 16:00:00,4.470672389127325
2025-07-12 17:00:00,3.917267314321529
2025-07-12 18:00:00,3.9610862883037044
2025-07-12 19:00:00,4.160426027625229
2025-07-12 20:00:00,3.3559749778505656
2025-07-12 21:00:00,3.3090668431502315
2025-07-12 22:00:00,3.7007431092163303
2025-07-12 23:00:00,3.5566936975387677
2025-07-13 00:00:00,2.8587764436821037
2025-07-13 01:00:00,3.499734020214464
2025-07-13 02:00:00,3.8078411064063116
2025-07-13 03:00:00,2.741408425992937
2025-07-13 04:00:00,3.480730674983292
2025-07-13 05:00:00,4.463966859510036
2025-07-13 06:00:00,2.966021260440394
2025-07-13 07:00:00,3.911750899702707
2025-07-13 08:00:00,3.949322296293956
2025-07-13 09:00:00,3.9615884385003013
2025-07-13 10:00:00,4.29981768773004
2025-07-13 11:00:00,4.668882829716506
2025-07-13 12:00:00,4.128819157720892
2025-07-13 13:00:00,4.71983084126265
2025-07-13 14:00:00,3.3845987219755225
2025-07-13 15:00:00,3.6308711185987743
2025-07-13 16:00:00,3.7708528160728827
2025-07-13 17:00:00,4.270146551429645
2025-07-13 18:00:00,4.15365189074234
2025-07-13 19:00:00,3.851605349109509
2025-07-13 20:00:00,3.8099302020786983
2025-07-13 21:00:00,4.154480191438447
2025-07-13 22:00:00,3.7663081141342007
2025-07-13 23:00:00,4.346163207120753
2025-07-14 00:00:00,4.287576318858475
2025-07-14 01:00:00,3.719463207069955
2025-07-14 02:00:00,4.308561974355439
2025-07-14 03:00:00,4.663657053314927
2025-07-14 04:00:00,4.351610095735423
2025-07-14 05:00:00,4.032258064516129
2025-07-14 06:00:00,2.883173797716526
2025-07-14 07:00:00,4.522922169555306
2025-07-14 08:00:00,3.784323817020375
2025-07-14 09:00:00,2.914636136824679
2025-07-14 10:00:00,2.6207098978971417
2025-07-14 11:00:00,3.6685939013294995
2025-07-14 12:00:00,3.4754080129007145
2025-07-14 13:00:00,3.064251219571985
2025-07-14 14:00:00,3.459537252297132
2025-07-14 15:00:00,4.59643316786174
2025-07-14 16:00:00,3.2524979184013323
2025-07-14 17:00:00,4.286253128964784
2025-07-14 18:00:00,3.9240307644011936
2025-07-14 19:00:00,3.496992586375717
2025-07-14 20:00:00,3.8174932812118247
2025-07-14 21:00:00,4.87747775870142
2025-07-14 22:00:00,3.9569484013928458
2025-07-14 23:00:00,3.3612993438743684
2025-07-15 00:00:00,3.9521942582521814
2025-07-15 01:00:00,4.569381488521714
2025-07-15 02:00:00,3.733683801786195
2025-07-15 03:00:00,4.253871022630594
2025-07-15 04:00:00,4.040730564085987
2025-07-15 05:00:00,4.457281414919413
2025-07-15 06:00:00,3.9513197407934246
2025-07-15 07:00:00,3.620355084426681
2025-07-15 08:00:00,2.4303462757373673
2025-07-15 09:00:00,4.0
2025-07-15 10:00:00,2.6672925913280974
2025-07-15 11:00:00,3.544590954203885
2025-07-15 12:00:00,4.260831032484576
2025-07-15 13:00:00,3.8278977185729595
2025-07-15 14:00:00,4.054755417153237
2025-07-15 15:00:00,3.7261155990103436
2025-07-15 16:00:00,3.941352672237113
2025-07-15 17:00:00,4.605408591850268
2025-07-15 18:00:00,4.030048038172614
2025-07-15 19:00:00,3.4395465301854604
2025-07-15 20:00:00,4.372616923776541
2025-07-15 21:00:00,4.623294004512335
2025-07-15 22:00:00,4.776826658514215
2025-07-15 23:00:00,4.377057216891939
2025-07-16 00:00:00,3.865182436611008
2025-07-16 01:00:00,3.6637552025323883
2025-07-16 02:00:00,3.694180926205042
2025-07-16 03:00:00,3.765627353517096
2025-07-16 04:00:00,4.085100820288244
2025-07-16 05:00:00,4.3657446214026265
2025-07-16 06:00:00,4.093931156453673
2025-07-16 07:00:00,4.29774798005845
2025-07-16 08:00:00,4.1908338082944985
2025-07-16 09:00:00,3.9491975230633134
2025-07-16 10:00:00,3.4640432312595255
2025-07-16 11:00:00,4.729474082482028
2025-07-16 12:00:00,3.535367819667959
2025-07-16 13:00:00,4.1482759765041655
2025-07-16 14:00:00,3.9433420612637615
2025-07-16 15:00:00,3.501694820293022
2025-07-16 16:00:00,4.097151660165853
2025-07-16 17:00:00,4.0583097951365215
2025-07-16 18:00:00,3.5795080324160247
2025-07-16 19:00:00,4.456645750142613
2025-07-16 20:00:00,4.316000276224018
2025-07-16 21:00:00,4.766262487607718
2025-07-16 22:00:00,4.266066004573223
2025-07-16 23:00:00,4.398311048557354
2025-07-17 00:00:00,3.61930683035585
2025-07-17 01:00:00,4.7118247955068036
2025-07-17 02:00:00,3.497775414836164
2025-07-17 03:00:00,3.804132809884659
2025-07-17 04:00:00,4.293024693478037
2025-07-17 05:00:00,3.8495888639093336
2025-07-17 06:00:00,2.678380115706021
2025-07-17 07:00:00,2.9463759575721853
2025-07-17 08:00:00,4.617999113344171
2025-07-17 09:00:00,4.121060266385335
2025-07-17 10:00:00,3.489086138558589
2025-07-17 11:00:00,3.298414122489907
2025-07-17 12:00:00,3.907593235174591
2025-07-17 13:00:00,4.2666484622998935
2025-07-17 14:00:00,4.064379775646236
2025-07-17 15:00:00,4.39243797877574
2025-07-17 16:00:00,4.104416351994747
2025-07-17 17:00:00,3.9825405422627194
2025-07-17 18:00:00,4.2158516020236085
2025-07-17 19:00:00,2.982795237072565
2025-07-17 20:00:00,3.035675255603856
2025-07-17 21:00:00,4.305148958153953
2025-07-17 22:00:00,3.6656891495601176
2025-07-17 23:00:00,2.1771314116520073
2025-07-18 00:00:00,3.545093590470788
2025-07-18 01:00:00,4.102665091243272
2025-07-18 02:00:00,4.5950814248428475
2025-07-18 03:00:00,1.9627239468023294
2025-07-18 04:00:00,4.150617611900651
2025-07-18 05:00:00,4.435770049680625
2025-07-18 06:00:00,3.880059597715421
2025-07-18 07:00:00,4.175993051147563
2025-07-18 08:00:00,4.751406416299225
2025-07-18 09:00:00,3.785240589891894
2025-07-18 10:00:00,4.37690395321965
2025-07-18 11:00:00,3.6223484409412308
2025-07-18 12:00:00,4.247078010328893
2025-07-18 13:00:00,3.6188876986769345
2025-07-18 14:00:00,4.508891534105256
2025-07-18 15:00:00,2.841425713766139
2025-07-18 16:00:00,3.169692666599046
2025-07-18 17:00:00,4.013227598163547
2025-07-18 18:00:00,4.664005074437521
2025-07-18 19:00:00,3.380936925240723
2025-07-18 20:00:00,3.8067974174686317
2025-07-18 21:00:00,2.9109708670035634
2025-07-18 22:00:00,4.32690643497525
2025-07-18 23:00:00,3.6533684056700273
2025-07-19 00:00:00,3.730341102390403
2025-07-19 01:00:00,4.340277777777778
2025-07-19 02:00:00,2.6379656009285637
2025-07-19 03:00:00,3.677768624220313
2025-07-19 04:00:00,2.3755226149752944
2025-07-19 05:00:00,4.2018219099801675
2025-07-19 06:00:00,3.3489618218352306
2025-07-19 07:00:00,3.4361427236241684
2025-07-19 08:00:00,3.4116651655339933
2025-07-19 09:00:00,2.547640884540915
2025-07-19 10:00:00,4.106843644248777
2025-07-19 11:00:00,3.6696709039133366
2025-07-19 12:00:00,3.965736040609137
2025-07-19 13:00:00,4.176551171104948
2025-07-19 14:00:00,3.256480395988016
2025-07-19 15:00:00,3.0893947257853243
2025-07-19 16:00:00,2.8857030726966313
2025-07-19 17:00:00,3.234320016559719
2025-07-19 18:00:00,3.5108414784855633
2025-07-19 19:00:00,4.586651010897882
2025-07-19 20:00:00,2.4357925094508746
2025-07-19 21:00:00,3.646015634115039
2025-07-19 22:00:00,3.797429899444056
2025-07-19 23:00:00,3.6880771840793085
2025-07-20 00:00:00,3.152903193260354
2025-07-20 01:00:00,3.28713808609672
2025-07-20 02:00:00,4.534407080930097
2025-07-20 03:00:00,3.1110779262798975
2025-07-20 04:00:00,3.45752772937239
2025-07-20 05:00:00,2.2400229378348833
2025-07-20 06:00:00,4.283462408333904
2025-07-20 07:00:00,3.634671861824314
2025-07-20 08:00:00,3.5991937805931467
2025-07-20 09:00:00,3.61344780735987
2025-07-20 10:00:00,3.5762309386890965
2025-07-20 11:00:00,3.5291792540726723
2025-07-20 12:00:00,3.4255960537133467
2025-07-20 13:00:00,3.4885992576260776
2025-07-20 14:00:00,2.7181594798530018
2025-07-20 15:00:00,3.6613942589338015
2025-07-20 16:00:00,2.9324137283881107
2025-07-20 17:00:00,3.7650602409638547
2025-07-20 18:00:00,2.813034476550545
2025-07-20 19:00:00,3.625500319044028
2025-07-20 20:00:00,3.0100173376998653
2025-07-20 21:00:00,4.350095702105445
2025-07-20 22:00:00,3.8063337393422656
2025-07-20 23:00:00,3.237503237503237
2025-07-21 00:00:00,2.461356699812937
2025-07-21 01:00:00,3.4829613530608268
2025-07-21 02:00:00,3.22622273841786
2025-07-21 03:00:00,3.922799309587321
2025-07-21 04:00:00,3.5973293426959825
2025-07-21 05:00:00,4.161118508655127
2025-07-21 06:00:00,2.787378749024417
2025-07-21 07:00:00,2.748400430949187
2025-07-21 08:00:00,2.237857385824516
2025-07-21 09:00:00,2.9570401211203636
2025-07-21 10:00:00,3.4707760655282525
2025-07-21 11:00:00,4.198998958648258
2025-07-21 12:00:00,3.332533525287265
2025-07-21 13:00:00,3.601994063913783
2025-07-21 14:00:00,4.506128334534967
2025-07-21 15:00:00,3.2634519489335037
2025-07-21 16:00:00,2.964614362963666
2025-07-21 17:00:00,3.692216806970906
2025-07-21 18:00:00,4.567211078227191
2025-07-21 19:00:00,4.546611864838322
2025-07-21 20:00:00,3.072989650170858
2025-07-21 21:00:00,4.163197335553705
2025-07-21 22:00:00,4.131958217638503
2025-07-21 23:00:00,3.3740923691526983
2025-07-22 00:00:00,3.945084424806691
2025-07-22 01:00:00,3.3400133600534403
2025-07-22 02:00:00,3.417074437549547
2025-07-22 03:00:00,2.1812724671064108
2025-07-22 04:00:00,4.731622378681202
2025-07-22 05:00:00,3.3876256809127616
2025-07-22 06:00:00,3.9504456102648375
2025-07-22 07:00:00,3.719684570748401
2025-07-22 08:00:00,3.9605842653908305
2025-07-22 09:00:00,4.560545806122077
2025-07-22 10:00:00,2.8048287932504596
2025-07-22 11:00:00,3.659357709534823
2025-07-22 12:00:00,3.6885124966803384
2025-07-22 13:00:00,4.892942419853603
2025-07-22 14:00:00,4.345407773065425
2025-07-22 15:00:00,3.446944628281491
2025-07-22 16:00:00,4.113736589218719
2025-07-22 17:00:00,3.7836365287405025
2025-07-22 18:00:00,3.793281340090432
2025-07-22 19:00:00,4.4962411424049495
2025-07-22 20:00:00,4.4724319295860315
2025-07-22 21:00:00,4.027321348025002
2025-07-22 22:00:00,4.044914733197424
2025-07-22 23:00:00,3.618782930924671
2025-07-23 00:00:00,3.786157807057398
2025-07-23 01:00:00,4.686035613870666
2025-07-23 02:00:00,3.5504303121538334
2025-07-23 03:00:00,2.9708853238265
2025-07-23 04:00:00,4.733951903048665
2025-07-23 05:00:00,4.2154250834654166
2025-07-23 06:00:00,2.9113776639105624
2025-07-23 07:00:00,4.968400969831869
2025-07-23 08:00:00,4.241457704183774
2025-07-23 09:00:00,2.8336960464272756
2025-07-23 10:00:00,3.899547652472313
2025-07-23 11:00:00,4.736283722340103
2025-07-23 12:00:00,3.737144223869887
2025-07-23 13:00:00,4.417429409478037
2025-07-23 14:00:00,4.342690383546414
2025-07-23 15:00:00,4.0033307712016395
2025-07-23 16:00:00,3.658929250944004
2025-07-23 17:00:00,4.532105434900838
2025-07-23 18:00:00,3.853861569292431
2025-07-23 19:00:00,3.6195164326046037
2025-07-23 20:00:00,3.1083702193266025
2025-07-23 21:00:00,4.4724319295860315
2025-07-23 22:00:00,3.4334999725319997
2025-07-23 23:00:00,3.213119810811505
2025-07-24 00:00:00,3.1878809517737365
2025-07-24 01:00:00,4.013227598163547
2025-07-24 02:00:00,4.8522961065176045
2025-07-24 03:00:00,4.61834035321067
2025-07-24 04:00:00,3.2890409156689913
2025-07-24 05:00:00,3.980257920713262
2025-07-24 06:00:00,3.686989351974751
2025-07-24 07:00:00,3.2370002071680135
2025-07-24 08:00:00,4.400943562299757
2025-07-24 09:00:00,3.6393280344717156
2025-07-24 10:00:00,3.416794226984474
2025-07-24 11:00:00,2.959560564447391
2025-07-24 12:00:00,3.7836365287405025
2025-07-24 13:00:00,4.074979625101875
2025-07-24 14:00:00,3.5814566500487075
2025-07-24 15:00:00,4.420553806980939
2025-07-24 16:00:00,3.4940600978336827
2025-07-24 17:00:00,2.8657236525367384
2025-07-24 18:00:00,3.74958754537001
2025-07-24 19:00:00,4.018258968754019
2025-07-24 20:00:00,3.3357350625783893
2025-07-24 21:00:00,2.793670659753263
2025-07-24 22:00:00,2.7448999758448798
2025-07-24 23:00:00,4.100511743865634
2025-07-25 00:00:00,3.996546983406337
2025-07-25 01:00:00,4.393518681241432
2025-07-25 02:00:00,3.8840381567908517
2025-07-25 03:00:00,3.883917474521501
2025-07-25 04:00:00,3.883555472706372
2025-07-25 05:00:00,4.000640102416386
2025-07-25 06:00:00,3.073442993779351
2025-07-25 07:00:00,4.43293850627704
2025-07-25 08:00:00,4.571553962622974
2025-07-25 09:00:00,3.9505704623747664
2025-07-25 10:00:00,3.1804997201160243
2025-07-25 11:00:00,4.182980289796875
2025-07-25 12:00:00,3.9821599235425293
2025-07-25 13:00:00,2.9139566869478055
2025-07-25 14:00:00,2.5814712320845894
2025-07-25 15:00:00,3.807725112708662
2025-07-25 16:00:00,3.9305704043770837
2025-07-25 17:00:00,4.751948298802509
2025-07-25 18:00:00,3.5782784186872014
2025-07-25 19:00:00,4.084700346382589
2025-07-25 20:00:00,4.07391715282078
2025-07-25 21:00:00,3.36157052574963
2025-07-25 22:00:00,4.060155260337155
2025-07-25 23:00:00,4.459825888397316
2025-07-26 00:00:00,2.6150080542248073
2025-07-26 01:00:00,3.1156530408773677
2025-07-26 02:00:00,3.740611066223778
2025-07-26 03:00:00,3.624974625177624
2025-07-26 04:00:00,2.9751279305010114
2025-07-26 05:00:00,4.229259710380295
2025-07-26 06:00:00,4.214430209035738
2025-07-26 07:00:00,4.1779471239012
2025-07-26 08:00:00,2.7450205327535846
2025-07-26 09:00:00,2.7423105611864327
2025-07-26 10:00:00,4.178505766337958
2025-07-26 11:00:00,3.8918986238246474
2025-07-26 12:00:00,3.921568627450981
2025-07-26 13:00:00,3.1388895864199085
2025-07-26 14:00:00,3.611046914721516
2025-07-26 15:00:00,4.0899126394660215
2025-07-26 16:00:00,4.110895517479528
2025-07-26 17:00:00,4.060155260337155
2025-07-26 18:00:00,3.166079886527697
2025-07-26 19:00:00,2.306145416305371
2025-07-26 20:00:00,3.1455245476735705
2025-07-26 21:00:00,3.88597009357416
2025-07-26 22:00:00,3.639751914509506
2025-07-26 23:00:00,4.230261599377305
2025-07-27 00:00:00,3.8595732855775466
2025-07-27 01:00:00,4.032258064516129
2025-07-27 02:00:00,4.837648515809435
2025-07-27 03:00:00,2.4089419926768163
2025-07-27 04:00:00,3.9135879774577327
2025-07-27 05:00:00,3.4385057629356592
2025-07-27 06:00:00,2.26736803918012
2025-07-27 07:00:00,3.043139546207031
2025-07-27 08:00:00,3.273022439841848
2025-07-27 09:00:00,4.419147281340592
2025-07-27 10:00:00,4.463169921805264
2025-07-27 11:00:00,4.200974626113259
2025-07-27 12:00:00,4.195757250268529
2025-07-27 13:00:00,2.0666964270952164
2025-07-27 14:00:00,2.9388254102600264
2025-07-27 15:00:00,3.6117772833655986
2025-07-27 16:00:00,4.676043692952267
2025-07-27 17:00:00,4.209037645632702
2025-07-27 18:00:00,3.5085749571953855
2025-07-27 19:00:00,2.98414820473644
2025-07-27 20:00:00,3.7218996575852312
2025-07-27 21:00:00,3.7335722819593786
2025-07-27 22:00:00,3.6453776611256927
2025-07-27 23:00:00,3.736138924589772
2025-07-28 00:00:00,3.9970581651904196
2025-07-28 01:00:00,4.2919928581238835
2025-07-28 02:00:00,3.8847624079311305
2025-07-28 03:00:00,3.3834993503681248
2025-07-28 04:00:00,3.5968117860328603
2025-07-28 05:00:00,4.347070074769605
2025-07-28 06:00:00,3.430013994457097
2025-07-28 07:00:00,3.5586175482548534
2025-07-28 08:00:00,4.288017563719942
2025-07-28 09:00:00,3.9873680181186
2025-07-28 10:00:00,3.7192418697372727
2025-07-28 11:00:00,4.0895112216187925
2025-07-28 12:00:00,3.981272096060133
2025-07-28 13:00:00,3.9491975230633134
2025-07-28 14:00:00,3.7218996575852317
2025-07-28 15:00:00,4.281408412111248
2025-07-28 16:00:00,4.486236227254782
2025-07-28 17:00:00,3.973678354579267
2025-07-28 18:00:00,4.529149606869814
2025-07-28 19:00:00,4.588334618067027
2025-07-28 20:00:00,3.7018390736517897
2025-07-28 21:00:00,4.642008318478907
2025-07-28 22:00:00,2.412987664807058
2025-07-28 23:00:00,3.467983575629786
2025-07-29 00:00:00,4.415712872686166
2025-07-29 01:00:00,3.3045179369233613
2025-07-29 02:00:00,4.4154009184033916
2025-07-29 03:00:00,3.8106270767917563
2025-07-29 04:00:00,4.465880671668453
2025-07-29 05:00:00,3.9042978510744626
2025-07-29 06:00:00,3.2289729282909696
2025-07-29 07:00:00,3.763586547436245
2025-07-29 08:00:00,2.9929366694600743
2025-07-29 09:00:00,3.8113242064823
2025-07-29 10:00:00,4.032648320805239
2025-07-29 11:00:00,3.5487167840109017
2025-07-29 12:00:00,4.744193107636253
2025-07-29 13:00:00,4.157658406785298
2025-07-29 14:00:00,3.8991827312995193
2025-07-29 15:00:00,2.3251488095238093
2025-07-29 16:00:00,4.219551714825816
2025-07-29 17:00:00,4.213293784549009
2025-07-29 18:00:00,4.190833808294498
2025-07-29 19:00:00,3.531173196982965
2025-07-29 20:00:00,3.5579085190561583
2025-07-29 21:00:00,4.249966000271998
2025-07-29 22:00:00,3.9767123723475333
2025-07-29 23:00:00,4.396609334880939
2025-07-30 00:00:00,3.1048186785891705
2025-07-30 01:00:00,3.389095247132825
2025-07-30 02:00:00,4.463966859510034
2025-07-30 03:00:00,3.847337642351493
2025-07-30 04:00:00,3.344034242910647
2025-07-30 05:00:00,4.546281142025823
2025-07-30 06:00:00,2.8327327939810085
2025-07-30 07:00:00,4.776096591777471
2025-07-30 08:00:00,3.7137169850560037
2025-07-30 09:00:00,4.232983406705046
2025-07-30 10:00:00,4.639079606606049
2025-07-30 11:00:00,3.199303831486269
2025-07-30 12:00:00,3.6444211201492753
2025-07-30 13:00:00,4.034340304673379
2025-07-30 14:00:00,4.149928621227715
2025-07-30 15:00:00,3.7953544861090025
2025-07-30 16:00:00,4.533420375004534
2025-07-30 17:00:00,2.550447858643978
2025-07-30 18:00:00,4.625689227694927
2025-07-30 19:00:00,4.344954638673572
2025-07-30 20:00:00,4.249388088115312
2025-07-30 21:00:00,3.3115214454128803
2025-07-30 22:00:00,4.62158464894443
2025-07-30 23:00:00,3.964855520664827
2025-07-31 00:00:00,4.325558862204997
2025-07-31 01:00:00,4.616805170821791
2025-07-31 02:00:00,4.223115645798845
2025-07-31 03:00:00,4.614759847897516
2025-07-31 04:00:00,3.777576307041402
2025-07-31 05:00:00,4.271459814106069
2025-07-31 06:00:00,4.175993051147564
2025-07-31 07:00:00,3.8594541188094356
2025-07-31 08:00:00,4.473392262820742
2025-07-31 09:00:00,3.0932937391734723
2025-07-31 10:00:00,4.683226555767862
2025-07-31 11:00:00,4.835402885768443
2025-07-31 12:00:00,4.353580384508219
2025-07-31 13:00:00,3.141019197909338
2025-07-31 14:00:00,4.4757949011744484
2025-07-31 15:00:00,4.494462821803538
2025-07-31 16:00:00,3.007193206149109
2025-07-31 17:00:00,3.037150423986199
2025-07-31 18:00:00,4.036164029706167
2025-07-31 19:00:00,3.3378728403962725
2025-07-31 20:00:00,3.5631823494199137
2025-07-31 21:00:00,4.193786485942428
2025-07-31 22:00:00,3.949072757716488
2025-07-31 23:00:00,3.42325071888265
2025-08-01 00:00:00,4.172090384166083
2025-08-01 01:00:00,3.69549150036955
2025-08-01 02:00:00,3.13715648136529
2025-08-01 03:00:00,3.579098067287044
2025-08-01 04:00:00,3.723895492596896
2025-08-01 05:00:00,3.304867408719562
2025-08-01 06:00:00,3.702496963952489
2025-08-01 07:00:00,4.346767743505929
2025-08-01 08:00:00,4.265483705852243
2025-08-01 09:00:00,3.257244110902648
2025-08-01 10:00:00,3.756574004507889
2025-08-01 11:00:00,3.7762068757174787
2025-08-01 12:00:00,3.7996230773907222
2025-08-01 13:00:00,3.8503003234252278
2025-08-01 14:00:00,4.144150117693863
2025-08-01 15:00:00,4.444128417534753
2025-08-01 16:00:00,4.736822160748796
2025-08-01 17:00:00,3.7800895125196563
2025-08-01 18:00:00,4.123099251245176
2025-08-01 19:00:00,4.054755417153237
2025-08-01 20:00:00,4.5393470603188435
2025-08-01 21:00:00,2.223882721320808
2025-08-01 22:00:00,2.5889029264958685
2025-08-01 23:00:00,2.351701691343856
2025-08-02 00:00:00,2.7062134661182067
2025-08-02 01:00:00,4.119430529923544
2025-08-02 02:00:00,2.942769027944534
2025-08-02 03:00:00,4.828305457916489
2025-08-02 04:00:00,3.402564172360291
2025-08-02 05:00:00,3.6653666832829956
2025-08-02 06:00:00,4.284490145672665
2025-08-02 07:00:00,3.9772184924751026
2025-08-02 08:00:00,4.568546471254705
2025-08-02 09:00:00,2.1715337977520277
2025-08-02 10:00:00,2.446566977217569
2025-08-02 11:00:00,3.112084847881292
2025-08-02 12:00:00,3.820994069817204
2025-08-02 13:00:00,2.959350363408225
2025-08-02 14:00:00,3.437371098583803
2025-08-02 15:00:00,4.206204993606568
2025-08-02 16:00:00,3.5546708374804497
2025-08-02 17:00:00,4.954419342053111
2025-08-02 18:00:00,3.753190211679928
2025-08-02 19:00:00,4.833159339597108
2025-08-02 20:00:00,3.799392097264438
2025-08-02 21:00:00,4.2534367769157475
2025-08-02 22:00:00,2.804891731179176
2025-08-02 23:00:00,4.077372215154777
2025-08-03 00:00:00,3.975068371175984
2025-08-03 01:00:00,4.373993981384282
2025-08-03 02:00:00,4.156275976724855
2025-08-03 03:00:00,3.6012676462114666
2025-08-03 04:00:00,4.013485310643763
2025-08-03 05:00:00,3.5244029661375365
2025-08-03 06:00:00,3.6688092512694075
2025-08-03 07:00:00,3.993482636337497
2025-08-03 08:00:00,4.251989931287842
2025-08-03 09:00:00,3.3540839325963296
2025-08-03 10:00:00,4.205214465937762
2025-08-03 11:00:00,3.8794574966636666
2025-08-03 12:00:00,3.88584929122109
2025-08-03 13:00:00,3.626341746446185
2025-08-03 14:00:00,3.386616093199675
2025-08-03 15:00:00,3.241449057386614
2025-08-03 16:00:00,3.970270613645026
2025-08-03 17:00:00,3.547709598683091
2025-08-03 18:00:00,1.981359371037281
2025-08-03 19:00:00,3.2397688100977113
2025-08-03 20:00:00,3.6662267194603313
2025-08-03 21:00:00,3.9187409868957297
2025-08-03 22:00:00,2.71526631332001
2025-08-03 23:00:00,3.2826492292339613
2025-08-04 00:00:00,3.109994277610529
2025-08-04 01:00:00,3.8148136844996485
2025-08-04 02:00:00,3.7343530606757684
2025-08-04 03:00:00,3.4103620440345943
2025-08-04 04:00:00,3.6396459352434203
2025-08-04 05:00:00,4.3389218646950605
2025-08-04 06:00:00,3.5524483474010293
2025-08-04 07:00:00,2.724973840251134
2025-08-04 08:00:00,3.728894457371279
2025-08-04 09:00:00,4.198152812762385
2025-08-04 10:00:00,4.6055782764083855
2025-08-04 11:00:00,4.320923640637422
2025-08-04 12:00:00,4.483822368893034
2025-08-04 13:00:00,3.770511583011582
2025-08-04 14:00:00,2.8581881373759543
2025-08-04 15:00:00,4.589008407063402
2025-08-04 16:00:00,3.4179153450727333
2025-08-04 17:00:00,3.238929339517529
2025-08-04 18:00:00,3.0301561136429753
2025-08-04 19:00:00,2.9277432954678537
2025-08-04 20:00:00,4.364525139664805
2025-08-04 21:00:00,4.300113522997007
2025-08-04 22:00:00,3.6106296938186015
2025-08-04 23:00:00,3.244477898616555
2025-08-05 00:00:00,4.87215466167758
2025-08-05 01:00:00,3.7090887510756354
2025-08-05 02:00:00,4.300409398974782
2025-08-05 03:00:00,4.059891519698594
2025-08-05 04:00:00,2.815378724746053
2025-08-05 05:00:00,3.9460807525965214
2025-08-05 06:00:00,3.894444963703772
2025-08-05 07:00:00,4.424935395943219
2025-08-05 08:00:00,4.25039953755653
2025-08-05 09:00:00,2.6893287435456106
2025-08-05 10:00:00,3.3270341486785022
2025-08-05 11:00:00,2.8103781644858126
2025-08-05 12:00:00,3.664077385314377
2025-08-05 13:00:00,3.1258596113931327
2025-08-05 14:00:00,3.2224800206238715
2025-08-05 15:00:00,3.4471347416027793
2025-08-05 16:00:00,4.512798295967364
2025-08-05 17:00:00,3.683729702649338
2025-08-05 18:00:00,4.239587572920906
2025-08-05 19:00:00,3.9759534336333853
2025-08-05 20:00:00,3.535767827341385
2025-08-05 21:00:00,4.196038939241356
2025-08-05 22:00:00,4.292582417582419
2025-08-05 23:00:00,4.259669449650707
2025-08-06 00:00:00,4.179064558189295
2025-08-06 01:00:00,4.580264556080759
2025-08-06 02:00:00,3.6477179876269408
2025-08-06 03:00:00,4.273650381209613
2025-08-06 04:00:00,3.230057624228016
2025-08-06 05:00:00,3.944586449556628
2025-08-06 06:00:00,3.956196986960375
2025-08-06 07:00:00,3.891535132779178
2025-08-06 08:00:00,3.1950515042302485
2025-08-06 09:00:00,4.655146730224937
2025-08-06 10:00:00,4.625175756678754
2025-08-06 11:00:00,4.074049931555961
2025-08-06 12:00:00,3.820643702050921
2025-08-06 13:00:00,2.880582569018758
2025-08-06 14:00:00,2.32571120248572
2025-08-06 15:00:00,4.0360337089535365
2025-08-06 16:00:00,4.0284894775854845
2025-08-06 17:00:00,2.8951939779965254
2025-08-06 18:00:00,4.824764551489888
2025-08-06 19:00:00,4.3342579750346735
2025-08-06 20:00:00,3.7283383541623167
2025-08-06 21:00:00,3.4538019451812554
2025-08-06 22:00:00,3.8467456531774116
2025-08-06 23:00:00,4.5442978151016105
2025-08-07 00:00:00,3.996546983406337
2025-08-07 01:00:00,3.715924968043045
2025-08-07 02:00:00,3.674741298212606
2025-08-07 03:00:00,3.5068031982045165
2025-08-07 04:00:00,4.090715711620906
2025-08-07 05:00:00,3.7109606935043344
2025-08-07 06:00:00,4.4580762509361955
2025-08-07 07:00:00,3.2530904359141184
2025-08-07 08:00:00,3.028687730180268
2025-08-07 09:00:00,3.557503486353417
2025-08-07 10:00:00,3.598261320130113
2025-08-07 11:00:00,3.487236713628121
2025-08-07 12:00:00,4.326007959854646
2025-08-07 13:00:00,3.906860446944835
2025-08-07 14:00:00,3.9428445257546603
2025-08-07 15:00:00,4.332455289061416
2025-08-07 16:00:00,4.327206009623706
2025-08-07 17:00:00,3.3390319478576775
2025-08-07 18:00:00,3.4059017465464154
2025-08-07 19:00:00,2.737326179787584
2025-08-07 20:00:00,3.3224357440927097
2025-08-07 21:00:00,3.9646040153509468
2025-08-07 22:00:00,4.245923913043478
2025-08-07 23:00:00,3.2779147217705984
2025-08-08 00:00:00,4.683226555767862
2025-08-08 01:00:00,3.693089490944544
2025-08-08 02:00:00,3.6223484409412308
2025-08-08 03:00:00,3.724339302207788
2025-08-08 04:00:00,3.9916972696790674
2025-08-08 05:00:00,3.5539633799613326
2025-08-08 06:00:00,3.16672155650698
2025-08-08 07:00:00,3.725449289184276
2025-08-08 08:00:00,3.9423471157788503
2025-08-08 09:00:00,4.165000666400106
2025-08-08 10:00:00,1.9177661859466097
2025-08-08 11:00:00,4.461576899739444
2025-08-08 12:00:00,4.133871287783584
2025-08-08 13:00:00,3.9468283287550125
2025-08-08 14:00:00,3.835414685035746
2025-08-08 15:00:00,2.6255539918922888
2025-08-08 16:00:00,4.543306800421618
2025-08-08 17:00:00,3.368818218568926
2025-08-08 18:00:00,2.8154421370332
2025-08-08 19:00:00,3.610733990005488
2025-08-08 20:00:00,3.535567812190638
2025-08-08 21:00:00,4.077372215154777
2025-08-08 22:00:00,3.4335942864991074
2025-08-08 23:00:00,3.7914404440535043
2025-08-09 00:00:00,3.660965323336457
2025-08-09 01:00:00,3.039661503294993
2025-08-09 02:00:00,3.350038860450781
2025-08-09 03:00:00,3.9349009978908933
2025-08-09 04:00:00,4.432152607878595
2025-08-09 05:00:00,3.30617858654253
2025-08-09 06:00:00,4.192661165895217
2025-08-09 07:00:00,3.6723661789764375
2025-08-09 08:00:00,4.273942626594181
2025-08-09 09:00:00,4.887012276174838
2025-08-09 10:00:00,4.6579221940676705
2025-08-09 11:00:00,4.220834036805673
2025-08-09 12:00:00,4.0212321055171305
2025-08-09 13:00:00,3.852792504006904
2025-08-09 14:00:00,4.361479413817167
2025-08-09 15:00:00,4.785055315239444
2025-08-09 16:00:00,2.8495224200424007
2025-08-09 17:00:00,3.807029298897485
2025-08-09 18:00:00,3.979497628219413
2025-08-09 19:00:00,4.072324482814791
2025-08-09 20:00:00,4.688848043812596
2025-08-09 21:00:00,2.926646531338531
2025-08-09 22:00:00,3.479471120389701
2025-08-09 23:00:00,3.0826900786702507
2025-08-10 00:00:00,4.084967320261438
2025-08-10 01:00:00,4.165417041554201
2025-08-10 02:00:00,4.082832505879279
2025-08-10 03:00:00,3.5619639244293735
2025-08-10 04:00:00,4.1813012209399565
2025-08-10 05:00:00,4.551578487419437
2025-08-10 06:00:00,4.0216202303584065
2025-08-10 07:00:00,3.7916704583371255
2025-08-10 08:00:00,3.600852681915078
2025-08-10 09:00:00,3.9548201347802707
2025-08-10 10:00:00,3.2147725226962938
2025-08-10 11:00:00,3.4428622579667834
2025-08-10 12:00:00,3.4671178542701013
2025-08-10 13:00:00,3.029788884310541
2025-08-10 14:00:00,4.008080289864367
2025-08-10 15:00:00,3.7537537537537533
2025-08-10 16:00:00,3.958452086895941
2025-08-10 17:00:00,4.0830992356438225
2025-08-10 18:00:00,4.425875438161669
2025-08-10 19:00:00,4.2256854061728815
2025-08-10 20:00:00,4.03707651067403
2025-08-10 21:00:00,4.660179696529099
2025-08-10 22:00:00,2.6628038259165367
2025-08-10 23:00:00,3.438884150870725
2025-08-11 00:00:00,4.143188597944978
2025-08-11 01:00:00,3.2867923536062684
2025-08-11 02:00:00,4.798832923832924
2025-08-11 03:00:00,3.8424887030832124
2025-08-11 04:00:00,2.392252928117584
2025-08-11 05:00:00,3.873926922242539
2025-08-11 06:00:00,3.3043432287398558
2025-08-11 07:00:00,4.760272668418446
2025-08-11 08:00:00,4.54942495268598
2025-08-11 09:00:00,3.5640967153284673
2025-08-11 10:00:00,4.3389218646950605
2025-08-11 11:00:00,4.396454698930782
2025-08-11 12:00:00,3.897966820506424
2025-08-11 13:00:00,3.634777551613841
2025-08-11 14:00:00,3.6226633821185334
2025-08-11 15:00:00,3.991187458092532
2025-08-11 16:00:00,4.275404453261278
2025-08-11 17:00:00,4.6690572239653365
2025-08-11 18:00:00,3.404603023287484
2025-08-11 19:00:00,4.019163370952702
2025-08-11 20:00:00,3.4423881912315486
2025-08-11 21:00:00,4.822530864197531
2025-08-11 22:00:00,4.587155963302751
2025-08-11 23:00:00,3.5697966643819976
2025-08-12 00:00:00,4.261121527185955
2025-08-12 01:00:00,4.676918471957197
2025-08-12 02:00:00,4.344048653344917
2025-08-12 03:00:00,4.601170537784812
2025-08-12 04:00:00,4.47179193646478
2025-08-12 05:00:00,4.620730445068757
2025-08-12 06:00:00,4.086569896691513
2025-08-12 07:00:00,3.5870064279155183
2025-08-12 08:00:00,4.049501101464299
2025-08-12 09:00:00,4.152272123305873
2025-08-12 10:00:00,3.8633905115129035
2025-08-12 11:00:00,3.872486756095294
2025-08-12 12:00:00,3.6545433282656994
2025-08-12 13:00:00,3.9946312156461707
2025-08-12 14:00:00,4.886821220532468
2025-08-12 15:00:00,3.2044708777686624
2025-08-12 16:00:00,4.8427088176042155
2025-08-12 17:00:00,3.010234798314268
2025-08-12 18:00:00,3.9510699497423905
2025-08-12 19:00:00,4.361175075012211
2025-08-12 20:00:00,3.9018604070420784
2025-08-12 21:00:00,3.709418956614636
2025-08-12 22:00:00,4.086569896691513
2025-08-12 23:00:00,3.7519510145275543
2025-08-13 00:00:00,4.30500068880011
2025-08-13 01:00:00,3.3029462280354074
2025-08-13 02:00:00,4.350701333054889
2025-08-13 03:00:00,3.8252035008262433
2025-08-13 04:00:00,4.322716741017395
2025-08-13 05:00:00,3.203239115393485
2025-08-13 06:00:00,3.686771862557145
2025-08-13 07:00:00,2.7578599007170435
2025-08-13 08:00:00,4.066363044892649
2025-08-13 09:00:00,3.7491376983293847
2025-08-13 10:00:00,4.433724683432057
2025-08-13 11:00:00,4.347674863483008
2025-08-13 12:00:00,4.863434752159365
2025-08-13 13:00:00,2.7699603341680143
2025-08-13 14:00:00,2.9533372711163612
2025-08-13 15:00:00,3.8073771740123656
2025-08-13 16:00:00,4.467955820852843
2025-08-13 17:00:00,3.237335543354397
2025-08-13 18:00:00,4.122555324692457
2025-08-13 19:00:00,3.9717844433146925
2025-08-13 20:00:00,2.0890084730183665
2025-08-13 21:00:00,4.896392338125269
2025-08-13 22:00:00,3.9295818924866395
2025-08-13 23:00:00,4.797911948719917
2025-08-14 00:00:00,4.31064211324919
2025-08-14 01:00:00,4.651508949503219
2025-08-14 02:00:00,3.201434242540658
2025-08-14 03:00:00,4.483983211966854
2025-08-14 04:00:00,3.9429688978613338
2025-08-14 05:00:00,3.9215686274509802
2025-08-14 06:00:00,3.420253372369825
2025-08-14 07:00:00,3.7579292306767287
2025-08-14 08:00:00,3.589169322651965
2025-08-14 09:00:00,4.2586535840828565
2025-08-14 10:00:00,4.247078010328893
2025-08-14 11:00:00,3.203485392106612
2025-08-14 12:00:00,3.788108370204254
2025-08-14 13:00:00,4.883384771652928
2025-08-14 14:00:00,2.9870005735041105
2025-08-14 15:00:00,3.7399395625766694
2025-08-14 16:00:00,3.5051315125343505
2025-08-14 17:00:00,2.9981051975151702
2025-08-14 18:00:00,2.083020880201303
2025-08-14 19:00:00,3.649635036496351
2025-08-14 20:00:00,4.805659144208219
2025-08-14 21:00:00,4.62620281273131
2025-08-14 22:00:00,3.5150867523410483
2025-08-14 23:00:00,3.9510699497423905
2025-08-15 00:00:00,2.6807926567727542
2025-08-15 01:00:00,3.48247617986293
2025-08-15 02:00:00,3.483058403923317
2025-08-15 03:00:00,3.080335140463282
2025-08-15 04:00:00,3.081474177246395
2025-08-15 05:00:00,3.6455902939804012
2025-08-15 06:00:00,3.1914622003216992
2025-08-15 07:00:00,3.945707070707071
2025-08-15 08:00:00,4.1885869383104914
2025-08-15 09:00:00,4.572390079742483
2025-08-15 10:00:00,2.661613150498254
2025-08-15 11:00:00,3.838594767227613
2025-08-15 12:00:00,2.786011990995609
2025-08-15 13:00:00,4.230547940569262
2025-08-15 14:00:00,3.8540992199303177
2025-08-15 15:00:00,3.533469018543645
2025-08-15 16:00:00,3.811672866987864
2025-08-15 17:00:00,4.462851226391517
2025-08-15 18:00:00,2.9579497858444364
2025-08-15 19:00:00,2.219775536297769
2025-08-15 20:00:00,3.4255021786193853
2025-08-15 21:00:00,4.04963229338776
2025-08-15 22:00:00,4.493978069387021
2025-08-15 23:00:00,3.445519446511756
2025-08-16 00:00:00,3.2470906068162924
2025-08-16 01:00:00,3.5094615082261775
2025-08-16 02:00:00,4.210880916287687
2025-08-16 03:00:00,3.984952818158633
2025-08-16 04:00:00,4.152272123305873
2025-08-16 05:00:00,3.527386629793718
2025-08-16 06:00:00,3.6007489557828034
2025-08-16 07:00:00,3.4335942864991074
2025-08-16 08:00:00,4.1019919272798875
2025-08-16 09:00:00,2.9719448407037565
2025-08-16 10:00:00,3.443146760687528
2025-08-16 11:00:00,3.757364434291212
2025-08-16 12:00:00,2.9645440531246297
2025-08-16 13:00:00,4.227114402624192
2025-08-16 14:00:00,4.504991530615923
2025-08-16 15:00:00,4.139484054707421
2025-08-16 16:00:00,3.5253969596976615
2025-08-16 17:00:00,3.694836097070734
2025-08-16 18:00:00,3.9845717382295756
2025-08-16 19:00:00,3.923538089707775
2025-08-16 20:00:00,3.7099694298518986
2025-08-16 21:00:00,4.28478387550132
2025-08-16 22:00:00,3.8040170419963473
2025-08-16 23:00:00,3.3305800538221737
2025-08-17 00:00:00,3.591644398471397
2025-08-17 01:00:00,2.980306137046398
2025-08-17 02:00:00,2.800492886748067
2025-08-17 03:00:00,3.0610995469572675
2025-08-17 04:00:00,4.351307132662652
2025-08-17 05:00:00,4.450140624443732
2025-08-17 06:00:00,4.573226502762229
2025-08-17 07:00:00,4.091920911352625
2025-08-17 08:00:00,2.9475570647047724
2025-08-17 09:00:00,4.030957755562721
2025-08-17 10:00:00,3.5288803568403813
2025-08-17 11:00:00,4.3336569130495075
2025-08-17 12:00:00,2.7801872734147377
2025-08-17 13:00:00,2.9578098009985565
2025-08-17 14:00:00,2.9567603368341375
2025-08-17 15:00:00,3.8123703794070996
2025-08-17 16:00:00,3.884400248601616
2025-08-17 17:00:00,2.441263207233951
2025-08-17 18:00:00,3.013500482160077
2025-08-17 19:00:00,4.342992147870197
2025-08-17 20:00:00,3.7030453845242324
2025-08-17 21:00:00,3.7108505269407748
2025-08-17 22:00:00,3.8537427549636214
2025-08-17 23:00:00,4.187885285446261
2025-08-18 00:00:00,3.5819697968306743
2025-08-18 01:00:00,3.3838657282079048
2025-08-18 02:00:00,3.48441768411663
2025-08-18 03:00:00,3.4213767620090327
2025-08-18 04:00:00,4.497373533856227
2025-08-18 05:00:00,2.8843047671789193
2025-08-18 06:00:00,3.806913354652048
2025-08-18 07:00:00,3.2810982492059737
2025-08-18 08:00:00,3.6279204759831667
2025-08-18 09:00:00,4.6923683321446
2025-08-18 10:00:00,4.2517006802721085
2025-08-18 11:00:00,3.868891021077718
2025-08-18 12:00:00,3.858024691358025
2025-08-18 13:00:00,3.2985882042485812
2025-08-18 14:00:00,3.703593967586146
2025-08-18 15:00:00,4.564542632828191
2025-08-18 16:00:00,4.378743825971206
2025-08-18 17:00:00,4.221546774738265
2025-08-18 18:00:00,4.250977724876721
2025-08-18 19:00:00,3.390933998860646
2025-08-18 20:00:00,3.36636863083055
2025-08-18 21:00:00,3.873926922242539
2025-08-18 22:00:00,3.8613616705795124
2025-08-18 23:00:00,3.0308173508231695
2025-08-19 00:00:00,3.8712874353495
2025-08-19 01:00:00,4.729653032653524
2025-08-19 02:00:00,4.386272720892694
2025-08-19 03:00:00,3.560442064486727
2025-08-19 04:00:00,4.382735528207286
2025-08-19 05:00:00,4.155585106382979
2025-08-19 06:00:00,3.6072953942052406
2025-08-19 07:00:00,3.4495129287744573
2025-08-19 08:00:00,4.298930426109983
2025-08-19 09:00:00,4.637874740279014
2025-08-19 10:00:00,3.9237844115892893
2025-08-19 11:00:00,3.3122234293436494
2025-08-19 12:00:00,3.7408349543618136
2025-08-19 13:00:00,3.9310648468457137
2025-08-19 14:00:00,4.174877258608596
2025-08-19 15:00:00,4.042298612683116
2025-08-19 16:00:00,4.087238008043684
2025-08-19 17:00:00,4.139484054707421
2025-08-19 18:00:00,2.1864996763980478
2025-08-19 19:00:00,3.302509907529723
2025-08-19 20:00:00,3.0419546383724323
2025-08-19 21:00:00,4.415712872686168
2025-08-19 22:00:00,4.218412526997841
2025-08-19 23:00:00,4.420397482141594
2025-08-20 00:00:00,4.580768103195544
2025-08-20 01:00:00,4.230834320528008
2025-08-20 02:00:00,3.6157473026525118
2025-08-20 03:00:00,3.76268023238313
2025-08-20 04:00:00,4.2477996397865905
2025-08-20 05:00:00,2.9744199881023197
2025-08-20 06:00:00,3.8341206060977857
2025-08-20 07:00:00,3.228555931502958
2025-08-20 08:00:00,4.2587986780688905
2025-08-20 09:00:00,4.5001260035280986
2025-08-20 10:00:00,4.01464542651593
2025-08-20 11:00:00,3.3799313197955816
2025-08-20 12:00:00,4.027451106743563
2025-08-20 13:00:00,3.5132096683530065
2025-08-20 14:00:00,4.123371268349002
2025-08-20 15:00:00,2.615336332252328
2025-08-20 16:00:00,3.7241173841799498
2025-08-20 17:00:00,3.058328440007829
2025-08-20 18:00:00,4.477077363896848
2025-08-20 19:00:00,4.249966000271998
2025-08-20 20:00:00,4.300409398974782
2025-08-20 21:00:00,4.24520292069961
2025-08-20 22:00:00,3.6867718625571446
2025-08-20 23:00:00,3.444949703734325
2025-08-21 00:00:00,4.761723362919508
2025-08-21 01:00:00,3.4979711767175035
2025-08-21 02:00:00,2.878128525707444
2025-08-21 03:00:00,3.8967516678097134
2025-08-21 04:00:00,4.13537565752473
2025-08-21 05:00:00,3.2117988643079216
2025-08-21 06:00:00,3.4137149411475547
2025-08-21 07:00:00,4.576910402401963
2025-08-21 08:00:00,4.298339121763351
2025-08-21 09:00:00,3.2140285919983542
2025-08-21 10:00:00,3.7153727261918923
2025-08-21 11:00:00,3.9404829455898116
2025-08-21 12:00:00,4.191677006136615
2025-08-21 13:00:00,3.7855844942459114
2025-08-21 14:00:00,3.8032068640277483
2025-08-21 15:00:00,4.251845300860573
2025-08-21 16:00:00,4.153927954273561
2025-08-21 17:00:00,2.770512877343854
2025-08-21 18:00:00,3.8764497922222914
2025-08-21 19:00:00,3.1732331437855406
2025-08-21 20:00:00,3.8069133546520484
2025-08-21 21:00:00,2.7729097806073777
2025-08-21 22:00:00,3.6535819717651186
2025-08-21 23:00:00,4.602525866195368
2025-08-22 00:00:00,3.590715845110881
2025-08-22 01:00:00,4.357222532069157
2025-08-22 02:00:00,4.1471749444278565
2025-08-22 03:00:00,4.409637704166226
2025-08-22 04:00:00,3.833767827020395
2025-08-22 05:00:00,3.296413502109705
2025-08-22 06:00:00,4.0521265560165975
2025-08-22 07:00:00,4.326007959854646
2025-08-22 08:00:00,2.1686328938237334
2025-08-22 09:00:00,3.6361520784245283
2025-08-22 10:00:00,4.161672659475296
2025-08-22 11:00:00,4.822158784044441
2025-08-22 12:00:00,3.420159789865382
2025-08-22 13:00:00,4.457599315312746
2025-08-22 14:00:00,3.9739310125576224
2025-08-22 15:00:00,3.2263892832253567
2025-08-22 16:00:00,2.4115910713252173
2025-08-22 17:00:00,2.7806201895270717
2025-08-22 18:00:00,4.270146551429645
2025-08-22 19:00:00,3.1336174479819507
2025-08-22 20:00:00,3.3645564168819986
2025-08-22 21:00:00,2.5962696797241724
2025-08-22 22:00:00,3.932425205272595
2025-08-22 23:00:00,3.3242912611031326
2025-08-23 00:00:00,2.648754026106119
2025-08-23 01:00:00,4.414777142049869
2025-08-23 02:00:00,3.5109400893183165
2025-08-23 03:00:00,4.288900325956425
2025-08-23 04:00:00,4.313319530710834
2025-08-23 05:00:00,3.202910805339893
2025-08-23 06:00:00,3.504050682589073
2025-08-23 07:00:00,4.044260385660671
2025-08-23 08:00:00,4.709339562219794
2025-08-23 09:00:00,3.499342123680748
2025-08-23 10:00:00,4.113059787437071
2025-08-23 11:00:00,3.50071414568572
2025-08-23 12:00:00,3.310644383822867
2025-08-23 13:00:00,4.300853289292596
2025-08-23 14:00:00,3.9145684579731927
2025-08-23 15:00:00,4.340277777777778
2025-08-23 16:00:00,4.6133973057759725
2025-08-23 17:00:00,3.87116754413131
2025-08-23 18:00:00,4.046486031530219
2025-08-23 19:00:00,2.8277344191833502
2025-08-23 20:00:00,4.623978100839714
2025-08-23 21:00:00,4.222830309786832
2025-08-23 22:00:00,2.476964232636481
2025-08-23 23:00:00,2.430440784740721
2025-08-24 00:00:00,2.7735865802786903
2025-08-24 01:00:00,3.55608659782083
2025-08-24 02:00:00,2.787565229026359
2025-08-24 03:00:00,3.138810767376457
2025-08-24 04:00:00,3.2570743655219134
2025-08-24 05:00:00,2.880117969632036
2025-08-24 06:00:00,2.8267752148349157
2025-08-24 07:00:00,3.0965120887831947
2025-08-24 08:00:00,3.449132198338897
2025-08-24 09:00:00,3.871767074492799
2025-08-24 10:00:00,3.9389928783008763
2025-08-24 11:00:00,4.751587030068042
2025-08-24 12:00:00,3.235408308528536
2025-08-24 13:00:00,3.1291461186071543
2025-08-24 14:00:00,4.220549009015093
2025-08-24 15:00:00,4.286400109731844
2025-08-24 16:00:00,3.8102786075717856
2025-08-24 17:00:00,3.967246413609242
2025-08-24 18:00:00,4.123099251245176
2025-08-24 19:00:00,3.656681488415633
2025-08-24 20:00:00,4.163890739506996
2025-08-24 21:00:00,3.6484632672718242
2025-08-24 22:00:00,3.760868911153233
2025-08-24 23:00:00,3.434348984806441
2025-08-25 00:00:00,3.424188467333242
2025-08-25 01:00:00,3.0230477157851463
2025-08-25 02:00:00,3.9951419074405528
2025-08-25 03:00:00,4.000256016385049
2025-08-25 04:00:00,4.683928504515307
2025-08-25 05:00:00,3.6573234244250687
2025-08-25 06:00:00,3.9838097969850526
2025-08-25 07:00:00,3.211716341212744
2025-08-25 08:00:00,4.1221474739480275
2025-08-25 09:00:00,4.064644099762625
2025-08-25 10:00:00,2.640082792996388
2025-08-25 11:00:00,3.9111389236545686
2025-08-25 12:00:00,2.968698047784164
2025-08-25 13:00:00,2.148393860749703
2025-08-25 14:00:00,2.7422504003685577
2025-08-25 15:00:00,3.2881757201104826
2025-08-25 16:00:00,2.631412752878765
2025-08-25 17:00:00,3.772446054021427
2025-08-25 18:00:00,3.033759677693371
2025-08-25 19:00:00,3.487042151365526
2025-08-25 20:00:00,4.47643604068185
2025-08-25 21:00:00,3.590612702151494
2025-08-25 22:00:00,3.857548450808542
2025-08-25 23:00:00,3.008133994320644
2025-08-26 00:00:00,3.2761964669497305
2025-08-26 01:00:00,3.804364366801595
2025-08-26 02:00:00,3.389554748088291
2025-08-26 03:00:00,4.076308495026903
2025-08-26 04:00:00,3.003003003003003
2025-08-26 05:00:00,4.921259842519684
2025-08-26 06:00:00,4.287135164797476
2025-08-26 07:00:00,2.6465108401084003
2025-08-26 08:00:00,3.952319220918835
2025-08-26 09:00:00,4.186062087672884
2025-08-26 10:00:00,4.255608892520343
2025-08-26 11:00:00,2.7978601965217007
2025-08-26 12:00:00,2.4114049809981286
2025-08-26 13:00:00,2.7874409062527867
2025-08-26 14:00:00,3.83176997118509
2025-08-26 15:00:00,3.150757442089078
2025-08-26 16:00:00,3.7274489339496037
2025-08-26 17:00:00,3.9414769502427944
2025-08-26 18:00:00,3.891535132779179
2025-08-26 19:00:00,2.627319923492444
2025-08-26 20:00:00,3.2852374569633893
2025-08-26 21:00:00,3.847337642351492
2025-08-26 22:00:00,3.943715295305401
2025-08-26 23:00:00,3.2968482131082686
2025-08-27 00:00:00,2.3618327822390173
2025-08-27 01:00:00,4.477718870898409
2025-08-27 02:00:00,4.058968697233406
2025-08-27 03:00:00,3.769601930036188
2025-08-27 04:00:00,3.8355323718932186
2025-08-27 05:00:00,3.0545170197688343
2025-08-27 06:00:00,4.04963229338776
2025-08-27 07:00:00,3.7980068060281966
2025-08-27 08:00:00,3.3233190652168134
2025-08-27 09:00:00,2.886769358675319
2025-08-27 10:00:00,3.679825723453738
2025-08-27 11:00:00,4.374912501749965
2025-08-27 12:00:00,3.8105109133032564
2025-08-27 13:00:00,2.307081818349606
2025-08-27 14:00:00,3.994503563097178
2025-08-27 15:00:00,4.718761796904492
2025-08-27 16:00:00,4.665920119447555
2025-08-27 17:00:00,4.7980961154613855
2025-08-27 18:00:00,3.3613897329711997
2025-08-27 19:00:00,3.2895602515855678
2025-08-27 20:00:00,3.9632213062777426
2025-08-27 21:00:00,4.305742137714858
2025-08-27 22:00:00,4.384734109723586
2025-08-27 23:00:00,4.174319585907496
2025-08-28 00:00:00,3.609795541180547
2025-08-28 01:00:00,4.048976418761337
2025-08-28 02:00:00,3.619097252381366
2025-08-28 03:00:00,3.371089536138079
2025-08-28 04:00:00,4.3908950400449624
2025-08-28 05:00:00,3.9914423476067307
2025-08-28 06:00:00,2.853099607413493
2025-08-28 07:00:00,4.381352961794602
2025-08-28 08:00:00,3.957198936304926
2025-08-28 09:00:00,2.785515320334261
2025-08-28 10:00:00,3.160236638519493
2025-08-28 11:00:00,2.858841825999451
2025-08-28 12:00:00,3.051906831388252
2025-08-28 13:00:00,2.829975096219153
2025-08-28 14:00:00,3.154255721819879
2025-08-28 15:00:00,2.3748456350337226
2025-08-28 16:00:00,4.076574373022861
2025-08-28 17:00:00,3.030964331611745
2025-08-28 18:00:00,3.4219387336089144
2025-08-28 19:00:00,3.6688092512694075
2025-08-28 20:00:00,3.694180926205042
2025-08-28 21:00:00,2.627319923492444
2025-08-28 22:00:00,3.184551105676144
2025-08-28 23:00:00,4.00512656199936
2025-08-29 00:00:00,3.106902294136654
2025-08-29 01:00:00,4.1247318924269925
2025-08-29 02:00:00,3.129772903678109
2025-08-29 03:00:00,3.3451081138942413
2025-08-29 04:00:00,2.944016580701383
2025-08-29 05:00:00,2.433563710697946
2025-08-29 06:00:00,3.3624747814391385
2025-08-29 07:00:00,2.6664960109219673
2025-08-29 08:00:00,2.454975744839641
2025-08-29 09:00:00,2.6395810456964264
2025-08-29 10:00:00,2.266134880348078
2025-08-29 11:00:00,1.9738192613178793
2025-08-29 12:00:00,2.4771605794574034
2025-08-29 13:00:00,3.915181507814702
2025-08-29 14:00:00,4.602186959243032
2025-08-29 15:00:00,4.8564435292746415
2025-08-29 16:00:00,4.018129801665112
2025-08-29 17:00:00,3.991187458092532
2025-08-29 18:00:00,3.661287015611727
2025-08-29 19:00:00,3.611672926899739
2025-08-29 20:00:00,3.02744072271065
2025-08-29 21:00:00,4.508566275924256
2025-08-29 22:00:00,3.3894628379294454
2025-08-29 23:00:00,3.941352672237112
2025-08-30 00:00:00,3.9438397223536827
2025-08-30 01:00:00,3.979370941041641
2025-08-30 02:00:00,2.9336525147269357
2025-08-30 03:00:00,4.00474161407106
2025-08-30 04:00:00,3.5127160320359696
2025-08-30 05:00:00,3.2983270885007125
2025-08-30 06:00:00,4.12800105676827
2025-08-30 07:00:00,3.657644476956839
2025-08-30 08:00:00,4.323314771901913
2025-08-30 09:00:00,4.278331108601156
2025-08-30 10:00:00,2.9860729557344547
2025-08-30 11:00:00,1.6010861768623834
2025-08-30 12:00:00,3.2815289299590464
2025-08-30 13:00:00,3.7592854350245104
2025-08-30 14:00:00,3.617107471497193
2025-08-30 15:00:00,4.112518506333279
2025-08-30 16:00:00,3.684381171338462
2025-08-30 17:00:00,3.2029108053398923
2025-08-30 18:00:00,3.3387643900745214
2025-08-30 19:00:00,4.305890458146744
2025-08-30 20:00:00,3.8594541188094347
2025-08-30 21:00:00,2.9817279709937496
2025-08-30 22:00:00,3.1676845493018426
2025-08-30 23:00:00,4.72357631409893
2025-08-31 00:00:00,4.557552776461152
2025-08-31 01:00:00,4.240450505461701
2025-08-31 02:00:00,3.9925897534176564
2025-08-31 03:00:00,4.198152812762385
2025-08-31 04:00:00,3.995525011986575
2025-08-31 05:00:00,4.322567259146552
2025-08-31 06:00:00,3.1776698782316903
2025-08-31 07:00:00,4.659832246039143
2025-08-31 08:00:00,4.669929390667614
2025-08-31 09:00:00,4.245635486719652
2025-08-31 10:00:00,4.070070330815317
2025-08-31 11:00:00,4.065569504976256
2025-08-31 12:00:00,4.218270171767961
2025-08-31 13:00:00,3.8311827627425137
2025-08-31 14:00:00,3.7738127585061747
2025-08-31 15:00:00,4.143737983159849
2025-08-31 16:00:00,4.453628816759896
2025-08-31 17:00:00,4.637186526190829
2025-08-31 18:00:00,4.2097464048765705
2025-08-31 19:00:00,4.75520219119717
2025-08-31 20:00:00,3.451894399646526
2025-08-31 21:00:00,4.044914733197423
2025-08-31 22:00:00,3.5277848333474444
2025-08-31 23:00:00,3.9427201614938183
2025-09-01 00:00:00,3.4103620440345948
2025-09-01 01:00:00,3.2513981011835087
2025-09-01 02:00:00,4.283755997258396
2025-09-01 03:00:00,3.261748819246927
2025-09-01 04:00:00,4.0364246964608625
2025-09-01 05:00:00,3.9775981671227636
2025-09-01 06:00:00,4.513450081242102
2025-09-01 07:00:00,3.8083051518752087
2025-09-01 08:00:00,4.046355043376926
2025-09-01 09:00:00,3.713716985056003
2025-09-01 10:00:00,3.200450623447782
2025-09-01 11:00:00,3.888629646912428
2025-09-01 12:00:00,3.206690438931787
2025-09-01 13:00:00,4.129091930102732
2025-09-01 14:00:00,2.600861405297435
2025-09-01 15:00:00,4.0630586705672025
2025-09-01 16:00:00,3.9580760583895382
2025-09-01 17:00:00,4.49236298292902
2025-09-01 18:00:00,4.02615389570651
2025-09-01 19:00:00,4.056860963261067
2025-09-01 20:00:00,3.78169056695105
2025-09-01 21:00:00,3.5561877667140815
2025-09-01 22:00:00,3.3936958705508644
2025-09-01 23:00:00,4.79533509801665
2025-09-02 00:00:00,2.8367184840576423
2025-09-02 01:00:00,3.0043743690813827
2025-09-02 02:00:00,4.720187297031947
2025-09-02 03:00:00,3.7834074881201007
2025-09-02 04:00:00,3.7664215981680123
2025-09-02 05:00:00,3.4436210363921873
2025-09-02 06:00:00,3.0676352213605576
2025-09-02 07:00:00,3.738038277511962
2025-09-02 08:00:00,3.371907960400313
2025-09-02 09:00:00,3.0495986728146574
2025-09-02 10:00:00,4.10428158655109
2025-09-02 11:00:00,4.456327985739751
2025-09-02 12:00:00,3.262089302956757
2025-09-02 13:00:00,3.0810184614626213
2025-09-02 14:00:00,3.272593988899361
2025-09-02 15:00:00,4.456645750142612
2025-09-02 16:00:00,4.146899777726172
2025-09-02 17:00:00,4.572891896835559
2025-09-02 18:00:00,4.704022880367289
2025-09-02 19:00:00,2.75336461155532
2025-09-02 20:00:00,3.0716304214276944
2025-09-02 21:00:00,3.871407333994054
2025-09-02 22:00:00,2.877068612332266
2025-09-02 23:00:00,4.175435080335371
2025-09-03 00:00:00,4.1613955656168855
2025-09-03 01:00:00,4.237431777348385
2025-09-03 02:00:00,3.8817464753742
2025-09-03 03:00:00,4.1918175720992625
2025-09-03 04:00:00,3.4233444706140106
2025-09-03 05:00:00,3.870568199411673
2025-09-03 06:00:00,3.754768556066204
2025-09-03 07:00:00,4.240306658977577
2025-09-03 08:00:00,3.947700859019707
2025-09-03 09:00:00,3.5108414784855633
2025-09-03 10:00:00,3.0448444693445054
2025-09-03 11:00:00,3.936387970398363
2025-09-03 12:00:00,2.5057130256985927
2025-09-03 13:00:00,3.869250294063022
2025-09-03 14:00:00,4.036815759728726
2025-09-03 15:00:00,3.512025174196448
2025-09-03 16:00:00,3.042546976925324
2025-09-03 17:00:00,4.637702667606574
2025-09-03 18:00:00,3.834944009817456
2025-09-03 19:00:00,3.4571452277567274
2025-09-03 20:00:00,4.624662399644826
2025-09-03 21:00:00,4.7200090624174
2025-09-03 22:00:00,3.3850570043599535
2025-09-03 23:00:00,4.857764651018188
2025-09-04 00:00:00,3.7432994939059085
2025-09-04 01:00:00,4.030827770791009
2025-09-04 02:00:00,3.9939930344761483
2025-09-04 03:00:00,2.7584684982897496
2025-09-04 04:00:00,2.653139194294689
2025-09-04 05:00:00,3.7659677030609777
2025-09-04 06:00:00,2.159155683761422
2025-09-04 07:00:00,4.342539517109605
2025-09-04 08:00:00,2.9965240321227378
2025-09-04 09:00:00,3.7882231718034984
2025-09-04 10:00:00,3.010452290352102
2025-09-04 11:00:00,4.076042651710307
2025-09-04 12:00:00,2.8449825887065567
2025-09-04 13:00:00,3.2407767493712893
2025-09-04 14:00:00,3.3790176519882134
2025-09-04 15:00:00,3.97937094104164
2025-09-04 16:00:00,3.597225819448042
2025-09-04 17:00:00,3.0260482231044836
2025-09-04 18:00:00,3.742963229129237
2025-09-04 19:00:00,4.611014792135453
2025-09-04 20:00:00,3.7215672263903774
2025-09-04 21:00:00,4.3552489460297545
2025-09-04 22:00:00,2.8974757191534732
2025-09-04 23:00:00,3.8595732855775466
2025-09-05 00:00:00,3.912240618446997
2025-09-05 01:00:00,4.305445527503186
2025-09-05 02:00:00,2.261133822944177
2025-09-05 03:00:00,3.7350225595362594
2025-09-05 04:00:00,2.8147447589452588
2025-09-05 05:00:00,3.2596224053405654
2025-09-05 06:00:00,4.00576830636116
2025-09-05 07:00:00,3.7087586043199616
2025-09-05 08:00:00,2.7665884644327376
2025-09-05 09:00:00,2.8589725996066058
2025-09-05 10:00:00,4.613908164771887
2025-09-05 11:00:00,3.3894628379294454
2025-09-05 12:00:00,3.6403879197367273
2025-09-05 13:00:00,2.194869273586065
2025-09-05 14:00:00,1.9725422124033456
2025-09-05 15:00:00,2.0288255534636104
2025-09-05 16:00:00,3.8324748589649253
2025-09-05 17:00:00,3.2172547808406042
2025-09-05 18:00:00,2.5074219690283237
2025-09-05 19:00:00,3.3872584884697723
2025-09-05 20:00:00,3.2331488283068652
2025-09-05 21:00:00,3.4768580329327996
2025-09-05 22:00:00,4.106438896189225
2025-09-05 23:00:00,2.946098187560395
2025-09-06 00:00:00,2.4756887366065237
2025-09-06 01:00:00,3.1601567437744906
2025-09-06 02:00:00,3.0234864426867913
2025-09-06 03:00:00,2.8230086496985023
2025-09-06 04:00:00,3.414927330346411
2025-09-06 05:00:00,3.5070983670950002
2025-09-06 06:00:00,4.6265452661188835
2025-09-06 07:00:00,2.6629740093736687
2025-09-06 08:00:00,1.8568309095500535
2025-09-06 09:00:00,3.8192428732927977
2025-09-06 10:00:00,3.931312114731413
2025-09-06 11:00:00,2.699317612507558
2025-09-06 12:00:00,2.642538528211742
2025-09-06 13:00:00,2.104660560344827
2025-09-06 14:00:00,3.634249164122692
2025-09-06 15:00:00,4.2258282623394186
2025-09-06 16:00:00,3.122501998401279
2025-09-06 17:00:00,3.657002428249612
2025-09-06 18:00:00,3.2120464590399838
2025-09-06 19:00:00,3.39139399858918
2025-09-06 20:00:00,3.8383590247497383
2025-09-06 21:00:00,3.8956586779692715
2025-09-06 22:00:00,3.6394339952250623
2025-09-06 23:00:00,2.244608450501894
2025-09-07 00:00:00,3.992207211523107
2025-09-07 01:00:00,3.4888913698783077
2025-09-07 02:00:00,3.0805628804495155
2025-09-07 03:00:00,3.7393801603446213
2025-09-07 04:00:00,2.8881033247845465
2025-09-07 05:00:00,3.267546725918181
2025-09-07 06:00:00,4.343293954134816
2025-09-07 07:00:00,3.7855844942459123
2025-09-07 08:00:00,4.5657096939148225
2025-09-07 09:00:00,3.6972403797805313
2025-09-07 10:00:00,4.283315628962067
2025-09-07 11:00:00,4.496726383193035
2025-09-07 12:00:00,4.066627627041447
2025-09-07 13:00:00,4.4080826603660475
2025-09-07 14:00:00,4.147725387397551
2025-09-07 15:00:00,4.824950785501987
2025-09-07 16:00:00,3.9341579328360563
2025-09-07 17:00:00,3.937503937503937
2025-09-07 18:00:00,3.5983649029880818
2025-09-07 19:00:00,2.0868113522537564
2025-09-07 20:00:00,2.8780622582427706
2025-09-07 21:00:00,4.188025597212451
2025-09-07 22:00:00,4.495432640437316
2025-09-07 23:00:00,2.859561228925033
2025-09-08 00:00:00,4.416961130742049
2025-09-08 01:00:00,3.9194782390568172
2025-09-08 02:00:00,4.226542688081149
2025-09-08 03:00:00,2.2980053313723685
2025-09-08 04:00:00,2.8814457942417184
2025-09-08 05:00:00,3.135346643924952
2025-09-08 06:00:00,3.669994128009395
2025-09-08 07:00:00,4.796623177283193
2025-09-08 08:00:00,3.9706489628664916
2025-09-08 09:00:00,3.795124024653126
2025-09-08 10:00:00,4.206771218954029
2025-09-08 11:00:00,2.264697889301567
2025-09-08 12:00:00,2.892781930526949
2025-09-08 13:00:00,3.5263915140914603
2025-09-08 14:00:00,4.034600735911174
2025-09-08 15:00:00,2.80137155151162
2025-09-08 16:00:00,3.4277566018592145
2025-09-08 17:00:00,4.414309425433485
2025-09-08 18:00:00,4.639423969119994
2025-09-08 19:00:00,4.628601051618158
2025-09-08 20:00:00,4.250110502873075
2025-09-08 21:00:00,4.8052896628608766
2025-09-08 22:00:00,4.7740900584348624
2025-09-08 23:00:00,3.195541580387044
2025-09-09 00:00:00,3.440493229109325
2025-09-09 01:00:00,3.3642847530614985
2025-09-09 02:00:00,3.9513197407934246
2025-09-09 03:00:00,3.8191261839291166
2025-09-09 04:00:00,3.7162563919609943
2025-09-09 05:00:00,3.5379694885511306
2025-09-09 06:00:00,2.7391256710857896
2025-09-09 07:00:00,4.101184422061091
2025-09-09 08:00:00,3.6891656582947197
2025-09-09 09:00:00,3.7094189566146354
2025-09-09 10:00:00,3.8377697952166034
2025-09-09 11:00:00,3.0264878214130073
2025-09-09 12:00:00,4.467317108037597
2025-09-09 13:00:00,3.468560963427493
2025-09-09 14:00:00,4.041775794613121
2025-09-09 15:00:00,3.8414259373079287
2025-09-09 16:00:00,3.2870516461554646
2025-09-09 17:00:00,3.941352672237112
2025-09-09 18:00:00,3.089852923000865
2025-09-09 19:00:00,3.848166733368223
2025-09-09 20:00:00,3.9465791052315846
2025-09-09 21:00:00,3.156565656565657
2025-09-09 22:00:00,3.5127160320359705
2025-09-09 23:00:00,4.1446997579495335
2025-09-10 00:00:00,3.63784523151247
2025-09-10 01:00:00,3.931683074890699
2025-09-10 02:00:00,3.5250987027636773
2025-09-10 03:00:00,3.530774228172754
2025-09-10 04:00:00,4.146349553852788
2025-09-10 05:00:00,2.993510070167876
2025-09-10 06:00:00,3.539572419651706
2025-09-10 07:00:00,3.8408357658626513
2025-09-10 08:00:00,4.041514436289566
2025-09-10 09:00:00,3.6891656582947197
2025-09-10 10:00:00,4.226685602218165
2025-09-10 11:00:00,3.834238213551731
2025-09-10 12:00:00,3.610942600456423
2025-09-10 13:00:00,3.893838390131456
2025-09-10 14:00:00,3.6210892236384704
2025-09-10 15:00:00,3.611359893681564
2025-09-10 16:00:00,3.452657164954149
2025-09-10 17:00:00,3.641554506787857
2025-09-10 18:00:00,3.3900143736609447
2025-09-10 19:00:00,3.5569973251380116
2025-09-10 20:00:00,4.306632213608958
2025-09-10 21:00:00,3.1721862707778197
2025-09-10 22:00:00,3.3708168163309336
2025-09-10 23:00:00,4.38227457579582
2025-09-11 00:00:00,3.764266570301443
2025-09-11 01:00:00,3.9095486817001843
2025-09-11 02:00:00,3.6329816607085768
2025-09-11 03:00:00,3.3670033670033663
2025-09-11 04:00:00,3.881746475374201
2025-09-11 05:00:00,3.5277848333474444
2025-09-11 06:00:00,2.667691060033719
2025-09-11 07:00:00,3.490547597107034
2025-09-11 08:00:00,4.213009774182676
2025-09-11 09:00:00,3.982794328500877
2025-09-11 10:00:00,2.948391357675252
2025-09-11 11:00:00,3.824852360698877
2025-09-11 12:00:00,4.342237815680688
2025-09-11 13:00:00,4.247510958578273
2025-09-11 14:00:00,2.7875030662533726
2025-09-11 15:00:00,2.694255846535187
2025-09-11 16:00:00,3.908204102051025
2025-09-11 17:00:00,3.702167989574695
2025-09-11 18:00:00,3.888992595358098
2025-09-11 19:00:00,4.061078622482132
2025-09-11 20:00:00,4.511169656068426
2025-09-11 21:00:00,3.5616594483701842
2025-09-11 22:00:00,2.887502887502887
2025-09-11 23:00:00,4.582615390255527
2025-09-12 00:00:00,3.9345294302801386
2025-09-12 01:00:00,4.607955173812068
2025-09-12 02:00:00,3.9336627120244203
2025-09-12 03:00:00,3.7008526764566554
2025-09-12 04:00:00,4.4154009184033916
2025-09-12 05:00:00,4.2596694496507075
2025-09-12 06:00:00,3.6622524317356144
2025-09-12 07:00:00,3.5726534811935515
2025-09-12 08:00:00,2.934341181717881
2025-09-12 09:00:00,3.8157452913703103
2025-09-12 10:00:00,3.678201506591337
2025-09-12 11:00:00,4.097017371353655
2025-09-12 12:00:00,3.796161321671525
2025-09-12 13:00:00,3.752176262232094
2025-09-12 14:00:00,2.3901944662217716
2025-09-12 15:00:00,4.167222296306174
2025-09-12 16:00:00,4.329004329004329
2025-09-12 17:00:00,2.4648512215802656
2025-09-12 18:00:00,4.1828403158881
2025-09-12 19:00:00,3.4775351231047438
2025-09-12 20:00:00,4.726255293405929
2025-09-12 21:00:00,1.9151218017465916
2025-09-12 22:00:00,4.495270974934369
2025-09-12 23:00:00,2.6771181358691
2025-09-13 00:00:00,3.6602149278205607
2025-09-13 01:00:00,2.8881700554528646
2025-09-13 02:00:00,3.4441903397349347
2025-09-13 03:00:00,3.122346005894989
2025-09-13 04:00:00,3.068388237026854
2025-09-13 05:00:00,2.1831391794889705
2025-09-13 06:00:00,4.241601628775025
2025-09-13 07:00:00,3.4087810199072806
2025-09-13 08:00:00,2.2456568995562582
2025-09-13 09:00:00,2.926098457360893
2025-09-13 10:00:00,3.4967969340084473
2025-09-13 11:00:00,2.936133229981443
2025-09-13 12:00:00,2.6401943183018273
2025-09-13 13:00:00,2.98414820473644
2025-09-13 14:00:00,3.1118524235106677
2025-09-13 15:00:00,3.807261208576998
2025-09-13 16:00:00,3.287138086096721
2025-09-13 17:00:00,4.334558568555378
2025-09-13 18:00:00,4.3012972712570114
2025-09-13 19:00:00,3.7908655304179053
2025-09-13 20:00:00,4.308413469823872
2025-09-13 21:00:00,3.182362076427607
2025-09-13 22:00:00,3.104741561312436
2025-09-13 23:00:00,4.210880916287687
2025-09-14 00:00:00,3.5142961567657234
2025-09-14 01:00:00,3.1713814537612586
2025-09-14 02:00:00,3.742066818345109
2025-09-14 03:00:00,3.4880151798420624
2025-09-14 04:00:00,3.8818670227632683
2025-09-14 05:00:00,3.329426805881099
2025-09-14 06:00:00,3.7544302276686485
2025-09-14 07:00:00,3.7691472681220604
2025-09-14 08:00:00,3.426065506372482
2025-09-14 09:00:00,3.500812188427715
2025-09-14 10:00:00,3.5258941667606907
2025-09-14 11:00:00,4.083766212551864
2025-09-14 12:00:00,3.718467396477868
2025-09-14 13:00:00,3.5243035976091126
2025-09-14 14:00:00,3.411572052401747
2025-09-14 15:00:00,3.3518354651006885
2025-09-14 16:00:00,4.2686883174538135
2025-09-14 17:00:00,3.788912127549937
2025-09-14 18:00:00,3.7916704583371246
2025-09-14 19:00:00,3.603863341502091
2025-09-14 20:00:00,3.4163273114870587
2025-09-14 21:00:00,4.399859204505456
2025-09-14 22:00:00,3.0066868716024437
2025-09-14 23:00:00,3.8837967997514364
2025-09-15 00:00:00,4.030827770791009
2025-09-15 01:00:00,3.845917174327734
2025-09-15 02:00:00,3.342692873378794
2025-09-15 03:00:00,4.357070654257728
2025-09-15 04:00:00,4.748518462239781
2025-09-15 05:00:00,3.8762093773257256
2025-09-15 06:00:00,3.7481259370314843
2025-09-15 07:00:00,3.1746031746031744
2025-09-15 08:00:00,4.255608892520342
2025-09-15 09:00:00,3.836945177727301
2025-09-15 10:00:00,3.190810465858328
2025-09-15 11:00:00,4.060682844427118
2025-09-15 12:00:00,3.7842092516347785
2025-09-15 13:00:00,2.706330648653329
2025-09-15 14:00:00,3.7988147697918255
2025-09-15 15:00:00,4.155999601024038
2025-09-15 16:00:00,3.8372985418265535
2025-09-15 17:00:00,4.8350288167717475
2025-09-15 18:00:00,3.279118572927597
2025-09-15 19:00:00,4.086436300630946
2025-09-15 20:00:00,1.964080888707321
2025-09-15 21:00:00,3.1835778321108394
2025-09-15 22:00:00,3.72400643508312
2025-09-15 23:00:00,2.560793231311331
2025-09-16 00:00:00,2.8271588184737872
2025-09-16 01:00:00,3.2513981011835087
2025-09-16 02:00:00,3.5742880018300345
2025-09-16 03:00:00,3.290166350810697
2025-09-16 04:00:00,3.5074920029182337
2025-09-16 05:00:00,2.9300766508051854
2025-09-16 06:00:00,4.450774434751646
2025-09-16 07:00:00,3.003147298368691
2025-09-16 08:00:00,2.283647258709831
2025-09-16 09:00:00,3.3570565328320123
2025-09-16 10:00:00,1.8623638612017461
2025-09-16 11:00:00,2.5409602797089073
2025-09-16 12:00:00,4.219694156567532
2025-09-16 13:00:00,2.072693506665782
2025-09-16 14:00:00,4.422587036512878
2025-09-16 15:00:00,4.738078993252976
2025-09-16 16:00:00,3.4158605235831017
2025-09-16 17:00:00,4.601848102197842
2025-09-16 18:00:00,3.591541202160671
2025-09-16 19:00:00,3.726782147222802
2025-09-16 20:00:00,2.94173020803916
2025-09-16 21:00:00,3.7308978032473736
2025-09-16 22:00:00,3.1193072642427575
2025-09-16 23:00:00,4.278331108601157
2025-09-17 00:00:00,4.550915644227619
2025-09-17 01:00:00,2.6010778866762387
2025-09-17 02:00:00,4.073651621313346
2025-09-17 03:00:00,2.7249144376866554
2025-09-17 04:00:00,3.0257552285050346
2025-09-17 05:00:00,2.9559213015512675
2025-09-17 06:00:00,3.9012515214880925
2025-09-17 07:00:00,4.0014084957905185
2025-09-17 08:00:00,3.796276611899049
2025-09-17 09:00:00,2.9727223001736074
2025-09-17 10:00:00,2.448196169062635
2025-09-17 11:00:00,3.9950142222506315
2025-09-17 12:00:00,4.185221147085412
2025-09-17 13:00:00,2.58296483035087
2025-09-17 14:00:00,4.643042864571726
2025-09-17 15:00:00,2.10508588750421
2025-09-17 16:00:00,2.6932109538275917
2025-09-17 17:00:00,3.483640822696617
2025-09-17 18:00:00,3.794432808183832
2025-09-17 19:00:00,3.538269927536232
2025-09-17 20:00:00,4.355552458273807
2025-09-17 21:00:00,3.725005215007301
2025-09-17 22:00:00,2.21145000353832
2025-09-17 23:00:00,3.1845511056761437
2025-09-18 00:00:00,3.186499439176098
2025-09-18 01:00:00,3.6374217954313974
2025-09-18 02:00:00,3.3839573350659196
2025-09-18 03:00:00,3.1054357547451055
2025-09-18 04:00:00,2.8528391455176187
2025-09-18 05:00:00,4.361175075012211
2025-09-18 06:00:00,3.2047995077427958
2025-09-18 07:00:00,4.0360337089535365
2025-09-18 08:00:00,3.979244261929774
2025-09-18 09:00:00,2.9816568470767835
2025-09-18 10:00:00,3.674417237426144
2025-09-18 11:00:00,3.236581134615882
2025-09-18 12:00:00,2.714028269318453
2025-09-18 13:00:00,3.9167763364040864
2025-09-18 14:00:00,4.155585106382978
2025-09-18 15:00:00,3.601682706160318
2025-09-18 16:00:00,2.74044680244667
2025-09-18 17:00:00,4.048189649588704
2025-09-18 18:00:00,3.407480100316214
2025-09-18 19:00:00,4.316894598701479
2025-09-18 20:00:00,4.897543392234455
2025-09-18 21:00:00,3.12289204786769
2025-09-18 22:00:00,4.139209907612835
2025-09-18 23:00:00,4.5635427695228366
2025-09-19 00:00:00,2.658443215652913
2025-09-19 01:00:00,2.8756125054636636
2025-09-19 02:00:00,3.2396008811714396
2025-09-19 03:00:00,4.127728428491233
2025-09-19 04:00:00,4.508891534105255
2025-09-19 05:00:00,2.494960180435521
2025-09-19 06:00:00,2.7509408217610427
2025-09-19 07:00:00,3.720681033456363
2025-09-19 08:00:00,2.0692280951513844
2025-09-19 09:00:00,3.5720409213007946
2025-09-19 10:00:00,4.339223105495193
2025-09-19 11:00:00,3.6359405451002065
2025-09-19 12:00:00,4.301445285615967
2025-09-19 13:00:00,4.429796583740875
2025-09-19 14:00:00,3.170979198376459
2025-09-19 15:00:00,4.462213972084389
2025-09-19 16:00:00,4.715557567526785
2025-09-19 17:00:00,3.26959797023358
2025-09-19 18:00:00,3.169210486283657
2025-09-19 19:00:00,3.2603875948772787
2025-09-19 20:00:00,4.481250448125045
2025-09-19 21:00:00,2.8194428780872896
2025-09-19 22:00:00,4.673770798280051
2025-09-19 23:00:00,4.841958475364115
2025-09-20 00:00:00,4.38365772400491
2025-09-20 01:00:00,3.396739130434783
2025-09-20 02:00:00,4.746715273031062
2025-09-20 03:00:00,4.345861001981713
2025-09-20 04:00:00,3.5772543857138768
2025-09-20 05:00:00,3.398586188145731
2025-09-20 06:00:00,4.393982002249719
2025-09-20 07:00:00,3.8621968175498216
2025-09-20 08:00:00,2.490883366877229
2025-09-20 09:00:00,4.657228017883756
2025-09-20 10:00:00,2.1182850364345023
2025-09-20 11:00:00,3.467117854270102
2025-09-20 12:00:00,2.5351369988034156
2025-09-20 13:00:00,2.570588356262982
2025-09-20 14:00:00,4.407150160420266
2025-09-20 15:00:00,3.1176734673517235
2025-09-20 16:00:00,4.814914679711876
2025-09-20 17:00:00,3.7287832234585214
2025-09-20 18:00:00,3.989913498675349
2025-09-20 19:00:00,3.1533804238143293
2025-09-20 20:00:00,3.8505375350398916
2025-09-20 21:00:00,4.204224404681825
2025-09-20 22:00:00,2.759686499613643
2025-09-20 23:00:00,3.3885440104096074
2025-09-21 00:00:00,4.368643623527767
2025-09-21 01:00:00,4.381967328051602
2025-09-21 02:00:00,3.0151723472513687
2025-09-21 03:00:00,4.563709382986492
2025-09-21 04:00:00,2.660253681791095
2025-09-21 05:00:00,3.66579665092818
2025-09-21 06:00:00,2.6764875918035242
2025-09-21 07:00:00,4.593392863704846
2025-09-21 08:00:00,3.5050332277149994
2025-09-21 09:00:00,3.8500631410355126
2025-09-21 10:00:00,2.8770686123322666
2025-09-21 11:00:00,3.86506292322439
2025-09-21 12:00:00,4.734848484848484
2025-09-21 13:00:00,4.395836263890842
2025-09-21 14:00:00,3.1055900621118013
2025-09-21 15:00:00,3.718246177642929
2025-09-21 16:00:00,3.8819875776397517
2025-09-21 17:00:00,4.034210101662095
2025-09-21 18:00:00,3.1826861871419476
2025-09-21 19:00:00,3.478986919009184
2025-09-21 20:00:00,3.3760972316002693
2025-09-21 21:00:00,4.744193107636253
2025-09-21 22:00:00,4.373840932152979
2025-09-21 23:00:00,3.5642999714856005
2025-09-22 00:00:00,3.674309229864785
2025-09-22 01:00:00,4.16875104218776
2025-09-22 02:00:00,4.126910759681732
2025-09-22 03:00:00,3.731677463653461
2025-09-22 04:00:00,4.011553273427471
2025-09-22 05:00:00,4.193786485942428
2025-09-22 06:00:00,3.6465474488754053
2025-09-22 07:00:00,2.9231560731490576
2025-09-22 08:00:00,4.143463272341554
2025-09-22 09:00:00,2.5392053302998296
2025-09-22 10:00:00,4.242321398269133
2025-09-22 11:00:00,2.4914791413366286
2025-09-22 12:00:00,4.281261773469877
2025-09-22 13:00:00,2.994011976047904
2025-09-22 14:00:00,4.3032222528229145
2025-09-22 15:00:00,3.566944412738272
2025-09-22 16:00:00,2.7082656266926657
2025-09-22 17:00:00,3.7216780301902515
2025-09-22 18:00:00,3.735692298496757
2025-09-22 19:00:00,4.415712872686166
2025-09-22 20:00:00,4.4855922776043355
2025-09-22 21:00:00,3.190810465858328
2025-09-22 22:00:00,4.085100820288244
2025-09-22 23:00:00,3.4577190119222148
2025-09-23 00:00:00,2.6127124135192195
2025-09-23 01:00:00,4.730010973625459
2025-09-23 02:00:00,4.235708718782827
2025-09-23 03:00:00,2.8422656267764164
2025-09-23 04:00:00,3.809814081072844
2025-09-23 05:00:00,3.8093496678247094
2025-09-23 06:00:00,3.8103947568968146
2025-09-23 07:00:00,4.229116622119971
2025-09-23 08:00:00,4.089778824761157
2025-09-23 09:00:00,2.5090325170614216
2025-09-23 10:00:00,3.6783097431068477
2025-09-23 11:00:00,3.73502255953626
2025-09-23 12:00:00,4.451408425625868
2025-09-23 13:00:00,4.623636027371925
2025-09-23 14:00:00,4.069937811350243
2025-09-23 15:00:00,3.748687959214274
2025-09-23 16:00:00,3.430108117007848
2025-09-23 17:00:00,3.678634490876986
2025-09-23 18:00:00,3.042472921990995
2025-09-23 19:00:00,3.501694820293022
2025-09-23 20:00:00,3.7707390648567114
2025-09-23 21:00:00,3.927976620683153
2025-09-23 22:00:00,3.850774775884908
2025-09-23 23:00:00,4.180741830830463
2025-09-24 00:00:00,3.8465089085146325
2025-09-24 01:00:00,4.508241064666209
2025-09-24 02:00:00,3.8678136023268768
2025-09-24 03:00:00,4.324511330219685
2025-09-24 04:00:00,3.639751914509507
2025-09-24 05:00:00,3.7682382732424937
2025-09-24 06:00:00,4.530134454390606
2025-09-24 07:00:00,4.36955989792708
2025-09-24 08:00:00,4.181301220939956
2025-09-24 09:00:00,4.032648320805238
2025-09-24 10:00:00,4.543306800421618
2025-09-24 11:00:00,3.2229785478547854
2025-09-24 12:00:00,2.2573363431151243
2025-09-24 13:00:00,1.9043266301035957
2025-09-24 14:00:00,2.2209982054334496
2025-09-24 15:00:00,3.52112676056338
2025-09-24 16:00:00,3.164076342834
2025-09-24 17:00:00,3.689601227899289
2025-09-24 18:00:00,2.5169136597938144
2025-09-24 19:00:00,3.2834252692408716
2025-09-24 20:00:00,3.1197743779169893
2025-09-24 21:00:00,3.787075468839942
2025-09-24 22:00:00,4.212157972772611
2025-09-24 23:00:00,3.8604076590487955
2025-09-25 00:00:00,3.2854965042317197
2025-09-25 01:00:00,4.119566292060772
2025-09-25 02:00:00,4.2488103331067295
2025-09-25 03:00:00,2.2308282619170847
2025-09-25 04:00:00,2.3885958877933193
2025-09-25 05:00:00,3.1993038314862683
2025-09-25 06:00:00,3.0931406512916952
2025-09-25 07:00:00,4.3884285914899595
2025-09-25 08:00:00,3.263878009295525
2025-09-25 09:00:00,3.398678593762745
2025-09-25 10:00:00,4.1396211418730955
2025-09-25 11:00:00,2.1576276452514933
2025-09-25 12:00:00,4.134828487314346
2025-09-25 13:00:00,2.504257237303416
2025-09-25 14:00:00,4.4962411424049495
2025-09-25 15:00:00,4.032258064516129
2025-09-25 16:00:00,3.654650176885068
2025-09-25 17:00:00,2.0259319286871955
2025-09-25 18:00:00,2.58536888043186
2025-09-25 19:00:00,4.0583097951365215
2025-09-25 20:00:00,3.878494523565732
2025-09-25 21:00:00,4.2587986780688905
2025-09-25 22:00:00,3.0672588521090476
2025-09-25 23:00:00,3.5589215044272984
2025-09-26 00:00:00,3.105975897627035
2025-09-26 01:00:00,4.536875725900115
2025-09-26 02:00:00,4.339223105495192
2025-09-26 03:00:00,2.9534070503733103
2025-09-26 04:00:00,2.858253492785768
2025-09-26 05:00:00,3.3130135170951505
2025-09-26 06:00:00,3.2482719193389116
2025-09-26 07:00:00,2.682921594299328
2025-09-26 08:00:00,3.2931134411718217
2025-09-26 09:00:00,3.3693630556079683
2025-09-26 10:00:00,3.8335326770325384
2025-09-26 11:00:00,3.5200360451691024
2025-09-26 12:00:00,3.7490252534341075
2025-09-26 13:00:00,4.2087542087542085
2025-09-26 14:00:00,4.634607541433391
2025-09-26 15:00:00,3.8345910792073132
2025-09-26 16:00:00,4.431838326537849
2025-09-26 17:00:00,4.473712465552414
2025-09-26 18:00:00,2.295304724655245
2025-09-26 19:00:00,2.280897031184424
2025-09-26 20:00:00,3.3053917550308065
2025-09-26 21:00:00,2.1370078470928138
2025-09-26 22:00:00,3.457240845226242
2025-09-26 23:00:00,3.3485132601125103
2025-09-27 00:00:00,3.27199434599377
2025-09-27 01:00:00,3.3680920432193573
2025-09-27 02:00:00,3.791095474948441
2025-09-27 03:00:00,4.355704230259949
2025-09-27 04:00:00,3.4130624726955006
2025-09-27 05:00:00,4.125821038386639
2025-09-27 06:00:00,4.207195988017905
2025-09-27 07:00:00,1.8739224945656252
2025-09-27 08:00:00,2.20182839830195
2025-09-27 09:00:00,4.38288920056101
2025-09-27 10:00:00,2.691819023623403
2025-09-27 11:00:00,2.083159736688609
2025-09-27 12:00:00,2.678322727175333
2025-09-27 13:00:00,2.2907618157494456
2025-09-27 14:00:00,1.3173980860840606
2025-09-27 15:00:00,1.6811695560367432
2025-09-27 16:00:00,2.0498187960184318
2025-09-27 17:00:00,3.6668720114993105
2025-09-27 18:00:00,1.9869023397761953
2025-09-27 19:00:00,4.212016039357079
2025-09-27 20:00:00,1.2093536246746839
2025-09-27 21:00:00,1.9209491025325796
2025-09-27 22:00:00,1.6713687841794915
2025-09-27 23:00:00,2.3940856508082438
2025-09-28 00:00:00,2.0517029134181364
2025-09-28 01:00:00,3.499930001399972
2025-09-28 02:00:00,1.7948681130910502
2025-09-28 03:00:00,4.208895922421631
2025-09-28 04:00:00,1.9840010158085204
2025-09-28 05:00:00,2.5208219896343795
2025-09-28 06:00:00,2.2785271600437476
2025-09-28 07:00:00,2.4700140296796884
2025-09-28 08:00:00,3.191054835086286
2025-09-28 09:00:00,2.2851084055427586
2025-09-28 10:00:00,3.9159174211334227
2025-09-28 11:00:00,3.9658618610996537
2025-09-28 12:00:00,4.72786414009607
2025-09-28 13:00:00,4.537040397807702
2025-09-28 14:00:00,3.0360439133391623
2025-09-28 15:00:00,2.6179106978302755
2025-09-28 16:00:00,3.4483709895445394
2025-09-28 17:00:00,3.2255567310917854
2025-09-28 18:00:00,2.875215641173088
2025-09-28 19:00:00,3.6257106392853
2025-09-28 20:00:00,3.1758936964861912
2025-09-28 21:00:00,3.2271389476945314
2025-09-28 22:00:00,3.117828993315375
2025-09-28 23:00:00,3.156326540918617
2025-09-29 00:00:00,3.646973012399709
2025-09-29 01:00:00,4.20012768388159
2025-09-29 02:00:00,4.185781736597127
2025-09-29 03:00:00,3.821344501849531
2025-09-29 04:00:00,4.034079907054799
2025-09-29 05:00:00,2.72005222500272
2025-09-29 06:00:00,4.46460461461533
2025-09-29 07:00:00,3.136762860727729
2025-09-29 08:00:00,3.477535123104743
2025-09-29 09:00:00,3.4097108565193675
2025-09-29 10:00:00,3.9513197407934246
2025-09-29 11:00:00,4.466997820105064
2025-09-29 12:00:00,2.8252418407015636
2025-09-29 13:00:00,3.5338685966301027
2025-09-29 14:00:00,4.40404467462918
2025-09-29 15:00:00,4.35585601282364
2025-09-29 16:00:00,4.740414881110395
2025-09-29 17:00:00,2.9843619434164976
2025-09-29 18:00:00,2.314729084107996
2025-09-29 19:00:00,2.792796818445864
2025-09-29 20:00:00,3.8960229397830695
2025-09-29 21:00:00,3.5253969596976615
2025-09-29 22:00:00,3.4889887515002656
2025-09-29 23:00:00,4.363458651865815
2025-09-30 00:00:00,4.28360919776567
2025-09-30 01:00:00,2.768733249163842
2025-09-30 02:00:00,4.591874219381382
2025-09-30 03:00:00,4.454104903078678
2025-09-30 04:00:00,3.5664355616422725
2025-09-30 05:00:00,4.133187845121185
2025-09-30 06:00:00,3.156167150612297
2025-09-30 07:00:00,2.4901886566926312
2025-09-30 08:00:00,3.7383736579238565
2025-09-30 09:00:00,4.409171075837742
2025-09-30 10:00:00,4.210597231111261
2025-09-30 11:00:00,4.122419365477212
2025-09-30 12:00:00,3.866736783493674
2025-09-30 13:00:00,4.159041756779238
2025-09-30 14:00:00,3.5793030381124185
2025-09-30 15:00:00,4.389815627743635
2025-09-30 16:00:00,3.211798864307922
2025-09-30 17:00:00,4.136196684424737
2025-09-30 18:00:00,4.671674701947153
2025-09-30 19:00:00,2.814427883099923
2025-09-30 20:00:00,3.611359893681565
2025-09-30 21:00:00,4.058046294192124
2025-09-30 22:00:00,2.918310648331894
2025-09-30 23:00:00,3.3176739124664913
2025-10-01 00:00:00,3.2405247057603574
2025-10-01 01:00:00,2.4640738039385757
2025-10-01 02:00:00,2.510241786488875
2025-10-01 03:00:00,3.692980382888206
2025-10-01 04:00:00,3.328806156959868
2025-10-01 05:00:00,3.8929895045002962
2025-10-01 06:00:00,4.369101712687871
2025-10-01 07:00:00,2.9584398371674716
2025-10-01 08:00:00,3.685684800235884
2025-10-01 09:00:00,4.4807685414202245
2025-10-01 10:00:00,3.688294827535334
2025-10-01 11:00:00,4.73108512168351
2025-10-01 12:00:00,3.9166536111546297
2025-10-01 13:00:00,3.6848156118267834
2025-10-01 14:00:00,3.523310220418287
2025-10-01 15:00:00,4.428697962798937
2025-10-01 16:00:00,4.6962467595897355
2025-10-01 17:00:00,4.49349342152563
2025-10-01 18:00:00,4.1604260276252285
2025-10-01 19:00:00,2.9906452616216472
2025-10-01 20:00:00,2.6134771791172726
2025-10-01 21:00:00,4.168334000266773
2025-10-01 22:00:00,3.3960008693762225
2025-10-01 23:00:00,3.1533008753563228
2025-10-02 00:00:00,3.0695184539449456
2025-10-02 01:00:00,4.638563158675969
2025-10-02 02:00:00,2.9090739835695496
2025-10-02 03:00:00,4.377823696284103
2025-10-02 04:00:00,4.297157000928186
2025-10-02 05:00:00,4.644595548619626
2025-10-02 06:00:00,2.8327969904364774
2025-10-02 07:00:00,3.9293348421979126
2025-10-02 08:00:00,3.852080123266564
2025-10-02 09:00:00,3.838948435244618
2025-10-02 10:00:00,3.0019933235668486
2025-10-02 11:00:00,4.352216148462797
2025-10-02 12:00:00,2.4378352023403216
2025-10-02 13:00:00,3.762906770221861
2025-10-02 14:00:00,3.2155995163738322
2025-10-02 15:00:00,2.8270948773040825
2025-10-02 16:00:00,4.592380322568794
2025-10-02 17:00:00,3.86100386100386
2025-10-02 18:00:00,3.7840946931856023
2025-10-02 19:00:00,3.4240946693694183
2025-10-02 20:00:00,3.3496797706139296
2025-10-02 21:00:00,3.660107753572265
2025-10-02 22:00:00,4.0630586705672025
2025-10-02 23:00:00,3.1435469268685243
2025-10-03 00:00:00,3.132832080200502
2025-10-03 01:00:00,3.9783577339274343
2025-10-03 02:00:00,3.8400098304251653
2025-10-03 03:00:00,2.6030278419857984
2025-10-03 04:00:00,4.146624647536905
2025-10-03 05:00:00,2.5647865071711435
2025-10-03 06:00:00,3.4193177777169894
2025-10-03 07:00:00,3.2418693915659524
2025-10-03 08:00:00,3.410175965079798
2025-10-03 09:00:00,2.990359082318605
2025-10-03 10:00:00,2.8259444306287156
2025-10-03 11:00:00,3.880420948064445
2025-10-03 12:00:00,3.0260482231044836
2025-10-03 13:00:00,3.9825405422627203
2025-10-03 14:00:00,4.512961224637158
2025-10-03 15:00:00,4.28934184338755
2025-10-03 16:00:00,3.825554705432287
2025-10-03 17:00:00,2.3340491083932404
2025-10-03 18:00:00,4.2177008469143304
2025-10-03 19:00:00,2.7287214302866243
2025-10-03 20:00:00,2.126284275702524
2025-10-03 21:00:00,4.594405851435292
2025-10-03 22:00:00,2.080974895118865
2025-10-03 23:00:00,3.946454505272463
2025-10-04 00:00:00,3.706669038934851
2025-10-04 01:00:00,2.8030048211682916
2025-10-04 02:00:00,3.749812509374531
2025-10-04 03:00:00,1.9445265466764154
2025-10-04 04:00:00,3.8577865563854083
2025-10-04 05:00:00,4.545454545454546
2025-10-04 06:00:00,2.204002468482764
2025-10-04 07:00:00,3.824384274131865
2025-10-04 08:00:00,3.5198378058739057
2025-10-04 09:00:00,2.3764710355710186
2025-10-04 10:00:00,1.9250908642887943
2025-10-04 11:00:00,2.7445986298963634
2025-10-04 12:00:00,3.697459106102287
2025-10-04 13:00:00,3.7590593329925115
2025-10-04 14:00:00,2.8409736584922385
2025-10-04 15:00:00,3.3584094572810312
2025-10-04 16:00:00,2.4569058710222698
2025-10-04 17:00:00,1.9400900201769362
2025-10-04 18:00:00,3.009365144329152
2025-10-04 19:00:00,4.297452470175679
2025-10-04 20:00:00,4.123643321347276
2025-10-04 21:00:00,1.8512210654147478
2025-10-04 22:00:00,2.4703557312252973
2025-10-04 23:00:00,3.220902368007421
2025-10-05 00:00:00,2.0744477820004312
2025-10-05 01:00:00,3.994248282473239
2025-10-05 02:00:00,1.7775376126958848
2025-10-05 03:00:00,2.3855872361540515
2025-10-05 04:00:00,3.903566298170008
2025-10-05 05:00:00,1.9713289911526757
2025-10-05 06:00:00,2.4903871057717213
2025-10-05 07:00:00,2.1760323097277348
2025-10-05 08:00:00,2.8335033435339447
2025-10-05 09:00:00,4.215140785702243
2025-10-05 10:00:00,4.344350606471345
2025-10-05 11:00:00,2.7523339792143733
2025-10-05 12:00:00,1.8311530404465082
2025-10-05 13:00:00,1.3572204125950054
2025-10-05 14:00:00,2.942491937572091
2025-10-05 15:00:00,3.7905206659186708
2025-10-05 16:00:00,2.1143794719125824
2025-10-05 17:00:00,3.714048015212741
2025-10-05 18:00:00,3.176216490916021
2025-10-05 19:00:00,4.108328403339249
2025-10-05 20:00:00,1.3593605567940839
2025-10-05 21:00:00,2.20493552768517
2025-10-05 22:00:00,2.440643548890972
2025-10-05 23:00:00,4.388736746015027
2025-10-06 00:00:00,3.6165842085467124
2025-10-06 01:00:00,2.7492467064024457
2025-10-06 02:00:00,3.3977547636521783
2025-10-06 03:00:00,1.5821983697028004
2025-10-06 04:00:00,1.8754125907699697
2025-10-06 05:00:00,2.0249801551944793
2025-10-06 06:00:00,4.0573876915086995
2025-10-06 07:00:00,1.6942260775277853
2025-10-06 08:00:00,3.633932205360776
2025-10-06 09:00:00,4.022526146419952
2025-10-06 10:00:00,3.1604763469950194
2025-10-06 11:00:00,3.1058987228544455
2025-10-06 12:00:00,4.399394643297082
2025-10-06 13:00:00,3.4924981140510187
2025-10-06 14:00:00,3.158400080855042
2025-10-06 15:00:00,3.530175943969047
2025-10-06 16:00:00,3.2451517432955166
2025-10-06 17:00:00,3.262174434991388
2025-10-06 18:00:00,2.4128945082520987
2025-10-06 19:00:00,3.4243760786784647
2025-10-06 20:00:00,3.8169104400134355
2025-10-06 21:00:00,3.0421767382997884
2025-10-06 22:00:00,4.862677974013849
2025-10-06 23:00:00,4.299226139294927
2025-10-07 00:00:00,4.826068491564032
2025-10-07 01:00:00,4.185921907440894
2025-10-07 02:00:00,3.4773416418616296
2025-10-07 03:00:00,3.075257706595813
2025-10-07 04:00:00,1.7411168219742872
2025-10-07 05:00:00,3.2066081781334974
2025-10-07 06:00:00,3.186093339790482
2025-10-07 07:00:00,3.514098563436507
2025-10-07 08:00:00,2.291139704534624
2025-10-07 09:00:00,2.352454080096357
2025-10-07 10:00:00,3.106902294136654
2025-10-07 11:00:00,2.5588012527890935
2025-10-07 12:00:00,4.166666666666667
2025-10-07 13:00:00,3.947202223064292
2025-10-07 14:00:00,3.756235350682132
2025-10-07 15:00:00,3.4570496155760826
2025-10-07 16:00:00,2.8961330831074346
2025-10-07 17:00:00,2.5478485966449926
2025-10-07 18:00:00,3.2614084066063085
2025-10-07 19:00:00,2.4355552091654817
2025-10-07 20:00:00,3.0716304214276935
2025-10-07 21:00:00,2.3230314631381366
2025-10-07 22:00:00,3.89323200548167
2025-10-07 23:00:00,3.69800603514585
2025-10-08 00:00:00,3.259112478489857
2025-10-08 01:00:00,3.7644932992019275
2025-10-08 02:00:00,2.8221800776663954
2025-10-08 03:00:00,2.3858604367078944
2025-10-08 04:00:00,3.5495229441163105
2025-10-08 05:00:00,3.5637918745545267
2025-10-08 06:00:00,3.152028645636331
2025-10-08 07:00:00,4.633576750565297
2025-10-08 08:00:00,3.4143676591095327
2025-10-08 09:00:00,2.180283262401451
2025-10-08 10:00:00,3.856239395341663
2025-10-08 11:00:00,4.739516190187305
2025-10-08 12:00:00,3.660643687586025
2025-10-08 13:00:00,3.6189924724956573
2025-10-08 14:00:00,3.365099876164324
2025-10-08 15:00:00,2.443458373243154
2025-10-08 16:00:00,3.464523281596452
2025-10-08 17:00:00,3.360305384553348
2025-10-08 18:00:00,4.407927216305804
2025-10-08 19:00:00,4.632546418115109
2025-10-08 20:00:00,2.7756189630287555
2025-10-08 21:00:00,4.825882171260906
2025-10-08 22:00:00,3.292679714458815
2025-10-08 23:00:00,4.862867146469558
2025-10-09 00:00:00,4.8286784872716035
2025-10-09 01:00:00,3.0251694094869315
2025-10-09 02:00:00,4.656360588563978
2025-10-09 03:00:00,4.681998651584388
2025-10-09 04:00:00,2.9127344751252475
2025-10-09 05:00:00,3.6402819034306018
2025-10-09 06:00:00,3.501596728108018
2025-10-09 07:00:00,3.2907726734237195
2025-10-09 08:00:00,4.212867783357487
2025-10-09 09:00:00,1.9750043450095591
2025-10-09 10:00:00,2.898349100352439
2025-10-09 11:00:00,3.8940809968847354
2025-10-09 12:00:00,3.6085450346420327
2025-10-09 13:00:00,3.4075729902134504
2025-10-09 14:00:00,3.9696401918130135
2025-10-09 15:00:00,2.4199012680282643
2025-10-09 16:00:00,3.854574609146135
2025-10-09 17:00:00,1.5170271123085506
2025-10-09 18:00:00,3.167122732340124
2025-10-09 19:00:00,1.584846333299523
2025-10-09 20:00:00,2.267450297489479
2025-10-09 21:00:00,3.395816354251562
2025-10-09 22:00:00,3.5297772004631063
2025-10-09 23:00:00,1.51318895493118
2025-10-10 00:00:00,3.005530175522962
2025-10-10 01:00:00,2.399370405205674
2025-10-10 02:00:00,1.736786528094259
2025-10-10 03:00:00,2.27004449287206
2025-10-10 04:00:00,1.5089146678577028
2025-10-10 05:00:00,2.4469501213687264
2025-10-10 06:00:00,4.338018393197987
2025-10-10 07:00:00,3.40840922724546
2025-10-10 08:00:00,3.0096549731538773
2025-10-10 09:00:00,1.6142362725347383
2025-10-10 10:00:00,4.613737865869413
2025-10-10 11:00:00,1.9391570096647583
2025-10-10 12:00:00,1.757691658698464
2025-10-10 13:00:00,3.8513680059157016
2025-10-10 14:00:00,2.438548575887632
2025-10-10 15:00:00,4.143600623197534
2025-10-10 16:00:00,2.4114515008874142
2025-10-10 17:00:00,3.416887625399776
2025-10-10 18:00:00,3.591644398471396
2025-10-10 19:00:00,3.3765532144786605
2025-10-10 20:00:00,4.171533455698315
2025-10-10 21:00:00,4.040469340918642
2025-10-10 22:00:00,3.1210206986092737
2025-10-10 23:00:00,2.826839141545489
2025-10-11 00:00:00,3.926742688405115
2025-10-11 01:00:00,3.2558018388768777
2025-10-11 02:00:00,3.6649368164892837
2025-10-11 03:00:00,2.1512038136541207
2025-10-11 04:00:00,3.0111049550743134
2025-10-11 05:00:00,4.201115816360826
2025-10-11 06:00:00,4.37368789363191
2025-10-11 07:00:00,4.135238851396056
2025-10-11 08:00:00,3.947576188220432
2025-10-11 09:00:00,2.907720579683174
2025-10-11 10:00:00,2.536423034779433
2025-10-11 11:00:00,4.371087876350665
2025-10-11 12:00:00,4.319132027227808
2025-10-11 13:00:00,3.622033554518849
2025-10-11 14:00:00,3.0729896501708582
2025-10-11 15:00:00,4.346163207120754
2025-10-11 16:00:00,3.7556710633055914
2025-10-11 17:00:00,3.437654694461251
2025-10-11 18:00:00,2.051635563871518
2025-10-11 19:00:00,4.69060752748696
2025-10-11 20:00:00,2.76640478034746
2025-10-11 21:00:00,4.100108242857612
2025-10-11 22:00:00,3.6888390485746325
2025-10-11 23:00:00,2.2608884387208796
2025-10-12 00:00:00,2.325408341704803
2025-10-12 01:00:00,2.3925734520049766
2025-10-12 02:00:00,4.248954757129746
2025-10-12 03:00:00,2.6215893123046916
2025-10-12 04:00:00,2.4192455824575663
2025-10-12 05:00:00,3.7162563919609934
2025-10-12 06:00:00,3.901008020472491
2025-10-12 07:00:00,2.5710642148998315
2025-10-12 08:00:00,3.084820216677772
2025-10-12 09:00:00,3.1629554655870447
2025-10-12 10:00:00,3.220902368007421
2025-10-12 11:00:00,3.847692923323175
2025-10-12 12:00:00,3.8738068674848147
2025-10-12 13:00:00,4.025764895330113
2025-10-12 14:00:00,4.12991046354115
2025-10-12 15:00:00,3.423063230824
2025-10-12 16:00:00,3.557301004581804
2025-10-12 17:00:00,4.04465296877528
2025-10-12 18:00:00,3.8598116411919094
2025-10-12 19:00:00,3.28661951463203
2025-10-12 20:00:00,4.031607805192711
2025-10-12 21:00:00,4.039033217009177
2025-10-12 22:00:00,3.776206875717479
2025-10-12 23:00:00,3.601786486097104
2025-10-13 00:00:00,4.1456619793048555
2025-10-13 01:00:00,3.9171445583027795
2025-10-13 02:00:00,4.530955487893286
2025-10-13 03:00:00,3.7617743537271666
2025-10-13 04:00:00,3.896873148985254
2025-10-13 05:00:00,3.762680232383131
2025-10-13 06:00:00,4.145524491758698
2025-10-13 07:00:00,2.2114891283194447
2025-10-13 08:00:00,3.7212348545741416
2025-10-13 09:00:00,3.440398535766383
2025-10-13 10:00:00,4.0098803451705
2025-10-13 11:00:00,4.309750379258033
2025-10-13 12:00:00,3.4513225467999344
2025-10-13 13:00:00,3.6935259876488487
2025-10-13 14:00:00,3.3310238234823846
2025-10-13 15:00:00,2.680735164811598
2025-10-13 16:00:00,3.0051688904916456
2025-10-13 17:00:00,3.3606667562844463
2025-10-13 18:00:00,4.084299950988401
2025-10-13 19:00:00,2.163340890604178
2025-10-13 20:00:00,4.147587762957064
2025-10-13 21:00:00,3.161755406601745
2025-10-13 22:00:00,4.27672095251129
2025-10-13 23:00:00,4.176830287031777
2025-10-14 00:00:00,2.6110751362981226
2025-10-14 01:00:00,3.1723472832017867
2025-10-14 02:00:00,2.153130651967961
2025-10-14 03:00:00,3.419785511052746
2025-10-14 04:00:00,2.7007173105176734
2025-10-14 05:00:00,2.620270411906509
2025-10-14 06:00:00,4.034730964139311
2025-10-14 07:00:00,3.8369451777273005
2025-10-14 08:00:00,3.2170891777120065
2025-10-14 09:00:00,3.473090494845934
2025-10-14 10:00:00,2.817663368122084
2025-10-14 11:00:00,3.2300576242280163
2025-10-14 12:00:00,4.14003245785447
2025-10-14 13:00:00,3.3881766188707885
2025-10-14 14:00:00,3.9653586270342296
2025-10-14 15:00:00,4.315255290502986
2025-10-14 16:00:00,3.8469824269842734
2025-10-14 17:00:00,2.852253280091272
2025-10-14 18:00:00,3.201270264040771
2025-10-14 19:00:00,2.197493099871666
2025-10-14 20:00:00,3.9528191506182213
2025-10-14 21:00:00,2.413873010968639
2025-10-14 22:00:00,3.9314357603396757
2025-10-14 23:00:00,3.6195164326046037
2025-10-15 00:00:00,3.3898305084745766
2025-10-15 01:00:00,3.773584905660377
2025-10-15 02:00:00,2.3395096387797114
2025-10-15 03:00:00,3.0369290573372205
2025-10-15 04:00:00,2.9667956233830965
2025-10-15 05:00:00,3.7567998076518494
2025-10-15 06:00:00,4.304852429658712
2025-10-15 07:00:00,3.39480187936232
2025-10-15 08:00:00,2.8202062134783294
2025-10-15 09:00:00,3.560949206620517
2025-10-15 10:00:00,3.1479009796267854
2025-10-15 11:00:00,3.9715320582067735
2025-10-15 12:00:00,2.6478002075875353
2025-10-15 13:00:00,2.844335221971921
2025-10-15 14:00:00,3.96221630531254
2025-10-15 15:00:00,4.398620592582167
2025-10-15 16:00:00,4.2308343205280075
2025-10-15 17:00:00,3.041658555577185
2025-10-15 18:00:00,3.5029705190001112
2025-10-15 19:00:00,1.6299599681831813
2025-10-15 20:00:00,1.6928264785146463
2025-10-15 21:00:00,3.1608759419410304
2025-10-15 22:00:00,3.1453662464457364
2025-10-15 23:00:00,4.162226957911561
2025-10-16 00:00:00,3.6145971892892255
2025-10-16 01:00:00,3.6692400270056065
2025-10-16 02:00:00,4.1019919272798875
2025-10-16 03:00:00,3.609065973726
2025-10-16 04:00:00,3.1741194992509083
2025-10-16 05:00:00,4.224257375553377
2025-10-16 06:00:00,2.476473501733532
2025-10-16 07:00:00,3.2461630352922843
2025-10-16 08:00:00,2.0620597502433227
2025-10-16 09:00:00,4.173065366895908
2025-10-16 10:00:00,4.106034227901324
2025-10-16 11:00:00,3.876690236943307
2025-10-16 12:00:00,4.259669449650708
2025-10-16 13:00:00,3.732791829665243
2025-10-16 14:00:00,3.4339715941869726
2025-10-16 15:00:00,3.3890952471328255
2025-10-16 16:00:00,3.6591434676970818
2025-10-16 17:00:00,1.745005793419234
2025-10-16 18:00:00,3.649954740561218
2025-10-16 19:00:00,2.6601970673987534
2025-10-16 20:00:00,2.8026905829596407
2025-10-16 21:00:00,2.705217824139199
2025-10-16 22:00:00,4.221689351210781
2025-10-16 23:00:00,3.0839830257574263
2025-10-17 00:00:00,2.6399712771125055
2025-10-17 01:00:00,2.246827479598806
2025-10-17 02:00:00,4.238293832434814
2025-10-17 03:00:00,2.8926480457269803
2025-10-17 04:00:00,2.8060250970884684
2025-10-17 05:00:00,2.4162526820404775
2025-10-17 06:00:00,4.078569564082485
2025-10-17 07:00:00,3.8661388098478287
2025-10-17 08:00:00,3.69647504140052
2025-10-17 09:00:00,3.3269455977855853
2025-10-17 10:00:00,3.3589509324447793
2025-10-17 11:00:00,3.1248437578121093
2025-10-17 12:00:00,2.99236348837766
2025-10-17 13:00:00,2.8781947962238084
2025-10-17 14:00:00,3.9071046791485635
2025-10-17 15:00:00,4.364525139664805
2025-10-17 16:00:00,3.567962550665068
2025-10-17 17:00:00,1.4283265725875562
2025-10-17 18:00:00,3.51795564561522
2025-10-17 19:00:00,3.5995047081521583
2025-10-17 20:00:00,2.1892952220821074
2025-10-17 21:00:00,3.845917174327733
2025-10-17 22:00:00,4.192520543350662
2025-10-17 23:00:00,3.4924981140510187
2025-10-18 00:00:00,2.876208007363093
2025-10-18 01:00:00,4.076840285704967
2025-10-18 02:00:00,4.1918175720992625
2025-10-18 03:00:00,2.7528795119695193
2025-10-18 04:00:00,3.8396559668253722
2025-10-18 05:00:00,3.6886213408876305
2025-10-18 06:00:00,3.549724541375589
2025-10-18 07:00:00,3.586286042174724
2025-10-18 08:00:00,4.074713955080353
2025-10-18 09:00:00,3.8782538549843317
2025-10-18 10:00:00,2.3384592359785987
2025-10-18 11:00:00,4.492040104934057
2025-10-18 12:00:00,3.7859284610957986
2025-10-18 13:00:00,3.4855836261223576
2025-10-18 14:00:00,4.602864823065876
2025-10-18 15:00:00,2.5804054333016806
2025-10-18 16:00:00,4.467317108037596
2025-10-18 17:00:00,2.2445681450888846
2025-10-18 18:00:00,1.8223699556799626
2025-10-18 19:00:00,1.5974440894568687
2025-10-18 20:00:00,2.421495127951802
2025-10-18 21:00:00,1.948709954010445
2025-10-18 22:00:00,2.097949045013595
2025-10-18 23:00:00,3.8146972656249996
2025-10-19 00:00:00,3.760642618610668
2025-10-19 01:00:00,4.209179378388389
2025-10-19 02:00:00,4.444444444444445
2025-10-19 03:00:00,4.139758238118894
2025-10-19 04:00:00,2.24618149146451
2025-10-19 05:00:00,1.9392773476891576
2025-10-19 06:00:00,3.8514866738561087
2025-10-19 07:00:00,2.037722315504621
2025-10-19 08:00:00,2.0745510671490686
2025-10-19 09:00:00,2.7089112343966706
2025-10-19 10:00:00,2.315672471285662
2025-10-19 11:00:00,4.349338900487126
2025-10-19 12:00:00,4.056202745238018
2025-10-19 13:00:00,3.0944423814828563
2025-10-19 14:00:00,3.5885510866132693
2025-10-19 15:00:00,2.1728927286317727
2025-10-19 16:00:00,3.6516607753206163
2025-10-19 17:00:00,1.872294534397795
2025-10-19 18:00:00,3.6739852452752553
2025-10-19 19:00:00,3.947700859019707
2025-10-19 20:00:00,3.97064896286649
2025-10-19 21:00:00,3.137628956550114
2025-10-19 22:00:00,2.8491327239988147
2025-10-19 23:00:00,2.5576494178789924
2025-10-20 00:00:00,2.780991367802794
2025-10-20 01:00:00,2.926852112016484
2025-10-20 02:00:00,2.27004449287206
2025-10-20 03:00:00,3.51795564561522
2025-10-20 04:00:00,2.936202198628206
2025-10-20 05:00:00,1.7250658975172852
2025-10-20 06:00:00,2.284732503518488
2025-10-20 07:00:00,3.8675742574257423
2025-10-20 08:00:00,1.8938533096980443
2025-10-20 09:00:00,2.939862179261036
2025-10-20 10:00:00,1.6459279741918493
2025-10-20 11:00:00,3.3360911686994594
2025-10-20 12:00:00,4.058441558441558
2025-10-20 13:00:00,3.16039644012945
2025-10-20 14:00:00,2.555557827162513
2025-10-20 15:00:00,2.511199951784961
2025-10-20 16:00:00,3.5263915140914603
2025-10-20 17:00:00,1.4085300580314384
2025-10-20 18:00:00,2.591318048011941
2025-10-20 19:00:00,1.8178380815264021
2025-10-20 20:00:00,3.4288849266218624
2025-10-20 21:00:00,2.5635241278890915
2025-10-20 22:00:00,4.090715711620905
2025-10-20 23:00:00,3.6258158085569256
2025-10-21 00:00:00,2.2334190966266436
2025-10-21 01:00:00,2.6772901539977294
2025-10-21 02:00:00,1.7808297241850926
2025-10-21 03:00:00,2.852513635015175
2025-10-21 04:00:00,1.9411444987964905
2025-10-21 05:00:00,1.720767600011013
2025-10-21 06:00:00,2.9013090706526783
2025-10-21 07:00:00,1.9319938176197837
2025-10-21 08:00:00,1.63919377893177
2025-10-21 09:00:00,3.42832067140232
2025-10-21 10:00:00,4.130729321569016
2025-10-21 11:00:00,3.054069241857851
2025-10-21 12:00:00,1.8384245437030282
2025-10-21 13:00:00,2.8025649074032555
2025-10-21 14:00:00,1.4983338527557357
2025-10-21 15:00:00,3.6273940800928615
2025-10-21 16:00:00,2.723964348754603
2025-10-21 17:00:00,3.8542180562407498
2025-10-21 18:00:00,4.529477841794398
2025-10-21 19:00:00,3.650167907723755
2025-10-21 20:00:00,3.6255003190440287
2025-10-21 21:00:00,3.9641011004344655
2025-10-21 22:00:00,1.8340009096644514
2025-10-21 23:00:00,2.36688631371658
2025-10-22 00:00:00,3.8756084705298726
2025-10-22 01:00:00,2.3124595319581904
2025-10-22 02:00:00,2.001889783956054
2025-10-22 03:00:00,2.8145546248761595
2025-10-22 04:00:00,3.390290208841876
2025-10-22 05:00:00,1.9022400779157533
2025-10-22 06:00:00,2.035664848139402
2025-10-22 07:00:00,1.6863406408094437
2025-10-22 08:00:00,1.3366839544458111
2025-10-22 09:00:00,3.028834504482675
2025-10-22 10:00:00,3.588139047564371
2025-10-22 11:00:00,3.5680643964262257
2025-10-22 12:00:00,3.3713623000782156
2025-10-22 13:00:00,3.291725917733186
2025-10-22 14:00:00,2.2624024904526614
2025-10-22 15:00:00,2.5141294072688507
2025-10-22 16:00:00,3.1611956906580345
2025-10-22 17:00:00,3.6637552025323865
2025-10-22 18:00:00,3.1657591490439407
2025-10-22 19:00:00,3.1352680027088713
2025-10-22 20:00:00,3.0536215952119212
2025-10-22 21:00:00,1.8737258664108407
2025-10-22 22:00:00,3.618782930924671
2025-10-22 23:00:00,3.1988126007625977
2025-10-23 00:00:00,3.516372229098683
2025-10-23 01:00:00,3.706669038934851
2025-10-23 02:00:00,3.587933063520766
2025-10-23 03:00:00,2.681482752702935
2025-10-23 04:00:00,1.613986158454705
2025-10-23 05:00:00,1.7313259186415328
2025-10-23 06:00:00,4.363458651865815
2025-10-23 07:00:00,2.1441926685764274
2025-10-23 08:00:00,2.094188208882709
2025-10-23 09:00:00,3.10420184762094
2025-10-23 10:00:00,3.5814566500487084
2025-10-23 11:00:00,3.5129134699154094
2025-10-23 12:00:00,4.447290710499164
2025-10-23 13:00:00,2.49496018043552
2025-10-23 14:00:00,3.7470023980815346
2025-10-23 15:00:00,3.925016485069237
2025-10-23 16:00:00,3.7432994939059085
2025-10-23 17:00:00,1.9033987087343165
2025-10-23 18:00:00,3.4750215451335804
2025-10-23 19:00:00,1.3358982579886716
2025-10-23 20:00:00,3.1457620293940005
2025-10-23 21:00:00,4.265483705852243
2025-10-23 22:00:00,3.242458042592929
2025-10-23 23:00:00,2.6355183537498155
2025-10-24 00:00:00,2.2422731268050295
2025-10-24 01:00:00,2.8023135900999865
2025-10-24 02:00:00,4.154618273673014
2025-10-24 03:00:00,2.874157871743579
2025-10-24 04:00:00,2.533800904060162
2025-10-24 05:00:00,4.145524491758698
2025-10-24 06:00:00,3.296500435138058
2025-10-24 07:00:00,1.7264477991243459
2025-10-24 08:00:00,1.6277737264298362
2025-10-24 09:00:00,1.6036537647375781
2025-10-24 10:00:00,4.244338053037248
2025-10-24 11:00:00,4.283462408333905
2025-10-24 12:00:00,2.0375894501768625
2025-10-24 13:00:00,2.653702445652173
2025-10-24 14:00:00,3.5442894408528987
2025-10-24 15:00:00,3.9429688978613338
2025-10-24 16:00:00,3.492107836289984
2025-10-24 17:00:00,2.91776569174389
2025-10-24 18:00:00,3.70140060999082
2025-10-24 19:00:00,1.5274637991079607
2025-10-24 20:00:00,1.4034221044595143
2025-10-24 21:00:00,1.5613875113981288
2025-10-24 22:00:00,1.4074357646317022
2025-10-24 23:00:00,1.674256630056255
2025-10-25 00:00:00,1.5925798519537766
2025-10-25 01:00:00,1.7922174748372666
2025-10-25 02:00:00,1.731661702569786
2025-10-25 03:00:00,1.5463598688686828
2025-10-25 04:00:00,1.9661198232065056
2025-10-25 05:00:00,1.3434504105584457
2025-10-25 06:00:00,1.2284167182601686
2025-10-25 07:00:00,1.3497899726802511
2025-10-25 08:00:00,1.1780450107437705
2025-10-25 09:00:00,1.1742050631722323
2025-10-25 10:00:00,1.2715786903756754
2025-10-25 11:00:00,1.3176619406525063
2025-10-25 12:00:00,1.8302414454514842
2025-10-25 13:00:00,2.8657236525367384
2025-10-25 14:00:00,1.224313894493526
2025-10-25 15:00:00,1.7938378083607194
2025-10-25 16:00:00,1.3192333671057075
2025-10-25 17:00:00,1.6553002714692446
2025-10-25 18:00:00,1.4052680689368304
2025-10-25 19:00:00,1.3649715539928147
2025-10-25 20:00:00,1.3101214744631122
2025-10-25 21:00:00,1.3004307026487172
2025-10-25 22:00:00,1.299146720434019
2025-10-25 23:00:00,1.44719475768171
2025-10-26 00:00:00,1.2947866709480949
2025-10-26 01:00:00,1.542695644661656
2025-10-26 02:00:00,2.421870458992889
2025-10-26 03:00:00,1.4865379126629246
2025-10-26 04:00:00,2.070119073249093
2025-10-26 05:00:00,2.2848577904511225
2025-10-26 06:00:00,2.2542018322152493
2025-10-26 07:00:00,1.3485376457769196
2025-10-26 08:00:00,2.084410278643966
2025-10-26 09:00:00,4.3139149641082275
2025-10-26 10:00:00,3.315386043550911
2025-10-26 11:00:00,2.670768967801209
2025-10-26 12:00:00,2.5164576329192925
2025-10-26 13:00:00,4.4735523584568035
2025-10-26 14:00:00,3.7703978523813837
2025-10-26 15:00:00,3.7492501499700066
2025-10-26 16:00:00,3.236916383975969
2025-10-26 17:00:00,3.0307438657744155
2025-10-26 18:00:00,3.003868983250426
2025-10-26 19:00:00,3.7017294479981047
2025-10-26 20:00:00,1.340209501549282
2025-10-26 21:00:00,1.300024960479241
2025-10-26 22:00:00,1.5862742858593166
2025-10-26 23:00:00,1.4740218391075681
2025-10-27 00:00:00,1.447496410208903
2025-10-27 01:00:00,2.968275075987842
2025-10-27 02:00:00,3.8505375350398916
2025-10-27 03:00:00,1.3949024684194082
2025-10-27 04:00:00,1.3841979956813024
2025-10-27 05:00:00,1.3271752402187187
2025-10-27 06:00:00,1.246770863463629
2025-10-27 07:00:00,1.3531360280586289
2025-10-27 08:00:00,1.3311750548444123
2025-10-27 09:00:00,2.519551721357736
2025-10-27 10:00:00,2.016291636422292
2025-10-27 11:00:00,1.5718525225089277
2025-10-27 12:00:00,2.1949848985038978
2025-10-27 13:00:00,1.4225398595668652
2025-10-27 14:00:00,1.4949470788734074
2025-10-27 15:00:00,1.679204728640516
2025-10-27 16:00:00,1.468118342083319
2025-10-27 17:00:00,1.2354830738818878
2025-10-27 18:00:00,2.582911457795226
2025-10-27 19:00:00,1.4142671267749054
2025-10-27 20:00:00,1.209178145797864
2025-10-27 21:00:00,1.759869347299657
2025-10-27 22:00:00,1.1939671229213031
2025-10-27 23:00:00,1.445370766509025
2025-10-28 00:00:00,1.616114601918651
2025-10-28 01:00:00,1.5908367801463568
2025-10-28 02:00:00,1.228271870608928
2025-10-28 03:00:00,1.3223455235959336
2025-10-28 04:00:00,1.3441871968857872
2025-10-28 05:00:00,1.2782623812494247
2025-10-28 06:00:00,1.5102819998550128
2025-10-28 07:00:00,2.147249802453018
2025-10-28 08:00:00,2.5597444351155985
2025-10-28 09:00:00,2.6990261913501614
2025-10-28 10:00:00,2.909683426443203
2025-10-28 11:00:00,1.554185109663301
2025-10-28 12:00:00,1.548773990509113
2025-10-28 13:00:00,1.7813372855269904
2025-10-28 14:00:00,2.043218150315473
2025-10-28 15:00:00,1.7915239419259599
2025-10-28 16:00:00,2.7466490881125027
2025-10-28 17:00:00,1.493339704916074
2025-10-28 18:00:00,1.2854660071369073
2025-10-28 19:00:00,2.7016512492435374
2025-10-28 20:00:00,1.5624414084471832
2025-10-28 21:00:00,1.4271524312968817
2025-10-28 22:00:00,1.4553668106509565
2025-10-28 23:00:00,2.1313599781748738
2025-10-29 00:00:00,1.9042105904576205
2025-10-29 01:00:00,1.9369334469667623
2025-10-29 02:00:00,1.371350835426929
2025-10-29 03:00:00,1.7053206002728512
2025-10-29 04:00:00,2.7085590465872156
2025-10-29 05:00:00,1.6781451796957858
2025-10-29 06:00:00,1.3009856267107962
2025-10-29 07:00:00,1.6387639786567376
2025-10-29 08:00:00,3.501694820293022
2025-10-29 09:00:00,3.365190469780589
2025-10-29 10:00:00,1.737076153418566
2025-10-29 11:00:00,3.6038633415020893
2025-10-29 12:00:00,2.1805494984736153
2025-10-29 13:00:00,2.3094688221709005
2025-10-29 14:00:00,3.5834073904194024
2025-10-29 15:00:00,4.685508658820002
2025-10-29 16:00:00,2.7602959037208787
2025-10-29 17:00:00,2.6037869477367885
2025-10-29 18:00:00,2.474022761009401
2025-10-29 19:00:00,2.8853700198513454
2025-10-29 20:00:00,4.185221147085412
2025-10-29 21:00:00,4.19364578790217
2025-10-29 22:00:00,4.02615389570651
2025-10-29 23:00:00,4.270730124022004
2025-10-30 00:00:00,3.12445322068638
2025-10-30 01:00:00,3.828132177747833
2025-10-30 02:00:00,3.4466594976149114
2025-10-30 03:00:00,2.600969641482344
2025-10-30 04:00:00,2.5748243969761258
2025-10-30 05:00:00,3.8777726074143013
2025-10-30 06:00:00,3.4194113141481557
2025-10-30 07:00:00,4.456010266647655
2025-10-30 08:00:00,3.3378728403962734
2025-10-30 09:00:00,2.7365471342878407
2025-10-30 10:00:00,2.486523045095582
2025-10-30 11:00:00,3.1192294255627084
2025-10-30 12:00:00,2.962787390376866
2025-10-30 13:00:00,3.4045102952391324
2025-10-30 14:00:00,3.6634330764045595
2025-10-30 15:00:00,3.112549800796813
2025-10-30 16:00:00,3.9661135260335696
2025-10-30 17:00:00,2.521127044634033
2025-10-30 18:00:00,3.037150423986199
2025-10-30 19:00:00,2.2627301196531686
2025-10-30 20:00:00,2.036261749230293
2025-10-30 21:00:00,3.457527729372389
2025-10-30 22:00:00,3.307490805175561
2025-10-30 23:00:00,2.9022521476665895
2025-10-31 00:00:00,4.632203075782842
2025-10-31 01:00:00,3.518946005292494
2025-10-31 02:00:00,3.920953575909661
2025-10-31 03:00:00,1.9638031797901083
2025-10-31 04:00:00,3.6051106047933548
2025-10-31 05:00:00,3.0140817901234573
2025-10-31 06:00:00,2.4437927663734116
2025-10-31 07:00:00,2.5364745033582916
2025-10-31 08:00:00,2.8657236525367384
2025-10-31 09:00:00,3.7300071616137496
2025-10-31 10:00:00,3.5026760444979956
2025-10-31 11:00:00,3.1768622766665824
2025-10-31 12:00:00,3.8560014807045686
2025-10-31 13:00:00,3.8007783994162003
2025-10-31 14:00:00,4.214003978019755
2025-10-31 15:00:00,4.918355301987016
2025-10-31 16:00:00,1.0
2025-10-31 17:00:00,1.0
2025-10-31 18:00:00,1.0
2025-10-31 19:00:00,1.0
2025-10-31 20:00:00,1.0
2025-10-31 21:00:00,1.0
2025-10-31 22:00:00,1.0
