timestamp,calendar_day,hour_local,old_invalid_pv_kw,pv_realized_kw,ghi_realized,ghi_clear_sky,cwa_pv_kw,delta_cwa_minus_old_invalid_kw
2024-11-01 00:00:00,2024-11-01,1,0.0,0.0,0.0,0.0,0.0,0.0
2024-11-01 01:00:00,2024-11-01,2,0.0,0.0,0.0,0.0,0.0,0.0
2024-11-01 02:00:00,2024-11-01,3,0.0,0.0,0.0,0.0,0.0,0.0
2024-11-01 03:00:00,2024-11-01,4,0.0,0.0,0.0,0.0,0.0,0.0
2024-11-01 04:00:00,2024-11-01,5,0.0,0.0,0.0,0.0,0.0,0.0
2024-11-01 05:00:00,2024-11-01,6,0.0,0.0,0.0,0.0,0.0,0.0
2024-11-01 06:00:00,2024-11-01,7,42.53825857519789,5.971111111111111,2.7777777777777777,133.30475414291968,5.971111111111111,-36.56714746408677
2024-11-01 07:00:00,2024-11-01,8,311.9472295514512,77.62444444444446,36.111111111111114,358.38410227419433,77.62444444444446,-234.32278510700672
2024-11-01 08:00:00,2024-11-01,9,701.8812664907651,143.3066666666667,66.66666666666667,554.2630380761996,143.3066666666667,-558.5745998240984
2024-11-01 09:00:00,2024-11-01,10,886.2137203166227,226.90222222222226,105.55555555555556,697.811646008135,226.90222222222226,-659.3114980944005
2024-11-01 10:00:00,2024-11-01,11,1382.4934036939314,334.3822222222222,155.55555555555554,777.0115730726437,334.3822222222222,-1048.1111814717092
2024-11-01 11:00:00,2024-11-01,12,1098.9050131926122,686.6777777777779,319.44444444444446,785.798034384163,686.6777777777779,-412.22723541483424
2024-11-01 12:00:00,2024-11-01,13,1084.7255936675463,191.07555555555555,88.88888888888889,723.5134478870502,191.07555555555555,-893.6500381119907
2024-11-01 13:00:00,2024-11-01,14,538.8179419525067,131.36444444444444,61.111111111111114,594.8848466217178,131.36444444444444,-407.45349750806224
2024-11-01 14:00:00,2024-11-01,15,872.0343007915568,101.50888888888889,47.22222222222222,410.32810805332167,101.50888888888889,-770.5254119026679
2024-11-01 15:00:00,2024-11-01,16,623.8944591029024,47.76888888888889,22.22222222222222,189.0255960682359,47.76888888888889,-576.1255702140135
2024-11-01 16:00:00,2024-11-01,17,141.79419525065964,11.942222222222222,5.555555555555555,4.971000324695084,11.942222222222222,-129.8519730284374
2024-11-01 17:00:00,2024-11-01,18,0.0,0.0,0.0,0.0,0.0,0.0
2024-11-01 18:00:00,2024-11-01,19,0.0,0.0,0.0,0.0,0.0,0.0
2024-11-01 19:00:00,2024-11-01,20,0.0,0.0,0.0,0.0,0.0,0.0
2024-11-01 20:00:00,2024-11-01,21,0.0,0.0,0.0,0.0,0.0,0.0
2024-11-01 21:00:00,2024-11-01,22,0.0,0.0,0.0,0.0,0.0,0.0
2024-11-01 22:00:00,2024-11-01,23,0.0,0.0,0.0,0.0,0.0,0.0
2024-11-01 23:00:00,2024-11-01,24,0.0,0.0,0.0,0.0,0.0,0.0
2024-11-02 00:00:00,2024-11-02,1,0.0,0.0,0.0,0.0,0.0,0.0
2024-11-02 01:00:00,2024-11-02,2,0.0,0.0,0.0,0.0,0.0,0.0
2024-11-02 02:00:00,2024-11-02,3,0.0,0.0,0.0,0.0,0.0,0.0
2024-11-02 03:00:00,2024-11-02,4,0.0,0.0,0.0,0.0,0.0,0.0
2024-11-02 04:00:00,2024-11-02,5,0.0,0.0,0.0,0.0,0.0,0.0
2024-11-02 05:00:00,2024-11-02,6,0.0,0.0,0.0,0.0,0.0,0.0
2024-11-02 06:00:00,2024-11-02,7,0.0,47.76888888888889,22.22222222222222,130.96493808051687,47.76888888888889,47.76888888888889
2024-11-02 07:00:00,2024-11-02,8,184.33245382585753,232.87333333333333,108.33333333333333,355.5980929916146,232.87333333333333,48.54087950747581
2024-11-02 08:00:00,2024-11-02,9,581.3562005277045,203.01777777777778,94.44444444444444,551.2469417184558,203.01777777777778,-378.3384227499267
2024-11-02 09:00:00,2024-11-02,10,1183.981530343008,352.2955555555556,163.88888888888889,694.637352577823,352.2955555555556,-831.6859747874523
2024-11-02 10:00:00,2024-11-02,11,1347.0448548812665,549.3422222222223,255.55555555555554,773.7437938163376,549.3422222222223,-797.7026326590442
2024-11-02 11:00:00,2024-11-02,12,1807.8759894459104,847.8977777777778,394.44444444444446,782.5046535733499,847.8977777777778,-959.9782116681325
2024-11-02 12:00:00,2024-11-02,13,1907.131926121372,937.4644444444446,436.1111111111111,720.2641320990888,937.4644444444446,-969.6674816769275
2024-11-02 13:00:00,2024-11-02,14,1545.55672823219,931.4933333333333,433.3333333333333,591.7489868744686,931.4933333333333,-614.0633948988566
2024-11-02 14:00:00,2024-11-02,15,1191.071240105541,620.9955555555557,288.8888888888889,407.3802049204495,620.9955555555557,-570.0756845499852
2024-11-02 15:00:00,2024-11-02,16,879.1240105540898,316.4688888888889,147.22222222222223,186.4178291260316,316.4688888888889,-562.6551216652008
2024-11-02 16:00:00,2024-11-02,17,262.3192612137203,11.245295479044794,5.23134326341868,4.359452719515566,11.245295479044794,-251.07396573467554
2024-11-02 17:00:00,2024-11-02,18,0.0,0.0,0.0,0.0,0.0,0.0
2024-11-02 18:00:00,2024-11-02,19,0.0,0.0,0.0,0.0,0.0,0.0
2024-11-02 19:00:00,2024-11-02,20,0.0,0.0,0.0,0.0,0.0,0.0
2024-11-02 20:00:00,2024-11-02,21,0.0,0.0,0.0,0.0,0.0,0.0
2024-11-02 21:00:00,2024-11-02,22,0.0,0.0,0.0,0.0,0.0,0.0
2024-11-02 22:00:00,2024-11-02,23,0.0,0.0,0.0,0.0,0.0,0.0
2024-11-02 23:00:00,2024-11-02,24,0.0,0.0,0.0,0.0,0.0,0.0
2024-11-03 00:00:00,2024-11-03,1,0.0,0.0,0.0,0.0,0.0,0.0
2024-11-03 01:00:00,2024-11-03,2,0.0,0.0,0.0,0.0,0.0,0.0
2024-11-03 02:00:00,2024-11-03,3,0.0,0.0,0.0,0.0,0.0,0.0
2024-11-03 03:00:00,2024-11-03,4,0.0,0.0,0.0,0.0,0.0,0.0
2024-11-03 04:00:00,2024-11-03,5,0.0,0.0,0.0,0.0,0.0,0.0
2024-11-03 05:00:00,2024-11-03,6,0.0,0.0,0.0,0.0,0.0,0.0
2024-11-03 06:00:00,2024-11-03,7,0.0,41.797777777777775,19.444444444444443,128.60690863441658,41.797777777777775,41.797777777777775
2024-11-03 07:00:00,2024-11-03,8,141.79419525065964,208.98888888888888,97.22222222222223,352.7893965457735,208.98888888888888,67.19469363822924
2024-11-03 08:00:00,2024-11-03,9,560.0870712401055,471.7177777777778,219.44444444444446,548.2147443828139,471.7177777777778,-88.36929346232768
2024-11-03 09:00:00,2024-11-03,10,1141.44327176781,650.8511111111111,302.77777777777777,691.4580032221257,650.8511111111111,-490.592160656699
2024-11-03 10:00:00,2024-11-03,11,1630.6332453825858,829.9844444444445,386.1111111111111,770.4850881842084,829.9844444444445,-800.6488009381412
2024-11-03 11:00:00,2024-11-03,12,1857.5039577836412,925.5222222222222,430.55555555555554,779.2364335429355,925.5222222222222,-931.981735561419
2024-11-03 12:00:00,2024-11-03,13,1864.5936675461742,1236.02,574.9999999999999,717.0568107279845,1236.02,-628.5736675461742
2024-11-03 13:00:00,2024-11-03,14,1644.8126649076517,1367.3844444444446,636.1111111111111,588.6713656389113,1367.3844444444446,-277.428220463207
2024-11-03 14:00:00,2024-11-03,15,1339.9551451187335,1043.427668691001,485.4055027405103,404.50458561709195,1043.427668691001,-296.5274764277326
2024-11-03 15:00:00,2024-11-03,16,829.4960422163589,474.3515160409293,220.66966693381525,183.89138911151272,474.3515160409293,-355.1445261754296
2024-11-03 16:00:00,2024-11-03,17,262.3192612137203,9.835636725467504,4.575566024128909,3.812971686774091,9.835636725467504,-252.48362448825281
2024-11-03 17:00:00,2024-11-03,18,14.179419525065963,0.0,0.0,0.0,0.0,-14.179419525065963
2024-11-03 18:00:00,2024-11-03,19,0.0,0.0,0.0,0.0,0.0,0.0
2024-11-03 19:00:00,2024-11-03,20,0.0,0.0,0.0,0.0,0.0,0.0
2024-11-03 20:00:00,2024-11-03,21,0.0,0.0,0.0,0.0,0.0,0.0
2024-11-03 21:00:00,2024-11-03,22,0.0,0.0,0.0,0.0,0.0,0.0
2024-11-03 22:00:00,2024-11-03,23,0.0,0.0,0.0,0.0,0.0,0.0
2024-11-03 23:00:00,2024-11-03,24,0.0,0.0,0.0,0.0,0.0,0.0
2024-11-04 00:00:00,2024-11-04,1,0.0,0.0,0.0,0.0,0.0,0.0
2024-11-04 01:00:00,2024-11-04,2,0.0,0.0,0.0,0.0,0.0,0.0
2024-11-04 02:00:00,2024-11-04,3,0.0,0.0,0.0,0.0,0.0,0.0
2024-11-04 03:00:00,2024-11-04,4,0.0,0.0,0.0,0.0,0.0,0.0
2024-11-04 04:00:00,2024-11-04,5,0.0,0.0,0.0,0.0,0.0,0.0
2024-11-04 05:00:00,2024-11-04,6,0.0,0.0,0.0,0.0,0.0,0.0
2024-11-04 06:00:00,2024-11-04,7,0.0,101.50888888888889,47.22222222222222,126.23230167121345,101.50888888888889,101.50888888888889
2024-11-04 07:00:00,2024-11-04,8,184.33245382585753,477.688888888889,222.22222222222223,349.9598791705531,477.688888888889,293.3564350630314
2024-11-04 08:00:00,2024-11-04,9,581.3562005277045,913.58,425.0,545.1686747434617,913.58,332.2237994722956
2024-11-04 09:00:00,2024-11-04,10,1183.981530343008,1319.6155555555556,613.8888888888889,688.276106401248,1319.6155555555556,135.6340252125476
2024-11-04 10:00:00,2024-11-04,11,1347.0448548812665,1337.5288888888888,622.2222222222222,767.2381379789651,1337.5288888888888,-9.515965992377687
2024-11-04 11:00:00,2024-11-04,12,1807.8759894459104,1385.2977777777778,644.4444444444445,775.9961113013835,1385.2977777777778,-422.57821166813255
2024-11-04 12:00:00,2024-11-04,13,1907.131926121372,734.4466666666668,341.6666666666667,713.8941522708161,734.4466666666668,-1172.6852594547054
2024-11-04 13:00:00,2024-11-04,14,1545.55672823219,698.62,325.0,585.654456403488,698.62,-846.9367282321899
2024-11-04 14:00:00,2024-11-04,15,1191.071240105541,441.8622222222222,205.55555555555554,401.70338315339063,441.8622222222222,-749.2090178833187
2024-11-04 15:00:00,2024-11-04,16,879.1240105540898,250.7866666666667,116.66666666666667,181.4477122121778,250.7866666666667,-628.337343887423
2024-11-04 16:00:00,2024-11-04,17,262.3192612137203,8.581607294229475,3.992187985778505,3.3268233214820877,8.581607294229475,-253.73765391949084
2024-11-04 17:00:00,2024-11-04,18,14.179419525065963,0.0,0.0,0.0,0.0,-14.179419525065963
2024-11-04 18:00:00,2024-11-04,19,0.0,0.0,0.0,0.0,0.0,0.0
2024-11-04 19:00:00,2024-11-04,20,0.0,0.0,0.0,0.0,0.0,0.0
2024-11-04 20:00:00,2024-11-04,21,0.0,0.0,0.0,0.0,0.0,0.0
2024-11-04 21:00:00,2024-11-04,22,0.0,0.0,0.0,0.0,0.0,0.0
2024-11-04 22:00:00,2024-11-04,23,0.0,0.0,0.0,0.0,0.0,0.0
2024-11-04 23:00:00,2024-11-04,24,0.0,0.0,0.0,0.0,0.0,0.0
2024-11-05 00:00:00,2024-11-05,1,0.0,0.0,0.0,0.0,0.0,0.0
2024-11-05 01:00:00,2024-11-05,2,0.0,0.0,0.0,0.0,0.0,0.0
2024-11-05 02:00:00,2024-11-05,3,0.0,0.0,0.0,0.0,0.0,0.0
2024-11-05 03:00:00,2024-11-05,4,0.0,0.0,0.0,0.0,0.0,0.0
2024-11-05 04:00:00,2024-11-05,5,0.0,0.0,0.0,0.0,0.0,0.0
2024-11-05 05:00:00,2024-11-05,6,0.0,0.0,0.0,0.0,0.0,0.0
2024-11-05 06:00:00,2024-11-05,7,0.0,11.942222222222222,5.555555555555555,123.84282484636182,11.942222222222222,11.942222222222222
2024-11-05 07:00:00,2024-11-05,8,141.79419525065964,65.68222222222222,30.555555555555557,347.11147658308005,65.68222222222222,-76.11197302843742
2024-11-05 08:00:00,2024-11-05,9,560.0870712401055,113.45111111111113,52.77777777777778,542.1110228167114,113.45111111111113,-446.6359601289944
2024-11-05 09:00:00,2024-11-05,10,1169.8021108179419,179.13333333333333,83.33333333333333,685.0942176507373,179.13333333333333,-990.6687774846085
2024-11-05 10:00:00,2024-11-05,11,1581.005277044855,167.1911111111111,77.77777777777777,764.0056536476068,167.1911111111111,-1413.8141659337439
2024-11-05 11:00:00,2024-11-05,12,1857.5039577836412,382.1511111111111,177.77777777777777,772.7864315786908,382.1511111111111,-1475.3528466725302
2024-11-05 12:00:00,2024-11-05,13,1914.221635883905,268.7,125.0,710.7788111508708,268.7,-1645.521635883905
2024-11-05 13:00:00,2024-11-05,14,1644.8126649076517,364.2377777777778,169.44444444444446,582.7006975673411,364.2377777777778,-1280.5748871298738
2024-11-05 14:00:00,2024-11-05,15,1339.9551451187335,238.8444444444445,111.11111111111111,398.97867673364823,238.8444444444445,-1101.110700674289
2024-11-05 15:00:00,2024-11-05,16,829.4960422163589,65.68222222222222,30.555555555555557,179.08816180882874,65.68222222222222,-763.8138199941367
2024-11-05 16:00:00,2024-11-05,17,262.3192612137203,7.47095354381305,3.475508719674847,2.896257266395706,7.47095354381305,-254.84830766990729
2024-11-05 17:00:00,2024-11-05,18,14.179419525065963,0.0,0.0,0.0,0.0,-14.179419525065963
2024-11-05 18:00:00,2024-11-05,19,0.0,0.0,0.0,0.0,0.0,0.0
2024-11-05 19:00:00,2024-11-05,20,0.0,0.0,0.0,0.0,0.0,0.0
2024-11-05 20:00:00,2024-11-05,21,0.0,0.0,0.0,0.0,0.0,0.0
2024-11-05 21:00:00,2024-11-05,22,0.0,0.0,0.0,0.0,0.0,0.0
2024-11-05 22:00:00,2024-11-05,23,0.0,0.0,0.0,0.0,0.0,0.0
2024-11-05 23:00:00,2024-11-05,24,0.0,0.0,0.0,0.0,0.0,0.0
2024-11-06 00:00:00,2024-11-06,1,0.0,0.0,0.0,0.0,0.0,0.0
2024-11-06 01:00:00,2024-11-06,2,0.0,0.0,0.0,0.0,0.0,0.0
2024-11-06 02:00:00,2024-11-06,3,0.0,0.0,0.0,0.0,0.0,0.0
2024-11-06 03:00:00,2024-11-06,4,0.0,0.0,0.0,0.0,0.0,0.0
2024-11-06 04:00:00,2024-11-06,5,0.0,0.0,0.0,0.0,0.0,0.0
2024-11-06 05:00:00,2024-11-06,6,0.0,0.0,0.0,0.0,0.0,0.0
2024-11-06 06:00:00,2024-11-06,7,0.0,11.942222222222222,5.555555555555555,121.4402466073906,11.942222222222222,11.942222222222222
2024-11-06 07:00:00,2024-11-06,8,63.80738786279684,65.68222222222222,30.555555555555557,344.24618286747256,65.68222222222222,1.8748343594253853
2024-11-06 08:00:00,2024-11-06,9,255.22955145118735,101.50888888888889,47.22222222222222,539.0441298579576,101.50888888888889,-153.72066256229846
2024-11-06 09:00:00,2024-11-06,10,496.27968337730874,155.24888888888893,72.22222222222223,681.9149311392737,155.24888888888893,-341.0307944884198
2024-11-06 10:00:00,2024-11-06,11,730.2401055408972,262.7288888888889,122.22222222222223,760.7903680992874,262.7288888888889,-467.5112166520083
2024-11-06 11:00:00,2024-11-06,12,872.0343007915568,382.1511111111111,177.77777777777777,769.6101433491286,382.1511111111111,-489.8831896804457
2024-11-06 12:00:00,2024-11-06,13,737.3298153034301,226.90222222222226,105.55555555555556,707.713427204475,226.90222222222226,-510.4275930812079
2024-11-06 13:00:00,2024-11-06,14,680.6121372031662,161.22,75.0,579.8124948949976,161.22,-519.3921372031662
2024-11-06 14:00:00,2024-11-06,15,552.9973614775726,292.58444444444444,136.11111111111111,396.3324971437169,292.58444444444444,-260.4129170331281
2024-11-06 15:00:00,2024-11-06,16,319.0369393139842,95.53777777777778,44.44444444444444,176.8140368897181,95.53777777777778,-223.49916153620643
2024-11-06 16:00:00,2024-11-06,17,120.52506596306068,6.4915384398115705,3.0198820430831645,2.5165683692359706,6.4915384398115705,-114.03352752324912
2024-11-06 17:00:00,2024-11-06,18,0.0,0.0,0.0,0.0,0.0,0.0
2024-11-06 18:00:00,2024-11-06,19,0.0,0.0,0.0,0.0,0.0,0.0
2024-11-06 19:00:00,2024-11-06,20,0.0,0.0,0.0,0.0,0.0,0.0
2024-11-06 20:00:00,2024-11-06,21,0.0,0.0,0.0,0.0,0.0,0.0
2024-11-06 21:00:00,2024-11-06,22,0.0,0.0,0.0,0.0,0.0,0.0
2024-11-06 22:00:00,2024-11-06,23,0.0,0.0,0.0,0.0,0.0,0.0
2024-11-06 23:00:00,2024-11-06,24,0.0,0.0,0.0,0.0,0.0,0.0
2024-11-07 00:00:00,2024-11-07,1,0.0,0.0,0.0,0.0,0.0,0.0
2024-11-07 01:00:00,2024-11-07,2,0.0,0.0,0.0,0.0,0.0,0.0
2024-11-07 02:00:00,2024-11-07,3,0.0,0.0,0.0,0.0,0.0,0.0
2024-11-07 03:00:00,2024-11-07,4,0.0,0.0,0.0,0.0,0.0,0.0
2024-11-07 04:00:00,2024-11-07,5,0.0,0.0,0.0,0.0,0.0,0.0
2024-11-07 05:00:00,2024-11-07,6,0.0,0.0,0.0,0.0,0.0,0.0
2024-11-07 06:00:00,2024-11-07,7,0.0,11.942222222222222,5.555555555555555,119.02637969783706,11.942222222222222,11.942222222222222
2024-11-07 07:00:00,2024-11-07,8,141.79419525065964,131.36444444444444,61.111111111111114,341.3660336336053,131.36444444444444,-10.429750806215196
2024-11-07 08:00:00,2024-11-07,9,560.0870712401055,161.22,75.0,535.9703731845628,161.22,-398.8670712401055
2024-11-07 09:00:00,2024-11-07,10,1141.44327176781,352.2955555555556,163.88888888888889,678.7408672332231,352.2955555555556,-789.1477162122544
2024-11-07 10:00:00,2024-11-07,11,1559.736147757256,591.14,275.0,757.5950278911,591.14,-968.5961477572561
2024-11-07 11:00:00,2024-11-07,12,1892.9525065963062,543.3711111111111,252.77777777777777,766.4699951532559,543.3711111111111,-1349.5813954851951
2024-11-07 12:00:00,2024-11-07,13,1864.5936675461742,495.6022222222223,230.55555555555554,704.7006253603512,495.6022222222223,-1368.991445323952
2024-11-07 13:00:00,2024-11-07,14,1644.8126649076517,615.0244444444445,286.1111111111111,576.9922255667775,615.0244444444445,-1029.7882204632072
2024-11-07 14:00:00,2024-11-07,15,1269.0580474934038,483.65999999999997,225.0,393.7668347177611,483.65999999999997,-785.3980474934039
2024-11-07 15:00:00,2024-11-07,16,850.7651715039578,256.7577777777778,119.44444444444444,174.62658380759706,256.7577777777778,-594.00739372618
2024-11-07 16:00:00,2024-11-07,17,262.3192612137203,5.631490713845478,2.619785408376199,2.183154506980166,5.631490713845478,-256.68777049987483
2024-11-07 17:00:00,2024-11-07,18,14.179419525065963,0.0,0.0,0.0,0.0,-14.179419525065963
2024-11-07 18:00:00,2024-11-07,19,0.0,0.0,0.0,0.0,0.0,0.0
2024-11-07 19:00:00,2024-11-07,20,0.0,0.0,0.0,0.0,0.0,0.0
2024-11-07 20:00:00,2024-11-07,21,0.0,0.0,0.0,0.0,0.0,0.0
2024-11-07 21:00:00,2024-11-07,22,0.0,0.0,0.0,0.0,0.0,0.0
2024-11-07 22:00:00,2024-11-07,23,0.0,0.0,0.0,0.0,0.0,0.0
2024-11-07 23:00:00,2024-11-07,24,0.0,0.0,0.0,0.0,0.0,0.0
2024-11-08 00:00:00,2024-11-08,1,0.0,0.0,0.0,0.0,0.0,0.0
2024-11-08 01:00:00,2024-11-08,2,0.0,0.0,0.0,0.0,0.0,0.0
2024-11-08 02:00:00,2024-11-08,3,0.0,0.0,0.0,0.0,0.0,0.0
2024-11-08 03:00:00,2024-11-08,4,0.0,0.0,0.0,0.0,0.0,0.0
2024-11-08 04:00:00,2024-11-08,5,0.0,0.0,0.0,0.0,0.0,0.0
2024-11-08 05:00:00,2024-11-08,6,0.0,0.0,0.0,0.0,0.0,0.0
2024-11-08 06:00:00,2024-11-08,7,0.0,29.85555555555556,13.88888888888889,116.60306083652613,29.85555555555556,29.85555555555556
2024-11-08 07:00:00,2024-11-08,8,92.16622691292876,197.0466666666667,91.66666666666667,338.4730851707616,197.0466666666667,104.88043975373795
2024-11-08 08:00:00,2024-11-08,9,361.57519788918205,328.41111111111115,152.77777777777777,532.8921475769049,328.41111111111115,-33.164086778070896
2024-11-08 09:00:00,2024-11-08,10,1042.1873350923483,429.92,200.0,675.5746575657389,429.92,-612.2673350923483
2024-11-08 10:00:00,2024-11-08,11,1510.1081794195252,423.9488888888889,197.22222222222223,754.4223828565424,423.9488888888889,-1086.1592905306363
2024-11-08 11:00:00,2024-11-08,12,1198.1609498680739,489.6311111111111,227.77777777777777,763.3687299071105,489.6311111111111,-708.5298387569628
2024-11-08 12:00:00,2024-11-08,13,1779.5171503957783,352.2955555555556,163.88888888888889,701.7430158689241,352.2955555555556,-1427.2215948402227
2024-11-08 13:00:00,2024-11-08,14,1779.5171503957783,412.0066666666667,191.66666666666666,574.2422435911847,412.0066666666667,-1367.5104837291117
2024-11-08 14:00:00,2024-11-08,15,1028.0079155672825,376.18000000000006,175.0,391.2836494162037,376.18000000000006,-651.8279155672824
2024-11-08 15:00:00,2024-11-08,16,382.844327176781,143.3066666666667,66.66666666666667,172.52701044154801,143.3066666666667,-239.5376605101143
2024-11-08 16:00:00,2024-11-08,17,163.06332453825857,4.879339021905242,2.269882313874787,1.891568594895656,4.879339021905242,-158.18398551635332
2024-11-08 17:00:00,2024-11-08,18,21.269129287598943,0.0,0.0,0.0,0.0,-21.269129287598943
2024-11-08 18:00:00,2024-11-08,19,0.0,0.0,0.0,0.0,0.0,0.0
2024-11-08 19:00:00,2024-11-08,20,0.0,0.0,0.0,0.0,0.0,0.0
2024-11-08 20:00:00,2024-11-08,21,0.0,0.0,0.0,0.0,0.0,0.0
2024-11-08 21:00:00,2024-11-08,22,0.0,0.0,0.0,0.0,0.0,0.0
2024-11-08 22:00:00,2024-11-08,23,0.0,0.0,0.0,0.0,0.0,0.0
2024-11-08 23:00:00,2024-11-08,24,0.0,0.0,0.0,0.0,0.0,0.0
2024-11-09 00:00:00,2024-11-09,1,0.0,0.0,0.0,0.0,0.0,0.0
2024-11-09 01:00:00,2024-11-09,2,0.0,0.0,0.0,0.0,0.0,0.0
2024-11-09 02:00:00,2024-11-09,3,0.0,0.0,0.0,0.0,0.0,0.0
2024-11-09 03:00:00,2024-11-09,4,0.0,0.0,0.0,0.0,0.0,0.0
2024-11-09 04:00:00,2024-11-09,5,0.0,0.0,0.0,0.0,0.0,0.0
2024-11-09 05:00:00,2024-11-09,6,0.0,0.0,0.0,0.0,0.0,0.0
2024-11-09 06:00:00,2024-11-09,7,0.0,11.942222222222222,5.555555555555555,114.172128730441,11.942222222222222,11.942222222222222
2024-11-09 07:00:00,2024-11-09,8,14.179419525065963,89.56666666666666,41.666666666666664,335.56939147390153,89.56666666666666,75.3872471416007
2024-11-09 08:00:00,2024-11-09,9,184.33245382585753,179.13333333333333,83.33333333333333,529.8118448032524,179.13333333333333,-5.199120492524202
2024-11-09 09:00:00,2024-11-09,10,659.3430079155673,555.3133333333333,258.3333333333333,672.4189285461754,555.3133333333333,-104.02967458223407
2024-11-09 10:00:00,2024-11-09,11,1297.4168865435356,674.7355555555556,313.8888888888889,751.2751745885369,674.7355555555556,-622.68133098798
2024-11-09 11:00:00,2024-11-09,12,1779.5171503957783,716.5333333333333,333.3333333333333,760.3090789422644,716.5333333333333,-1062.983817062445
2024-11-09 12:00:00,2024-11-09,13,1963.849604221636,746.3888888888889,347.22222222222223,698.8431940707528,746.3888888888889,-1217.460715332747
2024-11-09 13:00:00,2024-11-09,14,1956.759894459103,644.88,300.0,571.5648850735059,644.88,-1311.879894459103
2024-11-09 14:00:00,2024-11-09,15,1786.6068601583113,465.74666666666667,216.66666666666666,388.8848810317897,465.74666666666667,-1320.8601934916446
2024-11-09 15:00:00,2024-11-09,16,1396.6728232189973,304.52666666666664,141.66666666666666,170.5165005690069,304.52666666666664,-1092.1461565523307
2024-11-09 16:00:00,2024-11-09,17,893.3034300791556,4.224126717256674,1.9650756965280394,1.637563080440033,4.224126717256674,-889.079303361899
2024-11-09 17:00:00,2024-11-09,18,340.3060686015831,0.0,0.0,0.0,0.0,-340.3060686015831
2024-11-09 18:00:00,2024-11-09,19,35.44854881266491,0.0,0.0,0.0,0.0,-35.44854881266491
2024-11-09 19:00:00,2024-11-09,20,0.0,0.0,0.0,0.0,0.0,0.0
2024-11-09 20:00:00,2024-11-09,21,0.0,0.0,0.0,0.0,0.0,0.0
2024-11-09 21:00:00,2024-11-09,22,0.0,0.0,0.0,0.0,0.0,0.0
2024-11-09 22:00:00,2024-11-09,23,0.0,0.0,0.0,0.0,0.0,0.0
2024-11-09 23:00:00,2024-11-09,24,0.0,0.0,0.0,0.0,0.0,0.0
2024-11-10 00:00:00,2024-11-10,1,0.0,0.0,0.0,0.0,0.0,0.0
2024-11-10 01:00:00,2024-11-10,2,0.0,0.0,0.0,0.0,0.0,0.0
2024-11-10 02:00:00,2024-11-10,3,0.0,0.0,0.0,0.0,0.0,0.0
2024-11-10 03:00:00,2024-11-10,4,0.0,0.0,0.0,0.0,0.0,0.0
2024-11-10 04:00:00,2024-11-10,5,0.0,0.0,0.0,0.0,0.0,0.0
2024-11-10 05:00:00,2024-11-10,6,0.0,0.0,0.0,0.0,0.0,0.0
2024-11-10 06:00:00,2024-11-10,7,0.0,35.826666666666675,16.666666666666668,111.73540208341534,35.826666666666675,35.826666666666675
2024-11-10 07:00:00,2024-11-10,8,63.80738786279684,268.7,125.0,332.656980686976,268.7,204.89261213720314
2024-11-10 08:00:00,2024-11-10,9,177.24274406332455,394.0933333333334,183.33333333333334,526.7318321943226,394.0933333333334,216.85058927000887
2024-11-10 09:00:00,2024-11-10,10,184.33245382585753,406.03555555555556,188.88888888888889,669.2762834546892,406.03555555555556,221.70310172969803
2024-11-10 10:00:00,2024-11-10,11,177.24274406332455,459.7755555555555,213.88888888888889,748.1561230723781,459.7755555555555,282.53281149223096
2024-11-10 11:00:00,2024-11-10,12,432.47229551451187,644.88,300.0,757.2937537209599,644.88,212.40770448548813
2024-11-10 12:00:00,2024-11-10,13,333.21635883905014,740.4177777777779,344.44444444444446,696.0037373767376,740.4177777777779,407.2014189387278
2024-11-10 13:00:00,2024-11-10,14,311.9472295514512,573.2266666666668,266.6666666666667,568.9624703176488,573.2266666666668,261.2794371152156
2024-11-10 14:00:00,2024-11-10,15,276.4986807387863,370.20888888888896,172.22222222222223,386.5724558535873,370.20888888888896,93.71020815010269
2024-11-10 15:00:00,2024-11-10,16,155.9736147757256,131.36444444444444,61.111111111111114,168.59622490683134,131.36444444444444,-24.60917033128115
2024-11-10 16:00:00,2024-11-10,17,70.89709762532982,3.6555042454596425,1.7005509143373847,1.4171257619478206,3.6555042454596425,-67.24159337987018
2024-11-10 17:00:00,2024-11-10,18,0.0,0.0,0.0,0.0,0.0,0.0
2024-11-10 18:00:00,2024-11-10,19,0.0,0.0,0.0,0.0,0.0,0.0
2024-11-10 19:00:00,2024-11-10,20,0.0,0.0,0.0,0.0,0.0,0.0
2024-11-10 20:00:00,2024-11-10,21,0.0,0.0,0.0,0.0,0.0,0.0
2024-11-10 21:00:00,2024-11-10,22,0.0,0.0,0.0,0.0,0.0,0.0
2024-11-10 22:00:00,2024-11-10,23,0.0,0.0,0.0,0.0,0.0,0.0
2024-11-10 23:00:00,2024-11-10,24,0.0,0.0,0.0,0.0,0.0,0.0
2024-11-11 00:00:00,2024-11-11,1,0.0,0.0,0.0,0.0,0.0,0.0
2024-11-11 01:00:00,2024-11-11,2,0.0,0.0,0.0,0.0,0.0,0.0
2024-11-11 02:00:00,2024-11-11,3,0.0,0.0,0.0,0.0,0.0,0.0
2024-11-11 03:00:00,2024-11-11,4,0.0,0.0,0.0,0.0,0.0,0.0
2024-11-11 04:00:00,2024-11-11,5,0.0,0.0,0.0,0.0,0.0,0.0
2024-11-11 05:00:00,2024-11-11,6,0.0,0.0,0.0,0.0,0.0,0.0
2024-11-11 06:00:00,2024-11-11,7,7.089709762532982,29.85555555555556,13.88888888888889,109.29465968721436,29.85555555555556,22.765845793022578
2024-11-11 07:00:00,2024-11-11,8,49.62796833773087,161.22,75.0,329.7378328245632,161.22,111.59203166226914
2024-11-11 08:00:00,2024-11-11,9,106.34564643799473,358.26666666666665,166.66666666666666,523.6544314637595,358.26666666666665,251.92102022867192
2024-11-11 09:00:00,2024-11-11,10,120.52506596306068,417.97777777777776,194.44444444444446,666.1492836420964,417.97777777777776,297.4527118147171
2024-11-11 10:00:00,2024-11-11,11,290.67810026385223,776.2444444444444,361.1111111111111,745.0679110266489,776.2444444444444,485.5663441805922
2024-11-11 11:00:00,2024-11-11,12,482.10026385224273,417.97777777777776,194.44444444444446,754.3254339004253,417.97777777777776,-64.12248607446497
2024-11-11 12:00:00,2024-11-11,13,730.2401055408972,298.5555555555556,138.88888888888889,693.2271973368408,298.5555555555556,-431.68454998534156
2024-11-11 13:00:00,2024-11-11,14,560.0870712401055,334.3822222222222,155.55555555555554,566.4372999015807,334.3822222222222,-225.7048490178833
2024-11-11 14:00:00,2024-11-11,15,269.40897097625333,179.13333333333333,83.33333333333333,384.348286591765,179.13333333333333,-90.27563764292
2024-11-11 15:00:00,2024-11-11,16,191.4221635883905,83.59555555555555,38.888888888888886,166.76734539442833,83.59555555555555,-107.82660803283495
2024-11-11 16:00:00,2024-11-11,17,77.9868073878628,3.1637979483789906,1.4718077541770518,1.2265064618142099,3.1637979483789906,-74.82300943948381
2024-11-11 17:00:00,2024-11-11,18,0.0,0.0,0.0,0.0,0.0,0.0
2024-11-11 18:00:00,2024-11-11,19,0.0,0.0,0.0,0.0,0.0,0.0
2024-11-11 19:00:00,2024-11-11,20,0.0,0.0,0.0,0.0,0.0,0.0
2024-11-11 20:00:00,2024-11-11,21,0.0,0.0,0.0,0.0,0.0,0.0
2024-11-11 21:00:00,2024-11-11,22,0.0,0.0,0.0,0.0,0.0,0.0
2024-11-11 22:00:00,2024-11-11,23,0.0,0.0,0.0,0.0,0.0,0.0
2024-11-11 23:00:00,2024-11-11,24,0.0,0.0,0.0,0.0,0.0,0.0
2024-11-12 00:00:00,2024-11-12,1,0.0,0.0,0.0,0.0,0.0,0.0
2024-11-12 01:00:00,2024-11-12,2,0.0,0.0,0.0,0.0,0.0,0.0
2024-11-12 02:00:00,2024-11-12,3,0.0,0.0,0.0,0.0,0.0,0.0
2024-11-12 03:00:00,2024-11-12,4,0.0,0.0,0.0,0.0,0.0,0.0
2024-11-12 04:00:00,2024-11-12,5,0.0,0.0,0.0,0.0,0.0,0.0
2024-11-12 05:00:00,2024-11-12,6,0.0,0.0,0.0,0.0,0.0,0.0
2024-11-12 06:00:00,2024-11-12,7,7.089709762532982,17.913333333333338,8.333333333333334,106.85162652035824,17.913333333333338,10.823623570800356
2024-11-12 07:00:00,2024-11-12,8,77.9868073878628,77.62444444444446,36.111111111111114,326.8138628305085,77.62444444444446,-0.36236294341833286
2024-11-12 08:00:00,2024-11-12,9,283.5883905013193,161.22,75.0,520.5819014155493,161.22,-122.36839050131928
2024-11-12 09:00:00,2024-11-12,10,404.11345646437996,244.81555555555556,113.88888888888889,663.0404317706515,244.81555555555556,-159.2979009088244
2024-11-12 10:00:00,2024-11-12,11,340.3060686015831,394.0933333333334,183.33333333333334,742.0131682581484,394.0933333333334,53.78726473175033
2024-11-12 11:00:00,2024-11-12,12,255.22955145118735,268.7,125.0,751.4067531988962,268.7,13.47044854881264
2024-11-12 12:00:00,2024-11-12,13,184.33245382585753,250.7866666666667,116.66666666666667,690.516087338326,250.7866666666667,66.45421284080916
2024-11-12 13:00:00,2024-11-12,14,255.22955145118735,149.2777777777778,69.44444444444444,563.9916444255231,149.2777777777778,-105.95177367340955
2024-11-12 14:00:00,2024-11-12,15,326.12664907651714,149.2777777777778,69.44444444444444,382.214264555391,149.2777777777778,-176.84887129873934
2024-11-12 15:00:00,2024-11-12,16,141.79419525065964,83.59555555555555,38.888888888888886,165.03101131566322,83.59555555555555,-58.19863969510409
2024-11-12 16:00:00,2024-11-12,17,14.179419525065963,2.7400560458965617,1.2746818226165622,1.0622348521804685,2.7400560458965617,-11.439363479169401
2024-11-12 17:00:00,2024-11-12,18,0.0,0.0,0.0,0.0,0.0,0.0
2024-11-12 18:00:00,2024-11-12,19,0.0,0.0,0.0,0.0,0.0,0.0
2024-11-12 19:00:00,2024-11-12,20,0.0,0.0,0.0,0.0,0.0,0.0
2024-11-12 20:00:00,2024-11-12,21,0.0,0.0,0.0,0.0,0.0,0.0
2024-11-12 21:00:00,2024-11-12,22,0.0,0.0,0.0,0.0,0.0,0.0
2024-11-12 22:00:00,2024-11-12,23,0.0,0.0,0.0,0.0,0.0,0.0
2024-11-12 23:00:00,2024-11-12,24,0.0,0.0,0.0,0.0,0.0,0.0
2024-11-13 00:00:00,2024-11-13,1,0.0,0.0,0.0,0.0,0.0,0.0
2024-11-13 01:00:00,2024-11-13,2,0.0,0.0,0.0,0.0,0.0,0.0
2024-11-13 02:00:00,2024-11-13,3,0.0,0.0,0.0,0.0,0.0,0.0
2024-11-13 03:00:00,2024-11-13,4,0.0,0.0,0.0,0.0,0.0,0.0
2024-11-13 04:00:00,2024-11-13,5,0.0,0.0,0.0,0.0,0.0,0.0
2024-11-13 05:00:00,2024-11-13,6,0.0,0.0,0.0,0.0,0.0,0.0
2024-11-13 06:00:00,2024-11-13,7,21.269129287598943,23.884444444444444,11.11111111111111,104.40797079077338,23.884444444444444,2.615315156845501
2024-11-13 07:00:00,2024-11-13,8,177.24274406332455,161.22,75.0,323.8869151626172,161.22,-16.022744063324552
2024-11-13 08:00:00,2024-11-13,9,276.4986807387863,417.97777777777776,194.44444444444446,517.5164310207869,417.97777777777776,141.47909703899148
2024-11-13 09:00:00,2024-11-13,10,567.1767810026386,441.8622222222222,205.55555555555554,659.9521633201243,441.8622222222222,-125.31455878041635
2024-11-13 10:00:00,2024-11-13,11,432.47229551451187,728.4755555555556,338.8888888888889,738.9944617417916,728.4755555555556,296.00326004104375
2024-11-13 11:00:00,2024-11-13,12,475.0105540897098,567.2555555555556,263.8888888888889,748.5402882310909,567.2555555555556,92.2450014658458
2024-11-13 12:00:00,2024-11-13,13,751.509234828496,1074.8,500.0,687.8728704505648,1074.8,323.29076517150395
2024-11-13 13:00:00,2024-11-13,14,368.66490765171505,728.4755555555556,338.8888888888889,561.627731799018,728.4755555555556,359.81064790384056
2024-11-13 14:00:00,2024-11-13,15,205.60158311345646,561.2844444444444,261.1111111111111,380.17224699931046,561.2844444444444,355.6828613309879
2024-11-13 15:00:00,2024-11-13,16,155.9736147757256,421.4635154152701,196.0660194525819,163.38834954381826,421.4635154152701,265.4899006395445
2024-11-13 16:00:00,2024-11-13,17,49.62796833773087,2.3760740605699855,1.1053563735439083,0.9211303112865903,2.3760740605699855,-47.251894277160886
2024-11-13 17:00:00,2024-11-13,18,0.0,0.0,0.0,0.0,0.0,0.0
2024-11-13 18:00:00,2024-11-13,19,0.0,0.0,0.0,0.0,0.0,0.0
2024-11-13 19:00:00,2024-11-13,20,0.0,0.0,0.0,0.0,0.0,0.0
2024-11-13 20:00:00,2024-11-13,21,0.0,0.0,0.0,0.0,0.0,0.0
2024-11-13 21:00:00,2024-11-13,22,0.0,0.0,0.0,0.0,0.0,0.0
2024-11-13 22:00:00,2024-11-13,23,0.0,0.0,0.0,0.0,0.0,0.0
2024-11-13 23:00:00,2024-11-13,24,0.0,0.0,0.0,0.0,0.0,0.0
2024-11-14 00:00:00,2024-11-14,1,0.0,0.0,0.0,0.0,0.0,0.0
2024-11-14 01:00:00,2024-11-14,2,0.0,0.0,0.0,0.0,0.0,0.0
2024-11-14 02:00:00,2024-11-14,3,0.0,0.0,0.0,0.0,0.0,0.0
2024-11-14 03:00:00,2024-11-14,4,0.0,0.0,0.0,0.0,0.0,0.0
2024-11-14 04:00:00,2024-11-14,5,0.0,0.0,0.0,0.0,0.0,0.0
2024-11-14 05:00:00,2024-11-14,6,0.0,0.0,0.0,0.0,0.0,0.0
2024-11-14 06:00:00,2024-11-14,7,7.089709762532982,53.74,25.0,101.96531605899028,53.74,46.65029023746702
2024-11-14 07:00:00,2024-11-14,8,49.62796833773087,477.688888888889,222.22222222222223,320.95877549246836,477.688888888889,428.0609205511581
2024-11-14 08:00:00,2024-11-14,9,85.07651715039577,961.348888888889,447.22222222222223,514.4601487370925,961.348888888889,876.2723717384931
2024-11-14 09:00:00,2024-11-14,10,177.24274406332455,1325.5866666666666,616.6666666666666,656.8868527196998,1325.5866666666666,1148.343922603342
2024-11-14 10:00:00,2024-11-14,11,262.3192612137203,889.6955555555556,413.8888888888889,736.0142979823606,889.6955555555556,627.3762943418353
2024-11-14 11:00:00,2024-11-14,12,219.78100263852244,794.1577777777779,369.44444444444446,745.7285568711783,794.1577777777779,574.3767751392555
2024-11-14 12:00:00,2024-11-14,13,361.57519788918205,1068.828888888889,497.22222222222223,685.299953872929,1068.828888888889,707.2536909997069
2024-11-14 13:00:00,2024-11-14,14,241.05013192612137,519.4866666666667,241.66666666666666,559.347738184614,519.4866666666667,278.4365347405453
2024-11-14 14:00:00,2024-11-14,15,297.76781002638523,358.26666666666665,166.66666666666666,378.2240455855061,358.26666666666665,60.49885664028142
2024-11-14 15:00:00,2024-11-14,16,77.9868073878628,179.13333333333333,83.33333333333333,161.84045383549633,179.13333333333333,101.14652594547053
2024-11-14 16:00:00,2024-11-14,17,28.358839050131927,2.064402658793946,0.9603659558959553,0.8003049632466295,2.064402658793946,-26.29443639133798
2024-11-14 17:00:00,2024-11-14,18,0.0,0.0,0.0,0.0,0.0,0.0
2024-11-14 18:00:00,2024-11-14,19,0.0,0.0,0.0,0.0,0.0,0.0
2024-11-14 19:00:00,2024-11-14,20,0.0,0.0,0.0,0.0,0.0,0.0
2024-11-14 20:00:00,2024-11-14,21,0.0,0.0,0.0,0.0,0.0,0.0
2024-11-14 21:00:00,2024-11-14,22,0.0,0.0,0.0,0.0,0.0,0.0
2024-11-14 22:00:00,2024-11-14,23,0.0,0.0,0.0,0.0,0.0,0.0
2024-11-14 23:00:00,2024-11-14,24,0.0,0.0,0.0,0.0,0.0,0.0
2024-11-15 00:00:00,2024-11-15,1,0.0,0.0,0.0,0.0,0.0,0.0
2024-11-15 01:00:00,2024-11-15,2,0.0,0.0,0.0,0.0,0.0,0.0
2024-11-15 02:00:00,2024-11-15,3,0.0,0.0,0.0,0.0,0.0,0.0
2024-11-15 03:00:00,2024-11-15,4,0.0,0.0,0.0,0.0,0.0,0.0
2024-11-15 04:00:00,2024-11-15,5,0.0,0.0,0.0,0.0,0.0,0.0
2024-11-15 05:00:00,2024-11-15,6,0.0,0.0,0.0,0.0,0.0,0.0
2024-11-15 06:00:00,2024-11-15,7,21.269129287598943,47.76888888888889,22.22222222222222,99.52526809063176,47.76888888888889,26.499759601289945
2024-11-15 07:00:00,2024-11-15,8,276.4986807387863,417.97777777777776,194.44444444444446,318.03119993815426,417.97777777777776,141.47909703899148
2024-11-15 08:00:00,2024-11-15,9,595.5356200527705,417.97777777777776,194.44444444444446,511.4151493618014,417.97777777777776,-177.5578422749927
2024-11-15 09:00:00,2024-11-15,10,701.8812664907651,644.88,300.0,653.8468360206926,644.88,-57.00126649076515
2024-11-15 10:00:00,2024-11-15,11,1176.891820580475,1367.3844444444446,636.1111111111111,733.0751403728431,1367.3844444444446,190.49262386396958
2024-11-15 11:00:00,2024-11-15,12,616.8047493403694,1337.5288888888888,622.2222222222222,742.9740296272461,1337.5288888888888,720.7241395485194
2024-11-15 12:00:00,2024-11-15,13,304.85751978891824,1176.3088888888888,547.2222222222222,682.7996941155532,1176.3088888888888,871.4513690999705
2024-11-15 13:00:00,2024-11-15,14,226.8707124010554,662.7933333333333,308.3333333333333,557.1537872510164,662.7933333333333,435.9226209322779
2024-11-15 14:00:00,2024-11-15,15,361.57519788918205,179.13333333333333,83.33333333333333,376.37142069357964,179.13333333333333,-182.44186455584872
2024-11-15 15:00:00,2024-11-15,16,297.76781002638523,125.39333333333335,58.333333333333336,160.38837764776036,125.39333333333335,-172.3744766930519
2024-11-15 16:00:00,2024-11-15,17,28.358839050131927,1.7983406387805454,0.8365931516470717,0.6971609597058931,1.7983406387805454,-26.560498411351382
2024-11-15 17:00:00,2024-11-15,18,0.0,0.0,0.0,0.0,0.0,0.0
2024-11-15 18:00:00,2024-11-15,19,0.0,0.0,0.0,0.0,0.0,0.0
2024-11-15 19:00:00,2024-11-15,20,0.0,0.0,0.0,0.0,0.0,0.0
2024-11-15 20:00:00,2024-11-15,21,0.0,0.0,0.0,0.0,0.0,0.0
2024-11-15 21:00:00,2024-11-15,22,0.0,0.0,0.0,0.0,0.0,0.0
2024-11-15 22:00:00,2024-11-15,23,0.0,0.0,0.0,0.0,0.0,0.0
2024-11-15 23:00:00,2024-11-15,24,0.0,0.0,0.0,0.0,0.0,0.0
2024-11-16 00:00:00,2024-11-16,1,0.0,0.0,0.0,0.0,0.0,0.0
2024-11-16 01:00:00,2024-11-16,2,0.0,0.0,0.0,0.0,0.0,0.0
2024-11-16 02:00:00,2024-11-16,3,0.0,0.0,0.0,0.0,0.0,0.0
2024-11-16 03:00:00,2024-11-16,4,0.0,0.0,0.0,0.0,0.0,0.0
2024-11-16 04:00:00,2024-11-16,5,0.0,0.0,0.0,0.0,0.0,0.0
2024-11-16 05:00:00,2024-11-16,6,0.0,0.0,0.0,0.0,0.0,0.0
2024-11-16 06:00:00,2024-11-16,7,42.53825857519789,5.971111111111111,2.7777777777777777,97.08944997192378,5.971111111111111,-36.56714746408677
2024-11-16 07:00:00,2024-11-16,8,311.9472295514512,47.76888888888889,22.22222222222222,314.9397929421906,47.76888888888889,-264.1783406625623
2024-11-16 08:00:00,2024-11-16,9,701.8812664907651,77.62444444444446,36.111111111111114,508.19853814422174,77.62444444444446,-624.2568220463206
2024-11-16 09:00:00,2024-11-16,10,886.2137203166227,131.36444444444444,61.111111111111114,650.6412215604805,131.36444444444444,-754.8492758721783
2024-11-16 10:00:00,2024-11-16,11,1382.4934036939314,292.58444444444444,136.11111111111111,729.9827456964418,292.58444444444444,-1089.908959249487
2024-11-16 11:00:00,2024-11-16,12,1098.9050131926122,274.67111111111114,127.77777777777777,740.0820605603511,274.67111111111114,-824.233902081501
2024-11-16 12:00:00,2024-11-16,13,1084.7255936675463,889.6955555555556,413.8888888888889,680.1798221283167,889.6955555555556,-195.03003811199062
2024-11-16 13:00:00,2024-11-16,14,538.8179419525067,591.14,275.0,554.8599155836494,591.14,52.32205804749333
2024-11-16 14:00:00,2024-11-16,15,872.0343007915568,412.0066666666667,191.66666666666666,374.4426948558385,412.0066666666667,-460.0276341248901
2024-11-16 15:00:00,2024-11-16,16,623.8944591029024,250.7866666666667,116.66666666666667,158.898856237823,250.7866666666667,-373.1077924362357
2024-11-16 16:00:00,2024-11-16,17,141.79419525065964,1.5635668962017177,0.7273757425575538,0.6061464521312948,1.5635668962017177,-140.23062835445793
2024-11-16 17:00:00,2024-11-16,18,0.0,0.0,0.0,0.0,0.0,0.0
2024-11-16 18:00:00,2024-11-16,19,0.0,0.0,0.0,0.0,0.0,0.0
2024-11-16 19:00:00,2024-11-16,20,0.0,0.0,0.0,0.0,0.0,0.0
2024-11-16 20:00:00,2024-11-16,21,0.0,0.0,0.0,0.0,0.0,0.0
2024-11-16 21:00:00,2024-11-16,22,0.0,0.0,0.0,0.0,0.0,0.0
2024-11-16 22:00:00,2024-11-16,23,0.0,0.0,0.0,0.0,0.0,0.0
2024-11-16 23:00:00,2024-11-16,24,0.0,0.0,0.0,0.0,0.0,0.0
2024-11-17 00:00:00,2024-11-17,1,0.0,0.0,0.0,0.0,0.0,0.0
2024-11-17 01:00:00,2024-11-17,2,0.0,0.0,0.0,0.0,0.0,0.0
2024-11-17 02:00:00,2024-11-17,3,0.0,0.0,0.0,0.0,0.0,0.0
2024-11-17 03:00:00,2024-11-17,4,0.0,0.0,0.0,0.0,0.0,0.0
2024-11-17 04:00:00,2024-11-17,5,0.0,0.0,0.0,0.0,0.0,0.0
2024-11-17 05:00:00,2024-11-17,6,0.0,0.0,0.0,0.0,0.0,0.0
2024-11-17 06:00:00,2024-11-17,7,14.179419525065963,11.942222222222222,5.555555555555555,94.55075926825994,11.942222222222222,-2.2371973028437413
2024-11-17 07:00:00,2024-11-17,8,49.62796833773087,59.71111111111112,27.77777777777778,311.8529691590814,59.71111111111112,10.083142773380253
2024-11-17 08:00:00,2024-11-17,9,155.9736147757256,203.01777777777778,94.44444444444444,504.9975197666004,203.01777777777778,47.04416300205219
2024-11-17 09:00:00,2024-11-17,10,382.844327176781,328.41111111111115,152.77777777777777,647.465538750578,328.41111111111115,-54.43321606566985
2024-11-17 10:00:00,2024-11-17,11,170.15303430079155,292.58444444444444,136.11111111111111,726.9361607963904,292.58444444444444,122.4314101436529
2024-11-17 11:00:00,2024-11-17,12,269.40897097625333,220.9311111111111,102.77777777777777,737.2520526702739,220.9311111111111,-48.47785986514222
2024-11-17 12:00:00,2024-11-17,13,163.06332453825857,388.1222222222222,180.55555555555554,677.6370964746274,388.1222222222222,225.05889768396364
2024-11-17 13:00:00,2024-11-17,14,127.61477572559367,346.32444444444445,161.11111111111111,552.6561029468588,346.32444444444445,218.70966871885076
2024-11-17 14:00:00,2024-11-17,15,70.89709762532982,119.42222222222225,55.55555555555556,372.6129114860881,119.42222222222225,48.525124596892425
2024-11-17 15:00:00,2024-11-17,16,49.62796833773087,83.59555555555555,38.888888888888886,157.50756780413468,83.59555555555555,33.96758721782468
2024-11-17 16:00:00,2024-11-17,17,49.62796833773087,1.3649287201854619,0.6349687012399804,0.5291405843666503,1.3649287201854619,-48.26303961754541
2024-11-17 17:00:00,2024-11-17,18,0.0,0.0,0.0,0.0,0.0,0.0
2024-11-17 18:00:00,2024-11-17,19,0.0,0.0,0.0,0.0,0.0,0.0
2024-11-17 19:00:00,2024-11-17,20,0.0,0.0,0.0,0.0,0.0,0.0
2024-11-17 20:00:00,2024-11-17,21,0.0,0.0,0.0,0.0,0.0,0.0
2024-11-17 21:00:00,2024-11-17,22,0.0,0.0,0.0,0.0,0.0,0.0
2024-11-17 22:00:00,2024-11-17,23,0.0,0.0,0.0,0.0,0.0,0.0
2024-11-17 23:00:00,2024-11-17,24,0.0,0.0,0.0,0.0,0.0,0.0
2024-11-18 00:00:00,2024-11-18,1,0.0,0.0,0.0,0.0,0.0,0.0
2024-11-18 01:00:00,2024-11-18,2,0.0,0.0,0.0,0.0,0.0,0.0
2024-11-18 02:00:00,2024-11-18,3,0.0,0.0,0.0,0.0,0.0,0.0
2024-11-18 03:00:00,2024-11-18,4,0.0,0.0,0.0,0.0,0.0,0.0
2024-11-18 04:00:00,2024-11-18,5,0.0,0.0,0.0,0.0,0.0,0.0
2024-11-18 05:00:00,2024-11-18,6,0.0,0.0,0.0,0.0,0.0,0.0
2024-11-18 06:00:00,2024-11-18,7,0.0,5.971111111111111,2.7777777777777777,92.02193730524125,5.971111111111111,5.971111111111111
2024-11-18 07:00:00,2024-11-18,8,70.89709762532982,89.56666666666666,41.666666666666664,308.7726400032776,89.56666666666666,18.669569041336842
2024-11-18 08:00:00,2024-11-18,9,333.21635883905014,179.13333333333333,83.33333333333333,501.81431096067774,179.13333333333333,-154.08302550571682
2024-11-18 09:00:00,2024-11-18,10,1006.7387862796834,244.81555555555556,113.88888888888889,644.3222033819894,244.81555555555556,-761.9232307241278
2024-11-18 10:00:00,2024-11-18,11,1751.1583113456466,262.7288888888889,122.22222222222223,723.9378792567477,262.7288888888889,-1488.4294224567577
2024-11-18 11:00:00,2024-11-18,12,1949.67018469657,268.7,125.0,734.4864529809734,268.7,-1680.97018469657
2024-11-18 12:00:00,2024-11-18,13,1985.118733509235,214.96,100.0,675.1737958072912,214.96,-1770.158733509235
2024-11-18 13:00:00,2024-11-18,14,900.3931398416887,191.07555555555555,88.88888888888889,550.5443432762997,191.07555555555555,-709.3175842861332
2024-11-18 14:00:00,2024-11-18,15,765.688654353562,143.3066666666667,66.66666666666667,370.8836544457167,143.3066666666667,-622.3819876868953
2024-11-18 15:00:00,2024-11-18,16,475.0105540897098,107.48,50.0,156.21535369278567,107.48,-367.53055408970977
2024-11-18 16:00:00,2024-11-18,17,163.06332453825857,1.1974550415833487,0.5570594722661651,0.464216226888471,1.1974550415833487,-161.86586949667523
2024-11-18 17:00:00,2024-11-18,18,14.179419525065963,0.0,0.0,0.0,0.0,-14.179419525065963
2024-11-18 18:00:00,2024-11-18,19,0.0,0.0,0.0,0.0,0.0,0.0
2024-11-18 19:00:00,2024-11-18,20,0.0,0.0,0.0,0.0,0.0,0.0
2024-11-18 20:00:00,2024-11-18,21,0.0,0.0,0.0,0.0,0.0,0.0
2024-11-18 21:00:00,2024-11-18,22,0.0,0.0,0.0,0.0,0.0,0.0
2024-11-18 22:00:00,2024-11-18,23,0.0,0.0,0.0,0.0,0.0,0.0
2024-11-18 23:00:00,2024-11-18,24,0.0,0.0,0.0,0.0,0.0,0.0
2024-11-19 00:00:00,2024-11-19,1,0.0,0.0,0.0,0.0,0.0,0.0
2024-11-19 01:00:00,2024-11-19,2,0.0,0.0,0.0,0.0,0.0,0.0
2024-11-19 02:00:00,2024-11-19,3,0.0,0.0,0.0,0.0,0.0,0.0
2024-11-19 03:00:00,2024-11-19,4,0.0,0.0,0.0,0.0,0.0,0.0
2024-11-19 04:00:00,2024-11-19,5,0.0,0.0,0.0,0.0,0.0,0.0
2024-11-19 05:00:00,2024-11-19,6,0.0,0.0,0.0,0.0,0.0,0.0
2024-11-19 06:00:00,2024-11-19,7,0.0,11.942222222222222,5.555555555555555,89.50490279427692,11.942222222222222,11.942222222222222
2024-11-19 07:00:00,2024-11-19,8,42.53825857519789,53.74,25.0,305.7008113503448,53.74,11.201741424802115
2024-11-19 08:00:00,2024-11-19,9,311.9472295514512,220.9311111111111,102.77777777777777,498.65121125904136,220.9311111111111,-91.01611844034008
2024-11-19 09:00:00,2024-11-19,10,701.8812664907651,286.6133333333334,133.33333333333334,641.2136935180786,286.6133333333334,-415.26793315743174
2024-11-19 10:00:00,2024-11-19,11,886.2137203166227,477.688888888889,222.22222222222223,720.9904316912622,477.688888888889,-408.5248314277337
2024-11-19 11:00:00,2024-11-19,12,1382.4934036939314,483.65999999999997,225.0,731.7877180189164,483.65999999999997,-898.8334036939315
2024-11-19 12:00:00,2024-11-19,13,1098.9050131926122,412.0066666666667,191.66666666666666,672.7921807705278,412.0066666666667,-686.8983465259455
2024-11-19 13:00:00,2024-11-19,14,1084.7255936675463,274.67111111111114,127.77777777777777,548.5265875311413,274.67111111111114,-810.0544825564351
2024-11-19 14:00:00,2024-11-19,15,538.8179419525067,214.96,100.0,369.25644573968844,214.96,-323.8579419525066
2024-11-19 15:00:00,2024-11-19,16,872.0343007915568,59.71111111111112,27.77777777777778,155.02299561047238,59.71111111111112,-812.3231896804457
2024-11-19 16:00:00,2024-11-19,17,623.8944591029024,1.05683395934478,0.4916421470714457,0.40970178922620476,1.05683395934478,-622.8376251435576
2024-11-19 17:00:00,2024-11-19,18,141.79419525065964,0.0,0.0,0.0,0.0,-141.79419525065964
2024-11-19 18:00:00,2024-11-19,19,0.0,0.0,0.0,0.0,0.0,0.0
2024-11-19 19:00:00,2024-11-19,20,0.0,0.0,0.0,0.0,0.0,0.0
2024-11-19 20:00:00,2024-11-19,21,0.0,0.0,0.0,0.0,0.0,0.0
2024-11-19 21:00:00,2024-11-19,22,0.0,0.0,0.0,0.0,0.0,0.0
2024-11-19 22:00:00,2024-11-19,23,0.0,0.0,0.0,0.0,0.0,0.0
2024-11-19 23:00:00,2024-11-19,24,0.0,0.0,0.0,0.0,0.0,0.0
2024-11-20 00:00:00,2024-11-20,1,0.0,0.0,0.0,0.0,0.0,0.0
2024-11-20 01:00:00,2024-11-20,2,0.0,0.0,0.0,0.0,0.0,0.0
2024-11-20 02:00:00,2024-11-20,3,0.0,0.0,0.0,0.0,0.0,0.0
2024-11-20 03:00:00,2024-11-20,4,0.0,0.0,0.0,0.0,0.0,0.0
2024-11-20 04:00:00,2024-11-20,5,0.0,0.0,0.0,0.0,0.0,0.0
2024-11-20 05:00:00,2024-11-20,6,0.0,0.0,0.0,0.0,0.0,0.0
2024-11-20 06:00:00,2024-11-20,7,0.0,5.971111111111111,2.7777777777777777,87.00166203990153,5.971111111111111,5.971111111111111
2024-11-20 07:00:00,2024-11-20,8,42.53825857519789,65.68222222222222,30.555555555555557,302.63958560957025,65.68222222222222,23.143963647024336
2024-11-20 08:00:00,2024-11-20,9,311.9472295514512,173.16222222222223,80.55555555555556,495.51060200905187,173.16222222222223,-138.78500732922896
2024-11-20 09:00:00,2024-11-20,10,708.9709762532982,400.0644444444444,186.11111111111111,638.1425448572213,400.0644444444444,-308.9065318088538
2024-11-20 10:00:00,2024-11-20,11,950.0211081794196,519.4866666666667,241.66666666666666,718.0963772795403,519.4866666666667,-430.5344415127529
2024-11-20 11:00:00,2024-11-20,12,1382.4934036939314,597.1111111111112,277.77777777777777,729.158301802183,597.1111111111112,-785.3822925828202
2024-11-20 12:00:00,2024-11-20,13,1098.9050131926122,973.2911111111111,452.77777777777777,670.494478986394,973.2911111111111,-125.61390208150101
2024-11-20 13:00:00,2024-11-20,14,1084.7255936675463,638.908888888889,297.22222222222223,546.6047264393068,638.908888888889,-445.81670477865725
2024-11-20 14:00:00,2024-11-20,15,545.9076517150396,328.41111111111115,152.77777777777777,367.73272744531164,328.41111111111115,-217.49654060392845
2024-11-20 15:00:00,2024-11-20,16,850.7651715039578,101.50888888888889,47.22222222222222,153.9312007793189,101.50888888888889,-749.2562826150689
2024-11-20 16:00:00,2024-11-20,17,623.8944591029024,0.9393588902309405,0.43699241264930244,0.3641603438744187,0.9393588902309405,-622.9551002126715
2024-11-20 17:00:00,2024-11-20,18,141.79419525065964,0.0,0.0,0.0,0.0,-141.79419525065964
2024-11-20 18:00:00,2024-11-20,19,0.0,0.0,0.0,0.0,0.0,0.0
2024-11-20 19:00:00,2024-11-20,20,0.0,0.0,0.0,0.0,0.0,0.0
2024-11-20 20:00:00,2024-11-20,21,0.0,0.0,0.0,0.0,0.0,0.0
2024-11-20 21:00:00,2024-11-20,22,0.0,0.0,0.0,0.0,0.0,0.0
2024-11-20 22:00:00,2024-11-20,23,0.0,0.0,0.0,0.0,0.0,0.0
2024-11-20 23:00:00,2024-11-20,24,0.0,0.0,0.0,0.0,0.0,0.0
2024-11-21 00:00:00,2024-11-21,1,0.0,0.0,0.0,0.0,0.0,0.0
2024-11-21 01:00:00,2024-11-21,2,0.0,0.0,0.0,0.0,0.0,0.0
2024-11-21 02:00:00,2024-11-21,3,0.0,0.0,0.0,0.0,0.0,0.0
2024-11-21 03:00:00,2024-11-21,4,0.0,0.0,0.0,0.0,0.0,0.0
2024-11-21 04:00:00,2024-11-21,5,0.0,0.0,0.0,0.0,0.0,0.0
2024-11-21 05:00:00,2024-11-21,6,0.0,0.0,0.0,0.0,0.0,0.0
2024-11-21 06:00:00,2024-11-21,7,0.0,23.884444444444444,11.11111111111111,84.51430288259286,23.884444444444444,23.884444444444444
2024-11-21 07:00:00,2024-11-21,8,28.358839050131927,125.39333333333335,58.333333333333336,299.59115652828683,125.39333333333335,97.03449428320141
2024-11-21 08:00:00,2024-11-21,9,148.88390501319262,238.8444444444445,111.11111111111111,492.3949383125812,238.8444444444445,89.96053943125187
2024-11-21 09:00:00,2024-11-21,10,581.3562005277045,280.6422222222222,130.55555555555554,635.1113393599228,280.6422222222222,-300.71397830548227
2024-11-21 10:00:00,2024-11-21,11,1503.018469656992,232.87333333333333,108.33333333333333,715.258289355657,232.87333333333333,-1270.1451363236588
2024-11-21 11:00:00,2024-11-21,12,1531.377308707124,370.20888888888896,172.22222222222223,726.6006388718906,370.20888888888896,-1161.1684198182352
2024-11-21 12:00:00,2024-11-21,13,1928.401055408971,334.3822222222222,155.55555555555554,668.2828662510581,334.3822222222222,-1594.0188331867487
2024-11-21 13:00:00,2024-11-21,14,1503.018469656992,179.13333333333333,83.33333333333333,544.78057077645,179.13333333333333,-1323.8851363236586
2024-11-21 14:00:00,2024-11-21,15,1042.1873350923483,167.1911111111111,77.77777777777777,366.31384238423,167.1911111111111,-874.9962239812372
2024-11-21 15:00:00,2024-11-21,16,489.18997361477574,89.56666666666666,41.666666666666664,152.94058701189675,89.56666666666666,-399.6233069481091
2024-11-21 16:00:00,2024-11-21,17,170.15303430079155,0.8418742461516991,0.39164228049483585,0.3263685670790299,0.8418742461516991,-169.31116005463986
2024-11-21 17:00:00,2024-11-21,18,14.179419525065963,0.0,0.0,0.0,0.0,-14.179419525065963
2024-11-21 18:00:00,2024-11-21,19,0.0,0.0,0.0,0.0,0.0,0.0
2024-11-21 19:00:00,2024-11-21,20,0.0,0.0,0.0,0.0,0.0,0.0
2024-11-21 20:00:00,2024-11-21,21,0.0,0.0,0.0,0.0,0.0,0.0
2024-11-21 21:00:00,2024-11-21,22,0.0,0.0,0.0,0.0,0.0,0.0
2024-11-21 22:00:00,2024-11-21,23,0.0,0.0,0.0,0.0,0.0,0.0
2024-11-21 23:00:00,2024-11-21,24,0.0,0.0,0.0,0.0,0.0,0.0
2024-11-22 00:00:00,2024-11-22,1,0.0,0.0,0.0,0.0,0.0,0.0
2024-11-22 01:00:00,2024-11-22,2,0.0,0.0,0.0,0.0,0.0,0.0
2024-11-22 02:00:00,2024-11-22,3,0.0,0.0,0.0,0.0,0.0,0.0
2024-11-22 03:00:00,2024-11-22,4,0.0,0.0,0.0,0.0,0.0,0.0
2024-11-22 04:00:00,2024-11-22,5,0.0,0.0,0.0,0.0,0.0,0.0
2024-11-22 05:00:00,2024-11-22,6,0.0,0.0,0.0,0.0,0.0,0.0
2024-11-22 06:00:00,2024-11-22,7,0.0,17.913333333333338,8.333333333333334,82.0449857589069,17.913333333333338,17.913333333333338
2024-11-22 07:00:00,2024-11-22,8,14.179419525065963,95.53777777777778,44.44444444444444,296.5578016382545,95.53777777777778,81.35835825271181
2024-11-22 08:00:00,2024-11-22,9,184.33245382585753,304.52666666666664,141.66666666666666,489.3067392483099,304.52666666666664,120.19421284080912
2024-11-22 09:00:00,2024-11-22,10,659.3430079155673,459.7755555555555,213.88888888888889,632.1226933079688,459.7755555555555,-199.56745236001183
2024-11-22 10:00:00,2024-11-22,11,1297.4168865435356,555.3133333333333,258.3333333333333,712.4787417106138,555.3133333333333,-742.1035532102023
2024-11-22 11:00:00,2024-11-22,12,1779.5171503957783,632.9377777777778,294.44444444444446,724.1171293585511,632.9377777777778,-1146.5793726180004
2024-11-22 12:00:00,2024-11-22,13,1963.849604221636,620.9955555555557,288.8888888888889,666.1594510068104,620.9955555555557,-1342.8540486660802
2024-11-22 13:00:00,2024-11-22,14,1956.759894459103,435.8911111111112,202.77777777777777,543.0558360933396,435.8911111111112,-1520.8687833479917
2024-11-22 14:00:00,2024-11-22,15,1786.6068601583113,268.7,125.0,365.0010200202879,268.7,-1517.9068601583112
2024-11-22 15:00:00,2024-11-22,16,1396.6728232189973,83.59555555555555,38.888888888888886,152.051673144436,83.59555555555555,-1313.0772676634417
2024-11-22 16:00:00,2024-11-22,17,893.3034300791556,0.7617231354051098,0.35435575707346006,0.2952964642278834,0.7617231354051098,-892.5417069437506
2024-11-22 17:00:00,2024-11-22,18,340.3060686015831,0.0,0.0,0.0,0.0,-340.3060686015831
2024-11-22 18:00:00,2024-11-22,19,35.44854881266491,0.0,0.0,0.0,0.0,-35.44854881266491
2024-11-22 19:00:00,2024-11-22,20,0.0,0.0,0.0,0.0,0.0,0.0
2024-11-22 20:00:00,2024-11-22,21,0.0,0.0,0.0,0.0,0.0,0.0
2024-11-22 21:00:00,2024-11-22,22,0.0,0.0,0.0,0.0,0.0,0.0
2024-11-22 22:00:00,2024-11-22,23,0.0,0.0,0.0,0.0,0.0,0.0
2024-11-22 23:00:00,2024-11-22,24,0.0,0.0,0.0,0.0,0.0,0.0
2024-11-23 00:00:00,2024-11-23,1,0.0,0.0,0.0,0.0,0.0,0.0
2024-11-23 01:00:00,2024-11-23,2,0.0,0.0,0.0,0.0,0.0,0.0
2024-11-23 02:00:00,2024-11-23,3,0.0,0.0,0.0,0.0,0.0,0.0
2024-11-23 03:00:00,2024-11-23,4,0.0,0.0,0.0,0.0,0.0,0.0
2024-11-23 04:00:00,2024-11-23,5,0.0,0.0,0.0,0.0,0.0,0.0
2024-11-23 05:00:00,2024-11-23,6,0.0,0.0,0.0,0.0,0.0,0.0
2024-11-23 06:00:00,2024-11-23,7,0.0,5.971111111111111,2.7777777777777777,79.59593294866853,5.971111111111111,5.971111111111111
2024-11-23 07:00:00,2024-11-23,8,56.71767810026385,113.45111111111113,52.77777777777778,293.54187403384594,113.45111111111113,56.73343301084728
2024-11-23 08:00:00,2024-11-23,9,184.33245382585753,185.10444444444448,86.11111111111111,486.24857876831805,185.10444444444448,0.7719906185869547
2024-11-23 09:00:00,2024-11-23,10,659.3430079155673,447.83333333333337,208.33333333333334,629.1792475822718,447.83333333333337,-211.50967458223397
2024-11-23 10:00:00,2024-11-23,11,1347.0448548812665,632.9377777777778,294.44444444444446,709.7602986322946,632.9377777777778,-714.1070771034887
2024-11-23 11:00:00,2024-11-23,12,1779.5171503957783,1050.9155555555556,488.8888888888889,721.7101293527026,1050.9155555555556,-728.6015948402228
2024-11-23 12:00:00,2024-11-23,13,2034.7467018469658,770.2733333333334,358.3333333333333,664.1262655680146,770.2733333333334,-1264.4733685136325
2024-11-23 13:00:00,2024-11-23,14,1956.759894459103,561.2844444444444,261.1111111111111,541.4321351425061,561.2844444444444,-1395.4754500146587
2024-11-23 14:00:00,2024-11-23,15,1786.6068601583113,328.41111111111115,152.77777777777777,363.7953707688591,328.41111111111115,-1458.1957490472
2024-11-23 15:00:00,2024-11-23,16,1347.0448548812665,125.39333333333335,58.333333333333336,151.26487726487298,125.39333333333335,-1221.651521547933
2024-11-23 16:00:00,2024-11-23,17,893.3034300791556,0.6966986937647701,0.3241062029050847,0.27008850242090393,0.6966986937647701,-892.6067313853908
2024-11-23 17:00:00,2024-11-23,18,340.3060686015831,0.0,0.0,0.0,0.0,-340.3060686015831
2024-11-23 18:00:00,2024-11-23,19,35.44854881266491,0.0,0.0,0.0,0.0,-35.44854881266491
2024-11-23 19:00:00,2024-11-23,20,0.0,0.0,0.0,0.0,0.0,0.0
2024-11-23 20:00:00,2024-11-23,21,0.0,0.0,0.0,0.0,0.0,0.0
2024-11-23 21:00:00,2024-11-23,22,0.0,0.0,0.0,0.0,0.0,0.0
2024-11-23 22:00:00,2024-11-23,23,0.0,0.0,0.0,0.0,0.0,0.0
2024-11-23 23:00:00,2024-11-23,24,0.0,0.0,0.0,0.0,0.0,0.0
2024-11-24 00:00:00,2024-11-24,1,0.0,0.0,0.0,0.0,0.0,0.0
2024-11-24 01:00:00,2024-11-24,2,0.0,0.0,0.0,0.0,0.0,0.0
2024-11-24 02:00:00,2024-11-24,3,0.0,0.0,0.0,0.0,0.0,0.0
2024-11-24 03:00:00,2024-11-24,4,0.0,0.0,0.0,0.0,0.0,0.0
2024-11-24 04:00:00,2024-11-24,5,0.0,0.0,0.0,0.0,0.0,0.0
2024-11-24 05:00:00,2024-11-24,6,0.0,0.0,0.0,0.0,0.0,0.0
2024-11-24 06:00:00,2024-11-24,7,0.0,35.826666666666675,16.666666666666668,77.16941581591398,35.826666666666675,35.826666666666675
2024-11-24 07:00:00,2024-11-24,8,120.52506596306068,197.0466666666667,91.66666666666667,290.5457929078066,197.0466666666667,76.52160070360603
2024-11-24 08:00:00,2024-11-24,9,389.934036939314,507.5444444444445,236.11111111111111,483.2230767079492,507.5444444444445,117.61040750513047
2024-11-24 09:00:00,2024-11-24,10,893.3034300791556,871.7822222222223,405.55555555555554,626.2836593965095,871.7822222222223,-21.5212078569333
2024-11-24 10:00:00,2024-11-24,11,1573.915567282322,931.4933333333333,433.3333333333333,707.1055079312173,931.4933333333333,-642.4222339489886
2024-11-24 11:00:00,2024-11-24,12,1935.490765171504,913.58,425.0,719.38194560648,913.58,-1021.9107651715041
2024-11-24 12:00:00,2024-11-24,13,2098.5540897097626,716.5333333333333,333.3333333333333,662.1852627952256,716.5333333333333,-1382.0207563764293
2024-11-24 13:00:00,2024-11-24,14,2112.7335092348285,710.5622222222223,330.55555555555554,539.9109768131113,710.5622222222223,-1402.1712870126062
2024-11-24 14:00:00,2024-11-24,15,1942.580474934037,579.1977777777779,269.44444444444446,362.69788725570965,579.1977777777779,-1363.3826971562592
2024-11-24 15:00:00,2024-11-24,16,1552.646437994723,304.52666666666664,141.66666666666666,150.58052140807808,304.52666666666664,-1248.1197713280565
2024-11-24 16:00:00,2024-11-24,17,964.2005277044855,0.6449999315226213,0.3000557924835417,0.25004649373628474,0.6449999315226213,-963.5555277729628
2024-11-24 17:00:00,2024-11-24,18,432.47229551451187,0.0,0.0,0.0,0.0,-432.47229551451187
2024-11-24 18:00:00,2024-11-24,19,77.9868073878628,0.0,0.0,0.0,0.0,-77.9868073878628
2024-11-24 19:00:00,2024-11-24,20,0.0,0.0,0.0,0.0,0.0,0.0
2024-11-24 20:00:00,2024-11-24,21,0.0,0.0,0.0,0.0,0.0,0.0
2024-11-24 21:00:00,2024-11-24,22,0.0,0.0,0.0,0.0,0.0,0.0
2024-11-24 22:00:00,2024-11-24,23,0.0,0.0,0.0,0.0,0.0,0.0
2024-11-24 23:00:00,2024-11-24,24,0.0,0.0,0.0,0.0,0.0,0.0
2024-11-25 00:00:00,2024-11-25,1,0.0,0.0,0.0,0.0,0.0,0.0
2024-11-25 01:00:00,2024-11-25,2,0.0,0.0,0.0,0.0,0.0,0.0
2024-11-25 02:00:00,2024-11-25,3,0.0,0.0,0.0,0.0,0.0,0.0
2024-11-25 03:00:00,2024-11-25,4,0.0,0.0,0.0,0.0,0.0,0.0
2024-11-25 04:00:00,2024-11-25,5,0.0,0.0,0.0,0.0,0.0,0.0
2024-11-25 05:00:00,2024-11-25,6,0.0,0.0,0.0,0.0,0.0,0.0
2024-11-25 06:00:00,2024-11-25,7,0.0,41.797777777777775,19.444444444444443,74.76774002720275,41.797777777777775,41.797777777777775
2024-11-25 07:00:00,2024-11-25,8,28.358839050131927,358.26666666666665,166.66666666666666,287.5720325725828,358.26666666666665,329.90782761653475
2024-11-25 08:00:00,2024-11-25,9,148.88390501319262,764.3022222222222,355.55555555555554,480.2328888237709,764.3022222222222,615.4183172090296
2024-11-25 09:00:00,2024-11-25,10,581.3562005277045,1152.4244444444446,536.1111111111111,623.438593916247,1152.4244444444446,571.0682439167401
2024-11-25 10:00:00,2024-11-25,11,1417.9419525065964,1230.048888888889,572.2222222222222,704.5168946539887,1230.048888888889,-187.8930636177074
2024-11-25 11:00:00,2024-11-25,12,1531.377308707124,1331.5577777777778,619.4444444444445,717.134831710031,1331.5577777777778,-199.81953092934623
2024-11-25 12:00:00,2024-11-25,13,1956.759894459103,1415.1533333333334,658.3333333333334,660.3383149285133,1415.1533333333334,-541.6065611257695
2024-11-25 13:00:00,2024-11-25,14,1503.018469656992,782.2155555555556,363.8888888888889,538.4937676111417,782.2155555555556,-720.8029141014364
2024-11-25 14:00:00,2024-11-25,15,1105.994722955145,776.2444444444444,361.1111111111111,361.7094482805887,776.2444444444444,-329.7502785107007
2024-11-25 15:00:00,2024-11-25,16,489.18997361477574,386.9250042495868,179.99860636843445,149.99883864036204,386.9250042495868,-102.26496936518896
2024-11-25 16:00:00,2024-11-25,17,170.15303430079155,0.0,0.0,0.0,0.0,-170.15303430079155
2024-11-25 17:00:00,2024-11-25,18,14.179419525065963,0.0,0.0,0.0,0.0,-14.179419525065963
2024-11-25 18:00:00,2024-11-25,19,0.0,0.0,0.0,0.0,0.0,0.0
2024-11-25 19:00:00,2024-11-25,20,0.0,0.0,0.0,0.0,0.0,0.0
2024-11-25 20:00:00,2024-11-25,21,0.0,0.0,0.0,0.0,0.0,0.0
2024-11-25 21:00:00,2024-11-25,22,0.0,0.0,0.0,0.0,0.0,0.0
2024-11-25 22:00:00,2024-11-25,23,0.0,0.0,0.0,0.0,0.0,0.0
2024-11-25 23:00:00,2024-11-25,24,0.0,0.0,0.0,0.0,0.0,0.0
2024-11-26 00:00:00,2024-11-26,1,0.0,0.0,0.0,0.0,0.0,0.0
2024-11-26 01:00:00,2024-11-26,2,0.0,0.0,0.0,0.0,0.0,0.0
2024-11-26 02:00:00,2024-11-26,3,0.0,0.0,0.0,0.0,0.0,0.0
2024-11-26 03:00:00,2024-11-26,4,0.0,0.0,0.0,0.0,0.0,0.0
2024-11-26 04:00:00,2024-11-26,5,0.0,0.0,0.0,0.0,0.0,0.0
2024-11-26 05:00:00,2024-11-26,6,0.0,0.0,0.0,0.0,0.0,0.0
2024-11-26 06:00:00,2024-11-26,7,0.0,5.971111111111111,2.7777777777777777,72.39322993103758,5.971111111111111,5.971111111111111
2024-11-26 07:00:00,2024-11-26,8,120.52506596306068,71.65333333333335,33.333333333333336,284.6231107291531,71.65333333333335,-48.87173262972733
2024-11-26 08:00:00,2024-11-26,9,489.18997361477574,65.68222222222222,30.555555555555557,477.2806962017617,65.68222222222222,-423.50775139255353
2024-11-26 09:00:00,2024-11-26,10,1049.2770448548813,179.13333333333333,83.33333333333333,620.646715347286,179.13333333333333,-870.143711521548
2024-11-26 10:00:00,2024-11-26,11,1510.1081794195252,364.2377777777778,169.44444444444446,701.9969542616111,364.2377777777778,-1145.8704016417473
2024-11-26 11:00:00,2024-11-26,12,1729.8891820580475,358.26666666666665,166.66666666666666,714.9709837379179,358.26666666666665,-1371.6225153913808
2024-11-26 12:00:00,2024-11-26,13,1680.2612137203166,1033.0022222222224,480.55555555555554,658.5872118683019,1033.0022222222224,-647.2589914980942
2024-11-26 13:00:00,2024-11-26,14,1049.2770448548813,626.9666666666667,291.6666666666667,537.1818125023099,626.9666666666667,-422.3103781882146
2024-11-26 14:00:00,2024-11-26,15,602.6253298153034,167.1911111111111,77.77777777777777,360.8308221851762,167.1911111111111,-435.4342187041923
2024-11-26 15:00:00,2024-11-26,16,411.2031662269129,125.39333333333335,58.333333333333336,149.51997911541147,125.39333333333335,-285.8098328935796
2024-11-26 16:00:00,2024-11-26,17,85.07651715039577,0.0,0.0,0.0,0.0,-85.07651715039577
2024-11-26 17:00:00,2024-11-26,18,7.089709762532982,0.0,0.0,0.0,0.0,-7.089709762532982
2024-11-26 18:00:00,2024-11-26,19,0.0,0.0,0.0,0.0,0.0,0.0
2024-11-26 19:00:00,2024-11-26,20,0.0,0.0,0.0,0.0,0.0,0.0
2024-11-26 20:00:00,2024-11-26,21,0.0,0.0,0.0,0.0,0.0,0.0
2024-11-26 21:00:00,2024-11-26,22,0.0,0.0,0.0,0.0,0.0,0.0
2024-11-26 22:00:00,2024-11-26,23,0.0,0.0,0.0,0.0,0.0,0.0
2024-11-26 23:00:00,2024-11-26,24,0.0,0.0,0.0,0.0,0.0,0.0
2024-11-27 00:00:00,2024-11-27,1,0.0,0.0,0.0,0.0,0.0,0.0
2024-11-27 01:00:00,2024-11-27,2,0.0,0.0,0.0,0.0,0.0,0.0
2024-11-27 02:00:00,2024-11-27,3,0.0,0.0,0.0,0.0,0.0,0.0
2024-11-27 03:00:00,2024-11-27,4,0.0,0.0,0.0,0.0,0.0,0.0
2024-11-27 04:00:00,2024-11-27,5,0.0,0.0,0.0,0.0,0.0,0.0
2024-11-27 05:00:00,2024-11-27,6,0.0,0.0,0.0,0.0,0.0,0.0
2024-11-27 06:00:00,2024-11-27,7,0.0,23.884444444444444,11.11111111111111,70.04821412762561,23.884444444444444,23.884444444444444
2024-11-27 07:00:00,2024-11-27,8,14.179419525065963,286.6133333333334,133.33333333333334,281.70157789405505,286.6133333333334,272.43391380826745
2024-11-27 08:00:00,2024-11-27,9,155.9736147757256,758.3311111111111,352.77777777777777,474.3691955695518,758.3311111111111,602.3574963353856
2024-11-27 09:00:00,2024-11-27,10,375.754617414248,1027.0311111111112,477.77777777777777,617.9106784175171,1027.0311111111112,651.2764936968631
2024-11-27 10:00:00,2024-11-27,11,638.0738786279684,1415.1533333333334,658.3333333333334,699.5481458030927,1415.1533333333334,777.079454705365
2024-11-27 11:00:00,2024-11-27,12,276.4986807387863,1480.8355555555559,688.8888888888889,712.892535319461,1480.8355555555559,1204.3368748167695
2024-11-27 12:00:00,2024-11-27,13,212.69129287598946,1498.7488888888886,697.2222222222222,656.9336582776862,1498.7488888888886,1286.057596012899
2024-11-27 13:00:00,2024-11-27,14,191.4221635883905,1265.8755555555556,588.8888888888889,535.9763141365493,1265.8755555555556,1074.453391967165
2024-11-27 14:00:00,2024-11-27,15,141.79419525065964,913.58,425.0,360.06266802680324,913.58,771.7858047493404
2024-11-27 15:00:00,2024-11-27,16,99.25593667546174,384.719966180722,178.97281642199573,149.14401368499645,384.719966180722,285.46402950526027
2024-11-27 16:00:00,2024-11-27,17,42.53825857519789,0.0,0.0,0.0,0.0,-42.53825857519789
2024-11-27 17:00:00,2024-11-27,18,0.0,0.0,0.0,0.0,0.0,0.0
2024-11-27 18:00:00,2024-11-27,19,0.0,0.0,0.0,0.0,0.0,0.0
2024-11-27 19:00:00,2024-11-27,20,0.0,0.0,0.0,0.0,0.0,0.0
2024-11-27 20:00:00,2024-11-27,21,0.0,0.0,0.0,0.0,0.0,0.0
2024-11-27 21:00:00,2024-11-27,22,0.0,0.0,0.0,0.0,0.0,0.0
2024-11-27 22:00:00,2024-11-27,23,0.0,0.0,0.0,0.0,0.0,0.0
2024-11-27 23:00:00,2024-11-27,24,0.0,0.0,0.0,0.0,0.0,0.0
2024-11-28 00:00:00,2024-11-28,1,0.0,0.0,0.0,0.0,0.0,0.0
2024-11-28 01:00:00,2024-11-28,2,0.0,0.0,0.0,0.0,0.0,0.0
2024-11-28 02:00:00,2024-11-28,3,0.0,0.0,0.0,0.0,0.0,0.0
2024-11-28 03:00:00,2024-11-28,4,0.0,0.0,0.0,0.0,0.0,0.0
2024-11-28 04:00:00,2024-11-28,5,0.0,0.0,0.0,0.0,0.0,0.0
2024-11-28 05:00:00,2024-11-28,6,0.0,0.0,0.0,0.0,0.0,0.0
2024-11-28 06:00:00,2024-11-28,7,0.0,29.85555555555556,13.88888888888889,67.73501347335014,29.85555555555556,29.85555555555556
2024-11-28 07:00:00,2024-11-28,8,35.44854881266491,292.58444444444444,136.11111111111111,278.8100099641674,292.58444444444444,257.13589563177953
2024-11-28 08:00:00,2024-11-28,9,106.34564643799473,531.428888888889,247.22222222222223,471.50109223717135,531.428888888889,425.08324245089426
2024-11-28 09:00:00,2024-11-28,10,255.22955145118735,1038.9733333333334,483.3333333333333,615.2331219706517,1038.9733333333334,783.743781882146
2024-11-28 10:00:00,2024-11-28,11,283.5883905013193,1056.8866666666668,491.6666666666667,697.172886355986,1056.8866666666668,773.2982761653475
2024-11-28 11:00:00,2024-11-28,12,319.0369393139842,901.637777777778,419.44444444444446,710.9015532125652,901.637777777778,582.6008384637937
2024-11-28 12:00:00,2024-11-28,13,524.6385224274406,1194.2222222222224,555.5555555555555,655.3792704255801,1194.2222222222224,669.5836997947818
2024-11-28 13:00:00,2024-11-28,14,269.40897097625333,1319.6155555555556,613.8888888888889,534.8783709738582,1319.6155555555556,1050.2065845793022
2024-11-28 14:00:00,2024-11-28,15,205.60158311345646,927.0937657617216,431.28664205513655,359.40553504594715,927.0937657617216,721.492182648265
2024-11-28 15:00:00,2024-11-28,16,212.69129287598946,384.01555472557766,178.64512222068183,148.87093518390154,384.01555472557766,171.3242618495882
2024-11-28 16:00:00,2024-11-28,17,127.61477572559367,0.0,0.0,0.0,0.0,-127.61477572559367
2024-11-28 17:00:00,2024-11-28,18,7.089709762532982,0.0,0.0,0.0,0.0,-7.089709762532982
2024-11-28 18:00:00,2024-11-28,19,0.0,0.0,0.0,0.0,0.0,0.0
2024-11-28 19:00:00,2024-11-28,20,0.0,0.0,0.0,0.0,0.0,0.0
2024-11-28 20:00:00,2024-11-28,21,0.0,0.0,0.0,0.0,0.0,0.0
2024-11-28 21:00:00,2024-11-28,22,0.0,0.0,0.0,0.0,0.0,0.0
2024-11-28 22:00:00,2024-11-28,23,0.0,0.0,0.0,0.0,0.0,0.0
2024-11-28 23:00:00,2024-11-28,24,0.0,0.0,0.0,0.0,0.0,0.0
2024-11-29 00:00:00,2024-11-29,1,0.0,0.0,0.0,0.0,0.0,0.0
2024-11-29 01:00:00,2024-11-29,2,0.0,0.0,0.0,0.0,0.0,0.0
2024-11-29 02:00:00,2024-11-29,3,0.0,0.0,0.0,0.0,0.0,0.0
2024-11-29 03:00:00,2024-11-29,4,0.0,0.0,0.0,0.0,0.0,0.0
2024-11-29 04:00:00,2024-11-29,5,0.0,0.0,0.0,0.0,0.0,0.0
2024-11-29 05:00:00,2024-11-29,6,0.0,0.0,0.0,0.0,0.0,0.0
2024-11-29 06:00:00,2024-11-29,7,21.269129287598943,23.884444444444444,11.11111111111111,65.45593199180695,23.884444444444444,2.615315156845501
2024-11-29 07:00:00,2024-11-29,8,191.4221635883905,274.67111111111114,127.77777777777777,275.95100437690616,274.67111111111114,83.24894752272064
2024-11-29 08:00:00,2024-11-29,9,255.22955145118735,758.3311111111111,352.77777777777777,468.67909638618,758.3311111111111,503.10155965992374
2024-11-29 09:00:00,2024-11-29,10,226.8707124010554,1080.7711111111112,502.77777777777777,612.6166653319541,1080.7711111111112,853.9003987100557
2024-11-29 10:00:00,2024-11-29,11,219.78100263852244,1218.1066666666666,566.6666666666666,694.8735476151744,1218.1066666666666,998.3256640281442
2024-11-29 11:00:00,2024-11-29,12,269.40897097625333,1480.8355555555559,688.8888888888889,709.0000342251315,1480.8355555555559,1211.4265845793025
2024-11-29 12:00:00,2024-11-29,13,290.67810026385223,1492.7777777777778,694.4444444444445,653.9255735661253,1492.7777777777778,1202.0996775139256
2024-11-29 13:00:00,2024-11-29,14,283.5883905013193,1301.7022222222222,605.5555555555555,533.8889752096353,1301.7022222222222,1018.1138317209029
2024-11-29 14:00:00,2024-11-29,15,304.85751978891824,925.6861894374875,430.63183356786726,358.85986130655607,925.6861894374875,620.8286696485693
2024-11-29 15:00:00,2024-11-29,16,219.78100263852244,383.57632139878723,178.4407896347168,148.70065802893066,383.57632139878723,163.7953187602648
2024-11-29 16:00:00,2024-11-29,17,56.71767810026385,0.0,0.0,0.0,0.0,-56.71767810026385
2024-11-29 17:00:00,2024-11-29,18,7.089709762532982,0.0,0.0,0.0,0.0,-7.089709762532982
2024-11-29 18:00:00,2024-11-29,19,0.0,0.0,0.0,0.0,0.0,0.0
2024-11-29 19:00:00,2024-11-29,20,0.0,0.0,0.0,0.0,0.0,0.0
2024-11-29 20:00:00,2024-11-29,21,0.0,0.0,0.0,0.0,0.0,0.0
2024-11-29 21:00:00,2024-11-29,22,0.0,0.0,0.0,0.0,0.0,0.0
2024-11-29 22:00:00,2024-11-29,23,0.0,0.0,0.0,0.0,0.0,0.0
2024-11-29 23:00:00,2024-11-29,24,0.0,0.0,0.0,0.0,0.0,0.0
2024-11-30 00:00:00,2024-11-30,1,0.0,0.0,0.0,0.0,0.0,0.0
2024-11-30 01:00:00,2024-11-30,2,0.0,0.0,0.0,0.0,0.0,0.0
2024-11-30 02:00:00,2024-11-30,3,0.0,0.0,0.0,0.0,0.0,0.0
2024-11-30 03:00:00,2024-11-30,4,0.0,0.0,0.0,0.0,0.0,0.0
2024-11-30 04:00:00,2024-11-30,5,0.0,0.0,0.0,0.0,0.0,0.0
2024-11-30 05:00:00,2024-11-30,6,0.0,0.0,0.0,0.0,0.0,0.0
2024-11-30 06:00:00,2024-11-30,7,7.089709762532982,41.797777777777775,19.444444444444443,63.21325008477957,41.797777777777775,34.70806801524479
2024-11-30 07:00:00,2024-11-30,8,77.9868073878628,352.2955555555556,163.88888888888889,273.1271793189958,352.2955555555556,274.3087481676928
2024-11-30 08:00:00,2024-11-30,9,163.06332453825857,776.2444444444444,361.1111111111111,465.9059222633352,776.2444444444444,613.1811199061858
2024-11-30 09:00:00,2024-11-30,10,184.33245382585753,1140.4822222222222,530.5555555555555,610.0639071454708,1140.4822222222222,956.1497683963646
2024-11-30 10:00:00,2024-11-30,11,134.70448548812666,1439.0377777777778,669.4444444444445,692.6524544789072,1439.0377777777778,1304.3332922896511
2024-11-30 11:00:00,2024-11-30,12,141.79419525065964,1462.9222222222224,680.5555555555555,707.1899036041696,1462.9222222222224,1321.1280269715628
2024-11-30 12:00:00,2024-11-30,13,248.13984168865437,1510.6911111111112,702.7777777777778,652.5740002089105,1510.6911111111112,1262.551269422457
2024-11-30 13:00:00,2024-11-30,14,233.9604221635884,1331.5577777777778,619.4444444444445,533.0090110914757,1331.5577777777778,1097.5973556141894
2024-11-30 14:00:00,2024-11-30,15,134.70448548812666,924.5669635314179,430.1111665107079,358.4259720922566,924.5669635314179,789.8624780432912
2024-11-30 15:00:00,2024-11-30,16,113.4353562005277,383.4018404969251,178.35962062566296,148.63301718805246,383.4018404969251,269.9664842963974
2024-11-30 16:00:00,2024-11-30,17,21.269129287598943,0.0,0.0,0.0,0.0,-21.269129287598943
2024-11-30 17:00:00,2024-11-30,18,0.0,0.0,0.0,0.0,0.0,0.0
2024-11-30 18:00:00,2024-11-30,19,0.0,0.0,0.0,0.0,0.0,0.0
2024-11-30 19:00:00,2024-11-30,20,0.0,0.0,0.0,0.0,0.0,0.0
2024-11-30 20:00:00,2024-11-30,21,0.0,0.0,0.0,0.0,0.0,0.0
2024-11-30 21:00:00,2024-11-30,22,0.0,0.0,0.0,0.0,0.0,0.0
2024-11-30 22:00:00,2024-11-30,23,0.0,0.0,0.0,0.0,0.0,0.0
2024-11-30 23:00:00,2024-11-30,24,0.0,0.0,0.0,0.0,0.0,0.0
2024-12-01 00:00:00,2024-12-01,1,0.0,0.0,0.0,0.0,0.0,0.0
2024-12-01 01:00:00,2024-12-01,2,0.0,0.0,0.0,0.0,0.0,0.0
2024-12-01 02:00:00,2024-12-01,3,0.0,0.0,0.0,0.0,0.0,0.0
2024-12-01 03:00:00,2024-12-01,4,0.0,0.0,0.0,0.0,0.0,0.0
2024-12-01 04:00:00,2024-12-01,5,0.0,0.0,0.0,0.0,0.0,0.0
2024-12-01 05:00:00,2024-12-01,6,0.0,0.0,0.0,0.0,0.0,0.0
2024-12-01 06:00:00,2024-12-01,7,0.0,35.826666666666675,16.666666666666668,61.00921830196446,35.826666666666675,35.826666666666675
2024-12-01 07:00:00,2024-12-01,8,0.0,179.13333333333333,83.33333333333333,270.3411743832501,179.13333333333333,179.13333333333333
2024-12-01 08:00:00,2024-12-01,9,0.0,382.1511111111111,177.77777777777777,463.1842886620767,382.1511111111111,382.1511111111111
2024-12-01 09:00:00,2024-12-01,10,0.0,1062.857777777778,494.44444444444446,607.5774255425532,1062.857777777778,1062.857777777778
2024-12-01 10:00:00,2024-12-01,11,0.0,1343.5,625.0,690.5118848279895,1343.5,1343.5
2024-12-01 11:00:00,2024-12-01,12,0.0,1462.9222222222224,680.5555555555555,705.4730145464414,1462.9222222222224,1462.9222222222224
2024-12-01 12:00:00,2024-12-01,13,0.0,1439.0377777777778,669.4444444444445,651.3258894766118,1439.0377777777778,1439.0377777777778
2024-12-01 13:00:00,2024-12-01,14,0.0,1259.9044444444446,586.1111111111111,532.239254186475,1259.9044444444446,1259.9044444444446
2024-12-01 14:00:00,2024-12-01,15,0.0,923.7366346099155,429.7248951478952,358.1040792899127,923.7366346099155,923.7366346099155
2024-12-01 15:00:00,2024-12-01,16,0.0,383.491479798816,178.40132108244137,148.66776756870115,383.491479798816,383.491479798816
2024-12-01 16:00:00,2024-12-01,17,0.0,0.0,0.0,0.0,0.0,0.0
2024-12-01 17:00:00,2024-12-01,18,0.0,0.0,0.0,0.0,0.0,0.0
2024-12-01 18:00:00,2024-12-01,19,0.0,0.0,0.0,0.0,0.0,0.0
2024-12-01 19:00:00,2024-12-01,20,0.0,0.0,0.0,0.0,0.0,0.0
2024-12-01 20:00:00,2024-12-01,21,0.0,0.0,0.0,0.0,0.0,0.0
2024-12-01 21:00:00,2024-12-01,22,0.0,0.0,0.0,0.0,0.0,0.0
2024-12-01 22:00:00,2024-12-01,23,0.0,0.0,0.0,0.0,0.0,0.0
2024-12-01 23:00:00,2024-12-01,24,0.0,0.0,0.0,0.0,0.0,0.0
2024-12-02 00:00:00,2024-12-02,1,0.0,0.0,0.0,0.0,0.0,0.0
2024-12-02 01:00:00,2024-12-02,2,0.0,0.0,0.0,0.0,0.0,0.0
2024-12-02 02:00:00,2024-12-02,3,0.0,0.0,0.0,0.0,0.0,0.0
2024-12-02 03:00:00,2024-12-02,4,0.0,0.0,0.0,0.0,0.0,0.0
2024-12-02 04:00:00,2024-12-02,5,0.0,0.0,0.0,0.0,0.0,0.0
2024-12-02 05:00:00,2024-12-02,6,0.0,0.0,0.0,0.0,0.0,0.0
2024-12-02 06:00:00,2024-12-02,7,0.0,29.85555555555556,13.88888888888889,58.84604998152668,29.85555555555556,29.85555555555556
2024-12-02 07:00:00,2024-12-02,8,28.358839050131927,322.44,150.0,267.5956501124177,322.44,294.0811609498681
2024-12-02 08:00:00,2024-12-02,9,191.4221635883905,758.3311111111111,352.77777777777777,460.5169187239797,758.3311111111111,566.9089475227206
2024-12-02 09:00:00,2024-12-02,10,262.3192612137203,1128.54,525.0,605.159777963982,1128.54,866.2207387862796
2024-12-02 10:00:00,2024-12-02,11,304.85751978891824,1319.6155555555556,613.8888888888889,688.4540695702138,1319.6155555555556,1014.7580357666374
2024-12-02 11:00:00,2024-12-02,12,411.2031662269129,1498.7488888888886,697.2222222222222,703.8511485713927,1498.7488888888886,1087.5457226619756
2024-12-02 12:00:00,2024-12-02,13,432.47229551451187,1456.9511111111112,677.7777777777778,650.1824879261109,1456.9511111111112,1024.4788155965994
2024-12-02 13:00:00,2024-12-02,14,333.21635883905014,1283.7888888888888,597.2222222222222,531.5803727515048,1283.7888888888888,950.5725300498386
2024-12-02 14:00:00,2024-12-02,15,333.21635883905014,923.1954615900192,429.4731399283677,357.89428327363976,923.1954615900192,589.9791027509691
2024-12-02 15:00:00,2024-12-02,16,212.69129287598946,383.84440495345507,178.5655028626047,148.80458571883725,383.84440495345507,171.1531120774656
2024-12-02 16:00:00,2024-12-02,17,35.44854881266491,0.0,0.0,0.0,0.0,-35.44854881266491
2024-12-02 17:00:00,2024-12-02,18,0.0,0.0,0.0,0.0,0.0,0.0
2024-12-02 18:00:00,2024-12-02,19,0.0,0.0,0.0,0.0,0.0,0.0
2024-12-02 19:00:00,2024-12-02,20,0.0,0.0,0.0,0.0,0.0,0.0
2024-12-02 20:00:00,2024-12-02,21,0.0,0.0,0.0,0.0,0.0,0.0
2024-12-02 21:00:00,2024-12-02,22,0.0,0.0,0.0,0.0,0.0,0.0
2024-12-02 22:00:00,2024-12-02,23,0.0,0.0,0.0,0.0,0.0,0.0
2024-12-02 23:00:00,2024-12-02,24,0.0,0.0,0.0,0.0,0.0,0.0
2024-12-03 00:00:00,2024-12-03,1,0.0,0.0,0.0,0.0,0.0,0.0
2024-12-03 01:00:00,2024-12-03,2,0.0,0.0,0.0,0.0,0.0,0.0
2024-12-03 02:00:00,2024-12-03,3,0.0,0.0,0.0,0.0,0.0,0.0
2024-12-03 03:00:00,2024-12-03,4,0.0,0.0,0.0,0.0,0.0,0.0
2024-12-03 04:00:00,2024-12-03,5,0.0,0.0,0.0,0.0,0.0,0.0
2024-12-03 05:00:00,2024-12-03,6,0.0,0.0,0.0,0.0,0.0,0.0
2024-12-03 06:00:00,2024-12-03,7,0.0,23.884444444444444,11.11111111111111,56.725910496103324,23.884444444444444,23.884444444444444
2024-12-03 07:00:00,2024-12-03,8,7.089709762532982,316.4688888888889,147.22222222222223,264.89328406529074,316.4688888888889,309.3791791263559
2024-12-03 08:00:00,2024-12-03,9,56.71767810026385,728.4755555555556,338.8888888888889,457.9065368135631,728.4755555555556,671.7578774552918
2024-12-03 09:00:00,2024-12-03,10,106.34564643799473,591.14,275.0,602.8134990773715,591.14,484.79435356200526
2024-12-03 10:00:00,2024-12-03,11,148.88390501319262,818.0422222222222,380.55555555555554,686.4811919430371,818.0422222222222,669.1583172090296
2024-12-03 11:00:00,2024-12-03,12,127.61477572559367,579.1977777777779,269.44444444444446,702.3260164716535,579.1977777777779,451.5830020521842
2024-12-03 12:00:00,2024-12-03,13,120.52506596306068,925.5222222222222,430.55555555555554,649.1449522709524,925.5222222222222,804.9971562591616
2024-12-03 13:00:00,2024-12-03,14,85.07651715039577,477.688888888889,222.22222222222223,531.0329322031736,477.688888888889,392.6123717384932
2024-12-03 14:00:00,2024-12-03,15,85.07651715039577,179.13333333333333,83.33333333333333,357.79657878838424,179.13333333333333,94.05681618293755
2024-12-03 15:00:00,2024-12-03,16,14.179419525065963,167.1911111111111,77.77777777777777,149.04307580264518,167.1911111111111,153.01169158604515
2024-12-03 16:00:00,2024-12-03,17,7.089709762532982,0.0,0.0,0.0,0.0,-7.089709762532982
2024-12-03 17:00:00,2024-12-03,18,0.0,0.0,0.0,0.0,0.0,0.0
2024-12-03 18:00:00,2024-12-03,19,0.0,0.0,0.0,0.0,0.0,0.0
2024-12-03 19:00:00,2024-12-03,20,0.0,0.0,0.0,0.0,0.0,0.0
2024-12-03 20:00:00,2024-12-03,21,0.0,0.0,0.0,0.0,0.0,0.0
2024-12-03 21:00:00,2024-12-03,22,0.0,0.0,0.0,0.0,0.0,0.0
2024-12-03 22:00:00,2024-12-03,23,0.0,0.0,0.0,0.0,0.0,0.0
2024-12-03 23:00:00,2024-12-03,24,0.0,0.0,0.0,0.0,0.0,0.0
2024-12-04 00:00:00,2024-12-04,1,0.0,0.0,0.0,0.0,0.0,0.0
2024-12-04 01:00:00,2024-12-04,2,0.0,0.0,0.0,0.0,0.0,0.0
2024-12-04 02:00:00,2024-12-04,3,0.0,0.0,0.0,0.0,0.0,0.0
2024-12-04 03:00:00,2024-12-04,4,0.0,0.0,0.0,0.0,0.0,0.0
2024-12-04 04:00:00,2024-12-04,5,0.0,0.0,0.0,0.0,0.0,0.0
2024-12-04 05:00:00,2024-12-04,6,0.0,0.0,0.0,0.0,0.0,0.0
2024-12-04 06:00:00,2024-12-04,7,0.0,17.913333333333338,8.333333333333334,54.650901733469546,17.913333333333338,17.913333333333338
2024-12-04 07:00:00,2024-12-04,8,92.16622691292876,214.96,100.0,262.2367612301332,214.96,122.79377308707124
2024-12-04 08:00:00,2024-12-04,9,361.57519788918205,352.2955555555556,163.88888888888889,455.3558605101623,352.2955555555556,-9.279642333626441
2024-12-04 09:00:00,2024-12-04,10,1042.1873350923483,1021.0600000000001,475.0,600.541095194321,1021.0600000000001,-21.12733509234829
2024-12-04 10:00:00,2024-12-04,11,1510.1081794195252,1403.2111111111112,652.7777777777778,684.5953849225978,1403.2111111111112,-106.89706830841396
2024-12-04 11:00:00,2024-12-04,12,1198.1609498680739,901.637777777778,419.44444444444446,700.8992591340793,901.637777777778,-296.52317209029593
2024-12-04 12:00:00,2024-12-04,13,1779.5171503957783,620.9955555555557,288.8888888888889,648.2143537512019,620.9955555555557,-1158.5215948402226
2024-12-04 13:00:00,2024-12-04,14,1779.5171503957783,537.4,250.0,530.5974028668539,537.4,-1242.1171503957785
2024-12-04 14:00:00,2024-12-04,15,1028.0079155672825,304.52666666666664,141.66666666666666,357.81086551274177,304.52666666666664,-723.4812489006158
2024-12-04 15:00:00,2024-12-04,16,382.844327176781,161.22,75.0,149.38278031372823,161.22,-221.624327176781
2024-12-04 16:00:00,2024-12-04,17,163.06332453825857,0.6943712030536592,0.3230234476431239,0.26918620636926993,0.6943712030536592,-162.3689533352049
2024-12-04 17:00:00,2024-12-04,18,21.269129287598943,0.0,0.0,0.0,0.0,-21.269129287598943
2024-12-04 18:00:00,2024-12-04,19,0.0,0.0,0.0,0.0,0.0,0.0
2024-12-04 19:00:00,2024-12-04,20,0.0,0.0,0.0,0.0,0.0,0.0
2024-12-04 20:00:00,2024-12-04,21,0.0,0.0,0.0,0.0,0.0,0.0
2024-12-04 21:00:00,2024-12-04,22,0.0,0.0,0.0,0.0,0.0,0.0
2024-12-04 22:00:00,2024-12-04,23,0.0,0.0,0.0,0.0,0.0,0.0
2024-12-04 23:00:00,2024-12-04,24,0.0,0.0,0.0,0.0,0.0,0.0
2024-12-05 00:00:00,2024-12-05,1,0.0,0.0,0.0,0.0,0.0,0.0
2024-12-05 01:00:00,2024-12-05,2,0.0,0.0,0.0,0.0,0.0,0.0
2024-12-05 02:00:00,2024-12-05,3,0.0,0.0,0.0,0.0,0.0,0.0
2024-12-05 03:00:00,2024-12-05,4,0.0,0.0,0.0,0.0,0.0,0.0
2024-12-05 04:00:00,2024-12-05,5,0.0,0.0,0.0,0.0,0.0,0.0
2024-12-05 05:00:00,2024-12-05,6,0.0,0.0,0.0,0.0,0.0,0.0
2024-12-05 06:00:00,2024-12-05,7,0.0,23.884444444444444,11.11111111111111,52.62304158147039,23.884444444444444,23.884444444444444
2024-12-05 07:00:00,2024-12-05,8,163.06332453825857,262.7288888888889,122.22222222222223,259.62875768441285,262.7288888888889,99.66556435063032
2024-12-05 08:00:00,2024-12-05,9,439.5620052770449,632.9377777777778,294.44444444444446,452.8675866870396,632.9377777777778,193.37577250073292
2024-12-05 09:00:00,2024-12-05,10,772.778364116095,782.2155555555556,363.8888888888889,598.3450340064804,782.2155555555556,9.437191439460662
2024-12-05 10:00:00,2024-12-05,11,1056.3667546174142,495.6022222222223,230.55555555555554,682.798725611276,495.6022222222223,-560.764532395192
2024-12-05 11:00:00,2024-12-05,12,1595.1846965699208,626.9666666666667,291.6666666666667,699.5724470868148,626.9666666666667,-968.2180299032541
2024-12-05 12:00:00,2024-12-05,13,1425.0316622691294,722.5044444444443,336.1111111111111,647.3916829936994,722.5044444444443,-702.5272178246851
2024-12-05 13:00:00,2024-12-05,14,645.1635883905013,704.5911111111112,327.77777777777777,530.2741698220863,704.5911111111112,59.427522720609886
2024-12-05 14:00:00,2024-12-05,15,475.0105540897098,746.3888888888889,347.22222222222223,357.9369619805278,746.3888888888889,271.37833479917913
2024-12-05 15:00:00,2024-12-05,16,248.13984168865437,386.47192746112825,179.78783376494613,149.82319480412178,386.47192746112825,138.33208577247387
2024-12-05 16:00:00,2024-12-05,17,99.25593667546174,0.7592839044462643,0.35322101993220334,0.2943508499435028,0.7592839044462643,-98.49665277101548
2024-12-05 17:00:00,2024-12-05,18,7.089709762532982,0.0,0.0,0.0,0.0,-7.089709762532982
2024-12-05 18:00:00,2024-12-05,19,0.0,0.0,0.0,0.0,0.0,0.0
2024-12-05 19:00:00,2024-12-05,20,0.0,0.0,0.0,0.0,0.0,0.0
2024-12-05 20:00:00,2024-12-05,21,0.0,0.0,0.0,0.0,0.0,0.0
2024-12-05 21:00:00,2024-12-05,22,0.0,0.0,0.0,0.0,0.0,0.0
2024-12-05 22:00:00,2024-12-05,23,0.0,0.0,0.0,0.0,0.0,0.0
2024-12-05 23:00:00,2024-12-05,24,0.0,0.0,0.0,0.0,0.0,0.0
2024-12-06 00:00:00,2024-12-06,1,0.0,0.0,0.0,0.0,0.0,0.0
2024-12-06 01:00:00,2024-12-06,2,0.0,0.0,0.0,0.0,0.0,0.0
2024-12-06 02:00:00,2024-12-06,3,0.0,0.0,0.0,0.0,0.0,0.0
2024-12-06 03:00:00,2024-12-06,4,0.0,0.0,0.0,0.0,0.0,0.0
2024-12-06 04:00:00,2024-12-06,5,0.0,0.0,0.0,0.0,0.0,0.0
2024-12-06 05:00:00,2024-12-06,6,0.0,0.0,0.0,0.0,0.0,0.0
2024-12-06 06:00:00,2024-12-06,7,0.0,23.884444444444444,11.11111111111111,50.64423927077744,23.884444444444444,23.884444444444444
2024-12-06 07:00:00,2024-12-06,8,14.179419525065963,304.52666666666664,141.66666666666666,257.07191805759567,304.52666666666664,290.3472471416007
2024-12-06 08:00:00,2024-12-06,9,56.71767810026385,704.5911111111112,327.77777777777777,450.44437173123464,704.5911111111112,647.8734330108474
2024-12-06 09:00:00,2024-12-06,10,113.4353562005277,1086.7422222222222,505.55555555555554,596.227729420072,1086.7422222222222,973.3068660216944
2024-12-06 10:00:00,2024-12-06,11,319.0369393139842,1337.5288888888888,622.2222222222222,681.0932258608648,1337.5288888888888,1018.4919495749045
2024-12-06 11:00:00,2024-12-06,12,538.8179419525067,1385.2977777777778,644.4444444444445,698.3470775991407,1385.2977777777778,846.4798358252712
2024-12-06 12:00:00,2024-12-06,13,914.5725593667546,1349.4711111111112,627.7777777777778,646.6778537250674,1349.4711111111112,434.8985517443566
2024-12-06 13:00:00,2024-12-06,14,552.9973614775726,1301.7022222222222,605.5555555555555,530.0635429013066,1301.7022222222222,748.7048607446496
2024-12-06 14:00:00,2024-12-06,15,205.60158311345646,764.3022222222222,355.55555555555554,358.1746206602591,764.3022222222222,558.7006391087657
2024-12-06 15:00:00,2024-12-06,16,127.61477572559367,232.87333333333333,108.33333333333333,150.363784261112,232.87333333333333,105.25855760773966
2024-12-06 16:00:00,2024-12-06,17,49.62796833773087,0.8393777001971086,0.39048088025544686,0.32540073354620574,0.8393777001971086,-48.78859063753376
2024-12-06 17:00:00,2024-12-06,18,7.089709762532982,0.0,0.0,0.0,0.0,-7.089709762532982
2024-12-06 18:00:00,2024-12-06,19,0.0,0.0,0.0,0.0,0.0,0.0
2024-12-06 19:00:00,2024-12-06,20,0.0,0.0,0.0,0.0,0.0,0.0
2024-12-06 20:00:00,2024-12-06,21,0.0,0.0,0.0,0.0,0.0,0.0
2024-12-06 21:00:00,2024-12-06,22,0.0,0.0,0.0,0.0,0.0,0.0
2024-12-06 22:00:00,2024-12-06,23,0.0,0.0,0.0,0.0,0.0,0.0
2024-12-06 23:00:00,2024-12-06,24,0.0,0.0,0.0,0.0,0.0,0.0
2024-12-07 00:00:00,2024-12-07,1,0.0,0.0,0.0,0.0,0.0,0.0
2024-12-07 01:00:00,2024-12-07,2,0.0,0.0,0.0,0.0,0.0,0.0
2024-12-07 02:00:00,2024-12-07,3,0.0,0.0,0.0,0.0,0.0,0.0
2024-12-07 03:00:00,2024-12-07,4,0.0,0.0,0.0,0.0,0.0,0.0
2024-12-07 04:00:00,2024-12-07,5,0.0,0.0,0.0,0.0,0.0,0.0
2024-12-07 05:00:00,2024-12-07,6,0.0,0.0,0.0,0.0,0.0,0.0
2024-12-07 06:00:00,2024-12-07,7,0.0,5.971111111111111,2.7777777777777777,48.71626881086662,5.971111111111111,5.971111111111111
2024-12-07 07:00:00,2024-12-07,8,14.179419525065963,53.74,25.0,254.5688285815209,53.74,39.56058047493404
2024-12-07 08:00:00,2024-12-07,9,28.358839050131927,298.5555555555556,138.88888888888889,448.08880725539524,298.5555555555556,270.1967165054237
2024-12-07 09:00:00,2024-12-07,10,56.71767810026385,220.9311111111111,102.77777777777777,594.1915222672382,220.9311111111111,164.21343301084727
2024-12-07 10:00:00,2024-12-07,11,113.4353562005277,591.14,275.0,679.4808192847136,591.14,477.70464379947225
2024-12-07 11:00:00,2024-12-07,12,241.05013192612137,668.7644444444444,311.1111111111111,697.2245687527774,668.7644444444444,427.714312518323
2024-12-07 12:00:00,2024-12-07,13,375.754617414248,567.2555555555556,263.8888888888889,646.0737041334024,567.2555555555556,191.50093814130759
2024-12-07 13:00:00,2024-12-07,14,177.24274406332455,232.87333333333333,108.33333333333333,529.9657649086581,232.87333333333333,55.630589270008784
2024-12-07 14:00:00,2024-12-07,15,92.16622691292876,143.3066666666667,66.66666666666667,358.52354198295757,143.3066666666667,51.14043975373794
2024-12-07 15:00:00,2024-12-07,16,49.62796833773087,65.68222222222222,30.555555555555557,151.00399876266923,65.68222222222222,16.054253884491352
2024-12-07 16:00:00,2024-12-07,17,7.089709762532982,0.9367872242908827,0.43579606638020224,0.36316338865016856,0.9367872242908827,-6.152922538242099
2024-12-07 17:00:00,2024-12-07,18,0.0,0.0,0.0,0.0,0.0,0.0
2024-12-07 18:00:00,2024-12-07,19,0.0,0.0,0.0,0.0,0.0,0.0
2024-12-07 19:00:00,2024-12-07,20,0.0,0.0,0.0,0.0,0.0,0.0
2024-12-07 20:00:00,2024-12-07,21,0.0,0.0,0.0,0.0,0.0,0.0
2024-12-07 21:00:00,2024-12-07,22,0.0,0.0,0.0,0.0,0.0,0.0
2024-12-07 22:00:00,2024-12-07,23,0.0,0.0,0.0,0.0,0.0,0.0
2024-12-07 23:00:00,2024-12-07,24,0.0,0.0,0.0,0.0,0.0,0.0
2024-12-08 00:00:00,2024-12-08,1,0.0,0.0,0.0,0.0,0.0,0.0
2024-12-08 01:00:00,2024-12-08,2,0.0,0.0,0.0,0.0,0.0,0.0
2024-12-08 02:00:00,2024-12-08,3,0.0,0.0,0.0,0.0,0.0,0.0
2024-12-08 03:00:00,2024-12-08,4,0.0,0.0,0.0,0.0,0.0,0.0
2024-12-08 04:00:00,2024-12-08,5,0.0,0.0,0.0,0.0,0.0,0.0
2024-12-08 05:00:00,2024-12-08,6,0.0,0.0,0.0,0.0,0.0,0.0
2024-12-08 06:00:00,2024-12-08,7,0.0,0.0,0.0,46.84074313539108,0.0,0.0
2024-12-08 07:00:00,2024-12-08,8,0.0,29.85555555555556,13.88888888888889,252.12198849337258,29.85555555555556,29.85555555555556
2024-12-08 08:00:00,2024-12-08,9,7.089709762532982,89.56666666666666,41.666666666666664,445.80339385388146,89.56666666666666,82.47695690413369
2024-12-08 09:00:00,2024-12-08,10,49.62796833773087,113.45111111111113,52.77777777777778,592.2386586628252,113.45111111111113,63.82314277338026
2024-12-08 10:00:00,2024-12-08,11,63.80738786279684,191.07555555555555,88.88888888888889,677.9633456952248,191.07555555555555,127.26816769275871
2024-12-08 11:00:00,2024-12-08,12,85.07651715039577,161.22,75.0,696.2062507501432,161.22,76.14348284960423
2024-12-08 12:00:00,2024-12-08,13,141.79419525065964,149.2777777777778,69.44444444444444,645.5799952759542,149.2777777777778,7.483582527118159
2024-12-08 13:00:00,2024-12-08,14,212.69129287598946,137.33555555555557,63.888888888888886,529.9810168118041,137.33555555555557,-75.35573732043389
2024-12-08 14:00:00,2024-12-08,15,127.61477572559367,113.45111111111113,52.77777777777778,358.98338518825676,113.45111111111113,-14.163664614482542
2024-12-08 15:00:00,2024-12-08,16,63.80738786279684,65.68222222222222,30.555555555555557,151.7432863229544,65.68222222222222,1.8748343594253853
2024-12-08 16:00:00,2024-12-08,17,14.179419525065963,1.0540598080211077,0.4903516040291718,0.4086263366909765,1.0540598080211077,-13.125359717044855
2024-12-08 17:00:00,2024-12-08,18,0.0,0.0,0.0,0.0,0.0,0.0
2024-12-08 18:00:00,2024-12-08,19,0.0,0.0,0.0,0.0,0.0,0.0
2024-12-08 19:00:00,2024-12-08,20,0.0,0.0,0.0,0.0,0.0,0.0
2024-12-08 20:00:00,2024-12-08,21,0.0,0.0,0.0,0.0,0.0,0.0
2024-12-08 21:00:00,2024-12-08,22,0.0,0.0,0.0,0.0,0.0,0.0
2024-12-08 22:00:00,2024-12-08,23,0.0,0.0,0.0,0.0,0.0,0.0
2024-12-08 23:00:00,2024-12-08,24,0.0,0.0,0.0,0.0,0.0,0.0
2024-12-09 00:00:00,2024-12-09,1,0.0,0.0,0.0,0.0,0.0,0.0
2024-12-09 01:00:00,2024-12-09,2,0.0,0.0,0.0,0.0,0.0,0.0
2024-12-09 02:00:00,2024-12-09,3,0.0,0.0,0.0,0.0,0.0,0.0
2024-12-09 03:00:00,2024-12-09,4,0.0,0.0,0.0,0.0,0.0,0.0
2024-12-09 04:00:00,2024-12-09,5,0.0,0.0,0.0,0.0,0.0,0.0
2024-12-09 05:00:00,2024-12-09,6,0.0,0.0,0.0,0.0,0.0,0.0
2024-12-09 06:00:00,2024-12-09,7,0.0,17.913333333333338,8.333333333333334,45.01909181837735,17.913333333333338,17.913333333333338
2024-12-09 07:00:00,2024-12-09,8,14.179419525065963,143.3066666666667,66.66666666666667,249.7337834654052,143.3066666666667,129.12724714160075
2024-12-09 08:00:00,2024-12-09,9,155.9736147757256,358.26666666666665,166.66666666666666,443.59051598645107,358.26666666666665,202.29305189094106
2024-12-09 09:00:00,2024-12-09,10,375.754617414248,776.2444444444444,361.1111111111111,590.371268720022,776.2444444444444,400.4898270301964
2024-12-09 10:00:00,2024-12-09,11,638.0738786279684,1092.7133333333334,508.3333333333333,676.5425348601792,1092.7133333333334,454.639454705365
2024-12-09 11:00:00,2024-12-09,12,276.4986807387863,1021.0600000000001,475.0,695.2933554543421,1021.0600000000001,744.5613192612138
2024-12-09 12:00:00,2024-12-09,13,212.69129287598946,674.7355555555556,313.8888888888889,645.1974066673132,674.7355555555556,462.04426267956615
2024-12-09 13:00:00,2024-12-09,14,191.4221635883905,764.3022222222222,355.55555555555554,530.1094191861825,764.3022222222222,572.8800586338317
2024-12-09 14:00:00,2024-12-09,15,141.79419525065964,412.0066666666667,191.66666666666666,359.55377473469207,412.0066666666667,270.2124714160071
2024-12-09 15:00:00,2024-12-09,16,99.25593667546174,298.5555555555556,138.88888888888889,152.5811009249876,298.5555555555556,199.29961888009387
2024-12-09 16:00:00,2024-12-09,17,42.53825857519789,1.1941966967089837,0.5555436810145997,0.46295306751216647,1.1941966967089837,-41.3440618784889
2024-12-09 17:00:00,2024-12-09,18,0.0,0.0,0.0,0.0,0.0,0.0
2024-12-09 18:00:00,2024-12-09,19,0.0,0.0,0.0,0.0,0.0,0.0
2024-12-09 19:00:00,2024-12-09,20,0.0,0.0,0.0,0.0,0.0,0.0
2024-12-09 20:00:00,2024-12-09,21,0.0,0.0,0.0,0.0,0.0,0.0
2024-12-09 21:00:00,2024-12-09,22,0.0,0.0,0.0,0.0,0.0,0.0
2024-12-09 22:00:00,2024-12-09,23,0.0,0.0,0.0,0.0,0.0,0.0
2024-12-09 23:00:00,2024-12-09,24,0.0,0.0,0.0,0.0,0.0,0.0
2024-12-10 00:00:00,2024-12-10,1,0.0,0.0,0.0,0.0,0.0,0.0
2024-12-10 01:00:00,2024-12-10,2,0.0,0.0,0.0,0.0,0.0,0.0
2024-12-10 02:00:00,2024-12-10,3,0.0,0.0,0.0,0.0,0.0,0.0
2024-12-10 03:00:00,2024-12-10,4,0.0,0.0,0.0,0.0,0.0,0.0
2024-12-10 04:00:00,2024-12-10,5,0.0,0.0,0.0,0.0,0.0,0.0
2024-12-10 05:00:00,2024-12-10,6,0.0,0.0,0.0,0.0,0.0,0.0
2024-12-10 06:00:00,2024-12-10,7,0.0,23.884444444444444,11.11111111111111,43.25254575126245,23.884444444444444,23.884444444444444
2024-12-10 07:00:00,2024-12-10,8,70.89709762532982,161.22,75.0,247.40646531763264,161.22,90.32290237467018
2024-12-10 08:00:00,2024-12-10,9,333.21635883905014,447.83333333333337,208.33333333333334,441.4524222299911,447.83333333333337,114.61697449428323
2024-12-10 09:00:00,2024-12-10,10,1006.7387862796834,626.9666666666667,291.6666666666667,588.5913491515448,626.9666666666667,-379.7721196130167
2024-12-10 10:00:00,2024-12-10,11,1751.1583113456466,668.7644444444444,311.1111111111111,675.2199924013906,668.7644444444444,-1082.3938669012023
2024-12-10 11:00:00,2024-12-10,12,1949.67018469657,770.2733333333334,358.3333333333333,694.4870061200409,770.2733333333334,-1179.3968513632367
2024-12-10 12:00:00,2024-12-10,13,1985.118733509235,764.3022222222222,355.55555555555554,644.9265300427143,764.3022222222222,-1220.8165112870129
2024-12-10 13:00:00,2024-12-10,14,900.3931398416887,1009.1177777777779,469.44444444444446,530.3510298163302,1009.1177777777779,108.72463793608915
2024-12-10 14:00:00,2024-12-10,15,765.688654353562,376.18000000000006,175.0,360.23430128323304,376.18000000000006,-389.50865435356195
2024-12-10 15:00:00,2024-12-10,16,475.0105540897098,238.8444444444445,111.11111111111111,153.51690436864558,238.8444444444445,-236.1661096452653
2024-12-10 16:00:00,2024-12-10,17,163.06332453825857,1.3606961259076107,0.6329996864103139,0.5274997386752616,1.3606961259076107,-161.70262841235095
2024-12-10 17:00:00,2024-12-10,18,14.179419525065963,0.0,0.0,0.0,0.0,-14.179419525065963
2024-12-10 18:00:00,2024-12-10,19,0.0,0.0,0.0,0.0,0.0,0.0
2024-12-10 19:00:00,2024-12-10,20,0.0,0.0,0.0,0.0,0.0,0.0
2024-12-10 20:00:00,2024-12-10,21,0.0,0.0,0.0,0.0,0.0,0.0
2024-12-10 21:00:00,2024-12-10,22,0.0,0.0,0.0,0.0,0.0,0.0
2024-12-10 22:00:00,2024-12-10,23,0.0,0.0,0.0,0.0,0.0,0.0
2024-12-10 23:00:00,2024-12-10,24,0.0,0.0,0.0,0.0,0.0,0.0
2024-12-11 00:00:00,2024-12-11,1,0.0,0.0,0.0,0.0,0.0,0.0
2024-12-11 01:00:00,2024-12-11,2,0.0,0.0,0.0,0.0,0.0,0.0
2024-12-11 02:00:00,2024-12-11,3,0.0,0.0,0.0,0.0,0.0,0.0
2024-12-11 03:00:00,2024-12-11,4,0.0,0.0,0.0,0.0,0.0,0.0
2024-12-11 04:00:00,2024-12-11,5,0.0,0.0,0.0,0.0,0.0,0.0
2024-12-11 05:00:00,2024-12-11,6,0.0,0.0,0.0,0.0,0.0,0.0
2024-12-11 06:00:00,2024-12-11,7,7.089709762532982,23.884444444444444,11.11111111111111,41.54213160815438,23.884444444444444,16.794734681911464
2024-12-11 07:00:00,2024-12-11,8,155.9736147757256,310.49777777777786,144.44444444444446,245.14214288493912,310.49777777777786,154.52416300205226
2024-12-11 08:00:00,2024-12-11,9,609.7150395778365,501.5733333333334,233.33333333333334,439.39121574752204,501.5733333333334,-108.1417062445031
2024-12-11 09:00:00,2024-12-11,10,1198.1609498680739,782.2155555555556,363.8888888888889,586.9007542114718,782.2155555555556,-415.94539431251826
2024-12-11 10:00:00,2024-12-11,11,1673.1715039577837,859.84,400.0,673.9971916818931,859.84,-813.3315039577836
2024-12-11 11:00:00,2024-12-11,12,1885.862796833773,776.2444444444444,361.1111111111111,693.7882104141667,776.2444444444444,-1109.6183523893287
2024-12-11 12:00:00,2024-12-11,13,1850.4142480211083,704.5911111111112,327.77777777777777,644.7678635722979,704.5911111111112,-1145.8231369099972
2024-12-11 13:00:00,2024-12-11,14,1701.5303430079157,232.87333333333333,108.33333333333333,530.7058391320802,232.87333333333333,-1468.6570096745822
2024-12-11 14:00:00,2024-12-11,15,1375.4036939313985,220.9311111111111,102.77777777777777,361.02451800399973,220.9311111111111,-1154.4725828202875
2024-12-11 15:00:00,2024-12-11,16,893.3034300791556,71.65333333333335,33.333333333333336,154.55016199304436,71.65333333333335,-821.6500967458223
2024-12-11 16:00:00,2024-12-11,17,311.9472295514512,1.5575963499373036,0.7245982275480571,0.6038318562900477,1.5575963499373036,-310.3896332015139
2024-12-11 17:00:00,2024-12-11,18,21.269129287598943,0.0,0.0,0.0,0.0,-21.269129287598943
2024-12-11 18:00:00,2024-12-11,19,0.0,0.0,0.0,0.0,0.0,0.0
2024-12-11 19:00:00,2024-12-11,20,0.0,0.0,0.0,0.0,0.0,0.0
2024-12-11 20:00:00,2024-12-11,21,0.0,0.0,0.0,0.0,0.0,0.0
2024-12-11 21:00:00,2024-12-11,22,0.0,0.0,0.0,0.0,0.0,0.0
2024-12-11 22:00:00,2024-12-11,23,0.0,0.0,0.0,0.0,0.0,0.0
2024-12-11 23:00:00,2024-12-11,24,0.0,0.0,0.0,0.0,0.0,0.0
2024-12-12 00:00:00,2024-12-12,1,0.0,0.0,0.0,0.0,0.0,0.0
2024-12-12 01:00:00,2024-12-12,2,0.0,0.0,0.0,0.0,0.0,0.0
2024-12-12 02:00:00,2024-12-12,3,0.0,0.0,0.0,0.0,0.0,0.0
2024-12-12 03:00:00,2024-12-12,4,0.0,0.0,0.0,0.0,0.0,0.0
2024-12-12 04:00:00,2024-12-12,5,0.0,0.0,0.0,0.0,0.0,0.0
2024-12-12 05:00:00,2024-12-12,6,0.0,0.0,0.0,0.0,0.0,0.0
2024-12-12 06:00:00,2024-12-12,7,7.089709762532982,5.971111111111111,2.7777777777777777,39.88867807566568,5.971111111111111,-1.1185986514218706
2024-12-12 07:00:00,2024-12-12,8,127.61477572559367,83.59555555555555,38.888888888888886,242.94278777706668,83.59555555555555,-44.019220170038125
2024-12-12 08:00:00,2024-12-12,9,340.3060686015831,143.3066666666667,66.66666666666667,437.408858827539,143.3066666666667,-196.9994019349164
2024-12-12 09:00:00,2024-12-12,10,375.754617414248,250.7866666666667,116.66666666666667,585.3011990618106,250.7866666666667,-124.96795074758131
2024-12-12 10:00:00,2024-12-12,11,552.9973614775726,286.6133333333334,133.33333333333334,672.8754756579482,286.6133333333334,-266.38402814423915
2024-12-12 11:00:00,2024-12-12,12,652.2532981530343,388.1222222222222,180.55555555555554,693.197860528781,388.1222222222222,-264.1310759308121
2024-12-12 12:00:00,2024-12-12,13,786.957783641161,388.1222222222222,180.55555555555554,644.7218101031517,388.1222222222222,-398.83556141893877
2024-12-12 13:00:00,2024-12-12,14,503.3693931398417,364.2377777777778,169.44444444444446,531.1737664978397,364.2377777777778,-139.13161536206388
2024-12-12 14:00:00,2024-12-12,15,304.85751978891824,161.22,75.0,361.92393503601284,161.22,-143.63751978891824
2024-12-12 15:00:00,2024-12-12,16,248.13984168865437,107.48,50.0,155.68033432798651,107.48,-140.65984168865435
2024-12-12 16:00:00,2024-12-12,17,77.9868073878628,1.7895166045555646,0.8324881859674192,0.6937401549728494,1.7895166045555646,-76.19729078330724
2024-12-12 17:00:00,2024-12-12,18,7.089709762532982,0.0,0.0,0.0,0.0,-7.089709762532982
2024-12-12 18:00:00,2024-12-12,19,0.0,0.0,0.0,0.0,0.0,0.0
2024-12-12 19:00:00,2024-12-12,20,0.0,0.0,0.0,0.0,0.0,0.0
2024-12-12 20:00:00,2024-12-12,21,0.0,0.0,0.0,0.0,0.0,0.0
2024-12-12 21:00:00,2024-12-12,22,0.0,0.0,0.0,0.0,0.0,0.0
2024-12-12 22:00:00,2024-12-12,23,0.0,0.0,0.0,0.0,0.0,0.0
2024-12-12 23:00:00,2024-12-12,24,0.0,0.0,0.0,0.0,0.0,0.0
2024-12-13 00:00:00,2024-12-13,1,0.0,0.0,0.0,0.0,0.0,0.0
2024-12-13 01:00:00,2024-12-13,2,0.0,0.0,0.0,0.0,0.0,0.0
2024-12-13 02:00:00,2024-12-13,3,0.0,0.0,0.0,0.0,0.0,0.0
2024-12-13 03:00:00,2024-12-13,4,0.0,0.0,0.0,0.0,0.0,0.0
2024-12-13 04:00:00,2024-12-13,5,0.0,0.0,0.0,0.0,0.0,0.0
2024-12-13 05:00:00,2024-12-13,6,0.0,0.0,0.0,0.0,0.0,0.0
2024-12-13 06:00:00,2024-12-13,7,0.0,5.971111111111111,2.7777777777777777,38.29283310122565,5.971111111111111,5.971111111111111
2024-12-13 07:00:00,2024-12-13,8,21.269129287598943,65.68222222222222,30.555555555555557,240.8102556449798,65.68222222222222,44.41309293462328
2024-12-13 08:00:00,2024-12-13,9,63.80738786279684,292.58444444444444,136.11111111111111,435.5071928886226,292.58444444444444,228.7770565816476
2024-12-13 09:00:00,2024-12-13,10,191.4221635883905,238.8444444444445,111.11111111111111,583.7942771975457,238.8444444444445,47.42228085605399
2024-12-13 10:00:00,2024-12-13,11,198.51187335092348,125.39333333333335,58.333333333333336,671.8560708566015,125.39333333333335,-73.11854001759013
2024-12-13 11:00:00,2024-12-13,12,212.69129287598946,89.56666666666666,41.666666666666664,692.7167430338702,89.56666666666666,-123.1246262093228
2024-12-13 12:00:00,2024-12-13,13,198.51187335092348,208.98888888888888,97.22222222222223,644.7886824752701,208.98888888888888,10.4770155379654
2024-12-13 13:00:00,2024-12-13,14,432.47229551451187,101.50888888888889,47.22222222222222,531.7546608953631,101.50888888888889,-330.96340662562295
2024-12-13 14:00:00,2024-12-13,15,354.4854881266491,71.65333333333335,33.333333333333336,362.9320156913901,71.65333333333335,-282.83215479331574
2024-12-13 15:00:00,2024-12-13,16,233.9604221635884,83.59555555555555,38.888888888888886,156.90686831769023,83.59555555555555,-150.36486660803286
2024-12-13 16:00:00,2024-12-13,17,63.80738786279684,2.0616939350696155,0.9591058499579528,0.7992548749649607,2.0616939350696155,-61.745693927727224
2024-12-13 17:00:00,2024-12-13,18,0.0,0.0,0.0,0.0,0.0,0.0
2024-12-13 18:00:00,2024-12-13,19,0.0,0.0,0.0,0.0,0.0,0.0
2024-12-13 19:00:00,2024-12-13,20,0.0,0.0,0.0,0.0,0.0,0.0
2024-12-13 20:00:00,2024-12-13,21,0.0,0.0,0.0,0.0,0.0,0.0
2024-12-13 21:00:00,2024-12-13,22,0.0,0.0,0.0,0.0,0.0,0.0
2024-12-13 22:00:00,2024-12-13,23,0.0,0.0,0.0,0.0,0.0,0.0
2024-12-13 23:00:00,2024-12-13,24,0.0,0.0,0.0,0.0,0.0,0.0
2024-12-14 00:00:00,2024-12-14,1,0.0,0.0,0.0,0.0,0.0,0.0
2024-12-14 01:00:00,2024-12-14,2,0.0,0.0,0.0,0.0,0.0,0.0
2024-12-14 02:00:00,2024-12-14,3,0.0,0.0,0.0,0.0,0.0,0.0
2024-12-14 03:00:00,2024-12-14,4,0.0,0.0,0.0,0.0,0.0,0.0
2024-12-14 04:00:00,2024-12-14,5,0.0,0.0,0.0,0.0,0.0,0.0
2024-12-14 05:00:00,2024-12-14,6,0.0,0.0,0.0,0.0,0.0,0.0
2024-12-14 06:00:00,2024-12-14,7,7.089709762532982,0.0,0.0,36.75508827342512,0.0,-7.089709762532982
2024-12-14 07:00:00,2024-12-14,8,85.07651715039577,11.942222222222222,5.555555555555555,238.7463188442268,11.942222222222222,-73.13429492817355
2024-12-14 08:00:00,2024-12-14,9,347.3957783641161,29.85555555555556,13.88888888888889,433.68797005354946,29.85555555555556,-317.54022280856054
2024-12-14 09:00:00,2024-12-14,10,1035.0976253298154,71.65333333333335,33.333333333333336,582.3814889219526,71.65333333333335,-963.4442919964821
2024-12-14 10:00:00,2024-12-14,11,1205.2506596306068,101.50888888888889,47.22222222222222,670.9401113730192,101.50888888888889,-1103.741770741718
2024-12-14 11:00:00,2024-12-14,12,1531.377308707124,119.42222222222225,55.55555555555556,692.3455573741439,119.42222222222225,-1411.9550864849018
2024-12-14 12:00:00,2024-12-14,13,1191.071240105541,83.59555555555555,38.888888888888886,644.9687159092164,83.59555555555555,-1107.4756845499853
2024-12-14 13:00:00,2024-12-14,14,1098.9050131926122,71.65333333333335,33.333333333333336,532.4483070503153,71.65333333333335,-1027.2516798592787
2024-12-14 14:00:00,2024-12-14,15,560.0870712401055,53.74,25.0,364.0481763725867,53.74,-506.3470712401055
2024-12-14 15:00:00,2024-12-14,16,418.2928759894459,35.826666666666675,16.666666666666668,158.2291905243547,35.826666666666675,-382.46620932277926
2024-12-14 16:00:00,2024-12-14,17,170.15303430079155,2.3800137032998774,1.1071891064848705,0.9226575887373921,2.3800137032998774,-167.77302059749167
2024-12-14 17:00:00,2024-12-14,18,21.269129287598943,0.0,0.0,0.0,0.0,-21.269129287598943
2024-12-14 18:00:00,2024-12-14,19,0.0,0.0,0.0,0.0,0.0,0.0
2024-12-14 19:00:00,2024-12-14,20,0.0,0.0,0.0,0.0,0.0,0.0
2024-12-14 20:00:00,2024-12-14,21,0.0,0.0,0.0,0.0,0.0,0.0
2024-12-14 21:00:00,2024-12-14,22,0.0,0.0,0.0,0.0,0.0,0.0
2024-12-14 22:00:00,2024-12-14,23,0.0,0.0,0.0,0.0,0.0,0.0
2024-12-14 23:00:00,2024-12-14,24,0.0,0.0,0.0,0.0,0.0,0.0
2024-12-15 00:00:00,2024-12-15,1,0.0,0.0,0.0,0.0,0.0,0.0
2024-12-15 01:00:00,2024-12-15,2,0.0,0.0,0.0,0.0,0.0,0.0
2024-12-15 02:00:00,2024-12-15,3,0.0,0.0,0.0,0.0,0.0,0.0
2024-12-15 03:00:00,2024-12-15,4,0.0,0.0,0.0,0.0,0.0,0.0
2024-12-15 04:00:00,2024-12-15,5,0.0,0.0,0.0,0.0,0.0,0.0
2024-12-15 05:00:00,2024-12-15,6,0.0,0.0,0.0,0.0,0.0,0.0
2024-12-15 06:00:00,2024-12-15,7,14.179419525065963,0.0,0.0,35.27580447928041,0.0,-14.179419525065963
2024-12-15 07:00:00,2024-12-15,8,184.33245382585753,23.884444444444444,11.11111111111111,236.7527024888702,23.884444444444444,-160.44800938141307
2024-12-15 08:00:00,2024-12-15,9,659.3430079155673,107.48,50.0,431.952888194568,107.48,-551.8630079155673
2024-12-15 09:00:00,2024-12-15,10,1297.4168865435356,179.13333333333333,83.33333333333333,581.0642732076038,179.13333333333333,-1118.2835532102022
2024-12-15 10:00:00,2024-12-15,11,1779.5171503957783,208.98888888888888,97.22222222222223,670.1286659682997,208.98888888888888,-1570.5282615068895
2024-12-15 11:00:00,2024-12-15,12,1963.849604221636,226.90222222222226,105.55555555555556,692.0849371680073,226.90222222222226,-1736.9473819994137
2024-12-15 12:00:00,2024-12-15,13,1956.759894459103,250.7866666666667,116.66666666666667,645.2620828763972,250.7866666666667,-1705.9732277924363
2024-12-15 13:00:00,2024-12-15,14,1786.6068601583113,185.10444444444448,86.11111111111111,533.254433601328,185.10444444444448,-1601.5024157138669
2024-12-15 14:00:00,2024-12-15,15,1396.6728232189973,125.39333333333335,58.333333333333336,365.27178830615264,125.39333333333335,-1271.279489885664
2024-12-15 15:00:00,2024-12-15,16,893.3034300791556,53.74,25.0,159.64670170024246,53.74,-839.5634300791556
2024-12-15 16:00:00,2024-12-15,17,340.3060686015831,2.751031192160817,1.2797874917011616,1.0664895764176348,2.751031192160817,-337.55503740942225
2024-12-15 17:00:00,2024-12-15,18,35.44854881266491,0.0,0.0,0.0,0.0,-35.44854881266491
2024-12-15 18:00:00,2024-12-15,19,0.0,0.0,0.0,0.0,0.0,0.0
2024-12-15 19:00:00,2024-12-15,20,0.0,0.0,0.0,0.0,0.0,0.0
2024-12-15 20:00:00,2024-12-15,21,0.0,0.0,0.0,0.0,0.0,0.0
2024-12-15 21:00:00,2024-12-15,22,0.0,0.0,0.0,0.0,0.0,0.0
2024-12-15 22:00:00,2024-12-15,23,0.0,0.0,0.0,0.0,0.0,0.0
2024-12-15 23:00:00,2024-12-15,24,0.0,0.0,0.0,0.0,0.0,0.0
2024-12-16 00:00:00,2024-12-16,1,0.0,0.0,0.0,0.0,0.0,0.0
2024-12-16 01:00:00,2024-12-16,2,0.0,0.0,0.0,0.0,0.0,0.0
2024-12-16 02:00:00,2024-12-16,3,0.0,0.0,0.0,0.0,0.0,0.0
2024-12-16 03:00:00,2024-12-16,4,0.0,0.0,0.0,0.0,0.0,0.0
2024-12-16 04:00:00,2024-12-16,5,0.0,0.0,0.0,0.0,0.0,0.0
2024-12-16 05:00:00,2024-12-16,6,0.0,0.0,0.0,0.0,0.0,0.0
2024-12-16 06:00:00,2024-12-16,7,0.0,5.971111111111111,2.7777777777777777,33.85523311785928,5.971111111111111,5.971111111111111
2024-12-16 07:00:00,2024-12-16,8,99.25593667546174,101.50888888888889,47.22222222222222,234.72564989071714,101.50888888888889,2.2529522134271502
2024-12-16 08:00:00,2024-12-16,9,595.5356200527705,244.81555555555556,113.88888888888889,430.18100959176434,244.81555555555556,-350.72006449721493
2024-12-16 09:00:00,2024-12-16,10,418.2928759894459,382.1511111111111,177.77777777777777,579.7144399769047,382.1511111111111,-36.14176487833481
2024-12-16 10:00:00,2024-12-16,11,276.4986807387863,555.3133333333333,258.3333333333333,669.2901791797103,555.3133333333333,278.814652594547
2024-12-16 11:00:00,2024-12-16,12,574.2664907651715,394.0933333333334,183.33333333333334,691.8022329068154,394.0933333333334,-180.1731574318381
2024-12-16 12:00:00,2024-12-16,13,893.3034300791556,471.7177777777778,219.44444444444446,645.5370509920245,471.7177777777778,-421.5856523013778
2024-12-16 13:00:00,2024-12-16,14,914.5725593667546,400.0644444444444,186.11111111111111,534.0449396343673,400.0644444444444,-514.5081149223101
2024-12-16 14:00:00,2024-12-16,15,666.4327176781003,262.7288888888889,122.22222222222223,366.48373998485636,262.7288888888889,-403.7038287892114
2024-12-16 15:00:00,2024-12-16,16,389.934036939314,203.01777777777778,94.44444444444444,161.06542218992598,203.01777777777778,-186.91625916153623
2024-12-16 16:00:00,2024-12-16,17,134.70448548812666,3.1714279336765268,1.4753572449183694,1.229464370765308,3.1714279336765268,-131.53305755445012
2024-12-16 17:00:00,2024-12-16,18,7.089709762532982,0.0,0.0,0.0,0.0,-7.089709762532982
2024-12-16 18:00:00,2024-12-16,19,0.0,0.0,0.0,0.0,0.0,0.0
2024-12-16 19:00:00,2024-12-16,20,0.0,0.0,0.0,0.0,0.0,0.0
2024-12-16 20:00:00,2024-12-16,21,0.0,0.0,0.0,0.0,0.0,0.0
2024-12-16 21:00:00,2024-12-16,22,0.0,0.0,0.0,0.0,0.0,0.0
2024-12-16 22:00:00,2024-12-16,23,0.0,0.0,0.0,0.0,0.0,0.0
2024-12-16 23:00:00,2024-12-16,24,0.0,0.0,0.0,0.0,0.0,0.0
2024-12-17 00:00:00,2024-12-17,1,0.0,0.0,0.0,0.0,0.0,0.0
2024-12-17 01:00:00,2024-12-17,2,0.0,0.0,0.0,0.0,0.0,0.0
2024-12-17 02:00:00,2024-12-17,3,0.0,0.0,0.0,0.0,0.0,0.0
2024-12-17 03:00:00,2024-12-17,4,0.0,0.0,0.0,0.0,0.0,0.0
2024-12-17 04:00:00,2024-12-17,5,0.0,0.0,0.0,0.0,0.0,0.0
2024-12-17 05:00:00,2024-12-17,6,0.0,0.0,0.0,0.0,0.0,0.0
2024-12-17 06:00:00,2024-12-17,7,14.179419525065963,11.942222222222222,5.555555555555555,32.44987878766828,11.942222222222222,-2.2371973028437413
2024-12-17 07:00:00,2024-12-17,8,205.60158311345646,226.90222222222226,105.55555555555556,232.66746110853958,226.90222222222226,21.300639108765807
2024-12-17 08:00:00,2024-12-17,9,638.0738786279684,531.428888888889,247.22222222222223,428.37411859234106,531.428888888889,-106.64498973907939
2024-12-17 09:00:00,2024-12-17,10,1212.3403693931398,871.7822222222223,405.55555555555554,578.333345116464,871.7822222222223,-340.55814717091744
2024-12-17 10:00:00,2024-12-17,11,1474.6596306068602,1164.3666666666666,541.6666666666666,668.4255459783892,1164.3666666666666,-310.29296394019366
2024-12-17 11:00:00,2024-12-17,12,1503.018469656992,1283.7888888888888,597.2222222222222,691.4978382779542,1283.7888888888888,-219.22958076810323
2024-12-17 12:00:00,2024-12-17,13,1474.6596306068602,871.7822222222223,405.55555555555554,645.7934885609465,871.7822222222223,-602.8774083846379
2024-12-17 13:00:00,2024-12-17,14,1361.2242744063324,609.0533333333333,283.3333333333333,534.8191618398955,609.0533333333333,-752.1709410729991
2024-12-17 14:00:00,2024-12-17,15,1042.1873350923483,364.2377777777778,169.44444444444446,367.6828295906671,364.2377777777778,-677.9495573145705
2024-12-17 15:00:00,2024-12-17,16,843.6754617414248,191.07555555555555,88.88888888888889,162.48355840532838,191.07555555555555,-652.5999061858693
2024-12-17 16:00:00,2024-12-17,17,326.12664907651714,3.6451362446856783,1.6957276910521388,1.4131064092101158,3.6451362446856783,-322.4815128318315
2024-12-17 17:00:00,2024-12-17,18,14.179419525065963,0.0,0.0,0.0,0.0,-14.179419525065963
2024-12-17 18:00:00,2024-12-17,19,0.0,0.0,0.0,0.0,0.0,0.0
2024-12-17 19:00:00,2024-12-17,20,0.0,0.0,0.0,0.0,0.0,0.0
2024-12-17 20:00:00,2024-12-17,21,0.0,0.0,0.0,0.0,0.0,0.0
2024-12-17 21:00:00,2024-12-17,22,0.0,0.0,0.0,0.0,0.0,0.0
2024-12-17 22:00:00,2024-12-17,23,0.0,0.0,0.0,0.0,0.0,0.0
2024-12-17 23:00:00,2024-12-17,24,0.0,0.0,0.0,0.0,0.0,0.0
2024-12-18 00:00:00,2024-12-18,1,0.0,0.0,0.0,0.0,0.0,0.0
2024-12-18 01:00:00,2024-12-18,2,0.0,0.0,0.0,0.0,0.0,0.0
2024-12-18 02:00:00,2024-12-18,3,0.0,0.0,0.0,0.0,0.0,0.0
2024-12-18 03:00:00,2024-12-18,4,0.0,0.0,0.0,0.0,0.0,0.0
2024-12-18 04:00:00,2024-12-18,5,0.0,0.0,0.0,0.0,0.0,0.0
2024-12-18 05:00:00,2024-12-18,6,0.0,0.0,0.0,0.0,0.0,0.0
2024-12-18 06:00:00,2024-12-18,7,0.0,5.971111111111111,2.7777777777777777,31.06289364326204,5.971111111111111,5.971111111111111
2024-12-18 07:00:00,2024-12-18,8,14.179419525065963,65.68222222222222,30.555555555555557,230.68548151418202,65.68222222222222,51.502802697156255
2024-12-18 08:00:00,2024-12-18,9,70.89709762532982,95.53777777777778,44.44444444444444,426.65650421510185,95.53777777777778,24.640680152447956
2024-12-18 09:00:00,2024-12-18,10,127.61477572559367,197.0466666666667,91.66666666666667,577.0519171745028,197.0466666666667,69.43189094107304
2024-12-18 10:00:00,2024-12-18,11,326.12664907651714,214.96,100.0,667.6682522050719,214.96,-111.16664907651713
2024-12-18 11:00:00,2024-12-18,12,545.9076517150396,238.8444444444445,111.11111111111111,691.3054095124593,238.8444444444445,-307.0632072705951
2024-12-18 12:00:00,2024-12-18,13,1141.44327176781,316.4688888888889,147.22222222222223,646.1631683370097,316.4688888888889,-824.9743828789212
2024-12-18 13:00:00,2024-12-18,14,638.0738786279684,274.67111111111114,127.77777777777777,535.7043117313763,274.67111111111114,-363.40276751685724
2024-12-18 14:00:00,2024-12-18,15,524.6385224274406,197.0466666666667,91.66666666666667,368.98649973654625,197.0466666666667,-327.5918557607739
2024-12-18 15:00:00,2024-12-18,16,177.24274406332455,65.68222222222222,30.555555555555557,163.99326526935363,65.68222222222222,-111.56052184110233
2024-12-18 16:00:00,2024-12-18,17,85.07651715039577,4.1891850683348935,1.9488207426195072,1.624017285516256,4.1891850683348935,-80.88733208206088
2024-12-18 17:00:00,2024-12-18,18,14.179419525065963,0.0,0.0,0.0,0.0,-14.179419525065963
2024-12-18 18:00:00,2024-12-18,19,0.0,0.0,0.0,0.0,0.0,0.0
2024-12-18 19:00:00,2024-12-18,20,0.0,0.0,0.0,0.0,0.0,0.0
2024-12-18 20:00:00,2024-12-18,21,0.0,0.0,0.0,0.0,0.0,0.0
2024-12-18 21:00:00,2024-12-18,22,0.0,0.0,0.0,0.0,0.0,0.0
2024-12-18 22:00:00,2024-12-18,23,0.0,0.0,0.0,0.0,0.0,0.0
2024-12-18 23:00:00,2024-12-18,24,0.0,0.0,0.0,0.0,0.0,0.0
2024-12-19 00:00:00,2024-12-19,1,0.0,0.0,0.0,0.0,0.0,0.0
2024-12-19 01:00:00,2024-12-19,2,0.0,0.0,0.0,0.0,0.0,0.0
2024-12-19 02:00:00,2024-12-19,3,0.0,0.0,0.0,0.0,0.0,0.0
2024-12-19 03:00:00,2024-12-19,4,0.0,0.0,0.0,0.0,0.0,0.0
2024-12-19 04:00:00,2024-12-19,5,0.0,0.0,0.0,0.0,0.0,0.0
2024-12-19 05:00:00,2024-12-19,6,0.0,0.0,0.0,0.0,0.0,0.0
2024-12-19 06:00:00,2024-12-19,7,0.0,0.0,0.0,29.738835984994406,0.0,0.0
2024-12-19 07:00:00,2024-12-19,8,42.53825857519789,17.913333333333338,8.333333333333334,228.7813911233883,17.913333333333338,-24.62492524186455
2024-12-19 08:00:00,2024-12-19,9,148.88390501319262,71.65333333333335,33.333333333333336,425.02978817704377,71.65333333333335,-77.23057167985927
2024-12-19 09:00:00,2024-12-19,10,311.9472295514512,143.3066666666667,66.66666666666667,575.8714628853821,143.3066666666667,-168.6405628847845
2024-12-19 10:00:00,2024-12-19,11,496.27968337730874,256.7577777777778,119.44444444444444,667.0191786406883,256.7577777777778,-239.52190559953095
2024-12-19 11:00:00,2024-12-19,12,425.3825857519789,262.7288888888889,122.22222222222223,691.2253438947803,262.7288888888889,-162.65369686309003
2024-12-19 12:00:00,2024-12-19,13,489.18997361477574,155.24888888888893,72.22222222222223,646.6459895037034,155.24888888888893,-333.9410847258868
2024-12-19 13:00:00,2024-12-19,14,701.8812664907651,161.22,75.0,536.6998212904764,161.22,-540.6612664907651
2024-12-19 14:00:00,2024-12-19,15,545.9076517150396,143.3066666666667,66.66666666666667,370.39381443459735,143.3066666666667,-402.6009850483729
2024-12-19 15:00:00,2024-12-19,16,163.06332453825857,59.71111111111112,27.77777777777778,165.59362474213555,59.71111111111112,-103.35221342714745
2024-12-19 16:00:00,2024-12-19,17,56.71767810026385,4.81175876924284,2.2384437891900073,1.8653698243250063,4.81175876924284,-51.90591933102101
2024-12-19 17:00:00,2024-12-19,18,7.089709762532982,0.0,0.0,0.0,0.0,-7.089709762532982
2024-12-19 18:00:00,2024-12-19,19,0.0,0.0,0.0,0.0,0.0,0.0
2024-12-19 19:00:00,2024-12-19,20,0.0,0.0,0.0,0.0,0.0,0.0
2024-12-19 20:00:00,2024-12-19,21,0.0,0.0,0.0,0.0,0.0,0.0
2024-12-19 21:00:00,2024-12-19,22,0.0,0.0,0.0,0.0,0.0,0.0
2024-12-19 22:00:00,2024-12-19,23,0.0,0.0,0.0,0.0,0.0,0.0
2024-12-19 23:00:00,2024-12-19,24,0.0,0.0,0.0,0.0,0.0,0.0
2024-12-20 00:00:00,2024-12-20,1,0.0,0.0,0.0,0.0,0.0,0.0
2024-12-20 01:00:00,2024-12-20,2,0.0,0.0,0.0,0.0,0.0,0.0
2024-12-20 02:00:00,2024-12-20,3,0.0,0.0,0.0,0.0,0.0,0.0
2024-12-20 03:00:00,2024-12-20,4,0.0,0.0,0.0,0.0,0.0,0.0
2024-12-20 04:00:00,2024-12-20,5,0.0,0.0,0.0,0.0,0.0,0.0
2024-12-20 05:00:00,2024-12-20,6,0.0,0.0,0.0,0.0,0.0,0.0
2024-12-20 06:00:00,2024-12-20,7,0.0,5.971111111111111,2.7777777777777777,28.47746254655996,5.971111111111111,5.971111111111111
2024-12-20 07:00:00,2024-12-20,8,63.80738786279684,77.62444444444446,36.111111111111114,226.95686752633756,77.62444444444446,13.817056581647627
2024-12-20 08:00:00,2024-12-20,9,389.934036939314,232.87333333333333,108.33333333333333,423.4955705996898,232.87333333333333,-157.06070360598068
2024-12-20 09:00:00,2024-12-20,10,1028.0079155672825,280.6422222222222,130.55555555555554,574.793243595614,280.6422222222222,-747.3656933450602
2024-12-20 10:00:00,2024-12-20,11,786.957783641161,370.20888888888896,172.22222222222223,666.4791381143755,370.20888888888896,-416.748894752272
2024-12-20 11:00:00,2024-12-20,12,1581.005277044855,453.8044444444445,211.11111111111111,691.257951526092,453.8044444444445,-1127.2008326004104
2024-12-20 12:00:00,2024-12-20,13,1871.6833773087071,824.0133333333334,383.3333333333333,647.2417496747809,824.0133333333334,-1047.6700439753736
2024-12-20 13:00:00,2024-12-20,14,1701.5303430079157,507.5444444444445,236.11111111111111,537.8050127543903,507.5444444444445,-1193.9858985634712
2024-12-20 14:00:00,2024-12-20,15,829.4960422163589,214.96,100.0,371.90372782296396,214.96,-614.5360422163589
2024-12-20 15:00:00,2024-12-20,16,418.2928759894459,232.87333333333333,108.33333333333333,167.2836200280893,232.87333333333333,-185.41954265611258
2024-12-20 16:00:00,2024-12-20,17,134.70448548812666,5.521503766177602,2.5686191692303693,2.140515974358641,5.521503766177602,-129.18298172194906
2024-12-20 17:00:00,2024-12-20,18,7.089709762532982,0.0,0.0,0.0,0.0,-7.089709762532982
2024-12-20 18:00:00,2024-12-20,19,0.0,0.0,0.0,0.0,0.0,0.0
2024-12-20 19:00:00,2024-12-20,20,0.0,0.0,0.0,0.0,0.0,0.0
2024-12-20 20:00:00,2024-12-20,21,0.0,0.0,0.0,0.0,0.0,0.0
2024-12-20 21:00:00,2024-12-20,22,0.0,0.0,0.0,0.0,0.0,0.0
2024-12-20 22:00:00,2024-12-20,23,0.0,0.0,0.0,0.0,0.0,0.0
2024-12-20 23:00:00,2024-12-20,24,0.0,0.0,0.0,0.0,0.0,0.0
2024-12-21 00:00:00,2024-12-21,1,0.0,0.0,0.0,0.0,0.0,0.0
2024-12-21 01:00:00,2024-12-21,2,0.0,0.0,0.0,0.0,0.0,0.0
2024-12-21 02:00:00,2024-12-21,3,0.0,0.0,0.0,0.0,0.0,0.0
2024-12-21 03:00:00,2024-12-21,4,0.0,0.0,0.0,0.0,0.0,0.0
2024-12-21 04:00:00,2024-12-21,5,0.0,0.0,0.0,0.0,0.0,0.0
2024-12-21 05:00:00,2024-12-21,6,0.0,0.0,0.0,0.0,0.0,0.0
2024-12-21 06:00:00,2024-12-21,7,7.089709762532982,5.971111111111111,2.7777777777777777,27.27842747822204,5.971111111111111,-1.1185986514218706
2024-12-21 07:00:00,2024-12-21,8,113.4353562005277,77.62444444444446,36.111111111111114,225.21358050473054,77.62444444444446,-35.81091175608324
2024-12-21 08:00:00,2024-12-21,9,212.69129287598946,203.01777777777778,94.44444444444444,422.0554225153473,203.01777777777778,-9.67351509821168
2024-12-21 09:00:00,2024-12-21,10,233.9604221635884,334.3822222222222,155.55555555555554,573.8184663232752,334.3822222222222,100.4218000586338
2024-12-21 10:00:00,2024-12-21,11,708.9709762532982,471.7177777777778,219.44444444444446,666.0488657629219,471.7177777777778,-237.25319847552038
2024-12-21 11:00:00,2024-12-21,12,630.9841688654353,417.97777777777776,194.44444444444446,691.4034452003955,417.97777777777776,-213.00639108765756
2024-12-21 12:00:00,2024-12-21,13,1020.9182058047494,364.2377777777778,169.44444444444446,647.9501348357643,364.2377777777778,-656.6804280269716
2024-12-21 13:00:00,2024-12-21,14,545.9076517150396,316.4688888888889,147.22222222222223,539.0190890725532,316.4688888888889,-229.4387628261507
2024-12-21 14:00:00,2024-12-21,15,482.10026385224273,119.42222222222225,55.55555555555556,373.5150752584789,119.42222222222225,-362.6780416300205
2024-12-21 15:00:00,2024-12-21,16,297.76781002638523,35.826666666666675,16.666666666666668,169.06212620761707,35.826666666666675,-261.9411433597186
2024-12-21 16:00:00,2024-12-21,17,106.34564643799473,5.971111111111111,2.7777777777777777,2.4529560459251267,5.971111111111111,-100.37453532688362
2024-12-21 17:00:00,2024-12-21,18,0.0,0.0,0.0,0.0,0.0,0.0
2024-12-21 18:00:00,2024-12-21,19,0.0,0.0,0.0,0.0,0.0,0.0
2024-12-21 19:00:00,2024-12-21,20,0.0,0.0,0.0,0.0,0.0,0.0
2024-12-21 20:00:00,2024-12-21,21,0.0,0.0,0.0,0.0,0.0,0.0
2024-12-21 21:00:00,2024-12-21,22,0.0,0.0,0.0,0.0,0.0,0.0
2024-12-21 22:00:00,2024-12-21,23,0.0,0.0,0.0,0.0,0.0,0.0
2024-12-21 23:00:00,2024-12-21,24,0.0,0.0,0.0,0.0,0.0,0.0
2024-12-22 00:00:00,2024-12-22,1,0.0,0.0,0.0,0.0,0.0,0.0
2024-12-22 01:00:00,2024-12-22,2,0.0,0.0,0.0,0.0,0.0,0.0
2024-12-22 02:00:00,2024-12-22,3,0.0,0.0,0.0,0.0,0.0,0.0
2024-12-22 03:00:00,2024-12-22,4,0.0,0.0,0.0,0.0,0.0,0.0
2024-12-22 04:00:00,2024-12-22,5,0.0,0.0,0.0,0.0,0.0,0.0
2024-12-22 05:00:00,2024-12-22,6,0.0,0.0,0.0,0.0,0.0,0.0
2024-12-22 06:00:00,2024-12-22,7,0.0,0.0,0.0,26.14128481008212,0.0,0.0
2024-12-22 07:00:00,2024-12-22,8,56.71767810026385,5.971111111111111,2.7777777777777777,223.55318661106898,5.971111111111111,-50.74656698915274
2024-12-22 08:00:00,2024-12-22,9,574.2664907651715,29.85555555555556,13.88888888888889,420.71087947470335,29.85555555555556,-544.4109352096159
2024-12-22 09:00:00,2024-12-22,10,822.4063324538258,53.74,25.0,572.9482775907385,53.74,-768.6663324538258
2024-12-22 10:00:00,2024-12-22,11,879.1240105540898,107.48,50.0,665.7290134614066,107.48,-771.6440105540897
2024-12-22 11:00:00,2024-12-22,12,552.9973614775726,161.22,75.0,691.6619358234138,161.22,-391.7773614775725
2024-12-22 12:00:00,2024-12-22,13,326.12664907651714,149.2777777777778,69.44444444444444,648.7707159972907,149.2777777777778,-176.84887129873934
2024-12-22 13:00:00,2024-12-22,14,283.5883905013193,143.3066666666667,66.66666666666667,540.3411318727472,143.3066666666667,-140.28172383465258
2024-12-22 14:00:00,2024-12-22,15,120.52506596306068,149.2777777777778,69.44444444444444,375.2265723639673,149.2777777777778,28.752711814717117
2024-12-22 15:00:00,2024-12-22,16,70.89709762532982,95.53777777777778,44.44444444444444,170.927908393692,95.53777777777778,24.640680152447956
2024-12-22 16:00:00,2024-12-22,17,21.269129287598943,7.23891217295319,3.367562417637323,2.8063020146977693,7.23891217295319,-14.030217114645755
2024-12-22 17:00:00,2024-12-22,18,0.0,0.0,0.0,0.0,0.0,0.0
2024-12-22 18:00:00,2024-12-22,19,0.0,0.0,0.0,0.0,0.0,0.0
2024-12-22 19:00:00,2024-12-22,20,0.0,0.0,0.0,0.0,0.0,0.0
2024-12-22 20:00:00,2024-12-22,21,0.0,0.0,0.0,0.0,0.0,0.0
2024-12-22 21:00:00,2024-12-22,22,0.0,0.0,0.0,0.0,0.0,0.0
2024-12-22 22:00:00,2024-12-22,23,0.0,0.0,0.0,0.0,0.0,0.0
2024-12-22 23:00:00,2024-12-22,24,0.0,0.0,0.0,0.0,0.0,0.0
2024-12-23 00:00:00,2024-12-23,1,0.0,0.0,0.0,0.0,0.0,0.0
2024-12-23 01:00:00,2024-12-23,2,0.0,0.0,0.0,0.0,0.0,0.0
2024-12-23 02:00:00,2024-12-23,3,0.0,0.0,0.0,0.0,0.0,0.0
2024-12-23 03:00:00,2024-12-23,4,0.0,0.0,0.0,0.0,0.0,0.0
2024-12-23 04:00:00,2024-12-23,5,0.0,0.0,0.0,0.0,0.0,0.0
2024-12-23 05:00:00,2024-12-23,6,0.0,0.0,0.0,0.0,0.0,0.0
2024-12-23 06:00:00,2024-12-23,7,0.0,5.971111111111111,2.7777777777777777,25.065491558011015,5.971111111111111,5.971111111111111
2024-12-23 07:00:00,2024-12-23,8,35.44854881266491,113.45111111111113,52.77777777777778,221.9773226631314,113.45111111111113,78.00256229844622
2024-12-23 08:00:00,2024-12-23,9,219.78100263852244,388.1222222222222,180.55555555555554,419.46343493331045,388.1222222222222,168.34121958369977
2024-12-23 09:00:00,2024-12-23,10,241.05013192612137,686.6777777777779,319.44444444444446,572.1837579170931,686.6777777777779,445.62764585165655
2024-12-23 10:00:00,2024-12-23,11,297.76781002638523,597.1111111111112,277.77777777777777,665.5201460016051,597.1111111111112,299.34330108472597
2024-12-23 11:00:00,2024-12-23,12,552.9973614775726,561.2844444444444,261.1111111111111,692.0334305517938,561.2844444444444,8.287082966871822
2024-12-23 12:00:00,2024-12-23,13,602.6253298153034,352.2955555555556,163.88888888888889,649.7029493633572,352.2955555555556,-250.3297742597478
2024-12-23 13:00:00,2024-12-23,14,517.5488126649077,208.98888888888888,97.22222222222223,541.7701034872078,208.98888888888888,-308.5599237760188
2024-12-23 14:00:00,2024-12-23,15,446.6517150395778,125.39333333333335,58.333333333333336,377.03681849148694,125.39333333333335,-321.25838170624445
2024-12-23 15:00:00,2024-12-23,16,233.9604221635884,71.65333333333335,33.333333333333336,172.87962417736034,71.65333333333335,-162.30708883025505
2024-12-23 16:00:00,2024-12-23,17,92.16622691292876,8.265389825990384,3.8450827251536954,3.2042356042947464,8.265389825990384,-83.90083708693838
2024-12-23 17:00:00,2024-12-23,18,7.089709762532982,0.0,0.0,0.0,0.0,-7.089709762532982
2024-12-23 18:00:00,2024-12-23,19,0.0,0.0,0.0,0.0,0.0,0.0
2024-12-23 19:00:00,2024-12-23,20,0.0,0.0,0.0,0.0,0.0,0.0
2024-12-23 20:00:00,2024-12-23,21,0.0,0.0,0.0,0.0,0.0,0.0
2024-12-23 21:00:00,2024-12-23,22,0.0,0.0,0.0,0.0,0.0,0.0
2024-12-23 22:00:00,2024-12-23,23,0.0,0.0,0.0,0.0,0.0,0.0
2024-12-23 23:00:00,2024-12-23,24,0.0,0.0,0.0,0.0,0.0,0.0
2024-12-24 00:00:00,2024-12-24,1,0.0,0.0,0.0,0.0,0.0,0.0
2024-12-24 01:00:00,2024-12-24,2,0.0,0.0,0.0,0.0,0.0,0.0
2024-12-24 02:00:00,2024-12-24,3,0.0,0.0,0.0,0.0,0.0,0.0
2024-12-24 03:00:00,2024-12-24,4,0.0,0.0,0.0,0.0,0.0,0.0
2024-12-24 04:00:00,2024-12-24,5,0.0,0.0,0.0,0.0,0.0,0.0
2024-12-24 05:00:00,2024-12-24,6,0.0,0.0,0.0,0.0,0.0,0.0
2024-12-24 06:00:00,2024-12-24,7,0.0,0.0,0.0,24.050411895041623,0.0,0.0
2024-12-24 07:00:00,2024-12-24,8,63.80738786279684,35.826666666666675,16.666666666666668,220.48759807573782,35.826666666666675,-27.980721196130162
2024-12-24 08:00:00,2024-12-24,9,141.79419525065964,125.39333333333335,58.333333333333336,418.3145327698069,125.39333333333335,-16.400861917326296
2024-12-24 09:00:00,2024-12-24,10,212.69129287598946,370.20888888888896,172.22222222222223,571.525915835367,370.20888888888896,157.5175960128995
2024-12-24 10:00:00,2024-12-24,11,326.12664907651714,543.3711111111111,252.77777777777777,665.4227371801993,543.3711111111111,217.24446203459394
2024-12-24 11:00:00,2024-12-24,12,248.13984168865437,632.9377777777778,294.44444444444446,692.5178311559976,632.9377777777778,384.7979360891234
2024-12-24 12:00:00,2024-12-24,13,233.9604221635884,603.0822222222222,280.55555555555554,650.7461770058227,603.0822222222222,369.12180005863377
2024-12-24 13:00:00,2024-12-24,14,148.88390501319262,429.92,200.0,543.304849793634,429.92,281.03609498680737
2024-12-24 14:00:00,2024-12-24,15,120.52506596306068,394.0933333333334,183.33333333333334,378.944301007991,394.0933333333334,273.56826737027274
2024-12-24 15:00:00,2024-12-24,16,170.15303430079155,244.81555555555556,113.88888888888889,174.91582705105571,244.81555555555556,74.66252125476402
2024-12-24 16:00:00,2024-12-24,17,92.16622691292876,9.416439267568926,4.380554181042485,3.6504618175354047,9.416439267568926,-82.74978764535985
2024-12-24 17:00:00,2024-12-24,18,21.269129287598943,0.0,0.0,0.0,0.0,-21.269129287598943
2024-12-24 18:00:00,2024-12-24,19,0.0,0.0,0.0,0.0,0.0,0.0
2024-12-24 19:00:00,2024-12-24,20,0.0,0.0,0.0,0.0,0.0,0.0
2024-12-24 20:00:00,2024-12-24,21,0.0,0.0,0.0,0.0,0.0,0.0
2024-12-24 21:00:00,2024-12-24,22,0.0,0.0,0.0,0.0,0.0,0.0
2024-12-24 22:00:00,2024-12-24,23,0.0,0.0,0.0,0.0,0.0,0.0
2024-12-24 23:00:00,2024-12-24,24,0.0,0.0,0.0,0.0,0.0,0.0
2024-12-25 00:00:00,2024-12-25,1,0.0,0.0,0.0,0.0,0.0,0.0
2024-12-25 01:00:00,2024-12-25,2,0.0,0.0,0.0,0.0,0.0,0.0
2024-12-25 02:00:00,2024-12-25,3,0.0,0.0,0.0,0.0,0.0,0.0
2024-12-25 03:00:00,2024-12-25,4,0.0,0.0,0.0,0.0,0.0,0.0
2024-12-25 04:00:00,2024-12-25,5,0.0,0.0,0.0,0.0,0.0,0.0
2024-12-25 05:00:00,2024-12-25,6,0.0,0.0,0.0,0.0,0.0,0.0
2024-12-25 06:00:00,2024-12-25,7,0.0,11.942222222222222,5.555555555555555,23.095323407304594,11.942222222222222,11.942222222222222
2024-12-25 07:00:00,2024-12-25,8,28.358839050131927,125.39333333333335,58.333333333333336,219.0855877231774,125.39333333333335,97.03449428320141
2024-12-25 08:00:00,2024-12-25,9,148.88390501319262,167.1911111111111,77.77777777777777,417.26556006538965,167.1911111111111,18.30720609791848
2024-12-25 09:00:00,2024-12-25,10,581.3562005277045,525.4577777777778,244.44444444444446,570.9756821384199,525.4577777777778,-55.89842274992668
2024-12-25 10:00:00,2024-12-25,11,1503.018469656992,710.5622222222223,330.55555555555554,665.4371658726228,710.5622222222223,-792.4562474347697
2024-12-25 11:00:00,2024-12-25,12,1531.377308707124,853.868888888889,397.22222222222223,693.1149321553454,853.868888888889,-677.508419818235
2024-12-25 12:00:00,2024-12-25,13,1928.401055408971,579.1977777777779,269.44444444444446,651.8996270378825,579.1977777777779,-1349.203277631193
2024-12-25 13:00:00,2024-12-25,14,1503.018469656992,626.9666666666667,291.6666666666667,544.9441021333607,626.9666666666667,-876.0518029903253
2024-12-25 14:00:00,2024-12-25,15,1042.1873350923483,555.3133333333333,258.3333333333333,380.9473984890683,555.3133333333333,-486.8740017590151
2024-12-25 15:00:00,2024-12-25,16,489.18997361477574,220.9311111111111,102.77777777777777,177.03496868704784,220.9311111111111,-268.25886250366466
2024-12-25 16:00:00,2024-12-25,17,170.15303430079155,10.70154854588251,4.9783906521597086,4.148658876799757,10.70154854588251,-159.45148575490904
2024-12-25 17:00:00,2024-12-25,18,14.179419525065963,0.0,0.0,0.0,0.0,-14.179419525065963
2024-12-25 18:00:00,2024-12-25,19,0.0,0.0,0.0,0.0,0.0,0.0
2024-12-25 19:00:00,2024-12-25,20,0.0,0.0,0.0,0.0,0.0,0.0
2024-12-25 20:00:00,2024-12-25,21,0.0,0.0,0.0,0.0,0.0,0.0
2024-12-25 21:00:00,2024-12-25,22,0.0,0.0,0.0,0.0,0.0,0.0
2024-12-25 22:00:00,2024-12-25,23,0.0,0.0,0.0,0.0,0.0,0.0
2024-12-25 23:00:00,2024-12-25,24,0.0,0.0,0.0,0.0,0.0,0.0
2024-12-26 00:00:00,2024-12-26,1,0.0,0.0,0.0,0.0,0.0,0.0
2024-12-26 01:00:00,2024-12-26,2,0.0,0.0,0.0,0.0,0.0,0.0
2024-12-26 02:00:00,2024-12-26,3,0.0,0.0,0.0,0.0,0.0,0.0
2024-12-26 03:00:00,2024-12-26,4,0.0,0.0,0.0,0.0,0.0,0.0
2024-12-26 04:00:00,2024-12-26,5,0.0,0.0,0.0,0.0,0.0,0.0
2024-12-26 05:00:00,2024-12-26,6,0.0,0.0,0.0,0.0,0.0,0.0
2024-12-26 06:00:00,2024-12-26,7,14.179419525065963,5.971111111111111,2.7777777777777777,22.19942660253825,5.971111111111111,-8.208308413954853
2024-12-26 07:00:00,2024-12-26,8,191.4221635883905,41.797777777777775,19.444444444444443,217.77282729405104,41.797777777777775,-149.62438581061272
2024-12-26 08:00:00,2024-12-26,9,248.13984168865437,149.2777777777778,69.44444444444444,416.3178422946976,149.2777777777778,-98.86206391087657
2024-12-26 09:00:00,2024-12-26,10,467.9208443271768,441.8622222222222,205.55555555555554,570.5339059477278,441.8622222222222,-26.058622104954566
2024-12-26 10:00:00,2024-12-26,11,453.7414248021108,555.3133333333333,258.3333333333333,665.5637134001103,555.3133333333333,101.57190853122245
2024-12-26 11:00:00,2024-12-26,12,531.7282321899736,340.35333333333335,158.33333333333334,693.8244195309373,340.35333333333335,-191.37489885664024
2024-12-26 12:00:00,2024-12-26,13,999.6490765171504,429.92,200.0,653.1624136029881,429.92,-569.7290765171504
2024-12-26 13:00:00,2024-12-26,14,942.9313984168865,316.4688888888889,147.22222222222223,546.6864784105194,316.4688888888889,-626.4625095279976
2024-12-26 14:00:00,2024-12-26,15,609.7150395778365,185.10444444444448,86.11111111111111,383.0443824249709,185.10444444444448,-424.610595133392
2024-12-26 15:00:00,2024-12-26,16,297.76781002638523,173.16222222222223,80.55555555555556,179.23539943062121,173.16222222222223,-124.60558780416301
2024-12-26 16:00:00,2024-12-26,17,127.61477572559367,12.13000107941622,5.642910811042157,4.702425675868464,12.13000107941622,-115.48477464617746
2024-12-26 17:00:00,2024-12-26,18,7.089709762532982,0.0,0.0,0.0,0.0,-7.089709762532982
2024-12-26 18:00:00,2024-12-26,19,0.0,0.0,0.0,0.0,0.0,0.0
2024-12-26 19:00:00,2024-12-26,20,0.0,0.0,0.0,0.0,0.0,0.0
2024-12-26 20:00:00,2024-12-26,21,0.0,0.0,0.0,0.0,0.0,0.0
2024-12-26 21:00:00,2024-12-26,22,0.0,0.0,0.0,0.0,0.0,0.0
2024-12-26 22:00:00,2024-12-26,23,0.0,0.0,0.0,0.0,0.0,0.0
2024-12-26 23:00:00,2024-12-26,24,0.0,0.0,0.0,0.0,0.0,0.0
2024-12-27 00:00:00,2024-12-27,1,0.0,0.0,0.0,0.0,0.0,0.0
2024-12-27 01:00:00,2024-12-27,2,0.0,0.0,0.0,0.0,0.0,0.0
2024-12-27 02:00:00,2024-12-27,3,0.0,0.0,0.0,0.0,0.0,0.0
2024-12-27 03:00:00,2024-12-27,4,0.0,0.0,0.0,0.0,0.0,0.0
2024-12-27 04:00:00,2024-12-27,5,0.0,0.0,0.0,0.0,0.0,0.0
2024-12-27 05:00:00,2024-12-27,6,0.0,0.0,0.0,0.0,0.0,0.0
2024-12-27 06:00:00,2024-12-27,7,21.269129287598943,5.971111111111111,2.7777777777777777,21.361857944680843,5.971111111111111,-15.298018176487833
2024-12-27 07:00:00,2024-12-27,8,191.4221635883905,95.53777777777778,44.44444444444444,216.55081223742363,95.53777777777778,-95.88438581061273
2024-12-27 08:00:00,2024-12-27,9,290.67810026385223,262.7288888888889,122.22222222222223,415.47264164953305,262.7288888888889,-27.94921137496334
2024-12-27 09:00:00,2024-12-27,10,205.60158311345646,358.26666666666665,166.66666666666666,570.201353447463,358.26666666666665,152.6650835532102
2024-12-27 10:00:00,2024-12-27,11,397.02374670184696,591.14,275.0,665.8025627589989,591.14,194.11625329815303
2024-12-27 11:00:00,2024-12-27,12,638.0738786279684,776.2444444444444,361.1111111111111,694.6458704266936,776.2444444444444,138.17056581647603
2024-12-27 12:00:00,2024-12-27,13,978.3799472295515,501.5733333333334,233.33333333333334,654.5335369589534,501.5733333333334,-476.8066138962181
2024-12-27 13:00:00,2024-12-27,14,1198.1609498680739,346.32444444444445,161.11111111111111,548.5304833800246,346.32444444444445,-851.8365054236294
2024-12-27 14:00:00,2024-12-27,15,843.6754617414248,203.01777777777778,94.44444444444444,385.23341729748205,203.01777777777778,-640.6576839636471
2024-12-27 15:00:00,2024-12-27,16,510.4591029023747,107.48,50.0,181.51536690870154,107.48,-402.9791029023747
2024-12-27 16:00:00,2024-12-27,17,226.8707124010554,13.710736987968378,6.378273626706539,5.315228022255449,13.710736987968378,-213.15997541308704
2024-12-27 17:00:00,2024-12-27,18,42.53825857519789,0.0,0.0,0.0,0.0,-42.53825857519789
2024-12-27 18:00:00,2024-12-27,19,0.0,0.0,0.0,0.0,0.0,0.0
2024-12-27 19:00:00,2024-12-27,20,0.0,0.0,0.0,0.0,0.0,0.0
2024-12-27 20:00:00,2024-12-27,21,0.0,0.0,0.0,0.0,0.0,0.0
2024-12-27 21:00:00,2024-12-27,22,0.0,0.0,0.0,0.0,0.0,0.0
2024-12-27 22:00:00,2024-12-27,23,0.0,0.0,0.0,0.0,0.0,0.0
2024-12-27 23:00:00,2024-12-27,24,0.0,0.0,0.0,0.0,0.0,0.0
2024-12-28 00:00:00,2024-12-28,1,0.0,0.0,0.0,0.0,0.0,0.0
2024-12-28 01:00:00,2024-12-28,2,0.0,0.0,0.0,0.0,0.0,0.0
2024-12-28 02:00:00,2024-12-28,3,0.0,0.0,0.0,0.0,0.0,0.0
2024-12-28 03:00:00,2024-12-28,4,0.0,0.0,0.0,0.0,0.0,0.0
2024-12-28 04:00:00,2024-12-28,5,0.0,0.0,0.0,0.0,0.0,0.0
2024-12-28 05:00:00,2024-12-28,6,0.0,0.0,0.0,0.0,0.0,0.0
2024-12-28 06:00:00,2024-12-28,7,21.269129287598943,0.0,0.0,20.581705747567998,0.0,-21.269129287598943
2024-12-28 07:00:00,2024-12-28,8,262.3192612137203,59.71111111111112,27.77777777777778,215.42099970152407,59.71111111111112,-202.60815010260922
2024-12-28 08:00:00,2024-12-28,9,843.6754617414248,226.90222222222226,105.55555555555556,414.7311580783787,226.90222222222226,-616.7732395192025
2024-12-28 09:00:00,2024-12-28,10,1453.3905013192611,268.7,125.0,569.9787087184303,268.7,-1184.690501319261
2024-12-28 10:00:00,2024-12-28,11,1900.0422163588391,226.90222222222226,105.55555555555556,666.153799238765,226.90222222222226,-1673.139994136617
2024-12-28 11:00:00,2024-12-28,12,2048.9261213720315,244.81555555555556,113.88888888888889,695.5787535078772,244.81555555555556,-1804.1105658164759
2024-12-28 12:00:00,2024-12-28,13,2034.7467018469658,214.96,100.0,656.0118834565932,214.96,-1819.7867018469658
2024-12-28 13:00:00,2024-12-28,14,1907.131926121372,119.42222222222225,55.55555555555556,550.4745080891337,119.42222222222225,-1787.7097038991499
2024-12-28 14:00:00,2024-12-28,15,1403.7625329815303,107.48,50.0,387.51255940401285,107.48,-1296.2825329815303
2024-12-28 15:00:00,2024-12-28,16,907.4828496042217,77.62444444444446,36.111111111111114,183.87301302127753,77.62444444444446,-829.8584051597772
2024-12-28 16:00:00,2024-12-28,17,389.934036939314,15.452215084473512,7.188414162855188,5.990345135712657,15.452215084473512,-374.4818218548405
2024-12-28 17:00:00,2024-12-28,18,56.71767810026385,0.0,0.0,0.0,0.0,-56.71767810026385
2024-12-28 18:00:00,2024-12-28,19,0.0,0.0,0.0,0.0,0.0,0.0
2024-12-28 19:00:00,2024-12-28,20,0.0,0.0,0.0,0.0,0.0,0.0
2024-12-28 20:00:00,2024-12-28,21,0.0,0.0,0.0,0.0,0.0,0.0
2024-12-28 21:00:00,2024-12-28,22,0.0,0.0,0.0,0.0,0.0,0.0
2024-12-28 22:00:00,2024-12-28,23,0.0,0.0,0.0,0.0,0.0,0.0
2024-12-28 23:00:00,2024-12-28,24,0.0,0.0,0.0,0.0,0.0,0.0
2024-12-29 00:00:00,2024-12-29,1,0.0,0.0,0.0,0.0,0.0,0.0
2024-12-29 01:00:00,2024-12-29,2,0.0,0.0,0.0,0.0,0.0,0.0
2024-12-29 02:00:00,2024-12-29,3,0.0,0.0,0.0,0.0,0.0,0.0
2024-12-29 03:00:00,2024-12-29,4,0.0,0.0,0.0,0.0,0.0,0.0
2024-12-29 04:00:00,2024-12-29,5,0.0,0.0,0.0,0.0,0.0,0.0
2024-12-29 05:00:00,2024-12-29,6,0.0,0.0,0.0,0.0,0.0,0.0
2024-12-29 06:00:00,2024-12-29,7,0.0,5.971111111111111,2.7777777777777777,19.858027857627494,5.971111111111111,5.971111111111111
2024-12-29 07:00:00,2024-12-29,8,184.33245382585753,131.36444444444444,61.111111111111114,214.38481200822116,131.36444444444444,-52.96800938141308
2024-12-29 08:00:00,2024-12-29,9,581.3562005277045,453.8044444444445,211.11111111111111,414.0945317738981,453.8044444444445,-127.55175608325993
2024-12-29 09:00:00,2024-12-29,10,1183.981530343008,1003.1466666666668,466.6666666666667,569.866575737523,1003.1466666666668,-180.83486367634123
2024-12-29 10:00:00,2024-12-29,11,1347.0448548812665,1295.7311111111112,602.7777777777778,666.617411994193,1295.7311111111112,-51.31374377015527
2024-12-29 11:00:00,2024-12-29,12,1807.8759894459104,1391.2688888888886,647.2222222222222,696.6224299627053,1391.2688888888886,-416.6071005570218
2024-12-29 12:00:00,2024-12-29,13,1907.131926121372,1468.8933333333337,683.3333333333334,657.5962259115157,1468.8933333333337,-438.23859278803843
2024-12-29 13:00:00,2024-12-29,14,1545.55672823219,1116.597777777778,519.4444444444445,552.5168296075037,1116.597777777778,-428.95895045441193
2024-12-29 14:00:00,2024-12-29,15,1191.071240105541,865.8111111111111,402.77777777777777,389.87975560006197,865.8111111111111,-325.2601289944298
2024-12-29 15:00:00,2024-12-29,16,879.1240105540898,453.8044444444445,211.11111111111111,186.30637105976123,453.8044444444445,-425.3195661096452
2024-12-29 16:00:00,2024-12-29,17,262.3192612137203,17.362280030275638,8.076981778133437,6.730818148444531,17.362280030275638,-244.9569811834447
2024-12-29 17:00:00,2024-12-29,18,14.179419525065963,0.0,0.0,0.0,0.0,-14.179419525065963
2024-12-29 18:00:00,2024-12-29,19,0.0,0.0,0.0,0.0,0.0,0.0
2024-12-29 19:00:00,2024-12-29,20,0.0,0.0,0.0,0.0,0.0,0.0
2024-12-29 20:00:00,2024-12-29,21,0.0,0.0,0.0,0.0,0.0,0.0
2024-12-29 21:00:00,2024-12-29,22,0.0,0.0,0.0,0.0,0.0,0.0
2024-12-29 22:00:00,2024-12-29,23,0.0,0.0,0.0,0.0,0.0,0.0
2024-12-29 23:00:00,2024-12-29,24,0.0,0.0,0.0,0.0,0.0,0.0
2024-12-30 00:00:00,2024-12-30,1,0.0,0.0,0.0,0.0,0.0,0.0
2024-12-30 01:00:00,2024-12-30,2,0.0,0.0,0.0,0.0,0.0,0.0
2024-12-30 02:00:00,2024-12-30,3,0.0,0.0,0.0,0.0,0.0,0.0
2024-12-30 03:00:00,2024-12-30,4,0.0,0.0,0.0,0.0,0.0,0.0
2024-12-30 04:00:00,2024-12-30,5,0.0,0.0,0.0,0.0,0.0,0.0
2024-12-30 05:00:00,2024-12-30,6,0.0,0.0,0.0,0.0,0.0,0.0
2024-12-30 06:00:00,2024-12-30,7,0.0,5.971111111111111,2.7777777777777777,19.189869891645653,5.971111111111111,5.971111111111111
2024-12-30 07:00:00,2024-12-30,8,141.79419525065964,77.62444444444446,36.111111111111114,213.4436403060777,77.62444444444446,-64.16975080621518
2024-12-30 08:00:00,2024-12-30,9,560.0870712401055,292.58444444444444,136.11111111111111,413.5638459820685,292.58444444444444,-267.50262679566106
2024-12-30 09:00:00,2024-12-30,10,1141.44327176781,513.5155555555556,238.88888888888889,569.8654812048388,513.5155555555556,-627.9277162122545
2024-12-30 10:00:00,2024-12-30,11,1630.6332453825858,537.4,250.0,667.193296804953,537.4,-1093.2332453825857
2024-12-30 11:00:00,2024-12-30,12,1857.5039577836412,525.4577777777778,244.44444444444446,697.7761561990966,525.4577777777778,-1332.0461800058633
2024-12-30 12:00:00,2024-12-30,13,1864.5936675461742,549.3422222222223,255.55555555555554,659.2852261516335,549.3422222222223,-1315.2514453239519
2024-12-30 13:00:00,2024-12-30,14,1644.8126649076517,507.5444444444445,236.11111111111111,554.6556132444391,507.5444444444445,-1137.2682204632072
2024-12-30 14:00:00,2024-12-30,15,1339.9551451187335,776.2444444444444,361.1111111111111,392.3328450875203,776.2444444444444,-563.7107006742891
2024-12-30 15:00:00,2024-12-30,16,829.4960422163589,406.03555555555556,188.88888888888889,188.81336591903832,406.03555555555556,-423.4604866608033
2024-12-30 16:00:00,2024-12-30,17,262.3192612137203,19.448041021671482,9.047283690766413,7.5394030756386785,19.448041021671482,-242.87122019204884
2024-12-30 17:00:00,2024-12-30,18,14.179419525065963,0.0,0.0,0.0,0.0,-14.179419525065963
2024-12-30 18:00:00,2024-12-30,19,0.0,0.0,0.0,0.0,0.0,0.0
2024-12-30 19:00:00,2024-12-30,20,0.0,0.0,0.0,0.0,0.0,0.0
2024-12-30 20:00:00,2024-12-30,21,0.0,0.0,0.0,0.0,0.0,0.0
2024-12-30 21:00:00,2024-12-30,22,0.0,0.0,0.0,0.0,0.0,0.0
2024-12-30 22:00:00,2024-12-30,23,0.0,0.0,0.0,0.0,0.0,0.0
2024-12-30 23:00:00,2024-12-30,24,0.0,0.0,0.0,0.0,0.0,0.0
2024-12-31 00:00:00,2024-12-31,1,0.0,0.0,0.0,0.0,0.0,0.0
2024-12-31 01:00:00,2024-12-31,2,0.0,0.0,0.0,0.0,0.0,0.0
2024-12-31 02:00:00,2024-12-31,3,0.0,0.0,0.0,0.0,0.0,0.0
2024-12-31 03:00:00,2024-12-31,4,0.0,0.0,0.0,0.0,0.0,0.0
2024-12-31 04:00:00,2024-12-31,5,0.0,0.0,0.0,0.0,0.0,0.0
2024-12-31 05:00:00,2024-12-31,6,0.0,0.0,0.0,0.0,0.0,0.0
2024-12-31 06:00:00,2024-12-31,7,0.0,5.971111111111111,2.7777777777777777,18.57628294753785,5.971111111111111,5.971111111111111
2024-12-31 07:00:00,2024-12-31,8,99.25593667546174,131.36444444444444,61.111111111111114,212.59884667894423,131.36444444444444,32.108507768982705
2024-12-31 08:00:00,2024-12-31,9,311.9472295514512,406.03555555555556,188.88888888888889,413.14012925109546,406.03555555555556,94.08832600410437
2024-12-31 09:00:00,2024-12-31,10,815.3166226912929,400.0644444444444,186.11111111111111,569.975877739226,400.0644444444444,-415.2521782468485
2024-12-31 10:00:00,2024-12-31,11,652.2532981530343,698.62,325.0,667.8812604893974,698.62,46.366701846965725
2024-12-31 11:00:00,2024-12-31,12,701.8812664907651,561.2844444444444,261.1111111111111,699.0390894301667,561.2844444444444,-140.59682204632077
2024-12-31 12:00:00,2024-12-31,13,744.4195250659631,459.7755555555555,213.88888888888889,661.0774416471216,459.7755555555555,-284.64396951040754
2024-12-31 13:00:00,2024-12-31,14,708.9709762532982,406.03555555555556,188.88888888888889,556.8889200072451,406.03555555555556,-302.93542069774264
2024-12-31 14:00:00,2024-12-31,15,439.5620052770449,220.9311111111111,102.77777777777777,394.8695671384414,220.9311111111111,-218.63089416593377
2024-12-31 15:00:00,2024-12-31,16,255.22955145118735,161.22,75.0,191.39182067922167,161.22,-94.00955145118735
2024-12-31 16:00:00,2024-12-31,17,63.80738786279684,21.71576898560725,10.102237153706389,8.418530961421991,21.71576898560725,-42.09161887718959
2024-12-31 17:00:00,2024-12-31,18,0.0,0.0,0.0,0.0,0.0,0.0
2024-12-31 18:00:00,2024-12-31,19,0.0,0.0,0.0,0.0,0.0,0.0
2024-12-31 19:00:00,2024-12-31,20,0.0,0.0,0.0,0.0,0.0,0.0
2024-12-31 20:00:00,2024-12-31,21,0.0,0.0,0.0,0.0,0.0,0.0
2024-12-31 21:00:00,2024-12-31,22,0.0,0.0,0.0,0.0,0.0,0.0
2024-12-31 22:00:00,2024-12-31,23,0.0,0.0,0.0,0.0,0.0,0.0
2024-12-31 23:00:00,2024-12-31,24,0.0,0.0,0.0,0.0,0.0,0.0
2025-01-01 00:00:00,2025-01-01,1,0.0,0.0,0.0,0.0,0.0,0.0
2025-01-01 01:00:00,2025-01-01,2,0.0,0.0,0.0,0.0,0.0,0.0
2025-01-01 02:00:00,2025-01-01,3,0.0,0.0,0.0,0.0,0.0,0.0
2025-01-01 03:00:00,2025-01-01,4,0.0,0.0,0.0,0.0,0.0,0.0
2025-01-01 04:00:00,2025-01-01,5,0.0,0.0,0.0,0.0,0.0,0.0
2025-01-01 05:00:00,2025-01-01,6,0.0,0.0,0.0,0.0,0.0,0.0
2025-01-01 06:00:00,2025-01-01,7,0.0,11.942222222222222,5.555555555555555,18.016339468330568,11.942222222222222,11.942222222222222
2025-01-01 07:00:00,2025-01-01,8,120.52506596306068,131.36444444444444,61.111111111111114,211.8478353557158,131.36444444444444,10.839378481383761
2025-01-01 08:00:00,2025-01-01,9,141.79419525065964,167.1911111111111,77.77777777777777,412.8167022120041,167.1911111111111,25.396915860451458
2025-01-01 09:00:00,2025-01-01,10,226.8707124010554,262.7288888888889,122.22222222222223,570.1875759906965,262.7288888888889,35.858176487833475
2025-01-01 10:00:00,2025-01-01,11,333.21635883905014,280.6422222222222,130.55555555555554,668.6686303583921,280.6422222222222,-52.57413661682796
2025-01-01 11:00:00,2025-01-01,12,361.57519788918205,304.52666666666664,141.66666666666666,700.397311973433,304.52666666666664,-57.04853122251541
2025-01-01 12:00:00,2025-01-01,13,333.21635883905014,322.44,150.0,662.9590466782262,322.44,-10.776358839050147
2025-01-01 13:00:00,2025-01-01,14,368.66490765171505,352.2955555555556,163.88888888888889,559.2043535338146,352.2955555555556,-16.369352096159446
2025-01-01 14:00:00,2025-01-01,15,212.69129287598946,214.96,100.0,397.48020750120776,214.96,2.2687071240105467
2025-01-01 15:00:00,2025-01-01,16,63.80738786279684,77.62444444444446,36.111111111111114,194.03587399527314,77.62444444444446,13.817056581647627
2025-01-01 16:00:00,2025-01-01,17,21.269129287598943,24.17037045340949,11.244124699204265,9.370103916003554,24.17037045340949,2.9012411658105464
2025-01-01 17:00:00,2025-01-01,18,0.0,0.0,0.0,0.0,0.0,0.0
2025-01-01 18:00:00,2025-01-01,19,0.0,0.0,0.0,0.0,0.0,0.0
2025-01-01 19:00:00,2025-01-01,20,0.0,0.0,0.0,0.0,0.0,0.0
2025-01-01 20:00:00,2025-01-01,21,0.0,0.0,0.0,0.0,0.0,0.0
2025-01-01 21:00:00,2025-01-01,22,0.0,0.0,0.0,0.0,0.0,0.0
2025-01-01 22:00:00,2025-01-01,23,0.0,0.0,0.0,0.0,0.0,0.0
2025-01-01 23:00:00,2025-01-01,24,0.0,0.0,0.0,0.0,0.0,0.0
2025-01-02 00:00:00,2025-01-02,1,0.0,0.0,0.0,0.0,0.0,0.0
2025-01-02 01:00:00,2025-01-02,2,0.0,0.0,0.0,0.0,0.0,0.0
2025-01-02 02:00:00,2025-01-02,3,0.0,0.0,0.0,0.0,0.0,0.0
2025-01-02 03:00:00,2025-01-02,4,0.0,0.0,0.0,0.0,0.0,0.0
2025-01-02 04:00:00,2025-01-02,5,0.0,0.0,0.0,0.0,0.0,0.0
2025-01-02 05:00:00,2025-01-02,6,0.0,0.0,0.0,0.0,0.0,0.0
2025-01-02 06:00:00,2025-01-02,7,0.0,5.971111111111111,2.7777777777777777,17.508821366147764,5.971111111111111,5.971111111111111
2025-01-02 07:00:00,2025-01-02,8,21.269129287598943,53.74,25.0,211.20200950328282,53.74,32.47087071240106
2025-01-02 08:00:00,2025-01-02,9,198.51187335092348,244.81555555555556,113.88888888888889,412.6141705246145,244.81555555555556,46.30368220463208
2025-01-02 09:00:00,2025-01-02,10,241.05013192612137,328.41111111111115,152.77777777777777,570.5280789140013,328.41111111111115,87.36097918498979
2025-01-02 10:00:00,2025-01-02,11,475.0105540897098,632.9377777777778,294.44444444444446,669.5869376868181,632.9377777777778,157.927223688068
2025-01-02 11:00:00,2025-01-02,12,942.9313984168865,865.8111111111111,402.77777777777777,701.8832051583447,865.8111111111111,-77.12028730577538
2025-01-02 12:00:00,2025-01-02,13,751.509234828496,585.1688888888889,272.22222222222223,664.9600330858003,585.1688888888889,-166.34034593960712
2025-01-02 13:00:00,2025-01-02,14,652.2532981530343,597.1111111111112,277.77777777777777,561.6264656419544,597.1111111111112,-55.14218704192308
2025-01-02 14:00:00,2025-01-02,15,567.1767810026386,519.4866666666667,241.66666666666666,400.18129436212365,519.4866666666667,-47.690114335971884
2025-01-02 15:00:00,2025-01-02,16,170.15303430079155,185.10444444444448,86.11111111111111,196.75242899688055,185.10444444444448,14.951410143652936
2025-01-02 16:00:00,2025-01-02,17,56.71767810026385,26.817365875793957,12.475514456547245,10.396262047122704,26.817365875793957,-29.900312224469896
2025-01-02 17:00:00,2025-01-02,18,0.0,0.0,0.0,0.0,0.0,0.0
2025-01-02 18:00:00,2025-01-02,19,0.0,0.0,0.0,0.0,0.0,0.0
2025-01-02 19:00:00,2025-01-02,20,0.0,0.0,0.0,0.0,0.0,0.0
2025-01-02 20:00:00,2025-01-02,21,0.0,0.0,0.0,0.0,0.0,0.0
2025-01-02 21:00:00,2025-01-02,22,0.0,0.0,0.0,0.0,0.0,0.0
2025-01-02 22:00:00,2025-01-02,23,0.0,0.0,0.0,0.0,0.0,0.0
2025-01-02 23:00:00,2025-01-02,24,0.0,0.0,0.0,0.0,0.0,0.0
2025-01-03 00:00:00,2025-01-03,1,0.0,0.0,0.0,0.0,0.0,0.0
2025-01-03 01:00:00,2025-01-03,2,0.0,0.0,0.0,0.0,0.0,0.0
2025-01-03 02:00:00,2025-01-03,3,0.0,0.0,0.0,0.0,0.0,0.0
2025-01-03 03:00:00,2025-01-03,4,0.0,0.0,0.0,0.0,0.0,0.0
2025-01-03 04:00:00,2025-01-03,5,0.0,0.0,0.0,0.0,0.0,0.0
2025-01-03 05:00:00,2025-01-03,6,0.0,0.0,0.0,0.0,0.0,0.0
2025-01-03 06:00:00,2025-01-03,7,0.0,0.0,0.0,17.0537168873544,0.0,0.0
2025-01-03 07:00:00,2025-01-03,8,35.44854881266491,47.76888888888889,22.22222222222222,210.6564087343602,47.76888888888889,12.320340076223978
2025-01-03 08:00:00,2025-01-03,9,99.25593667546174,107.48,50.0,412.5213248499819,107.48,8.224063324538264
2025-01-03 09:00:00,2025-01-03,10,205.60158311345646,226.90222222222226,105.55555555555556,570.9809905549992,226.90222222222226,21.300639108765807
2025-01-03 10:00:00,2025-01-03,11,212.69129287598946,256.7577777777778,119.44444444444444,670.6162655442918,256.7577777777778,44.06648490178833
2025-01-03 11:00:00,2025-01-03,12,155.9736147757256,185.10444444444448,86.11111111111111,703.4752888039261,185.10444444444448,29.13082966871889
2025-01-03 12:00:00,2025-01-03,13,233.9604221635884,203.01777777777778,94.44444444444444,667.0594371866006,203.01777777777778,-30.94264438581061
2025-01-03 13:00:00,2025-01-03,14,269.40897097625333,173.16222222222223,80.55555555555556,564.1368561815289,173.16222222222223,-96.2467487540311
2025-01-03 14:00:00,2025-01-03,15,241.05013192612137,161.22,75.0,402.9588590672241,161.22,-79.83013192612137
2025-01-03 15:00:00,2025-01-03,16,120.52506596306068,89.56666666666666,41.666666666666664,199.53353110070978,89.56666666666666,-30.95839929639402
2025-01-03 16:00:00,2025-01-03,17,49.62796833773087,29.659528210381673,13.797696413463745,11.498080344553122,29.659528210381673,-19.968440127349197
2025-01-03 17:00:00,2025-01-03,18,0.0,0.0,0.0,0.0,0.0,0.0
2025-01-03 18:00:00,2025-01-03,19,0.0,0.0,0.0,0.0,0.0,0.0
2025-01-03 19:00:00,2025-01-03,20,0.0,0.0,0.0,0.0,0.0,0.0
2025-01-03 20:00:00,2025-01-03,21,0.0,0.0,0.0,0.0,0.0,0.0
2025-01-03 21:00:00,2025-01-03,22,0.0,0.0,0.0,0.0,0.0,0.0
2025-01-03 22:00:00,2025-01-03,23,0.0,0.0,0.0,0.0,0.0,0.0
2025-01-03 23:00:00,2025-01-03,24,0.0,0.0,0.0,0.0,0.0,0.0
2025-01-04 00:00:00,2025-01-04,1,0.0,0.0,0.0,0.0,0.0,0.0
2025-01-04 01:00:00,2025-01-04,2,0.0,0.0,0.0,0.0,0.0,0.0
2025-01-04 02:00:00,2025-01-04,3,0.0,0.0,0.0,0.0,0.0,0.0
2025-01-04 03:00:00,2025-01-04,4,0.0,0.0,0.0,0.0,0.0,0.0
2025-01-04 04:00:00,2025-01-04,5,0.0,0.0,0.0,0.0,0.0,0.0
2025-01-04 05:00:00,2025-01-04,6,0.0,0.0,0.0,0.0,0.0,0.0
2025-01-04 06:00:00,2025-01-04,7,0.0,0.0,0.0,16.649700261164053,0.0,0.0
2025-01-04 07:00:00,2025-01-04,8,35.44854881266491,47.76888888888889,22.22222222222222,210.2121905374839,47.76888888888889,12.320340076223978
2025-01-04 08:00:00,2025-01-04,9,184.33245382585753,203.01777777777778,94.44444444444444,412.53890263502615,203.01777777777778,18.685323951920253
2025-01-04 09:00:00,2025-01-04,10,453.7414248021108,441.8622222222222,205.55555555555554,571.5464326275421,441.8622222222222,-11.879202579888613
2025-01-04 10:00:00,2025-01-04,11,510.4591029023747,537.4,250.0,671.7560753395179,537.4,26.94089709762528
2025-01-04 11:00:00,2025-01-04,12,716.0606860158312,782.2155555555556,363.8888888888889,705.1723817419556,782.2155555555556,66.15486953972447
2025-01-04 12:00:00,2025-01-04,13,1006.7387862796834,871.7822222222223,405.55555555555554,669.2555044110595,871.7822222222223,-134.95656405746104
2025-01-04 13:00:00,2025-01-04,14,1049.2770448548813,1038.9733333333334,483.3333333333333,566.733316236451,1038.9733333333334,-10.303711521547939
2025-01-04 14:00:00,2025-01-04,15,794.0474934036939,925.5222222222222,430.55555555555554,405.8104200449867,925.5222222222222,131.47472881852832
2025-01-04 15:00:00,2025-01-04,16,439.5620052770449,513.5155555555556,238.88888888888889,202.37678427481927,513.5155555555556,73.9535502785107
2025-01-04 16:00:00,2025-01-04,17,163.06332453825857,32.69927847111284,15.211796832486433,12.676497360405362,32.69927847111284,-130.36404606714572
2025-01-04 17:00:00,2025-01-04,18,0.0,0.0,0.0,0.0,0.0,0.0
2025-01-04 18:00:00,2025-01-04,19,0.0,0.0,0.0,0.0,0.0,0.0
2025-01-04 19:00:00,2025-01-04,20,0.0,0.0,0.0,0.0,0.0,0.0
2025-01-04 20:00:00,2025-01-04,21,0.0,0.0,0.0,0.0,0.0,0.0
2025-01-04 21:00:00,2025-01-04,22,0.0,0.0,0.0,0.0,0.0,0.0
2025-01-04 22:00:00,2025-01-04,23,0.0,0.0,0.0,0.0,0.0,0.0
2025-01-04 23:00:00,2025-01-04,24,0.0,0.0,0.0,0.0,0.0,0.0
2025-01-05 00:00:00,2025-01-05,1,0.0,0.0,0.0,0.0,0.0,0.0
2025-01-05 01:00:00,2025-01-05,2,0.0,0.0,0.0,0.0,0.0,0.0
2025-01-05 02:00:00,2025-01-05,3,0.0,0.0,0.0,0.0,0.0,0.0
2025-01-05 03:00:00,2025-01-05,4,0.0,0.0,0.0,0.0,0.0,0.0
2025-01-05 04:00:00,2025-01-05,5,0.0,0.0,0.0,0.0,0.0,0.0
2025-01-05 05:00:00,2025-01-05,6,0.0,0.0,0.0,0.0,0.0,0.0
2025-01-05 06:00:00,2025-01-05,7,0.0,5.971111111111111,2.7777777777777777,16.296023834716934,5.971111111111111,5.971111111111111
2025-01-05 07:00:00,2025-01-05,8,120.52506596306068,137.33555555555557,63.888888888888886,209.87040239829008,137.33555555555557,16.81048959249489
2025-01-05 08:00:00,2025-01-05,9,368.66490765171505,376.18000000000006,175.0,412.6675147109581,376.18000000000006,7.515092348285009
2025-01-05 09:00:00,2025-01-05,10,850.7651715039578,889.6955555555556,413.8888888888889,572.2244034679551,889.6955555555556,38.9303840515978
2025-01-05 10:00:00,2025-01-05,11,935.8416886543536,871.7822222222223,405.55555555555554,673.0057181157047,871.7822222222223,-64.05946643213122
2025-01-05 11:00:00,2025-01-05,12,1623.5435356200528,1409.1822222222224,655.5555555555555,706.973212397242,1409.1822222222224,-214.36131339783037
2025-01-05 12:00:00,2025-01-05,13,1113.084432717678,686.6777777777779,319.44444444444446,671.5464147037977,686.6777777777779,-426.40665493990014
2025-01-05 13:00:00,2025-01-05,14,510.4591029023747,579.1977777777779,269.44444444444446,569.4135989652125,579.1977777777779,68.7386748754032
2025-01-05 14:00:00,2025-01-05,15,326.12664907651714,394.0933333333334,183.33333333333334,408.7334841328384,394.0933333333334,67.96668425681628
2025-01-05 15:00:00,2025-01-05,16,319.0369393139842,364.2377777777778,169.44444444444446,205.27978975453348,364.2377777777778,45.200838463793616
2025-01-05 16:00:00,2025-01-05,17,35.44854881266491,35.938076682092024,16.718494920958328,13.932079100798608,35.938076682092024,0.4895278694271141
2025-01-05 17:00:00,2025-01-05,18,0.0,0.0,0.0,0.0,0.0,0.0
2025-01-05 18:00:00,2025-01-05,19,0.0,0.0,0.0,0.0,0.0,0.0
2025-01-05 19:00:00,2025-01-05,20,0.0,0.0,0.0,0.0,0.0,0.0
2025-01-05 20:00:00,2025-01-05,21,0.0,0.0,0.0,0.0,0.0,0.0
2025-01-05 21:00:00,2025-01-05,22,0.0,0.0,0.0,0.0,0.0,0.0
2025-01-05 22:00:00,2025-01-05,23,0.0,0.0,0.0,0.0,0.0,0.0
2025-01-05 23:00:00,2025-01-05,24,0.0,0.0,0.0,0.0,0.0,0.0
2025-01-06 00:00:00,2025-01-06,1,0.0,0.0,0.0,0.0,0.0,0.0
2025-01-06 01:00:00,2025-01-06,2,0.0,0.0,0.0,0.0,0.0,0.0
2025-01-06 02:00:00,2025-01-06,3,0.0,0.0,0.0,0.0,0.0,0.0
2025-01-06 03:00:00,2025-01-06,4,0.0,0.0,0.0,0.0,0.0,0.0
2025-01-06 04:00:00,2025-01-06,5,0.0,0.0,0.0,0.0,0.0,0.0
2025-01-06 05:00:00,2025-01-06,6,0.0,0.0,0.0,0.0,0.0,0.0
2025-01-06 06:00:00,2025-01-06,7,0.0,5.971111111111111,2.7777777777777777,15.991997989307752,5.971111111111111,5.971111111111111
2025-01-06 07:00:00,2025-01-06,8,170.15303430079155,214.96,100.0,209.631954904854,214.96,44.80696569920846
2025-01-06 08:00:00,2025-01-06,9,460.83113456464383,567.2555555555556,263.8888888888889,412.90761984160724,567.2555555555556,106.42442099091176
2025-01-06 09:00:00,2025-01-06,10,737.3298153034301,949.4066666666669,441.6666666666667,573.0147575714581,949.4066666666669,212.07685136323676
2025-01-06 10:00:00,2025-01-06,11,1417.9419525065964,1247.9622222222222,580.5555555555555,674.364420296954,1247.9622222222222,-169.97973028437423
2025-01-06 11:00:00,2025-01-06,12,942.9313984168865,1337.5288888888888,622.2222222222222,708.8764114456742,1337.5288888888888,394.5974904720023
2025-01-06 12:00:00,2025-01-06,13,1524.287598944591,728.4755555555556,338.8888888888889,673.9302822022217,728.4755555555556,-795.8120433890355
2025-01-06 13:00:00,2025-01-06,14,1063.4564643799472,1021.0600000000001,475.0,572.1754258538315,1021.0600000000001,-42.39646437994713
2025-01-06 14:00:00,2025-01-06,15,921.6622691292877,907.608888888889,422.22222222222223,411.725558354499,907.608888888889,-14.05338024039861
2025-01-06 15:00:00,2025-01-06,16,496.27968337730874,537.1596626966384,249.88819440669818,208.24016200558182,537.1596626966384,40.879979319329664
2025-01-06 16:00:00,2025-01-06,17,170.15303430079155,39.376462949149484,18.318041937639318,15.265034948032765,39.376462949149484,-130.77657135164208
2025-01-06 17:00:00,2025-01-06,18,7.089709762532982,0.0,0.0,0.0,0.0,-7.089709762532982
2025-01-06 18:00:00,2025-01-06,19,0.0,0.0,0.0,0.0,0.0,0.0
2025-01-06 19:00:00,2025-01-06,20,0.0,0.0,0.0,0.0,0.0,0.0
2025-01-06 20:00:00,2025-01-06,21,0.0,0.0,0.0,0.0,0.0,0.0
2025-01-06 21:00:00,2025-01-06,22,0.0,0.0,0.0,0.0,0.0,0.0
2025-01-06 22:00:00,2025-01-06,23,0.0,0.0,0.0,0.0,0.0,0.0
2025-01-06 23:00:00,2025-01-06,24,0.0,0.0,0.0,0.0,0.0,0.0
2025-01-07 00:00:00,2025-01-07,1,0.0,0.0,0.0,0.0,0.0,0.0
2025-01-07 01:00:00,2025-01-07,2,0.0,0.0,0.0,0.0,0.0,0.0
2025-01-07 02:00:00,2025-01-07,3,0.0,0.0,0.0,0.0,0.0,0.0
2025-01-07 03:00:00,2025-01-07,4,0.0,0.0,0.0,0.0,0.0,0.0
2025-01-07 04:00:00,2025-01-07,5,0.0,0.0,0.0,0.0,0.0,0.0
2025-01-07 05:00:00,2025-01-07,6,0.0,0.0,0.0,0.0,0.0,0.0
2025-01-07 06:00:00,2025-01-07,7,0.0,5.971111111111111,2.7777777777777777,15.736999374087217,5.971111111111111,5.971111111111111
2025-01-07 07:00:00,2025-01-07,8,120.52506596306068,208.98888888888888,97.22222222222223,209.49760238411048,208.98888888888888,88.4638229258282
2025-01-07 08:00:00,2025-01-07,9,425.3825857519789,609.0533333333333,283.3333333333333,413.25950671947294,609.0533333333333,183.67074758135436
2025-01-07 09:00:00,2025-01-07,10,914.5725593667546,997.1755555555557,463.8888888888889,573.9171914732934,997.1755555555557,82.60299618880106
2025-01-07 10:00:00,2025-01-07,11,1467.5699208443273,1134.5111111111112,527.7777777777778,675.8312744212827,1134.5111111111112,-333.0588097332161
2025-01-07 11:00:00,2025-01-07,12,1616.4538258575199,1247.9622222222222,580.5555555555555,710.8805077529195,1247.9622222222222,-368.4916036352977
2025-01-07 12:00:00,2025-01-07,13,794.0474934036939,752.3600000000001,350.0,676.4051562842991,752.3600000000001,-41.68749340369379
2025-01-07 13:00:00,2025-01-07,14,560.0870712401055,615.0244444444445,286.1111111111111,575.016492364678,615.0244444444445,54.937373204338996
2025-01-07 14:00:00,2025-01-07,15,531.7282321899736,609.0533333333333,283.3333333333333,414.78415948097364,609.0533333333333,77.32510114335969
2025-01-07 15:00:00,2025-01-07,16,439.5620052770449,453.8044444444445,211.11111111111111,211.2555411324057,453.8044444444445,14.242439167399652
2025-01-07 16:00:00,2025-01-07,17,120.52506596306068,43.01411106615652,20.010286130515684,16.675238442096404,43.01411106615652,-77.51095489690417
2025-01-07 17:00:00,2025-01-07,18,0.0,0.0,0.0,0.0,0.0,0.0
2025-01-07 18:00:00,2025-01-07,19,0.0,0.0,0.0,0.0,0.0,0.0
2025-01-07 19:00:00,2025-01-07,20,0.0,0.0,0.0,0.0,0.0,0.0
2025-01-07 20:00:00,2025-01-07,21,0.0,0.0,0.0,0.0,0.0,0.0
2025-01-07 21:00:00,2025-01-07,22,0.0,0.0,0.0,0.0,0.0,0.0
2025-01-07 22:00:00,2025-01-07,23,0.0,0.0,0.0,0.0,0.0,0.0
2025-01-07 23:00:00,2025-01-07,24,0.0,0.0,0.0,0.0,0.0,0.0
2025-01-08 00:00:00,2025-01-08,1,0.0,0.0,0.0,0.0,0.0,0.0
2025-01-08 01:00:00,2025-01-08,2,0.0,0.0,0.0,0.0,0.0,0.0
2025-01-08 02:00:00,2025-01-08,3,0.0,0.0,0.0,0.0,0.0,0.0
2025-01-08 03:00:00,2025-01-08,4,0.0,0.0,0.0,0.0,0.0,0.0
2025-01-08 04:00:00,2025-01-08,5,0.0,0.0,0.0,0.0,0.0,0.0
2025-01-08 05:00:00,2025-01-08,6,0.0,0.0,0.0,0.0,0.0,0.0
2025-01-08 06:00:00,2025-01-08,7,0.0,0.0,0.0,15.530483044813925,0.0,0.0
2025-01-08 07:00:00,2025-01-08,8,21.269129287598943,41.797777777777775,19.444444444444443,209.46793449278192,41.797777777777775,20.52864849017883
2025-01-08 08:00:00,2025-01-08,9,77.9868073878628,83.59555555555555,38.888888888888886,413.7232868367061,83.59555555555555,5.608748167692752
2025-01-08 09:00:00,2025-01-08,10,99.25593667546174,131.36444444444444,61.111111111111114,574.9312392295002,131.36444444444444,32.108507768982705
2025-01-08 10:00:00,2025-01-08,11,319.0369393139842,394.0933333333334,183.33333333333334,677.4052375713787,394.0933333333334,75.05639401934923
2025-01-08 11:00:00,2025-01-08,12,772.778364116095,692.6488888888889,322.22222222222223,712.9839296638613,692.6488888888889,-80.12947522720606
2025-01-08 12:00:00,2025-01-08,13,1070.5461741424801,686.6777777777779,319.44444444444446,678.9690254466169,686.6777777777779,-383.8683963647022
2025-01-08 13:00:00,2025-01-08,14,843.6754617414248,824.0133333333334,383.3333333333333,577.9344739775103,824.0133333333334,-19.66212840809135
2025-01-08 14:00:00,2025-01-08,15,418.2928759894459,441.8622222222222,205.55555555555554,417.9068214258858,441.8622222222222,23.569346232776297
2025-01-08 15:00:00,2025-01-08,16,205.60158311345646,244.81555555555556,113.88888888888889,214.32360160522708,244.81555555555556,39.213972442099106
2025-01-08 16:00:00,2025-01-08,17,92.16622691292876,46.849889463864976,21.794701090372616,18.16225090864385,46.849889463864976,-45.31633744906379
2025-01-08 17:00:00,2025-01-08,18,0.0,0.0,0.0,0.0,0.0,0.0
2025-01-08 18:00:00,2025-01-08,19,0.0,0.0,0.0,0.0,0.0,0.0
2025-01-08 19:00:00,2025-01-08,20,0.0,0.0,0.0,0.0,0.0,0.0
2025-01-08 20:00:00,2025-01-08,21,0.0,0.0,0.0,0.0,0.0,0.0
2025-01-08 21:00:00,2025-01-08,22,0.0,0.0,0.0,0.0,0.0,0.0
2025-01-08 22:00:00,2025-01-08,23,0.0,0.0,0.0,0.0,0.0,0.0
2025-01-08 23:00:00,2025-01-08,24,0.0,0.0,0.0,0.0,0.0,0.0
2025-01-09 00:00:00,2025-01-09,1,0.0,0.0,0.0,0.0,0.0,0.0
2025-01-09 01:00:00,2025-01-09,2,0.0,0.0,0.0,0.0,0.0,0.0
2025-01-09 02:00:00,2025-01-09,3,0.0,0.0,0.0,0.0,0.0,0.0
2025-01-09 03:00:00,2025-01-09,4,0.0,0.0,0.0,0.0,0.0,0.0
2025-01-09 04:00:00,2025-01-09,5,0.0,0.0,0.0,0.0,0.0,0.0
2025-01-09 05:00:00,2025-01-09,6,0.0,0.0,0.0,0.0,0.0,0.0
2025-01-09 06:00:00,2025-01-09,7,0.0,0.0,0.0,15.37199837363395,0.0,0.0
2025-01-09 07:00:00,2025-01-09,8,14.179419525065963,29.85555555555556,13.88888888888889,209.54338000633206,29.85555555555556,15.676136030489598
2025-01-09 08:00:00,2025-01-09,9,56.71767810026385,71.65333333333335,33.333333333333336,414.29889920381953,71.65333333333335,14.935655233069497
2025-01-09 09:00:00,2025-01-09,10,191.4221635883905,179.13333333333333,83.33333333333333,576.0562783938461,179.13333333333333,-12.288830255057178
2025-01-09 10:00:00,2025-01-09,11,276.4986807387863,262.7288888888889,122.22222222222223,679.0851381352892,262.7288888888889,-13.769791849897388
2025-01-09 11:00:00,2025-01-09,12,233.9604221635884,232.87333333333333,108.33333333333333,715.185012156172,232.87333333333333,-1.0870888302550554
2025-01-09 12:00:00,2025-01-09,13,163.06332453825857,167.1911111111111,77.77777777777777,681.6198243476543,167.1911111111111,4.1277865728525285
2025-01-09 13:00:00,2025-01-09,14,163.06332453825857,161.22,75.0,580.9270325811435,161.22,-1.843324538258571
2025-01-09 14:00:00,2025-01-09,15,92.16622691292876,107.48,50.0,421.0911007799639,107.48,15.31377308707124
2025-01-09 15:00:00,2025-01-09,16,14.179419525065963,35.826666666666675,16.666666666666668,217.44205711291082,35.826666666666675,21.64724714160071
2025-01-09 16:00:00,2025-01-09,17,0.0,11.942222222222222,5.555555555555555,19.72534632012832,11.942222222222222,11.942222222222222
2025-01-09 17:00:00,2025-01-09,18,0.0,0.0,0.0,0.0,0.0,0.0
2025-01-09 18:00:00,2025-01-09,19,0.0,0.0,0.0,0.0,0.0,0.0
2025-01-09 19:00:00,2025-01-09,20,0.0,0.0,0.0,0.0,0.0,0.0
2025-01-09 20:00:00,2025-01-09,21,0.0,0.0,0.0,0.0,0.0,0.0
2025-01-09 21:00:00,2025-01-09,22,0.0,0.0,0.0,0.0,0.0,0.0
2025-01-09 22:00:00,2025-01-09,23,0.0,0.0,0.0,0.0,0.0,0.0
2025-01-09 23:00:00,2025-01-09,24,0.0,0.0,0.0,0.0,0.0,0.0
2025-01-10 00:00:00,2025-01-10,1,0.0,0.0,0.0,0.0,0.0,0.0
2025-01-10 01:00:00,2025-01-10,2,0.0,0.0,0.0,0.0,0.0,0.0
2025-01-10 02:00:00,2025-01-10,3,0.0,0.0,0.0,0.0,0.0,0.0
2025-01-10 03:00:00,2025-01-10,4,0.0,0.0,0.0,0.0,0.0,0.0
2025-01-10 04:00:00,2025-01-10,5,0.0,0.0,0.0,0.0,0.0,0.0
2025-01-10 05:00:00,2025-01-10,6,0.0,0.0,0.0,0.0,0.0,0.0
2025-01-10 06:00:00,2025-01-10,7,0.0,0.0,0.0,15.261208074715125,0.0,0.0
2025-01-10 07:00:00,2025-01-10,8,0.0,5.971111111111111,2.7777777777777777,209.72422186156572,5.971111111111111,5.971111111111111
2025-01-10 08:00:00,2025-01-10,9,35.44854881266491,35.826666666666675,16.666666666666668,414.9861262851947,35.826666666666675,0.3781178540017649
2025-01-10 09:00:00,2025-01-10,10,92.16622691292876,71.65333333333335,33.333333333333336,577.2915456208814,71.65333333333335,-20.512893579595413
2025-01-10 10:00:00,2025-01-10,11,120.52506596306068,101.50888888888889,47.22222222222222,680.8696903051402,101.50888888888889,-19.016177074171793
2025-01-10 11:00:00,2025-01-10,12,163.06332453825857,131.36444444444444,61.111111111111114,717.4820093714436,131.36444444444444,-31.698880093814125
2025-01-10 12:00:00,2025-01-10,13,134.70448548812666,167.1911111111111,77.77777777777777,684.3554437267619,167.1911111111111,32.486625622984434
2025-01-10 13:00:00,2025-01-10,14,191.4221635883905,220.9311111111111,102.77777777777777,583.9918233787009,220.9311111111111,29.508947522720604
2025-01-10 14:00:00,2025-01-10,15,212.69129287598946,161.22,75.0,424.3345804531671,161.22,-51.47129287598946
2025-01-10 15:00:00,2025-01-10,16,99.25593667546174,101.50888888888889,47.22222222222222,220.6086620095884,101.50888888888889,2.2529522134271502
2025-01-10 16:00:00,2025-01-10,17,21.269129287598943,41.797777777777775,19.444444444444443,21.36353601946958,41.797777777777775,20.52864849017883
2025-01-10 17:00:00,2025-01-10,18,0.0,0.0,0.0,0.0,0.0,0.0
2025-01-10 18:00:00,2025-01-10,19,0.0,0.0,0.0,0.0,0.0,0.0
2025-01-10 19:00:00,2025-01-10,20,0.0,0.0,0.0,0.0,0.0,0.0
2025-01-10 20:00:00,2025-01-10,21,0.0,0.0,0.0,0.0,0.0,0.0
2025-01-10 21:00:00,2025-01-10,22,0.0,0.0,0.0,0.0,0.0,0.0
2025-01-10 22:00:00,2025-01-10,23,0.0,0.0,0.0,0.0,0.0,0.0
2025-01-10 23:00:00,2025-01-10,24,0.0,0.0,0.0,0.0,0.0,0.0
2025-01-11 00:00:00,2025-01-11,1,0.0,0.0,0.0,0.0,0.0,0.0
2025-01-11 01:00:00,2025-01-11,2,0.0,0.0,0.0,0.0,0.0,0.0
2025-01-11 02:00:00,2025-01-11,3,0.0,0.0,0.0,0.0,0.0,0.0
2025-01-11 03:00:00,2025-01-11,4,0.0,0.0,0.0,0.0,0.0,0.0
2025-01-11 04:00:00,2025-01-11,5,0.0,0.0,0.0,0.0,0.0,0.0
2025-01-11 05:00:00,2025-01-11,6,0.0,0.0,0.0,0.0,0.0,0.0
2025-01-11 06:00:00,2025-01-11,7,0.0,5.971111111111111,2.7777777777777777,15.197908790246048,5.971111111111111,5.971111111111111
2025-01-11 07:00:00,2025-01-11,8,49.62796833773087,53.74,25.0,210.01062088033748,53.74,4.112031662269132
2025-01-11 08:00:00,2025-01-11,9,92.16622691292876,89.56666666666666,41.666666666666664,415.7846181651848,89.56666666666666,-2.599560246262101
2025-01-11 09:00:00,2025-01-11,10,248.13984168865437,244.81555555555556,113.88888888888889,578.636159538112,244.81555555555556,-3.324286133098809
2025-01-11 10:00:00,2025-01-11,11,233.9604221635884,214.96,100.0,682.7575141392316,214.96,-19.000422163588382
2025-01-11 11:00:00,2025-01-11,12,283.5883905013193,226.90222222222226,105.55555555555556,719.87311088446,226.90222222222226,-56.68616827909702
2025-01-11 12:00:00,2025-01-11,13,184.33245382585753,137.33555555555557,63.888888888888886,687.1737421748554,137.33555555555557,-46.996898270301955
2025-01-11 13:00:00,2025-01-11,14,113.4353562005277,143.3066666666667,66.66666666666667,587.1265017939214,143.3066666666667,29.871310466138993
2025-01-11 14:00:00,2025-01-11,15,77.9868073878628,125.39333333333335,58.333333333333336,427.63487179638395,125.39333333333335,47.40652594547055
2025-01-11 15:00:00,2025-01-11,16,70.89709762532982,89.56666666666666,41.666666666666664,223.82121001343125,89.56666666666666,18.669569041336842
2025-01-11 16:00:00,2025-01-11,17,21.269129287598943,35.826666666666675,16.666666666666668,23.07559248474651,35.826666666666675,14.557537379067732
2025-01-11 17:00:00,2025-01-11,18,0.0,0.0,0.0,0.0,0.0,0.0
2025-01-11 18:00:00,2025-01-11,19,0.0,0.0,0.0,0.0,0.0,0.0
2025-01-11 19:00:00,2025-01-11,20,0.0,0.0,0.0,0.0,0.0,0.0
2025-01-11 20:00:00,2025-01-11,21,0.0,0.0,0.0,0.0,0.0,0.0
2025-01-11 21:00:00,2025-01-11,22,0.0,0.0,0.0,0.0,0.0,0.0
2025-01-11 22:00:00,2025-01-11,23,0.0,0.0,0.0,0.0,0.0,0.0
2025-01-11 23:00:00,2025-01-11,24,0.0,0.0,0.0,0.0,0.0,0.0
2025-01-12 00:00:00,2025-01-12,1,0.0,0.0,0.0,0.0,0.0,0.0
2025-01-12 01:00:00,2025-01-12,2,0.0,0.0,0.0,0.0,0.0,0.0
2025-01-12 02:00:00,2025-01-12,3,0.0,0.0,0.0,0.0,0.0,0.0
2025-01-12 03:00:00,2025-01-12,4,0.0,0.0,0.0,0.0,0.0,0.0
2025-01-12 04:00:00,2025-01-12,5,0.0,0.0,0.0,0.0,0.0,0.0
2025-01-12 05:00:00,2025-01-12,6,0.0,0.0,0.0,0.0,0.0,0.0
2025-01-12 06:00:00,2025-01-12,7,0.0,5.971111111111111,2.7777777777777777,15.182051407168982,5.971111111111111,5.971111111111111
2025-01-12 07:00:00,2025-01-12,8,113.4353562005277,232.87333333333333,108.33333333333333,210.4026435100955,232.87333333333333,119.43797713280563
2025-01-12 08:00:00,2025-01-12,9,482.10026385224273,758.3311111111111,352.77777777777777,416.6939204457436,758.3311111111111,276.2308472588684
2025-01-12 09:00:00,2025-01-12,10,1084.7255936675463,835.9555555555555,388.8888888888889,580.0891461765676,835.9555555555555,-248.77003811199074
2025-01-12 10:00:00,2025-01-12,11,1460.4802110817943,567.2555555555556,263.8888888888889,684.747157126537,567.2555555555556,-893.2246555262387
2025-01-12 11:00:00,2025-01-12,12,1765.3377308707124,1253.9333333333334,583.3333333333334,722.3564583344622,1253.9333333333334,-511.40439753737905
2025-01-12 12:00:00,2025-01-12,13,1736.9788918205804,1313.6444444444446,611.1111111111111,690.0725571496966,1313.6444444444446,-423.3344473761358
2025-01-12 13:00:00,2025-01-12,14,1474.6596306068602,1325.5866666666666,616.6666666666666,590.3287286078981,1325.5866666666666,-149.07296394019363
2025-01-12 14:00:00,2025-01-12,15,1226.519788918206,1111.746329829157,517.1875371367496,430.9896142806247,1111.746329829157,-114.77345908904886
2025-01-12 15:00:00,2025-01-12,16,701.8812664907651,585.7510301365758,272.49303597719376,227.0775299809948,585.7510301365758,-116.13023635418938
2025-01-12 16:00:00,2025-01-12,17,170.15303430079155,64.12705143733159,29.832085707727757,24.860071423106465,64.12705143733159,-106.02598286345996
2025-01-12 17:00:00,2025-01-12,18,7.089709762532982,0.0,0.0,0.0,0.0,-7.089709762532982
2025-01-12 18:00:00,2025-01-12,19,0.0,0.0,0.0,0.0,0.0,0.0
2025-01-12 19:00:00,2025-01-12,20,0.0,0.0,0.0,0.0,0.0,0.0
2025-01-12 20:00:00,2025-01-12,21,0.0,0.0,0.0,0.0,0.0,0.0
2025-01-12 21:00:00,2025-01-12,22,0.0,0.0,0.0,0.0,0.0,0.0
2025-01-12 22:00:00,2025-01-12,23,0.0,0.0,0.0,0.0,0.0,0.0
2025-01-12 23:00:00,2025-01-12,24,0.0,0.0,0.0,0.0,0.0,0.0
2025-01-13 00:00:00,2025-01-13,1,0.0,0.0,0.0,0.0,0.0,0.0
2025-01-13 01:00:00,2025-01-13,2,0.0,0.0,0.0,0.0,0.0,0.0
2025-01-13 02:00:00,2025-01-13,3,0.0,0.0,0.0,0.0,0.0,0.0
2025-01-13 03:00:00,2025-01-13,4,0.0,0.0,0.0,0.0,0.0,0.0
2025-01-13 04:00:00,2025-01-13,5,0.0,0.0,0.0,0.0,0.0,0.0
2025-01-13 05:00:00,2025-01-13,6,0.0,0.0,0.0,0.0,0.0,0.0
2025-01-13 06:00:00,2025-01-13,7,0.0,5.971111111111111,2.7777777777777777,15.213758624592565,5.971111111111111,5.971111111111111
2025-01-13 07:00:00,2025-01-13,8,120.52506596306068,226.90222222222226,105.55555555555556,210.90028771848986,226.90222222222226,106.37715625916158
2025-01-13 08:00:00,2025-01-13,9,489.18997361477574,650.8511111111111,302.77777777777777,417.7134995293872,650.8511111111111,161.66113749633536
2025-01-13 09:00:00,2025-01-13,10,1035.0976253298154,1044.9444444444446,486.1111111111111,581.6494611804783,1044.9444444444446,9.84681911462917
2025-01-13 10:00:00,2025-01-13,11,1545.55672823219,1373.3555555555558,638.8888888888889,686.837111910068,1373.3555555555558,-172.2011726766341
2025-01-13 11:00:00,2025-01-13,12,1765.3377308707124,1528.6044444444444,711.1111111111111,724.9301577186591,1528.6044444444444,-236.73328642626802
2025-01-13 12:00:00,2025-01-13,13,1758.2480211081795,1552.4888888888888,722.2222222222222,693.0497114111105,1552.4888888888888,-205.75913221929068
2025-01-13 13:00:00,2025-01-13,14,1495.928759894459,1415.1533333333334,658.3333333333334,593.5961706066697,1415.1533333333334,-80.77542656112564
2025-01-13 14:00:00,2025-01-13,15,1198.1609498680739,1120.5343841869824,521.2757648804346,434.39647073369554,1120.5343841869824,-77.6265656810915
2025-01-13 15:00:00,2025-01-13,16,687.7018469656992,594.2581527422931,276.45057347520145,230.3754778960012,594.2581527422931,-93.44369422340617
2025-01-13 16:00:00,2025-01-13,17,177.24274406332455,68.91273061518528,32.05839719723915,26.715330997699297,68.91273061518528,-108.33001344813927
2025-01-13 17:00:00,2025-01-13,18,7.089709762532982,0.0,0.0,0.0,0.0,-7.089709762532982
2025-01-13 18:00:00,2025-01-13,19,0.0,0.0,0.0,0.0,0.0,0.0
2025-01-13 19:00:00,2025-01-13,20,0.0,0.0,0.0,0.0,0.0,0.0
2025-01-13 20:00:00,2025-01-13,21,0.0,0.0,0.0,0.0,0.0,0.0
2025-01-13 21:00:00,2025-01-13,22,0.0,0.0,0.0,0.0,0.0,0.0
2025-01-13 22:00:00,2025-01-13,23,0.0,0.0,0.0,0.0,0.0,0.0
2025-01-13 23:00:00,2025-01-13,24,0.0,0.0,0.0,0.0,0.0,0.0
2025-01-14 00:00:00,2025-01-14,1,0.0,0.0,0.0,0.0,0.0,0.0
2025-01-14 01:00:00,2025-01-14,2,0.0,0.0,0.0,0.0,0.0,0.0
2025-01-14 02:00:00,2025-01-14,3,0.0,0.0,0.0,0.0,0.0,0.0
2025-01-14 03:00:00,2025-01-14,4,0.0,0.0,0.0,0.0,0.0,0.0
2025-01-14 04:00:00,2025-01-14,5,0.0,0.0,0.0,0.0,0.0,0.0
2025-01-14 05:00:00,2025-01-14,6,0.0,0.0,0.0,0.0,0.0,0.0
2025-01-14 06:00:00,2025-01-14,7,7.089709762532982,11.942222222222222,5.555555555555555,15.293337876223177,11.942222222222222,4.85251245968924
2025-01-14 07:00:00,2025-01-14,8,205.60158311345646,226.90222222222226,105.55555555555556,211.50350210577844,226.90222222222226,21.300639108765807
2025-01-14 08:00:00,2025-01-14,9,475.0105540897098,615.0244444444445,286.1111111111111,418.8427601350936,615.0244444444445,140.0138903547347
2025-01-14 09:00:00,2025-01-14,10,1006.7387862796834,1021.0600000000001,475.0,583.3160037623664,1021.0600000000001,14.321213720316678
2025-01-14 10:00:00,2025-01-14,11,1474.6596306068602,1331.5577777777778,619.4444444444445,689.0258255282833,1331.5577777777778,-143.10185282908242
2025-01-14 11:00:00,2025-01-14,12,1687.3509234828496,1498.7488888888886,697.2222222222222,727.5922834210623,1498.7488888888886,-188.60203459396098
2025-01-14 12:00:00,2025-01-14,13,1708.6200527704486,1510.6911111111112,702.7777777777778,696.1030116904483,1510.6911111111112,-197.9289416593374
2025-01-14 13:00:00,2025-01-14,14,1425.0316622691294,1355.4422222222222,630.5555555555555,596.9264941232079,1355.4422222222222,-69.58944004690716
2025-01-14 14:00:00,2025-01-14,15,1042.1873350923483,1056.8866666666668,491.6666666666667,437.8531167394356,1056.8866666666668,14.699331574318421
2025-01-14 15:00:00,2025-01-14,16,496.27968337730874,602.8671618480539,280.45550886120856,233.71292405100712,602.8671618480539,106.58747847074517
2025-01-14 16:00:00,2025-01-14,17,155.9736147757256,73.8762853332592,34.36745689117008,28.6395474093084,73.8762853332592,-82.09732944246639
2025-01-14 17:00:00,2025-01-14,18,7.089709762532982,0.0,0.0,0.0,0.0,-7.089709762532982
2025-01-14 18:00:00,2025-01-14,19,0.0,0.0,0.0,0.0,0.0,0.0
2025-01-14 19:00:00,2025-01-14,20,0.0,0.0,0.0,0.0,0.0,0.0
2025-01-14 20:00:00,2025-01-14,21,0.0,0.0,0.0,0.0,0.0,0.0
2025-01-14 21:00:00,2025-01-14,22,0.0,0.0,0.0,0.0,0.0,0.0
2025-01-14 22:00:00,2025-01-14,23,0.0,0.0,0.0,0.0,0.0,0.0
2025-01-14 23:00:00,2025-01-14,24,0.0,0.0,0.0,0.0,0.0,0.0
2025-01-15 00:00:00,2025-01-15,1,0.0,0.0,0.0,0.0,0.0,0.0
2025-01-15 01:00:00,2025-01-15,2,0.0,0.0,0.0,0.0,0.0,0.0
2025-01-15 02:00:00,2025-01-15,3,0.0,0.0,0.0,0.0,0.0,0.0
2025-01-15 03:00:00,2025-01-15,4,0.0,0.0,0.0,0.0,0.0,0.0
2025-01-15 04:00:00,2025-01-15,5,0.0,0.0,0.0,0.0,0.0,0.0
2025-01-15 05:00:00,2025-01-15,6,0.0,0.0,0.0,0.0,0.0,0.0
2025-01-15 06:00:00,2025-01-15,7,0.0,0.0,0.0,15.421288892495378,0.0,0.0
2025-01-15 07:00:00,2025-01-15,8,7.089709762532982,11.942222222222222,5.555555555555555,212.2121960276293,11.942222222222222,4.85251245968924
2025-01-15 08:00:00,2025-01-15,9,28.358839050131927,35.826666666666675,16.666666666666668,420.08105320994144,35.826666666666675,7.467827616534748
2025-01-15 09:00:00,2025-01-15,10,70.89709762532982,83.59555555555555,38.888888888888886,585.0876207367791,83.59555555555555,12.698457930225729
2025-01-15 10:00:00,2025-01-15,11,99.25593667546174,89.56666666666666,41.666666666666664,691.3116991013462,89.56666666666666,-9.689270008795077
2025-01-15 11:00:00,2025-01-15,12,77.9868073878628,83.59555555555555,38.888888888888886,730.3408732890882,83.59555555555555,5.608748167692752
2025-01-15 12:00:00,2025-01-15,13,92.16622691292876,107.48,50.0,699.2302393398123,107.48,15.31377308707124
2025-01-15 13:00:00,2025-01-15,14,49.62796833773087,71.65333333333335,33.333333333333336,600.3173518618722,71.65333333333335,22.02536499560248
2025-01-15 14:00:00,2025-01-15,15,28.358839050131927,47.76888888888889,22.22222222222222,441.35722444626884,47.76888888888889,19.41004983875696
2025-01-15 15:00:00,2025-01-15,16,7.089709762532982,29.85555555555556,13.88888888888889,237.08773622364478,29.85555555555556,22.765845793022578
2025-01-15 16:00:00,2025-01-15,17,0.0,11.942222222222222,5.555555555555555,30.630726501736955,11.942222222222222,11.942222222222222
2025-01-15 17:00:00,2025-01-15,18,0.0,0.0,0.0,0.0,0.0,0.0
2025-01-15 18:00:00,2025-01-15,19,0.0,0.0,0.0,0.0,0.0,0.0
2025-01-15 19:00:00,2025-01-15,20,0.0,0.0,0.0,0.0,0.0,0.0
2025-01-15 20:00:00,2025-01-15,21,0.0,0.0,0.0,0.0,0.0,0.0
2025-01-15 21:00:00,2025-01-15,22,0.0,0.0,0.0,0.0,0.0,0.0
2025-01-15 22:00:00,2025-01-15,23,0.0,0.0,0.0,0.0,0.0,0.0
2025-01-15 23:00:00,2025-01-15,24,0.0,0.0,0.0,0.0,0.0,0.0
2025-01-16 00:00:00,2025-01-16,1,0.0,0.0,0.0,0.0,0.0,0.0
2025-01-16 01:00:00,2025-01-16,2,0.0,0.0,0.0,0.0,0.0,0.0
2025-01-16 02:00:00,2025-01-16,3,0.0,0.0,0.0,0.0,0.0,0.0
2025-01-16 03:00:00,2025-01-16,4,0.0,0.0,0.0,0.0,0.0,0.0
2025-01-16 04:00:00,2025-01-16,5,0.0,0.0,0.0,0.0,0.0,0.0
2025-01-16 05:00:00,2025-01-16,6,0.0,0.0,0.0,0.0,0.0,0.0
2025-01-16 06:00:00,2025-01-16,7,0.0,0.0,0.0,15.598306347374445,0.0,0.0
2025-01-16 07:00:00,2025-01-16,8,35.44854881266491,53.74,25.0,212.94801764708157,53.74,18.291451187335092
2025-01-16 08:00:00,2025-01-16,9,212.69129287598946,226.90222222222226,105.55555555555556,421.3345515939555,226.90222222222226,14.210929346232803
2025-01-16 09:00:00,2025-01-16,10,233.9604221635884,191.07555555555555,88.88888888888889,586.8641108705434,191.07555555555555,-42.88486660803284
2025-01-16 10:00:00,2025-01-16,11,893.3034300791556,764.3022222222222,355.55555555555554,693.5915055828518,764.3022222222222,-129.00120785693343
2025-01-16 11:00:00,2025-01-16,12,900.3931398416887,913.58,425.0,733.0715422834202,913.58,13.186860158311333
2025-01-16 12:00:00,2025-01-16,13,801.137203166227,764.3022222222222,355.55555555555554,702.3273778259639,764.3022222222222,-36.83498094400477
2025-01-16 13:00:00,2025-01-16,14,389.934036939314,346.32444444444445,161.11111111111111,603.6669198246243,346.32444444444445,-43.60959249486956
2025-01-16 14:00:00,2025-01-16,15,241.05013192612137,203.01777777777778,94.44444444444444,444.8122925638916,203.01777777777778,-38.032354148343586
2025-01-16 15:00:00,2025-01-16,16,56.71767810026385,59.71111111111112,27.77777777777778,240.41665700266512,59.71111111111112,2.9934330108472693
2025-01-16 16:00:00,2025-01-16,17,7.089709762532982,17.913333333333338,8.333333333333334,32.653147446283356,17.913333333333338,10.823623570800356
2025-01-16 17:00:00,2025-01-16,18,0.0,0.0,0.0,0.0,0.0,0.0
2025-01-16 18:00:00,2025-01-16,19,0.0,0.0,0.0,0.0,0.0,0.0
2025-01-16 19:00:00,2025-01-16,20,0.0,0.0,0.0,0.0,0.0,0.0
2025-01-16 20:00:00,2025-01-16,21,0.0,0.0,0.0,0.0,0.0,0.0
2025-01-16 21:00:00,2025-01-16,22,0.0,0.0,0.0,0.0,0.0,0.0
2025-01-16 22:00:00,2025-01-16,23,0.0,0.0,0.0,0.0,0.0,0.0
2025-01-16 23:00:00,2025-01-16,24,0.0,0.0,0.0,0.0,0.0,0.0
2025-01-17 00:00:00,2025-01-17,1,0.0,0.0,0.0,0.0,0.0,0.0
2025-01-17 01:00:00,2025-01-17,2,0.0,0.0,0.0,0.0,0.0,0.0
2025-01-17 02:00:00,2025-01-17,3,0.0,0.0,0.0,0.0,0.0,0.0
2025-01-17 03:00:00,2025-01-17,4,0.0,0.0,0.0,0.0,0.0,0.0
2025-01-17 04:00:00,2025-01-17,5,0.0,0.0,0.0,0.0,0.0,0.0
2025-01-17 05:00:00,2025-01-17,6,0.0,0.0,0.0,0.0,0.0,0.0
2025-01-17 06:00:00,2025-01-17,7,0.0,0.0,0.0,15.80388678520925,0.0,0.0
2025-01-17 07:00:00,2025-01-17,8,56.71767810026385,89.56666666666666,41.666666666666664,213.7105613053785,89.56666666666666,32.84898856640281
2025-01-17 08:00:00,2025-01-17,9,269.40897097625333,286.6133333333334,133.33333333333334,422.60235837108445,286.6133333333334,17.204362357080072
2025-01-17 09:00:00,2025-01-17,10,602.6253298153034,603.0822222222222,280.55555555555554,588.6440977889885,603.0822222222222,0.45689240691876876
2025-01-17 10:00:00,2025-01-17,11,815.3166226912929,782.2155555555556,363.8888888888889,695.8634308526904,782.2155555555556,-33.10106713573725
2025-01-17 11:00:00,2025-01-17,12,765.688654353562,764.3022222222222,355.55555555555554,735.7821095645628,764.3022222222222,-1.3864321313398023
2025-01-17 12:00:00,2025-01-17,13,815.3166226912929,776.2444444444444,361.1111111111111,705.3919698348647,776.2444444444444,-39.072178246848466
2025-01-17 13:00:00,2025-01-17,14,907.4828496042217,788.1866666666668,366.6666666666667,606.972556136808,788.1866666666668,-119.29618293755482
2025-01-17 14:00:00,2025-01-17,15,765.688654353562,603.0822222222222,280.55555555555554,448.2155440928664,603.0822222222222,-162.60643213133983
2025-01-17 15:00:00,2025-01-17,16,460.83113456464383,352.2955555555556,163.88888888888889,243.6965703624524,352.2955555555556,-108.53557900908822
2025-01-17 16:00:00,2025-01-17,17,134.70448548812666,89.51157577470984,41.64103822790744,34.700865189922865,89.51157577470984,-45.192909713416825
2025-01-17 17:00:00,2025-01-17,18,7.089709762532982,0.0,0.0,0.0,0.0,-7.089709762532982
2025-01-17 18:00:00,2025-01-17,19,0.0,0.0,0.0,0.0,0.0,0.0
2025-01-17 19:00:00,2025-01-17,20,0.0,0.0,0.0,0.0,0.0,0.0
2025-01-17 20:00:00,2025-01-17,21,0.0,0.0,0.0,0.0,0.0,0.0
2025-01-17 21:00:00,2025-01-17,22,0.0,0.0,0.0,0.0,0.0,0.0
2025-01-17 22:00:00,2025-01-17,23,0.0,0.0,0.0,0.0,0.0,0.0
2025-01-17 23:00:00,2025-01-17,24,0.0,0.0,0.0,0.0,0.0,0.0
2025-01-18 00:00:00,2025-01-18,1,0.0,0.0,0.0,0.0,0.0,0.0
2025-01-18 01:00:00,2025-01-18,2,0.0,0.0,0.0,0.0,0.0,0.0
2025-01-18 02:00:00,2025-01-18,3,0.0,0.0,0.0,0.0,0.0,0.0
2025-01-18 03:00:00,2025-01-18,4,0.0,0.0,0.0,0.0,0.0,0.0
2025-01-18 04:00:00,2025-01-18,5,0.0,0.0,0.0,0.0,0.0,0.0
2025-01-18 05:00:00,2025-01-18,6,0.0,0.0,0.0,0.0,0.0,0.0
2025-01-18 06:00:00,2025-01-18,7,0.0,11.942222222222222,5.555555555555555,16.03844215440205,11.942222222222222,11.942222222222222
2025-01-18 07:00:00,2025-01-18,8,148.88390501319262,226.90222222222226,105.55555555555556,214.57771182685778,226.90222222222226,78.01831720902965
2025-01-18 08:00:00,2025-01-18,9,475.0105540897098,638.908888888889,297.22222222222223,423.9767126525834,638.908888888889,163.89833479917922
2025-01-18 09:00:00,2025-01-18,10,985.4696569920844,1050.9155555555556,488.8888888888889,590.5251927585698,1050.9155555555556,65.44589856347113
2025-01-18 10:00:00,2025-01-18,11,1467.5699208443273,1391.2688888888886,647.2222222222222,698.2272309702458,1391.2688888888886,-76.3010319554387
2025-01-18 11:00:00,2025-01-18,12,1205.2506596306068,1176.3088888888888,547.2222222222222,738.5727775976006,1176.3088888888888,-28.941770741718074
2025-01-18 12:00:00,2025-01-18,13,723.1503957783641,782.2155555555556,363.8888888888889,708.5233529571359,782.2155555555556,59.065159777191525
2025-01-18 13:00:00,2025-01-18,14,432.47229551451187,364.2377777777778,169.44444444444446,610.3311583134262,364.2377777777778,-68.23451773673406
2025-01-18 14:00:00,2025-01-18,15,219.78100263852244,226.90222222222226,105.55555555555556,451.65857091925983,226.90222222222226,7.121219583699826
2025-01-18 15:00:00,2025-01-18,16,177.24274406332455,167.1911111111111,77.77777777777777,247.0060564269591,167.1911111111111,-10.051632952213453
2025-01-18 16:00:00,2025-01-18,17,49.62796833773087,77.62444444444446,36.111111111111114,36.803854945361,77.62444444444446,27.996476106713594
2025-01-18 17:00:00,2025-01-18,18,0.0,0.0,0.0,0.0,0.0,0.0
2025-01-18 18:00:00,2025-01-18,19,0.0,0.0,0.0,0.0,0.0,0.0
2025-01-18 19:00:00,2025-01-18,20,0.0,0.0,0.0,0.0,0.0,0.0
2025-01-18 20:00:00,2025-01-18,21,0.0,0.0,0.0,0.0,0.0,0.0
2025-01-18 21:00:00,2025-01-18,22,0.0,0.0,0.0,0.0,0.0,0.0
2025-01-18 22:00:00,2025-01-18,23,0.0,0.0,0.0,0.0,0.0,0.0
2025-01-18 23:00:00,2025-01-18,24,0.0,0.0,0.0,0.0,0.0,0.0
2025-01-19 00:00:00,2025-01-19,1,0.0,0.0,0.0,0.0,0.0,0.0
2025-01-19 01:00:00,2025-01-19,2,0.0,0.0,0.0,0.0,0.0,0.0
2025-01-19 02:00:00,2025-01-19,3,0.0,0.0,0.0,0.0,0.0,0.0
2025-01-19 03:00:00,2025-01-19,4,0.0,0.0,0.0,0.0,0.0,0.0
2025-01-19 04:00:00,2025-01-19,5,0.0,0.0,0.0,0.0,0.0,0.0
2025-01-19 05:00:00,2025-01-19,6,0.0,0.0,0.0,0.0,0.0,0.0
2025-01-19 06:00:00,2025-01-19,7,0.0,0.0,0.0,16.32418998818816,0.0,0.0
2025-01-19 07:00:00,2025-01-19,8,0.0,17.913333333333338,8.333333333333334,215.5491557499177,17.913333333333338,17.913333333333338
2025-01-19 08:00:00,2025-01-19,9,35.44854881266491,35.826666666666675,16.666666666666668,425.4567074195213,35.826666666666675,0.3781178540017649
2025-01-19 09:00:00,2025-01-19,10,127.61477572559367,71.65333333333335,33.333333333333336,592.5059782882757,71.65333333333335,-55.961442392260324
2025-01-19 10:00:00,2025-01-19,11,70.89709762532982,83.59555555555555,38.888888888888886,700.6810480676032,83.59555555555555,12.698457930225729
2025-01-19 11:00:00,2025-01-19,12,163.06332453825857,185.10444444444448,86.11111111111111,741.4413410983962,185.10444444444448,22.041119906185912
2025-01-19 12:00:00,2025-01-19,13,375.754617414248,316.4688888888889,147.22222222222223,711.7190906143829,316.4688888888889,-59.285728525359104
2025-01-19 13:00:00,2025-01-19,14,326.12664907651714,250.7866666666667,116.66666666666667,613.7401934715585,250.7866666666667,-75.33998240985045
2025-01-19 14:00:00,2025-01-19,15,212.69129287598946,185.10444444444448,86.11111111111111,455.1388950111221,185.10444444444448,-27.58684843154498
2025-01-19 15:00:00,2025-01-19,16,354.4854881266491,322.44,150.0,250.3428585083056,322.44,-32.045488126649104
2025-01-19 16:00:00,2025-01-19,17,191.4221635883905,100.49715984818225,46.75156301087748,38.9596358423979,100.49715984818225,-90.92500374020825
2025-01-19 17:00:00,2025-01-19,18,14.179419525065963,0.0,0.0,0.0,0.0,-14.179419525065963
2025-01-19 18:00:00,2025-01-19,19,0.0,0.0,0.0,0.0,0.0,0.0
2025-01-19 19:00:00,2025-01-19,20,0.0,0.0,0.0,0.0,0.0,0.0
2025-01-19 20:00:00,2025-01-19,21,0.0,0.0,0.0,0.0,0.0,0.0
2025-01-19 21:00:00,2025-01-19,22,0.0,0.0,0.0,0.0,0.0,0.0
2025-01-19 22:00:00,2025-01-19,23,0.0,0.0,0.0,0.0,0.0,0.0
2025-01-19 23:00:00,2025-01-19,24,0.0,0.0,0.0,0.0,0.0,0.0
2025-01-20 00:00:00,2025-01-20,1,0.0,0.0,0.0,0.0,0.0,0.0
2025-01-20 01:00:00,2025-01-20,2,0.0,0.0,0.0,0.0,0.0,0.0
2025-01-20 02:00:00,2025-01-20,3,0.0,0.0,0.0,0.0,0.0,0.0
2025-01-20 03:00:00,2025-01-20,4,0.0,0.0,0.0,0.0,0.0,0.0
2025-01-20 04:00:00,2025-01-20,5,0.0,0.0,0.0,0.0,0.0,0.0
2025-01-20 05:00:00,2025-01-20,6,0.0,0.0,0.0,0.0,0.0,0.0
2025-01-20 06:00:00,2025-01-20,7,0.0,5.971111111111111,2.7777777777777777,16.662312190831866,5.971111111111111,5.971111111111111
2025-01-20 07:00:00,2025-01-20,8,120.52506596306068,220.9311111111111,102.77777777777777,216.62453229254464,220.9311111111111,100.40604514805042
2025-01-20 08:00:00,2025-01-20,9,489.18997361477574,644.88,300.0,427.0413687806217,644.88,155.69002638522426
2025-01-20 09:00:00,2025-01-20,10,1049.2770448548813,1044.9444444444446,486.1111111111111,594.5849644728429,1044.9444444444446,-4.332600410436726
2025-01-20 10:00:00,2025-01-20,11,1510.1081794195252,1343.5,625.0,703.2229513537861,1343.5,-166.6081794195252
2025-01-20 11:00:00,2025-01-20,12,1729.8891820580475,1510.6911111111112,702.7777777777778,744.3855248809681,1510.6911111111112,-219.19807094693624
2025-01-20 12:00:00,2025-01-20,13,1680.2612137203166,1439.0377777777778,669.4444444444445,714.9766822778744,1439.0377777777778,-241.2234359425388
2025-01-20 13:00:00,2025-01-20,14,1049.2770448548813,853.868888888889,397.22222222222223,617.1970729483141,853.868888888889,-195.40815596599225
2025-01-20 14:00:00,2025-01-20,15,602.6253298153034,668.7644444444444,311.1111111111111,458.65399147382107,668.7644444444444,66.13911462914098
2025-01-20 15:00:00,2025-01-20,16,411.2031662269129,352.2955555555556,163.88888888888889,253.7046781582641,352.2955555555556,-58.907610671357304
2025-01-20 16:00:00,2025-01-20,17,85.07651715039577,106.18755406593661,49.39875049587672,41.1656254132306,106.18755406593661,21.111036915540836
2025-01-20 17:00:00,2025-01-20,18,7.089709762532982,0.0,0.0,0.0,0.0,-7.089709762532982
2025-01-20 18:00:00,2025-01-20,19,0.0,0.0,0.0,0.0,0.0,0.0
2025-01-20 19:00:00,2025-01-20,20,0.0,0.0,0.0,0.0,0.0,0.0
2025-01-20 20:00:00,2025-01-20,21,0.0,0.0,0.0,0.0,0.0,0.0
2025-01-20 21:00:00,2025-01-20,22,0.0,0.0,0.0,0.0,0.0,0.0
2025-01-20 22:00:00,2025-01-20,23,0.0,0.0,0.0,0.0,0.0,0.0
2025-01-20 23:00:00,2025-01-20,24,0.0,0.0,0.0,0.0,0.0,0.0
2025-01-21 00:00:00,2025-01-21,1,0.0,0.0,0.0,0.0,0.0,0.0
2025-01-21 01:00:00,2025-01-21,2,0.0,0.0,0.0,0.0,0.0,0.0
2025-01-21 02:00:00,2025-01-21,3,0.0,0.0,0.0,0.0,0.0,0.0
2025-01-21 03:00:00,2025-01-21,4,0.0,0.0,0.0,0.0,0.0,0.0
2025-01-21 04:00:00,2025-01-21,5,0.0,0.0,0.0,0.0,0.0,0.0
2025-01-21 05:00:00,2025-01-21,6,0.0,0.0,0.0,0.0,0.0,0.0
2025-01-21 06:00:00,2025-01-21,7,0.0,5.971111111111111,2.7777777777777777,17.054158036877922,5.971111111111111,5.971111111111111
2025-01-21 07:00:00,2025-01-21,8,134.70448548812666,185.10444444444448,86.11111111111111,217.80342811474003,185.10444444444448,50.39995895631782
2025-01-21 08:00:00,2025-01-21,9,467.9208443271768,561.2844444444444,261.1111111111111,428.72965228884937,561.2844444444444,93.3636001172676
2025-01-21 09:00:00,2025-01-21,10,978.3799472295515,967.3199999999999,450.0,596.7605869422823,967.3199999999999,-11.05994722955154
2025-01-21 10:00:00,2025-01-21,11,1439.2110817941953,1295.7311111111112,602.7777777777778,705.8509365520007,1295.7311111111112,-143.47997068308405
2025-01-21 11:00:00,2025-01-21,12,1673.1715039577837,1474.8644444444444,686.1111111111111,747.4029848327658,1474.8644444444444,-198.30705951333925
2025-01-21 12:00:00,2025-01-21,13,1687.3509234828496,1504.7200000000003,700.0,718.2935658645226,1504.7200000000003,-182.6309234828493
2025-01-21 13:00:00,2025-01-21,14,1339.9551451187335,1421.1244444444446,661.1111111111111,620.6991558278495,1421.1244444444446,81.16929932571111
2025-01-21 14:00:00,2025-01-21,15,1141.44327176781,1176.3088888888888,547.2222222222222,462.2012930272322,1176.3088888888888,34.865617121078685
2025-01-21 15:00:00,2025-01-21,16,602.6253298153034,626.9666666666667,291.6666666666667,257.08918022899866,626.9666666666667,24.34133685136328
2025-01-21 16:00:00,2025-01-21,17,177.24274406332455,112.00057787982146,52.10298561584549,43.41915467987124,112.00057787982146,-65.24216618350309
2025-01-21 17:00:00,2025-01-21,18,7.089709762532982,0.0,0.0,0.0,0.0,-7.089709762532982
2025-01-21 18:00:00,2025-01-21,19,0.0,0.0,0.0,0.0,0.0,0.0
2025-01-21 19:00:00,2025-01-21,20,0.0,0.0,0.0,0.0,0.0,0.0
2025-01-21 20:00:00,2025-01-21,21,0.0,0.0,0.0,0.0,0.0,0.0
2025-01-21 21:00:00,2025-01-21,22,0.0,0.0,0.0,0.0,0.0,0.0
2025-01-21 22:00:00,2025-01-21,23,0.0,0.0,0.0,0.0,0.0,0.0
2025-01-21 23:00:00,2025-01-21,24,0.0,0.0,0.0,0.0,0.0,0.0
2025-01-22 00:00:00,2025-01-22,1,0.0,0.0,0.0,0.0,0.0,0.0
2025-01-22 01:00:00,2025-01-22,2,0.0,0.0,0.0,0.0,0.0,0.0
2025-01-22 02:00:00,2025-01-22,3,0.0,0.0,0.0,0.0,0.0,0.0
2025-01-22 03:00:00,2025-01-22,4,0.0,0.0,0.0,0.0,0.0,0.0
2025-01-22 04:00:00,2025-01-22,5,0.0,0.0,0.0,0.0,0.0,0.0
2025-01-22 05:00:00,2025-01-22,6,0.0,0.0,0.0,0.0,0.0,0.0
2025-01-22 06:00:00,2025-01-22,7,0.0,0.0,0.0,17.50123258948254,0.0,0.0
2025-01-22 07:00:00,2025-01-22,8,63.80738786279684,71.65333333333335,33.333333333333336,219.08537262521446,71.65333333333335,7.845945470536513
2025-01-22 08:00:00,2025-01-22,9,255.22955145118735,238.8444444444445,111.11111111111111,430.52044022894717,238.8444444444445,-16.385107006742857
2025-01-22 09:00:00,2025-01-22,10,496.27968337730874,447.83333333333337,208.33333333333334,599.0312055898213,447.83333333333337,-48.44635004397537
2025-01-22 10:00:00,2025-01-22,11,730.2401055408972,632.9377777777778,294.44444444444446,708.5629262235019,632.9377777777778,-97.30232776311937
2025-01-22 11:00:00,2025-01-22,12,872.0343007915568,722.5044444444443,336.1111111111111,750.4913096529393,722.5044444444443,-149.5298563471125
2025-01-22 12:00:00,2025-01-22,13,737.3298153034301,585.1688888888889,272.22222222222223,721.6671206692165,585.1688888888889,-152.16092641454122
2025-01-22 13:00:00,2025-01-22,14,680.6121372031662,507.5444444444445,236.11111111111111,624.2437528410939,507.5444444444445,-173.0676927587217
2025-01-22 14:00:00,2025-01-22,15,552.9973614775726,483.65999999999997,225.0,465.7781944429289,483.65999999999997,-69.33736147757259
2025-01-22 15:00:00,2025-01-22,16,319.0369393139842,292.58444444444444,136.11111111111111,260.493997781187,292.58444444444444,-26.45249486953975
2025-01-22 16:00:00,2025-01-22,17,120.52506596306068,117.92915976387127,54.86097867690327,45.71748223075273,117.92915976387127,-2.5959061991894146
2025-01-22 17:00:00,2025-01-22,18,0.0,0.0,0.0,0.0,0.0,0.0
2025-01-22 18:00:00,2025-01-22,19,0.0,0.0,0.0,0.0,0.0,0.0
2025-01-22 19:00:00,2025-01-22,20,0.0,0.0,0.0,0.0,0.0,0.0
2025-01-22 20:00:00,2025-01-22,21,0.0,0.0,0.0,0.0,0.0,0.0
2025-01-22 21:00:00,2025-01-22,22,0.0,0.0,0.0,0.0,0.0,0.0
2025-01-22 22:00:00,2025-01-22,23,0.0,0.0,0.0,0.0,0.0,0.0
2025-01-22 23:00:00,2025-01-22,24,0.0,0.0,0.0,0.0,0.0,0.0
2025-01-23 00:00:00,2025-01-23,1,0.0,0.0,0.0,0.0,0.0,0.0
2025-01-23 01:00:00,2025-01-23,2,0.0,0.0,0.0,0.0,0.0,0.0
2025-01-23 02:00:00,2025-01-23,3,0.0,0.0,0.0,0.0,0.0,0.0
2025-01-23 03:00:00,2025-01-23,4,0.0,0.0,0.0,0.0,0.0,0.0
2025-01-23 04:00:00,2025-01-23,5,0.0,0.0,0.0,0.0,0.0,0.0
2025-01-23 05:00:00,2025-01-23,6,0.0,0.0,0.0,0.0,0.0,0.0
2025-01-23 06:00:00,2025-01-23,7,0.0,0.0,0.0,18.005184397279198,0.0,0.0
2025-01-23 07:00:00,2025-01-23,8,7.089709762532982,17.913333333333338,8.333333333333334,220.46983557981,17.913333333333338,10.823623570800356
2025-01-23 08:00:00,2025-01-23,9,35.44854881266491,59.71111111111112,27.77777777777778,432.4125409170249,59.71111111111112,24.262562298446213
2025-01-23 09:00:00,2025-01-23,10,56.71767810026385,77.62444444444446,36.111111111111114,601.3951051607339,77.62444444444446,20.90676634418061
2025-01-23 10:00:00,2025-01-23,11,297.76781002638523,262.7288888888889,122.22222222222223,711.3567712786535,262.7288888888889,-35.038921137496345
2025-01-23 11:00:00,2025-01-23,12,460.83113456464383,453.8044444444445,211.11111111111111,753.6480231339146,453.8044444444445,-7.026690120199305
2025-01-23 12:00:00,2025-01-23,13,375.754617414248,507.5444444444445,236.11111111111111,725.0946701659419,507.5444444444445,131.78982703019648
2025-01-23 13:00:00,2025-01-23,14,482.10026385224273,638.908888888889,297.22222222222223,627.8281293590652,638.908888888889,156.80862503664628
2025-01-23 14:00:00,2025-01-23,15,708.9709762532982,967.3199999999999,450.0,469.38205548261624,967.3199999999999,258.34902374670173
2025-01-23 15:00:00,2025-01-23,16,460.83113456464383,453.8044444444445,211.11111111111111,263.91673496098366,453.8044444444445,-7.026690120199305
2025-01-23 16:00:00,2025-01-23,17,155.9736147757256,101.50888888888889,47.22222222222222,48.057805940405935,101.50888888888889,-54.4647258868367
2025-01-23 17:00:00,2025-01-23,18,7.089709762532982,0.0,0.0,0.0,0.0,-7.089709762532982
2025-01-23 18:00:00,2025-01-23,19,0.0,0.0,0.0,0.0,0.0,0.0
2025-01-23 19:00:00,2025-01-23,20,0.0,0.0,0.0,0.0,0.0,0.0
2025-01-23 20:00:00,2025-01-23,21,0.0,0.0,0.0,0.0,0.0,0.0
2025-01-23 21:00:00,2025-01-23,22,0.0,0.0,0.0,0.0,0.0,0.0
2025-01-23 22:00:00,2025-01-23,23,0.0,0.0,0.0,0.0,0.0,0.0
2025-01-23 23:00:00,2025-01-23,24,0.0,0.0,0.0,0.0,0.0,0.0
2025-01-24 00:00:00,2025-01-24,1,0.0,0.0,0.0,0.0,0.0,0.0
2025-01-24 01:00:00,2025-01-24,2,0.0,0.0,0.0,0.0,0.0,0.0
2025-01-24 02:00:00,2025-01-24,3,0.0,0.0,0.0,0.0,0.0,0.0
2025-01-24 03:00:00,2025-01-24,4,0.0,0.0,0.0,0.0,0.0,0.0
2025-01-24 04:00:00,2025-01-24,5,0.0,0.0,0.0,0.0,0.0,0.0
2025-01-24 05:00:00,2025-01-24,6,0.0,0.0,0.0,0.0,0.0,0.0
2025-01-24 06:00:00,2025-01-24,7,0.0,0.0,0.0,18.56779309803801,0.0,0.0
2025-01-24 07:00:00,2025-01-24,8,56.71767810026385,65.68222222222222,30.555555555555557,221.95622738171156,65.68222222222222,8.964544121958369
2025-01-24 08:00:00,2025-01-24,9,248.13984168865437,256.7577777777778,119.44444444444444,434.40469059157255,256.7577777777778,8.617936089123418
2025-01-24 09:00:00,2025-01-24,10,737.3298153034301,788.1866666666668,366.6666666666667,603.8504975990354,788.1866666666668,50.85685136323673
2025-01-24 10:00:00,2025-01-24,11,460.83113456464383,812.0711111111111,377.77777777777777,714.230253495573,812.0711111111111,351.2399765464673
2025-01-24 11:00:00,2025-01-24,12,1311.5963060686015,1230.048888888889,572.2222222222222,756.8705865020187,1230.048888888889,-81.54741717971251
2025-01-24 12:00:00,2025-01-24,13,1786.6068601583113,1265.8755555555556,588.8888888888889,728.5734839100362,1265.8755555555556,-520.7313046027557
2025-01-24 13:00:00,2025-01-24,14,1155.622691292876,1433.0666666666666,666.6666666666666,631.4495066343486,1433.0666666666666,277.44397537379064
2025-01-24 14:00:00,2025-01-24,15,1098.9050131926122,1158.3955555555558,538.8888888888889,473.01020140513083,1158.3955555555558,59.49054236294364
2025-01-24 15:00:00,2025-01-24,16,524.6385224274406,573.2266666666668,266.6666666666667,267.35496690547274,573.2266666666668,48.58814423922615
2025-01-24 16:00:00,2025-01-24,17,205.60158311345646,130.10395052575998,60.52472577491625,50.43727147909688,130.10395052575998,-75.49763258769647
2025-01-24 17:00:00,2025-01-24,18,14.179419525065963,0.0,0.0,0.0,0.0,-14.179419525065963
2025-01-24 18:00:00,2025-01-24,19,0.0,0.0,0.0,0.0,0.0,0.0
2025-01-24 19:00:00,2025-01-24,20,0.0,0.0,0.0,0.0,0.0,0.0
2025-01-24 20:00:00,2025-01-24,21,0.0,0.0,0.0,0.0,0.0,0.0
2025-01-24 21:00:00,2025-01-24,22,0.0,0.0,0.0,0.0,0.0,0.0
2025-01-24 22:00:00,2025-01-24,23,0.0,0.0,0.0,0.0,0.0,0.0
2025-01-24 23:00:00,2025-01-24,24,0.0,0.0,0.0,0.0,0.0,0.0
2025-01-25 00:00:00,2025-01-25,1,0.0,0.0,0.0,0.0,0.0,0.0
2025-01-25 01:00:00,2025-01-25,2,0.0,0.0,0.0,0.0,0.0,0.0
2025-01-25 02:00:00,2025-01-25,3,0.0,0.0,0.0,0.0,0.0,0.0
2025-01-25 03:00:00,2025-01-25,4,0.0,0.0,0.0,0.0,0.0,0.0
2025-01-25 04:00:00,2025-01-25,5,0.0,0.0,0.0,0.0,0.0,0.0
2025-01-25 05:00:00,2025-01-25,6,0.0,0.0,0.0,0.0,0.0,0.0
2025-01-25 06:00:00,2025-01-25,7,0.0,5.971111111111111,2.7777777777777777,19.19095678057487,5.971111111111111,5.971111111111111
2025-01-25 07:00:00,2025-01-25,8,99.25593667546174,107.48,50.0,223.5439017366811,107.48,8.224063324538264
2025-01-25 08:00:00,2025-01-25,9,361.57519788918205,447.83333333333337,208.33333333333334,436.49555704122264,447.83333333333337,86.25813544415132
2025-01-25 09:00:00,2025-01-25,10,680.6121372031662,412.0066666666667,191.66666666666666,606.3955255138427,412.0066666666667,-268.60547053649947
2025-01-25 10:00:00,2025-01-25,11,942.9313984168865,638.908888888889,297.22222222222223,717.1810883415307,638.908888888889,-304.0225095279975
2025-01-25 11:00:00,2025-01-25,12,694.7915567282322,459.7755555555555,213.88888888888889,760.1564002551376,459.7755555555555,-235.01600117267668
2025-01-25 12:00:00,2025-01-25,13,545.9076517150396,525.4577777777778,244.44444444444446,732.1007781315031,525.4577777777778,-20.449873937261827
2025-01-25 13:00:00,2025-01-25,14,716.0606860158312,579.1977777777779,269.44444444444446,635.1050610553383,579.1977777777779,-136.86290823805325
2025-01-25 14:00:00,2025-01-25,15,467.9208443271768,406.03555555555556,188.88888888888889,476.65992079769296,406.03555555555556,-61.88528877162122
2025-01-25 15:00:00,2025-01-25,16,326.12664907651714,262.7288888888889,122.22222222222223,270.80623680476737,262.7288888888889,-63.39776018762825
2025-01-25 16:00:00,2025-01-25,17,141.79419525065964,136.33531232621826,63.42357290948002,52.85297742456669,136.33531232621826,-5.458882924441383
2025-01-25 17:00:00,2025-01-25,18,0.0,0.0,0.0,0.0,0.0,0.0
2025-01-25 18:00:00,2025-01-25,19,0.0,0.0,0.0,0.0,0.0,0.0
2025-01-25 19:00:00,2025-01-25,20,0.0,0.0,0.0,0.0,0.0,0.0
2025-01-25 20:00:00,2025-01-25,21,0.0,0.0,0.0,0.0,0.0,0.0
2025-01-25 21:00:00,2025-01-25,22,0.0,0.0,0.0,0.0,0.0,0.0
2025-01-25 22:00:00,2025-01-25,23,0.0,0.0,0.0,0.0,0.0,0.0
2025-01-25 23:00:00,2025-01-25,24,0.0,0.0,0.0,0.0,0.0,0.0
2025-01-26 00:00:00,2025-01-26,1,0.0,0.0,0.0,0.0,0.0,0.0
2025-01-26 01:00:00,2025-01-26,2,0.0,0.0,0.0,0.0,0.0,0.0
2025-01-26 02:00:00,2025-01-26,3,0.0,0.0,0.0,0.0,0.0,0.0
2025-01-26 03:00:00,2025-01-26,4,0.0,0.0,0.0,0.0,0.0,0.0
2025-01-26 04:00:00,2025-01-26,5,0.0,0.0,0.0,0.0,0.0,0.0
2025-01-26 05:00:00,2025-01-26,6,0.0,0.0,0.0,0.0,0.0,0.0
2025-01-26 06:00:00,2025-01-26,7,0.0,5.971111111111111,2.7777777777777777,19.876678826615294,5.971111111111111,5.971111111111111
2025-01-26 07:00:00,2025-01-26,8,49.62796833773087,65.68222222222222,30.555555555555557,225.23215955783655,65.68222222222222,16.054253884491352
2025-01-26 08:00:00,2025-01-26,9,148.88390501319262,143.3066666666667,66.66666666666667,438.68374441191366,143.3066666666667,-5.577238346525917
2025-01-26 09:00:00,2025-01-26,10,120.52506596306068,149.2777777777778,69.44444444444444,609.028266478042,149.2777777777778,28.752711814717117
2025-01-26 10:00:00,2025-01-26,11,340.3060686015831,286.6133333333334,133.33333333333334,720.2069281470569,286.6133333333334,-53.69273526824969
2025-01-26 11:00:00,2025-01-26,12,163.06332453825857,125.39333333333335,58.333333333333336,763.5028059201894,125.39333333333335,-37.669991204925225
2025-01-26 12:00:00,2025-01-26,13,198.51187335092348,167.1911111111111,77.77777777777777,735.6737158879927,167.1911111111111,-31.32076223981238
2025-01-26 13:00:00,2025-01-26,14,177.24274406332455,119.42222222222225,55.55555555555556,638.7919225696696,119.42222222222225,-57.820521841102305
2025-01-26 14:00:00,2025-01-26,15,127.61477572559367,77.62444444444446,36.111111111111114,480.3284624952616,77.62444444444446,-49.99033128114921
2025-01-26 15:00:00,2025-01-26,16,70.89709762532982,47.76888888888889,22.22222222222222,274.26805171433574,47.76888888888889,-23.128208736440932
2025-01-26 16:00:00,2025-01-26,17,7.089709762532982,11.942222222222222,5.555555555555555,55.301978441147185,11.942222222222222,4.85251245968924
2025-01-26 17:00:00,2025-01-26,18,0.0,0.0,0.0,0.0,0.0,0.0
2025-01-26 18:00:00,2025-01-26,19,0.0,0.0,0.0,0.0,0.0,0.0
2025-01-26 19:00:00,2025-01-26,20,0.0,0.0,0.0,0.0,0.0,0.0
2025-01-26 20:00:00,2025-01-26,21,0.0,0.0,0.0,0.0,0.0,0.0
2025-01-26 21:00:00,2025-01-26,22,0.0,0.0,0.0,0.0,0.0,0.0
2025-01-26 22:00:00,2025-01-26,23,0.0,0.0,0.0,0.0,0.0,0.0
2025-01-26 23:00:00,2025-01-26,24,0.0,0.0,0.0,0.0,0.0,0.0
2025-01-27 00:00:00,2025-01-27,1,0.0,0.0,0.0,0.0,0.0,0.0
2025-01-27 01:00:00,2025-01-27,2,0.0,0.0,0.0,0.0,0.0,0.0
2025-01-27 02:00:00,2025-01-27,3,0.0,0.0,0.0,0.0,0.0,0.0
2025-01-27 03:00:00,2025-01-27,4,0.0,0.0,0.0,0.0,0.0,0.0
2025-01-27 04:00:00,2025-01-27,5,0.0,0.0,0.0,0.0,0.0,0.0
2025-01-27 05:00:00,2025-01-27,6,0.0,0.0,0.0,0.0,0.0,0.0
2025-01-27 06:00:00,2025-01-27,7,0.0,0.0,0.0,20.627054243836803,0.0,0.0
2025-01-27 07:00:00,2025-01-27,8,14.179419525065963,23.884444444444444,11.11111111111111,227.02025400451706,23.884444444444444,9.70502491937848
2025-01-27 08:00:00,2025-01-27,9,77.9868073878628,83.59555555555555,38.888888888888886,440.96779927699737,83.59555555555555,5.608748167692752
2025-01-27 09:00:00,2025-01-27,10,177.24274406332455,173.16222222222223,80.55555555555556,611.7467386530609,173.16222222222223,-4.080521841102325
2025-01-27 10:00:00,2025-01-27,11,233.9604221635884,113.45111111111113,52.77777777777778,723.3053668961643,113.45111111111113,-120.50931105247726
2025-01-27 11:00:00,2025-01-27,12,99.25593667546174,71.65333333333335,33.333333333333336,766.9070896096688,71.65333333333335,-27.60260334212839
2025-01-27 12:00:00,2025-01-27,13,148.88390501319262,226.90222222222226,105.55555555555556,739.2894091584511,226.90222222222226,78.01831720902965
2025-01-27 13:00:00,2025-01-27,14,751.509234828496,483.65999999999997,225.0,642.5071752853132,483.65999999999997,-267.84923482849604
2025-01-27 14:00:00,2025-01-27,15,786.957783641161,829.9844444444445,386.1111111111111,484.01303465270854,829.9844444444445,43.02666080328356
2025-01-27 15:00:00,2025-01-27,16,758.5989445910291,716.4304180354421,333.28545684566524,277.737880704721,716.4304180354421,-42.168526555586936
2025-01-27 16:00:00,2025-01-27,17,184.33245382585753,149.04799052425113,69.33754676416595,57.78128897013829,149.04799052425113,-35.284463301606394
2025-01-27 17:00:00,2025-01-27,18,14.179419525065963,0.0,0.0,0.0,0.0,-14.179419525065963
2025-01-27 18:00:00,2025-01-27,19,0.0,0.0,0.0,0.0,0.0,0.0
2025-01-27 19:00:00,2025-01-27,20,0.0,0.0,0.0,0.0,0.0,0.0
2025-01-27 20:00:00,2025-01-27,21,0.0,0.0,0.0,0.0,0.0,0.0
2025-01-27 21:00:00,2025-01-27,22,0.0,0.0,0.0,0.0,0.0,0.0
2025-01-27 22:00:00,2025-01-27,23,0.0,0.0,0.0,0.0,0.0,0.0
2025-01-27 23:00:00,2025-01-27,24,0.0,0.0,0.0,0.0,0.0,0.0
2025-01-28 00:00:00,2025-01-28,1,0.0,0.0,0.0,0.0,0.0,0.0
2025-01-28 01:00:00,2025-01-28,2,0.0,0.0,0.0,0.0,0.0,0.0
2025-01-28 02:00:00,2025-01-28,3,0.0,0.0,0.0,0.0,0.0,0.0
2025-01-28 03:00:00,2025-01-28,4,0.0,0.0,0.0,0.0,0.0,0.0
2025-01-28 04:00:00,2025-01-28,5,0.0,0.0,0.0,0.0,0.0,0.0
2025-01-28 05:00:00,2025-01-28,6,0.0,0.0,0.0,0.0,0.0,0.0
2025-01-28 06:00:00,2025-01-28,7,0.0,11.942222222222222,5.555555555555555,21.444255122651924,11.942222222222222,11.942222222222222
2025-01-28 07:00:00,2025-01-28,8,163.06332453825857,226.90222222222226,105.55555555555556,228.90739615963136,226.90222222222226,63.838897683963694
2025-01-28 08:00:00,2025-01-28,9,517.5488126649077,597.1111111111112,277.77777777777777,443.34621799888885,597.1111111111112,79.5622984462035
2025-01-28 09:00:00,2025-01-28,10,1162.712401055409,1074.8,500.0,614.5489086755967,1074.8,-87.91240105540896
2025-01-28 10:00:00,2025-01-28,11,1694.4406332453825,1439.0377777777778,669.4444444444445,726.4739480419908,1439.0377777777778,-255.4028554676047
2025-01-28 11:00:00,2025-01-28,12,1921.311345646438,1624.1422222222222,755.5555555555555,770.3664895164234,1624.1422222222222,-297.16912342421574
2025-01-28 12:00:00,2025-01-28,13,1900.0422163588391,1588.3155555555559,738.8888888888889,742.9449257710438,1588.3155555555559,-311.72666080328327
2025-01-28 13:00:00,2025-01-28,14,1495.928759894459,1146.4533333333336,533.3333333333334,646.2478635598618,1146.4533333333336,-349.47542656112546
2025-01-28 14:00:00,2025-01-28,15,1332.8654353562006,1206.1644444444444,561.1111111111111,487.7108099209717,1206.1644444444444,-126.70099091175621
2025-01-28 15:00:00,2025-01-28,16,808.2269129287599,725.3949680539349,337.455790869899,281.2131590582492,725.3949680539349,-82.83194487482501
2025-01-28 16:00:00,2025-01-28,17,248.13984168865437,155.51382054110064,72.3454691761726,60.287890980143835,155.51382054110064,-92.62602114755373
2025-01-28 17:00:00,2025-01-28,18,14.179419525065963,0.0,0.0,0.0,0.0,-14.179419525065963
2025-01-28 18:00:00,2025-01-28,19,0.0,0.0,0.0,0.0,0.0,0.0
2025-01-28 19:00:00,2025-01-28,20,0.0,0.0,0.0,0.0,0.0,0.0
2025-01-28 20:00:00,2025-01-28,21,0.0,0.0,0.0,0.0,0.0,0.0
2025-01-28 21:00:00,2025-01-28,22,0.0,0.0,0.0,0.0,0.0,0.0
2025-01-28 22:00:00,2025-01-28,23,0.0,0.0,0.0,0.0,0.0,0.0
2025-01-28 23:00:00,2025-01-28,24,0.0,0.0,0.0,0.0,0.0,0.0
2025-01-29 00:00:00,2025-01-29,1,0.0,0.0,0.0,0.0,0.0,0.0
2025-01-29 01:00:00,2025-01-29,2,0.0,0.0,0.0,0.0,0.0,0.0
2025-01-29 02:00:00,2025-01-29,3,0.0,0.0,0.0,0.0,0.0,0.0
2025-01-29 03:00:00,2025-01-29,4,0.0,0.0,0.0,0.0,0.0,0.0
2025-01-29 04:00:00,2025-01-29,5,0.0,0.0,0.0,0.0,0.0,0.0
2025-01-29 05:00:00,2025-01-29,6,0.0,0.0,0.0,0.0,0.0,0.0
2025-01-29 06:00:00,2025-01-29,7,0.0,11.942222222222222,5.555555555555555,22.33051437640274,11.942222222222222,11.942222222222222
2025-01-29 07:00:00,2025-01-29,8,184.33245382585753,226.90222222222226,105.55555555555556,230.89275922901547,226.90222222222226,42.569768396364736
2025-01-29 08:00:00,2025-01-29,9,581.3562005277045,668.7644444444444,311.1111111111111,445.81745380709,668.7644444444444,87.40824391673993
2025-01-29 09:00:00,2025-01-29,10,1183.981530343008,1140.4822222222222,530.5555555555555,617.4327004521635,1140.4822222222222,-43.49930812078583
2025-01-29 10:00:00,2025-01-29,11,1347.0448548812665,1445.0088888888886,672.2222222222222,729.7101748748676,1445.0088888888886,97.9640340076221
2025-01-29 11:00:00,2025-01-29,12,1807.8759894459104,1636.0844444444444,761.1111111111111,773.8782075220314,1636.0844444444444,-171.79154500146592
2025-01-29 12:00:00,2025-01-29,13,1907.131926121372,1653.997777777778,769.4444444444445,746.6373019356265,1653.997777777778,-253.134148343594
2025-01-29 13:00:00,2025-01-29,14,1545.55672823219,1486.8066666666666,691.6666666666666,650.011005143304,1486.8066666666666,-58.75006156552331
2025-01-29 14:00:00,2025-01-29,15,1191.071240105541,1152.4244444444446,536.1111111111111,491.4189386991536,1152.4244444444446,-38.64679566109635
2025-01-29 15:00:00,2025-01-29,16,879.1240105540898,734.366905507871,341.6295615499958,284.6913012916632,734.366905507871,-144.75710504621873
2025-01-29 16:00:00,2025-01-29,17,262.3192612137203,162.04221713215568,75.38249773546505,62.81874811288754,162.04221713215568,-100.27704408156464
2025-01-29 17:00:00,2025-01-29,18,14.179419525065963,0.0,0.0,0.0,0.0,-14.179419525065963
2025-01-29 18:00:00,2025-01-29,19,0.0,0.0,0.0,0.0,0.0,0.0
2025-01-29 19:00:00,2025-01-29,20,0.0,0.0,0.0,0.0,0.0,0.0
2025-01-29 20:00:00,2025-01-29,21,0.0,0.0,0.0,0.0,0.0,0.0
2025-01-29 21:00:00,2025-01-29,22,0.0,0.0,0.0,0.0,0.0,0.0
2025-01-29 22:00:00,2025-01-29,23,0.0,0.0,0.0,0.0,0.0,0.0
2025-01-29 23:00:00,2025-01-29,24,0.0,0.0,0.0,0.0,0.0,0.0
2025-01-30 00:00:00,2025-01-30,1,0.0,0.0,0.0,0.0,0.0,0.0
2025-01-30 01:00:00,2025-01-30,2,0.0,0.0,0.0,0.0,0.0,0.0
2025-01-30 02:00:00,2025-01-30,3,0.0,0.0,0.0,0.0,0.0,0.0
2025-01-30 03:00:00,2025-01-30,4,0.0,0.0,0.0,0.0,0.0,0.0
2025-01-30 04:00:00,2025-01-30,5,0.0,0.0,0.0,0.0,0.0,0.0
2025-01-30 05:00:00,2025-01-30,6,0.0,0.0,0.0,0.0,0.0,0.0
2025-01-30 06:00:00,2025-01-30,7,0.0,11.942222222222222,5.555555555555555,23.288105660997942,11.942222222222222,11.942222222222222
2025-01-30 07:00:00,2025-01-30,8,141.79419525065964,244.81555555555556,113.88888888888889,232.9754776759259,244.81555555555556,103.02136030489592
2025-01-30 08:00:00,2025-01-30,9,560.0870712401055,680.7066666666667,316.6666666666667,448.3799195047607,680.7066666666667,120.6195954265612
2025-01-30 09:00:00,2025-01-30,10,1141.44327176781,1104.6555555555556,513.8888888888889,620.3960012942186,1104.6555555555556,-36.78771621225451
2025-01-30 10:00:00,2025-01-30,11,1630.6332453825858,1415.1533333333334,658.3333333333334,733.0115199967931,1415.1533333333334,-215.47991204925233
2025-01-30 11:00:00,2025-01-30,12,1857.5039577836412,1594.2866666666669,741.6666666666666,777.4394220019739,1594.2866666666669,-263.21729111697437
2025-01-30 12:00:00,2025-01-30,13,1864.5936675461742,1624.1422222222222,755.5555555555555,750.3635580827373,1624.1422222222222,-240.45144532395193
2025-01-30 13:00:00,2025-01-30,14,1644.8126649076517,1492.7777777777778,694.4444444444445,653.7936094828201,1492.7777777777778,-152.03488712987382
2025-01-30 14:00:00,2025-01-30,15,1339.9551451187335,1218.1066666666666,566.6666666666666,495.13456923181786,1218.1066666666666,-121.84847845206696
2025-01-30 15:00:00,2025-01-30,16,829.4960422163589,743.3395611739667,345.8036663444207,288.16972195368396,743.3395611739667,-86.15648104239222
2025-01-30 16:00:00,2025-01-30,17,262.3192612137203,168.6253550372827,78.44499210889593,65.37082675741328,168.6253550372827,-93.69390617643762
2025-01-30 17:00:00,2025-01-30,18,14.179419525065963,0.0,0.0,0.0,0.0,-14.179419525065963
2025-01-30 18:00:00,2025-01-30,19,0.0,0.0,0.0,0.0,0.0,0.0
2025-01-30 19:00:00,2025-01-30,20,0.0,0.0,0.0,0.0,0.0,0.0
2025-01-30 20:00:00,2025-01-30,21,0.0,0.0,0.0,0.0,0.0,0.0
2025-01-30 21:00:00,2025-01-30,22,0.0,0.0,0.0,0.0,0.0,0.0
2025-01-30 22:00:00,2025-01-30,23,0.0,0.0,0.0,0.0,0.0,0.0
2025-01-30 23:00:00,2025-01-30,24,0.0,0.0,0.0,0.0,0.0,0.0
2025-01-31 00:00:00,2025-01-31,1,0.0,0.0,0.0,0.0,0.0,0.0
2025-01-31 01:00:00,2025-01-31,2,0.0,0.0,0.0,0.0,0.0,0.0
2025-01-31 02:00:00,2025-01-31,3,0.0,0.0,0.0,0.0,0.0,0.0
2025-01-31 03:00:00,2025-01-31,4,0.0,0.0,0.0,0.0,0.0,0.0
2025-01-31 04:00:00,2025-01-31,5,0.0,0.0,0.0,0.0,0.0,0.0
2025-01-31 05:00:00,2025-01-31,6,0.0,0.0,0.0,0.0,0.0,0.0
2025-01-31 06:00:00,2025-01-31,7,0.0,5.971111111111111,2.7777777777777777,24.31931733847407,5.971111111111111,5.971111111111111
2025-01-31 07:00:00,2025-01-31,8,99.25593667546174,95.53777777777778,44.44444444444444,235.1546370398671,95.53777777777778,-3.7181588976839635
2025-01-31 08:00:00,2025-01-31,9,311.9472295514512,244.81555555555556,113.88888888888889,451.03198169522926,244.81555555555556,-67.13167399589562
2025-01-31 09:00:00,2025-01-31,10,815.3166226912929,632.9377777777778,294.44444444444446,623.4366607213909,632.9377777777778,-182.37884491351508
2025-01-31 10:00:00,2025-01-31,11,652.2532981530343,620.9955555555557,288.8888888888889,736.3754293324442,620.9955555555557,-31.25774259747857
2025-01-31 11:00:00,2025-01-31,12,701.8812664907651,620.9955555555557,288.8888888888889,781.047297154287,620.9955555555557,-80.88571093520943
2025-01-31 12:00:00,2025-01-31,13,744.4195250659631,662.7933333333333,308.3333333333333,754.1207133512897,662.7933333333333,-81.62619173262976
2025-01-31 13:00:00,2025-01-31,14,708.9709762532982,603.0822222222222,280.55555555555554,657.5926968548852,603.0822222222222,-105.88875403107602
2025-01-31 14:00:00,2025-01-31,15,439.5620052770449,400.0644444444444,186.11111111111111,498.85487042362587,400.0644444444444,-39.49756083260047
2025-01-31 15:00:00,2025-01-31,16,255.22955145118735,220.9311111111111,102.77777777777777,291.64586073113765,220.9311111111111,-34.29844034007624
2025-01-31 16:00:00,2025-01-31,17,63.80738786279684,77.62444444444446,36.111111111111114,67.94112158663933,77.62444444444446,13.817056581647627
2025-01-31 17:00:00,2025-01-31,18,0.0,0.0,0.0,0.0,0.0,0.0
2025-01-31 18:00:00,2025-01-31,19,0.0,0.0,0.0,0.0,0.0,0.0
2025-01-31 19:00:00,2025-01-31,20,0.0,0.0,0.0,0.0,0.0,0.0
2025-01-31 20:00:00,2025-01-31,21,0.0,0.0,0.0,0.0,0.0,0.0
2025-01-31 21:00:00,2025-01-31,22,0.0,0.0,0.0,0.0,0.0,0.0
2025-01-31 22:00:00,2025-01-31,23,0.0,0.0,0.0,0.0,0.0,0.0
2025-01-31 23:00:00,2025-01-31,24,0.0,0.0,0.0,0.0,0.0,0.0
2025-02-01 00:00:00,2025-02-01,1,0.0,0.0,0.0,0.0,0.0,0.0
2025-02-01 01:00:00,2025-02-01,2,0.0,0.0,0.0,0.0,0.0,0.0
2025-02-01 02:00:00,2025-02-01,3,0.0,0.0,0.0,0.0,0.0,0.0
2025-02-01 03:00:00,2025-02-01,4,0.0,0.0,0.0,0.0,0.0,0.0
2025-02-01 04:00:00,2025-02-01,5,0.0,0.0,0.0,0.0,0.0,0.0
2025-02-01 05:00:00,2025-02-01,6,0.0,0.0,0.0,0.0,0.0,0.0
2025-02-01 06:00:00,2025-02-01,7,0.0,5.971111111111111,2.7777777777777777,25.426419539234615,5.971111111111111,5.971111111111111
2025-02-01 07:00:00,2025-02-01,8,0.0,256.7577777777778,119.44444444444444,237.42925367405533,256.7577777777778,256.7577777777778
2025-02-01 08:00:00,2025-02-01,9,0.0,459.7755555555555,213.88888888888889,453.7719446439563,459.7755555555555,459.7755555555555
2025-02-01 09:00:00,2025-02-01,10,0.0,794.1577777777779,369.44444444444446,626.5524798679036,794.1577777777779,794.1577777777779
2025-02-01 10:00:00,2025-02-01,11,0.0,895.6666666666667,416.6666666666667,739.799317867637,895.6666666666667,895.6666666666667
2025-02-01 11:00:00,2025-02-01,12,0.0,1445.0088888888886,672.2222222222222,784.69898557372,1445.0088888888886,1445.0088888888886
2025-02-01 12:00:00,2025-02-01,13,0.0,895.6666666666667,416.6666666666667,757.9057949366808,895.6666666666667,895.6666666666667
2025-02-01 13:00:00,2025-02-01,14,0.0,758.3311111111111,352.77777777777777,661.4053139641369,758.3311111111111,758.3311111111111
2025-02-01 14:00:00,2025-02-01,15,0.0,853.868888888889,397.22222222222223,502.57705265212013,853.868888888889,853.868888888889
2025-02-01 15:00:00,2025-02-01,16,0.0,459.7755555555555,213.88888888888889,295.1172070418397,459.7755555555555,459.7755555555555
2025-02-01 16:00:00,2025-02-01,17,0.0,149.2777777777778,69.44444444444444,70.52668193335526,149.2777777777778,149.2777777777778
2025-02-01 17:00:00,2025-02-01,18,0.0,0.0,0.0,0.0,0.0,0.0
2025-02-01 18:00:00,2025-02-01,19,0.0,0.0,0.0,0.0,0.0,0.0
2025-02-01 19:00:00,2025-02-01,20,0.0,0.0,0.0,0.0,0.0,0.0
2025-02-01 20:00:00,2025-02-01,21,0.0,0.0,0.0,0.0,0.0,0.0
2025-02-01 21:00:00,2025-02-01,22,0.0,0.0,0.0,0.0,0.0,0.0
2025-02-01 22:00:00,2025-02-01,23,0.0,0.0,0.0,0.0,0.0,0.0
2025-02-01 23:00:00,2025-02-01,24,0.0,0.0,0.0,0.0,0.0,0.0
2025-02-02 00:00:00,2025-02-02,1,0.0,0.0,0.0,0.0,0.0,0.0
2025-02-02 01:00:00,2025-02-02,2,0.0,0.0,0.0,0.0,0.0,0.0
2025-02-02 02:00:00,2025-02-02,3,0.0,0.0,0.0,0.0,0.0,0.0
2025-02-02 03:00:00,2025-02-02,4,0.0,0.0,0.0,0.0,0.0,0.0
2025-02-02 04:00:00,2025-02-02,5,0.0,0.0,0.0,0.0,0.0,0.0
2025-02-02 05:00:00,2025-02-02,6,0.0,0.0,0.0,0.0,0.0,0.0
2025-02-02 06:00:00,2025-02-02,7,0.0,0.0,0.0,26.611625896038245,0.0,0.0
2025-02-02 07:00:00,2025-02-02,8,28.358839050131927,29.85555555555556,13.88888888888889,239.79824744776886,29.85555555555556,1.4967165054236347
2025-02-02 08:00:00,2025-02-02,9,191.4221635883905,113.45111111111113,52.77777777777778,456.59802715658935,113.45111111111113,-77.97105247727937
2025-02-02 09:00:00,2025-02-02,10,262.3192612137203,143.3066666666667,66.66666666666667,629.7411939019537,143.3066666666667,-119.01259454705362
2025-02-02 10:00:00,2025-02-02,11,304.85751978891824,101.50888888888889,47.22222222222222,743.2805587729191,101.50888888888889,-203.34863090002935
2025-02-02 11:00:00,2025-02-02,12,411.2031662269129,256.7577777777778,119.44444444444444,788.3916246592125,256.7577777777778,-154.44538844913512
2025-02-02 12:00:00,2025-02-02,13,432.47229551451187,310.49777777777786,144.44444444444446,761.7158418596695,310.49777777777786,-121.97451773673401
2025-02-02 13:00:00,2025-02-02,14,333.21635883905014,334.3822222222222,155.55555555555554,665.2285445583499,334.3822222222222,1.1658633831720522
2025-02-02 14:00:00,2025-02-02,15,333.21635883905014,292.58444444444444,136.11111111111111,506.29838429430515,292.58444444444444,-40.6319143946057
2025-02-02 15:00:00,2025-02-02,16,212.69129287598946,149.2777777777778,69.44444444444444,298.5813209028288,149.2777777777778,-63.41351509821166
2025-02-02 16:00:00,2025-02-02,17,35.44854881266491,53.74,25.0,73.12463610396927,53.74,18.291451187335092
2025-02-02 17:00:00,2025-02-02,18,0.0,0.0,0.0,0.0,0.0,0.0
2025-02-02 18:00:00,2025-02-02,19,0.0,0.0,0.0,0.0,0.0,0.0
2025-02-02 19:00:00,2025-02-02,20,0.0,0.0,0.0,0.0,0.0,0.0
2025-02-02 20:00:00,2025-02-02,21,0.0,0.0,0.0,0.0,0.0,0.0
2025-02-02 21:00:00,2025-02-02,22,0.0,0.0,0.0,0.0,0.0,0.0
2025-02-02 22:00:00,2025-02-02,23,0.0,0.0,0.0,0.0,0.0,0.0
2025-02-02 23:00:00,2025-02-02,24,0.0,0.0,0.0,0.0,0.0,0.0
2025-02-03 00:00:00,2025-02-03,1,0.0,0.0,0.0,0.0,0.0,0.0
2025-02-03 01:00:00,2025-02-03,2,0.0,0.0,0.0,0.0,0.0,0.0
2025-02-03 02:00:00,2025-02-03,3,0.0,0.0,0.0,0.0,0.0,0.0
2025-02-03 03:00:00,2025-02-03,4,0.0,0.0,0.0,0.0,0.0,0.0
2025-02-03 04:00:00,2025-02-03,5,0.0,0.0,0.0,0.0,0.0,0.0
2025-02-03 05:00:00,2025-02-03,6,0.0,0.0,0.0,0.0,0.0,0.0
2025-02-03 06:00:00,2025-02-03,7,0.0,0.0,0.0,27.877053509845393,0.0,0.0
2025-02-03 07:00:00,2025-02-03,8,7.089709762532982,11.942222222222222,5.555555555555555,242.2604142339992,11.942222222222222,4.85251245968924
2025-02-03 08:00:00,2025-02-03,9,56.71767810026385,47.76888888888889,22.22222222222222,459.508338971522,47.76888888888889,-8.948789211374965
2025-02-03 09:00:00,2025-02-03,10,106.34564643799473,77.62444444444446,36.111111111111114,633.0004536690627,77.62444444444446,-28.721201993550267
2025-02-03 10:00:00,2025-02-03,11,148.88390501319262,83.59555555555555,38.888888888888886,746.8164713096112,83.59555555555555,-65.28834945763707
2025-02-03 11:00:00,2025-02-03,12,127.61477572559367,95.53777777777778,44.44444444444444,792.1223312357286,95.53777777777778,-32.0769979478159
2025-02-03 12:00:00,2025-02-03,13,120.52506596306068,89.56666666666666,41.666666666666664,765.5479063036702,89.56666666666666,-30.95839929639402
2025-02-03 13:00:00,2025-02-03,14,85.07651715039577,41.797777777777775,19.444444444444443,669.0595170666089,41.797777777777775,-43.278739372618
2025-02-03 14:00:00,2025-02-03,15,85.07651715039577,59.71111111111112,27.77777777777778,510.0162046917278,59.71111111111112,-25.36540603928465
2025-02-03 15:00:00,2025-02-03,16,14.179419525065963,41.797777777777775,19.444444444444443,302.0358501242277,41.797777777777775,27.61835825271181
2025-02-03 16:00:00,2025-02-03,17,7.089709762532982,17.913333333333338,8.333333333333334,75.73221232001409,17.913333333333338,10.823623570800356
2025-02-03 17:00:00,2025-02-03,18,0.0,0.0,0.0,0.0,0.0,0.0
2025-02-03 18:00:00,2025-02-03,19,0.0,0.0,0.0,0.0,0.0,0.0
2025-02-03 19:00:00,2025-02-03,20,0.0,0.0,0.0,0.0,0.0,0.0
2025-02-03 20:00:00,2025-02-03,21,0.0,0.0,0.0,0.0,0.0,0.0
2025-02-03 21:00:00,2025-02-03,22,0.0,0.0,0.0,0.0,0.0,0.0
2025-02-03 22:00:00,2025-02-03,23,0.0,0.0,0.0,0.0,0.0,0.0
2025-02-03 23:00:00,2025-02-03,24,0.0,0.0,0.0,0.0,0.0,0.0
2025-02-04 00:00:00,2025-02-04,1,0.0,0.0,0.0,0.0,0.0,0.0
2025-02-04 01:00:00,2025-02-04,2,0.0,0.0,0.0,0.0,0.0,0.0
2025-02-04 02:00:00,2025-02-04,3,0.0,0.0,0.0,0.0,0.0,0.0
2025-02-04 03:00:00,2025-02-04,4,0.0,0.0,0.0,0.0,0.0,0.0
2025-02-04 04:00:00,2025-02-04,5,0.0,0.0,0.0,0.0,0.0,0.0
2025-02-04 05:00:00,2025-02-04,6,0.0,0.0,0.0,0.0,0.0,0.0
2025-02-04 06:00:00,2025-02-04,7,0.0,5.971111111111111,2.7777777777777777,29.22468553412623,5.971111111111111,5.971111111111111
2025-02-04 07:00:00,2025-02-04,8,92.16622691292876,125.39333333333335,58.333333333333336,244.81440525856405,125.39333333333335,33.22710642040458
2025-02-04 08:00:00,2025-02-04,9,361.57519788918205,328.41111111111115,152.77777777777777,462.500863895619,328.41111111111115,-33.164086778070896
2025-02-04 09:00:00,2025-02-04,10,1042.1873350923483,1009.1177777777779,469.44444444444446,636.3278134589152,1009.1177777777779,-33.06955731457049
2025-02-04 10:00:00,2025-02-04,11,1510.1081794195252,1474.8644444444444,686.1111111111111,750.4043137252003,1474.8644444444444,-35.24373497508077
2025-02-04 11:00:00,2025-02-04,12,1198.1609498680739,1086.7422222222222,505.55555555555554,795.8881998736963,1086.7422222222222,-111.41872764585173
2025-02-04 12:00:00,2025-02-04,13,1779.5171503957783,1415.1533333333334,658.3333333333334,769.3990571831619,1415.1533333333334,-364.3638170624449
2025-02-04 13:00:00,2025-02-04,14,1779.5171503957783,1516.6622222222222,705.5555555555555,672.8954128239974,1516.6622222222222,-262.8549281735561
2025-02-04 14:00:00,2025-02-04,15,1028.0079155672825,973.2911111111111,452.77777777777777,513.7279362866461,973.2911111111111,-54.7168044561713
2025-02-04 15:00:00,2025-02-04,16,382.844327176781,364.2377777777778,169.44444444444446,305.4785452018048,364.2377777777778,-18.6065493990032
2025-02-04 16:00:00,2025-02-04,17,163.06332453825857,173.16222222222223,80.55555555555556,78.34675715711174,173.16222222222223,10.098897683963656
2025-02-04 17:00:00,2025-02-04,18,21.269129287598943,0.0,0.0,0.0,0.0,-21.269129287598943
2025-02-04 18:00:00,2025-02-04,19,0.0,0.0,0.0,0.0,0.0,0.0
2025-02-04 19:00:00,2025-02-04,20,0.0,0.0,0.0,0.0,0.0,0.0
2025-02-04 20:00:00,2025-02-04,21,0.0,0.0,0.0,0.0,0.0,0.0
2025-02-04 21:00:00,2025-02-04,22,0.0,0.0,0.0,0.0,0.0,0.0
2025-02-04 22:00:00,2025-02-04,23,0.0,0.0,0.0,0.0,0.0,0.0
2025-02-04 23:00:00,2025-02-04,24,0.0,0.0,0.0,0.0,0.0,0.0
2025-02-05 00:00:00,2025-02-05,1,0.0,0.0,0.0,0.0,0.0,0.0
2025-02-05 01:00:00,2025-02-05,2,0.0,0.0,0.0,0.0,0.0,0.0
2025-02-05 02:00:00,2025-02-05,3,0.0,0.0,0.0,0.0,0.0,0.0
2025-02-05 03:00:00,2025-02-05,4,0.0,0.0,0.0,0.0,0.0,0.0
2025-02-05 04:00:00,2025-02-05,5,0.0,0.0,0.0,0.0,0.0,0.0
2025-02-05 05:00:00,2025-02-05,6,0.0,0.0,0.0,0.0,0.0,0.0
2025-02-05 06:00:00,2025-02-05,7,0.0,5.971111111111111,2.7777777777777777,30.656339683661486,5.971111111111111,5.971111111111111
2025-02-05 07:00:00,2025-02-05,8,163.06332453825857,149.2777777777778,69.44444444444444,247.45871726697712,149.2777777777778,-13.78554676048077
2025-02-05 08:00:00,2025-02-05,9,439.5620052770449,382.1511111111111,177.77777777777777,465.5734540651904,382.1511111111111,-57.41089416593377
2025-02-05 09:00:00,2025-02-05,10,772.778364116095,620.9955555555557,288.8888888888889,639.7207289122216,620.9955555555557,-151.78280856053925
2025-02-05 10:00:00,2025-02-05,11,1056.3667546174142,1164.3666666666666,541.6666666666666,754.0412850128988,1164.3666666666666,107.99991204925232
2025-02-05 11:00:00,2025-02-05,12,1595.1846965699208,1331.5577777777778,619.4444444444445,799.6863082730828,1331.5577777777778,-263.626918792143
2025-02-05 12:00:00,2025-02-05,13,1425.0316622691294,1265.8755555555556,588.8888888888889,773.266388776893,1265.8755555555556,-159.15610671357376
2025-02-05 13:00:00,2025-02-05,14,645.1635883905013,626.9666666666667,291.6666666666667,676.7334773956785,626.9666666666667,-18.196921723834635
2025-02-05 14:00:00,2025-02-05,15,475.0105540897098,453.8044444444445,211.11111111111111,517.4310977499074,453.8044444444445,-21.206109645265258
2025-02-05 15:00:00,2025-02-05,16,248.13984168865437,220.9311111111111,102.77777777777777,308.90727367861484,220.9311111111111,-27.208730577543264
2025-02-05 16:00:00,2025-02-05,17,99.25593667546174,101.50888888888889,47.22222222222222,80.96575188863112,101.50888888888889,2.2529522134271502
2025-02-05 17:00:00,2025-02-05,18,7.089709762532982,0.0,0.0,0.0,0.0,-7.089709762532982
2025-02-05 18:00:00,2025-02-05,19,0.0,0.0,0.0,0.0,0.0,0.0
2025-02-05 19:00:00,2025-02-05,20,0.0,0.0,0.0,0.0,0.0,0.0
2025-02-05 20:00:00,2025-02-05,21,0.0,0.0,0.0,0.0,0.0,0.0
2025-02-05 21:00:00,2025-02-05,22,0.0,0.0,0.0,0.0,0.0,0.0
2025-02-05 22:00:00,2025-02-05,23,0.0,0.0,0.0,0.0,0.0,0.0
2025-02-05 23:00:00,2025-02-05,24,0.0,0.0,0.0,0.0,0.0,0.0
2025-02-06 00:00:00,2025-02-06,1,0.0,0.0,0.0,0.0,0.0,0.0
2025-02-06 01:00:00,2025-02-06,2,0.0,0.0,0.0,0.0,0.0,0.0
2025-02-06 02:00:00,2025-02-06,3,0.0,0.0,0.0,0.0,0.0,0.0
2025-02-06 03:00:00,2025-02-06,4,0.0,0.0,0.0,0.0,0.0,0.0
2025-02-06 04:00:00,2025-02-06,5,0.0,0.0,0.0,0.0,0.0,0.0
2025-02-06 05:00:00,2025-02-06,6,0.0,0.0,0.0,0.0,0.0,0.0
2025-02-06 06:00:00,2025-02-06,7,0.0,0.0,0.0,32.173644171797804,0.0,0.0
2025-02-06 07:00:00,2025-02-06,8,14.179419525065963,35.826666666666675,16.666666666666668,250.1916943551862,35.826666666666675,21.64724714160071
2025-02-06 08:00:00,2025-02-06,9,56.71767810026385,71.65333333333335,33.333333333333336,468.7238353299506,71.65333333333335,14.935655233069497
2025-02-06 09:00:00,2025-02-06,10,113.4353562005277,137.33555555555557,63.888888888888886,643.1765651704843,137.33555555555557,23.900199355027866
2025-02-06 10:00:00,2025-02-06,11,319.0369393139842,274.67111111111114,127.77777777777777,757.7245352480968,274.67111111111114,-44.36582820287305
2025-02-06 11:00:00,2025-02-06,12,538.8179419525067,537.4,250.0,803.5137293773439,537.4,-1.4179419525066805
2025-02-06 12:00:00,2025-02-06,13,914.5725593667546,877.7533333333333,408.3333333333333,777.1470339966932,877.7533333333333,-36.81922603342127
2025-02-06 13:00:00,2025-02-06,14,552.9973614775726,573.2266666666668,266.6666666666667,680.5710343111482,573.2266666666668,20.229305189094248
2025-02-06 14:00:00,2025-02-06,15,205.60158311345646,191.07555555555555,88.88888888888889,521.1233176556152,191.07555555555555,-14.526027557900903
2025-02-06 15:00:00,2025-02-06,16,127.61477572559367,143.3066666666667,66.66666666666667,312.32003313253233,143.3066666666667,15.691890941073027
2025-02-06 16:00:00,2025-02-06,17,49.62796833773087,53.74,25.0,83.58682650664637,53.74,4.112031662269132
2025-02-06 17:00:00,2025-02-06,18,7.089709762532982,0.0,0.0,0.0,0.0,-7.089709762532982
2025-02-06 18:00:00,2025-02-06,19,0.0,0.0,0.0,0.0,0.0,0.0
2025-02-06 19:00:00,2025-02-06,20,0.0,0.0,0.0,0.0,0.0,0.0
2025-02-06 20:00:00,2025-02-06,21,0.0,0.0,0.0,0.0,0.0,0.0
2025-02-06 21:00:00,2025-02-06,22,0.0,0.0,0.0,0.0,0.0,0.0
2025-02-06 22:00:00,2025-02-06,23,0.0,0.0,0.0,0.0,0.0,0.0
2025-02-06 23:00:00,2025-02-06,24,0.0,0.0,0.0,0.0,0.0,0.0
2025-02-07 00:00:00,2025-02-07,1,0.0,0.0,0.0,0.0,0.0,0.0
2025-02-07 01:00:00,2025-02-07,2,0.0,0.0,0.0,0.0,0.0,0.0
2025-02-07 02:00:00,2025-02-07,3,0.0,0.0,0.0,0.0,0.0,0.0
2025-02-07 03:00:00,2025-02-07,4,0.0,0.0,0.0,0.0,0.0,0.0
2025-02-07 04:00:00,2025-02-07,5,0.0,0.0,0.0,0.0,0.0,0.0
2025-02-07 05:00:00,2025-02-07,6,0.0,0.0,0.0,0.0,0.0,0.0
2025-02-07 06:00:00,2025-02-07,7,0.0,0.0,0.0,33.77802111649298,0.0,0.0
2025-02-07 07:00:00,2025-02-07,8,14.179419525065963,17.913333333333338,8.333333333333334,253.0115388297849,17.913333333333338,3.733913808267374
2025-02-07 08:00:00,2025-02-07,9,28.358839050131927,41.797777777777775,19.444444444444443,471.94962130473243,41.797777777777775,13.438938727645848
2025-02-07 09:00:00,2025-02-07,10,56.71767810026385,71.65333333333335,33.333333333333336,646.692612151323,71.65333333333335,14.935655233069497
2025-02-07 10:00:00,2025-02-07,11,113.4353562005277,119.42222222222225,55.55555555555556,761.4511813890747,119.42222222222225,5.986866021694539
2025-02-07 11:00:00,2025-02-07,12,241.05013192612137,232.87333333333333,108.33333333333333,807.3675468884497,232.87333333333333,-8.176798592788032
2025-02-07 12:00:00,2025-02-07,13,375.754617414248,334.3822222222222,155.55555555555554,781.0381789811846,334.3822222222222,-41.372395192025806
2025-02-07 13:00:00,2025-02-07,14,177.24274406332455,167.1911111111111,77.77777777777777,684.4054981795151,167.1911111111111,-10.051632952213453
2025-02-07 14:00:00,2025-02-07,15,92.16622691292876,119.42222222222225,55.55555555555556,524.8023455998351,119.42222222222225,27.255995309293482
2025-02-07 15:00:00,2025-02-07,16,49.62796833773087,65.68222222222222,30.555555555555557,315.71496044678594,65.68222222222222,16.054253884491352
2025-02-07 16:00:00,2025-02-07,17,7.089709762532982,23.884444444444444,11.11111111111111,86.20776927661873,23.884444444444444,16.794734681911464
2025-02-07 17:00:00,2025-02-07,18,0.0,0.0,0.0,0.0,0.0,0.0
2025-02-07 18:00:00,2025-02-07,19,0.0,0.0,0.0,0.0,0.0,0.0
2025-02-07 19:00:00,2025-02-07,20,0.0,0.0,0.0,0.0,0.0,0.0
2025-02-07 20:00:00,2025-02-07,21,0.0,0.0,0.0,0.0,0.0,0.0
2025-02-07 21:00:00,2025-02-07,22,0.0,0.0,0.0,0.0,0.0,0.0
2025-02-07 22:00:00,2025-02-07,23,0.0,0.0,0.0,0.0,0.0,0.0
2025-02-07 23:00:00,2025-02-07,24,0.0,0.0,0.0,0.0,0.0,0.0
2025-02-08 00:00:00,2025-02-08,1,0.0,0.0,0.0,0.0,0.0,0.0
2025-02-08 01:00:00,2025-02-08,2,0.0,0.0,0.0,0.0,0.0,0.0
2025-02-08 02:00:00,2025-02-08,3,0.0,0.0,0.0,0.0,0.0,0.0
2025-02-08 03:00:00,2025-02-08,4,0.0,0.0,0.0,0.0,0.0,0.0
2025-02-08 04:00:00,2025-02-08,5,0.0,0.0,0.0,0.0,0.0,0.0
2025-02-08 05:00:00,2025-02-08,6,0.0,0.0,0.0,0.0,0.0,0.0
2025-02-08 06:00:00,2025-02-08,7,0.0,0.0,0.0,35.47067638932916,0.0,0.0
2025-02-08 07:00:00,2025-02-08,8,0.0,11.942222222222222,5.555555555555555,255.91632800556437,11.942222222222222,11.942222222222222
2025-02-08 08:00:00,2025-02-08,9,7.089709762532982,23.884444444444444,11.11111111111111,475.2483319481237,23.884444444444444,16.794734681911464
2025-02-08 09:00:00,2025-02-08,10,49.62796833773087,53.74,25.0,650.2661029261934,53.74,4.112031662269132
2025-02-08 10:00:00,2025-02-08,11,63.80738786279684,77.62444444444446,36.111111111111114,765.2183242215038,77.62444444444446,13.817056581647627
2025-02-08 11:00:00,2025-02-08,12,85.07651715039577,107.48,50.0,811.2448700318649,107.48,22.40348284960423
2025-02-08 12:00:00,2025-02-08,13,141.79419525065964,107.48,50.0,784.9370750360636,107.48,-34.31419525065964
2025-02-08 13:00:00,2025-02-08,14,212.69129287598946,179.13333333333333,83.33333333333333,688.234383403809,179.13333333333333,-33.557959542656135
2025-02-08 14:00:00,2025-02-08,15,127.61477572559367,131.36444444444444,61.111111111111114,528.4660577016434,131.36444444444444,3.7496687188507707
2025-02-08 15:00:00,2025-02-08,16,63.80738786279684,89.56666666666666,41.666666666666664,319.09033439025563,89.56666666666666,25.759278803869826
2025-02-08 16:00:00,2025-02-08,17,14.179419525065963,29.85555555555556,13.88888888888889,88.82652978775062,29.85555555555556,15.676136030489598
2025-02-08 17:00:00,2025-02-08,18,0.0,0.0,0.0,0.0,0.0,0.0
2025-02-08 18:00:00,2025-02-08,19,0.0,0.0,0.0,0.0,0.0,0.0
2025-02-08 19:00:00,2025-02-08,20,0.0,0.0,0.0,0.0,0.0,0.0
2025-02-08 20:00:00,2025-02-08,21,0.0,0.0,0.0,0.0,0.0,0.0
2025-02-08 21:00:00,2025-02-08,22,0.0,0.0,0.0,0.0,0.0,0.0
2025-02-08 22:00:00,2025-02-08,23,0.0,0.0,0.0,0.0,0.0,0.0
2025-02-08 23:00:00,2025-02-08,24,0.0,0.0,0.0,0.0,0.0,0.0
2025-02-09 00:00:00,2025-02-09,1,0.0,0.0,0.0,0.0,0.0,0.0
2025-02-09 01:00:00,2025-02-09,2,0.0,0.0,0.0,0.0,0.0,0.0
2025-02-09 02:00:00,2025-02-09,3,0.0,0.0,0.0,0.0,0.0,0.0
2025-02-09 03:00:00,2025-02-09,4,0.0,0.0,0.0,0.0,0.0,0.0
2025-02-09 04:00:00,2025-02-09,5,0.0,0.0,0.0,0.0,0.0,0.0
2025-02-09 05:00:00,2025-02-09,6,0.0,0.0,0.0,0.0,0.0,0.0
2025-02-09 06:00:00,2025-02-09,7,0.0,0.0,0.0,37.252594859716304,0.0,0.0
2025-02-09 07:00:00,2025-02-09,8,14.179419525065963,29.85555555555556,13.88888888888889,258.90403350984747,29.85555555555556,15.676136030489598
2025-02-09 08:00:00,2025-02-09,9,155.9736147757256,107.48,50.0,478.61741339918825,107.48,-48.49361477572559
2025-02-09 09:00:00,2025-02-09,10,375.754617414248,262.7288888888889,122.22222222222223,653.8942315572529,262.7288888888889,-113.02572852535911
2025-02-09 10:00:00,2025-02-09,11,638.0738786279684,406.03555555555556,188.88888888888889,769.0230631447341,406.03555555555556,-232.03832307241282
2025-02-09 11:00:00,2025-02-09,12,276.4986807387863,250.7866666666667,116.66666666666667,815.1428444183858,250.7866666666667,-25.712014072119587
2025-02-09 12:00:00,2025-02-09,13,212.69129287598946,214.96,100.0,788.8410451084422,214.96,2.2687071240105467
2025-02-09 13:00:00,2025-02-09,14,191.4221635883905,167.1911111111111,77.77777777777777,692.0553061619548,167.1911111111111,-24.231052477279405
2025-02-09 14:00:00,2025-02-09,15,141.79419525065964,149.2777777777778,69.44444444444444,532.1124543137571,149.2777777777778,7.483582527118159
2025-02-09 15:00:00,2025-02-09,16,99.25593667546174,125.39333333333335,58.333333333333336,322.4445701492132,125.39333333333335,26.137396657871605
2025-02-09 16:00:00,2025-02-09,17,42.53825857519789,59.71111111111112,27.77777777777778,91.44121452538576,59.71111111111112,17.172852535913236
2025-02-09 17:00:00,2025-02-09,18,0.0,0.0,0.0,0.0,0.0,0.0
2025-02-09 18:00:00,2025-02-09,19,0.0,0.0,0.0,0.0,0.0,0.0
2025-02-09 19:00:00,2025-02-09,20,0.0,0.0,0.0,0.0,0.0,0.0
2025-02-09 20:00:00,2025-02-09,21,0.0,0.0,0.0,0.0,0.0,0.0
2025-02-09 21:00:00,2025-02-09,22,0.0,0.0,0.0,0.0,0.0,0.0
2025-02-09 22:00:00,2025-02-09,23,0.0,0.0,0.0,0.0,0.0,0.0
2025-02-09 23:00:00,2025-02-09,24,0.0,0.0,0.0,0.0,0.0,0.0
2025-02-10 00:00:00,2025-02-10,1,0.0,0.0,0.0,0.0,0.0,0.0
2025-02-10 01:00:00,2025-02-10,2,0.0,0.0,0.0,0.0,0.0,0.0
2025-02-10 02:00:00,2025-02-10,3,0.0,0.0,0.0,0.0,0.0,0.0
2025-02-10 03:00:00,2025-02-10,4,0.0,0.0,0.0,0.0,0.0,0.0
2025-02-10 04:00:00,2025-02-10,5,0.0,0.0,0.0,0.0,0.0,0.0
2025-02-10 05:00:00,2025-02-10,6,0.0,0.0,0.0,0.0,0.0,0.0
2025-02-10 06:00:00,2025-02-10,7,0.0,5.971111111111111,2.7777777777777777,39.12453939000098,5.971111111111111,5.971111111111111
2025-02-10 07:00:00,2025-02-10,8,70.89709762532982,89.56666666666666,41.666666666666664,261.97254049716133,89.56666666666666,18.669569041336842
2025-02-10 08:00:00,2025-02-10,9,333.21635883905014,316.4688888888889,147.22222222222223,482.0542562560978,316.4688888888889,-16.747469950161246
2025-02-10 09:00:00,2025-02-10,10,1006.7387862796834,961.348888888889,447.22222222222223,657.5741682060097,961.348888888889,-45.38989739079443
2025-02-10 10:00:00,2025-02-10,11,1751.1583113456466,1504.7200000000003,700.0,772.8625068337423,1504.7200000000003,-246.4383113456463
2025-02-10 11:00:00,2025-02-10,12,1949.67018469657,1671.911111111111,777.7777777777778,819.0586576230246,1671.911111111111,-277.75907358545896
2025-02-10 12:00:00,2025-02-10,13,1985.118733509235,1737.5933333333335,808.3333333333334,792.7474840168826,1737.5933333333335,-247.5254001759015
2025-02-10 13:00:00,2025-02-10,14,900.3931398416887,1146.4533333333336,533.3333333333334,695.86597943936,1146.4533333333336,246.0601934916449
2025-02-10 14:00:00,2025-02-10,15,765.688654353562,806.1,375.0,535.7396504724518,806.1,40.41134564643801
2025-02-10 15:00:00,2025-02-10,16,475.0105540897098,471.7177777777778,219.44444444444446,325.77620656069064,471.7177777777778,-3.2927763119319593
2025-02-10 16:00:00,2025-02-10,17,163.06332453825857,191.07555555555555,88.88888888888889,94.05007548980946,191.07555555555555,28.012231017296983
2025-02-10 17:00:00,2025-02-10,18,14.179419525065963,0.0,0.0,0.0,0.0,-14.179419525065963
2025-02-10 18:00:00,2025-02-10,19,0.0,0.0,0.0,0.0,0.0,0.0
2025-02-10 19:00:00,2025-02-10,20,0.0,0.0,0.0,0.0,0.0,0.0
2025-02-10 20:00:00,2025-02-10,21,0.0,0.0,0.0,0.0,0.0,0.0
2025-02-10 21:00:00,2025-02-10,22,0.0,0.0,0.0,0.0,0.0,0.0
2025-02-10 22:00:00,2025-02-10,23,0.0,0.0,0.0,0.0,0.0,0.0
2025-02-10 23:00:00,2025-02-10,24,0.0,0.0,0.0,0.0,0.0,0.0
2025-02-11 00:00:00,2025-02-11,1,0.0,0.0,0.0,0.0,0.0,0.0
2025-02-11 01:00:00,2025-02-11,2,0.0,0.0,0.0,0.0,0.0,0.0
2025-02-11 02:00:00,2025-02-11,3,0.0,0.0,0.0,0.0,0.0,0.0
2025-02-11 03:00:00,2025-02-11,4,0.0,0.0,0.0,0.0,0.0,0.0
2025-02-11 04:00:00,2025-02-11,5,0.0,0.0,0.0,0.0,0.0,0.0
2025-02-11 05:00:00,2025-02-11,6,0.0,0.0,0.0,0.0,0.0,0.0
2025-02-11 06:00:00,2025-02-11,7,7.089709762532982,17.913333333333338,8.333333333333334,41.087052360750164,17.913333333333338,10.823623570800356
2025-02-11 07:00:00,2025-02-11,8,155.9736147757256,256.7577777777778,119.44444444444444,265.1196645496627,256.7577777777778,100.7841630020522
2025-02-11 08:00:00,2025-02-11,9,609.7150395778365,734.4466666666668,341.6666666666667,485.55621060335466,734.4466666666668,124.73162708883035
2025-02-11 09:00:00,2025-02-11,10,1198.1609498680739,1152.4244444444446,536.1111111111111,661.3030700825263,1152.4244444444446,-45.736505423629296
2025-02-11 10:00:00,2025-02-11,11,1673.1715039577837,1480.8355555555559,688.8888888888889,776.7337791569767,1480.8355555555559,-192.3359484022278
2025-02-11 11:00:00,2025-02-11,12,1885.862796833773,1665.94,775.0,822.9895395603215,1665.94,-219.92279683377296
2025-02-11 12:00:00,2025-02-11,13,1850.4142480211083,1677.8822222222223,780.5555555555555,796.6538531802834,1677.8822222222223,-172.53202579888602
2025-02-11 13:00:00,2025-02-11,14,1701.5303430079157,1570.4022222222222,730.5555555555555,699.6642024507222,1570.4022222222222,-131.12812078569345
2025-02-11 14:00:00,2025-02-11,15,1375.4036939313985,1295.7311111111112,602.7777777777778,539.3458609150415,1295.7311111111112,-79.67258282028729
2025-02-11 15:00:00,2025-02-11,16,893.3034300791556,848.8784712519763,394.9006658224675,329.0838881853896,848.8784712519763,-44.42495882717935
2025-02-11 16:00:00,2025-02-11,17,311.9472295514512,249.3144621198592,115.98179294745962,96.65149412288302,249.3144621198592,-62.63276743159199
2025-02-11 17:00:00,2025-02-11,18,21.269129287598943,0.0,0.0,0.0,0.0,-21.269129287598943
2025-02-11 18:00:00,2025-02-11,19,0.0,0.0,0.0,0.0,0.0,0.0
2025-02-11 19:00:00,2025-02-11,20,0.0,0.0,0.0,0.0,0.0,0.0
2025-02-11 20:00:00,2025-02-11,21,0.0,0.0,0.0,0.0,0.0,0.0
2025-02-11 21:00:00,2025-02-11,22,0.0,0.0,0.0,0.0,0.0,0.0
2025-02-11 22:00:00,2025-02-11,23,0.0,0.0,0.0,0.0,0.0,0.0
2025-02-11 23:00:00,2025-02-11,24,0.0,0.0,0.0,0.0,0.0,0.0
2025-02-12 00:00:00,2025-02-12,1,0.0,0.0,0.0,0.0,0.0,0.0
2025-02-12 01:00:00,2025-02-12,2,0.0,0.0,0.0,0.0,0.0,0.0
2025-02-12 02:00:00,2025-02-12,3,0.0,0.0,0.0,0.0,0.0,0.0
2025-02-12 03:00:00,2025-02-12,4,0.0,0.0,0.0,0.0,0.0,0.0
2025-02-12 04:00:00,2025-02-12,5,0.0,0.0,0.0,0.0,0.0,0.0
2025-02-12 05:00:00,2025-02-12,6,0.0,0.0,0.0,0.0,0.0,0.0
2025-02-12 06:00:00,2025-02-12,7,7.089709762532982,11.942222222222222,5.555555555555555,43.14045819320011,11.942222222222222,4.85251245968924
2025-02-12 07:00:00,2025-02-12,8,127.61477572559367,113.45111111111113,52.77777777777778,268.34316499763617,113.45111111111113,-14.163664614482542
2025-02-12 08:00:00,2025-02-12,9,340.3060686015831,238.8444444444445,111.11111111111111,489.12059684604833,238.8444444444445,-101.4616241571386
2025-02-12 09:00:00,2025-02-12,10,375.754617414248,286.6133333333334,133.33333333333334,665.0780880575818,286.6133333333334,-89.1412840809146
2025-02-12 10:00:00,2025-02-12,11,552.9973614775726,555.3133333333333,258.3333333333333,780.6340207733336,555.3133333333333,2.315971855760722
2025-02-12 11:00:00,2025-02-12,12,652.2532981530343,561.2844444444444,261.1111111111111,826.9327586658432,561.2844444444444,-90.9688537085899
2025-02-12 12:00:00,2025-02-12,13,786.957783641161,650.8511111111111,302.77777777777777,800.5576714882834,650.8511111111111,-136.10667253004988
2025-02-12 13:00:00,2025-02-12,14,503.3693931398417,364.2377777777778,169.44444444444446,703.4478466980296,364.2377777777778,-139.13161536206388
2025-02-12 14:00:00,2025-02-12,15,304.85751978891824,250.7866666666667,116.66666666666667,542.9293821365917,250.7866666666667,-54.07085312225155
2025-02-12 15:00:00,2025-02-12,16,248.13984168865437,197.0466666666667,91.66666666666667,332.3663451110416,197.0466666666667,-51.09317502198766
2025-02-12 16:00:00,2025-02-12,17,77.9868073878628,71.65333333333335,33.333333333333336,99.24396274082144,71.65333333333335,-6.333474054529447
2025-02-12 17:00:00,2025-02-12,18,7.089709762532982,0.0,0.0,0.0,0.0,-7.089709762532982
2025-02-12 18:00:00,2025-02-12,19,0.0,0.0,0.0,0.0,0.0,0.0
2025-02-12 19:00:00,2025-02-12,20,0.0,0.0,0.0,0.0,0.0,0.0
2025-02-12 20:00:00,2025-02-12,21,0.0,0.0,0.0,0.0,0.0,0.0
2025-02-12 21:00:00,2025-02-12,22,0.0,0.0,0.0,0.0,0.0,0.0
2025-02-12 22:00:00,2025-02-12,23,0.0,0.0,0.0,0.0,0.0,0.0
2025-02-12 23:00:00,2025-02-12,24,0.0,0.0,0.0,0.0,0.0,0.0
2025-02-13 00:00:00,2025-02-13,1,0.0,0.0,0.0,0.0,0.0,0.0
2025-02-13 01:00:00,2025-02-13,2,0.0,0.0,0.0,0.0,0.0,0.0
2025-02-13 02:00:00,2025-02-13,3,0.0,0.0,0.0,0.0,0.0,0.0
2025-02-13 03:00:00,2025-02-13,4,0.0,0.0,0.0,0.0,0.0,0.0
2025-02-13 04:00:00,2025-02-13,5,0.0,0.0,0.0,0.0,0.0,0.0
2025-02-13 05:00:00,2025-02-13,6,0.0,0.0,0.0,0.0,0.0,0.0
2025-02-13 06:00:00,2025-02-13,7,0.0,5.971111111111111,2.7777777777777777,45.2848660519955,5.971111111111111,5.971111111111111
2025-02-13 07:00:00,2025-02-13,8,21.269129287598943,35.826666666666675,16.666666666666668,271.6407540652033,35.826666666666675,14.557537379067732
2025-02-13 08:00:00,2025-02-13,9,63.80738786279684,95.53777777777778,44.44444444444444,492.74471233172903,95.53777777777778,31.73038991498094
2025-02-13 09:00:00,2025-02-13,10,191.4221635883905,197.0466666666667,91.66666666666667,668.8963694507665,197.0466666666667,5.624503078276206
2025-02-13 10:00:00,2025-02-13,11,198.51187335092348,179.13333333333333,83.33333333333333,784.5603873751336,179.13333333333333,-19.378540017590154
2025-02-13 11:00:00,2025-02-13,12,212.69129287598946,197.0466666666667,91.66666666666667,830.8856154719672,197.0466666666667,-15.644626209322752
2025-02-13 12:00:00,2025-02-13,13,198.51187335092348,203.01777777777778,94.44444444444444,804.456504349192,203.01777777777778,4.5059044268543005
2025-02-13 13:00:00,2025-02-13,14,432.47229551451187,358.26666666666665,166.66666666666666,707.2148409770226,358.26666666666665,-74.20562884784522
2025-02-13 14:00:00,2025-02-13,15,354.4854881266491,286.6133333333334,133.33333333333334,546.4885743274687,286.6133333333334,-67.8721547933157
2025-02-13 15:00:00,2025-02-13,16,233.9604221635884,208.98888888888888,97.22222222222223,335.62237304521426,208.98888888888888,-24.97153327469951
2025-02-13 16:00:00,2025-02-13,17,63.80738786279684,83.59555555555555,38.888888888888886,101.8260660261218,83.59555555555555,19.788167692758712
2025-02-13 17:00:00,2025-02-13,18,0.0,0.0,0.0,0.0,0.0,0.0
2025-02-13 18:00:00,2025-02-13,19,0.0,0.0,0.0,0.0,0.0,0.0
2025-02-13 19:00:00,2025-02-13,20,0.0,0.0,0.0,0.0,0.0,0.0
2025-02-13 20:00:00,2025-02-13,21,0.0,0.0,0.0,0.0,0.0,0.0
2025-02-13 21:00:00,2025-02-13,22,0.0,0.0,0.0,0.0,0.0,0.0
2025-02-13 22:00:00,2025-02-13,23,0.0,0.0,0.0,0.0,0.0,0.0
2025-02-13 23:00:00,2025-02-13,24,0.0,0.0,0.0,0.0,0.0,0.0
2025-02-14 00:00:00,2025-02-14,1,0.0,0.0,0.0,0.0,0.0,0.0
2025-02-14 01:00:00,2025-02-14,2,0.0,0.0,0.0,0.0,0.0,0.0
2025-02-14 02:00:00,2025-02-14,3,0.0,0.0,0.0,0.0,0.0,0.0
2025-02-14 03:00:00,2025-02-14,4,0.0,0.0,0.0,0.0,0.0,0.0
2025-02-14 04:00:00,2025-02-14,5,0.0,0.0,0.0,0.0,0.0,0.0
2025-02-14 05:00:00,2025-02-14,6,0.0,0.0,0.0,0.0,0.0,0.0
2025-02-14 06:00:00,2025-02-14,7,7.089709762532982,11.942222222222222,5.555555555555555,47.5201724244934,11.942222222222222,4.85251245968924
2025-02-14 07:00:00,2025-02-14,8,85.07651715039577,89.56666666666666,41.666666666666664,275.01010231808704,89.56666666666666,4.49014951627089
2025-02-14 08:00:00,2025-02-14,9,347.3957783641161,310.49777777777786,144.44444444444446,496.425834626897,310.49777777777786,-36.89800058633824
2025-02-14 09:00:00,2025-02-14,10,1035.0976253298154,680.7066666666667,316.6666666666667,672.7550580701829,680.7066666666667,-354.3909586631487
2025-02-14 10:00:00,2025-02-14,11,1205.2506596306068,949.4066666666669,441.6666666666667,788.5100462179723,949.4066666666669,-255.84399296393997
2025-02-14 11:00:00,2025-02-14,12,1531.377308707124,1116.597777777778,519.4444444444445,834.8454354553297,1116.597777777778,-414.77953092934604
2025-02-14 12:00:00,2025-02-14,13,1191.071240105541,1200.1933333333334,558.3333333333333,808.3479530521586,1200.1933333333334,9.122093227792448
2025-02-14 13:00:00,2025-02-14,14,1098.9050131926122,740.4177777777779,344.44444444444446,710.9631577461954,740.4177777777779,-358.48723541483423
2025-02-14 14:00:00,2025-02-14,15,560.0870712401055,423.9488888888889,197.22222222222223,550.0218453517537,423.9488888888889,-136.13818235121659
2025-02-14 15:00:00,2025-02-14,16,418.2928759894459,322.44,150.0,338.8508162124102,322.44,-95.85287598944592
2025-02-14 16:00:00,2025-02-14,17,170.15303430079155,155.24888888888893,72.22222222222223,104.39646464128495,155.24888888888893,-14.904145411902618
2025-02-14 17:00:00,2025-02-14,18,21.269129287598943,0.0,0.0,0.0,0.0,-21.269129287598943
2025-02-14 18:00:00,2025-02-14,19,0.0,0.0,0.0,0.0,0.0,0.0
2025-02-14 19:00:00,2025-02-14,20,0.0,0.0,0.0,0.0,0.0,0.0
2025-02-14 20:00:00,2025-02-14,21,0.0,0.0,0.0,0.0,0.0,0.0
2025-02-14 21:00:00,2025-02-14,22,0.0,0.0,0.0,0.0,0.0,0.0
2025-02-14 22:00:00,2025-02-14,23,0.0,0.0,0.0,0.0,0.0,0.0
2025-02-14 23:00:00,2025-02-14,24,0.0,0.0,0.0,0.0,0.0,0.0
2025-02-15 00:00:00,2025-02-15,1,0.0,0.0,0.0,0.0,0.0,0.0
2025-02-15 01:00:00,2025-02-15,2,0.0,0.0,0.0,0.0,0.0,0.0
2025-02-15 02:00:00,2025-02-15,3,0.0,0.0,0.0,0.0,0.0,0.0
2025-02-15 03:00:00,2025-02-15,4,0.0,0.0,0.0,0.0,0.0,0.0
2025-02-15 04:00:00,2025-02-15,5,0.0,0.0,0.0,0.0,0.0,0.0
2025-02-15 05:00:00,2025-02-15,6,0.0,0.0,0.0,0.0,0.0,0.0
2025-02-15 06:00:00,2025-02-15,7,14.179419525065963,17.913333333333338,8.333333333333334,49.84606329731561,17.913333333333338,3.733913808267374
2025-02-15 07:00:00,2025-02-15,8,184.33245382585753,304.52666666666664,141.66666666666666,277.9419475418326,304.52666666666664,120.19421284080912
2025-02-15 08:00:00,2025-02-15,9,659.3430079155673,770.2733333333334,358.3333333333333,499.5821155000386,770.2733333333334,110.93032541776608
2025-02-15 09:00:00,2025-02-15,10,1297.4168865435356,1206.1644444444444,561.1111111111111,676.0419358385744,1206.1644444444444,-91.25244209909124
2025-02-15 10:00:00,2025-02-15,11,1779.5171503957783,1528.6044444444444,711.1111111111111,791.8569770301556,1528.6044444444444,-250.91270595133392
2025-02-15 11:00:00,2025-02-15,12,1963.849604221636,1725.6511111111113,802.7777777777778,838.1817164333856,1725.6511111111113,-238.19849311052462
2025-02-15 12:00:00,2025-02-15,13,1956.759894459103,1767.4488888888889,822.2222222222222,811.6044151084487,1767.4488888888889,-189.3110055702141
2025-02-15 13:00:00,2025-02-15,14,1786.6068601583113,1624.1422222222222,755.5555555555555,714.0765037372329,1624.1422222222222,-162.46463793608905
2025-02-15 14:00:00,2025-02-15,15,1396.6728232189973,1271.8466666666666,591.6666666666666,552.9378282120822,1271.8466666666666,-124.82615655233076
2025-02-15 15:00:00,2025-02-15,16,893.3034300791556,877.7533333333333,408.3333333333333,341.5164032378811,877.7533333333333,-15.550096745822316
2025-02-15 16:00:00,2025-02-15,17,340.3060686015831,274.9500866489226,127.90755798703135,106.58963165585946,274.9500866489226,-65.3559819526605
2025-02-15 17:00:00,2025-02-15,18,35.44854881266491,0.0,0.0,0.0,0.0,-35.44854881266491
2025-02-15 18:00:00,2025-02-15,19,0.0,0.0,0.0,0.0,0.0,0.0
2025-02-15 19:00:00,2025-02-15,20,0.0,0.0,0.0,0.0,0.0,0.0
2025-02-15 20:00:00,2025-02-15,21,0.0,0.0,0.0,0.0,0.0,0.0
2025-02-15 21:00:00,2025-02-15,22,0.0,0.0,0.0,0.0,0.0,0.0
2025-02-15 22:00:00,2025-02-15,23,0.0,0.0,0.0,0.0,0.0,0.0
2025-02-15 23:00:00,2025-02-15,24,0.0,0.0,0.0,0.0,0.0,0.0
2025-02-16 00:00:00,2025-02-16,1,0.0,0.0,0.0,0.0,0.0,0.0
2025-02-16 01:00:00,2025-02-16,2,0.0,0.0,0.0,0.0,0.0,0.0
2025-02-16 02:00:00,2025-02-16,3,0.0,0.0,0.0,0.0,0.0,0.0
2025-02-16 03:00:00,2025-02-16,4,0.0,0.0,0.0,0.0,0.0,0.0
2025-02-16 04:00:00,2025-02-16,5,0.0,0.0,0.0,0.0,0.0,0.0
2025-02-16 05:00:00,2025-02-16,6,0.0,0.0,0.0,0.0,0.0,0.0
2025-02-16 06:00:00,2025-02-16,7,0.0,5.971111111111111,2.7777777777777777,52.00265381409755,5.971111111111111,5.971111111111111
2025-02-16 07:00:00,2025-02-16,8,99.25593667546174,77.62444444444446,36.111111111111114,280.93887962804797,77.62444444444446,-21.631492231017276
2025-02-16 08:00:00,2025-02-16,9,595.5356200527705,513.5155555555556,238.88888888888889,502.7895690505668,513.5155555555556,-82.02006449721489
2025-02-16 09:00:00,2025-02-16,10,418.2928759894459,274.67111111111114,127.77777777777777,679.3636125534418,274.67111111111114,-143.62176487833477
2025-02-16 10:00:00,2025-02-16,11,276.4986807387863,220.9311111111111,102.77777777777777,795.221843872233,220.9311111111111,-55.56756962767517
2025-02-16 11:00:00,2025-02-16,12,574.2664907651715,352.2955555555556,163.88888888888889,841.5200107325961,352.2955555555556,-221.9709352096159
2025-02-16 12:00:00,2025-02-16,13,893.3034300791556,877.7533333333333,408.3333333333333,814.849109351169,877.7533333333333,-15.550096745822316
2025-02-16 13:00:00,2025-02-16,14,914.5725593667546,889.6955555555556,413.8888888888889,717.1674552226441,889.6955555555556,-24.87700381119896
2025-02-16 14:00:00,2025-02-16,15,666.4327176781003,662.7933333333333,308.3333333333333,555.8247810445233,662.7933333333333,-3.639384344766995
2025-02-16 15:00:00,2025-02-16,16,389.934036939314,483.65999999999997,225.0,344.15128879228826,483.65999999999997,93.72596306068596
2025-02-16 16:00:00,2025-02-16,17,134.70448548812666,167.1911111111111,77.77777777777777,108.7631193122415,167.1911111111111,32.486625622984434
2025-02-16 17:00:00,2025-02-16,18,7.089709762532982,0.0,0.0,0.0,0.0,-7.089709762532982
2025-02-16 18:00:00,2025-02-16,19,0.0,0.0,0.0,0.0,0.0,0.0
2025-02-16 19:00:00,2025-02-16,20,0.0,0.0,0.0,0.0,0.0,0.0
2025-02-16 20:00:00,2025-02-16,21,0.0,0.0,0.0,0.0,0.0,0.0
2025-02-16 21:00:00,2025-02-16,22,0.0,0.0,0.0,0.0,0.0,0.0
2025-02-16 22:00:00,2025-02-16,23,0.0,0.0,0.0,0.0,0.0,0.0
2025-02-16 23:00:00,2025-02-16,24,0.0,0.0,0.0,0.0,0.0,0.0
2025-02-17 00:00:00,2025-02-17,1,0.0,0.0,0.0,0.0,0.0,0.0
2025-02-17 01:00:00,2025-02-17,2,0.0,0.0,0.0,0.0,0.0,0.0
2025-02-17 02:00:00,2025-02-17,3,0.0,0.0,0.0,0.0,0.0,0.0
2025-02-17 03:00:00,2025-02-17,4,0.0,0.0,0.0,0.0,0.0,0.0
2025-02-17 04:00:00,2025-02-17,5,0.0,0.0,0.0,0.0,0.0,0.0
2025-02-17 05:00:00,2025-02-17,6,0.0,0.0,0.0,0.0,0.0,0.0
2025-02-17 06:00:00,2025-02-17,7,14.179419525065963,23.884444444444444,11.11111111111111,54.23741791251662,23.884444444444444,9.70502491937848
2025-02-17 07:00:00,2025-02-17,8,205.60158311345646,268.7,125.0,283.99843091053555,268.7,63.09841688654353
2025-02-17 08:00:00,2025-02-17,9,638.0738786279684,680.7066666666667,316.6666666666667,506.04540899112544,680.7066666666667,42.63278803869832
2025-02-17 09:00:00,2025-02-17,10,1212.3403693931398,1062.857777777778,494.44444444444446,682.7172181409161,1062.857777777778,-149.4825916153618
2025-02-17 10:00:00,2025-02-17,11,1474.6596306068602,1427.0955555555558,663.8888888888889,798.6018412748999,1427.0955555555558,-47.56407505130437
2025-02-17 11:00:00,2025-02-17,12,1503.018469656992,1558.4599999999998,725.0,844.8577056296513,1558.4599999999998,55.4415303430078
2025-02-17 12:00:00,2025-02-17,13,1474.6596306068602,1456.9511111111112,677.7777777777778,818.0797265954138,1456.9511111111112,-17.708519495748988
2025-02-17 13:00:00,2025-02-17,14,1361.2242744063324,1313.6444444444446,611.1111111111111,720.2340952768412,1313.6444444444446,-47.579829961887754
2025-02-17 14:00:00,2025-02-17,15,1042.1873350923483,1056.8866666666668,491.6666666666667,558.6812402783822,1056.8866666666668,14.699331574318421
2025-02-17 15:00:00,2025-02-17,16,843.6754617414248,889.6955555555556,413.8888888888889,346.7544816184434,889.6955555555556,46.02009381413086
2025-02-17 16:00:00,2025-02-17,17,326.12664907651714,286.1101749343926,133.09926262299618,110.91605218583015,286.1101749343926,-40.01647414212454
2025-02-17 17:00:00,2025-02-17,18,14.179419525065963,0.0,0.0,0.0,0.0,-14.179419525065963
2025-02-17 18:00:00,2025-02-17,19,0.0,0.0,0.0,0.0,0.0,0.0
2025-02-17 19:00:00,2025-02-17,20,0.0,0.0,0.0,0.0,0.0,0.0
2025-02-17 20:00:00,2025-02-17,21,0.0,0.0,0.0,0.0,0.0,0.0
2025-02-17 21:00:00,2025-02-17,22,0.0,0.0,0.0,0.0,0.0,0.0
2025-02-17 22:00:00,2025-02-17,23,0.0,0.0,0.0,0.0,0.0,0.0
2025-02-17 23:00:00,2025-02-17,24,0.0,0.0,0.0,0.0,0.0,0.0
2025-02-18 00:00:00,2025-02-18,1,0.0,0.0,0.0,0.0,0.0,0.0
2025-02-18 01:00:00,2025-02-18,2,0.0,0.0,0.0,0.0,0.0,0.0
2025-02-18 02:00:00,2025-02-18,3,0.0,0.0,0.0,0.0,0.0,0.0
2025-02-18 03:00:00,2025-02-18,4,0.0,0.0,0.0,0.0,0.0,0.0
2025-02-18 04:00:00,2025-02-18,5,0.0,0.0,0.0,0.0,0.0,0.0
2025-02-18 05:00:00,2025-02-18,6,0.0,0.0,0.0,0.0,0.0,0.0
2025-02-18 06:00:00,2025-02-18,7,0.0,5.971111111111111,2.7777777777777777,56.54944162717898,5.971111111111111,5.971111111111111
2025-02-18 07:00:00,2025-02-18,8,14.179419525065963,23.884444444444444,11.11111111111111,287.1181009550825,23.884444444444444,9.70502491937848
2025-02-18 08:00:00,2025-02-18,9,70.89709762532982,71.65333333333335,33.333333333333336,509.3468314883218,71.65333333333335,0.7562357080035298
2025-02-18 09:00:00,2025-02-18,10,127.61477572559367,143.3066666666667,66.66666666666667,686.0998770256892,143.3066666666667,15.691890941073027
2025-02-18 10:00:00,2025-02-18,11,326.12664907651714,197.0466666666667,91.66666666666667,801.9941694850584,197.0466666666667,-129.07998240985043
2025-02-18 11:00:00,2025-02-18,12,545.9076517150396,441.8622222222222,205.55555555555554,848.1922037944112,441.8622222222222,-104.04542949281739
2025-02-18 12:00:00,2025-02-18,13,1141.44327176781,758.3311111111111,352.77777777777777,821.293980536823,758.3311111111111,-383.11216065669896
2025-02-18 13:00:00,2025-02-18,14,638.0738786279684,549.3422222222223,255.55555555555554,723.2745346231637,549.3422222222223,-88.7316564057461
2025-02-18 14:00:00,2025-02-18,15,524.6385224274406,441.8622222222222,205.55555555555554,561.50577150807,441.8622222222222,-82.77630020521843
2025-02-18 15:00:00,2025-02-18,16,177.24274406332455,149.2777777777778,69.44444444444444,349.3250180542479,149.2777777777778,-27.96496628554675
2025-02-18 16:00:00,2025-02-18,17,85.07651715039577,89.56666666666666,41.666666666666664,113.04759534783297,89.56666666666666,4.49014951627089
2025-02-18 17:00:00,2025-02-18,18,14.179419525065963,0.0,0.0,0.0,0.0,-14.179419525065963
2025-02-18 18:00:00,2025-02-18,19,0.0,0.0,0.0,0.0,0.0,0.0
2025-02-18 19:00:00,2025-02-18,20,0.0,0.0,0.0,0.0,0.0,0.0
2025-02-18 20:00:00,2025-02-18,21,0.0,0.0,0.0,0.0,0.0,0.0
2025-02-18 21:00:00,2025-02-18,22,0.0,0.0,0.0,0.0,0.0,0.0
2025-02-18 22:00:00,2025-02-18,23,0.0,0.0,0.0,0.0,0.0,0.0
2025-02-18 23:00:00,2025-02-18,24,0.0,0.0,0.0,0.0,0.0,0.0
2025-02-19 00:00:00,2025-02-19,1,0.0,0.0,0.0,0.0,0.0,0.0
2025-02-19 01:00:00,2025-02-19,2,0.0,0.0,0.0,0.0,0.0,0.0
2025-02-19 02:00:00,2025-02-19,3,0.0,0.0,0.0,0.0,0.0,0.0
2025-02-19 03:00:00,2025-02-19,4,0.0,0.0,0.0,0.0,0.0,0.0
2025-02-19 04:00:00,2025-02-19,5,0.0,0.0,0.0,0.0,0.0,0.0
2025-02-19 05:00:00,2025-02-19,6,0.0,0.0,0.0,0.0,0.0,0.0
2025-02-19 06:00:00,2025-02-19,7,0.0,5.971111111111111,2.7777777777777777,58.9376528307404,5.971111111111111,5.971111111111111
2025-02-19 07:00:00,2025-02-19,8,42.53825857519789,53.74,25.0,290.2953563465908,53.74,11.201741424802115
2025-02-19 08:00:00,2025-02-19,9,148.88390501319262,149.2777777777778,69.44444444444444,512.6910156692512,149.2777777777778,0.3938727645851827
2025-02-19 09:00:00,2025-02-19,10,311.9472295514512,238.8444444444445,111.11111111111111,689.5087093500638,238.8444444444445,-73.1027851070067
2025-02-19 10:00:00,2025-02-19,11,496.27968337730874,453.8044444444445,211.11111111111111,805.3960360886169,453.8044444444445,-42.475238932864215
2025-02-19 11:00:00,2025-02-19,12,425.3825857519789,447.83333333333337,208.33333333333334,851.5209252181246,447.83333333333337,22.45074758135445
2025-02-19 12:00:00,2025-02-19,13,489.18997361477574,161.22,75.0,824.4896097897239,161.22,-327.96997361477577
2025-02-19 13:00:00,2025-02-19,14,701.8812664907651,0.0,0.0,726.2869135077628,0.0,-701.8812664907651
2025-02-19 14:00:00,2025-02-19,15,545.9076517150396,0.0,0.0,564.2969711590207,0.0,-545.9076517150396
2025-02-19 15:00:00,2025-02-19,16,163.06332453825857,0.0,0.0,351.8619631638211,0.0,-163.06332453825857
2025-02-19 16:00:00,2025-02-19,17,56.71767810026385,23.884444444444444,11.11111111111111,115.15695401961797,23.884444444444444,-32.83323365581941
2025-02-19 17:00:00,2025-02-19,18,7.089709762532982,0.0,0.0,0.0,0.0,-7.089709762532982
2025-02-19 18:00:00,2025-02-19,19,0.0,0.0,0.0,0.0,0.0,0.0
2025-02-19 19:00:00,2025-02-19,20,0.0,0.0,0.0,0.0,0.0,0.0
2025-02-19 20:00:00,2025-02-19,21,0.0,0.0,0.0,0.0,0.0,0.0
2025-02-19 21:00:00,2025-02-19,22,0.0,0.0,0.0,0.0,0.0,0.0
2025-02-19 22:00:00,2025-02-19,23,0.0,0.0,0.0,0.0,0.0,0.0
2025-02-19 23:00:00,2025-02-19,24,0.0,0.0,0.0,0.0,0.0,0.0
2025-02-20 00:00:00,2025-02-20,1,0.0,0.0,0.0,0.0,0.0,0.0
2025-02-20 01:00:00,2025-02-20,2,0.0,0.0,0.0,0.0,0.0,0.0
2025-02-20 02:00:00,2025-02-20,3,0.0,0.0,0.0,0.0,0.0,0.0
2025-02-20 03:00:00,2025-02-20,4,0.0,0.0,0.0,0.0,0.0,0.0
2025-02-20 04:00:00,2025-02-20,5,0.0,0.0,0.0,0.0,0.0,0.0
2025-02-20 05:00:00,2025-02-20,6,0.0,0.0,0.0,0.0,0.0,0.0
2025-02-20 06:00:00,2025-02-20,7,0.0,5.971111111111111,2.7777777777777777,61.40082539290164,5.971111111111111,5.971111111111111
2025-02-20 07:00:00,2025-02-20,8,63.80738786279684,95.53777777777778,44.44444444444444,293.5276322568083,95.53777777777778,31.73038991498094
2025-02-20 08:00:00,2025-02-20,9,389.934036939314,465.74666666666667,216.66666666666666,516.0751259952136,465.74666666666667,75.81262972735266
2025-02-20 09:00:00,2025-02-20,10,1028.0079155672825,1265.8755555555556,588.8888888888889,692.9408334932563,1265.8755555555556,237.86763998827314
2025-02-20 10:00:00,2025-02-20,11,786.957783641161,955.377777777778,444.44444444444446,808.8046585173432,955.377777777778,168.419994136617
2025-02-20 11:00:00,2025-02-20,12,1581.005277044855,1540.5466666666669,716.6666666666666,854.8413093930894,1540.5466666666669,-40.45861037818804
2025-02-20 12:00:00,2025-02-20,13,1871.6833773087071,1695.7955555555557,788.8888888888889,827.6643795205226,1695.7955555555557,-175.88782175315146
2025-02-20 13:00:00,2025-02-20,14,1701.5303430079157,1385.2977777777778,644.4444444444445,729.2694026630488,1385.2977777777778,-316.2325652301379
2025-02-20 14:00:00,2025-02-20,15,829.4960422163589,841.9266666666667,391.6666666666667,567.0534665405743,841.9266666666667,12.430624450307846
2025-02-20 15:00:00,2025-02-20,16,418.2928759894459,364.2377777777778,169.44444444444446,354.3644099864565,364.2377777777778,-54.05509821166811
2025-02-20 16:00:00,2025-02-20,17,134.70448548812666,131.36444444444444,61.111111111111114,117.24337118298799,131.36444444444444,-3.34004104368222
2025-02-20 17:00:00,2025-02-20,18,7.089709762532982,0.0,0.0,0.0,0.0,-7.089709762532982
2025-02-20 18:00:00,2025-02-20,19,0.0,0.0,0.0,0.0,0.0,0.0
2025-02-20 19:00:00,2025-02-20,20,0.0,0.0,0.0,0.0,0.0,0.0
2025-02-20 20:00:00,2025-02-20,21,0.0,0.0,0.0,0.0,0.0,0.0
2025-02-20 21:00:00,2025-02-20,22,0.0,0.0,0.0,0.0,0.0,0.0
2025-02-20 22:00:00,2025-02-20,23,0.0,0.0,0.0,0.0,0.0,0.0
2025-02-20 23:00:00,2025-02-20,24,0.0,0.0,0.0,0.0,0.0,0.0
2025-02-21 00:00:00,2025-02-21,1,0.0,0.0,0.0,0.0,0.0,0.0
2025-02-21 01:00:00,2025-02-21,2,0.0,0.0,0.0,0.0,0.0,0.0
2025-02-21 02:00:00,2025-02-21,3,0.0,0.0,0.0,0.0,0.0,0.0
2025-02-21 03:00:00,2025-02-21,4,0.0,0.0,0.0,0.0,0.0,0.0
2025-02-21 04:00:00,2025-02-21,5,0.0,0.0,0.0,0.0,0.0,0.0
2025-02-21 05:00:00,2025-02-21,6,0.0,0.0,0.0,0.0,0.0,0.0
2025-02-21 06:00:00,2025-02-21,7,7.089709762532982,5.971111111111111,2.7777777777777777,63.93758602171752,5.971111111111111,-1.1185986514218706
2025-02-21 07:00:00,2025-02-21,8,113.4353562005277,65.68222222222222,30.555555555555557,296.81233652336056,65.68222222222222,-47.753133978305485
2025-02-21 08:00:00,2025-02-21,9,212.69129287598946,137.33555555555557,63.888888888888886,519.4963163255278,137.33555555555557,-75.35573732043389
2025-02-21 09:00:00,2025-02-21,10,233.9604221635884,125.39333333333335,58.333333333333336,696.393369820312,125.39333333333335,-108.56708883025505
2025-02-21 10:00:00,2025-02-21,11,708.9709762532982,800.1288888888888,372.22222222222223,812.2172669510105,800.1288888888888,91.1579126355906
2025-02-21 11:00:00,2025-02-21,12,630.9841688654353,704.5911111111112,327.77777777777777,858.1508170779307,704.5911111111112,73.6069422456759
2025-02-21 12:00:00,2025-02-21,13,1020.9182058047494,1182.28,550.0,830.8160818335504,1182.28,161.36179419525058
2025-02-21 13:00:00,2025-02-21,14,545.9076517150396,686.6777777777779,319.44444444444446,732.2202021512728,686.6777777777779,140.7701260627383
2025-02-21 14:00:00,2025-02-21,15,482.10026385224273,453.8044444444445,211.11111111111111,569.7739132313095,453.8044444444445,-28.295819407798206
2025-02-21 15:00:00,2025-02-21,16,297.76781002638523,268.7,125.0,356.8314756038818,268.7,-29.067810026385246
2025-02-21 16:00:00,2025-02-21,17,106.34564643799473,119.42222222222225,55.55555555555556,119.3061221040561,119.42222222222225,13.076575784227515
2025-02-21 17:00:00,2025-02-21,18,0.0,0.0,0.0,0.0,0.0,0.0
2025-02-21 18:00:00,2025-02-21,19,0.0,0.0,0.0,0.0,0.0,0.0
2025-02-21 19:00:00,2025-02-21,20,0.0,0.0,0.0,0.0,0.0,0.0
2025-02-21 20:00:00,2025-02-21,21,0.0,0.0,0.0,0.0,0.0,0.0
2025-02-21 21:00:00,2025-02-21,22,0.0,0.0,0.0,0.0,0.0,0.0
2025-02-21 22:00:00,2025-02-21,23,0.0,0.0,0.0,0.0,0.0,0.0
2025-02-21 23:00:00,2025-02-21,24,0.0,0.0,0.0,0.0,0.0,0.0
2025-02-22 00:00:00,2025-02-22,1,0.0,0.0,0.0,0.0,0.0,0.0
2025-02-22 01:00:00,2025-02-22,2,0.0,0.0,0.0,0.0,0.0,0.0
2025-02-22 02:00:00,2025-02-22,3,0.0,0.0,0.0,0.0,0.0,0.0
2025-02-22 03:00:00,2025-02-22,4,0.0,0.0,0.0,0.0,0.0,0.0
2025-02-22 04:00:00,2025-02-22,5,0.0,0.0,0.0,0.0,0.0,0.0
2025-02-22 05:00:00,2025-02-22,6,0.0,0.0,0.0,0.0,0.0,0.0
2025-02-22 06:00:00,2025-02-22,7,0.0,5.971111111111111,2.7777777777777777,66.54642374494688,5.971111111111111,5.971111111111111
2025-02-22 07:00:00,2025-02-22,8,56.71767810026385,101.50888888888889,47.22222222222222,300.1468556399451,101.50888888888889,44.79121078862504
2025-02-22 08:00:00,2025-02-22,9,574.2664907651715,465.74666666666667,216.66666666666666,522.9517356826138,465.74666666666667,-108.51982409850484
2025-02-22 09:00:00,2025-02-22,10,822.4063324538258,1044.9444444444446,486.1111111111111,699.8634452541554,1044.9444444444446,222.53811199061875
2025-02-22 10:00:00,2025-02-22,11,879.1240105540898,889.6955555555556,413.8888888888889,815.6311072971388,889.6955555555556,10.571545001465893
2025-02-22 11:00:00,2025-02-22,12,552.9973614775726,531.428888888889,247.22222222222223,861.4469312935402,531.428888888889,-21.568472588683562
2025-02-22 12:00:00,2025-02-22,13,326.12664907651714,298.5555555555556,138.88888888888889,833.942534580059,298.5555555555556,-27.57109352096154
2025-02-22 13:00:00,2025-02-22,14,283.5883905013193,226.90222222222226,105.55555555555556,735.1375379387727,226.90222222222226,-56.68616827909702
2025-02-22 14:00:00,2025-02-22,15,120.52506596306068,107.48,50.0,572.4569895621132,107.48,-13.04506596306068
2025-02-22 15:00:00,2025-02-22,16,70.89709762532982,89.56666666666666,41.666666666666664,359.26229385948267,89.56666666666666,18.669569041336842
2025-02-22 16:00:00,2025-02-22,17,21.269129287598943,41.797777777777775,19.444444444444443,121.34450588035668,41.797777777777775,20.52864849017883
2025-02-22 17:00:00,2025-02-22,18,0.0,0.0,0.0,0.0,0.0,0.0
2025-02-22 18:00:00,2025-02-22,19,0.0,0.0,0.0,0.0,0.0,0.0
2025-02-22 19:00:00,2025-02-22,20,0.0,0.0,0.0,0.0,0.0,0.0
2025-02-22 20:00:00,2025-02-22,21,0.0,0.0,0.0,0.0,0.0,0.0
2025-02-22 21:00:00,2025-02-22,22,0.0,0.0,0.0,0.0,0.0,0.0
2025-02-22 22:00:00,2025-02-22,23,0.0,0.0,0.0,0.0,0.0,0.0
2025-02-22 23:00:00,2025-02-22,24,0.0,0.0,0.0,0.0,0.0,0.0
2025-02-23 00:00:00,2025-02-23,1,0.0,0.0,0.0,0.0,0.0,0.0
2025-02-23 01:00:00,2025-02-23,2,0.0,0.0,0.0,0.0,0.0,0.0
2025-02-23 02:00:00,2025-02-23,3,0.0,0.0,0.0,0.0,0.0,0.0
2025-02-23 03:00:00,2025-02-23,4,0.0,0.0,0.0,0.0,0.0,0.0
2025-02-23 04:00:00,2025-02-23,5,0.0,0.0,0.0,0.0,0.0,0.0
2025-02-23 05:00:00,2025-02-23,6,0.0,0.0,0.0,0.0,0.0,0.0
2025-02-23 06:00:00,2025-02-23,7,0.0,5.971111111111111,2.7777777777777777,69.22570144918774,5.971111111111111,5.971111111111111
2025-02-23 07:00:00,2025-02-23,8,35.44854881266491,59.71111111111112,27.77777777777778,303.52856250329404,59.71111111111112,24.262562298446213
2025-02-23 08:00:00,2025-02-23,9,219.78100263852244,155.24888888888893,72.22222222222223,526.4385351137096,155.24888888888893,-64.53211374963351
2025-02-23 09:00:00,2025-02-23,10,241.05013192612137,167.1911111111111,77.77777777777777,703.348198618695,167.1911111111111,-73.85902081501027
2025-02-23 10:00:00,2025-02-23,11,297.76781002638523,268.7,125.0,819.0434443313353,268.7,-29.067810026385246
2025-02-23 11:00:00,2025-02-23,12,552.9973614775726,507.5444444444445,236.11111111111111,864.7271579097742,507.5444444444445,-45.452917033128074
2025-02-23 12:00:00,2025-02-23,13,602.6253298153034,513.5155555555556,238.88888888888889,837.0415792047809,513.5155555555556,-89.10977425974784
2025-02-23 13:00:00,2025-02-23,14,517.5488126649077,543.3711111111111,252.77777777777777,738.0196570709768,543.3711111111111,25.822298446203376
2025-02-23 14:00:00,2025-02-23,15,446.6517150395778,561.2844444444444,261.1111111111111,575.1013892930016,561.2844444444444,114.63272940486655
2025-02-23 15:00:00,2025-02-23,16,233.9604221635884,197.0466666666667,91.66666666666667,361.65600622505974,197.0466666666667,-36.91375549692168
2025-02-23 16:00:00,2025-02-23,17,92.16622691292876,89.56666666666666,41.666666666666664,123.35783489994222,89.56666666666666,-2.599560246262101
2025-02-23 17:00:00,2025-02-23,18,7.089709762532982,0.0,0.0,0.0,0.0,-7.089709762532982
2025-02-23 18:00:00,2025-02-23,19,0.0,0.0,0.0,0.0,0.0,0.0
2025-02-23 19:00:00,2025-02-23,20,0.0,0.0,0.0,0.0,0.0,0.0
2025-02-23 20:00:00,2025-02-23,21,0.0,0.0,0.0,0.0,0.0,0.0
2025-02-23 21:00:00,2025-02-23,22,0.0,0.0,0.0,0.0,0.0,0.0
2025-02-23 22:00:00,2025-02-23,23,0.0,0.0,0.0,0.0,0.0,0.0
2025-02-23 23:00:00,2025-02-23,24,0.0,0.0,0.0,0.0,0.0,0.0
2025-02-24 00:00:00,2025-02-24,1,0.0,0.0,0.0,0.0,0.0,0.0
2025-02-24 01:00:00,2025-02-24,2,0.0,0.0,0.0,0.0,0.0,0.0
2025-02-24 02:00:00,2025-02-24,3,0.0,0.0,0.0,0.0,0.0,0.0
2025-02-24 03:00:00,2025-02-24,4,0.0,0.0,0.0,0.0,0.0,0.0
2025-02-24 04:00:00,2025-02-24,5,0.0,0.0,0.0,0.0,0.0,0.0
2025-02-24 05:00:00,2025-02-24,6,0.0,0.0,0.0,0.0,0.0,0.0
2025-02-24 06:00:00,2025-02-24,7,0.0,5.971111111111111,2.7777777777777777,71.97366932244283,5.971111111111111,5.971111111111111
2025-02-24 07:00:00,2025-02-24,8,63.80738786279684,71.65333333333335,33.333333333333336,306.9548254927012,71.65333333333335,7.845945470536513
2025-02-24 08:00:00,2025-02-24,9,141.79419525065964,113.45111111111113,52.77777777777778,529.9538759492572,113.45111111111113,-28.34308413954851
2025-02-24 09:00:00,2025-02-24,10,212.69129287598946,161.22,75.0,706.8447871129338,161.22,-51.47129287598946
2025-02-24 10:00:00,2025-02-24,11,326.12664907651714,304.52666666666664,141.66666666666666,822.4515658722589,304.52666666666664,-21.599982409850497
2025-02-24 11:00:00,2025-02-24,12,248.13984168865437,244.81555555555556,113.88888888888889,867.9890271548055,244.81555555555556,-3.324286133098809
2025-02-24 12:00:00,2025-02-24,13,233.9604221635884,238.8444444444445,111.11111111111111,840.111079430692,238.8444444444445,4.884022280856101
2025-02-24 13:00:00,2025-02-24,14,148.88390501319262,125.39333333333335,58.333333333333336,740.8648235287768,125.39333333333335,-23.490571679859272
2025-02-24 14:00:00,2025-02-24,15,120.52506596306068,107.48,50.0,577.7058150423121,107.48,-13.04506596306068
2025-02-24 15:00:00,2025-02-24,16,170.15303430079155,143.3066666666667,66.66666666666667,364.01175318685864,143.3066666666667,-26.846367634124846
2025-02-24 16:00:00,2025-02-24,17,92.16622691292876,95.53777777777778,44.44444444444444,125.34542507445872,95.53777777777778,3.371550864849013
2025-02-24 17:00:00,2025-02-24,18,21.269129287598943,0.0,0.0,0.0,0.0,-21.269129287598943
2025-02-24 18:00:00,2025-02-24,19,0.0,0.0,0.0,0.0,0.0,0.0
2025-02-24 19:00:00,2025-02-24,20,0.0,0.0,0.0,0.0,0.0,0.0
2025-02-24 20:00:00,2025-02-24,21,0.0,0.0,0.0,0.0,0.0,0.0
2025-02-24 21:00:00,2025-02-24,22,0.0,0.0,0.0,0.0,0.0,0.0
2025-02-24 22:00:00,2025-02-24,23,0.0,0.0,0.0,0.0,0.0,0.0
2025-02-24 23:00:00,2025-02-24,24,0.0,0.0,0.0,0.0,0.0,0.0
2025-02-25 00:00:00,2025-02-25,1,0.0,0.0,0.0,0.0,0.0,0.0
2025-02-25 01:00:00,2025-02-25,2,0.0,0.0,0.0,0.0,0.0,0.0
2025-02-25 02:00:00,2025-02-25,3,0.0,0.0,0.0,0.0,0.0,0.0
2025-02-25 03:00:00,2025-02-25,4,0.0,0.0,0.0,0.0,0.0,0.0
2025-02-25 04:00:00,2025-02-25,5,0.0,0.0,0.0,0.0,0.0,0.0
2025-02-25 05:00:00,2025-02-25,6,0.0,0.0,0.0,0.0,0.0,0.0
2025-02-25 06:00:00,2025-02-25,7,0.0,5.971111111111111,2.7777777777777777,74.78847940020346,5.971111111111111,5.971111111111111
2025-02-25 07:00:00,2025-02-25,8,28.358839050131927,41.797777777777775,19.444444444444443,310.4230187489799,41.797777777777775,13.438938727645848
2025-02-25 08:00:00,2025-02-25,9,148.88390501319262,173.16222222222223,80.55555555555556,533.4949395019979,173.16222222222223,24.27831720902961
2025-02-25 09:00:00,2025-02-25,10,581.3562005277045,561.2844444444444,261.1111111111111,710.3503946954897,561.2844444444444,-20.071756083260084
2025-02-25 10:00:00,2025-02-25,11,1503.018469656992,1283.7888888888888,597.2222222222222,825.8527893499038,1283.7888888888888,-219.22958076810323
2025-02-25 11:00:00,2025-02-25,12,1531.377308707124,1528.6044444444444,711.1111111111111,871.230098013753,1528.6044444444444,-2.7728642626796045
2025-02-25 12:00:00,2025-02-25,13,1928.401055408971,1761.477777777778,819.4444444444445,843.1489233443036,1761.477777777778,-166.92327763119283
2025-02-25 13:00:00,2025-02-25,14,1503.018469656992,1289.76,600.0,743.6713180850336,1289.76,-213.25846965699202
2025-02-25 14:00:00,2025-02-25,15,1042.1873350923483,734.4466666666668,341.6666666666667,580.2689759912403,734.4466666666668,-307.7406684256815
2025-02-25 15:00:00,2025-02-25,16,489.18997361477574,525.4577777777778,244.44444444444446,366.3286703683161,525.4577777777778,36.26780416300204
2025-02-25 16:00:00,2025-02-25,17,170.15303430079155,203.01777777777778,94.44444444444444,127.30659011474515,203.01777777777778,32.864743476986234
2025-02-25 17:00:00,2025-02-25,18,14.179419525065963,0.0,0.0,0.0,0.0,-14.179419525065963
2025-02-25 18:00:00,2025-02-25,19,0.0,0.0,0.0,0.0,0.0,0.0
2025-02-25 19:00:00,2025-02-25,20,0.0,0.0,0.0,0.0,0.0,0.0
2025-02-25 20:00:00,2025-02-25,21,0.0,0.0,0.0,0.0,0.0,0.0
2025-02-25 21:00:00,2025-02-25,22,0.0,0.0,0.0,0.0,0.0,0.0
2025-02-25 22:00:00,2025-02-25,23,0.0,0.0,0.0,0.0,0.0,0.0
2025-02-25 23:00:00,2025-02-25,24,0.0,0.0,0.0,0.0,0.0,0.0
2025-02-26 00:00:00,2025-02-26,1,0.0,0.0,0.0,0.0,0.0,0.0
2025-02-26 01:00:00,2025-02-26,2,0.0,0.0,0.0,0.0,0.0,0.0
2025-02-26 02:00:00,2025-02-26,3,0.0,0.0,0.0,0.0,0.0,0.0
2025-02-26 03:00:00,2025-02-26,4,0.0,0.0,0.0,0.0,0.0,0.0
2025-02-26 04:00:00,2025-02-26,5,0.0,0.0,0.0,0.0,0.0,0.0
2025-02-26 05:00:00,2025-02-26,6,0.0,0.0,0.0,0.0,0.0,0.0
2025-02-26 06:00:00,2025-02-26,7,14.179419525065963,17.913333333333338,8.333333333333334,77.66820032090642,17.913333333333338,3.733913808267374
2025-02-26 07:00:00,2025-02-26,8,191.4221635883905,179.13333333333333,83.33333333333333,313.93053247940725,179.13333333333333,-12.288830255057178
2025-02-26 08:00:00,2025-02-26,9,248.13984168865437,208.98888888888888,97.22222222222223,537.0589374412514,208.98888888888888,-39.15095279976549
2025-02-26 09:00:00,2025-02-26,10,467.9208443271768,346.32444444444445,161.11111111111111,713.8622421874146,346.32444444444445,-121.59639988273233
2025-02-26 10:00:00,2025-02-26,11,453.7414248021108,346.32444444444445,161.11111111111111,829.2444712155354,346.32444444444445,-107.41698035766638
2025-02-26 11:00:00,2025-02-26,12,531.7282321899736,453.8044444444445,211.11111111111111,874.4479667368408,453.8044444444445,-77.92378774552907
2025-02-26 12:00:00,2025-02-26,13,999.6490765171504,824.0133333333334,383.3333333333333,846.1530308477403,824.0133333333334,-175.635743183817
2025-02-26 13:00:00,2025-02-26,14,942.9313984168865,728.4755555555556,338.8888888888889,746.4374445956888,728.4755555555556,-214.4558428613309
2025-02-26 14:00:00,2025-02-26,15,609.7150395778365,567.2555555555556,263.8888888888889,582.7895931377782,567.2555555555556,-42.45948402228089
2025-02-26 15:00:00,2025-02-26,16,297.76781002638523,304.52666666666664,141.66666666666666,368.60589258494684,304.52666666666664,6.758856640281408
2025-02-26 16:00:00,2025-02-26,17,127.61477572559367,95.53777777777778,44.44444444444444,129.2406435387412,95.53777777777778,-32.0769979478159
2025-02-26 17:00:00,2025-02-26,18,7.089709762532982,0.0,0.0,0.0,0.0,-7.089709762532982
2025-02-26 18:00:00,2025-02-26,19,0.0,0.0,0.0,0.0,0.0,0.0
2025-02-26 19:00:00,2025-02-26,20,0.0,0.0,0.0,0.0,0.0,0.0
2025-02-26 20:00:00,2025-02-26,21,0.0,0.0,0.0,0.0,0.0,0.0
2025-02-26 21:00:00,2025-02-26,22,0.0,0.0,0.0,0.0,0.0,0.0
2025-02-26 22:00:00,2025-02-26,23,0.0,0.0,0.0,0.0,0.0,0.0
2025-02-26 23:00:00,2025-02-26,24,0.0,0.0,0.0,0.0,0.0,0.0
2025-02-27 00:00:00,2025-02-27,1,0.0,0.0,0.0,0.0,0.0,0.0
2025-02-27 01:00:00,2025-02-27,2,0.0,0.0,0.0,0.0,0.0,0.0
2025-02-27 02:00:00,2025-02-27,3,0.0,0.0,0.0,0.0,0.0,0.0
2025-02-27 03:00:00,2025-02-27,4,0.0,0.0,0.0,0.0,0.0,0.0
2025-02-27 04:00:00,2025-02-27,5,0.0,0.0,0.0,0.0,0.0,0.0
2025-02-27 05:00:00,2025-02-27,6,0.0,0.0,0.0,0.0,0.0,0.0
2025-02-27 06:00:00,2025-02-27,7,21.269129287598943,29.85555555555556,13.88888888888889,80.61082959013633,29.85555555555556,8.586426267956618
2025-02-27 07:00:00,2025-02-27,8,191.4221635883905,191.07555555555555,88.88888888888889,317.4747805246696,191.07555555555555,-0.34660803283495056
2025-02-27 08:00:00,2025-02-27,9,290.67810026385223,268.7,125.0,540.6431204948228,268.7,-21.97810026385224
2025-02-27 09:00:00,2025-02-27,10,205.60158311345646,185.10444444444448,86.11111111111111,717.3775969110627,185.10444444444448,-20.497138669011974
2025-02-27 10:00:00,2025-02-27,11,397.02374670184696,364.2377777777778,169.44444444444446,832.6240175659708,364.2377777777778,-32.78596892406915
2025-02-27 11:00:00,2025-02-27,12,638.0738786279684,453.8044444444445,211.11111111111111,877.6402783336582,453.8044444444445,-184.26943418352386
2025-02-27 12:00:00,2025-02-27,13,978.3799472295515,1044.9444444444446,486.1111111111111,849.1213659075198,1044.9444444444446,66.5644972148931
2025-02-27 13:00:00,2025-02-27,14,1198.1609498680739,1200.1933333333334,558.3333333333333,749.161542843606,1200.1933333333334,2.0323834652594996
2025-02-27 14:00:00,2025-02-27,15,843.6754617414248,788.1866666666668,366.6666666666667,585.2664123658727,788.1866666666668,-55.488795074757945
2025-02-27 15:00:00,2025-02-27,16,510.4591029023747,459.7755555555555,213.88888888888889,370.84256688050186,459.7755555555555,-50.68354734681918
2025-02-27 16:00:00,2025-02-27,17,226.8707124010554,208.98888888888888,97.22222222222223,131.14690922209937,208.98888888888888,-17.881823512166534
2025-02-27 17:00:00,2025-02-27,18,42.53825857519789,0.0,0.0,0.0,0.0,-42.53825857519789
2025-02-27 18:00:00,2025-02-27,19,0.0,0.0,0.0,0.0,0.0,0.0
2025-02-27 19:00:00,2025-02-27,20,0.0,0.0,0.0,0.0,0.0,0.0
2025-02-27 20:00:00,2025-02-27,21,0.0,0.0,0.0,0.0,0.0,0.0
2025-02-27 21:00:00,2025-02-27,22,0.0,0.0,0.0,0.0,0.0,0.0
2025-02-27 22:00:00,2025-02-27,23,0.0,0.0,0.0,0.0,0.0,0.0
2025-02-27 23:00:00,2025-02-27,24,0.0,0.0,0.0,0.0,0.0,0.0
2025-02-28 00:00:00,2025-02-28,1,0.0,0.0,0.0,0.0,0.0,0.0
2025-02-28 01:00:00,2025-02-28,2,0.0,0.0,0.0,0.0,0.0,0.0
2025-02-28 02:00:00,2025-02-28,3,0.0,0.0,0.0,0.0,0.0,0.0
2025-02-28 03:00:00,2025-02-28,4,0.0,0.0,0.0,0.0,0.0,0.0
2025-02-28 04:00:00,2025-02-28,5,0.0,0.0,0.0,0.0,0.0,0.0
2025-02-28 05:00:00,2025-02-28,6,0.0,0.0,0.0,0.0,0.0,0.0
2025-02-28 06:00:00,2025-02-28,7,21.269129287598943,53.74,25.0,83.61430013440032,53.74,32.47087071240106
2025-02-28 07:00:00,2025-02-28,8,262.3192612137203,400.0644444444444,186.11111111111111,321.05320144917755,400.0644444444444,137.74518323072408
2025-02-28 08:00:00,2025-02-28,9,843.6754617414248,877.7533333333333,408.3333333333333,544.2447812534292,877.7533333333333,34.07787159190855
2025-02-28 09:00:00,2025-02-28,10,1453.3905013192611,1343.5,625.0,720.8937779835031,1343.5,-109.89050131926115
2025-02-28 10:00:00,2025-02-28,11,1900.0422163588391,1671.911111111111,777.7777777777778,835.9888920967629,1671.911111111111,-228.1311052477281
2025-02-28 11:00:00,2025-02-28,12,2048.9261213720315,1833.1311111111113,852.7777777777778,880.8047373671012,1833.1311111111113,-215.7950102609202
2025-02-28 12:00:00,2025-02-28,13,2034.7467018469658,1862.9866666666667,866.6666666666666,852.0519501140549,1862.9866666666667,-171.76003518029916
2025-02-28 13:00:00,2025-02-28,14,1907.131926121372,1701.7666666666669,791.6666666666666,751.8420045634906,1701.7666666666669,-205.3652594547052
2025-02-28 14:00:00,2025-02-28,15,1403.7625329815303,1367.3844444444446,636.1111111111111,587.6982225313051,1367.3844444444446,-36.37808853708566
2025-02-28 15:00:00,2025-02-28,16,907.4828496042217,962.2586505323538,447.6454459119621,373.03787159330176,962.2586505323538,54.775800928132185
2025-02-28 16:00:00,2025-02-28,17,389.934036939314,343.1399732103,159.62968608592294,133.0247384049358,343.1399732103,-46.794063729014
2025-02-28 17:00:00,2025-02-28,18,56.71767810026385,0.0,0.0,0.0,0.0,-56.71767810026385
2025-02-28 18:00:00,2025-02-28,19,0.0,0.0,0.0,0.0,0.0,0.0
2025-02-28 19:00:00,2025-02-28,20,0.0,0.0,0.0,0.0,0.0,0.0
2025-02-28 20:00:00,2025-02-28,21,0.0,0.0,0.0,0.0,0.0,0.0
2025-02-28 21:00:00,2025-02-28,22,0.0,0.0,0.0,0.0,0.0,0.0
2025-02-28 22:00:00,2025-02-28,23,0.0,0.0,0.0,0.0,0.0,0.0
2025-02-28 23:00:00,2025-02-28,24,0.0,0.0,0.0,0.0,0.0,0.0
2025-03-01 00:00:00,2025-03-01,1,0.0,0.0,0.0,0.0,0.0,0.0
2025-03-01 01:00:00,2025-03-01,2,0.0,0.0,0.0,0.0,0.0,0.0
2025-03-01 02:00:00,2025-03-01,3,0.0,0.0,0.0,0.0,0.0,0.0
2025-03-01 03:00:00,2025-03-01,4,0.0,0.0,0.0,0.0,0.0,0.0
2025-03-01 04:00:00,2025-03-01,5,0.0,0.0,0.0,0.0,0.0,0.0
2025-03-01 05:00:00,2025-03-01,6,0.0,0.0,0.0,0.0,0.0,0.0
2025-03-01 06:00:00,2025-03-01,7,21.269129287598943,35.826666666666675,16.666666666666668,86.676478549148,35.826666666666675,14.557537379067732
2025-03-01 07:00:00,2025-03-01,8,205.60158311345646,262.7288888888889,122.22222222222223,324.66324995842876,262.7288888888889,57.12730577543243
2025-03-01 08:00:00,2025-03-01,9,517.5488126649077,477.688888888889,222.22222222222223,547.8612479213042,477.688888888889,-39.85992377601872
2025-03-01 09:00:00,2025-03-01,10,1205.2506596306068,1218.1066666666666,566.6666666666666,724.4081534318966,1218.1066666666666,12.856007036059736
2025-03-01 10:00:00,2025-03-01,11,1935.490765171504,1695.7955555555557,788.8888888888889,839.3366173916331,1695.7955555555557,-239.69520961594844
2025-03-01 11:00:00,2025-03-01,12,2105.6437994722955,1767.4488888888889,822.2222222222222,883.9391136807902,1767.4488888888889,-338.1949105834067
2025-03-01 12:00:00,2025-03-01,13,1836.2348284960422,1833.1311111111113,852.7777777777778,854.942872870018,1833.1311111111113,-3.10371738493086
2025-03-01 13:00:00,2025-03-01,14,1666.0817941952507,1576.3733333333337,733.3333333333334,754.4772878099674,1576.3733333333337,-89.70846086191705
2025-03-01 14:00:00,2025-03-01,15,1084.7255936675463,1409.1822222222224,655.5555555555555,590.0838732021045,1409.1822222222224,324.4566285546762
2025-03-01 15:00:00,2025-03-01,16,645.1635883905013,543.3711111111111,252.77777777777777,375.1910364845596,543.3711111111111,-101.79247727939025
2025-03-01 16:00:00,2025-03-01,17,375.754617414248,347.9089643638641,161.84823425933388,134.8735285494449,347.9089643638641,-27.84565305038393
2025-03-01 17:00:00,2025-03-01,18,63.80738786279684,0.0,0.0,0.0,0.0,-63.80738786279684
2025-03-01 18:00:00,2025-03-01,19,0.0,0.0,0.0,0.0,0.0,0.0
2025-03-01 19:00:00,2025-03-01,20,0.0,0.0,0.0,0.0,0.0,0.0
2025-03-01 20:00:00,2025-03-01,21,0.0,0.0,0.0,0.0,0.0,0.0
2025-03-01 21:00:00,2025-03-01,22,0.0,0.0,0.0,0.0,0.0,0.0
2025-03-01 22:00:00,2025-03-01,23,0.0,0.0,0.0,0.0,0.0,0.0
2025-03-01 23:00:00,2025-03-01,24,0.0,0.0,0.0,0.0,0.0,0.0
2025-03-02 00:00:00,2025-03-02,1,0.0,0.0,0.0,0.0,0.0,0.0
2025-03-02 01:00:00,2025-03-02,2,0.0,0.0,0.0,0.0,0.0,0.0
2025-03-02 02:00:00,2025-03-02,3,0.0,0.0,0.0,0.0,0.0,0.0
2025-03-02 03:00:00,2025-03-02,4,0.0,0.0,0.0,0.0,0.0,0.0
2025-03-02 04:00:00,2025-03-02,5,0.0,0.0,0.0,0.0,0.0,0.0
2025-03-02 05:00:00,2025-03-02,6,0.0,0.0,0.0,0.0,0.0,0.0
2025-03-02 06:00:00,2025-03-02,7,21.269129287598943,29.85555555555556,13.88888888888889,89.79515455680108,29.85555555555556,8.586426267956618
2025-03-02 07:00:00,2025-03-02,8,163.06332453825857,155.24888888888893,72.22222222222223,328.302378853155,155.24888888888893,-7.814435649369642
2025-03-02 08:00:00,2025-03-02,9,404.11345646437996,549.3422222222223,255.55555555555554,551.4898686474002,549.3422222222223,145.22876575784233
2025-03-02 09:00:00,2025-03-02,10,815.3166226912929,698.62,325.0,727.9181286465989,698.62,-116.69662269129287
2025-03-02 10:00:00,2025-03-02,11,978.3799472295515,758.3311111111111,352.77777777777777,842.6647682570062,758.3311111111111,-220.04883611844036
2025-03-02 11:00:00,2025-03-02,12,1042.1873350923483,865.8111111111111,402.77777777777777,887.0412412095251,865.8111111111111,-176.37622398123722
2025-03-02 12:00:00,2025-03-02,13,907.4828496042217,782.2155555555556,363.8888888888889,857.7922957496346,782.2155555555556,-125.26729404866603
2025-03-02 13:00:00,2025-03-02,14,1403.7625329815303,1492.7777777777778,694.4444444444445,757.0659264638439,1492.7777777777778,89.01524479624754
2025-03-02 14:00:00,2025-03-02,15,964.2005277044855,1021.0600000000001,475.0,592.4222886837209,1021.0600000000001,56.85947229551459
2025-03-02 15:00:00,2025-03-02,16,928.7519788918206,937.4644444444446,436.1111111111111,377.30135981485756,937.4644444444446,8.71246555262394
2025-03-02 16:00:00,2025-03-02,17,425.3825857519789,352.6016575301168,164.03128839324378,136.69274032770315,352.6016575301168,-72.7809282218621
2025-03-02 17:00:00,2025-03-02,18,35.44854881266491,0.0,0.0,0.0,0.0,-35.44854881266491
2025-03-02 18:00:00,2025-03-02,19,0.0,0.0,0.0,0.0,0.0,0.0
2025-03-02 19:00:00,2025-03-02,20,0.0,0.0,0.0,0.0,0.0,0.0
2025-03-02 20:00:00,2025-03-02,21,0.0,0.0,0.0,0.0,0.0,0.0
2025-03-02 21:00:00,2025-03-02,22,0.0,0.0,0.0,0.0,0.0,0.0
2025-03-02 22:00:00,2025-03-02,23,0.0,0.0,0.0,0.0,0.0,0.0
2025-03-02 23:00:00,2025-03-02,24,0.0,0.0,0.0,0.0,0.0,0.0
2025-03-03 00:00:00,2025-03-03,1,0.0,0.0,0.0,0.0,0.0,0.0
2025-03-03 01:00:00,2025-03-03,2,0.0,0.0,0.0,0.0,0.0,0.0
2025-03-03 02:00:00,2025-03-03,3,0.0,0.0,0.0,0.0,0.0,0.0
2025-03-03 03:00:00,2025-03-03,4,0.0,0.0,0.0,0.0,0.0,0.0
2025-03-03 04:00:00,2025-03-03,5,0.0,0.0,0.0,0.0,0.0,0.0
2025-03-03 05:00:00,2025-03-03,6,0.0,0.0,0.0,0.0,0.0,0.0
2025-03-03 06:00:00,2025-03-03,7,21.269129287598943,29.85555555555556,13.88888888888889,92.9680252115897,29.85555555555556,8.586426267956618
2025-03-03 07:00:00,2025-03-03,8,198.51187335092348,203.01777777777778,94.44444444444444,331.96801568799054,203.01777777777778,4.5059044268543005
2025-03-03 08:00:00,2025-03-03,9,503.3693931398417,531.428888888889,247.22222222222223,555.127990735802,531.428888888889,28.0594957490473
2025-03-03 09:00:00,2025-03-03,10,361.57519788918205,292.58444444444444,136.11111111111111,731.4211297742983,292.58444444444444,-68.9907534447376
2025-03-03 10:00:00,2025-03-03,11,659.3430079155673,609.0533333333333,283.3333333333333,845.9709604429952,609.0533333333333,-50.289674582234056
2025-03-03 11:00:00,2025-03-03,12,319.0369393139842,268.7,125.0,890.1090124147355,268.7,-50.3369393139842
2025-03-03 12:00:00,2025-03-03,13,737.3298153034301,435.8911111111112,202.77777777777777,860.5984527306355,435.8911111111112,-301.43870419231894
2025-03-03 13:00:00,2025-03-03,14,822.4063324538258,632.9377777777778,294.44444444444446,759.6065359887865,632.9377777777778,-189.46855467604803
2025-03-03 14:00:00,2025-03-03,15,588.4459102902375,579.1977777777779,269.44444444444446,594.7124783745943,579.1977777777779,-9.24813251245962
2025-03-03 15:00:00,2025-03-03,16,297.76781002638523,334.3822222222222,155.55555555555554,379.36822222245604,334.3822222222222,36.61441219583696
2025-03-03 16:00:00,2025-03-03,17,219.78100263852244,286.6133333333334,133.33333333333334,138.4819118565907,286.6133333333334,66.83233069481096
2025-03-03 17:00:00,2025-03-03,18,21.269129287598943,0.0,0.0,0.0,0.0,-21.269129287598943
2025-03-03 18:00:00,2025-03-03,19,0.0,0.0,0.0,0.0,0.0,0.0
2025-03-03 19:00:00,2025-03-03,20,0.0,0.0,0.0,0.0,0.0,0.0
2025-03-03 20:00:00,2025-03-03,21,0.0,0.0,0.0,0.0,0.0,0.0
2025-03-03 21:00:00,2025-03-03,22,0.0,0.0,0.0,0.0,0.0,0.0
2025-03-03 22:00:00,2025-03-03,23,0.0,0.0,0.0,0.0,0.0,0.0
2025-03-03 23:00:00,2025-03-03,24,0.0,0.0,0.0,0.0,0.0,0.0
2025-03-04 00:00:00,2025-03-04,1,0.0,0.0,0.0,0.0,0.0,0.0
2025-03-04 01:00:00,2025-03-04,2,0.0,0.0,0.0,0.0,0.0,0.0
2025-03-04 02:00:00,2025-03-04,3,0.0,0.0,0.0,0.0,0.0,0.0
2025-03-04 03:00:00,2025-03-04,4,0.0,0.0,0.0,0.0,0.0,0.0
2025-03-04 04:00:00,2025-03-04,5,0.0,0.0,0.0,0.0,0.0,0.0
2025-03-04 05:00:00,2025-03-04,6,0.0,0.0,0.0,0.0,0.0,0.0
2025-03-04 06:00:00,2025-03-04,7,7.089709762532982,23.884444444444444,11.11111111111111,96.19267916506547,23.884444444444444,16.794734681911464
2025-03-04 07:00:00,2025-03-04,8,283.5883905013193,340.35333333333335,158.33333333333334,335.6575412183177,340.35333333333335,56.76494283201407
2025-03-04 08:00:00,2025-03-04,9,418.2928759894459,358.26666666666665,166.66666666666666,558.7729417093196,358.26666666666665,-60.026209322779266
2025-03-04 09:00:00,2025-03-04,10,552.9973614775726,417.97777777777776,194.44444444444446,734.9145890937594,417.97777777777776,-135.0195836997948
2025-03-04 10:00:00,2025-03-04,11,1098.9050131926122,459.7755555555555,213.88888888888889,849.252840980806,459.7755555555555,-639.1294576370567
2025-03-04 11:00:00,2025-03-04,12,460.83113456464383,501.5733333333334,233.33333333333334,893.1403740918677,501.5733333333334,40.74219876868955
2025-03-04 12:00:00,2025-03-04,13,1602.274406332454,1540.5466666666669,716.6666666666666,863.3596514392337,1540.5466666666669,-61.72773966578711
2025-03-04 13:00:00,2025-03-04,14,1843.3245382585753,1612.2,750.0,762.0978195884976,1612.2,-231.12453825857528
2025-03-04 14:00:00,2025-03-04,15,1354.1345646437994,1086.7422222222222,505.55555555555554,596.9535471951483,1086.7422222222222,-267.39234242157727
2025-03-04 15:00:00,2025-03-04,16,319.0369393139842,262.7288888888889,122.22222222222223,381.39110002261657,262.7288888888889,-56.3080504250953
2025-03-04 16:00:00,2025-03-04,17,70.89709762532982,71.65333333333335,33.333333333333336,140.2406724620985,71.65333333333335,0.7562357080035298
2025-03-04 17:00:00,2025-03-04,18,0.0,0.0,0.0,0.0,0.0,0.0
2025-03-04 18:00:00,2025-03-04,19,0.0,0.0,0.0,0.0,0.0,0.0
2025-03-04 19:00:00,2025-03-04,20,0.0,0.0,0.0,0.0,0.0,0.0
2025-03-04 20:00:00,2025-03-04,21,0.0,0.0,0.0,0.0,0.0,0.0
2025-03-04 21:00:00,2025-03-04,22,0.0,0.0,0.0,0.0,0.0,0.0
2025-03-04 22:00:00,2025-03-04,23,0.0,0.0,0.0,0.0,0.0,0.0
2025-03-04 23:00:00,2025-03-04,24,0.0,0.0,0.0,0.0,0.0,0.0
2025-03-05 00:00:00,2025-03-05,1,0.0,0.0,0.0,0.0,0.0,0.0
2025-03-05 01:00:00,2025-03-05,2,0.0,0.0,0.0,0.0,0.0,0.0
2025-03-05 02:00:00,2025-03-05,3,0.0,0.0,0.0,0.0,0.0,0.0
2025-03-05 03:00:00,2025-03-05,4,0.0,0.0,0.0,0.0,0.0,0.0
2025-03-05 04:00:00,2025-03-05,5,0.0,0.0,0.0,0.0,0.0,0.0
2025-03-05 05:00:00,2025-03-05,6,0.0,0.0,0.0,0.0,0.0,0.0
2025-03-05 06:00:00,2025-03-05,7,0.0,11.942222222222222,5.555555555555555,99.46658677873535,11.942222222222222,11.942222222222222
2025-03-05 07:00:00,2025-03-05,8,28.358839050131927,47.76888888888889,22.22222222222222,339.36827578948316,47.76888888888889,19.41004983875696
2025-03-05 08:00:00,2025-03-05,9,134.70448548812666,125.39333333333335,58.333333333333336,562.4220186727528,125.39333333333335,-9.31115215479332
2025-03-05 09:00:00,2025-03-05,10,354.4854881266491,292.58444444444444,136.11111111111111,738.3959382317656,292.58444444444444,-61.90104368220466
2025-03-05 10:00:00,2025-03-05,11,389.934036939314,376.18000000000006,175.0,852.5080859249908,376.18000000000006,-13.754036939313949
2025-03-05 11:00:00,2025-03-05,12,701.8812664907651,573.2266666666668,266.6666666666667,896.1333296911188,573.2266666666668,-128.65459982409834
2025-03-05 12:00:00,2025-03-05,13,560.0870712401055,388.1222222222222,180.55555555555554,866.074279874925,388.1222222222222,-171.9648490178833
2025-03-05 13:00:00,2025-03-05,14,262.3192612137203,244.81555555555556,113.88888888888889,764.5385789461952,244.81555555555556,-17.503705658164762
2025-03-05 14:00:00,2025-03-05,15,326.12664907651714,286.6133333333334,133.33333333333334,599.1447093937704,286.6133333333334,-39.51331574318374
2025-03-05 15:00:00,2025-03-05,16,177.24274406332455,161.22,75.0,383.36958112586535,161.22,-16.022744063324552
2025-03-05 16:00:00,2025-03-05,17,120.52506596306068,101.50888888888889,47.22222222222222,141.9687578893921,101.50888888888889,-19.016177074171793
2025-03-05 17:00:00,2025-03-05,18,49.62796833773087,0.0,0.0,0.0,0.0,-49.62796833773087
2025-03-05 18:00:00,2025-03-05,19,0.0,0.0,0.0,0.0,0.0,0.0
2025-03-05 19:00:00,2025-03-05,20,0.0,0.0,0.0,0.0,0.0,0.0
2025-03-05 20:00:00,2025-03-05,21,0.0,0.0,0.0,0.0,0.0,0.0
2025-03-05 21:00:00,2025-03-05,22,0.0,0.0,0.0,0.0,0.0,0.0
2025-03-05 22:00:00,2025-03-05,23,0.0,0.0,0.0,0.0,0.0,0.0
2025-03-05 23:00:00,2025-03-05,24,0.0,0.0,0.0,0.0,0.0,0.0
2025-03-06 00:00:00,2025-03-06,1,0.0,0.0,0.0,0.0,0.0,0.0
2025-03-06 01:00:00,2025-03-06,2,0.0,0.0,0.0,0.0,0.0,0.0
2025-03-06 02:00:00,2025-03-06,3,0.0,0.0,0.0,0.0,0.0,0.0
2025-03-06 03:00:00,2025-03-06,4,0.0,0.0,0.0,0.0,0.0,0.0
2025-03-06 04:00:00,2025-03-06,5,0.0,0.0,0.0,0.0,0.0,0.0
2025-03-06 05:00:00,2025-03-06,6,0.0,0.0,0.0,0.0,0.0,0.0
2025-03-06 06:00:00,2025-03-06,7,0.0,5.971111111111111,2.7777777777777777,102.78709881117715,5.971111111111111,5.971111111111111
2025-03-06 07:00:00,2025-03-06,8,49.62796833773087,53.74,25.0,343.0974766141999,53.74,4.112031662269132
2025-03-06 08:00:00,2025-03-06,9,163.06332453825857,173.16222222222223,80.55555555555556,566.0724881902828,173.16222222222223,10.098897683963656
2025-03-06 09:00:00,2025-03-06,10,262.3192612137203,310.49777777777786,144.44444444444446,741.8626113456544,310.49777777777786,48.17851656405753
2025-03-06 10:00:00,2025-03-06,11,333.21635883905014,256.7577777777778,119.44444444444444,855.7344068628408,256.7577777777778,-76.45858106127235
2025-03-06 11:00:00,2025-03-06,12,460.83113456464383,352.2955555555556,163.88888888888889,899.0859491461241,352.2955555555556,-108.53557900908822
2025-03-06 12:00:00,2025-03-06,13,588.4459102902375,400.0644444444444,186.11111111111111,868.7408192338788,400.0644444444444,-188.38146584579312
2025-03-06 13:00:00,2025-03-06,14,482.10026385224273,340.35333333333335,158.33333333333334,766.9277294295748,340.35333333333335,-141.74693051890938
2025-03-06 14:00:00,2025-03-06,15,418.2928759894459,328.41111111111115,152.77777777777777,601.2853055575623,328.41111111111115,-89.88176487833476
2025-03-06 15:00:00,2025-03-06,16,219.78100263852244,197.0466666666667,91.66666666666667,385.3033827030415,197.0466666666667,-22.734335971855728
2025-03-06 16:00:00,2025-03-06,17,92.16622691292876,107.48,50.0,143.6660267129334,107.48,15.31377308707124
2025-03-06 17:00:00,2025-03-06,18,7.089709762532982,0.0,0.0,0.0,0.0,-7.089709762532982
2025-03-06 18:00:00,2025-03-06,19,0.0,0.0,0.0,0.0,0.0,0.0
2025-03-06 19:00:00,2025-03-06,20,0.0,0.0,0.0,0.0,0.0,0.0
2025-03-06 20:00:00,2025-03-06,21,0.0,0.0,0.0,0.0,0.0,0.0
2025-03-06 21:00:00,2025-03-06,22,0.0,0.0,0.0,0.0,0.0,0.0
2025-03-06 22:00:00,2025-03-06,23,0.0,0.0,0.0,0.0,0.0,0.0
2025-03-06 23:00:00,2025-03-06,24,0.0,0.0,0.0,0.0,0.0,0.0
2025-03-07 00:00:00,2025-03-07,1,0.0,0.0,0.0,0.0,0.0,0.0
2025-03-07 01:00:00,2025-03-07,2,0.0,0.0,0.0,0.0,0.0,0.0
2025-03-07 02:00:00,2025-03-07,3,0.0,0.0,0.0,0.0,0.0,0.0
2025-03-07 03:00:00,2025-03-07,4,0.0,0.0,0.0,0.0,0.0,0.0
2025-03-07 04:00:00,2025-03-07,5,0.0,0.0,0.0,0.0,0.0,0.0
2025-03-07 05:00:00,2025-03-07,6,0.0,0.0,0.0,0.0,0.0,0.0
2025-03-07 06:00:00,2025-03-07,7,0.0,11.942222222222222,5.555555555555555,106.15145324010105,11.942222222222222,11.942222222222222
2025-03-07 07:00:00,2025-03-07,8,56.71767810026385,59.71111111111112,27.77777777777778,346.8423441295943,59.71111111111112,2.9934330108472693
2025-03-07 08:00:00,2025-03-07,9,155.9736147757256,125.39333333333335,58.333333333333336,569.7215947031847,125.39333333333335,-30.58028144239225
2025-03-07 09:00:00,2025-03-07,10,319.0369393139842,292.58444444444444,136.11111111111111,745.3120553910999,292.58444444444444,-26.45249486953975
2025-03-07 10:00:00,2025-03-07,11,503.3693931398417,489.6311111111111,227.77777777777777,858.9295630168543,489.6311111111111,-13.738282028730566
2025-03-07 11:00:00,2025-03-07,12,737.3298153034301,626.9666666666667,291.6666666666667,901.9963824943385,626.9666666666667,-110.36314863676341
2025-03-07 12:00:00,2025-03-07,13,489.18997361477574,489.6311111111111,227.77777777777777,871.3578586870042,489.6311111111111,0.44113749633538646
2025-03-07 13:00:00,2025-03-07,14,276.4986807387863,286.6133333333334,133.33333333333334,769.264315643356,286.6133333333334,10.114652594547124
2025-03-07 14:00:00,2025-03-07,15,333.21635883905014,280.6422222222222,130.55555555555554,603.3748182961211,280.6422222222222,-52.57413661682796
2025-03-07 15:00:00,2025-03-07,16,120.52506596306068,119.42222222222225,55.55555555555556,387.1923665660754,119.42222222222225,-1.1028437408384377
2025-03-07 16:00:00,2025-03-07,17,28.358839050131927,47.76888888888889,22.22222222222222,145.33247368678113,47.76888888888889,19.41004983875696
2025-03-07 17:00:00,2025-03-07,18,0.0,0.0,0.0,0.0,0.0,0.0
2025-03-07 18:00:00,2025-03-07,19,0.0,0.0,0.0,0.0,0.0,0.0
2025-03-07 19:00:00,2025-03-07,20,0.0,0.0,0.0,0.0,0.0,0.0
2025-03-07 20:00:00,2025-03-07,21,0.0,0.0,0.0,0.0,0.0,0.0
2025-03-07 21:00:00,2025-03-07,22,0.0,0.0,0.0,0.0,0.0,0.0
2025-03-07 22:00:00,2025-03-07,23,0.0,0.0,0.0,0.0,0.0,0.0
2025-03-07 23:00:00,2025-03-07,24,0.0,0.0,0.0,0.0,0.0,0.0
2025-03-08 00:00:00,2025-03-08,1,0.0,0.0,0.0,0.0,0.0,0.0
2025-03-08 01:00:00,2025-03-08,2,0.0,0.0,0.0,0.0,0.0,0.0
2025-03-08 02:00:00,2025-03-08,3,0.0,0.0,0.0,0.0,0.0,0.0
2025-03-08 03:00:00,2025-03-08,4,0.0,0.0,0.0,0.0,0.0,0.0
2025-03-08 04:00:00,2025-03-08,5,0.0,0.0,0.0,0.0,0.0,0.0
2025-03-08 05:00:00,2025-03-08,6,0.0,0.0,0.0,0.0,0.0,0.0
2025-03-08 06:00:00,2025-03-08,7,0.0,11.942222222222222,5.555555555555555,109.55678735028742,11.942222222222222,11.942222222222222
2025-03-08 07:00:00,2025-03-08,8,28.358839050131927,53.74,25.0,350.60003353984916,53.74,25.381160949868075
2025-03-08 08:00:00,2025-03-08,9,92.16622691292876,119.42222222222225,55.55555555555556,573.3665726164802,119.42222222222225,27.255995309293482
2025-03-08 09:00:00,2025-03-08,10,233.9604221635884,274.67111111111114,127.77777777777777,748.7417425363319,274.67111111111114,40.710688947522755
2025-03-08 10:00:00,2025-03-08,11,404.11345646437996,453.8044444444445,211.11111111111111,862.0913734964602,453.8044444444445,49.69098798006456
2025-03-08 11:00:00,2025-03-08,12,418.2928759894459,477.688888888889,222.22222222222223,904.8628716486463,477.688888888889,59.396012899443065
2025-03-08 12:00:00,2025-03-08,13,397.02374670184696,423.9488888888889,197.22222222222223,873.9241063544462,423.9488888888889,26.925142187041956
2025-03-08 13:00:00,2025-03-08,14,233.9604221635884,262.7288888888889,122.22222222222223,771.5475213099681,262.7288888888889,28.7684667253005
2025-03-08 14:00:00,2025-03-08,15,319.0369393139842,322.44,150.0,605.4128809707975,322.44,3.403060686015806
2025-03-08 15:00:00,2025-03-08,16,134.70448548812666,179.13333333333333,83.33333333333333,389.0365464449575,179.13333333333333,44.42884784520666
2025-03-08 16:00:00,2025-03-08,17,70.89709762532982,89.56666666666666,41.666666666666664,146.96823554350786,89.56666666666666,18.669569041336842
2025-03-08 17:00:00,2025-03-08,18,14.179419525065963,0.0,0.0,0.0,0.0,-14.179419525065963
2025-03-08 18:00:00,2025-03-08,19,0.0,0.0,0.0,0.0,0.0,0.0
2025-03-08 19:00:00,2025-03-08,20,0.0,0.0,0.0,0.0,0.0,0.0
2025-03-08 20:00:00,2025-03-08,21,0.0,0.0,0.0,0.0,0.0,0.0
2025-03-08 21:00:00,2025-03-08,22,0.0,0.0,0.0,0.0,0.0,0.0
2025-03-08 22:00:00,2025-03-08,23,0.0,0.0,0.0,0.0,0.0,0.0
2025-03-08 23:00:00,2025-03-08,24,0.0,0.0,0.0,0.0,0.0,0.0
2025-03-09 00:00:00,2025-03-09,1,0.0,0.0,0.0,0.0,0.0,0.0
2025-03-09 01:00:00,2025-03-09,2,0.0,0.0,0.0,0.0,0.0,0.0
2025-03-09 02:00:00,2025-03-09,3,0.0,0.0,0.0,0.0,0.0,0.0
2025-03-09 03:00:00,2025-03-09,4,0.0,0.0,0.0,0.0,0.0,0.0
2025-03-09 04:00:00,2025-03-09,5,0.0,0.0,0.0,0.0,0.0,0.0
2025-03-09 05:00:00,2025-03-09,6,0.0,0.0,0.0,0.0,0.0,0.0
2025-03-09 06:00:00,2025-03-09,7,21.269129287598943,47.76888888888889,22.22222222222222,113.00015239416395,47.76888888888889,26.499759601289945
2025-03-09 07:00:00,2025-03-09,8,155.9736147757256,191.07555555555555,88.88888888888889,354.3676678789024,191.07555555555555,35.10194077982996
2025-03-09 08:00:00,2025-03-09,9,638.0738786279684,674.7355555555556,313.8888888888889,577.0046585933918,674.7355555555556,36.66167692758722
2025-03-09 09:00:00,2025-03-09,10,687.7018469656992,865.8111111111111,402.77777777777777,752.1491807794757,865.8111111111111,178.10926414541188
2025-03-09 10:00:00,2025-03-09,11,1531.377308707124,1492.7777777777778,694.4444444444445,865.2177258222501,1492.7777777777778,-38.5995309293462
2025-03-09 11:00:00,2025-03-09,12,1694.4406332453825,1857.015555555556,863.8888888888889,907.6837564305545,1857.015555555556,162.5749223101734
2025-03-09 12:00:00,2025-03-09,13,1779.5171503957783,1880.8999999999999,875.0,876.4383926611512,1880.8999999999999,101.38284960422152
2025-03-09 13:00:00,2025-03-09,14,1609.364116094987,1594.2866666666669,741.6666666666666,773.7766699718803,1594.2866666666669,-15.077449428320051
2025-03-09 14:00:00,2025-03-09,15,1432.1213720316623,1253.9333333333334,583.3333333333334,607.3992758469534,1253.9333333333334,-178.1880386983289
2025-03-09 15:00:00,2025-03-09,16,1020.9182058047494,967.3199999999999,450.0,390.8360842899578,967.3199999999999,-53.598205804749455
2025-03-09 16:00:00,2025-03-09,17,510.4591029023747,383.2485373183042,178.28830355336072,148.57358629446728,383.2485373183042,-127.21056558407048
2025-03-09 17:00:00,2025-03-09,18,113.4353562005277,0.0,0.0,0.0,0.0,-113.4353562005277
2025-03-09 18:00:00,2025-03-09,19,0.0,0.0,0.0,0.0,0.0,0.0
2025-03-09 19:00:00,2025-03-09,20,0.0,0.0,0.0,0.0,0.0,0.0
2025-03-09 20:00:00,2025-03-09,21,0.0,0.0,0.0,0.0,0.0,0.0
2025-03-09 21:00:00,2025-03-09,22,0.0,0.0,0.0,0.0,0.0,0.0
2025-03-09 22:00:00,2025-03-09,23,0.0,0.0,0.0,0.0,0.0,0.0
2025-03-09 23:00:00,2025-03-09,24,0.0,0.0,0.0,0.0,0.0,0.0
2025-03-10 00:00:00,2025-03-10,1,0.0,0.0,0.0,0.0,0.0,0.0
2025-03-10 01:00:00,2025-03-10,2,0.0,0.0,0.0,0.0,0.0,0.0
2025-03-10 02:00:00,2025-03-10,3,0.0,0.0,0.0,0.0,0.0,0.0
2025-03-10 03:00:00,2025-03-10,4,0.0,0.0,0.0,0.0,0.0,0.0
2025-03-10 04:00:00,2025-03-10,5,0.0,0.0,0.0,0.0,0.0,0.0
2025-03-10 05:00:00,2025-03-10,6,0.0,0.0,0.0,0.0,0.0,0.0
2025-03-10 06:00:00,2025-03-10,7,42.53825857519789,83.59555555555555,38.888888888888886,116.47852917554756,83.59555555555555,41.05729698035766
2025-03-10 07:00:00,2025-03-10,8,326.12664907651714,447.83333333333337,208.33333333333334,358.1423511768251,447.83333333333337,121.70668425681623
2025-03-10 08:00:00,2025-03-10,9,914.5725593667546,937.4644444444446,436.1111111111111,580.6331024217681,937.4644444444446,22.89188507768995
2025-03-10 09:00:00,2025-03-10,10,1481.7493403693932,1349.4711111111112,627.7777777777778,755.531921791314,1349.4711111111112,-132.27822925828195
2025-03-10 10:00:00,2025-03-10,11,1892.9525065963062,1659.968888888889,772.2222222222222,868.3065799759619,1659.968888888889,-232.98361770741712
2025-03-10 11:00:00,2025-03-10,12,2041.8364116094988,1803.275555555556,838.8888888888889,910.4574745217406,1803.275555555556,-238.56085605394287
2025-03-10 12:00:00,2025-03-10,13,2041.8364116094988,1833.1311111111113,852.7777777777778,878.8996661191495,1833.1311111111113,-208.7053004983875
2025-03-10 13:00:00,2025-03-10,14,1914.221635883905,1701.7666666666669,791.6666666666666,775.9512168205745,1701.7666666666669,-212.45496921723816
2025-03-10 14:00:00,2025-03-10,15,1474.6596306068602,1391.2688888888886,647.2222222222222,609.333922638952,1391.2688888888886,-83.39074171797165
2025-03-10 15:00:00,2025-03-10,16,964.2005277044855,991.2044444444446,461.1111111111111,392.5912762428344,991.2044444444446,27.003916739959095
2025-03-10 16:00:00,2025-03-10,17,361.57519788918205,387.3121502361776,180.1787077764131,150.14892314701092,387.3121502361776,25.736952346995565
2025-03-10 17:00:00,2025-03-10,18,85.07651715039577,0.0,0.0,0.0,0.0,-85.07651715039577
2025-03-10 18:00:00,2025-03-10,19,0.0,0.0,0.0,0.0,0.0,0.0
2025-03-10 19:00:00,2025-03-10,20,0.0,0.0,0.0,0.0,0.0,0.0
2025-03-10 20:00:00,2025-03-10,21,0.0,0.0,0.0,0.0,0.0,0.0
2025-03-10 21:00:00,2025-03-10,22,0.0,0.0,0.0,0.0,0.0,0.0
2025-03-10 22:00:00,2025-03-10,23,0.0,0.0,0.0,0.0,0.0,0.0
2025-03-10 23:00:00,2025-03-10,24,0.0,0.0,0.0,0.0,0.0,0.0
2025-03-11 00:00:00,2025-03-11,1,0.0,0.0,0.0,0.0,0.0,0.0
2025-03-11 01:00:00,2025-03-11,2,0.0,0.0,0.0,0.0,0.0,0.0
2025-03-11 02:00:00,2025-03-11,3,0.0,0.0,0.0,0.0,0.0,0.0
2025-03-11 03:00:00,2025-03-11,4,0.0,0.0,0.0,0.0,0.0,0.0
2025-03-11 04:00:00,2025-03-11,5,0.0,0.0,0.0,0.0,0.0,0.0
2025-03-11 05:00:00,2025-03-11,6,0.0,0.0,0.0,0.0,0.0,0.0
2025-03-11 06:00:00,2025-03-11,7,21.269129287598943,35.826666666666675,16.666666666666668,119.98884447075388,35.826666666666675,14.557537379067732
2025-03-11 07:00:00,2025-03-11,8,191.4221635883905,185.10444444444448,86.11111111111111,361.921181498941,185.10444444444448,-6.317719143946022
2025-03-11 08:00:00,2025-03-11,9,574.2664907651715,537.4,250.0,584.2491771050428,537.4,-36.866490765171534
2025-03-11 09:00:00,2025-03-11,10,893.3034300791556,716.5333333333333,333.3333333333333,758.8875668167886,716.5333333333333,-176.77009674582234
2025-03-11 10:00:00,2025-03-11,11,1644.8126649076517,1445.0088888888886,672.2222222222222,871.3559695549812,1445.0088888888886,-199.80377601876307
2025-03-11 11:00:00,2025-03-11,12,1857.5039577836412,1504.7200000000003,700.0,913.1825574559973,1504.7200000000003,-352.783957783641
2025-03-11 12:00:00,2025-03-11,13,1963.849604221636,1815.217777777778,844.4444444444445,881.3069841930753,1815.217777777778,-148.6318264438578
2025-03-11 13:00:00,2025-03-11,14,1885.862796833773,1731.6222222222223,805.5555555555555,778.0707348889424,1731.6222222222223,-154.24057461155076
2025-03-11 14:00:00,2025-03-11,15,1488.8390501319261,1415.1533333333334,658.3333333333334,611.2168607037064,1415.1533333333334,-73.6857167985927
2025-03-11 15:00:00,2025-03-11,16,971.2902374670185,985.2333333333335,458.3333333333333,394.30253239131554,985.2333333333335,13.943095866314934
2025-03-11 16:00:00,2025-03-11,17,425.3825857519789,391.2996322122044,182.03369566998717,151.69474639165597,391.2996322122044,-34.08295353977451
2025-03-11 17:00:00,2025-03-11,18,56.71767810026385,0.0,0.0,0.0,0.0,-56.71767810026385
2025-03-11 18:00:00,2025-03-11,19,0.0,0.0,0.0,0.0,0.0,0.0
2025-03-11 19:00:00,2025-03-11,20,0.0,0.0,0.0,0.0,0.0,0.0
2025-03-11 20:00:00,2025-03-11,21,0.0,0.0,0.0,0.0,0.0,0.0
2025-03-11 21:00:00,2025-03-11,22,0.0,0.0,0.0,0.0,0.0,0.0
2025-03-11 22:00:00,2025-03-11,23,0.0,0.0,0.0,0.0,0.0,0.0
2025-03-11 23:00:00,2025-03-11,24,0.0,0.0,0.0,0.0,0.0,0.0
2025-03-12 00:00:00,2025-03-12,1,0.0,0.0,0.0,0.0,0.0,0.0
2025-03-12 01:00:00,2025-03-12,2,0.0,0.0,0.0,0.0,0.0,0.0
2025-03-12 02:00:00,2025-03-12,3,0.0,0.0,0.0,0.0,0.0,0.0
2025-03-12 03:00:00,2025-03-12,4,0.0,0.0,0.0,0.0,0.0,0.0
2025-03-12 04:00:00,2025-03-12,5,0.0,0.0,0.0,0.0,0.0,0.0
2025-03-12 05:00:00,2025-03-12,6,0.0,0.0,0.0,0.0,0.0,0.0
2025-03-12 06:00:00,2025-03-12,7,42.53825857519789,77.62444444444446,36.111111111111114,123.52798752517384,77.62444444444446,35.08618586924658
2025-03-12 07:00:00,2025-03-12,8,397.02374670184696,489.6311111111111,227.77777777777777,365.7012640215092,489.6311111111111,92.60736440926416
2025-03-12 08:00:00,2025-03-12,9,836.5857519788918,507.5444444444445,236.11111111111111,587.8501883872931,507.5444444444445,-329.04130753444736
2025-03-12 09:00:00,2025-03-12,10,560.0870712401055,501.5733333333334,233.33333333333334,762.2137717783291,501.5733333333334,-58.51373790677212
2025-03-12 10:00:00,2025-03-12,11,893.3034300791556,931.4933333333333,433.3333333333333,874.3640016026388,931.4933333333333,38.18990325417769
2025-03-12 11:00:00,2025-03-12,12,1616.4538258575199,1791.3333333333335,833.3333333333334,915.8576249729563,1791.3333333333335,174.87950747581363
2025-03-12 12:00:00,2025-03-12,13,2141.0923482849603,1958.5244444444445,911.1111111111111,883.6595022698349,1958.5244444444445,-182.56790384051578
2025-03-12 13:00:00,2025-03-12,14,1361.2242744063324,1648.0266666666669,766.6666666666666,780.1348990653971,1648.0266666666669,286.8023922603345
2025-03-12 14:00:00,2025-03-12,15,1283.2374670184697,1331.5577777777778,619.4444444444445,613.0482291291714,1331.5577777777778,48.320310759308086
2025-03-12 15:00:00,2025-03-12,16,1049.2770448548813,824.0133333333334,383.3333333333333,395.9703541129101,824.0133333333334,-225.26371152154786
2025-03-12 16:00:00,2025-03-12,17,347.3957783641161,395.21248248752846,183.8539646853035,153.21163723775294,395.21248248752846,47.816704123412364
2025-03-12 17:00:00,2025-03-12,18,56.71767810026385,0.0,0.0,0.0,0.0,-56.71767810026385
2025-03-12 18:00:00,2025-03-12,19,0.0,0.0,0.0,0.0,0.0,0.0
2025-03-12 19:00:00,2025-03-12,20,0.0,0.0,0.0,0.0,0.0,0.0
2025-03-12 20:00:00,2025-03-12,21,0.0,0.0,0.0,0.0,0.0,0.0
2025-03-12 21:00:00,2025-03-12,22,0.0,0.0,0.0,0.0,0.0,0.0
2025-03-12 22:00:00,2025-03-12,23,0.0,0.0,0.0,0.0,0.0,0.0
2025-03-12 23:00:00,2025-03-12,24,0.0,0.0,0.0,0.0,0.0,0.0
2025-03-13 00:00:00,2025-03-13,1,0.0,0.0,0.0,0.0,0.0,0.0
2025-03-13 01:00:00,2025-03-13,2,0.0,0.0,0.0,0.0,0.0,0.0
2025-03-13 02:00:00,2025-03-13,3,0.0,0.0,0.0,0.0,0.0,0.0
2025-03-13 03:00:00,2025-03-13,4,0.0,0.0,0.0,0.0,0.0,0.0
2025-03-13 04:00:00,2025-03-13,5,0.0,0.0,0.0,0.0,0.0,0.0
2025-03-13 05:00:00,2025-03-13,6,0.0,0.0,0.0,0.0,0.0,0.0
2025-03-13 06:00:00,2025-03-13,7,42.53825857519789,53.74,25.0,127.09282575086554,53.74,11.201741424802115
2025-03-13 07:00:00,2025-03-13,8,411.2031662269129,286.6133333333334,133.33333333333334,369.47972271063327,286.6133333333334,-124.58983289357951
2025-03-13 08:00:00,2025-03-13,9,170.15303430079155,95.53777777777778,44.44444444444444,591.4334831469873,95.53777777777778,-74.61525652301377
2025-03-13 09:00:00,2025-03-13,10,21.269129287598943,29.85555555555556,13.88888888888889,765.508251245506,29.85555555555556,8.586426267956618
2025-03-13 10:00:00,2025-03-13,11,113.4353562005277,125.39333333333335,58.333333333333336,877.3288557089895,125.39333333333335,11.957977132805638
2025-03-13 11:00:00,2025-03-13,12,163.06332453825857,364.2377777777778,169.44444444444446,918.4813788910349,364.2377777777778,201.17445323951924
2025-03-13 12:00:00,2025-03-13,13,1403.7625329815303,1433.0666666666666,666.6666666666666,885.9564624497265,1433.0666666666666,29.30413368513632
2025-03-13 13:00:00,2025-03-13,14,815.3166226912929,597.1111111111112,277.77777777777777,782.1434704038554,597.1111111111112,-218.20551158018168
2025-03-13 14:00:00,2025-03-13,15,283.5883905013193,232.87333333333333,108.33333333333333,614.8282472993765,232.87333333333333,-50.71505716798595
2025-03-13 15:00:00,2025-03-13,16,354.4854881266491,322.44,150.0,397.59531242632823,322.44,-32.045488126649104
2025-03-13 16:00:00,2025-03-13,17,170.15303430079155,203.01777777777778,94.44444444444444,154.70023641641015,203.01777777777778,32.864743476986234
2025-03-13 17:00:00,2025-03-13,18,28.358839050131927,0.0,0.0,0.0,0.0,-28.358839050131927
2025-03-13 18:00:00,2025-03-13,19,0.0,0.0,0.0,0.0,0.0,0.0
2025-03-13 19:00:00,2025-03-13,20,0.0,0.0,0.0,0.0,0.0,0.0
2025-03-13 20:00:00,2025-03-13,21,0.0,0.0,0.0,0.0,0.0,0.0
2025-03-13 21:00:00,2025-03-13,22,0.0,0.0,0.0,0.0,0.0,0.0
2025-03-13 22:00:00,2025-03-13,23,0.0,0.0,0.0,0.0,0.0,0.0
2025-03-13 23:00:00,2025-03-13,24,0.0,0.0,0.0,0.0,0.0,0.0
2025-03-14 00:00:00,2025-03-14,1,0.0,0.0,0.0,0.0,0.0,0.0
2025-03-14 01:00:00,2025-03-14,2,0.0,0.0,0.0,0.0,0.0,0.0
2025-03-14 02:00:00,2025-03-14,3,0.0,0.0,0.0,0.0,0.0,0.0
2025-03-14 03:00:00,2025-03-14,4,0.0,0.0,0.0,0.0,0.0,0.0
2025-03-14 04:00:00,2025-03-14,5,0.0,0.0,0.0,0.0,0.0,0.0
2025-03-14 05:00:00,2025-03-14,6,0.0,0.0,0.0,0.0,0.0,0.0
2025-03-14 06:00:00,2025-03-14,7,0.0,11.942222222222222,5.555555555555555,130.68021764544966,11.942222222222222,11.942222222222222
2025-03-14 07:00:00,2025-03-14,8,127.61477572559367,161.22,75.0,373.2537094534847,161.22,33.605224274406325
2025-03-14 08:00:00,2025-03-14,9,418.2928759894459,417.97777777777776,194.44444444444446,594.9964553888772,417.97777777777776,-0.31509821166815755
2025-03-14 09:00:00,2025-03-14,10,382.844327176781,220.9311111111111,102.77777777777777,768.7687807698455,220.9311111111111,-161.9132160656699
2025-03-14 10:00:00,2025-03-14,11,184.33245382585753,143.3066666666667,66.66666666666667,880.2487820588021,143.3066666666667,-41.02578715919083
2025-03-14 11:00:00,2025-03-14,12,659.3430079155673,400.0644444444444,186.11111111111111,921.0525968412173,400.0644444444444,-259.27856347112294
2025-03-14 12:00:00,2025-03-14,13,212.69129287598946,268.7,125.0,888.19718312827,268.7,56.00870712401053
2025-03-14 13:00:00,2025-03-14,14,219.78100263852244,274.67111111111114,127.77777777777777,784.0962819150602,274.67111111111114,54.89010847258871
2025-03-14 14:00:00,2025-03-14,15,361.57519788918205,483.65999999999997,225.0,616.5571978188788,483.65999999999997,122.08480211081792
2025-03-14 15:00:00,2025-03-14,16,354.4854881266491,435.8911111111112,202.77777777777777,399.17802903047976,435.8911111111112,81.40562298446207
2025-03-14 16:00:00,2025-03-14,17,163.06332453825857,191.07555555555555,88.88888888888889,156.16122567729775,191.07555555555555,28.012231017296983
2025-03-14 17:00:00,2025-03-14,18,21.269129287598943,0.0,0.0,0.0,0.0,-21.269129287598943
2025-03-14 18:00:00,2025-03-14,19,0.0,0.0,0.0,0.0,0.0,0.0
2025-03-14 19:00:00,2025-03-14,20,0.0,0.0,0.0,0.0,0.0,0.0
2025-03-14 20:00:00,2025-03-14,21,0.0,0.0,0.0,0.0,0.0,0.0
2025-03-14 21:00:00,2025-03-14,22,0.0,0.0,0.0,0.0,0.0,0.0
2025-03-14 22:00:00,2025-03-14,23,0.0,0.0,0.0,0.0,0.0,0.0
2025-03-14 23:00:00,2025-03-14,24,0.0,0.0,0.0,0.0,0.0,0.0
2025-03-15 00:00:00,2025-03-15,1,0.0,0.0,0.0,0.0,0.0,0.0
2025-03-15 01:00:00,2025-03-15,2,0.0,0.0,0.0,0.0,0.0,0.0
2025-03-15 02:00:00,2025-03-15,3,0.0,0.0,0.0,0.0,0.0,0.0
2025-03-15 03:00:00,2025-03-15,4,0.0,0.0,0.0,0.0,0.0,0.0
2025-03-15 04:00:00,2025-03-15,5,0.0,0.0,0.0,0.0,0.0,0.0
2025-03-15 05:00:00,2025-03-15,6,0.0,0.0,0.0,0.0,0.0,0.0
2025-03-15 06:00:00,2025-03-15,7,0.0,17.913333333333338,8.333333333333334,134.2870221865373,17.913333333333338,17.913333333333338
2025-03-15 07:00:00,2025-03-15,8,141.79419525065964,137.33555555555557,63.888888888888886,377.02040946804516,137.33555555555557,-4.458639695104068
2025-03-15 08:00:00,2025-03-15,9,28.358839050131927,47.76888888888889,22.22222222222222,598.5365493855506,47.76888888888889,19.41004983875696
2025-03-15 09:00:00,2025-03-15,10,262.3192612137203,220.9311111111111,102.77777777777777,771.9931971453185,220.9311111111111,-41.38815010260922
2025-03-15 10:00:00,2025-03-15,11,120.52506596306068,119.42222222222225,55.55555555555556,883.1220986764118,119.42222222222225,-1.1028437408384377
2025-03-15 11:00:00,2025-03-15,12,148.88390501319262,238.8444444444445,111.11111111111111,923.5701263353421,238.8444444444445,89.96053943125187
2025-03-15 12:00:00,2025-03-15,13,297.76781002638523,191.07555555555555,88.88888888888889,890.3810500565073,191.07555555555555,-106.69225447082968
2025-03-15 13:00:00,2025-03-15,14,276.4986807387863,406.03555555555556,188.88888888888889,785.9932271099972,406.03555555555556,129.53687481676928
2025-03-15 14:00:00,2025-03-15,15,191.4221635883905,149.2777777777778,69.44444444444444,618.2354129675454,149.2777777777778,-42.144385810612704
2025-03-15 15:00:00,2025-03-15,16,49.62796833773087,101.50888888888889,47.22222222222222,400.7191616236091,101.50888888888889,51.88092055115802
2025-03-15 16:00:00,2025-03-15,17,205.60158311345646,191.07555555555555,88.88888888888889,157.59531325788527,191.07555555555555,-14.526027557900903
2025-03-15 17:00:00,2025-03-15,18,21.269129287598943,0.0,0.0,0.0,0.0,-21.269129287598943
2025-03-15 18:00:00,2025-03-15,19,0.0,0.0,0.0,0.0,0.0,0.0
2025-03-15 19:00:00,2025-03-15,20,0.0,0.0,0.0,0.0,0.0,0.0
2025-03-15 20:00:00,2025-03-15,21,0.0,0.0,0.0,0.0,0.0,0.0
2025-03-15 21:00:00,2025-03-15,22,0.0,0.0,0.0,0.0,0.0,0.0
2025-03-15 22:00:00,2025-03-15,23,0.0,0.0,0.0,0.0,0.0,0.0
2025-03-15 23:00:00,2025-03-15,24,0.0,0.0,0.0,0.0,0.0,0.0
2025-03-16 00:00:00,2025-03-16,1,0.0,0.0,0.0,0.0,0.0,0.0
2025-03-16 01:00:00,2025-03-16,2,0.0,0.0,0.0,0.0,0.0,0.0
2025-03-16 02:00:00,2025-03-16,3,0.0,0.0,0.0,0.0,0.0,0.0
2025-03-16 03:00:00,2025-03-16,4,0.0,0.0,0.0,0.0,0.0,0.0
2025-03-16 04:00:00,2025-03-16,5,0.0,0.0,0.0,0.0,0.0,0.0
2025-03-16 05:00:00,2025-03-16,6,0.0,0.0,0.0,0.0,0.0,0.0
2025-03-16 06:00:00,2025-03-16,7,7.089709762532982,5.971111111111111,2.7777777777777777,137.91010470391495,5.971111111111111,-1.1185986514218706
2025-03-16 07:00:00,2025-03-16,8,21.269129287598943,23.884444444444444,11.11111111111111,380.9275208952968,23.884444444444444,2.615315156845501
2025-03-16 08:00:00,2025-03-16,9,85.07651715039577,71.65333333333335,33.333333333333336,602.2170921505904,71.65333333333335,-13.423183817062423
2025-03-16 09:00:00,2025-03-16,10,85.07651715039577,77.62444444444446,36.111111111111114,775.3523618905666,77.62444444444446,-7.452072705951309
2025-03-16 10:00:00,2025-03-16,11,269.40897097625333,274.67111111111114,127.77777777777777,886.1235285373751,274.67111111111114,5.262140134857816
2025-03-16 11:00:00,2025-03-16,12,751.509234828496,483.65999999999997,225.0,926.2102794701608,483.65999999999997,-267.84923482849604
2025-03-16 12:00:00,2025-03-16,13,623.8944591029024,400.0644444444444,186.11111111111111,892.684028500641,400.0644444444444,-223.83001465845797
2025-03-16 13:00:00,2025-03-16,14,616.8047493403694,477.688888888889,222.22222222222223,788.00764003374,477.688888888889,-139.11586045148044
2025-03-16 14:00:00,2025-03-16,15,836.5857519788918,650.8511111111111,302.77777777777777,620.0299700667604,650.8511111111111,-185.73464086778074
2025-03-16 15:00:00,2025-03-16,16,659.3430079155673,585.1688888888889,272.22222222222223,402.37186219150254,585.1688888888889,-74.17411902667845
2025-03-16 16:00:00,2025-03-16,17,163.06332453825857,244.81555555555556,113.88888888888889,159.11800754476494,244.81555555555556,81.75223101729699
2025-03-16 17:00:00,2025-03-16,18,28.358839050131927,0.0,0.0,0.0,0.0,-28.358839050131927
2025-03-16 18:00:00,2025-03-16,19,0.0,0.0,0.0,0.0,0.0,0.0
2025-03-16 19:00:00,2025-03-16,20,0.0,0.0,0.0,0.0,0.0,0.0
2025-03-16 20:00:00,2025-03-16,21,0.0,0.0,0.0,0.0,0.0,0.0
2025-03-16 21:00:00,2025-03-16,22,0.0,0.0,0.0,0.0,0.0,0.0
2025-03-16 22:00:00,2025-03-16,23,0.0,0.0,0.0,0.0,0.0,0.0
2025-03-16 23:00:00,2025-03-16,24,0.0,0.0,0.0,0.0,0.0,0.0
2025-03-17 00:00:00,2025-03-17,1,0.0,0.0,0.0,0.0,0.0,0.0
2025-03-17 01:00:00,2025-03-17,2,0.0,0.0,0.0,0.0,0.0,0.0
2025-03-17 02:00:00,2025-03-17,3,0.0,0.0,0.0,0.0,0.0,0.0
2025-03-17 03:00:00,2025-03-17,4,0.0,0.0,0.0,0.0,0.0,0.0
2025-03-17 04:00:00,2025-03-17,5,0.0,0.0,0.0,0.0,0.0,0.0
2025-03-17 05:00:00,2025-03-17,6,0.0,0.0,0.0,0.0,0.0,0.0
2025-03-17 06:00:00,2025-03-17,7,0.0,5.971111111111111,2.7777777777777777,141.65607416040694,5.971111111111111,5.971111111111111
2025-03-17 07:00:00,2025-03-17,8,21.269129287598943,35.826666666666675,16.666666666666668,384.97279057735705,35.826666666666675,14.557537379067732
2025-03-17 08:00:00,2025-03-17,9,56.71767810026385,71.65333333333335,33.333333333333336,606.0355834572223,71.65333333333335,14.935655233069497
2025-03-17 09:00:00,2025-03-17,10,85.07651715039577,89.56666666666666,41.666666666666664,778.8440011569927,89.56666666666666,4.49014951627089
2025-03-17 10:00:00,2025-03-17,11,163.06332453825857,137.33555555555557,63.888888888888886,889.2512074577038,137.33555555555557,-25.727768982702997
2025-03-17 11:00:00,2025-03-17,12,276.4986807387863,197.0466666666667,91.66666666666667,928.9716812168197,197.0466666666667,-79.45201407211957
2025-03-17 12:00:00,2025-03-17,13,170.15303430079155,167.1911111111111,77.77777777777777,895.105252919367,167.1911111111111,-2.961923189680448
2025-03-17 13:00:00,2025-03-17,14,170.15303430079155,179.13333333333333,83.33333333333333,790.1391436440491,179.13333333333333,8.98029903254178
2025-03-17 14:00:00,2025-03-17,15,255.22955145118735,268.7,125.0,621.9409380161627,268.7,13.47044854881264
2025-03-17 15:00:00,2025-03-17,16,319.0369393139842,334.3822222222222,155.55555555555554,404.1366416959387,334.3822222222222,15.345282908238005
2025-03-17 16:00:00,2025-03-17,17,141.79419525065964,155.24888888888893,72.22222222222223,160.73064353576635,155.24888888888893,13.454693638229287
2025-03-17 17:00:00,2025-03-17,18,28.358839050131927,0.3534395810807651,0.16442109279901615,0.13701757733251346,0.3534395810807651,-28.005399469051163
2025-03-17 18:00:00,2025-03-17,19,0.0,0.0,0.0,0.0,0.0,0.0
2025-03-17 19:00:00,2025-03-17,20,0.0,0.0,0.0,0.0,0.0,0.0
2025-03-17 20:00:00,2025-03-17,21,0.0,0.0,0.0,0.0,0.0,0.0
2025-03-17 21:00:00,2025-03-17,22,0.0,0.0,0.0,0.0,0.0,0.0
2025-03-17 22:00:00,2025-03-17,23,0.0,0.0,0.0,0.0,0.0,0.0
2025-03-17 23:00:00,2025-03-17,24,0.0,0.0,0.0,0.0,0.0,0.0
2025-03-18 00:00:00,2025-03-18,1,0.0,0.0,0.0,0.0,0.0,0.0
2025-03-18 01:00:00,2025-03-18,2,0.0,0.0,0.0,0.0,0.0,0.0
2025-03-18 02:00:00,2025-03-18,3,0.0,0.0,0.0,0.0,0.0,0.0
2025-03-18 03:00:00,2025-03-18,4,0.0,0.0,0.0,0.0,0.0,0.0
2025-03-18 04:00:00,2025-03-18,5,0.0,0.0,0.0,0.0,0.0,0.0
2025-03-18 05:00:00,2025-03-18,6,0.0,0.0,0.0,0.0,0.0,0.0
2025-03-18 06:00:00,2025-03-18,7,0.0,5.971111111111111,2.7777777777777777,145.52461908890356,5.971111111111111,5.971111111111111
2025-03-18 07:00:00,2025-03-18,8,63.80738786279684,89.56666666666666,41.666666666666664,389.0031687124155,89.56666666666666,25.759278803869826
2025-03-18 08:00:00,2025-03-18,9,184.33245382585753,173.16222222222223,80.55555555555556,609.8237588003053,173.16222222222223,-11.170231603635301
2025-03-18 09:00:00,2025-03-18,10,297.76781002638523,292.58444444444444,136.11111111111111,782.2930787426177,292.58444444444444,-5.183365581940791
2025-03-18 10:00:00,2025-03-18,11,475.0105540897098,525.4577777777778,244.44444444444446,892.3271913659966,525.4577777777778,50.44722368806799
2025-03-18 11:00:00,2025-03-18,12,283.5883905013193,256.7577777777778,119.44444444444444,931.675842933668,256.7577777777778,-26.830612723541492
2025-03-18 12:00:00,2025-03-18,13,404.11345646437996,376.18000000000006,175.0,897.4676321526314,376.18000000000006,-27.9334564643799
2025-03-18 13:00:00,2025-03-18,14,226.8707124010554,220.9311111111111,102.77777777777777,792.2142565671074,220.9311111111111,-5.9396012899443065
2025-03-18 14:00:00,2025-03-18,15,191.4221635883905,185.10444444444448,86.11111111111111,623.801928901398,185.10444444444448,-6.317719143946022
2025-03-18 15:00:00,2025-03-18,16,241.05013192612137,310.49777777777786,144.44444444444446,405.86167200140227,310.49777777777786,69.44764585165649
2025-03-18 16:00:00,2025-03-18,17,482.10026385224273,418.70596320427154,194.78319836447318,162.31933197039433,418.70596320427154,-63.39430064797119
2025-03-18 17:00:00,2025-03-18,18,70.89709762532982,0.4725631518802256,0.2198377148679873,0.18319809572332277,0.4725631518802256,-70.4245344734496
2025-03-18 18:00:00,2025-03-18,19,0.0,0.0,0.0,0.0,0.0,0.0
2025-03-18 19:00:00,2025-03-18,20,0.0,0.0,0.0,0.0,0.0,0.0
2025-03-18 20:00:00,2025-03-18,21,0.0,0.0,0.0,0.0,0.0,0.0
2025-03-18 21:00:00,2025-03-18,22,0.0,0.0,0.0,0.0,0.0,0.0
2025-03-18 22:00:00,2025-03-18,23,0.0,0.0,0.0,0.0,0.0,0.0
2025-03-18 23:00:00,2025-03-18,24,0.0,0.0,0.0,0.0,0.0,0.0
2025-03-19 00:00:00,2025-03-19,1,0.0,0.0,0.0,0.0,0.0,0.0
2025-03-19 01:00:00,2025-03-19,2,0.0,0.0,0.0,0.0,0.0,0.0
2025-03-19 02:00:00,2025-03-19,3,0.0,0.0,0.0,0.0,0.0,0.0
2025-03-19 03:00:00,2025-03-19,4,0.0,0.0,0.0,0.0,0.0,0.0
2025-03-19 04:00:00,2025-03-19,5,0.0,0.0,0.0,0.0,0.0,0.0
2025-03-19 05:00:00,2025-03-19,6,0.0,0.0,0.0,0.0,0.0,0.0
2025-03-19 06:00:00,2025-03-19,7,0.0,17.913333333333338,8.333333333333334,149.40370414926602,17.913333333333338,17.913333333333338
2025-03-19 07:00:00,2025-03-19,8,7.089709762532982,29.85555555555556,13.88888888888889,393.01594940425827,29.85555555555556,22.765845793022578
2025-03-19 08:00:00,2025-03-19,9,63.80738786279684,83.59555555555555,38.888888888888886,613.5792479025691,83.59555555555555,19.788167692758712
2025-03-19 09:00:00,2025-03-19,10,311.9472295514512,232.87333333333333,108.33333333333333,785.6976554840513,232.87333333333333,-79.07389621811785
2025-03-19 10:00:00,2025-03-19,11,730.2401055408972,483.65999999999997,225.0,895.3500391278354,483.65999999999997,-246.5801055408972
2025-03-19 11:00:00,2025-03-19,12,843.6754617414248,841.9266666666667,391.6666666666667,934.3218504964998,841.9266666666667,-1.7487950747580499
2025-03-19 12:00:00,2025-03-19,13,1510.1081794195252,1379.3266666666668,641.6666666666666,899.7707695573625,1379.3266666666668,-130.78151275285836
2025-03-19 13:00:00,2025-03-19,14,794.0474934036939,686.6777777777779,319.44444444444446,794.233052264517,686.6777777777779,-107.369715625916
2025-03-19 14:00:00,2025-03-19,15,638.0738786279684,525.4577777777778,244.44444444444446,625.6134022533598,525.4577777777778,-112.6161008501906
2025-03-19 15:00:00,2025-03-19,16,730.2401055408972,722.5044444444443,336.1111111111111,407.5476717156966,722.5044444444443,-7.735661096452873
2025-03-19 16:00:00,2025-03-19,17,290.67810026385223,310.49777777777786,144.44444444444446,163.8847669894252,310.49777777777786,19.819677513925626
2025-03-19 17:00:00,2025-03-19,18,85.07651715039577,0.6133658943237641,0.28533954890387236,0.23778295741989364,0.6133658943237641,-84.46315125607201
2025-03-19 18:00:00,2025-03-19,19,0.0,0.0,0.0,0.0,0.0,0.0
2025-03-19 19:00:00,2025-03-19,20,0.0,0.0,0.0,0.0,0.0,0.0
2025-03-19 20:00:00,2025-03-19,21,0.0,0.0,0.0,0.0,0.0,0.0
2025-03-19 21:00:00,2025-03-19,22,0.0,0.0,0.0,0.0,0.0,0.0
2025-03-19 22:00:00,2025-03-19,23,0.0,0.0,0.0,0.0,0.0,0.0
2025-03-19 23:00:00,2025-03-19,24,0.0,0.0,0.0,0.0,0.0,0.0
2025-03-20 00:00:00,2025-03-20,1,0.0,0.0,0.0,0.0,0.0,0.0
2025-03-20 01:00:00,2025-03-20,2,0.0,0.0,0.0,0.0,0.0,0.0
2025-03-20 02:00:00,2025-03-20,3,0.0,0.0,0.0,0.0,0.0,0.0
2025-03-20 03:00:00,2025-03-20,4,0.0,0.0,0.0,0.0,0.0,0.0
2025-03-20 04:00:00,2025-03-20,5,0.0,0.0,0.0,0.0,0.0,0.0
2025-03-20 05:00:00,2025-03-20,6,0.0,0.0,0.0,0.0,0.0,0.0
2025-03-20 06:00:00,2025-03-20,7,77.9868073878628,125.39333333333335,58.333333333333336,153.29008648786345,125.39333333333335,47.40652594547055
2025-03-20 07:00:00,2025-03-20,8,432.47229551451187,561.2844444444444,261.1111111111111,397.00846417819076,561.2844444444444,128.8121489299325
2025-03-20 08:00:00,2025-03-20,9,1113.084432717678,1098.6844444444446,511.1111111111111,617.2997313111708,1098.6844444444446,-14.399988273233475
2025-03-20 09:00:00,2025-03-20,10,1744.0686015831136,1552.4888888888888,722.2222222222222,789.0558507613539,1552.4888888888888,-191.57971269422478
2025-03-20 10:00:00,2025-03-20,11,2162.3614775725596,1874.928888888889,872.2222222222222,898.31837094241,1874.928888888889,-287.4325886836705
2025-03-20 11:00:00,2025-03-20,12,2382.142480211082,2054.0622222222223,955.5555555555555,936.9088492382944,2054.0622222222223,-328.08025798885956
2025-03-20 12:00:00,2025-03-20,13,2417.5910290237466,2048.0911111111113,952.7777777777778,902.0143216199285,2048.0911111111113,-369.4999179126353
2025-03-20 13:00:00,2025-03-20,14,2240.348284960422,1910.755555555556,888.8888888888889,796.1956469989079,1910.755555555556,-329.5927294048661
2025-03-20 14:00:00,2025-03-20,15,1800.7862796833774,1612.2,750.0,627.3758470040423,1612.2,-188.58627968337737
2025-03-20 15:00:00,2025-03-20,16,1191.071240105541,1055.5276503887123,491.0344484502755,409.1953737085629,1055.5276503887123,-135.5435897168286
2025-03-20 16:00:00,2025-03-20,17,538.8179419525067,426.723928637223,198.51317856216178,165.4276488018015,426.723928637223,-112.09401331528363
2025-03-20 17:00:00,2025-03-20,18,77.9868073878628,0.7778313509309353,0.3618493444970856,0.30154112041423803,0.7778313509309353,-77.20897603693186
2025-03-20 18:00:00,2025-03-20,19,0.0,0.0,0.0,0.0,0.0,0.0
2025-03-20 19:00:00,2025-03-20,20,0.0,0.0,0.0,0.0,0.0,0.0
2025-03-20 20:00:00,2025-03-20,21,0.0,0.0,0.0,0.0,0.0,0.0
2025-03-20 21:00:00,2025-03-20,22,0.0,0.0,0.0,0.0,0.0,0.0
2025-03-20 22:00:00,2025-03-20,23,0.0,0.0,0.0,0.0,0.0,0.0
2025-03-20 23:00:00,2025-03-20,24,0.0,0.0,0.0,0.0,0.0,0.0
2025-03-21 00:00:00,2025-03-21,1,0.0,0.0,0.0,0.0,0.0,0.0
2025-03-21 01:00:00,2025-03-21,2,0.0,0.0,0.0,0.0,0.0,0.0
2025-03-21 02:00:00,2025-03-21,3,0.0,0.0,0.0,0.0,0.0,0.0
2025-03-21 03:00:00,2025-03-21,4,0.0,0.0,0.0,0.0,0.0,0.0
2025-03-21 04:00:00,2025-03-21,5,0.0,0.0,0.0,0.0,0.0,0.0
2025-03-21 05:00:00,2025-03-21,6,0.0,0.0,0.0,0.0,0.0,0.0
2025-03-21 06:00:00,2025-03-21,7,77.9868073878628,143.3066666666667,66.66666666666667,157.18054929523814,143.3066666666667,65.3198592788039
2025-03-21 07:00:00,2025-03-21,8,439.5620052770449,591.14,275.0,400.9780858543105,591.14,151.5779947229551
2025-03-21 08:00:00,2025-03-21,9,1127.2638522427442,1116.597777777778,519.4444444444445,620.9829435292949,1116.597777777778,-10.666074464966186
2025-03-21 09:00:00,2025-03-21,10,1751.1583113456466,1564.4311111111112,727.7777777777778,792.3658444953629,1564.4311111111112,-186.7272002345353
2025-03-21 10:00:00,2025-03-21,11,2169.4511873350925,1898.8133333333337,883.3333333333334,901.2308690873127,1898.8133333333337,-270.6378540017588
2025-03-21 11:00:00,2025-03-21,12,2346.693931398417,2077.9466666666667,966.6666666666666,939.4360431765942,2077.9466666666667,-268.7472647317504
2025-03-21 12:00:00,2025-03-21,13,2360.873350923483,2066.0044444444447,961.1111111111111,904.1979955638337,2066.0044444444447,-294.8689064790383
2025-03-21 13:00:00,2025-03-21,14,2190.7203166226914,1910.755555555556,888.8888888888889,798.1021959112448,1910.755555555556,-279.96476106713544
2025-03-21 14:00:00,2025-03-21,15,1765.3377308707124,1606.2288888888888,747.2222222222222,629.089776046916,1606.2288888888888,-159.10884198182362
2025-03-21 15:00:00,2025-03-21,16,1183.981530343008,1059.6810516378846,492.9666224590084,410.8055187158404,1059.6810516378846,-124.3004787051234
2025-03-21 16:00:00,2025-03-21,17,538.8179419525067,430.64744978763196,200.3384116987495,166.9486764156246,430.64744978763196,-108.1704921648747
2025-03-21 17:00:00,2025-03-21,18,77.9868073878628,0.9679198122558428,0.4502790343579469,0.37523252863162243,0.9679198122558428,-77.01888757560695
2025-03-21 18:00:00,2025-03-21,19,0.0,0.0,0.0,0.0,0.0,0.0
2025-03-21 19:00:00,2025-03-21,20,0.0,0.0,0.0,0.0,0.0,0.0
2025-03-21 20:00:00,2025-03-21,21,0.0,0.0,0.0,0.0,0.0,0.0
2025-03-21 21:00:00,2025-03-21,22,0.0,0.0,0.0,0.0,0.0,0.0
2025-03-21 22:00:00,2025-03-21,23,0.0,0.0,0.0,0.0,0.0,0.0
2025-03-21 23:00:00,2025-03-21,24,0.0,0.0,0.0,0.0,0.0,0.0
2025-03-22 00:00:00,2025-03-22,1,0.0,0.0,0.0,0.0,0.0,0.0
2025-03-22 01:00:00,2025-03-22,2,0.0,0.0,0.0,0.0,0.0,0.0
2025-03-22 02:00:00,2025-03-22,3,0.0,0.0,0.0,0.0,0.0,0.0
2025-03-22 03:00:00,2025-03-22,4,0.0,0.0,0.0,0.0,0.0,0.0
2025-03-22 04:00:00,2025-03-22,5,0.0,0.0,0.0,0.0,0.0,0.0
2025-03-22 05:00:00,2025-03-22,6,0.0,0.0,0.0,0.15389809480052657,0.0,0.0
2025-03-22 06:00:00,2025-03-22,7,77.9868073878628,149.2777777777778,69.44444444444444,161.07191011581358,149.2777777777778,71.290970389915
2025-03-22 07:00:00,2025-03-22,8,453.7414248021108,620.9955555555557,288.8888888888889,404.922235311968,620.9955555555557,167.25413075344488
2025-03-22 08:00:00,2025-03-22,9,1169.8021108179419,1152.4244444444446,536.1111111111111,624.626678330252,1152.4244444444446,-17.377666373497277
2025-03-22 09:00:00,2025-03-22,10,1779.5171503957783,1612.2,750.0,795.625880780035,1612.2,-167.3171503957783
2025-03-22 10:00:00,2025-03-22,11,2169.4511873350925,1946.5822222222223,905.5555555555555,904.0862793230291,1946.5822222222223,-222.86896511287023
2025-03-22 11:00:00,2025-03-22,12,2353.78364116095,2137.657777777778,994.4444444444445,941.9026940226818,2137.657777777778,-216.12586338317215
2025-03-22 12:00:00,2025-03-22,13,2375.052770448549,2131.6866666666665,991.6666666666666,906.3215458647798,2131.6866666666665,-243.36610378188243
2025-03-22 13:00:00,2025-03-22,14,2176.5408970976255,1940.6111111111113,902.7777777777778,799.9528870596971,1940.6111111111113,-235.92978598651416
2025-03-22 14:00:00,2025-03-22,15,1751.1583113456466,1606.2288888888888,747.2222222222222,630.7557182182067,1606.2288888888888,-144.92942245675772
2025-03-22 15:00:00,2025-03-22,16,1176.891820580475,1063.7394796647043,494.8546146560775,412.37884554673127,1063.7394796647043,-113.15234091577076
2025-03-22 16:00:00,2025-03-22,17,524.6385224274406,434.51637058371415,202.13824459607096,168.44853716339247,434.51637058371415,-90.1221518437265
2025-03-22 17:00:00,2025-03-22,18,70.89709762532982,1.185551980175988,0.5515221344324469,0.4596017786937058,1.185551980175988,-69.71154564515383
2025-03-22 18:00:00,2025-03-22,19,0.0,0.0,0.0,0.0,0.0,0.0
2025-03-22 19:00:00,2025-03-22,20,0.0,0.0,0.0,0.0,0.0,0.0
2025-03-22 20:00:00,2025-03-22,21,0.0,0.0,0.0,0.0,0.0,0.0
2025-03-22 21:00:00,2025-03-22,22,0.0,0.0,0.0,0.0,0.0,0.0
2025-03-22 22:00:00,2025-03-22,23,0.0,0.0,0.0,0.0,0.0,0.0
2025-03-22 23:00:00,2025-03-22,24,0.0,0.0,0.0,0.0,0.0,0.0
2025-03-23 00:00:00,2025-03-23,1,0.0,0.0,0.0,0.0,0.0,0.0
2025-03-23 01:00:00,2025-03-23,2,0.0,0.0,0.0,0.0,0.0,0.0
2025-03-23 02:00:00,2025-03-23,3,0.0,0.0,0.0,0.0,0.0,0.0
2025-03-23 03:00:00,2025-03-23,4,0.0,0.0,0.0,0.0,0.0,0.0
2025-03-23 04:00:00,2025-03-23,5,0.0,0.0,0.0,0.0,0.0,0.0
2025-03-23 05:00:00,2025-03-23,6,0.0,0.0,0.0,0.2851569899461683,0.0,0.0
2025-03-23 06:00:00,2025-03-23,7,85.07651715039577,143.3066666666667,66.66666666666667,164.96103167397735,143.3066666666667,58.23014951627093
2025-03-23 07:00:00,2025-03-23,8,439.5620052770449,549.3422222222223,255.55555555555554,408.8383903900726,549.3422222222223,109.78021694517741
2025-03-23 08:00:00,2025-03-23,9,1113.084432717678,1050.9155555555556,488.8888888888889,628.2287959658082,1050.9155555555556,-62.1688771621225
2025-03-23 09:00:00,2025-03-23,10,1694.4406332453825,1552.4888888888888,722.2222222222222,798.8342726114272,1552.4888888888888,-141.9517443564937
2025-03-23 10:00:00,2025-03-23,11,2070.195250659631,1904.7844444444445,886.1111111111111,906.8834128112177,1904.7844444444445,-165.4108062151863
2025-03-23 11:00:00,2025-03-23,12,2247.4379947229554,1928.6688888888891,897.2222222222222,944.3081198724553,1928.6688888888891,-318.7691058340663
2025-03-23 12:00:00,2025-03-23,13,2247.4379947229554,1958.5244444444445,911.1111111111111,908.3847696529015,1958.5244444444445,-288.9135502785109
2025-03-23 13:00:00,2025-03-23,14,2056.015831134565,1874.928888888889,872.2222222222222,801.7479337684289,1874.928888888889,-181.0869422456758
2025-03-23 14:00:00,2025-03-23,15,1687.3509234828496,1540.5466666666669,716.6666666666666,632.374207870622,1540.5466666666669,-146.80425681618271
2025-03-23 15:00:00,2025-03-23,16,1113.084432717678,1067.704803528608,496.69929453321913,413.9160787776826,1067.704803528608,-45.3796291890701
2025-03-23 16:00:00,2025-03-23,17,503.3693931398417,438.33239979625154,203.91347217912704,169.92789348260587,438.33239979625154,-65.03699334359015
2025-03-23 17:00:00,2025-03-23,18,77.9868073878628,1.4325930356099512,0.6664463321594488,0.5553719434662073,1.4325930356099512,-76.55421435225284
2025-03-23 18:00:00,2025-03-23,19,0.0,0.0,0.0,0.0,0.0,0.0
2025-03-23 19:00:00,2025-03-23,20,0.0,0.0,0.0,0.0,0.0,0.0
2025-03-23 20:00:00,2025-03-23,21,0.0,0.0,0.0,0.0,0.0,0.0
2025-03-23 21:00:00,2025-03-23,22,0.0,0.0,0.0,0.0,0.0,0.0
2025-03-23 22:00:00,2025-03-23,23,0.0,0.0,0.0,0.0,0.0,0.0
2025-03-23 23:00:00,2025-03-23,24,0.0,0.0,0.0,0.0,0.0,0.0
2025-03-24 00:00:00,2025-03-24,1,0.0,0.0,0.0,0.0,0.0,0.0
2025-03-24 01:00:00,2025-03-24,2,0.0,0.0,0.0,0.0,0.0,0.0
2025-03-24 02:00:00,2025-03-24,3,0.0,0.0,0.0,0.0,0.0,0.0
2025-03-24 03:00:00,2025-03-24,4,0.0,0.0,0.0,0.0,0.0,0.0
2025-03-24 04:00:00,2025-03-24,5,0.0,0.0,0.0,0.0,0.0,0.0
2025-03-24 05:00:00,2025-03-24,6,0.0,0.0,0.0,0.47582297956266434,0.0,0.0
2025-03-24 06:00:00,2025-03-24,7,85.07651715039577,137.33555555555557,63.888888888888886,168.8448338830025,137.33555555555557,52.2590384051598
2025-03-24 07:00:00,2025-03-24,8,425.3825857519789,543.3711111111111,252.77777777777777,412.7240963022767,543.3711111111111,117.98852535913215
2025-03-24 08:00:00,2025-03-24,9,1020.9182058047494,1033.0022222222224,480.55555555555554,631.7872313839365,1033.0022222222224,12.08401641747298
2025-03-24 09:00:00,2025-03-24,10,1581.005277044855,1445.0088888888886,672.2222222222222,801.9894074336748,1445.0088888888886,-135.99638815596632
2025-03-24 10:00:00,2025-03-24,11,1928.401055408971,1755.5066666666667,816.6666666666666,909.6211483098346,1755.5066666666667,-172.89438874230427
2025-03-24 11:00:00,2025-03-24,12,2098.5540897097626,1898.8133333333337,883.3333333333334,946.6516938824072,1898.8133333333337,-199.74075637642886
2025-03-24 12:00:00,2025-03-24,13,2155.2717678100266,1922.697777777778,894.4444444444445,910.3875018159532,1922.697777777778,-232.57399003224873
2025-03-24 13:00:00,2025-03-24,14,1992.208443271768,1803.275555555556,838.8888888888889,803.4875663224337,1803.275555555556,-188.932887716212
2025-03-24 14:00:00,2025-03-24,15,1581.005277044855,1498.7488888888886,697.2222222222222,633.9457737996876,1498.7488888888886,-82.2563881559663
2025-03-24 15:00:00,2025-03-24,16,999.6490765171504,1044.9444444444446,486.1111111111111,415.4179155559006,1044.9444444444446,45.29536792729414
2025-03-24 16:00:00,2025-03-24,17,460.83113456464383,442.0971463243359,205.66484291232595,171.38736909360497,442.0971463243359,-18.73398824030795
2025-03-24 17:00:00,2025-03-24,18,85.07651715039577,1.7108369094341171,0.7958861692566604,0.6632384743805504,1.7108369094341171,-83.36568024096165
2025-03-24 18:00:00,2025-03-24,19,0.0,0.0,0.0,0.0,0.0,0.0
2025-03-24 19:00:00,2025-03-24,20,0.0,0.0,0.0,0.0,0.0,0.0
2025-03-24 20:00:00,2025-03-24,21,0.0,0.0,0.0,0.0,0.0,0.0
2025-03-24 21:00:00,2025-03-24,22,0.0,0.0,0.0,0.0,0.0,0.0
2025-03-24 22:00:00,2025-03-24,23,0.0,0.0,0.0,0.0,0.0,0.0
2025-03-24 23:00:00,2025-03-24,24,0.0,0.0,0.0,0.0,0.0,0.0
2025-03-25 00:00:00,2025-03-25,1,0.0,0.0,0.0,0.0,0.0,0.0
2025-03-25 01:00:00,2025-03-25,2,0.0,0.0,0.0,0.0,0.0,0.0
2025-03-25 02:00:00,2025-03-25,3,0.0,0.0,0.0,0.0,0.0,0.0
2025-03-25 03:00:00,2025-03-25,4,0.0,0.0,0.0,0.0,0.0,0.0
2025-03-25 04:00:00,2025-03-25,5,0.0,0.0,0.0,0.0,0.0,0.0
2025-03-25 05:00:00,2025-03-25,6,0.0,0.0,0.0,0.7387598913328657,0.0,0.0
2025-03-25 06:00:00,2025-03-25,7,92.16622691292876,143.3066666666667,66.66666666666667,172.72030639111733,143.3066666666667,51.14043975373794
2025-03-25 07:00:00,2025-03-25,8,425.3825857519789,555.3133333333333,258.3333333333333,416.57697640222483,555.3133333333333,129.93074758135435
2025-03-25 08:00:00,2025-03-25,9,1028.0079155672825,1044.9444444444446,486.1111111111111,635.3000030901468,1044.9444444444446,16.936528877162118
2025-03-25 09:00:00,2025-03-25,10,1595.1846965699208,1480.8355555555559,688.8888888888889,805.0897533026321,1480.8355555555559,-114.34914101436493
2025-03-25 10:00:00,2025-03-25,11,1956.759894459103,1791.3333333333335,833.3333333333334,912.2984353470811,1791.3333333333335,-165.42656112576947
2025-03-25 11:00:00,2025-03-25,12,2134.0026385224273,1910.755555555556,888.8888888888889,948.9328441442692,1910.755555555556,-223.2470829668714
2025-03-25 12:00:00,2025-03-25,13,2126.9129287598944,1910.755555555556,888.8888888888889,912.3296116263496,1910.755555555556,-216.15737320433846
2025-03-25 13:00:00,2025-03-25,14,1985.118733509235,1815.217777777778,844.4444444444445,805.1720256891343,1815.217777777778,-169.90095573145686
2025-03-25 14:00:00,2025-03-25,15,1566.825857519789,1468.8933333333337,683.3333333333334,635.4709304253578,1468.8933333333337,-97.93252418645534
2025-03-25 15:00:00,2025-03-25,16,794.0474934036939,1003.1466666666668,466.6666666666667,416.8850151066482,1003.1466666666668,209.09917326297284
2025-03-25 16:00:00,2025-03-25,17,418.2928759894459,445.8120900501702,207.39304524105418,172.82753770087848,445.8120900501702,27.519214060724266
2025-03-25 17:00:00,2025-03-25,18,85.07651715039577,2.021990998362582,0.9406359315047366,0.7838632762539471,2.021990998362582,-83.05452615203319
2025-03-25 18:00:00,2025-03-25,19,0.0,0.0,0.0,0.0,0.0,0.0
2025-03-25 19:00:00,2025-03-25,20,0.0,0.0,0.0,0.0,0.0,0.0
2025-03-25 20:00:00,2025-03-25,21,0.0,0.0,0.0,0.0,0.0,0.0
2025-03-25 21:00:00,2025-03-25,22,0.0,0.0,0.0,0.0,0.0,0.0
2025-03-25 22:00:00,2025-03-25,23,0.0,0.0,0.0,0.0,0.0,0.0
2025-03-25 23:00:00,2025-03-25,24,0.0,0.0,0.0,0.0,0.0,0.0
2025-03-26 00:00:00,2025-03-26,1,0.0,0.0,0.0,0.0,0.0,0.0
2025-03-26 01:00:00,2025-03-26,2,0.0,0.0,0.0,0.0,0.0,0.0
2025-03-26 02:00:00,2025-03-26,3,0.0,0.0,0.0,0.0,0.0,0.0
2025-03-26 03:00:00,2025-03-26,4,0.0,0.0,0.0,0.0,0.0,0.0
2025-03-26 04:00:00,2025-03-26,5,0.0,0.0,0.0,0.0,0.0,0.0
2025-03-26 05:00:00,2025-03-26,6,0.0,0.0,0.0,1.086053739615573,0.0,0.0
2025-03-26 06:00:00,2025-03-26,7,120.52506596306068,185.10444444444448,86.11111111111111,176.5845209717392,185.10444444444448,64.5793784813838
2025-03-26 07:00:00,2025-03-26,8,389.934036939314,465.74666666666667,216.66666666666666,420.3947432323219,465.74666666666667,75.81262972735266
2025-03-26 08:00:00,2025-03-26,9,893.3034300791556,919.551111111111,427.77777777777777,638.7652224806906,919.551111111111,26.24768103195538
2025-03-26 09:00:00,2025-03-26,10,1573.915567282322,1468.8933333333337,683.3333333333334,808.1338662979572,1468.8933333333337,-105.02223394898829
2025-03-26 10:00:00,2025-03-26,11,1935.490765171504,1773.42,825.0,914.9142993012612,1773.42,-162.07076517150404
2025-03-26 11:00:00,2025-03-26,12,2098.5540897097626,1922.697777777778,894.4444444444445,951.1510564138993,1922.697777777778,-175.8563119319847
2025-03-26 12:00:00,2025-03-26,13,2112.7335092348285,1916.7266666666667,891.6666666666666,914.2110032042177,1916.7266666666667,-196.0068425681618
2025-03-26 13:00:00,2025-03-26,14,1942.580474934037,1749.5355555555557,813.8888888888889,806.8015619153323,1749.5355555555557,-193.04491937848138
2025-03-26 14:00:00,2025-03-26,15,1552.646437994723,1421.1244444444446,661.1111111111111,636.9501746862215,1421.1244444444446,-131.52199355027847
2025-03-26 15:00:00,2025-03-26,16,964.2005277044855,1003.1466666666668,466.6666666666667,418.31799454440363,1003.1466666666668,38.946138962181294
2025-03-26 16:00:00,2025-03-26,17,432.47229551451187,449.4785696249669,209.0987019096422,174.24891825803516,449.4785696249669,17.006274110455024
2025-03-26 17:00:00,2025-03-26,18,77.9868073878628,2.3676622141455446,1.1014431587949127,0.9178692989957606,2.3676622141455446,-75.61914517371726
2025-03-26 18:00:00,2025-03-26,19,0.0,0.0,0.0,0.0,0.0,0.0
2025-03-26 19:00:00,2025-03-26,20,0.0,0.0,0.0,0.0,0.0,0.0
2025-03-26 20:00:00,2025-03-26,21,0.0,0.0,0.0,0.0,0.0,0.0
2025-03-26 21:00:00,2025-03-26,22,0.0,0.0,0.0,0.0,0.0,0.0
2025-03-26 22:00:00,2025-03-26,23,0.0,0.0,0.0,0.0,0.0,0.0
2025-03-26 23:00:00,2025-03-26,24,0.0,0.0,0.0,0.0,0.0,0.0
2025-03-27 00:00:00,2025-03-27,1,0.0,0.0,0.0,0.0,0.0,0.0
2025-03-27 01:00:00,2025-03-27,2,0.0,0.0,0.0,0.0,0.0,0.0
2025-03-27 02:00:00,2025-03-27,3,0.0,0.0,0.0,0.0,0.0,0.0
2025-03-27 03:00:00,2025-03-27,4,0.0,0.0,0.0,0.0,0.0,0.0
2025-03-27 04:00:00,2025-03-27,5,0.0,0.0,0.0,0.0,0.0,0.0
2025-03-27 05:00:00,2025-03-27,6,0.0,0.0,0.0,1.5283652345157681,0.0,0.0
2025-03-27 06:00:00,2025-03-27,7,113.4353562005277,143.3066666666667,66.66666666666667,180.43464314132268,143.3066666666667,29.871310466138993
2025-03-27 07:00:00,2025-03-27,8,503.3693931398417,495.6022222222223,230.55555555555554,424.1752089193299,495.6022222222223,-7.76717091761941
2025-03-27 08:00:00,2025-03-27,9,942.9313984168865,841.9266666666667,391.6666666666667,642.1811033162372,841.9266666666667,-101.00473175021978
2025-03-27 09:00:00,2025-03-27,10,1304.5065963060686,1230.048888888889,572.2222222222222,811.1203987908574,1230.048888888889,-74.45770741717956
2025-03-27 10:00:00,2025-03-27,11,1970.9393139841688,1821.1888888888889,847.2222222222222,917.4678485574532,1821.1888888888889,-149.75042509527998
2025-03-27 11:00:00,2025-03-27,12,2304.155672823219,1976.437777777778,919.4444444444445,953.3058801822818,1976.437777777778,-327.7178950454411
2025-03-27 12:00:00,2025-03-27,13,2275.796833773087,1886.8711111111113,877.7777777777778,916.0316206713684,1886.8711111111113,-388.9257226619759
2025-03-27 13:00:00,2025-03-27,14,2006.3878627968338,1839.102222222222,855.5555555555555,808.3764386745978,1839.102222222222,-167.28564057461176
2025-03-27 14:00:00,2025-03-27,15,1609.364116094987,1510.6911111111112,702.7777777777778,638.3839901137234,1510.6911111111112,-98.67300498387567
2025-03-27 15:00:00,2025-03-27,16,900.3931398416887,1062.857777777778,494.44444444444446,419.7174328521064,1062.857777777778,162.46463793608928
2025-03-27 16:00:00,2025-03-27,17,368.66490765171505,453.09779078938396,210.7823738320543,175.6519781933786,453.09779078938396,84.43288313766891
2025-03-27 17:00:00,2025-03-27,18,42.53825857519789,2.7493456008131547,1.2790033498386466,1.0658361248655388,2.7493456008131547,-39.78891297438473
2025-03-27 18:00:00,2025-03-27,19,0.0,0.0,0.0,0.0,0.0,0.0
2025-03-27 19:00:00,2025-03-27,20,0.0,0.0,0.0,0.0,0.0,0.0
2025-03-27 20:00:00,2025-03-27,21,0.0,0.0,0.0,0.0,0.0,0.0
2025-03-27 21:00:00,2025-03-27,22,0.0,0.0,0.0,0.0,0.0,0.0
2025-03-27 22:00:00,2025-03-27,23,0.0,0.0,0.0,0.0,0.0,0.0
2025-03-27 23:00:00,2025-03-27,24,0.0,0.0,0.0,0.0,0.0,0.0
2025-03-28 00:00:00,2025-03-28,1,0.0,0.0,0.0,0.0,0.0,0.0
2025-03-28 01:00:00,2025-03-28,2,0.0,0.0,0.0,0.0,0.0,0.0
2025-03-28 02:00:00,2025-03-28,3,0.0,0.0,0.0,0.0,0.0,0.0
2025-03-28 03:00:00,2025-03-28,4,0.0,0.0,0.0,0.0,0.0,0.0
2025-03-28 04:00:00,2025-03-28,5,0.0,0.0,0.0,0.0,0.0,0.0
2025-03-28 05:00:00,2025-03-28,6,0.0,0.0,0.0,2.0744715575424753,0.0,0.0
2025-03-28 06:00:00,2025-03-28,7,0.0,11.942222222222222,5.555555555555555,184.2679407301668,11.942222222222222,11.942222222222222
2025-03-28 07:00:00,2025-03-28,8,35.44854881266491,47.76888888888889,22.22222222222222,427.9162926733764,47.76888888888889,12.320340076223978
2025-03-28 08:00:00,2025-03-28,9,106.34564643799473,95.53777777777778,44.44444444444444,645.5459686857548,95.53777777777778,-10.807868660216954
2025-03-28 09:00:00,2025-03-28,10,255.22955145118735,143.3066666666667,66.66666666666667,814.0481063623597,143.3066666666667,-111.92288478452065
2025-03-28 10:00:00,2025-03-28,11,283.5883905013193,179.13333333333333,83.33333333333333,919.9582815247388,179.13333333333333,-104.45505716798596
2025-03-28 11:00:00,2025-03-28,12,319.0369393139842,244.81555555555556,113.88888888888889,955.3969360736442,244.81555555555556,-74.22138375842863
2025-03-28 12:00:00,2025-03-28,13,524.6385224274406,710.5622222222223,330.55555555555554,917.7914561752564,710.5622222222223,185.92369979478167
2025-03-28 13:00:00,2025-03-28,14,269.40897097625333,453.8044444444445,211.11111111111111,809.8969420277605,453.8044444444445,184.3954734681912
2025-03-28 14:00:00,2025-03-28,15,205.60158311345646,328.41111111111115,152.77777777777777,639.7728565509166,328.41111111111115,122.8095279976547
2025-03-28 15:00:00,2025-03-28,16,212.69129287598946,232.87333333333333,108.33333333333333,421.0838812382356,232.87333333333333,20.182040457343874
2025-03-28 16:00:00,2025-03-28,17,127.61477572559367,143.3066666666667,66.66666666666667,177.03714340900677,143.3066666666667,15.691890941073027
2025-03-28 17:00:00,2025-03-28,18,7.089709762532982,3.168416281717412,1.473956215908733,1.2282968465906108,3.168416281717412,-3.9212934808155695
2025-03-28 18:00:00,2025-03-28,19,0.0,0.0,0.0,0.0,0.0,0.0
2025-03-28 19:00:00,2025-03-28,20,0.0,0.0,0.0,0.0,0.0,0.0
2025-03-28 20:00:00,2025-03-28,21,0.0,0.0,0.0,0.0,0.0,0.0
2025-03-28 21:00:00,2025-03-28,22,0.0,0.0,0.0,0.0,0.0,0.0
2025-03-28 22:00:00,2025-03-28,23,0.0,0.0,0.0,0.0,0.0,0.0
2025-03-28 23:00:00,2025-03-28,24,0.0,0.0,0.0,0.0,0.0,0.0
2025-03-29 00:00:00,2025-03-29,1,0.0,0.0,0.0,0.0,0.0,0.0
2025-03-29 01:00:00,2025-03-29,2,0.0,0.0,0.0,0.0,0.0,0.0
2025-03-29 02:00:00,2025-03-29,3,0.0,0.0,0.0,0.0,0.0,0.0
2025-03-29 03:00:00,2025-03-29,4,0.0,0.0,0.0,0.0,0.0,0.0
2025-03-29 04:00:00,2025-03-29,5,0.0,0.0,0.0,0.0,0.0,0.0
2025-03-29 05:00:00,2025-03-29,6,0.0,0.0,0.0,2.731010606568513,0.0,0.0
2025-03-29 06:00:00,2025-03-29,7,21.269129287598943,35.826666666666675,16.666666666666668,188.0817858129771,35.826666666666675,14.557537379067732
2025-03-29 07:00:00,2025-03-29,8,191.4221635883905,173.16222222222223,80.55555555555556,431.6160213891437,173.16222222222223,-18.259941366168277
2025-03-29 08:00:00,2025-03-29,9,255.22955145118735,262.7288888888889,122.22222222222223,648.8582518575058,262.7288888888889,7.499337437701541
2025-03-29 09:00:00,2025-03-29,10,226.8707124010554,203.01777777777778,94.44444444444444,816.9158494299868,203.01777777777778,-23.852934623277633
2025-03-29 10:00:00,2025-03-29,11,219.78100263852244,185.10444444444448,86.11111111111111,922.3848896888961,185.10444444444448,-34.676558194077955
2025-03-29 11:00:00,2025-03-29,12,269.40897097625333,256.7577777777778,119.44444444444444,957.42392071114,256.7577777777778,-12.65119319847554
2025-03-29 12:00:00,2025-03-29,13,290.67810026385223,280.6422222222222,130.55555555555554,919.490556813129,280.6422222222222,-10.035878041630042
2025-03-29 13:00:00,2025-03-29,14,283.5883905013193,250.7866666666667,116.66666666666667,811.363389567621,250.7866666666667,-32.80172383465259
2025-03-29 14:00:00,2025-03-29,15,304.85751978891824,280.6422222222222,130.55555555555554,641.1172612571862,280.6422222222222,-24.21529756669605
2025-03-29 15:00:00,2025-03-29,16,219.78100263852244,214.96,100.0,422.41787597925816,214.96,-4.82100263852243
2025-03-29 16:00:00,2025-03-29,17,56.71767810026385,59.71111111111112,27.77777777777778,178.40481089329143,59.71111111111112,2.9934330108472693
2025-03-29 17:00:00,2025-03-29,18,7.089709762532982,3.6261248388936256,1.6868835313051849,1.4057362760876542,3.6261248388936256,-3.463584923639356
2025-03-29 18:00:00,2025-03-29,19,0.0,0.0,0.0,0.0,0.0,0.0
2025-03-29 19:00:00,2025-03-29,20,0.0,0.0,0.0,0.0,0.0,0.0
2025-03-29 20:00:00,2025-03-29,21,0.0,0.0,0.0,0.0,0.0,0.0
2025-03-29 21:00:00,2025-03-29,22,0.0,0.0,0.0,0.0,0.0,0.0
2025-03-29 22:00:00,2025-03-29,23,0.0,0.0,0.0,0.0,0.0,0.0
2025-03-29 23:00:00,2025-03-29,24,0.0,0.0,0.0,0.0,0.0,0.0
2025-03-30 00:00:00,2025-03-30,1,0.0,0.0,0.0,0.0,0.0,0.0
2025-03-30 01:00:00,2025-03-30,2,0.0,0.0,0.0,0.0,0.0,0.0
2025-03-30 02:00:00,2025-03-30,3,0.0,0.0,0.0,0.0,0.0,0.0
2025-03-30 03:00:00,2025-03-30,4,0.0,0.0,0.0,0.0,0.0,0.0
2025-03-30 04:00:00,2025-03-30,5,0.0,0.0,0.0,0.0,0.0,0.0
2025-03-30 05:00:00,2025-03-30,6,0.0,0.0,0.0,3.5024069205111026,0.0,0.0
2025-03-30 06:00:00,2025-03-30,7,7.089709762532982,29.85555555555556,13.88888888888889,191.87364641273157,29.85555555555556,22.765845793022578
2025-03-30 07:00:00,2025-03-30,8,77.9868073878628,101.50888888888889,47.22222222222222,435.27252014989483,101.50888888888889,23.522081501026094
2025-03-30 08:00:00,2025-03-30,9,163.06332453825857,161.22,75.0,652.1164875552934,161.22,-1.843324538258571
2025-03-30 09:00:00,2025-03-30,10,184.33245382585753,137.33555555555557,63.888888888888886,819.7225866003781,137.33555555555557,-46.996898270301955
2025-03-30 10:00:00,2025-03-30,11,134.70448548812666,125.39333333333335,58.333333333333336,924.7470536835931,125.39333333333335,-9.31115215479332
2025-03-30 11:00:00,2025-03-30,12,141.79419525065964,149.2777777777778,69.44444444444444,959.3866060684618,149.2777777777778,7.483582527118159
2025-03-30 12:00:00,2025-03-30,13,248.13984168865437,238.8444444444445,111.11111111111111,921.1290275344167,238.8444444444445,-9.29539724420988
2025-03-30 13:00:00,2025-03-30,14,233.9604221635884,155.24888888888893,72.22222222222223,812.7761367591258,155.24888888888893,-78.71153327469946
2025-03-30 14:00:00,2025-03-30,15,134.70448548812666,149.2777777777778,69.44444444444444,642.4177084640129,149.2777777777778,14.573292289651135
2025-03-30 15:00:00,2025-03-30,16,113.4353562005277,125.39333333333335,58.333333333333336,423.7199501630197,125.39333333333335,11.957977132805638
2025-03-30 16:00:00,2025-03-30,17,21.269129287598943,41.797777777777775,19.444444444444443,179.7553609751879,41.797777777777775,20.52864849017883
2025-03-30 17:00:00,2025-03-30,18,0.0,4.123595642955906,1.9183083564178944,1.5985902970149122,4.123595642955906,4.123595642955906
2025-03-30 18:00:00,2025-03-30,19,0.0,0.0,0.0,0.0,0.0,0.0
2025-03-30 19:00:00,2025-03-30,20,0.0,0.0,0.0,0.0,0.0,0.0
2025-03-30 20:00:00,2025-03-30,21,0.0,0.0,0.0,0.0,0.0,0.0
2025-03-30 21:00:00,2025-03-30,22,0.0,0.0,0.0,0.0,0.0,0.0
2025-03-30 22:00:00,2025-03-30,23,0.0,0.0,0.0,0.0,0.0,0.0
2025-03-30 23:00:00,2025-03-30,24,0.0,0.0,0.0,0.0,0.0,0.0
2025-03-31 00:00:00,2025-03-31,1,0.0,0.0,0.0,0.0,0.0,0.0
2025-03-31 01:00:00,2025-03-31,2,0.0,0.0,0.0,0.0,0.0,0.0
2025-03-31 02:00:00,2025-03-31,3,0.0,0.0,0.0,0.0,0.0,0.0
2025-03-31 03:00:00,2025-03-31,4,0.0,0.0,0.0,0.0,0.0,0.0
2025-03-31 04:00:00,2025-03-31,5,0.0,0.0,0.0,0.0,0.0,0.0
2025-03-31 05:00:00,2025-03-31,6,0.0,0.0,0.0,4.390939647803274,0.0,0.0
2025-03-31 06:00:00,2025-03-31,7,7.089709762532982,23.884444444444444,11.11111111111111,195.64106799802659,23.884444444444444,16.794734681911464
2025-03-31 07:00:00,2025-03-31,8,49.62796833773087,65.68222222222222,30.555555555555557,438.8839925849978,65.68222222222222,16.054253884491352
2025-03-31 08:00:00,2025-03-31,9,85.07651715039577,95.53777777777778,44.44444444444444,655.3192942657915,95.53777777777778,10.461260627382003
2025-03-31 09:00:00,2025-03-31,10,106.34564643799473,95.53777777777778,44.44444444444444,822.4673601546299,95.53777777777778,-10.807868660216954
2025-03-31 10:00:00,2025-03-31,11,212.69129287598946,173.16222222222223,80.55555555555556,927.0442329953814,173.16222222222223,-39.529070653767235
2025-03-31 11:00:00,2025-03-31,12,77.9868073878628,77.62444444444446,36.111111111111114,961.2848338715206,77.62444444444446,-0.36236294341833286
2025-03-31 12:00:00,2025-03-31,13,106.34564643799473,107.48,50.0,922.7070303988223,107.48,1.1343535620052734
2025-03-31 13:00:00,2025-03-31,14,141.79419525065964,119.42222222222225,55.55555555555556,814.1355809155484,119.42222222222225,-22.371973028437395
2025-03-31 14:00:00,2025-03-31,15,85.07651715039577,71.65333333333335,33.333333333333336,643.6747273341447,71.65333333333335,-13.423183817062423
2025-03-31 15:00:00,2025-03-31,16,42.53825857519789,59.71111111111112,27.77777777777778,424.9906448515709,59.71111111111112,17.172852535913236
2025-03-31 16:00:00,2025-03-31,17,14.179419525065963,29.85555555555556,13.88888888888889,181.08916919067923,29.85555555555556,15.676136030489598
2025-03-31 17:00:00,2025-03-31,18,0.0,4.661828232113426,2.168695679248896,1.80724639937408,4.661828232113426,4.661828232113426
2025-03-31 18:00:00,2025-03-31,19,0.0,0.0,0.0,0.0,0.0,0.0
2025-03-31 19:00:00,2025-03-31,20,0.0,0.0,0.0,0.0,0.0,0.0
2025-03-31 20:00:00,2025-03-31,21,0.0,0.0,0.0,0.0,0.0,0.0
2025-03-31 21:00:00,2025-03-31,22,0.0,0.0,0.0,0.0,0.0,0.0
2025-03-31 22:00:00,2025-03-31,23,0.0,0.0,0.0,0.0,0.0,0.0
2025-03-31 23:00:00,2025-03-31,24,0.0,0.0,0.0,0.0,0.0,0.0
2025-04-01 00:00:00,2025-04-01,1,0.0,0.0,0.0,0.0,0.0,0.0
2025-04-01 01:00:00,2025-04-01,2,0.0,0.0,0.0,0.0,0.0,0.0
2025-04-01 02:00:00,2025-04-01,3,0.0,0.0,0.0,0.0,0.0,0.0
2025-04-01 03:00:00,2025-04-01,4,0.0,0.0,0.0,0.0,0.0,0.0
2025-04-01 04:00:00,2025-04-01,5,0.0,0.0,0.0,0.0,0.0,0.0
2025-04-01 05:00:00,2025-04-01,6,0.0,0.0,0.0,5.3969081104292735,0.0,0.0
2025-04-01 06:00:00,2025-04-01,7,0.0,11.942222222222222,5.555555555555555,199.38164862598188,11.942222222222222,11.942222222222222
2025-04-01 07:00:00,2025-04-01,8,0.0,29.85555555555556,13.88888888888889,442.44869603566684,29.85555555555556,29.85555555555556
2025-04-01 08:00:00,2025-04-01,9,56.71767810026385,83.59555555555555,38.888888888888886,658.4653521563744,83.59555555555555,26.877877455291696
2025-04-01 09:00:00,2025-04-01,10,141.79419525065964,113.45111111111113,52.77777777777778,825.1492784408023,113.45111111111113,-28.34308413954851
2025-04-01 10:00:00,2025-04-01,11,226.8707124010554,155.24888888888893,72.22222222222223,929.275953692371,155.24888888888893,-71.62182351216649
2025-04-01 11:00:00,2025-04-01,12,163.06332453825857,226.90222222222226,105.55555555555556,963.1185092479491,226.90222222222226,63.838897683963694
2025-04-01 12:00:00,2025-04-01,13,106.34564643799473,161.22,75.0,924.2247842223244,161.22,54.87435356200527
2025-04-01 13:00:00,2025-04-01,14,134.70448548812666,125.39333333333335,58.333333333333336,815.4421664050523,125.39333333333335,-9.31115215479332
2025-04-01 14:00:00,2025-04-01,15,77.9868073878628,101.50888888888889,47.22222222222222,644.8888820626681,101.50888888888889,23.522081501026094
2025-04-01 15:00:00,2025-04-01,16,35.44854881266491,77.62444444444446,36.111111111111114,426.2305225509713,77.62444444444446,42.175895631779554
2025-04-01 16:00:00,2025-04-01,17,63.80738786279684,59.71111111111112,27.77777777777778,182.4066208411334,59.71111111111112,-4.096276751685714
2025-04-01 17:00:00,2025-04-01,18,7.089709762532982,5.241702793625754,2.43845496540089,2.0320458045007417,5.241702793625754,-1.848006968907228
2025-04-01 18:00:00,2025-04-01,19,0.0,0.0,0.0,0.0,0.0,0.0
2025-04-01 19:00:00,2025-04-01,20,0.0,0.0,0.0,0.0,0.0,0.0
2025-04-01 20:00:00,2025-04-01,21,0.0,0.0,0.0,0.0,0.0,0.0
2025-04-01 21:00:00,2025-04-01,22,0.0,0.0,0.0,0.0,0.0,0.0
2025-04-01 22:00:00,2025-04-01,23,0.0,0.0,0.0,0.0,0.0,0.0
2025-04-01 23:00:00,2025-04-01,24,0.0,0.0,0.0,0.0,0.0,0.0
2025-04-02 00:00:00,2025-04-02,1,0.0,0.0,0.0,0.0,0.0,0.0
2025-04-02 01:00:00,2025-04-02,2,0.0,0.0,0.0,0.0,0.0,0.0
2025-04-02 02:00:00,2025-04-02,3,0.0,0.0,0.0,0.0,0.0,0.0
2025-04-02 03:00:00,2025-04-02,4,0.0,0.0,0.0,0.0,0.0,0.0
2025-04-02 04:00:00,2025-04-02,5,0.0,0.0,0.0,0.0,0.0,0.0
2025-04-02 05:00:00,2025-04-02,6,0.0,5.971111111111111,2.7777777777777777,6.518855189494231,5.971111111111111,5.971111111111111
2025-04-02 06:00:00,2025-04-02,7,56.71767810026385,71.65333333333335,33.333333333333336,203.09301517811957,71.65333333333335,14.935655233069497
2025-04-02 07:00:00,2025-04-02,8,233.9604221635884,214.96,100.0,445.9649184007815,214.96,-19.000422163588382
2025-04-02 08:00:00,2025-04-02,9,290.67810026385223,262.7288888888889,122.22222222222223,661.5533835411837,262.7288888888889,-27.94921137496334
2025-04-02 09:00:00,2025-04-02,10,425.3825857519789,382.1511111111111,177.77777777777777,827.7675013294802,382.1511111111111,-43.231474640867816
2025-04-02 10:00:00,2025-04-02,11,836.5857519788918,806.1,375.0,931.4417998714626,806.1,-30.485751978891813
2025-04-02 11:00:00,2025-04-02,12,1183.981530343008,1104.6555555555556,513.8888888888889,964.8875985582387,1104.6555555555556,-79.32597478745242
2025-04-02 12:00:00,2025-04-02,13,1276.1477572559368,1218.1066666666666,566.6666666666666,925.6825688065003,1218.1066666666666,-58.0410905892702
2025-04-02 13:00:00,2025-04-02,14,1148.532981530343,997.1755555555557,463.8888888888889,816.696394901853,997.1755555555557,-151.35742597478736
2025-04-02 14:00:00,2025-04-02,15,1091.8153034300792,1068.828888888889,497.22222222222223,646.0607871163531,1068.828888888889,-22.986414541190243
2025-04-02 15:00:00,2025-04-02,16,708.9709762532982,638.908888888889,297.22222222222223,427.4401862093542,638.908888888889,-70.0620873644092
2025-04-02 16:00:00,2025-04-02,17,375.754617414248,400.0644444444444,186.11111111111111,183.7081306715388,400.0644444444444,24.309827030196402
2025-04-02 17:00:00,2025-04-02,18,85.07651715039577,5.8639912986101885,2.7279453380211147,2.2732877816842625,5.8639912986101885,-79.21252585178559
2025-04-02 18:00:00,2025-04-02,19,0.0,0.0,0.0,0.0,0.0,0.0
2025-04-02 19:00:00,2025-04-02,20,0.0,0.0,0.0,0.0,0.0,0.0
2025-04-02 20:00:00,2025-04-02,21,0.0,0.0,0.0,0.0,0.0,0.0
2025-04-02 21:00:00,2025-04-02,22,0.0,0.0,0.0,0.0,0.0,0.0
2025-04-02 22:00:00,2025-04-02,23,0.0,0.0,0.0,0.0,0.0,0.0
2025-04-02 23:00:00,2025-04-02,24,0.0,0.0,0.0,0.0,0.0,0.0
2025-04-03 00:00:00,2025-04-03,1,0.0,0.0,0.0,0.0,0.0,0.0
2025-04-03 01:00:00,2025-04-03,2,0.0,0.0,0.0,0.0,0.0,0.0
2025-04-03 02:00:00,2025-04-03,3,0.0,0.0,0.0,0.0,0.0,0.0
2025-04-03 03:00:00,2025-04-03,4,0.0,0.0,0.0,0.0,0.0,0.0
2025-04-03 04:00:00,2025-04-03,5,0.0,0.0,0.0,0.0,0.0,0.0
2025-04-03 05:00:00,2025-04-03,6,0.0,0.0,0.0,7.753817747509385,0.0,0.0
2025-04-03 06:00:00,2025-04-03,7,49.62796833773087,83.59555555555555,38.888888888888886,206.77280658145128,83.59555555555555,33.96758721782468
2025-04-03 07:00:00,2025-04-03,8,177.24274406332455,203.01777777777778,94.44444444444444,449.4309629466322,203.01777777777778,25.77503371445323
2025-04-03 08:00:00,2025-04-03,9,460.83113456464383,459.7755555555555,213.88888888888889,664.5821409427413,459.7755555555555,-1.0555790090883193
2025-04-03 09:00:00,2025-04-03,10,666.4327176781003,800.1288888888888,372.22222222222223,830.3212329574575,800.1288888888888,133.69617121078852
2025-04-03 10:00:00,2025-04-03,11,694.7915567282322,907.608888888889,422.22222222222223,933.5414118225023,907.608888888889,212.81733216065686
2025-04-03 11:00:00,2025-04-03,12,1630.6332453825858,1880.8999999999999,875.0,966.5921334463611,1880.8999999999999,250.2667546174141
2025-04-03 12:00:00,2025-04-03,13,1077.6358839050133,1540.5466666666669,716.6666666666666,927.0807348438028,1540.5466666666669,462.91078276165354
2025-04-03 13:00:00,2025-04-03,14,1098.9050131926122,1021.0600000000001,475.0,817.8988406608507,1021.0600000000001,-77.8450131926121
2025-04-03 14:00:00,2025-04-03,15,517.5488126649077,447.83333333333337,208.33333333333334,647.1911271940628,447.83333333333337,-69.71547933157433
2025-04-03 15:00:00,2025-04-03,16,439.5620052770449,591.14,275.0,428.62030238598146,591.14,151.5779947229551
2025-04-03 16:00:00,2025-04-03,17,375.754617414248,477.19615264451915,221.99299992766984,184.99416660639153,477.19615264451915,101.44153523027114
2025-04-03 17:00:00,2025-04-03,18,113.4353562005277,6.529374684473471,3.037483571117171,2.531236309264309,6.529374684473471,-106.90598151605424
2025-04-03 18:00:00,2025-04-03,19,0.0,0.0,0.0,0.0,0.0,0.0
2025-04-03 19:00:00,2025-04-03,20,0.0,0.0,0.0,0.0,0.0,0.0
2025-04-03 20:00:00,2025-04-03,21,0.0,0.0,0.0,0.0,0.0,0.0
2025-04-03 21:00:00,2025-04-03,22,0.0,0.0,0.0,0.0,0.0,0.0
2025-04-03 22:00:00,2025-04-03,23,0.0,0.0,0.0,0.0,0.0,0.0
2025-04-03 23:00:00,2025-04-03,24,0.0,0.0,0.0,0.0,0.0,0.0
2025-04-04 00:00:00,2025-04-04,1,0.0,0.0,0.0,0.0,0.0,0.0
2025-04-04 01:00:00,2025-04-04,2,0.0,0.0,0.0,0.0,0.0,0.0
2025-04-04 02:00:00,2025-04-04,3,0.0,0.0,0.0,0.0,0.0,0.0
2025-04-04 03:00:00,2025-04-04,4,0.0,0.0,0.0,0.0,0.0,0.0
2025-04-04 04:00:00,2025-04-04,5,0.0,0.0,0.0,0.0,0.0,0.0
2025-04-04 05:00:00,2025-04-04,6,0.0,5.971111111111111,2.7777777777777777,9.097582158673298,5.971111111111111,5.971111111111111
2025-04-04 06:00:00,2025-04-04,7,155.9736147757256,220.9311111111111,102.77777777777777,210.41866679362707,220.9311111111111,64.95749633538551
2025-04-04 07:00:00,2025-04-04,8,524.6385224274406,615.0244444444445,286.1111111111111,452.84514256899274,615.0244444444445,90.38592201700385
2025-04-04 08:00:00,2025-04-04,9,1127.2638522427442,1098.6844444444446,511.1111111111111,667.5504038231265,1098.6844444444446,-28.5794077982996
2025-04-04 09:00:00,2025-04-04,10,1474.6596306068602,1343.5,625.0,832.8097216759362,1343.5,-131.15963060686022
2025-04-04 10:00:00,2025-04-04,11,1708.6200527704486,1546.5177777777778,719.4444444444445,935.5744899033524,1546.5177777777778,-162.1022749926708
2025-04-04 11:00:00,2025-04-04,12,1843.3245382585753,1725.6511111111113,802.7777777777778,968.2322188864175,1725.6511111111113,-117.67342714746405
2025-04-04 12:00:00,2025-04-04,13,2304.155672823219,2036.1488888888891,947.2222222222222,928.4197161734347,2036.1488888888891,-268.00678393432986
2025-04-04 13:00:00,2025-04-04,14,2134.0026385224273,1880.8999999999999,875.0,819.0501667748235,1880.8999999999999,-253.10263852242747
2025-04-04 14:00:00,2025-04-04,15,1694.4406332453825,1546.5177777777778,719.4444444444445,648.2806767666757,1546.5177777777778,-147.92285546760468
2025-04-04 15:00:00,2025-04-04,16,708.9709762532982,758.3311111111111,352.77777777777777,429.7716232154503,758.3311111111111,49.36013485781291
2025-04-04 16:00:00,2025-04-04,17,340.3060686015831,382.1511111111111,177.77777777777777,186.26527173856104,382.1511111111111,41.845042509528014
2025-04-04 17:00:00,2025-04-04,18,92.16622691292876,7.2384643734278695,3.367354100031573,2.8061284166929776,7.2384643734278695,-84.92776253950089
2025-04-04 18:00:00,2025-04-04,19,0.0,0.0,0.0,0.0,0.0,0.0
2025-04-04 19:00:00,2025-04-04,20,0.0,0.0,0.0,0.0,0.0,0.0
2025-04-04 20:00:00,2025-04-04,21,0.0,0.0,0.0,0.0,0.0,0.0
2025-04-04 21:00:00,2025-04-04,22,0.0,0.0,0.0,0.0,0.0,0.0
2025-04-04 22:00:00,2025-04-04,23,0.0,0.0,0.0,0.0,0.0,0.0
2025-04-04 23:00:00,2025-04-04,24,0.0,0.0,0.0,0.0,0.0,0.0
2025-04-05 00:00:00,2025-04-05,1,0.0,0.0,0.0,0.0,0.0,0.0
2025-04-05 01:00:00,2025-04-05,2,0.0,0.0,0.0,0.0,0.0,0.0
2025-04-05 02:00:00,2025-04-05,3,0.0,0.0,0.0,0.0,0.0,0.0
2025-04-05 03:00:00,2025-04-05,4,0.0,0.0,0.0,0.0,0.0,0.0
2025-04-05 04:00:00,2025-04-05,5,0.0,0.0,0.0,0.0,0.0,0.0
2025-04-05 05:00:00,2025-04-05,6,0.0,0.0,0.0,10.5449302048832,0.0,0.0
2025-04-05 06:00:00,2025-04-05,7,28.358839050131927,35.826666666666675,16.666666666666668,214.02824586537676,35.826666666666675,7.467827616534748
2025-04-05 07:00:00,2025-04-05,8,120.52506596306068,107.48,50.0,456.2057817261805,107.48,-13.04506596306068
2025-04-05 08:00:00,2025-04-05,9,106.34564643799473,101.50888888888889,47.22222222222222,670.4569812404962,101.50888888888889,-4.83675754910584
2025-04-05 09:00:00,2025-04-05,10,226.8707124010554,203.01777777777778,94.44444444444444,835.2322640733296,203.01777777777778,-23.852934623277633
2025-04-05 10:00:00,2025-04-05,11,191.4221635883905,191.07555555555555,88.88888888888889,937.5408001299612,191.07555555555555,-0.34660803283495056
2025-04-05 11:00:00,2025-04-05,12,184.33245382585753,197.0466666666667,91.66666666666667,969.8080406019377,197.0466666666667,12.714212840809182
2025-04-05 12:00:00,2025-04-05,13,269.40897097625333,238.8444444444445,111.11111111111111,929.7000390739073,238.8444444444445,-30.564526531808838
2025-04-05 13:00:00,2025-04-05,14,233.9604221635884,191.07555555555555,88.88888888888889,820.1511361825347,191.07555555555555,-42.88486660803284
2025-04-05 14:00:00,2025-04-05,15,134.70448548812666,107.48,50.0,649.330312710009,107.48,-27.22448548812666
2025-04-05 15:00:00,2025-04-05,16,70.89709762532982,71.65333333333335,33.333333333333336,430.8950001198238,71.65333333333335,0.7562357080035298
2025-04-05 16:00:00,2025-04-05,17,42.53825857519789,47.76888888888889,22.22222222222222,187.52207818168264,47.76888888888889,5.230630313691002
2025-04-05 17:00:00,2025-04-05,18,7.089709762532982,7.991824331037998,3.7178192831401176,3.098182735950098,7.991824331037998,0.9021145685050165
2025-04-05 18:00:00,2025-04-05,19,0.0,0.0,0.0,0.0,0.0,0.0
2025-04-05 19:00:00,2025-04-05,20,0.0,0.0,0.0,0.0,0.0,0.0
2025-04-05 20:00:00,2025-04-05,21,0.0,0.0,0.0,0.0,0.0,0.0
2025-04-05 21:00:00,2025-04-05,22,0.0,0.0,0.0,0.0,0.0,0.0
2025-04-05 22:00:00,2025-04-05,23,0.0,0.0,0.0,0.0,0.0,0.0
2025-04-05 23:00:00,2025-04-05,24,0.0,0.0,0.0,0.0,0.0,0.0
2025-04-06 00:00:00,2025-04-06,1,0.0,0.0,0.0,0.0,0.0,0.0
2025-04-06 01:00:00,2025-04-06,2,0.0,0.0,0.0,0.0,0.0,0.0
2025-04-06 02:00:00,2025-04-06,3,0.0,0.0,0.0,0.0,0.0,0.0
2025-04-06 03:00:00,2025-04-06,4,0.0,0.0,0.0,0.0,0.0,0.0
2025-04-06 04:00:00,2025-04-06,5,0.0,0.0,0.0,0.0,0.0,0.0
2025-04-06 05:00:00,2025-04-06,6,0.0,0.0,0.0,12.089865675377823,0.0,0.0
2025-04-06 06:00:00,2025-04-06,7,7.089709762532982,23.884444444444444,11.11111111111111,217.5992059810079,23.884444444444444,16.794734681911464
2025-04-06 07:00:00,2025-04-06,8,49.62796833773087,65.68222222222222,30.555555555555557,459.5112224114061,65.68222222222222,16.054253884491352
2025-04-06 08:00:00,2025-04-06,9,148.88390501319262,143.3066666666667,66.66666666666667,673.3007171885611,143.3066666666667,-5.577238346525917
2025-04-06 09:00:00,2025-04-06,10,212.69129287598946,197.0466666666667,91.66666666666667,837.5882094487521,197.0466666666667,-15.644626209322752
2025-04-06 10:00:00,2025-04-06,11,389.934036939314,286.6133333333334,133.33333333333334,939.4401779694816,286.6133333333334,-103.32070360598061
2025-04-06 11:00:00,2025-04-06,12,233.9604221635884,203.01777777777778,94.44444444444444,971.3198681578812,203.01777777777778,-30.94264438581061
2025-04-06 12:00:00,2025-04-06,13,269.40897097625333,244.81555555555556,113.88888888888889,930.9223247237264,244.81555555555556,-24.593415420697767
2025-04-06 13:00:00,2025-04-06,14,255.22955145118735,203.01777777777778,94.44444444444444,821.2026136751801,203.01777777777778,-52.21177367340957
2025-04-06 14:00:00,2025-04-06,15,262.3192612137203,280.6422222222222,130.55555555555554,650.3410158573021,280.6422222222222,18.322961008501863
2025-04-06 15:00:00,2025-04-06,16,503.3693931398417,620.9955555555557,288.8888888888889,431.9913852409129,620.9955555555557,117.62616241571402
2025-04-06 16:00:00,2025-04-06,17,340.3060686015831,441.8622222222222,205.55555555555554,188.76530845014426,441.8622222222222,101.55615362063912
2025-04-06 17:00:00,2025-04-06,18,85.07651715039577,8.78998994494169,4.089128184286234,3.407606820238528,8.78998994494169,-76.28652720545408
2025-04-06 18:00:00,2025-04-06,19,0.0,0.0,0.0,0.0,0.0,0.0
2025-04-06 19:00:00,2025-04-06,20,0.0,0.0,0.0,0.0,0.0,0.0
2025-04-06 20:00:00,2025-04-06,21,0.0,0.0,0.0,0.0,0.0,0.0
2025-04-06 21:00:00,2025-04-06,22,0.0,0.0,0.0,0.0,0.0,0.0
2025-04-06 22:00:00,2025-04-06,23,0.0,0.0,0.0,0.0,0.0,0.0
2025-04-06 23:00:00,2025-04-06,24,0.0,0.0,0.0,0.0,0.0,0.0
2025-04-07 00:00:00,2025-04-07,1,0.0,0.0,0.0,0.0,0.0,0.0
2025-04-07 01:00:00,2025-04-07,2,0.0,0.0,0.0,0.0,0.0,0.0
2025-04-07 02:00:00,2025-04-07,3,0.0,0.0,0.0,0.0,0.0,0.0
2025-04-07 03:00:00,2025-04-07,4,0.0,0.0,0.0,0.0,0.0,0.0
2025-04-07 04:00:00,2025-04-07,5,0.0,0.0,0.0,0.0,0.0,0.0
2025-04-07 05:00:00,2025-04-07,6,0.0,5.971111111111111,2.7777777777777777,13.725816519448244,5.971111111111111,5.971111111111111
2025-04-07 06:00:00,2025-04-07,7,148.88390501319262,220.9311111111111,102.77777777777777,221.1292298529769,220.9311111111111,72.04720609791849
2025-04-07 07:00:00,2025-04-07,8,545.9076517150396,674.7355555555556,313.8888888888889,462.75983189548975,674.7355555555556,128.827903840516
2025-04-07 08:00:00,2025-04-07,9,829.4960422163589,1050.9155555555556,488.8888888888889,676.0804962950725,1050.9155555555556,221.41951333919667
2025-04-07 09:00:00,2025-04-07,10,1077.6358839050133,1206.1644444444444,561.1111111111111,839.876963255219,1206.1644444444444,128.52856053943106
2025-04-07 10:00:00,2025-04-07,11,1063.4564643799472,1230.048888888889,572.2222222222222,941.2725290737944,1230.048888888889,166.5924245089418
2025-04-07 11:00:00,2025-04-07,12,921.6622691292877,722.5044444444443,336.1111111111111,972.7680529530551,722.5044444444443,-199.15782468484338
2025-04-07 12:00:00,2025-04-07,13,666.4327176781003,656.8222222222223,305.55555555555554,932.0872845460351,656.8222222222223,-9.610495455877981
2025-04-07 13:00:00,2025-04-07,14,1105.994722955145,1277.817777777778,594.4444444444445,822.2055587813682,1277.817777777778,171.8230548226329
2025-04-07 14:00:00,2025-04-07,15,999.6490765171504,907.608888888889,422.22222222222223,651.3138620096566,907.608888888889,-92.04018762826138
2025-04-07 15:00:00,2025-04-07,16,673.5224274406332,495.6022222222223,230.55555555555554,433.0618210930493,495.6022222222223,-177.92020521841096
2025-04-07 16:00:00,2025-04-07,17,155.9736147757256,125.39333333333335,58.333333333333336,189.9957654101654,125.39333333333335,-30.58028144239225
2025-04-07 17:00:00,2025-04-07,18,7.089709762532982,9.633481198357217,4.4815227011338,3.7346022509448336,9.633481198357217,2.543771435824235
2025-04-07 18:00:00,2025-04-07,19,0.0,0.0,0.0,0.0,0.0,0.0
2025-04-07 19:00:00,2025-04-07,20,0.0,0.0,0.0,0.0,0.0,0.0
2025-04-07 20:00:00,2025-04-07,21,0.0,0.0,0.0,0.0,0.0,0.0
2025-04-07 21:00:00,2025-04-07,22,0.0,0.0,0.0,0.0,0.0,0.0
2025-04-07 22:00:00,2025-04-07,23,0.0,0.0,0.0,0.0,0.0,0.0
2025-04-07 23:00:00,2025-04-07,24,0.0,0.0,0.0,0.0,0.0,0.0
2025-04-08 00:00:00,2025-04-08,1,0.0,0.0,0.0,0.0,0.0,0.0
2025-04-08 01:00:00,2025-04-08,2,0.0,0.0,0.0,0.0,0.0,0.0
2025-04-08 02:00:00,2025-04-08,3,0.0,0.0,0.0,0.0,0.0,0.0
2025-04-08 03:00:00,2025-04-08,4,0.0,0.0,0.0,0.0,0.0,0.0
2025-04-08 04:00:00,2025-04-08,5,0.0,0.0,0.0,0.0,0.0,0.0
2025-04-08 05:00:00,2025-04-08,6,0.0,0.0,0.0,15.445810595455265,0.0,0.0
2025-04-08 06:00:00,2025-04-08,7,56.71767810026385,77.62444444444446,36.111111111111114,224.61603056368727,77.62444444444446,20.90676634418061
2025-04-08 07:00:00,2025-04-08,8,347.3957783641161,358.26666666666665,166.66666666666666,465.9500113860374,358.26666666666665,10.870888302550554
2025-04-08 08:00:00,2025-04-08,9,609.7150395778365,579.1977777777779,269.44444444444446,678.7952498814442,579.1977777777779,-30.517261800058577
2025-04-08 09:00:00,2025-04-08,10,1261.9683377308706,1170.3377777777778,544.4444444444445,842.0979895957241,1170.3377777777778,-91.63055995309287
2025-04-08 10:00:00,2025-04-08,11,1708.6200527704486,1379.3266666666668,641.6666666666666,943.0378279427603,1379.3266666666668,-329.2933861037818
2025-04-08 11:00:00,2025-04-08,12,1651.9023746701848,1361.4133333333334,633.3333333333334,974.1530227912465,1361.4133333333334,-290.4890413368514
2025-04-08 12:00:00,2025-04-08,13,1389.5831134564644,1158.3955555555558,538.8888888888889,933.1957107476974,1158.3955555555558,-231.1875579009086
2025-04-08 13:00:00,2025-04-08,14,1425.0316622691294,1295.7311111111112,602.7777777777778,823.1610127245839,1295.7311111111112,-129.30055115801815
2025-04-08 14:00:00,2025-04-08,15,1219.430079155673,1295.7311111111112,602.7777777777778,652.2500058793896,1295.7311111111112,76.30103195543825
2025-04-08 15:00:00,2025-04-08,16,921.6622691292877,991.2044444444446,461.1111111111111,434.10742271052897,991.2044444444446,69.5421753151569
2025-04-08 16:00:00,2025-04-08,17,368.66490765171505,423.9488888888889,197.22222222222223,191.2143145667842,423.9488888888889,55.28398123717386
2025-04-08 17:00:00,2025-04-08,18,127.61477572559367,10.522809985556098,4.895240968345784,4.079367473621487,10.522809985556098,-117.09196574003758
2025-04-08 18:00:00,2025-04-08,19,0.0,0.0,0.0,0.0,0.0,0.0
2025-04-08 19:00:00,2025-04-08,20,0.0,0.0,0.0,0.0,0.0,0.0
2025-04-08 20:00:00,2025-04-08,21,0.0,0.0,0.0,0.0,0.0,0.0
2025-04-08 21:00:00,2025-04-08,22,0.0,0.0,0.0,0.0,0.0,0.0
2025-04-08 22:00:00,2025-04-08,23,0.0,0.0,0.0,0.0,0.0,0.0
2025-04-08 23:00:00,2025-04-08,24,0.0,0.0,0.0,0.0,0.0,0.0
2025-04-09 00:00:00,2025-04-09,1,0.0,0.0,0.0,0.0,0.0,0.0
2025-04-09 01:00:00,2025-04-09,2,0.0,0.0,0.0,0.0,0.0,0.0
2025-04-09 02:00:00,2025-04-09,3,0.0,0.0,0.0,0.0,0.0,0.0
2025-04-09 03:00:00,2025-04-09,4,0.0,0.0,0.0,0.0,0.0,0.0
2025-04-09 04:00:00,2025-04-09,5,0.0,0.0,0.0,0.0,0.0,0.0
2025-04-09 05:00:00,2025-04-09,6,7.089709762532982,11.942222222222222,5.555555555555555,17.24262559995273,11.942222222222222,4.85251245968924
2025-04-09 06:00:00,2025-04-09,7,177.24274406332455,191.07555555555555,88.88888888888889,228.05736223795495,191.07555555555555,13.832811492231002
2025-04-09 07:00:00,2025-04-09,8,475.0105540897098,435.8911111111112,202.77777777777777,469.0802055080011,435.8911111111112,-39.11944297859861
2025-04-09 08:00:00,2025-04-09,9,921.6622691292877,967.3199999999999,450.0,681.4439623005745,967.3199999999999,45.65773087071227
2025-04-09 09:00:00,2025-04-09,10,1297.4168865435356,1558.4599999999998,725.0,844.2508137529594,1558.4599999999998,261.0431134564642
2025-04-09 10:00:00,2025-04-09,11,1588.0949868073878,1080.7711111111112,502.77777777777777,944.7361159361785,1080.7711111111112,-507.3238756962767
2025-04-09 11:00:00,2025-04-09,12,1644.8126649076517,877.7533333333333,408.3333333333333,975.4752752154599,877.7533333333333,-767.0593315743183
2025-04-09 12:00:00,2025-04-09,13,1829.1451187335092,2018.2355555555557,938.8888888888889,934.2484651126618,2018.2355555555557,189.0904368220465
2025-04-09 13:00:00,2025-04-09,14,1354.1345646437994,1194.2222222222224,555.5555555555555,824.0700830459112,1194.2222222222224,-159.91234242157702
2025-04-09 14:00:00,2025-04-09,15,716.0606860158312,632.9377777777778,294.44444444444446,653.150662399418,632.9377777777778,-83.12290823805336
2025-04-09 15:00:00,2025-04-09,16,439.5620052770449,597.1111111111112,277.77777777777777,435.1293567044389,597.1111111111112,157.54910583406632
2025-04-09 16:00:00,2025-04-09,17,432.47229551451187,483.65999999999997,225.0,192.42186351033843,483.65999999999997,51.1877044854881
2025-04-09 17:00:00,2025-04-09,18,113.4353562005277,11.45848241305854,5.330518428106875,4.442098690089063,11.45848241305854,-101.97687378746917
2025-04-09 18:00:00,2025-04-09,19,0.0,0.0,0.0,0.0,0.0,0.0
2025-04-09 19:00:00,2025-04-09,20,0.0,0.0,0.0,0.0,0.0,0.0
2025-04-09 20:00:00,2025-04-09,21,0.0,0.0,0.0,0.0,0.0,0.0
2025-04-09 21:00:00,2025-04-09,22,0.0,0.0,0.0,0.0,0.0,0.0
2025-04-09 22:00:00,2025-04-09,23,0.0,0.0,0.0,0.0,0.0,0.0
2025-04-09 23:00:00,2025-04-09,24,0.0,0.0,0.0,0.0,0.0,0.0
2025-04-10 00:00:00,2025-04-10,1,0.0,0.0,0.0,0.0,0.0,0.0
2025-04-10 01:00:00,2025-04-10,2,0.0,0.0,0.0,0.0,0.0,0.0
2025-04-10 02:00:00,2025-04-10,3,0.0,0.0,0.0,0.0,0.0,0.0
2025-04-10 03:00:00,2025-04-10,4,0.0,0.0,0.0,0.0,0.0,0.0
2025-04-10 04:00:00,2025-04-10,5,0.0,0.0,0.0,0.0,0.0,0.0
2025-04-10 05:00:00,2025-04-10,6,0.0,5.971111111111111,2.7777777777777777,19.108914605880422,5.971111111111111,5.971111111111111
2025-04-10 06:00:00,2025-04-10,7,14.179419525065963,35.826666666666675,16.666666666666668,231.45103088551699,35.826666666666675,21.64724714160071
2025-04-10 07:00:00,2025-04-10,8,127.61477572559367,125.39333333333335,58.333333333333336,472.1489116611709,125.39333333333335,-2.221442392260329
2025-04-10 08:00:00,2025-04-10,9,113.4353562005277,89.56666666666666,41.666666666666664,684.0256773458783,89.56666666666666,-23.868689533861044
2025-04-10 09:00:00,2025-04-10,10,85.07651715039577,65.68222222222222,30.555555555555557,846.3350246137419,65.68222222222222,-19.39429492817355
2025-04-10 10:00:00,2025-04-10,11,63.80738786279684,77.62444444444446,36.111111111111114,946.3674993195997,77.62444444444446,13.817056581647627
2025-04-10 11:00:00,2025-04-10,12,141.79419525065964,107.48,50.0,976.7353709108731,107.48,-34.31419525065964
2025-04-10 12:00:00,2025-04-10,13,184.33245382585753,232.87333333333333,108.33333333333333,935.2464678803796,232.87333333333333,48.54087950747581
2025-04-10 13:00:00,2025-04-10,14,177.24274406332455,173.16222222222223,80.55555555555556,824.9339284988866,173.16222222222223,-4.080521841102325
2025-04-10 14:00:00,2025-04-10,15,106.34564643799473,316.4688888888889,147.22222222222223,654.0170883530785,316.4688888888889,210.12324245089417
2025-04-10 15:00:00,2025-04-10,16,70.89709762532982,191.07555555555555,88.88888888888889,436.1288209614819,191.07555555555555,120.17845793022573
2025-04-10 16:00:00,2025-04-10,17,56.71767810026385,149.2777777777778,69.44444444444444,193.61934174441606,149.2777777777778,92.56009967751395
2025-04-10 17:00:00,2025-04-10,18,7.089709762532982,12.440997497276333,5.787587224263274,4.822989353552728,12.440997497276333,5.351287734743352
2025-04-10 18:00:00,2025-04-10,19,0.0,0.0,0.0,0.0,0.0,0.0
2025-04-10 19:00:00,2025-04-10,20,0.0,0.0,0.0,0.0,0.0,0.0
2025-04-10 20:00:00,2025-04-10,21,0.0,0.0,0.0,0.0,0.0,0.0
2025-04-10 21:00:00,2025-04-10,22,0.0,0.0,0.0,0.0,0.0,0.0
2025-04-10 22:00:00,2025-04-10,23,0.0,0.0,0.0,0.0,0.0,0.0
2025-04-10 23:00:00,2025-04-10,24,0.0,0.0,0.0,0.0,0.0,0.0
2025-04-11 00:00:00,2025-04-11,1,0.0,0.0,0.0,0.0,0.0,0.0
2025-04-11 01:00:00,2025-04-11,2,0.0,0.0,0.0,0.0,0.0,0.0
2025-04-11 02:00:00,2025-04-11,3,0.0,0.0,0.0,0.0,0.0,0.0
2025-04-11 03:00:00,2025-04-11,4,0.0,0.0,0.0,0.0,0.0,0.0
2025-04-11 04:00:00,2025-04-11,5,0.0,0.0,0.0,0.0,0.0,0.0
2025-04-11 05:00:00,2025-04-11,6,7.089709762532982,11.942222222222222,5.555555555555555,21.0373089675285,11.942222222222222,4.85251245968924
2025-04-11 06:00:00,2025-04-11,7,163.06332453825857,238.8444444444445,111.11111111111111,234.7949037563528,238.8444444444445,75.78111990618592
2025-04-11 07:00:00,2025-04-11,8,560.0870712401055,668.7644444444444,311.1111111111111,475.1546881108869,668.7644444444444,108.67737320433889
2025-04-11 08:00:00,2025-04-11,9,1162.712401055409,1152.4244444444446,536.1111111111111,686.5395035187437,1152.4244444444446,-10.28795661096433
2025-04-11 09:00:00,2025-04-11,10,1658.9920844327178,1564.4311111111112,727.7777777777778,848.3502765052942,1564.4311111111112,-94.56097332160653
2025-04-11 10:00:00,2025-04-11,11,2006.3878627968338,1862.9866666666667,866.6666666666666,947.9321471419331,1862.9866666666667,-143.40119613016714
2025-04-11 11:00:00,2025-04-11,12,2211.98944591029,1839.102222222222,855.5555555555555,977.933927548097,1839.102222222222,-372.88722368806816
2025-04-11 12:00:00,2025-04-11,13,2091.4643799472296,1701.7666666666669,791.6666666666666,936.1906877125762,1701.7666666666669,-389.69771328056277
2025-04-11 13:00:00,2025-04-11,14,1410.8522427440635,829.9844444444445,386.1111111111111,825.7537455024831,829.9844444444445,-580.8677982996189
2025-04-11 14:00:00,2025-04-11,15,836.5857519788918,412.0066666666667,191.66666666666666,654.8505661364621,412.0066666666667,-424.5790853122251
2025-04-11 15:00:00,2025-04-11,16,326.12664907651714,304.52666666666664,141.66666666666666,437.10702659216287,304.52666666666664,-21.599982409850497
2025-04-11 16:00:00,2025-04-11,17,134.70448548812666,107.48,50.0,194.80768298801848,107.48,-27.22448548812666
2025-04-11 17:00:00,2025-04-11,18,77.9868073878628,13.470843468418611,6.266674482889194,5.222228735740995,13.470843468418611,-64.51596391944419
2025-04-11 18:00:00,2025-04-11,19,0.0,0.0,0.0,0.0,0.0,0.0
2025-04-11 19:00:00,2025-04-11,20,0.0,0.0,0.0,0.0,0.0,0.0
2025-04-11 20:00:00,2025-04-11,21,0.0,0.0,0.0,0.0,0.0,0.0
2025-04-11 21:00:00,2025-04-11,22,0.0,0.0,0.0,0.0,0.0,0.0
2025-04-11 22:00:00,2025-04-11,23,0.0,0.0,0.0,0.0,0.0,0.0
2025-04-11 23:00:00,2025-04-11,24,0.0,0.0,0.0,0.0,0.0,0.0
2025-04-12 00:00:00,2025-04-12,1,0.0,0.0,0.0,0.0,0.0,0.0
2025-04-12 01:00:00,2025-04-12,2,0.0,0.0,0.0,0.0,0.0,0.0
2025-04-12 02:00:00,2025-04-12,3,0.0,0.0,0.0,0.0,0.0,0.0
2025-04-12 03:00:00,2025-04-12,4,0.0,0.0,0.0,0.0,0.0,0.0
2025-04-12 04:00:00,2025-04-12,5,0.0,0.0,0.0,0.0,0.0,0.0
2025-04-12 05:00:00,2025-04-12,6,0.0,11.942222222222222,5.555555555555555,23.020500482313867,11.942222222222222,11.942222222222222
2025-04-12 06:00:00,2025-04-12,7,134.70448548812666,155.24888888888893,72.22222222222223,238.08691599573376,155.24888888888893,20.544403400762263
2025-04-12 07:00:00,2025-04-12,8,475.0105540897098,465.74666666666667,216.66666666666666,478.09615947458957,465.74666666666667,-9.263887423043116
2025-04-12 08:00:00,2025-04-12,9,652.2532981530343,567.2555555555556,263.8888888888889,688.9846173025442,567.2555555555556,-84.99774259747869
2025-04-12 09:00:00,2025-04-12,10,581.3562005277045,513.5155555555556,238.88888888888889,850.2962897414653,513.5155555555556,-67.84064497214888
2025-04-12 10:00:00,2025-04-12,11,701.8812664907651,561.2844444444444,261.1111111111111,949.4302887930829,561.2844444444444,-140.59682204632077
2025-04-12 11:00:00,2025-04-12,12,723.1503957783641,710.5622222222223,330.55555555555554,979.07161422241,710.5622222222223,-12.588173556141783
2025-04-12 12:00:00,2025-04-12,13,538.8179419525067,501.5733333333334,233.33333333333334,937.0821331757985,501.5733333333334,-37.24460861917328
2025-04-12 13:00:00,2025-04-12,14,999.6490765171504,901.637777777778,419.44444444444446,826.5307571112924,901.637777777778,-98.01129873937248
2025-04-12 14:00:00,2025-04-12,15,971.2902374670185,752.3600000000001,350.0,655.6523906477116,752.3600000000001,-218.9302374670184
2025-04-12 15:00:00,2025-04-12,16,779.868073878628,597.1111111111112,277.77777777777777,438.0651837450739,597.1111111111112,-182.75696276751682
2025-04-12 16:00:00,2025-04-12,17,333.21635883905014,244.81555555555556,113.88888888888889,195.9878111203684,244.81555555555556,-88.40080328349458
2025-04-12 17:00:00,2025-04-12,18,56.71767810026385,14.548493077657463,6.768000129167036,5.640000107639197,14.548493077657463,-42.16918502260639
2025-04-12 18:00:00,2025-04-12,19,0.0,0.0,0.0,0.0,0.0,0.0
2025-04-12 19:00:00,2025-04-12,20,0.0,0.0,0.0,0.0,0.0,0.0
2025-04-12 20:00:00,2025-04-12,21,0.0,0.0,0.0,0.0,0.0,0.0
2025-04-12 21:00:00,2025-04-12,22,0.0,0.0,0.0,0.0,0.0,0.0
2025-04-12 22:00:00,2025-04-12,23,0.0,0.0,0.0,0.0,0.0,0.0
2025-04-12 23:00:00,2025-04-12,24,0.0,0.0,0.0,0.0,0.0,0.0
2025-04-13 00:00:00,2025-04-13,1,0.0,0.0,0.0,0.0,0.0,0.0
2025-04-13 01:00:00,2025-04-13,2,0.0,0.0,0.0,0.0,0.0,0.0
2025-04-13 02:00:00,2025-04-13,3,0.0,0.0,0.0,0.0,0.0,0.0
2025-04-13 03:00:00,2025-04-13,4,0.0,0.0,0.0,0.0,0.0,0.0
2025-04-13 04:00:00,2025-04-13,5,0.0,0.0,0.0,0.0,0.0,0.0
2025-04-13 05:00:00,2025-04-13,6,0.0,5.971111111111111,2.7777777777777777,25.05130487722577,5.971111111111111,5.971111111111111
2025-04-13 06:00:00,2025-04-13,7,49.62796833773087,59.71111111111112,27.77777777777778,241.32507421574624,59.71111111111112,10.083142773380253
2025-04-13 07:00:00,2025-04-13,8,134.70448548812666,167.1911111111111,77.77777777777777,480.97201931234986,167.1911111111111,32.486625622984434
2025-04-13 08:00:00,2025-04-13,9,304.85751978891824,262.7288888888889,122.22222222222223,691.3602642692794,262.7288888888889,-42.12863090002935
2025-04-13 09:00:00,2025-04-13,10,517.5488126649077,465.74666666666667,216.66666666666666,852.1728498493015,465.74666666666667,-51.80214599824103
2025-04-13 10:00:00,2025-04-13,11,638.0738786279684,537.4,250.0,950.8622112460574,537.4,-100.6738786279684
2025-04-13 11:00:00,2025-04-13,12,716.0606860158312,680.7066666666667,316.6666666666667,980.149146755622,680.7066666666667,-35.354019349164446
2025-04-13 12:00:00,2025-04-13,13,879.1240105540898,937.4644444444446,436.1111111111111,937.9218462317107,937.4644444444446,58.3404338903548
2025-04-13 13:00:00,2025-04-13,14,1205.2506596306068,1128.54,525.0,827.2662049054261,1128.54,-76.71065963060687
2025-04-13 14:00:00,2025-04-13,15,829.4960422163589,824.0133333333334,383.3333333333333,656.4238601474494,824.0133333333334,-5.4827088830254525
2025-04-13 15:00:00,2025-04-13,16,772.778364116095,925.5222222222222,430.55555555555554,439.0044917584941,925.5222222222222,152.74385810612728
2025-04-13 16:00:00,2025-04-13,17,503.3693931398417,471.7177777777778,219.44444444444446,197.1606307256202,471.7177777777778,-31.651615362063865
2025-04-13 17:00:00,2025-04-13,18,92.16622691292876,15.67439914400327,7.291774815781201,6.076479013151001,15.67439914400327,-76.49182776892549
2025-04-13 18:00:00,2025-04-13,19,0.0,0.0,0.0,0.0,0.0,0.0
2025-04-13 19:00:00,2025-04-13,20,0.0,0.0,0.0,0.0,0.0,0.0
2025-04-13 20:00:00,2025-04-13,21,0.0,0.0,0.0,0.0,0.0,0.0
2025-04-13 21:00:00,2025-04-13,22,0.0,0.0,0.0,0.0,0.0,0.0
2025-04-13 22:00:00,2025-04-13,23,0.0,0.0,0.0,0.0,0.0,0.0
2025-04-13 23:00:00,2025-04-13,24,0.0,0.0,0.0,0.0,0.0,0.0
2025-04-14 00:00:00,2025-04-14,1,0.0,0.0,0.0,0.0,0.0,0.0
2025-04-14 01:00:00,2025-04-14,2,0.0,0.0,0.0,0.0,0.0,0.0
2025-04-14 02:00:00,2025-04-14,3,0.0,0.0,0.0,0.0,0.0,0.0
2025-04-14 03:00:00,2025-04-14,4,0.0,0.0,0.0,0.0,0.0,0.0
2025-04-14 04:00:00,2025-04-14,5,0.0,0.0,0.0,0.0,0.0,0.0
2025-04-14 05:00:00,2025-04-14,6,0.0,11.942222222222222,5.555555555555555,27.1227092424205,11.942222222222222,11.942222222222222
2025-04-14 06:00:00,2025-04-14,7,170.15303430079155,316.4688888888889,147.22222222222223,244.5074571538109,316.4688888888889,146.31585458809735
2025-04-14 07:00:00,2025-04-14,8,659.3430079155673,794.1577777777779,369.44444444444446,483.7810302792755,794.1577777777779,134.8147698622106
2025-04-14 08:00:00,2025-04-14,9,1325.7757255936676,1277.817777777778,594.4444444444445,693.6657582292497,1277.817777777778,-47.95794781588961
2025-04-14 09:00:00,2025-04-14,10,1822.0554089709763,1618.1711111111115,752.7777777777778,853.9798058191158,1618.1711111111115,-203.88429785986477
2025-04-14 10:00:00,2025-04-14,11,2141.0923482849603,1982.4088888888891,922.2222222222222,952.2282563072829,1982.4088888888891,-158.68345939607116
2025-04-14 11:00:00,2025-04-14,12,2339.6042216358837,2131.6866666666665,991.6666666666666,981.1672840071924,2131.6866666666665,-207.91755496921724
2025-04-14 12:00:00,2025-04-14,13,2325.424802110818,2095.86,975.0,938.7108977558257,2095.86,-229.5648021108177
2025-04-14 13:00:00,2025-04-14,14,2134.0026385224273,1928.6688888888891,897.2222222222222,827.9613439459158,1928.6688888888891,-205.33374963353822
2025-04-14 14:00:00,2025-04-14,15,1744.0686015831136,1624.1422222222222,755.5555555555555,657.166270698749,1624.1422222222222,-119.92637936089136
2025-04-14 15:00:00,2025-04-14,16,1134.3535620052771,1134.7982601504161,527.9113603230443,439.9261336025369,1134.7982601504161,0.4446981451390002
2025-04-14 16:00:00,2025-04-14,17,538.8179419525067,511.58851896594064,237.99242601690574,198.3270216807548,511.58851896594064,-27.22942298656602
2025-04-14 17:00:00,2025-04-14,18,127.61477572559367,16.84899120852884,7.8381983664536845,6.5318319720447375,16.84899120852884,-110.76578451706483
2025-04-14 18:00:00,2025-04-14,19,0.0,0.0,0.0,0.0,0.0,0.0
2025-04-14 19:00:00,2025-04-14,20,0.0,0.0,0.0,0.0,0.0,0.0
2025-04-14 20:00:00,2025-04-14,21,0.0,0.0,0.0,0.0,0.0,0.0
2025-04-14 21:00:00,2025-04-14,22,0.0,0.0,0.0,0.0,0.0,0.0
2025-04-14 22:00:00,2025-04-14,23,0.0,0.0,0.0,0.0,0.0,0.0
2025-04-14 23:00:00,2025-04-14,24,0.0,0.0,0.0,0.0,0.0,0.0
2025-04-15 00:00:00,2025-04-15,1,0.0,0.0,0.0,0.0,0.0,0.0
2025-04-15 01:00:00,2025-04-15,2,0.0,0.0,0.0,0.0,0.0,0.0
2025-04-15 02:00:00,2025-04-15,3,0.0,0.0,0.0,0.0,0.0,0.0
2025-04-15 03:00:00,2025-04-15,4,0.0,0.0,0.0,0.0,0.0,0.0
2025-04-15 04:00:00,2025-04-15,5,0.0,0.0,0.0,0.0,0.0,0.0
2025-04-15 05:00:00,2025-04-15,6,14.179419525065963,23.884444444444444,11.11111111111111,29.227905983385305,23.884444444444444,9.70502491937848
2025-04-15 06:00:00,2025-04-15,7,177.24274406332455,262.7288888888889,122.22222222222223,247.63221447726747,262.7288888888889,85.48614482556434
2025-04-15 07:00:00,2025-04-15,8,623.8944591029024,728.4755555555556,338.8888888888889,486.52202244344505,728.4755555555556,104.58109645265324
2025-04-15 08:00:00,2025-04-15,9,1198.1609498680739,1170.3377777777778,544.4444444444445,695.9004792271447,1170.3377777777778,-27.82317209029611
2025-04-15 09:00:00,2025-04-15,10,1793.6965699208445,1648.0266666666669,766.6666666666666,855.717067666269,1648.0266666666669,-145.6699032541776
2025-04-15 10:00:00,2025-04-15,11,2169.4511873350925,1964.4955555555557,913.8888888888889,953.5288179190032,1964.4955555555557,-204.95563177953682
2025-04-15 11:00:00,2025-04-15,12,2403.4116094986807,2131.6866666666665,991.6666666666666,982.1268249530749,2131.6866666666665,-271.7249428320142
2025-04-15 12:00:00,2025-04-15,13,2431.7704485488125,2131.6866666666665,991.6666666666666,939.4503844703755,2131.6866666666665,-300.083781882146
2025-04-15 13:00:00,2025-04-15,14,2204.8997361477573,1958.5244444444445,911.1111111111111,828.6174396599179,1958.5244444444445,-246.37529170331277
2025-04-15 14:00:00,2025-04-15,15,1807.8759894459104,1630.1133333333335,758.3333333333334,657.880913229465,1630.1133333333335,-177.7626561125769
2025-04-15 15:00:00,2025-04-15,16,1162.712401055409,1137.1330853496954,528.9975276096461,440.8312730080384,1137.1330853496954,-25.579315705713498
2025-04-15 16:00:00,2025-04-15,17,552.9973614775726,514.582864292438,239.38540393209803,199.4878366100817,514.582864292438,-38.414497185134564
2025-04-15 17:00:00,2025-04-15,18,120.52506596306068,18.072672786562386,8.407458497656487,7.00621541471374,18.072672786562386,-102.4523931764983
2025-04-15 18:00:00,2025-04-15,19,0.0,0.0,0.0,0.0,0.0,0.0
2025-04-15 19:00:00,2025-04-15,20,0.0,0.0,0.0,0.0,0.0,0.0
2025-04-15 20:00:00,2025-04-15,21,0.0,0.0,0.0,0.0,0.0,0.0
2025-04-15 21:00:00,2025-04-15,22,0.0,0.0,0.0,0.0,0.0,0.0
2025-04-15 22:00:00,2025-04-15,23,0.0,0.0,0.0,0.0,0.0,0.0
2025-04-15 23:00:00,2025-04-15,24,0.0,0.0,0.0,0.0,0.0,0.0
2025-04-16 00:00:00,2025-04-16,1,0.0,0.0,0.0,0.0,0.0,0.0
2025-04-16 01:00:00,2025-04-16,2,0.0,0.0,0.0,0.0,0.0,0.0
2025-04-16 02:00:00,2025-04-16,3,0.0,0.0,0.0,0.0,0.0,0.0
2025-04-16 03:00:00,2025-04-16,4,0.0,0.0,0.0,0.0,0.0,0.0
2025-04-16 04:00:00,2025-04-16,5,0.0,0.0,0.0,0.0,0.0,0.0
2025-04-16 05:00:00,2025-04-16,6,14.179419525065963,23.884444444444444,11.11111111111111,31.36031612935582,23.884444444444444,9.70502491937848
2025-04-16 06:00:00,2025-04-16,7,184.33245382585753,298.5555555555556,138.88888888888889,250.69756473349432,298.5555555555556,114.22310172969807
2025-04-16 07:00:00,2025-04-16,8,659.3430079155673,794.1577777777779,369.44444444444446,489.02162073594997,794.1577777777779,134.8147698622106
2025-04-16 08:00:00,2025-04-16,9,1290.3271767810027,1283.7888888888888,597.2222222222222,697.8793123284437,1283.7888888888888,-6.538287892113885
2025-04-16 09:00:00,2025-04-16,10,1786.6068601583113,1701.7666666666669,791.6666666666666,857.1938948384154,1701.7666666666669,-84.84019349164441
2025-04-16 10:00:00,2025-04-16,11,2098.5540897097626,1504.7200000000003,700.0,954.5706905677146,1504.7200000000003,-593.8340897097623
2025-04-16 11:00:00,2025-04-16,12,2311.245382585752,2143.628888888889,997.2222222222222,982.834191625373,2143.628888888889,-167.61649369686302
2025-04-16 12:00:00,2025-04-16,13,2282.88654353562,2048.0911111111113,952.7777777777778,939.948187724764,2048.0911111111113,-234.79543242450882
2025-04-16 13:00:00,2025-04-16,14,2027.6569920844327,1868.9577777777781,869.4444444444445,829.0460070638651,1868.9577777777781,-158.69921430665454
2025-04-16 14:00:00,2025-04-16,15,1708.6200527704486,1600.2577777777776,744.4444444444445,658.3863830939263,1600.2577777777776,-108.36227499267102
2025-04-16 15:00:00,2025-04-16,16,1063.4564643799472,1138.9939696715799,529.8632162595738,441.55268021631156,1138.9939696715799,75.53750529163267
2025-04-16 16:00:00,2025-04-16,17,623.8944591029024,517.2194454556903,240.61194894663674,200.50995745553064,517.2194454556903,-106.67501364721204
2025-04-16 17:00:00,2025-04-16,18,113.4353562005277,19.29164507347733,8.974527853311002,7.478773211092503,19.29164507347733,-94.14371112705038
2025-04-16 18:00:00,2025-04-16,19,0.0,0.0,0.0,0.0,0.0,0.0
2025-04-16 19:00:00,2025-04-16,20,0.0,0.0,0.0,0.0,0.0,0.0
2025-04-16 20:00:00,2025-04-16,21,0.0,0.0,0.0,0.0,0.0,0.0
2025-04-16 21:00:00,2025-04-16,22,0.0,0.0,0.0,0.0,0.0,0.0
2025-04-16 22:00:00,2025-04-16,23,0.0,0.0,0.0,0.0,0.0,0.0
2025-04-16 23:00:00,2025-04-16,24,0.0,0.0,0.0,0.0,0.0,0.0
2025-04-17 00:00:00,2025-04-17,1,0.0,0.0,0.0,0.0,0.0,0.0
2025-04-17 01:00:00,2025-04-17,2,0.0,0.0,0.0,0.0,0.0,0.0
2025-04-17 02:00:00,2025-04-17,3,0.0,0.0,0.0,0.0,0.0,0.0
2025-04-17 03:00:00,2025-04-17,4,0.0,0.0,0.0,0.0,0.0,0.0
2025-04-17 04:00:00,2025-04-17,5,0.0,0.0,0.0,0.0,0.0,0.0
2025-04-17 05:00:00,2025-04-17,6,7.089709762532982,17.913333333333338,8.333333333333334,33.4568767550175,17.913333333333338,10.823623570800356
2025-04-17 06:00:00,2025-04-17,7,212.69129287598946,238.8444444444445,111.11111111111111,253.55699731592478,238.8444444444445,26.15315156845503
2025-04-17 07:00:00,2025-04-17,8,418.2928759894459,364.2377777777778,169.44444444444446,491.4510625862172,364.2377777777778,-54.05509821166811
2025-04-17 08:00:00,2025-04-17,9,872.0343007915568,913.58,425.0,699.7865182090095,913.58,41.54569920844324
2025-04-17 09:00:00,2025-04-17,10,1708.6200527704486,1606.2288888888888,747.2222222222222,858.6012891688573,1606.2288888888888,-102.3911638815598
2025-04-17 10:00:00,2025-04-17,11,1963.849604221636,1833.1311111111113,852.7777777777778,955.548315129403,1833.1311111111113,-130.7184931105246
2025-04-17 11:00:00,2025-04-17,12,2325.424802110818,1707.737777777778,794.4444444444445,983.4849893404993,1707.737777777778,-617.6870243330397
2025-04-17 12:00:00,2025-04-17,13,1765.3377308707124,1367.3844444444446,636.1111111111111,940.399016980995,1367.3844444444446,-397.9532864262678
2025-04-17 13:00:00,2025-04-17,14,1701.5303430079157,1797.3044444444445,836.1111111111111,829.4384167800496,1797.3044444444445,95.77410143652878
2025-04-17 14:00:00,2025-04-17,15,779.868073878628,1636.0844444444444,761.1111111111111,658.8669635366363,1636.0844444444444,856.2163705658164
2025-04-17 15:00:00,2025-04-17,16,482.10026385224273,877.7533333333333,408.3333333333333,442.2600992042038,877.7533333333333,395.6530694810906
2025-04-17 16:00:00,2025-04-17,17,241.05013192612137,149.2777777777778,69.44444444444444,201.52799897854416,149.2777777777778,-91.77235414834357
2025-04-17 17:00:00,2025-04-17,18,113.4353562005277,20.555484761605438,9.562469650914327,7.968724709095273,20.555484761605438,-92.87987143892227
2025-04-17 18:00:00,2025-04-17,19,0.0,0.0,0.0,0.0,0.0,0.0
2025-04-17 19:00:00,2025-04-17,20,0.0,0.0,0.0,0.0,0.0,0.0
2025-04-17 20:00:00,2025-04-17,21,0.0,0.0,0.0,0.0,0.0,0.0
2025-04-17 21:00:00,2025-04-17,22,0.0,0.0,0.0,0.0,0.0,0.0
2025-04-17 22:00:00,2025-04-17,23,0.0,0.0,0.0,0.0,0.0,0.0
2025-04-17 23:00:00,2025-04-17,24,0.0,0.0,0.0,0.0,0.0,0.0
2025-04-18 00:00:00,2025-04-18,1,0.0,0.0,0.0,0.0,0.0,0.0
2025-04-18 01:00:00,2025-04-18,2,0.0,0.0,0.0,0.0,0.0,0.0
2025-04-18 02:00:00,2025-04-18,3,0.0,0.0,0.0,0.0,0.0,0.0
2025-04-18 03:00:00,2025-04-18,4,0.0,0.0,0.0,0.0,0.0,0.0
2025-04-18 04:00:00,2025-04-18,5,0.0,0.0,0.0,0.0,0.0,0.0
2025-04-18 05:00:00,2025-04-18,6,0.0,11.942222222222222,5.555555555555555,35.56423696483636,11.942222222222222,11.942222222222222
2025-04-18 06:00:00,2025-04-18,7,56.71767810026385,95.53777777777778,44.44444444444444,256.35304009664634,95.53777777777778,38.82009967751392
2025-04-18 07:00:00,2025-04-18,8,347.3957783641161,394.0933333333334,183.33333333333334,493.80938993733974,394.0933333333334,46.69755496921732
2025-04-18 08:00:00,2025-04-18,9,815.3166226912929,919.551111111111,427.77777777777777,701.621674161033,919.551111111111,104.23448841981815
2025-04-18 09:00:00,2025-04-18,10,1155.622691292876,979.2622222222222,455.55555555555554,859.9393372208634,979.2622222222222,-176.36046907065372
2025-04-18 10:00:00,2025-04-18,11,1857.5039577836412,1606.2288888888888,747.2222222222222,956.4622318942063,1606.2288888888888,-251.2750688947524
2025-04-18 11:00:00,2025-04-18,12,1354.1345646437994,1146.4533333333336,533.3333333333334,984.0801246853035,1146.4533333333336,-207.68123131046582
2025-04-18 12:00:00,2025-04-18,13,1134.3535620052771,1086.7422222222222,505.55555555555554,940.8040315441328,1086.7422222222222,-47.61133978305497
2025-04-18 13:00:00,2025-04-18,14,950.0211081794196,877.7533333333333,408.3333333333333,829.7959484845983,877.7533333333333,-72.26777484608624
2025-04-18 14:00:00,2025-04-18,15,276.4986807387863,531.428888888889,247.22222222222223,659.3239117796716,531.428888888889,254.93020815010271
2025-04-18 15:00:00,2025-04-18,16,276.4986807387863,232.87333333333333,108.33333333333333,442.954617342343,232.87333333333333,-43.62534740545294
2025-04-18 16:00:00,2025-04-18,17,297.76781002638523,191.07555555555555,88.88888888888889,202.54271673990561,191.07555555555555,-106.69225447082968
2025-04-18 17:00:00,2025-04-18,18,77.9868073878628,21.864424859395957,10.1713922866561,8.476160238880084,21.864424859395957,-56.122382528466844
2025-04-18 18:00:00,2025-04-18,19,0.0,0.0,0.0,0.0,0.0,0.0
2025-04-18 19:00:00,2025-04-18,20,0.0,0.0,0.0,0.0,0.0,0.0
2025-04-18 20:00:00,2025-04-18,21,0.0,0.0,0.0,0.0,0.0,0.0
2025-04-18 21:00:00,2025-04-18,22,0.0,0.0,0.0,0.0,0.0,0.0
2025-04-18 22:00:00,2025-04-18,23,0.0,0.0,0.0,0.0,0.0,0.0
2025-04-18 23:00:00,2025-04-18,24,0.0,0.0,0.0,0.0,0.0,0.0
2025-04-19 00:00:00,2025-04-19,1,0.0,0.0,0.0,0.0,0.0,0.0
2025-04-19 01:00:00,2025-04-19,2,0.0,0.0,0.0,0.0,0.0,0.0
2025-04-19 02:00:00,2025-04-19,3,0.0,0.0,0.0,0.0,0.0,0.0
2025-04-19 03:00:00,2025-04-19,4,0.0,0.0,0.0,0.0,0.0,0.0
2025-04-19 04:00:00,2025-04-19,5,0.0,0.0,0.0,0.0,0.0,0.0
2025-04-19 05:00:00,2025-04-19,6,7.089709762532982,5.971111111111111,2.7777777777777777,37.67680270622531,5.971111111111111,-1.1185986514218706
2025-04-19 06:00:00,2025-04-19,7,198.51187335092348,244.81555555555556,113.88888888888889,259.08417520200175,244.81555555555556,46.30368220463208
2025-04-19 07:00:00,2025-04-19,8,489.18997361477574,495.6022222222223,230.55555555555554,496.0957145929447,495.6022222222223,6.412248607446543
2025-04-19 08:00:00,2025-04-19,9,1063.4564643799472,1015.088888888889,472.22222222222223,703.3844239878522,1015.088888888889,-48.36757549105823
2025-04-19 09:00:00,2025-04-19,10,1396.6728232189973,1385.2977777777778,644.4444444444445,861.2081839935207,1385.2977777777778,-11.375045441219527
2025-04-19 10:00:00,2025-04-19,11,992.5593667546175,1116.597777777778,519.4444444444445,957.3130273498878,1116.597777777778,124.0384110231605
2025-04-19 11:00:00,2025-04-19,12,2190.7203166226914,2131.6866666666665,991.6666666666666,984.6205347918515,2131.6866666666665,-59.033649956024874
2025-04-19 12:00:00,2025-04-19,13,1822.0554089709763,1946.5822222222223,905.5555555555555,941.1644033275685,1946.5822222222223,124.52681325124604
2025-04-19 13:00:00,2025-04-19,14,716.0606860158312,1044.9444444444446,486.1111111111111,830.1198755632832,1044.9444444444446,328.8837584286134
2025-04-19 14:00:00,2025-04-19,15,0.0,883.7244444444444,411.1111111111111,659.7584602045727,883.7244444444444,883.7244444444444
2025-04-19 15:00:00,2025-04-19,16,0.0,364.2377777777778,169.44444444444446,443.6372810736604,364.2377777777778,364.2377777777778
2025-04-19 16:00:00,2025-04-19,17,0.0,232.87333333333333,108.33333333333333,203.55481644608315,232.87333333333333,232.87333333333333
2025-04-19 17:00:00,2025-04-19,18,0.0,23.2186506444744,10.801381952211761,9.001151626843134,23.2186506444744,23.2186506444744
2025-04-19 18:00:00,2025-04-19,19,0.0,0.0,0.0,0.0,0.0,0.0
2025-04-19 19:00:00,2025-04-19,20,0.0,0.0,0.0,0.0,0.0,0.0
2025-04-19 20:00:00,2025-04-19,21,0.0,0.0,0.0,0.0,0.0,0.0
2025-04-19 21:00:00,2025-04-19,22,0.0,0.0,0.0,0.0,0.0,0.0
2025-04-19 22:00:00,2025-04-19,23,0.0,0.0,0.0,0.0,0.0,0.0
2025-04-19 23:00:00,2025-04-19,24,0.0,0.0,0.0,0.0,0.0,0.0
2025-04-20 00:00:00,2025-04-20,1,0.0,0.0,0.0,0.0,0.0,0.0
2025-04-20 01:00:00,2025-04-20,2,0.0,0.0,0.0,0.0,0.0,0.0
2025-04-20 02:00:00,2025-04-20,3,0.0,0.0,0.0,0.0,0.0,0.0
2025-04-20 03:00:00,2025-04-20,4,0.0,0.0,0.0,0.0,0.0,0.0
2025-04-20 04:00:00,2025-04-20,5,0.0,0.0,0.0,0.0,0.0,0.0
2025-04-20 05:00:00,2025-04-20,6,0.0,5.971111111111111,2.7777777777777777,39.789249867044774,5.971111111111111,5.971111111111111
2025-04-20 06:00:00,2025-04-20,7,63.80738786279684,41.797777777777775,19.444444444444443,261.74896668905745,41.797777777777775,-22.009610085019062
2025-04-20 07:00:00,2025-04-20,8,141.79419525065964,119.42222222222225,55.55555555555556,498.30922640911695,119.42222222222225,-22.371973028437395
2025-04-20 08:00:00,2025-04-20,9,595.5356200527705,495.6022222222223,230.55555555555554,705.0744842613836,495.6022222222223,-99.93339783054819
2025-04-20 09:00:00,2025-04-20,10,1375.4036939313985,740.4177777777779,344.44444444444446,862.4080367875307,740.4177777777779,-634.9859161536206
2025-04-20 10:00:00,2025-04-20,11,552.9973614775726,632.9377777777778,294.44444444444446,958.1013350902556,632.9377777777778,79.94041630020524
2025-04-20 11:00:00,2025-04-20,12,1339.9551451187335,716.5333333333333,333.3333333333333,985.1071851185957,716.5333333333333,-623.4218117854002
2025-04-20 12:00:00,2025-04-20,13,843.6754617414248,1146.4533333333336,533.3333333333334,941.4813114958263,1146.4533333333336,302.7778715919088
2025-04-20 13:00:00,2025-04-20,14,1063.4564643799472,913.58,425.0,830.4114567686194,913.58,-149.87646437994715
2025-04-20 14:00:00,2025-04-20,15,623.8944591029024,782.2155555555556,363.8888888888889,660.1718056987346,782.2155555555556,158.32109645265325
2025-04-20 15:00:00,2025-04-20,16,77.9868073878628,77.62444444444446,36.111111111111114,444.3090834650103,77.62444444444446,-0.36236294341833286
2025-04-20 16:00:00,2025-04-20,17,42.53825857519789,59.71111111111112,27.77777777777778,204.56494125746818,59.71111111111112,17.172852535913236
2025-04-20 17:00:00,2025-04-20,18,191.4221635883905,24.618281983351682,11.452494409821213,9.543745341517678,24.618281983351682,-166.8038816050388
2025-04-20 18:00:00,2025-04-20,19,0.0,0.0,0.0,0.0,0.0,0.0
2025-04-20 19:00:00,2025-04-20,20,0.0,0.0,0.0,0.0,0.0,0.0
2025-04-20 20:00:00,2025-04-20,21,0.0,0.0,0.0,0.0,0.0,0.0
2025-04-20 21:00:00,2025-04-20,22,0.0,0.0,0.0,0.0,0.0,0.0
2025-04-20 22:00:00,2025-04-20,23,0.0,0.0,0.0,0.0,0.0,0.0
2025-04-20 23:00:00,2025-04-20,24,0.0,0.0,0.0,0.0,0.0,0.0
2025-04-21 00:00:00,2025-04-21,1,0.0,0.0,0.0,0.0,0.0,0.0
2025-04-21 01:00:00,2025-04-21,2,0.0,0.0,0.0,0.0,0.0,0.0
2025-04-21 02:00:00,2025-04-21,3,0.0,0.0,0.0,0.0,0.0,0.0
2025-04-21 03:00:00,2025-04-21,4,0.0,0.0,0.0,0.0,0.0,0.0
2025-04-21 04:00:00,2025-04-21,5,0.0,0.0,0.0,0.0,0.0,0.0
2025-04-21 05:00:00,2025-04-21,6,7.089709762532982,11.942222222222222,5.555555555555555,41.89652917511511,11.942222222222222,4.85251245968924
2025-04-21 06:00:00,2025-04-21,7,163.06332453825857,167.1911111111111,77.77777777777777,264.3460716920899,167.1911111111111,4.1277865728525285
2025-04-21 07:00:00,2025-04-21,8,333.21635883905014,334.3822222222222,155.55555555555554,500.4492033502654,334.3822222222222,1.1658633831720522
2025-04-21 08:00:00,2025-04-21,9,602.6253298153034,549.3422222222223,255.55555555555554,706.691652217292,549.3422222222223,-53.28310759308113
2025-04-21 09:00:00,2025-04-21,10,1389.5831134564644,1325.5866666666666,616.6666666666666,863.5391699804401,1325.5866666666666,-63.9964467897978
2025-04-21 10:00:00,2025-04-21,11,1992.208443271768,1904.7844444444445,886.1111111111111,958.8278371209209,1904.7844444444445,-87.42399882732343
2025-04-21 11:00:00,2025-04-21,12,2098.5540897097626,1910.755555555556,888.8888888888889,985.5410669808158,1910.755555555556,-187.79853415420666
2025-04-21 12:00:00,2025-04-21,13,340.3060686015831,1612.2,750.0,941.7559362395871,1612.2,1271.893931398417
2025-04-21 13:00:00,2025-04-21,14,574.2664907651715,1152.4244444444446,536.1111111111111,830.671926624009,1152.4244444444446,578.1579536792731
2025-04-21 14:00:00,2025-04-21,15,517.5488126649077,973.2911111111111,452.77777777777777,660.5650971046384,973.2911111111111,455.74229844620345
2025-04-21 15:00:00,2025-04-21,16,191.4221635883905,173.16222222222223,80.55555555555556,444.97094983213,173.16222222222223,-18.259941366168277
2025-04-21 16:00:00,2025-04-21,17,42.53825857519789,53.74,25.0,205.57365692938922,53.74,11.201741424802115
2025-04-21 17:00:00,2025-04-21,18,21.269129287598943,23.884444444444444,11.11111111111111,10.103954153668534,23.884444444444444,2.615315156845501
2025-04-21 18:00:00,2025-04-21,19,0.0,0.0,0.0,0.0,0.0,0.0
2025-04-21 19:00:00,2025-04-21,20,0.0,0.0,0.0,0.0,0.0,0.0
2025-04-21 20:00:00,2025-04-21,21,0.0,0.0,0.0,0.0,0.0,0.0
2025-04-21 21:00:00,2025-04-21,22,0.0,0.0,0.0,0.0,0.0,0.0
2025-04-21 22:00:00,2025-04-21,23,0.0,0.0,0.0,0.0,0.0,0.0
2025-04-21 23:00:00,2025-04-21,24,0.0,0.0,0.0,0.0,0.0,0.0
2025-04-22 00:00:00,2025-04-22,1,0.0,0.0,0.0,0.0,0.0,0.0
2025-04-22 01:00:00,2025-04-22,2,0.0,0.0,0.0,0.0,0.0,0.0
2025-04-22 02:00:00,2025-04-22,3,0.0,0.0,0.0,0.0,0.0,0.0
2025-04-22 03:00:00,2025-04-22,4,0.0,0.0,0.0,0.0,0.0,0.0
2025-04-22 04:00:00,2025-04-22,5,0.0,0.0,0.0,0.0,0.0,0.0
2025-04-22 05:00:00,2025-04-22,6,21.269129287598943,41.797777777777775,19.444444444444443,43.993870621214036,41.797777777777775,20.52864849017883
2025-04-22 06:00:00,2025-04-22,7,198.51187335092348,328.41111111111115,152.77777777777777,266.8742521767573,328.41111111111115,129.89923776018767
2025-04-22 07:00:00,2025-04-22,8,701.8812664907651,835.9555555555555,388.8888888888889,502.5150222766107,835.9555555555555,134.07428906479038
2025-04-22 08:00:00,2025-04-22,9,1361.2242744063324,1283.7888888888888,597.2222222222222,708.235814062278,1283.7888888888888,-77.43538551744359
2025-04-22 09:00:00,2025-04-22,10,1729.8891820580475,1630.1133333333335,758.3333333333334,864.6019303218005,1630.1133333333335,-99.77584872471402
2025-04-22 10:00:00,2025-04-22,11,1985.118733509235,1880.8999999999999,875.0,959.4932654857774,1880.8999999999999,-104.21873350923511
2025-04-22 11:00:00,2025-04-22,12,2318.335092348285,2155.5711111111113,1002.7777777777778,985.9231953778902,2155.5711111111113,-162.76398123717354
2025-04-22 12:00:00,2025-04-22,13,2353.78364116095,2149.6,1000.0,941.9894529148578,2149.6,-204.18364116095017
2025-04-22 13:00:00,2025-04-22,14,2162.3614775725596,1994.3511111111113,927.7777777777778,830.9024861731898,1994.3511111111113,-168.01036646144826
2025-04-22 14:00:00,2025-04-22,15,1843.3245382585753,1689.8244444444447,786.1111111111111,660.9394233744232,1689.8244444444447,-153.50009381413065
2025-04-22 15:00:00,2025-04-22,16,1269.0580474934038,1149.4953086958758,534.7484688760122,445.62372406334356,1149.4953086958758,-119.56273879752803
2025-04-22 16:00:00,2025-04-22,17,560.0870712401055,532.8809510694639,247.89772565568657,206.58143804640548,532.8809510694639,-27.20612017064161
2025-04-22 17:00:00,2025-04-22,18,113.4353562005277,27.553783237497,12.818097896118813,10.681748246765677,27.553783237497,-85.8815729630307
2025-04-22 18:00:00,2025-04-22,19,0.0,0.0,0.0,0.0,0.0,0.0
2025-04-22 19:00:00,2025-04-22,20,0.0,0.0,0.0,0.0,0.0,0.0
2025-04-22 20:00:00,2025-04-22,21,0.0,0.0,0.0,0.0,0.0,0.0
2025-04-22 21:00:00,2025-04-22,22,0.0,0.0,0.0,0.0,0.0,0.0
2025-04-22 22:00:00,2025-04-22,23,0.0,0.0,0.0,0.0,0.0,0.0
2025-04-22 23:00:00,2025-04-22,24,0.0,0.0,0.0,0.0,0.0,0.0
2025-04-23 00:00:00,2025-04-23,1,0.0,0.0,0.0,0.0,0.0,0.0
2025-04-23 01:00:00,2025-04-23,2,0.0,0.0,0.0,0.0,0.0,0.0
2025-04-23 02:00:00,2025-04-23,3,0.0,0.0,0.0,0.0,0.0,0.0
2025-04-23 03:00:00,2025-04-23,4,0.0,0.0,0.0,0.0,0.0,0.0
2025-04-23 04:00:00,2025-04-23,5,0.0,0.0,0.0,0.0,0.0,0.0
2025-04-23 05:00:00,2025-04-23,6,7.089709762532982,11.942222222222222,5.555555555555555,46.076787363730745,11.942222222222222,4.85251245968924
2025-04-23 06:00:00,2025-04-23,7,241.05013192612137,185.10444444444448,86.11111111111111,269.3323872107639,185.10444444444448,-55.945687481676885
2025-04-23 07:00:00,2025-04-23,8,35.44854881266491,35.826666666666675,16.666666666666668,504.50616993388866,35.826666666666675,0.3781178540017649
2025-04-23 08:00:00,2025-04-23,9,191.4221635883905,149.2777777777778,69.44444444444444,709.7069537426725,149.2777777777778,-42.144385810612704
2025-04-23 09:00:00,2025-04-23,10,127.61477572559367,113.45111111111113,52.77777777777778,865.596742657472,113.45111111111113,-14.163664614482542
2025-04-23 10:00:00,2025-04-23,11,1120.174142480211,1098.6844444444446,511.1111111111111,960.098404811792,1098.6844444444446,-21.489698035766423
2025-04-23 11:00:00,2025-04-23,12,1375.4036939313985,1015.088888888889,472.22222222222223,986.2546082461693,1015.088888888889,-360.31480504250953
2025-04-23 12:00:00,2025-04-23,13,1588.0949868073878,1301.7022222222222,605.5555555555555,942.1830281877358,1301.7022222222222,-286.39276458516565
2025-04-23 13:00:00,2025-04-23,14,1928.401055408971,1421.1244444444446,661.1111111111111,831.104296555585,1421.1244444444446,-507.2766109645263
2025-04-23 14:00:00,2025-04-23,15,1049.2770448548813,806.1,375.0,661.2958051494488,806.1,-243.17704485488127
2025-04-23 15:00:00,2025-04-23,16,184.33245382585753,179.13333333333333,83.33333333333333,446.268159269854,179.13333333333333,-5.199120492524202
2025-04-23 16:00:00,2025-04-23,17,35.44854881266491,35.826666666666675,16.666666666666668,207.58865868797326,35.826666666666675,0.3781178540017649
2025-04-23 17:00:00,2025-04-23,18,0.0,11.942222222222222,5.555555555555555,11.277047524201642,11.942222222222222,11.942222222222222
2025-04-23 18:00:00,2025-04-23,19,0.0,0.0,0.0,0.0,0.0,0.0
2025-04-23 19:00:00,2025-04-23,20,0.0,0.0,0.0,0.0,0.0,0.0
2025-04-23 20:00:00,2025-04-23,21,0.0,0.0,0.0,0.0,0.0,0.0
2025-04-23 21:00:00,2025-04-23,22,0.0,0.0,0.0,0.0,0.0,0.0
2025-04-23 22:00:00,2025-04-23,23,0.0,0.0,0.0,0.0,0.0,0.0
2025-04-23 23:00:00,2025-04-23,24,0.0,0.0,0.0,0.0,0.0,0.0
2025-04-24 00:00:00,2025-04-24,1,0.0,0.0,0.0,0.0,0.0,0.0
2025-04-24 01:00:00,2025-04-24,2,0.0,0.0,0.0,0.0,0.0,0.0
2025-04-24 02:00:00,2025-04-24,3,0.0,0.0,0.0,0.0,0.0,0.0
2025-04-24 03:00:00,2025-04-24,4,0.0,0.0,0.0,0.0,0.0,0.0
2025-04-24 04:00:00,2025-04-24,5,0.0,0.0,0.0,0.0,0.0,0.0
2025-04-24 05:00:00,2025-04-24,6,0.0,0.0,0.0,48.14107969831867,0.0,0.0
2025-04-24 06:00:00,2025-04-24,7,70.89709762532982,59.71111111111112,27.77777777777778,271.71948534088665,59.71111111111112,-11.185986514218698
2025-04-24 07:00:00,2025-04-24,8,205.60158311345646,161.22,75.0,506.4222541061782,161.22,-44.38158311345646
2025-04-24 08:00:00,2025-04-24,9,347.3957783641161,238.8444444444445,111.11111111111111,711.1051617990769,238.8444444444445,-108.5513339196716
2025-04-24 09:00:00,2025-04-24,10,283.5883905013193,220.9311111111111,102.77777777777777,866.5241163440847,220.9311111111111,-62.657279390208174
2025-04-24 10:00:00,2025-04-24,11,319.0369393139842,262.7288888888889,122.22222222222223,960.6440960721699,262.7288888888889,-56.3080504250953
2025-04-24 11:00:00,2025-04-24,12,297.76781002638523,232.87333333333333,108.33333333333333,986.5363678050176,232.87333333333333,-64.8944766930519
2025-04-24 12:00:00,2025-04-24,13,141.79419525065964,137.33555555555557,63.888888888888886,942.3378193685932,137.33555555555557,-4.458639695104068
2025-04-24 13:00:00,2025-04-24,14,184.33245382585753,161.22,75.0,831.2784767986592,161.22,-23.11245382585753
2025-04-24 14:00:00,2025-04-24,15,184.33245382585753,167.1911111111111,77.77777777777777,661.635191766,167.1911111111111,-17.14134271474643
2025-04-24 15:00:00,2025-04-24,16,141.79419525065964,125.39333333333335,58.333333333333336,446.9049146147987,125.39333333333335,-16.400861917326296
2025-04-24 16:00:00,2025-04-24,17,155.9736147757256,119.42222222222225,55.55555555555556,208.59558993460777,119.42222222222225,-36.55139255350335
2025-04-24 17:00:00,2025-04-24,18,49.62796833773087,30.669761089943254,14.267659606412007,11.889716338676672,30.669761089943254,-18.958207247787616
2025-04-24 18:00:00,2025-04-24,19,0.0,0.0,0.0,0.0,0.0,0.0
2025-04-24 19:00:00,2025-04-24,20,0.0,0.0,0.0,0.0,0.0,0.0
2025-04-24 20:00:00,2025-04-24,21,0.0,0.0,0.0,0.0,0.0,0.0
2025-04-24 21:00:00,2025-04-24,22,0.0,0.0,0.0,0.0,0.0,0.0
2025-04-24 22:00:00,2025-04-24,23,0.0,0.0,0.0,0.0,0.0,0.0
2025-04-24 23:00:00,2025-04-24,24,0.0,0.0,0.0,0.0,0.0,0.0
2025-04-25 00:00:00,2025-04-25,1,0.0,0.0,0.0,0.0,0.0,0.0
2025-04-25 01:00:00,2025-04-25,2,0.0,0.0,0.0,0.0,0.0,0.0
2025-04-25 02:00:00,2025-04-25,3,0.0,0.0,0.0,0.0,0.0,0.0
2025-04-25 03:00:00,2025-04-25,4,0.0,0.0,0.0,0.0,0.0,0.0
2025-04-25 04:00:00,2025-04-25,5,0.0,0.0,0.0,0.0,0.0,0.0
2025-04-25 05:00:00,2025-04-25,6,0.0,0.0,0.0,50.18283852525231,0.0,0.0
2025-04-25 06:00:00,2025-04-25,7,14.179419525065963,41.797777777777775,19.444444444444443,274.034696056879,41.797777777777775,27.61835825271181
2025-04-25 07:00:00,2025-04-25,8,28.358839050131927,65.68222222222222,30.555555555555557,508.26301345263033,65.68222222222222,37.323383172090296
2025-04-25 08:00:00,2025-04-25,9,113.4353562005277,131.36444444444444,61.111111111111114,712.4306432264283,131.36444444444444,17.929088243916738
2025-04-25 09:00:00,2025-04-25,10,184.33245382585753,179.13333333333333,83.33333333333333,867.3846510376105,179.13333333333333,-5.199120492524202
2025-04-25 10:00:00,2025-04-25,11,397.02374670184696,286.6133333333334,133.33333333333334,961.1312406248737,286.6133333333334,-110.41041336851356
2025-04-25 11:00:00,2025-04-25,12,333.21635883905014,244.81555555555556,113.88888888888889,986.769563187133,244.81555555555556,-88.40080328349458
2025-04-25 12:00:00,2025-04-25,13,212.69129287598946,214.96,100.0,942.454976133336,214.96,2.2687071240105467
2025-04-25 13:00:00,2025-04-25,14,297.76781002638523,268.7,125.0,831.4261052973883,268.7,-29.067810026385246
2025-04-25 14:00:00,2025-04-25,15,177.24274406332455,149.2777777777778,69.44444444444444,661.9584630182085,149.2777777777778,-27.96496628554675
2025-04-25 15:00:00,2025-04-25,16,99.25593667546174,83.59555555555555,38.888888888888886,447.53455803062405,83.59555555555555,-15.66038111990619
2025-04-25 16:00:00,2025-04-25,17,28.358839050131927,53.74,25.0,209.6024033649519,53.74,25.381160949868075
2025-04-25 17:00:00,2025-04-25,18,0.0,17.913333333333338,8.333333333333334,12.519560892810775,17.913333333333338,17.913333333333338
2025-04-25 18:00:00,2025-04-25,19,0.0,0.0,0.0,0.0,0.0,0.0
2025-04-25 19:00:00,2025-04-25,20,0.0,0.0,0.0,0.0,0.0,0.0
2025-04-25 20:00:00,2025-04-25,21,0.0,0.0,0.0,0.0,0.0,0.0
2025-04-25 21:00:00,2025-04-25,22,0.0,0.0,0.0,0.0,0.0,0.0
2025-04-25 22:00:00,2025-04-25,23,0.0,0.0,0.0,0.0,0.0,0.0
2025-04-25 23:00:00,2025-04-25,24,0.0,0.0,0.0,0.0,0.0,0.0
2025-04-26 00:00:00,2025-04-26,1,0.0,0.0,0.0,0.0,0.0,0.0
2025-04-26 01:00:00,2025-04-26,2,0.0,0.0,0.0,0.0,0.0,0.0
2025-04-26 02:00:00,2025-04-26,3,0.0,0.0,0.0,0.0,0.0,0.0
2025-04-26 03:00:00,2025-04-26,4,0.0,0.0,0.0,0.0,0.0,0.0
2025-04-26 04:00:00,2025-04-26,5,0.0,0.0,0.0,0.0,0.0,0.0
2025-04-26 05:00:00,2025-04-26,6,0.0,5.971111111111111,2.7777777777777777,52.19844561521745,5.971111111111111,5.971111111111111
2025-04-26 06:00:00,2025-04-26,7,63.80738786279684,89.56666666666666,41.666666666666664,276.2773168026246,89.56666666666666,25.759278803869826
2025-04-26 07:00:00,2025-04-26,8,361.57519788918205,262.7288888888889,122.22222222222223,510.02832292855453,262.7288888888889,-98.84630900029316
2025-04-26 08:00:00,2025-04-26,9,297.76781002638523,232.87333333333333,108.33333333333333,713.6837213322239,232.87333333333333,-64.8944766930519
2025-04-26 09:00:00,2025-04-26,10,333.21635883905014,238.8444444444445,111.11111111111111,868.179039330113,238.8444444444445,-94.37191439460565
2025-04-26 10:00:00,2025-04-26,11,219.78100263852244,220.9311111111111,102.77777777777777,961.5608021176292,220.9311111111111,1.1501084725886699
2025-04-26 11:00:00,2025-04-26,12,623.8944591029024,459.7755555555555,213.88888888888889,986.9553121869264,459.7755555555555,-164.11890354734686
2025-04-26 12:00:00,2025-04-26,13,304.85751978891824,256.7577777777778,119.44444444444444,942.5356426663546,256.7577777777778,-48.09974201114045
2025-04-26 13:00:00,2025-04-26,14,389.934036939314,388.1222222222222,180.55555555555554,831.5482227737801,388.1222222222222,-1.8118147170918064
2025-04-26 14:00:00,2025-04-26,15,233.9604221635884,352.2955555555556,163.88888888888889,662.2664334302615,352.2955555555556,118.33513339196722
2025-04-26 15:00:00,2025-04-26,16,77.9868073878628,77.62444444444446,36.111111111111114,448.15757183435227,77.62444444444446,-0.36236294341833286
2025-04-26 16:00:00,2025-04-26,17,92.16622691292876,101.50888888888889,47.22222222222222,210.60917776756546,101.50888888888889,9.342661975960127
2025-04-26 17:00:00,2025-04-26,18,28.358839050131927,33.96280729870444,15.799594016888927,13.16632834740744,33.96280729870444,5.603968248572514
2025-04-26 18:00:00,2025-04-26,19,0.0,0.0,0.0,0.0,0.0,0.0
2025-04-26 19:00:00,2025-04-26,20,0.0,0.0,0.0,0.0,0.0,0.0
2025-04-26 20:00:00,2025-04-26,21,0.0,0.0,0.0,0.0,0.0,0.0
2025-04-26 21:00:00,2025-04-26,22,0.0,0.0,0.0,0.0,0.0,0.0
2025-04-26 22:00:00,2025-04-26,23,0.0,0.0,0.0,0.0,0.0,0.0
2025-04-26 23:00:00,2025-04-26,24,0.0,0.0,0.0,0.0,0.0,0.0
2025-04-27 00:00:00,2025-04-27,1,0.0,0.0,0.0,0.0,0.0,0.0
2025-04-27 01:00:00,2025-04-27,2,0.0,0.0,0.0,0.0,0.0,0.0
2025-04-27 02:00:00,2025-04-27,3,0.0,0.0,0.0,0.0,0.0,0.0
2025-04-27 03:00:00,2025-04-27,4,0.0,0.0,0.0,0.0,0.0,0.0
2025-04-27 04:00:00,2025-04-27,5,0.0,0.0,0.0,0.0,0.0,0.0
2025-04-27 05:00:00,2025-04-27,6,21.269129287598943,35.826666666666675,16.666666666666668,54.18456687881572,35.826666666666675,14.557537379067732
2025-04-27 06:00:00,2025-04-27,7,233.9604221635884,274.67111111111114,127.77777777777777,278.44679052760154,274.67111111111114,40.710688947522755
2025-04-27 07:00:00,2025-04-27,8,475.0105540897098,531.428888888889,247.22222222222223,511.71819032755064,531.428888888889,56.418334799179206
2025-04-27 08:00:00,2025-04-27,9,1269.0580474934038,1241.9911111111114,577.7777777777778,714.8648338208144,1241.9911111111114,-27.066936382292397
2025-04-27 09:00:00,2025-04-27,10,1722.7994722955145,1653.997777777778,769.4444444444445,868.9080632292975,1653.997777777778,-68.80169451773645
2025-04-27 10:00:00,2025-04-27,11,1524.287598944591,1624.1422222222222,755.5555555555555,961.9338038887914,1624.1422222222222,99.85462327763116
2025-04-27 11:00:00,2025-04-27,12,2304.155672823219,2083.917777777778,969.4444444444445,987.0947601356864,2083.917777777778,-220.23789504544084
2025-04-27 12:00:00,2025-04-27,13,2268.7071240105543,1880.8999999999999,875.0,942.5809584230932,1880.8999999999999,-387.8071240105544
2025-04-27 13:00:00,2025-04-27,14,1907.131926121372,1588.3155555555559,738.8888888888889,831.6458352039875,1588.3155555555559,-318.8163705658162
2025-04-27 14:00:00,2025-04-27,15,1524.287598944591,1433.0666666666666,666.6666666666666,662.5598572407491,1433.0666666666666,-91.22093227792448
2025-04-27 15:00:00,2025-04-27,16,992.5593667546175,1157.6224362518951,538.5292316021097,448.7743596684248,1157.6224362518951,165.06306949727764
2025-04-27 16:00:00,2025-04-27,17,432.47229551451187,545.8674639830353,253.93908819456425,211.61590682880356,545.8674639830353,113.39516846852348
2025-04-27 17:00:00,2025-04-27,18,134.70448548812666,35.67400531740068,16.5956481751957,13.829706812663082,35.67400531740068,-99.03048017072598
2025-04-27 18:00:00,2025-04-27,19,0.0,0.0,0.0,0.0,0.0,0.0
2025-04-27 19:00:00,2025-04-27,20,0.0,0.0,0.0,0.0,0.0,0.0
2025-04-27 20:00:00,2025-04-27,21,0.0,0.0,0.0,0.0,0.0,0.0
2025-04-27 21:00:00,2025-04-27,22,0.0,0.0,0.0,0.0,0.0,0.0
2025-04-27 22:00:00,2025-04-27,23,0.0,0.0,0.0,0.0,0.0,0.0
2025-04-27 23:00:00,2025-04-27,24,0.0,0.0,0.0,0.0,0.0,0.0
2025-04-28 00:00:00,2025-04-28,1,0.0,0.0,0.0,0.0,0.0,0.0
2025-04-28 01:00:00,2025-04-28,2,0.0,0.0,0.0,0.0,0.0,0.0
2025-04-28 02:00:00,2025-04-28,3,0.0,0.0,0.0,0.0,0.0,0.0
2025-04-28 03:00:00,2025-04-28,4,0.0,0.0,0.0,0.0,0.0,0.0
2025-04-28 04:00:00,2025-04-28,5,0.0,0.0,0.0,0.0,0.0,0.0
2025-04-28 05:00:00,2025-04-28,6,0.0,0.0,0.0,56.13813516992665,0.0,0.0
2025-04-28 06:00:00,2025-04-28,7,14.179419525065963,35.826666666666675,16.666666666666668,280.5426908247109,35.826666666666675,21.64724714160071
2025-04-28 07:00:00,2025-04-28,8,99.25593667546174,71.65333333333335,33.333333333333336,513.3327413188281,71.65333333333335,-27.60260334212839
2025-04-28 08:00:00,2025-04-28,9,134.70448548812666,119.42222222222225,55.55555555555556,715.9745193551335,119.42222222222225,-15.282263265904419
2025-04-28 09:00:00,2025-04-28,10,248.13984168865437,113.45111111111113,52.77777777777778,869.5725830629748,113.45111111111113,-134.68873057754325
2025-04-28 10:00:00,2025-04-28,11,177.24274406332455,161.22,75.0,962.2513211326572,161.22,-16.022744063324552
2025-04-28 11:00:00,2025-04-28,12,687.7018469656992,913.58,425.0,987.1890757675754,913.58,225.8781530343008
2025-04-28 12:00:00,2025-04-28,13,467.9208443271768,901.637777777778,419.44444444444446,942.5920578570076,901.637777777778,433.7169334506012
2025-04-28 13:00:00,2025-04-28,14,1276.1477572559368,1056.8866666666668,491.6666666666667,831.7199172632907,1056.8866666666668,-219.26109058927
2025-04-28 14:00:00,2025-04-28,15,375.754617414248,364.2377777777778,169.44444444444446,662.8394351750007,364.2377777777778,-11.516839636470195
2025-04-28 15:00:00,2025-04-28,16,113.4353562005277,113.45111111111113,52.77777777777778,449.38525560057235,113.45111111111113,0.01575491058342493
2025-04-28 16:00:00,2025-04-28,17,56.71767810026385,71.65333333333335,33.333333333333336,212.6225090156768,71.65333333333335,14.935655233069497
2025-04-28 17:00:00,2025-04-28,18,21.269129287598943,37.42709825066971,17.411191966258702,14.50932663854892,37.42709825066971,16.157968963070765
2025-04-28 18:00:00,2025-04-28,19,0.0,0.0,0.0,0.0,0.0,0.0
2025-04-28 19:00:00,2025-04-28,20,0.0,0.0,0.0,0.0,0.0,0.0
2025-04-28 20:00:00,2025-04-28,21,0.0,0.0,0.0,0.0,0.0,0.0
2025-04-28 21:00:00,2025-04-28,22,0.0,0.0,0.0,0.0,0.0,0.0
2025-04-28 22:00:00,2025-04-28,23,0.0,0.0,0.0,0.0,0.0,0.0
2025-04-28 23:00:00,2025-04-28,24,0.0,0.0,0.0,0.0,0.0,0.0
2025-04-29 00:00:00,2025-04-29,1,0.0,0.0,0.0,0.0,0.0,0.0
2025-04-29 01:00:00,2025-04-29,2,0.0,0.0,0.0,0.0,0.0,0.0
2025-04-29 02:00:00,2025-04-29,3,0.0,0.0,0.0,0.0,0.0,0.0
2025-04-29 03:00:00,2025-04-29,4,0.0,0.0,0.0,0.0,0.0,0.0
2025-04-29 04:00:00,2025-04-29,5,0.0,0.0,0.0,0.0,0.0,0.0
2025-04-29 05:00:00,2025-04-29,6,21.269129287598943,41.797777777777775,19.444444444444443,58.05632298681938,41.797777777777775,20.52864849017883
2025-04-29 06:00:00,2025-04-29,7,233.9604221635884,352.2955555555556,163.88888888888889,282.564695320727,352.2955555555556,118.33513339196722
2025-04-29 07:00:00,2025-04-29,8,737.3298153034301,847.8977777777778,394.44444444444446,514.8721942954917,847.8977777777778,110.56796247434772
2025-04-29 08:00:00,2025-04-29,9,1382.4934036939314,1337.5288888888888,622.2222222222222,717.0133957722473,1337.5288888888888,-44.964514805042654
2025-04-29 09:00:00,2025-04-29,10,1878.77308707124,1749.5355555555557,813.8888888888889,870.1735206222653,1749.5355555555557,-129.2375315156844
2025-04-29 10:00:00,2025-04-29,11,2219.079155672823,2030.177777777778,944.4444444444445,962.5144697018176,2030.177777777778,-188.90137789504524
2025-04-29 11:00:00,2025-04-29,12,2396.3218997361478,2143.628888888889,997.2222222222222,987.2394461778157,2143.628888888889,-252.69301084725885
2025-04-29 12:00:00,2025-04-29,13,2467.2189973614777,2161.5422222222223,1005.5555555555555,942.5700715373886,2161.5422222222223,-305.67677513925537
2025-04-29 13:00:00,2025-04-29,14,2247.4379947229554,1958.5244444444445,911.1111111111111,831.7714190726549,1958.5244444444445,-288.9135502785109
2025-04-29 14:00:00,2025-04-29,15,1871.6833773087071,1683.8533333333335,783.3333333333334,663.105825845625,1683.8533333333335,-187.83004397537366
2025-04-29 15:00:00,2025-04-29,16,1283.2374670184697,1160.7595945942996,539.9886465362391,449.99053878019924,1160.7595945942996,-122.47787242417007
2025-04-29 16:00:00,2025-04-29,17,645.1635883905013,551.0598731141947,256.35461160876196,213.62884300730164,551.0598731141947,-94.10371527630662
2025-04-29 17:00:00,2025-04-29,18,141.79419525065964,39.22099527645128,18.24571793657019,15.204764947141827,39.22099527645128,-102.57319997420836
2025-04-29 18:00:00,2025-04-29,19,7.089709762532982,0.0,0.0,0.0,0.0,-7.089709762532982
2025-04-29 19:00:00,2025-04-29,20,0.0,0.0,0.0,0.0,0.0,0.0
2025-04-29 20:00:00,2025-04-29,21,0.0,0.0,0.0,0.0,0.0,0.0
2025-04-29 21:00:00,2025-04-29,22,0.0,0.0,0.0,0.0,0.0,0.0
2025-04-29 22:00:00,2025-04-29,23,0.0,0.0,0.0,0.0,0.0,0.0
2025-04-29 23:00:00,2025-04-29,24,0.0,0.0,0.0,0.0,0.0,0.0
2025-04-30 00:00:00,2025-04-30,1,0.0,0.0,0.0,0.0,0.0,0.0
2025-04-30 01:00:00,2025-04-30,2,0.0,0.0,0.0,0.0,0.0,0.0
2025-04-30 02:00:00,2025-04-30,3,0.0,0.0,0.0,0.0,0.0,0.0
2025-04-30 03:00:00,2025-04-30,4,0.0,0.0,0.0,0.0,0.0,0.0
2025-04-30 04:00:00,2025-04-30,5,0.0,0.0,0.0,0.0,0.0,0.0
2025-04-30 05:00:00,2025-04-30,6,21.269129287598943,41.797777777777775,19.444444444444443,59.93650925610751,41.797777777777775,20.52864849017883
2025-04-30 06:00:00,2025-04-30,7,241.05013192612137,328.41111111111115,152.77777777777777,284.5125533498209,328.41111111111115,87.36097918498979
2025-04-30 07:00:00,2025-04-30,8,708.9709762532982,800.1288888888888,372.22222222222223,516.3368302267671,800.1288888888888,91.1579126355906
2025-04-30 08:00:00,2025-04-30,9,1311.5963060686015,1265.8755555555556,588.8888888888889,717.9821349083965,1265.8755555555556,-45.720750513045914
2025-04-30 09:00:00,2025-04-30,10,1765.3377308707124,1659.968888888889,772.2222222222222,870.7118404309762,1659.968888888889,-105.36884198182338
2025-04-30 10:00:00,2025-04-30,11,2091.4643799472296,1337.5288888888888,622.2222222222222,962.7243949881306,1337.5288888888888,-753.9354910583409
2025-04-30 11:00:00,2025-04-30,12,2282.88654353562,2071.9755555555557,963.8888888888889,987.247073742027,2071.9755555555557,-210.91098798006442
2025-04-30 12:00:00,2025-04-30,13,2289.976253298153,2030.177777777778,944.4444444444445,942.5161310096931,2030.177777777778,-259.7984755203752
2025-04-30 13:00:00,2025-04-30,14,1970.9393139841688,1791.3333333333335,833.3333333333334,831.8012784314983,1791.3333333333335,-179.60598065083536
2025-04-30 14:00:00,2025-04-30,15,1417.9419525065964,1224.0777777777776,569.4444444444443,663.3596641173002,1224.0777777777776,-193.86417472881885
2025-04-30 15:00:00,2025-04-30,16,815.3166226912929,979.2622222222222,455.55555555555554,450.59045618644797,979.2622222222222,163.94559953092937
2025-04-30 16:00:00,2025-04-30,17,304.85751978891824,459.7755555555555,213.88888888888889,214.63473146140893,459.7755555555555,154.91803576663727
2025-04-30 17:00:00,2025-04-30,18,198.51187335092348,41.05449265722874,19.098666104032723,15.915555086693937,41.05449265722874,-157.45738069369474
2025-04-30 18:00:00,2025-04-30,19,0.0,0.0,0.0,0.0,0.0,0.0
2025-04-30 19:00:00,2025-04-30,20,0.0,0.0,0.0,0.0,0.0,0.0
2025-04-30 20:00:00,2025-04-30,21,0.0,0.0,0.0,0.0,0.0,0.0
2025-04-30 21:00:00,2025-04-30,22,0.0,0.0,0.0,0.0,0.0,0.0
2025-04-30 22:00:00,2025-04-30,23,0.0,0.0,0.0,0.0,0.0,0.0
2025-04-30 23:00:00,2025-04-30,24,0.0,0.0,0.0,0.0,0.0,0.0
2025-05-01 00:00:00,2025-05-01,1,0.0,0.0,0.0,0.0,0.0,0.0
2025-05-01 01:00:00,2025-05-01,2,0.0,0.0,0.0,0.0,0.0,0.0
2025-05-01 02:00:00,2025-05-01,3,0.0,0.0,0.0,0.0,0.0,0.0
2025-05-01 03:00:00,2025-05-01,4,0.0,0.0,0.0,0.0,0.0,0.0
2025-05-01 04:00:00,2025-05-01,5,0.0,0.0,0.0,0.0,0.0,0.0
2025-05-01 05:00:00,2025-05-01,6,7.089709762532982,17.913333333333338,8.333333333333334,61.77624699685849,17.913333333333338,10.823623570800356
2025-05-01 06:00:00,2025-05-01,7,163.06332453825857,161.22,75.0,286.3860557559378,161.22,-1.843324538258571
2025-05-01 07:00:00,2025-05-01,8,368.66490765171505,340.35333333333335,158.33333333333334,517.7269649645027,340.35333333333335,-28.3115743183817
2025-05-01 08:00:00,2025-05-01,9,496.27968337730874,400.0644444444444,186.11111111111111,718.8814397934068,400.0644444444444,-96.21523893286434
2025-05-01 09:00:00,2025-05-01,10,418.2928759894459,358.26666666666665,166.66666666666666,871.1885337511866,358.26666666666665,-60.026209322779266
2025-05-01 10:00:00,2025-05-01,11,375.754617414248,364.2377777777778,169.44444444444446,962.8822638142819,364.2377777777778,-11.516839636470195
2025-05-01 11:00:00,2025-05-01,12,815.3166226912929,680.7066666666667,316.6666666666667,987.2131765470867,680.7066666666667,-134.60995602462617
2025-05-01 12:00:00,2025-05-01,13,609.7150395778365,985.2333333333335,458.3333333333333,942.4313777867457,985.2333333333335,375.518293755497
2025-05-01 13:00:00,2025-05-01,14,524.6385224274406,638.908888888889,297.22222222222223,831.8104377172255,638.908888888889,114.27036646144836
2025-05-01 14:00:00,2025-05-01,15,1176.891820580475,1349.4711111111112,627.7777777777778,663.6015848547321,1349.4711111111112,172.57929053063617
2025-05-01 15:00:00,2025-05-01,16,737.3298153034301,662.7933333333333,308.3333333333333,451.1852512172554,662.7933333333333,-74.53648197009682
2025-05-01 16:00:00,2025-05-01,17,467.9208443271768,406.03555555555556,188.88888888888889,215.6399911818186,406.03555555555556,-61.88528877162122
2025-05-01 17:00:00,2025-05-01,18,177.24274406332455,42.926310464768044,19.969441042411628,16.641200868676357,42.926310464768044,-134.3164335985565
2025-05-01 18:00:00,2025-05-01,19,0.0,0.0,0.0,0.0,0.0,0.0
2025-05-01 19:00:00,2025-05-01,20,0.0,0.0,0.0,0.0,0.0,0.0
2025-05-01 20:00:00,2025-05-01,21,0.0,0.0,0.0,0.0,0.0,0.0
2025-05-01 21:00:00,2025-05-01,22,0.0,0.0,0.0,0.0,0.0,0.0
2025-05-01 22:00:00,2025-05-01,23,0.0,0.0,0.0,0.0,0.0,0.0
2025-05-01 23:00:00,2025-05-01,24,0.0,0.0,0.0,0.0,0.0,0.0
2025-05-02 00:00:00,2025-05-02,1,0.0,0.0,0.0,0.0,0.0,0.0
2025-05-02 01:00:00,2025-05-02,2,0.0,0.0,0.0,0.0,0.0,0.0
2025-05-02 02:00:00,2025-05-02,3,0.0,0.0,0.0,0.0,0.0,0.0
2025-05-02 03:00:00,2025-05-02,4,0.0,0.0,0.0,0.0,0.0,0.0
2025-05-02 04:00:00,2025-05-02,5,0.0,0.0,0.0,0.0,0.0,0.0
2025-05-02 05:00:00,2025-05-02,6,28.358839050131927,47.76888888888889,22.22222222222222,63.57323764489706,47.76888888888889,19.41004983875696
2025-05-02 06:00:00,2025-05-02,7,233.9604221635884,352.2955555555556,163.88888888888889,288.18501348612233,352.2955555555556,118.33513339196722
2025-05-02 07:00:00,2025-05-02,8,744.4195250659631,877.7533333333333,408.3333333333333,519.0429293714523,877.7533333333333,133.33380826737027
2025-05-02 08:00:00,2025-05-02,9,1389.5831134564644,1361.4133333333334,633.3333333333334,719.712028668453,1361.4133333333334,-28.169780123130977
2025-05-02 09:00:00,2025-05-02,10,1786.6068601583113,1761.477777777778,819.4444444444445,871.6046079690466,1761.477777777778,-25.12908238053319
2025-05-02 10:00:00,2025-05-02,11,2020.5672823218997,1785.3622222222223,830.5555555555555,962.9892603896618,1785.3622222222223,-235.20506009967744
2025-05-02 11:00:00,2025-05-02,12,1970.9393139841688,1755.5066666666667,816.6666666666666,987.1389915212601,1755.5066666666667,-215.4326473175022
2025-05-02 12:00:00,2025-05-02,13,2247.4379947229554,1892.8422222222223,880.5555555555555,942.3169738148645,1892.8422222222223,-354.5957725007331
2025-05-02 13:00:00,2025-05-02,14,2176.5408970976255,1862.9866666666667,866.6666666666666,831.7998614210769,1862.9866666666667,-313.5542304309588
2025-05-02 14:00:00,2025-05-02,15,1836.2348284960422,1671.911111111111,777.7777777777778,663.8322465270312,1671.911111111111,-164.32371738493111
2025-05-02 15:00:00,2025-05-02,16,1247.7889182058047,1165.363143431926,542.1302304763332,451.77519206361103,1165.363143431926,-82.42577477387886
2025-05-02 16:00:00,2025-05-02,17,616.8047493403694,558.8387252538469,259.97335562609175,216.64446302174312,558.8387252538469,-57.966024086522566
2025-05-02 17:00:00,2025-05-02,18,141.79419525065964,44.83513425577423,20.857431268968284,17.381192724140238,44.83513425577423,-96.95906099488542
2025-05-02 18:00:00,2025-05-02,19,7.089709762532982,0.0,0.0,0.0,0.0,-7.089709762532982
2025-05-02 19:00:00,2025-05-02,20,0.0,0.0,0.0,0.0,0.0,0.0
2025-05-02 20:00:00,2025-05-02,21,0.0,0.0,0.0,0.0,0.0,0.0
2025-05-02 21:00:00,2025-05-02,22,0.0,0.0,0.0,0.0,0.0,0.0
2025-05-02 22:00:00,2025-05-02,23,0.0,0.0,0.0,0.0,0.0,0.0
2025-05-02 23:00:00,2025-05-02,24,0.0,0.0,0.0,0.0,0.0,0.0
2025-05-03 00:00:00,2025-05-03,1,0.0,0.0,0.0,0.0,0.0,0.0
2025-05-03 01:00:00,2025-05-03,2,0.0,0.0,0.0,0.0,0.0,0.0
2025-05-03 02:00:00,2025-05-03,3,0.0,0.0,0.0,0.0,0.0,0.0
2025-05-03 03:00:00,2025-05-03,4,0.0,0.0,0.0,0.0,0.0,0.0
2025-05-03 04:00:00,2025-05-03,5,0.0,0.0,0.0,0.0,0.0,0.0
2025-05-03 05:00:00,2025-05-03,6,21.269129287598943,23.884444444444444,11.11111111111111,65.32531461130587,23.884444444444444,2.615315156845501
2025-05-03 06:00:00,2025-05-03,7,241.05013192612137,250.7866666666667,116.66666666666667,289.9092472753403,250.7866666666667,9.736534740545324
2025-05-03 07:00:00,2025-05-03,8,666.4327176781003,615.0244444444445,286.1111111111111,520.2850596070051,615.0244444444445,-51.40827323365579
2025-05-03 08:00:00,2025-05-03,9,914.5725593667546,1086.7422222222222,505.55555555555554,720.474626981708,1086.7422222222222,172.16966285546755
2025-05-03 09:00:00,2025-05-03,10,1276.1477572559368,1074.8,500.0,871.9610816070943,1074.8,-201.3477572559368
2025-05-03 10:00:00,2025-05-03,11,1545.55672823219,1498.7488888888886,697.2222222222222,963.0465851706665,1498.7488888888886,-46.80783934330134
2025-05-03 11:00:00,2025-05-03,12,1503.018469656992,1731.6222222222223,805.5555555555555,987.0257777885716,1731.6222222222223,228.60375256523025
2025-05-03 12:00:00,2025-05-03,13,786.957783641161,919.551111111111,427.77777777777777,942.1741095806938,919.551111111111,132.59332746995005
2025-05-03 13:00:00,2025-05-03,14,1063.4564643799472,991.2044444444446,461.1111111111111,831.770548858589,991.2044444444446,-72.25201993550263
2025-05-03 14:00:00,2025-05-03,15,999.6490765171504,746.3888888888889,347.22222222222223,664.0523482679517,746.3888888888889,-253.26018762826152
2025-05-03 15:00:00,2025-05-03,16,609.7150395778365,662.7933333333333,308.3333333333333,452.3605920482698,662.7933333333333,53.078293755496816
2025-05-03 16:00:00,2025-05-03,17,333.21635883905014,316.4688888888889,147.22222222222223,217.64803379626866,316.4688888888889,-16.747469950161246
2025-05-03 17:00:00,2025-05-03,18,63.80738786279684,46.779650936245524,21.762025928659064,18.135021607215887,46.779650936245524,-17.027736926551313
2025-05-03 18:00:00,2025-05-03,19,0.0,0.0,0.0,0.0,0.0,0.0
2025-05-03 19:00:00,2025-05-03,20,0.0,0.0,0.0,0.0,0.0,0.0
2025-05-03 20:00:00,2025-05-03,21,0.0,0.0,0.0,0.0,0.0,0.0
2025-05-03 21:00:00,2025-05-03,22,0.0,0.0,0.0,0.0,0.0,0.0
2025-05-03 22:00:00,2025-05-03,23,0.0,0.0,0.0,0.0,0.0,0.0
2025-05-03 23:00:00,2025-05-03,24,0.0,0.0,0.0,0.0,0.0,0.0
2025-05-04 00:00:00,2025-05-04,1,0.0,0.0,0.0,0.0,0.0,0.0
2025-05-04 01:00:00,2025-05-04,2,0.0,0.0,0.0,0.0,0.0,0.0
2025-05-04 02:00:00,2025-05-04,3,0.0,0.0,0.0,0.0,0.0,0.0
2025-05-04 03:00:00,2025-05-04,4,0.0,0.0,0.0,0.0,0.0,0.0
2025-05-04 04:00:00,2025-05-04,5,0.0,0.0,0.0,0.0,0.0,0.0
2025-05-04 05:00:00,2025-05-04,6,14.179419525065963,23.884444444444444,11.11111111111111,67.03043479343309,23.884444444444444,9.70502491937848
2025-05-04 06:00:00,2025-05-04,7,226.8707124010554,238.8444444444445,111.11111111111111,291.55858671387085,238.8444444444445,11.973732043389077
2025-05-04 07:00:00,2025-05-04,8,687.7018469656992,620.9955555555557,288.8888888888889,521.4536956354023,620.9955555555557,-66.70629141014354
2025-05-04 08:00:00,2025-05-04,9,1382.4934036939314,1295.7311111111112,602.7777777777778,721.1699658908249,1295.7311111111112,-86.76229258282024
2025-05-04 09:00:00,2025-05-04,10,1467.5699208443273,1522.6333333333337,708.3333333333334,872.2589832432625,1522.6333333333337,55.063412489006396
2025-05-04 10:00:00,2025-05-04,11,1410.8522427440635,1182.28,550.0,963.0554547746337,1182.28,-228.5722427440635
2025-05-04 11:00:00,2025-05-04,12,1658.9920844327178,1510.6911111111112,702.7777777777778,986.8748179139922,1510.6911111111112,-148.30097332160653
2025-05-04 12:00:00,2025-05-04,13,1283.2374670184697,1230.048888888889,572.2222222222222,942.0040069592264,1230.048888888889,-53.18857812958072
2025-05-04 13:00:00,2025-05-04,14,872.0343007915568,728.4755555555556,338.8888888888889,831.7235388296662,728.4755555555556,-143.5587452360012
2025-05-04 14:00:00,2025-05-04,15,680.6121372031662,824.0133333333334,383.3333333333333,664.262636143648,824.0133333333334,143.40119613016725
2025-05-04 15:00:00,2025-05-04,16,942.9313984168865,943.4355555555557,438.8888888888889,452.94181755799895,943.4355555555557,0.504157138669143
2025-05-04 16:00:00,2025-05-04,17,389.934036939314,400.0644444444444,186.11111111111111,218.65064513854637,400.0644444444444,10.130407505130393
2025-05-04 17:00:00,2025-05-04,18,99.25593667546174,48.75857076568183,22.68262503055537,18.90218752546281,48.75857076568183,-50.49736590977991
2025-05-04 18:00:00,2025-05-04,19,7.089709762532982,0.0,0.0,0.0,0.0,-7.089709762532982
2025-05-04 19:00:00,2025-05-04,20,0.0,0.0,0.0,0.0,0.0,0.0
2025-05-04 20:00:00,2025-05-04,21,0.0,0.0,0.0,0.0,0.0,0.0
2025-05-04 21:00:00,2025-05-04,22,0.0,0.0,0.0,0.0,0.0,0.0
2025-05-04 22:00:00,2025-05-04,23,0.0,0.0,0.0,0.0,0.0,0.0
2025-05-04 23:00:00,2025-05-04,24,0.0,0.0,0.0,0.0,0.0,0.0
2025-05-05 00:00:00,2025-05-05,1,0.0,0.0,0.0,0.0,0.0,0.0
2025-05-05 01:00:00,2025-05-05,2,0.0,0.0,0.0,0.0,0.0,0.0
2025-05-05 02:00:00,2025-05-05,3,0.0,0.0,0.0,0.0,0.0,0.0
2025-05-05 03:00:00,2025-05-05,4,0.0,0.0,0.0,0.0,0.0,0.0
2025-05-05 04:00:00,2025-05-05,5,0.0,0.0,0.0,0.0,0.0,0.0
2025-05-05 05:00:00,2025-05-05,6,28.358839050131927,35.826666666666675,16.666666666666668,68.68667519346889,35.826666666666675,7.467827616534748
2025-05-05 06:00:00,2025-05-05,7,148.88390501319262,119.42222222222225,55.55555555555556,293.1328748693202,119.42222222222225,-29.46168279097037
2025-05-05 07:00:00,2025-05-05,8,453.7414248021108,412.0066666666667,191.66666666666666,522.5491848393493,412.0066666666667,-41.73475813544411
2025-05-05 08:00:00,2025-05-05,9,1198.1609498680739,1068.828888888889,497.22222222222223,721.7987844329554,1068.828888888889,-129.33206097918492
2025-05-05 09:00:00,2025-05-05,10,1219.430079155673,1122.5688888888888,522.2222222222222,872.4993523148818,1122.5688888888888,-96.8611902667842
2025-05-05 10:00:00,2025-05-05,11,1141.44327176781,1140.4822222222222,530.5555555555555,963.0171014145741,1140.4822222222222,-0.9610495455879118
2025-05-05 11:00:00,2025-05-05,12,1779.5171503957783,1701.7666666666669,791.6666666666666,986.6874161286773,1701.7666666666669,-77.75048372911147
2025-05-05 12:00:00,2025-05-05,13,1666.0817941952507,1755.5066666666667,816.6666666666666,941.8079164124819,1755.5066666666667,89.42487247141594
2025-05-05 13:00:00,2025-05-05,14,1183.981530343008,1283.7888888888888,597.2222222222222,831.6599059567975,1283.7888888888888,99.80735854588079
2025-05-05 14:00:00,2025-05-05,15,311.9472295514512,286.6133333333334,133.33333333333334,664.4638991206389,286.6133333333334,-25.333896218117786
2025-05-05 15:00:00,2025-05-05,16,99.25593667546174,137.33555555555557,63.888888888888886,453.5192837747077,137.33555555555557,38.07961888009383
2025-05-05 16:00:00,2025-05-05,17,63.80738786279684,89.56666666666666,41.666666666666664,219.65228975120698,89.56666666666666,25.759278803869826
2025-05-05 17:00:00,2025-05-05,18,7.089709762532982,23.884444444444444,11.11111111111111,19.682201725198865,23.884444444444444,16.794734681911464
2025-05-05 18:00:00,2025-05-05,19,0.0,0.0,0.0,0.0,0.0,0.0
2025-05-05 19:00:00,2025-05-05,20,0.0,0.0,0.0,0.0,0.0,0.0
2025-05-05 20:00:00,2025-05-05,21,0.0,0.0,0.0,0.0,0.0,0.0
2025-05-05 21:00:00,2025-05-05,22,0.0,0.0,0.0,0.0,0.0,0.0
2025-05-05 22:00:00,2025-05-05,23,0.0,0.0,0.0,0.0,0.0,0.0
2025-05-05 23:00:00,2025-05-05,24,0.0,0.0,0.0,0.0,0.0,0.0
2025-05-06 00:00:00,2025-05-06,1,0.0,0.0,0.0,0.0,0.0,0.0
2025-05-06 01:00:00,2025-05-06,2,0.0,0.0,0.0,0.0,0.0,0.0
2025-05-06 02:00:00,2025-05-06,3,0.0,0.0,0.0,0.0,0.0,0.0
2025-05-06 03:00:00,2025-05-06,4,0.0,0.0,0.0,0.0,0.0,0.0
2025-05-06 04:00:00,2025-05-06,5,0.0,0.0,0.0,0.0,0.0,0.0
2025-05-06 05:00:00,2025-05-06,6,14.179419525065963,41.797777777777775,19.444444444444443,70.29223176723127,41.797777777777775,27.61835825271181
2025-05-06 06:00:00,2025-05-06,7,63.80738786279684,119.42222222222225,55.55555555555556,294.63197509792474,119.42222222222225,55.61483435942541
2025-05-06 07:00:00,2025-05-06,8,283.5883905013193,298.5555555555556,138.88888888888889,523.5718878117474,298.5555555555556,14.967165054236318
2025-05-06 08:00:00,2025-05-06,9,779.868073878628,829.9844444444445,386.1111111111111,722.3618333024056,829.9844444444445,50.11637056581651
2025-05-06 09:00:00,2025-05-06,10,1212.3403693931398,1206.1644444444444,561.1111111111111,872.6832404665121,1206.1644444444444,-6.17592494869541
2025-05-06 10:00:00,2025-05-06,11,630.9841688654353,656.8222222222223,305.55555555555554,962.9327715515728,656.8222222222223,25.838053356786986
2025-05-06 11:00:00,2025-05-06,12,368.66490765171505,513.5155555555556,238.88888888888889,986.4648941967913,513.5155555555556,144.85064790384052
2025-05-06 12:00:00,2025-05-06,13,397.02374670184696,435.8911111111112,202.77777777777777,941.5871101480111,435.8911111111112,38.86736440926421
2025-05-06 13:00:00,2025-05-06,14,829.4960422163589,961.348888888889,447.22222222222223,831.5807514489525,961.348888888889,131.85284667253006
2025-05-06 14:00:00,2025-05-06,15,460.83113456464383,806.1,375.0,664.6569577458306,806.1,345.2688654353562
2025-05-06 15:00:00,2025-05-06,16,432.47229551451187,376.18000000000006,175.0,454.0934421685315,376.18000000000006,-56.29229551451181
2025-05-06 16:00:00,2025-05-06,17,545.9076517150396,569.1788238338103,264.7835987317688,220.65299894314066,569.1788238338103,23.271172118770664
2025-05-06 17:00:00,2025-05-06,18,113.4353562005277,52.814598854442046,24.569500769651118,20.474583974709265,52.814598854442046,-60.62075734608566
2025-05-06 18:00:00,2025-05-06,19,0.0,0.0,0.0,0.0,0.0,0.0
2025-05-06 19:00:00,2025-05-06,20,0.0,0.0,0.0,0.0,0.0,0.0
2025-05-06 20:00:00,2025-05-06,21,0.0,0.0,0.0,0.0,0.0,0.0
2025-05-06 21:00:00,2025-05-06,22,0.0,0.0,0.0,0.0,0.0,0.0
2025-05-06 22:00:00,2025-05-06,23,0.0,0.0,0.0,0.0,0.0,0.0
2025-05-06 23:00:00,2025-05-06,24,0.0,0.0,0.0,0.0,0.0,0.0
2025-05-07 00:00:00,2025-05-07,1,0.0,0.0,0.0,0.0,0.0,0.0
2025-05-07 01:00:00,2025-05-07,2,0.0,0.0,0.0,0.0,0.0,0.0
2025-05-07 02:00:00,2025-05-07,3,0.0,0.0,0.0,0.0,0.0,0.0
2025-05-07 03:00:00,2025-05-07,4,0.0,0.0,0.0,0.0,0.0,0.0
2025-05-07 04:00:00,2025-05-07,5,0.0,0.0,0.0,0.0,0.0,0.0
2025-05-07 05:00:00,2025-05-07,6,0.0,0.0,0.0,71.8454192084212,0.0,0.0
2025-05-07 06:00:00,2025-05-07,7,28.358839050131927,41.797777777777775,19.444444444444443,296.0557784460887,41.797777777777775,13.438938727645848
2025-05-07 07:00:00,2025-05-07,8,113.4353562005277,107.48,50.0,524.5221846746116,107.48,-5.955356200527703
2025-05-07 08:00:00,2025-05-07,9,134.70448548812666,155.24888888888893,72.22222222222223,722.8598791854405,155.24888888888893,20.544403400762263
2025-05-07 09:00:00,2025-05-07,10,184.33245382585753,203.01777777777778,94.44444444444444,872.811713047203,203.01777777777778,18.685323951920253
2025-05-07 10:00:00,2025-05-07,11,170.15303430079155,220.9311111111111,102.77777777777777,962.8037241806554,220.9311111111111,50.77807681031956
2025-05-07 11:00:00,2025-05-07,12,85.07651715039577,101.50888888888889,47.22222222222222,986.2085862359114,101.50888888888889,16.432371738493117
2025-05-07 12:00:00,2025-05-07,13,106.34564643799473,113.45111111111113,52.77777777777778,941.3428735034477,113.45111111111113,7.105464673116401
2025-05-07 13:00:00,2025-05-07,14,63.80738786279684,89.56666666666666,41.666666666666664,831.4871913181571,89.56666666666666,25.759278803869826
2025-05-07 14:00:00,2025-05-07,15,106.34564643799473,131.36444444444444,61.111111111111114,664.842649781369,131.36444444444444,25.018798006449714
2025-05-07 15:00:00,2025-05-07,16,120.52506596306068,125.39333333333335,58.333333333333336,454.66476427683824,125.39333333333335,4.868267370272662
2025-05-07 16:00:00,2025-05-07,17,63.80738786279684,71.65333333333335,33.333333333333336,221.65282631539634,71.65333333333335,7.845945470536513
2025-05-07 17:00:00,2025-05-07,18,7.089709762532982,23.884444444444444,11.11111111111111,21.278856835268865,23.884444444444444,16.794734681911464
2025-05-07 18:00:00,2025-05-07,19,0.0,0.0,0.0,0.0,0.0,0.0
2025-05-07 19:00:00,2025-05-07,20,0.0,0.0,0.0,0.0,0.0,0.0
2025-05-07 20:00:00,2025-05-07,21,0.0,0.0,0.0,0.0,0.0,0.0
2025-05-07 21:00:00,2025-05-07,22,0.0,0.0,0.0,0.0,0.0,0.0
2025-05-07 22:00:00,2025-05-07,23,0.0,0.0,0.0,0.0,0.0,0.0
2025-05-07 23:00:00,2025-05-07,24,0.0,0.0,0.0,0.0,0.0,0.0
2025-05-08 00:00:00,2025-05-08,1,0.0,0.0,0.0,0.0,0.0,0.0
2025-05-08 01:00:00,2025-05-08,2,0.0,0.0,0.0,0.0,0.0,0.0
2025-05-08 02:00:00,2025-05-08,3,0.0,0.0,0.0,0.0,0.0,0.0
2025-05-08 03:00:00,2025-05-08,4,0.0,0.0,0.0,0.0,0.0,0.0
2025-05-08 04:00:00,2025-05-08,5,0.0,0.0,0.0,0.0,0.0,0.0
2025-05-08 05:00:00,2025-05-08,6,14.179419525065963,23.884444444444444,11.11111111111111,73.34467142365214,23.884444444444444,9.70502491937848
2025-05-08 06:00:00,2025-05-08,7,134.70448548812666,155.24888888888893,72.22222222222223,297.4042111056176,155.24888888888893,20.544403400762263
2025-05-08 07:00:00,2025-05-08,8,304.85751978891824,304.52666666666664,141.66666666666666,525.4004817610395,304.52666666666664,-0.3308531222515967
2025-05-08 08:00:00,2025-05-08,9,765.688654353562,704.5911111111112,327.77777777777777,723.2937092225295,704.5911111111112,-61.0975432424508
2025-05-08 09:00:00,2025-05-08,10,1552.646437994723,1468.8933333333337,683.3333333333334,872.8858508417533,1468.8933333333337,-83.75310466138944
2025-05-08 10:00:00,2025-05-08,11,2169.4511873350925,1892.8422222222223,880.5555555555555,962.6312292266113,1892.8422222222223,-276.60896511287024
2025-05-08 11:00:00,2025-05-08,12,1970.9393139841688,1952.5533333333337,908.3333333333334,985.9198335817678,1952.5533333333337,-18.38598065083511
2025-05-08 12:00:00,2025-05-08,13,2424.6807387862796,2137.657777777778,994.4444444444445,941.0764962792101,2137.657777777778,-287.0229610085016
2025-05-08 13:00:00,2025-05-08,14,2077.2849604221637,1797.3044444444445,836.1111111111111,831.3803444075946,1797.3044444444445,-279.9805159777193
2025-05-08 14:00:00,2025-05-08,15,1113.084432717678,1116.597777777778,519.4444444444445,665.0218155277371,1116.597777777778,3.5133450600999367
2025-05-08 15:00:00,2025-05-08,16,1056.3667546174142,531.428888888889,247.22222222222223,455.23372517269945,531.428888888889,-524.9378657285253
2025-05-08 16:00:00,2025-05-08,17,368.66490765171505,388.1222222222222,180.55555555555554,222.6518310516456,388.1222222222222,19.45731457050715
2025-05-08 17:00:00,2025-05-08,18,241.05013192612137,56.99330484835169,26.513446617208636,22.094538847673864,56.99330484835169,-184.05682707776967
2025-05-08 18:00:00,2025-05-08,19,7.089709762532982,0.0,0.0,0.0,0.0,-7.089709762532982
2025-05-08 19:00:00,2025-05-08,20,0.0,0.0,0.0,0.0,0.0,0.0
2025-05-08 20:00:00,2025-05-08,21,0.0,0.0,0.0,0.0,0.0,0.0
2025-05-08 21:00:00,2025-05-08,22,0.0,0.0,0.0,0.0,0.0,0.0
2025-05-08 22:00:00,2025-05-08,23,0.0,0.0,0.0,0.0,0.0,0.0
2025-05-08 23:00:00,2025-05-08,24,0.0,0.0,0.0,0.0,0.0,0.0
2025-05-09 00:00:00,2025-05-09,1,0.0,0.0,0.0,0.0,0.0,0.0
2025-05-09 01:00:00,2025-05-09,2,0.0,0.0,0.0,0.0,0.0,0.0
2025-05-09 02:00:00,2025-05-09,3,0.0,0.0,0.0,0.0,0.0,0.0
2025-05-09 03:00:00,2025-05-09,4,0.0,0.0,0.0,0.0,0.0,0.0
2025-05-09 04:00:00,2025-05-09,5,0.0,0.0,0.0,0.0,0.0,0.0
2025-05-09 05:00:00,2025-05-09,6,35.44854881266491,47.76888888888889,22.22222222222222,74.78854229959124,47.76888888888889,12.320340076223978
2025-05-09 06:00:00,2025-05-09,7,226.8707124010554,262.7288888888889,122.22222222222223,298.67724167168336,262.7288888888889,35.858176487833475
2025-05-09 07:00:00,2025-05-09,8,517.5488126649077,573.2266666666668,266.6666666666667,526.2072179225181,573.2266666666668,55.6778540017591
2025-05-09 08:00:00,2025-05-09,9,1162.712401055409,1116.597777777778,519.4444444444445,723.6641354967808,1116.597777777778,-46.114623277630926
2025-05-09 09:00:00,2025-05-09,10,1460.4802110817943,1397.24,650.0,872.9067518476369,1397.24,-63.240211081794314
2025-05-09 10:00:00,2025-05-09,11,1885.862796833773,1725.6511111111113,802.7777777777778,962.4165662798652,1725.6511111111113,-160.21168572266174
2025-05-09 11:00:00,2025-05-09,12,2119.8232189973614,2042.1200000000001,950.0,985.599980224764,2042.1200000000001,-77.70321899736132
2025-05-09 12:00:00,2025-05-09,13,1694.4406332453825,865.8111111111111,402.77777777777777,940.7892649204505,865.8111111111111,-828.6295221342714
2025-05-09 13:00:00,2025-05-09,14,1070.5461741424801,883.7244444444444,411.1111111111111,831.261321670954,883.7244444444444,-186.8217296980357
2025-05-09 14:00:00,2025-05-09,15,503.3693931398417,322.44,150.0,665.1952845688604,322.44,-180.9293931398417
2025-05-09 15:00:00,2025-05-09,16,148.88390501319262,131.36444444444444,61.111111111111114,455.80078865045584,131.36444444444444,-17.519460568748173
2025-05-09 16:00:00,2025-05-09,17,141.79419525065964,101.50888888888889,47.22222222222222,223.65006294523005,101.50888888888889,-40.28530636177075
2025-05-09 17:00:00,2025-05-09,18,35.44854881266491,59.125533210196245,27.50536528200421,22.92113773500351,59.125533210196245,23.676984397531335
2025-05-09 18:00:00,2025-05-09,19,0.0,0.0,0.0,0.0,0.0,0.0
2025-05-09 19:00:00,2025-05-09,20,0.0,0.0,0.0,0.0,0.0,0.0
2025-05-09 20:00:00,2025-05-09,21,0.0,0.0,0.0,0.0,0.0,0.0
2025-05-09 21:00:00,2025-05-09,22,0.0,0.0,0.0,0.0,0.0,0.0
2025-05-09 22:00:00,2025-05-09,23,0.0,0.0,0.0,0.0,0.0,0.0
2025-05-09 23:00:00,2025-05-09,24,0.0,0.0,0.0,0.0,0.0,0.0
2025-05-10 00:00:00,2025-05-10,1,0.0,0.0,0.0,0.0,0.0,0.0
2025-05-10 01:00:00,2025-05-10,2,0.0,0.0,0.0,0.0,0.0,0.0
2025-05-10 02:00:00,2025-05-10,3,0.0,0.0,0.0,0.0,0.0,0.0
2025-05-10 03:00:00,2025-05-10,4,0.0,0.0,0.0,0.0,0.0,0.0
2025-05-10 04:00:00,2025-05-10,5,0.0,0.0,0.0,0.0,0.0,0.0
2025-05-10 05:00:00,2025-05-10,6,7.089709762532982,11.942222222222222,5.555555555555555,76.17570618660129,11.942222222222222,4.85251245968924
2025-05-10 06:00:00,2025-05-10,7,205.60158311345646,167.1911111111111,77.77777777777777,299.8748870472819,167.1911111111111,-38.41047200234536
2025-05-10 07:00:00,2025-05-10,8,354.4854881266491,208.98888888888888,97.22222222222223,526.9428697729054,208.98888888888888,-145.49659923776022
2025-05-10 08:00:00,2025-05-10,9,92.16622691292876,53.74,25.0,723.9719985049722,53.74,-38.42622691292876
2025-05-10 09:00:00,2025-05-10,10,28.358839050131927,35.826666666666675,16.666666666666668,872.8755326084887,35.826666666666675,7.467827616534748
2025-05-10 10:00:00,2025-05-10,11,49.62796833773087,71.65333333333335,33.333333333333336,962.161023348547,71.65333333333335,22.02536499560248
2025-05-10 11:00:00,2025-05-10,12,368.66490765171505,286.6133333333334,133.33333333333334,985.2503689109208,286.6133333333334,-82.05157431838165
2025-05-10 12:00:00,2025-05-10,13,524.6385224274406,429.92,200.0,940.4824560446282,429.92,-94.71852242744063
2025-05-10 13:00:00,2025-05-10,14,347.3957783641161,441.8622222222222,205.55555555555554,831.1312173219278,441.8622222222222,94.46644385810612
2025-05-10 14:00:00,2025-05-10,15,170.15303430079155,262.7288888888889,122.22222222222223,665.3638651936324,262.7288888888889,92.57585458809734
2025-05-10 15:00:00,2025-05-10,16,552.9973614775726,716.5333333333333,333.3333333333333,456.36639537417204,716.5333333333333,163.53597185576075
2025-05-10 16:00:00,2025-05-10,17,418.2928759894459,453.8044444444445,211.11111111111111,224.64755056955948,453.8044444444445,35.51156845499861
2025-05-10 17:00:00,2025-05-10,18,56.71767810026385,61.28460903750086,28.509773463668058,23.758144553056717,61.28460903750086,4.566930937237004
2025-05-10 18:00:00,2025-05-10,19,0.0,0.0,0.0,0.0,0.0,0.0
2025-05-10 19:00:00,2025-05-10,20,0.0,0.0,0.0,0.0,0.0,0.0
2025-05-10 20:00:00,2025-05-10,21,0.0,0.0,0.0,0.0,0.0,0.0
2025-05-10 21:00:00,2025-05-10,22,0.0,0.0,0.0,0.0,0.0,0.0
2025-05-10 22:00:00,2025-05-10,23,0.0,0.0,0.0,0.0,0.0,0.0
2025-05-10 23:00:00,2025-05-10,24,0.0,0.0,0.0,0.0,0.0,0.0
2025-05-11 00:00:00,2025-05-11,1,0.0,0.0,0.0,0.0,0.0,0.0
2025-05-11 01:00:00,2025-05-11,2,0.0,0.0,0.0,0.0,0.0,0.0
2025-05-11 02:00:00,2025-05-11,3,0.0,0.0,0.0,0.0,0.0,0.0
2025-05-11 03:00:00,2025-05-11,4,0.0,0.0,0.0,0.0,0.0,0.0
2025-05-11 04:00:00,2025-05-11,5,0.0,0.0,0.0,0.0,0.0,0.0
2025-05-11 05:00:00,2025-05-11,6,0.0,5.971111111111111,2.7777777777777777,77.50495669062681,5.971111111111111,5.971111111111111
2025-05-11 06:00:00,2025-05-11,7,14.179419525065963,29.85555555555556,13.88888888888889,300.99721599042795,29.85555555555556,15.676136030489598
2025-05-11 07:00:00,2025-05-11,8,63.80738786279684,65.68222222222222,30.555555555555557,527.6079545162687,65.68222222222222,1.8748343594253853
2025-05-11 08:00:00,2025-05-11,9,134.70448548812666,107.48,50.0,724.2181688499408,107.48,-27.22448548812666
2025-05-11 09:00:00,2025-05-11,10,354.4854881266491,256.7577777777778,119.44444444444444,872.7933283166957,256.7577777777778,-97.72771034887131
2025-05-11 10:00:00,2025-05-11,11,241.05013192612137,214.96,100.0,961.8658953181716,214.96,-26.09013192612136
2025-05-11 11:00:00,2025-05-11,12,319.0369393139842,143.3066666666667,66.66666666666667,984.8723378725565,143.3066666666667,-175.7302726473175
2025-05-11 12:00:00,2025-05-11,13,347.3957783641161,143.3066666666667,66.66666666666667,940.1573315303136,143.3066666666667,-204.0891116974494
2025-05-11 13:00:00,2025-05-11,14,333.21635883905014,220.9311111111111,102.77777777777777,830.9911025755226,220.9311111111111,-112.28524772793904
2025-05-11 14:00:00,2025-05-11,15,397.02374670184696,322.44,150.0,665.5283369532267,322.44,-74.58374670184696
2025-05-11 15:00:00,2025-05-11,16,219.78100263852244,179.13333333333333,83.33333333333333,456.9309549103214,179.13333333333333,-40.64766930518911
2025-05-11 16:00:00,2025-05-11,17,56.71767810026385,59.71111111111112,27.77777777777778,225.64429337392582,59.71111111111112,2.9934330108472693
2025-05-11 17:00:00,2025-05-11,18,7.089709762532982,23.884444444444444,11.11111111111111,24.605029562948506,23.884444444444444,16.794734681911464
2025-05-11 18:00:00,2025-05-11,19,0.0,0.0,0.0,0.0,0.0,0.0
2025-05-11 19:00:00,2025-05-11,20,0.0,0.0,0.0,0.0,0.0,0.0
2025-05-11 20:00:00,2025-05-11,21,0.0,0.0,0.0,0.0,0.0,0.0
2025-05-11 21:00:00,2025-05-11,22,0.0,0.0,0.0,0.0,0.0,0.0
2025-05-11 22:00:00,2025-05-11,23,0.0,0.0,0.0,0.0,0.0,0.0
2025-05-11 23:00:00,2025-05-11,24,0.0,0.0,0.0,0.0,0.0,0.0
2025-05-12 00:00:00,2025-05-12,1,0.0,0.0,0.0,0.0,0.0,0.0
2025-05-12 01:00:00,2025-05-12,2,0.0,0.0,0.0,0.0,0.0,0.0
2025-05-12 02:00:00,2025-05-12,3,0.0,0.0,0.0,0.0,0.0,0.0
2025-05-12 03:00:00,2025-05-12,4,0.0,0.0,0.0,0.0,0.0,0.0
2025-05-12 04:00:00,2025-05-12,5,0.0,0.0,0.0,0.0,0.0,0.0
2025-05-12 05:00:00,2025-05-12,6,7.089709762532982,17.913333333333338,8.333333333333334,78.77520326369223,17.913333333333338,10.823623570800356
2025-05-12 06:00:00,2025-05-12,7,127.61477572559367,137.33555555555557,63.888888888888886,302.04434921268046,137.33555555555557,9.720779829961899
2025-05-12 07:00:00,2025-05-12,8,248.13984168865437,292.58444444444444,136.11111111111111,528.2030298200388,292.58444444444444,44.44460275579007
2025-05-12 08:00:00,2025-05-12,9,659.3430079155673,758.3311111111111,352.77777777777777,724.4035465033522,758.3311111111111,98.98810319554377
2025-05-12 09:00:00,2025-05-12,10,1091.8153034300792,1080.7711111111112,502.77777777777777,872.6612914627322,1080.7711111111112,-11.044192318968044
2025-05-12 10:00:00,2025-05-12,11,1517.1978891820581,1349.4711111111112,627.7777777777778,961.5324818498722,1349.4711111111112,-167.72677807094692
2025-05-12 11:00:00,2025-05-12,12,1290.3271767810027,1122.5688888888888,522.2222222222222,984.4672180676578,1122.5688888888888,-167.7582878921139
2025-05-12 12:00:00,2025-05-12,13,1410.8522427440635,1236.02,574.9999999999999,939.8151352022677,1236.02,-174.83224274406348
2025-05-12 13:00:00,2025-05-12,14,1680.2612137203166,1367.3844444444446,636.1111111111111,830.8420218279499,1367.3844444444446,-312.876769275872
2025-05-12 14:00:00,2025-05-12,15,1006.7387862796834,1086.7422222222222,505.55555555555554,665.6894466288811,1086.7422222222222,80.00343594253877
2025-05-12 15:00:00,2025-05-12,16,950.0211081794196,907.608888888889,422.22222222222223,457.49484148849695,907.608888888889,-42.412219290530516
2025-05-12 16:00:00,2025-05-12,17,595.5356200527705,584.6230775247033,271.9683092318121,226.64025769317678,584.6230775247033,-10.912542528067206
2025-05-12 17:00:00,2025-05-12,18,248.13984168865437,65.6777773230373,30.55348777588263,25.461239813235526,65.6777773230373,-182.46206436561707
2025-05-12 18:00:00,2025-05-12,19,28.358839050131927,0.0,0.0,0.0,0.0,-28.358839050131927
2025-05-12 19:00:00,2025-05-12,20,0.0,0.0,0.0,0.0,0.0,0.0
2025-05-12 20:00:00,2025-05-12,21,0.0,0.0,0.0,0.0,0.0,0.0
2025-05-12 21:00:00,2025-05-12,22,0.0,0.0,0.0,0.0,0.0,0.0
2025-05-12 22:00:00,2025-05-12,23,0.0,0.0,0.0,0.0,0.0,0.0
2025-05-12 23:00:00,2025-05-12,24,0.0,0.0,0.0,0.0,0.0,0.0
2025-05-13 00:00:00,2025-05-13,1,0.0,0.0,0.0,0.0,0.0,0.0
2025-05-13 01:00:00,2025-05-13,2,0.0,0.0,0.0,0.0,0.0,0.0
2025-05-13 02:00:00,2025-05-13,3,0.0,0.0,0.0,0.0,0.0,0.0
2025-05-13 03:00:00,2025-05-13,4,0.0,0.0,0.0,0.0,0.0,0.0
2025-05-13 04:00:00,2025-05-13,5,0.0,0.0,0.0,0.0,0.0,0.0
2025-05-13 05:00:00,2025-05-13,6,21.269129287598943,71.65333333333335,33.333333333333336,79.98546558878196,71.65333333333335,50.38420404573441
2025-05-13 06:00:00,2025-05-13,7,262.3192612137203,453.8044444444445,211.11111111111111,303.0164567308017,453.8044444444445,191.4851832307242
2025-05-13 07:00:00,2025-05-13,8,808.2269129287599,931.4933333333333,433.3333333333333,528.7286910696439,931.4933333333333,123.26642040457341
2025-05-13 08:00:00,2025-05-13,9,1403.7625329815303,1379.3266666666668,641.6666666666666,724.529058057775,1379.3266666666668,-24.43586631486346
2025-05-13 09:00:00,2025-05-13,10,1857.5039577836412,1785.3622222222223,830.5555555555555,872.4805891123532,1785.3622222222223,-72.14173556141895
2025-05-13 10:00:00,2025-05-13,11,2183.6306068601584,2042.1200000000001,950.0,961.1620848244115,2042.1200000000001,-141.5106068601583
2025-05-13 11:00:00,2025-05-13,12,2382.142480211082,2071.9755555555557,963.8888888888889,984.0363307862759,2071.9755555555557,-310.16692465552615
2025-05-13 12:00:00,2025-05-13,13,2403.4116094986807,2167.513333333334,1008.3333333333334,939.4570906080052,2167.513333333334,-235.89827616534694
2025-05-13 13:00:00,2025-05-13,14,2148.1820580474932,1958.5244444444445,911.1111111111111,830.6849906921308,1958.5244444444445,-189.65761360304873
2025-05-13 14:00:00,2025-05-13,15,1814.9656992084433,1582.3444444444444,736.1111111111111,665.8479064283837,1582.3444444444444,-232.62125476399888
2025-05-13 15:00:00,2025-05-13,16,1148.532981530343,1104.6555555555556,513.8888888888889,458.05839249411304,1104.6555555555556,-43.87742597478746
2025-05-13 16:00:00,2025-05-13,17,361.57519788918205,587.190003216618,273.1624503240687,227.63537527005727,587.190003216618,225.614805327436
2025-05-13 17:00:00,2025-05-13,18,99.25593667546174,67.9089544407167,31.59143768176251,26.326198068135426,67.9089544407167,-31.34698223474504
2025-05-13 18:00:00,2025-05-13,19,0.0,0.0,0.0,0.0,0.0,0.0
2025-05-13 19:00:00,2025-05-13,20,0.0,0.0,0.0,0.0,0.0,0.0
2025-05-13 20:00:00,2025-05-13,21,0.0,0.0,0.0,0.0,0.0,0.0
2025-05-13 21:00:00,2025-05-13,22,0.0,0.0,0.0,0.0,0.0,0.0
2025-05-13 22:00:00,2025-05-13,23,0.0,0.0,0.0,0.0,0.0,0.0
2025-05-13 23:00:00,2025-05-13,24,0.0,0.0,0.0,0.0,0.0,0.0
2025-05-14 00:00:00,2025-05-14,1,0.0,0.0,0.0,0.0,0.0,0.0
2025-05-14 01:00:00,2025-05-14,2,0.0,0.0,0.0,0.0,0.0,0.0
2025-05-14 02:00:00,2025-05-14,3,0.0,0.0,0.0,0.0,0.0,0.0
2025-05-14 03:00:00,2025-05-14,4,0.0,0.0,0.0,0.0,0.0,0.0
2025-05-14 04:00:00,2025-05-14,5,0.0,0.0,0.0,0.0,0.0,0.0
2025-05-14 05:00:00,2025-05-14,6,28.358839050131927,71.65333333333335,33.333333333333336,81.13486685134691,71.65333333333335,43.29449428320142
2025-05-14 06:00:00,2025-05-14,7,262.3192612137203,447.83333333333337,208.33333333333334,303.9137537796222,447.83333333333337,185.51407211961305
2025-05-14 07:00:00,2025-05-14,8,815.3166226912929,937.4644444444446,436.1111111111111,529.185567485844,937.4644444444446,122.14782175315167
2025-05-14 08:00:00,2025-05-14,9,1425.0316622691294,1409.1822222222224,655.5555555555555,724.5956531960333,1409.1822222222224,-15.84944004690692
2025-05-14 09:00:00,2025-05-14,10,1871.6833773087071,1809.2466666666667,841.6666666666666,872.2523997916301,1809.2466666666667,-62.43671064204045
2025-05-14 10:00:00,2025-05-14,11,2169.4511873350925,2048.0911111111113,952.7777777777778,960.7560056756807,2048.0911111111113,-121.3600762239812
2025-05-14 11:00:00,2025-05-14,12,2268.7071240105543,2089.888888888889,972.2222222222222,983.5809854830575,2089.888888888889,-178.8182351216651
2025-05-14 12:00:00,2025-05-14,13,2410.5013192612137,1695.7955555555557,788.8888888888889,939.0843993459075,1695.7955555555557,-714.705763705658
2025-05-14 13:00:00,2025-05-14,14,2197.8100263852243,2018.2355555555557,938.8888888888889,830.5209947101424,2018.2355555555557,-179.5744708296686
2025-05-14 14:00:00,2025-05-14,15,1687.3509234828496,1701.7666666666669,791.6666666666666,666.0043930130771,1701.7666666666669,14.415743183817312
2025-05-14 15:00:00,2025-05-14,16,1035.0976253298154,949.4066666666669,441.6666666666667,458.6219075916484,949.4066666666669,-85.69095866314854
2025-05-14 16:00:00,2025-05-14,17,475.0105540897098,358.26666666666665,166.66666666666666,228.62954256222315,358.26666666666665,-116.74388742304313
2025-05-14 17:00:00,2025-05-14,18,148.88390501319262,70.16114340348555,32.63916235740861,27.199301964507175,70.16114340348555,-78.72276160970706
2025-05-14 18:00:00,2025-05-14,19,7.089709762532982,0.0,0.0,0.0,0.0,-7.089709762532982
2025-05-14 19:00:00,2025-05-14,20,0.0,0.0,0.0,0.0,0.0,0.0
2025-05-14 20:00:00,2025-05-14,21,0.0,0.0,0.0,0.0,0.0,0.0
2025-05-14 21:00:00,2025-05-14,22,0.0,0.0,0.0,0.0,0.0,0.0
2025-05-14 22:00:00,2025-05-14,23,0.0,0.0,0.0,0.0,0.0,0.0
2025-05-14 23:00:00,2025-05-14,24,0.0,0.0,0.0,0.0,0.0,0.0
2025-05-15 00:00:00,2025-05-15,1,0.0,0.0,0.0,0.0,0.0,0.0
2025-05-15 01:00:00,2025-05-15,2,0.0,0.0,0.0,0.0,0.0,0.0
2025-05-15 02:00:00,2025-05-15,3,0.0,0.0,0.0,0.0,0.0,0.0
2025-05-15 03:00:00,2025-05-15,4,0.0,0.0,0.0,0.0,0.0,0.0
2025-05-15 04:00:00,2025-05-15,5,0.0,0.0,0.0,0.0,0.0,0.0
2025-05-15 05:00:00,2025-05-15,6,21.269129287598943,65.68222222222222,30.555555555555557,82.22262772420211,65.68222222222222,44.41309293462328
2025-05-15 06:00:00,2025-05-15,7,226.8707124010554,256.7577777777778,119.44444444444444,304.7364973064497,256.7577777777778,29.887065376722376
2025-05-15 07:00:00,2025-05-15,8,567.1767810026386,573.2266666666668,266.6666666666667,529.5743189569782,573.2266666666668,6.049885664028238
2025-05-15 08:00:00,2025-05-15,9,1105.994722955145,949.4066666666669,441.6666666666667,724.604301771635,949.4066666666669,-156.58805628847824
2025-05-15 09:00:00,2025-05-15,10,1517.1978891820581,1576.3733333333337,733.3333333333334,871.9779109415293,1576.3733333333337,59.17544415127554
2025-05-15 10:00:00,2025-05-15,11,1942.580474934037,1886.8711111111113,877.7777777777778,960.3155431433258,1886.8711111111113,-55.70936382292575
2025-05-15 11:00:00,2025-05-15,12,2134.0026385224273,2221.253333333333,1033.3333333333333,983.1024777756999,2221.253333333333,87.25069481090577
2025-05-15 12:00:00,2025-05-15,13,1822.0554089709763,2209.311111111111,1027.7777777777778,938.6982392308967,2209.311111111111,387.2557021401349
2025-05-15 13:00:00,2025-05-15,14,2240.348284960422,1982.4088888888891,922.2222222222222,830.3509876069577,1982.4088888888891,-257.9393960715329
2025-05-15 14:00:00,2025-05-15,15,1772.4274406332454,1671.911111111111,777.7777777777778,666.1595458242778,1671.911111111111,-100.51632952213436
2025-05-15 15:00:00,2025-05-15,16,673.5224274406332,955.377777777778,444.44444444444446,459.1856470846874,955.377777777778,281.8553503371447
2025-05-15 16:00:00,2025-05-15,17,389.934036939314,256.7577777777778,119.44444444444444,229.622618892871,256.7577777777778,-133.17625916153622
2025-05-15 17:00:00,2025-05-15,18,127.61477572559367,72.43272185066527,33.695907076044506,28.07992256337042,72.43272185066527,-55.1820538749284
2025-05-15 18:00:00,2025-05-15,19,14.179419525065963,0.0,0.0,0.0,0.0,-14.179419525065963
2025-05-15 19:00:00,2025-05-15,20,0.0,0.0,0.0,0.0,0.0,0.0
2025-05-15 20:00:00,2025-05-15,21,0.0,0.0,0.0,0.0,0.0,0.0
2025-05-15 21:00:00,2025-05-15,22,0.0,0.0,0.0,0.0,0.0,0.0
2025-05-15 22:00:00,2025-05-15,23,0.0,0.0,0.0,0.0,0.0,0.0
2025-05-15 23:00:00,2025-05-15,24,0.0,0.0,0.0,0.0,0.0,0.0
2025-05-16 00:00:00,2025-05-16,1,0.0,0.0,0.0,0.0,0.0,0.0
2025-05-16 01:00:00,2025-05-16,2,0.0,0.0,0.0,0.0,0.0,0.0
2025-05-16 02:00:00,2025-05-16,3,0.0,0.0,0.0,0.0,0.0,0.0
2025-05-16 03:00:00,2025-05-16,4,0.0,0.0,0.0,0.0,0.0,0.0
2025-05-16 04:00:00,2025-05-16,5,0.0,0.0,0.0,0.0,0.0,0.0
2025-05-16 05:00:00,2025-05-16,6,14.179419525065963,53.74,25.0,83.2480626039295,53.74,39.56058047493404
2025-05-16 06:00:00,2025-05-16,7,248.13984168865437,412.0066666666667,191.66666666666666,305.4849852081889,412.0066666666667,163.86682497801235
2025-05-16 07:00:00,2025-05-16,8,794.0474934036939,913.58,425.0,530.093010167303,913.58,119.53250659630612
2025-05-16 08:00:00,2025-05-16,9,1389.5831134564644,1385.2977777777778,644.4444444444445,724.7659654939727,1385.2977777777778,-4.285335678686579
2025-05-16 09:00:00,2025-05-16,10,1814.9656992084433,1767.4488888888889,822.2222222222222,871.8748690194145,1767.4488888888889,-47.51681031955445
2025-05-16 10:00:00,2025-05-16,11,2141.0923482849603,1886.8711111111113,877.7777777777778,960.0617179650286,1886.8711111111113,-254.22123717384898
2025-05-16 11:00:00,2025-05-16,12,1985.118733509235,2113.7733333333335,983.3333333333334,982.8225619705088,2113.7733333333335,128.65459982409857
2025-05-16 12:00:00,2025-05-16,13,2197.8100263852243,2071.9755555555557,963.8888888888889,938.5187553209539,2071.9755555555557,-125.83447082966859
2025-05-16 13:00:00,2025-05-16,14,1495.928759894459,1910.755555555556,888.8888888888889,830.3907671645654,1910.755555555556,414.82679566109687
2025-05-16 14:00:00,2025-05-16,15,630.9841688654353,973.2911111111111,452.77777777777777,666.5207398958798,973.2911111111111,342.3069422456758
2025-05-16 15:00:00,2025-05-16,16,510.4591029023747,585.1688888888889,272.22222222222223,459.94091011665927,585.1688888888889,74.70978598651419
2025-05-16 16:00:00,2025-05-16,17,134.70448548812666,310.49777777777786,144.44444444444446,230.77095260571417,310.49777777777786,175.7932922896512
2025-05-16 17:00:00,2025-05-16,18,63.80738786279684,74.86848390607578,34.82903047361173,29.02419206134311,74.86848390607578,11.061096043278944
2025-05-16 18:00:00,2025-05-16,19,7.089709762532982,0.0,0.0,0.0,0.0,-7.089709762532982
2025-05-16 19:00:00,2025-05-16,20,0.0,0.0,0.0,0.0,0.0,0.0
2025-05-16 20:00:00,2025-05-16,21,0.0,0.0,0.0,0.0,0.0,0.0
2025-05-16 21:00:00,2025-05-16,22,0.0,0.0,0.0,0.0,0.0,0.0
2025-05-16 22:00:00,2025-05-16,23,0.0,0.0,0.0,0.0,0.0,0.0
2025-05-16 23:00:00,2025-05-16,24,0.0,0.0,0.0,0.0,0.0,0.0
2025-05-17 00:00:00,2025-05-17,1,0.0,0.0,0.0,0.0,0.0,0.0
2025-05-17 01:00:00,2025-05-17,2,0.0,0.0,0.0,0.0,0.0,0.0
2025-05-17 02:00:00,2025-05-17,3,0.0,0.0,0.0,0.0,0.0,0.0
2025-05-17 03:00:00,2025-05-17,4,0.0,0.0,0.0,0.0,0.0,0.0
2025-05-17 04:00:00,2025-05-17,5,0.0,0.0,0.0,0.0,0.0,0.0
2025-05-17 05:00:00,2025-05-17,6,35.44854881266491,71.65333333333335,33.333333333333336,84.31337460660596,71.65333333333335,36.20478452066844
2025-05-17 06:00:00,2025-05-17,7,269.40897097625333,406.03555555555556,188.88888888888889,306.3309326905021,406.03555555555556,136.62658457930223
2025-05-17 07:00:00,2025-05-17,8,687.7018469656992,668.7644444444444,311.1111111111111,530.7420060039092,668.7644444444444,-18.937402521254853
2025-05-17 08:00:00,2025-05-17,9,1205.2506596306068,1176.3088888888888,547.2222222222222,725.0812150638058,1176.3088888888888,-28.941770741718074
2025-05-17 09:00:00,2025-05-17,10,1198.1609498680739,1349.4711111111112,627.7777777777778,871.9440136609846,1349.4711111111112,151.31016124303733
2025-05-17 10:00:00,2025-05-17,11,751.509234828496,1068.828888888889,497.22222222222223,959.995349491876,1068.828888888889,317.31965406039296
2025-05-17 11:00:00,2025-05-17,12,1304.5065963060686,1092.7133333333334,508.3333333333333,982.7420307522506,1092.7133333333334,-211.7932629727352
2025-05-17 12:00:00,2025-05-17,13,560.0870712401055,1307.6733333333336,608.3333333333334,938.5466064445574,1307.6733333333336,747.5862620932281
2025-05-17 13:00:00,2025-05-17,14,503.3693931398417,262.7288888888889,122.22222222222223,830.640767424976,262.7288888888889,-240.6405042509528
2025-05-17 14:00:00,2025-05-17,15,177.24274406332455,113.45111111111113,52.77777777777778,667.0881305714578,113.45111111111113,-63.79163295221342
2025-05-17 15:00:00,2025-05-17,16,134.70448548812666,173.16222222222223,80.55555555555556,460.88761660988416,173.16222222222223,38.45773673409556
2025-05-17 16:00:00,2025-05-17,17,134.70448548812666,185.10444444444448,86.11111111111111,232.07464757078142,185.10444444444448,50.39995895631782
2025-05-17 17:00:00,2025-05-17,18,141.79419525065964,77.47484676152037,36.041517845887775,30.03459820490648,77.47484676152037,-64.31934848913927
2025-05-17 18:00:00,2025-05-17,19,7.089709762532982,0.0,0.0,0.0,0.0,-7.089709762532982
2025-05-17 19:00:00,2025-05-17,20,0.0,0.0,0.0,0.0,0.0,0.0
2025-05-17 20:00:00,2025-05-17,21,0.0,0.0,0.0,0.0,0.0,0.0
2025-05-17 21:00:00,2025-05-17,22,0.0,0.0,0.0,0.0,0.0,0.0
2025-05-17 22:00:00,2025-05-17,23,0.0,0.0,0.0,0.0,0.0,0.0
2025-05-17 23:00:00,2025-05-17,24,0.0,0.0,0.0,0.0,0.0,0.0
2025-05-18 00:00:00,2025-05-18,1,0.0,0.0,0.0,0.0,0.0,0.0
2025-05-18 01:00:00,2025-05-18,2,0.0,0.0,0.0,0.0,0.0,0.0
2025-05-18 02:00:00,2025-05-18,3,0.0,0.0,0.0,0.0,0.0,0.0
2025-05-18 03:00:00,2025-05-18,4,0.0,0.0,0.0,0.0,0.0,0.0
2025-05-18 04:00:00,2025-05-18,5,0.0,0.0,0.0,0.0,0.0,0.0
2025-05-18 05:00:00,2025-05-18,6,7.089709762532982,23.884444444444444,11.11111111111111,85.41948988368893,23.884444444444444,16.794734681911464
2025-05-18 06:00:00,2025-05-18,7,219.78100263852244,244.81555555555556,113.88888888888889,307.27464795183107,244.81555555555556,25.034552917033125
2025-05-18 07:00:00,2025-05-18,8,595.5356200527705,680.7066666666667,316.6666666666667,531.324553920236,680.7066666666667,85.17104661389624
2025-05-18 08:00:00,2025-05-18,9,1233.6094986807389,1170.3377777777778,544.4444444444445,725.3409616744125,1170.3377777777778,-63.27172090296108
2025-05-18 09:00:00,2025-05-18,10,1588.0949868073878,1731.6222222222223,805.5555555555555,871.9698541496045,1731.6222222222223,143.52723541483442
2025-05-18 10:00:00,2025-05-18,11,1850.4142480211083,1749.5355555555557,813.8888888888889,959.897843699348,1749.5355555555557,-100.8786924655526
2025-05-18 11:00:00,2025-05-18,12,893.3034300791556,1218.1066666666666,566.6666666666666,982.641500694367,1218.1066666666666,324.8032365875109
2025-05-18 12:00:00,2025-05-18,13,219.78100263852244,238.8444444444445,111.11111111111111,938.5637386650728,238.8444444444445,19.063441805922054
2025-05-18 13:00:00,2025-05-18,14,226.8707124010554,286.6133333333334,133.33333333333334,830.8868008008895,286.6133333333334,59.74262093227799
2025-05-18 14:00:00,2025-05-18,15,127.61477572559367,167.1911111111111,77.77777777777777,667.6553126267631,167.1911111111111,39.576335385517424
2025-05-18 15:00:00,2025-05-18,16,163.06332453825857,197.0466666666667,91.66666666666667,461.8347143320033,197.0466666666667,33.98334212840814
2025-05-18 16:00:00,2025-05-18,17,113.4353562005277,95.53777777777778,44.44444444444444,233.37699108345586,95.53777777777778,-17.89757842274993
2025-05-18 17:00:00,2025-05-18,18,113.4353562005277,80.10598815712855,37.26553226513237,31.054610220943644,80.10598815712855,-33.32936804339916
2025-05-18 18:00:00,2025-05-18,19,7.089709762532982,0.0,0.0,0.0,0.0,-7.089709762532982
2025-05-18 19:00:00,2025-05-18,20,0.0,0.0,0.0,0.0,0.0,0.0
2025-05-18 20:00:00,2025-05-18,21,0.0,0.0,0.0,0.0,0.0,0.0
2025-05-18 21:00:00,2025-05-18,22,0.0,0.0,0.0,0.0,0.0,0.0
2025-05-18 22:00:00,2025-05-18,23,0.0,0.0,0.0,0.0,0.0,0.0
2025-05-18 23:00:00,2025-05-18,24,0.0,0.0,0.0,0.0,0.0,0.0
2025-05-19 00:00:00,2025-05-19,1,0.0,0.0,0.0,0.0,0.0,0.0
2025-05-19 01:00:00,2025-05-19,2,0.0,0.0,0.0,0.0,0.0,0.0
2025-05-19 02:00:00,2025-05-19,3,0.0,0.0,0.0,0.0,0.0,0.0
2025-05-19 03:00:00,2025-05-19,4,0.0,0.0,0.0,0.0,0.0,0.0
2025-05-19 04:00:00,2025-05-19,5,0.0,0.0,0.0,0.0,0.0,0.0
2025-05-19 05:00:00,2025-05-19,6,56.71767810026385,89.56666666666666,41.666666666666664,86.46348249229179,89.56666666666666,32.84898856640281
2025-05-19 06:00:00,2025-05-19,7,198.51187335092348,203.01777777777778,94.44444444444444,308.1451275369855,203.01777777777778,4.5059044268543005
2025-05-19 07:00:00,2025-05-19,8,304.85751978891824,286.6133333333334,133.33333333333334,531.8414417192489,286.6133333333334,-18.24418645558484
2025-05-19 08:00:00,2025-05-19,9,708.9709762532982,656.8222222222223,305.55555555555554,725.5462695498509,656.8222222222223,-52.148754031075896
2025-05-19 09:00:00,2025-05-19,10,1339.9551451187335,1253.9333333333334,583.3333333333334,871.95362344064,1253.9333333333334,-86.02181178540013
2025-05-19 10:00:00,2025-05-19,11,1467.5699208443273,1313.6444444444446,611.1111111111111,959.7704888302005,1313.6444444444446,-153.92547639988265
2025-05-19 11:00:00,2025-05-19,12,1254.8786279683377,1050.9155555555556,488.8888888888889,982.5221996187065,1050.9155555555556,-203.96307241278214
2025-05-19 12:00:00,2025-05-19,13,1481.7493403693932,1695.7955555555557,788.8888888888889,938.5712082047376,1695.7955555555557,214.0462151861625
2025-05-19 13:00:00,2025-05-19,14,808.2269129287599,555.3133333333333,258.3333333333333,831.1296535477957,555.3133333333333,-252.91357959542665
2025-05-19 14:00:00,2025-05-19,15,567.1767810026386,752.3600000000001,350.0,668.2227239877184,752.3600000000001,185.18321899736156
2025-05-19 15:00:00,2025-05-19,16,340.3060686015831,591.14,275.0,462.78224286440326,591.14,250.8339313984169
2025-05-19 16:00:00,2025-05-19,17,397.02374670184696,262.7288888888889,122.22222222222223,234.67761524942287,262.7288888888889,-134.29485781295807
2025-05-19 17:00:00,2025-05-19,18,56.71767810026385,77.62444444444446,36.111111111111114,32.083359980908405,77.62444444444446,20.90676634418061
2025-05-19 18:00:00,2025-05-19,19,0.0,0.0,0.0,0.0,0.0,0.0
2025-05-19 19:00:00,2025-05-19,20,0.0,0.0,0.0,0.0,0.0,0.0
2025-05-19 20:00:00,2025-05-19,21,0.0,0.0,0.0,0.0,0.0,0.0
2025-05-19 21:00:00,2025-05-19,22,0.0,0.0,0.0,0.0,0.0,0.0
2025-05-19 22:00:00,2025-05-19,23,0.0,0.0,0.0,0.0,0.0,0.0
2025-05-19 23:00:00,2025-05-19,24,0.0,0.0,0.0,0.0,0.0,0.0
2025-05-20 00:00:00,2025-05-20,1,0.0,0.0,0.0,0.0,0.0,0.0
2025-05-20 01:00:00,2025-05-20,2,0.0,0.0,0.0,0.0,0.0,0.0
2025-05-20 02:00:00,2025-05-20,3,0.0,0.0,0.0,0.0,0.0,0.0
2025-05-20 03:00:00,2025-05-20,4,0.0,0.0,0.0,0.0,0.0,0.0
2025-05-20 04:00:00,2025-05-20,5,0.0,0.0,0.0,0.0,0.0,0.0
2025-05-20 05:00:00,2025-05-20,6,21.269129287598943,29.85555555555556,13.88888888888889,87.44482575511564,29.85555555555556,8.586426267956618
2025-05-20 06:00:00,2025-05-20,7,198.51187335092348,203.01777777777778,94.44444444444444,308.94283575414363,203.01777777777778,4.5059044268543005
2025-05-20 07:00:00,2025-05-20,8,475.0105540897098,495.6022222222223,230.55555555555554,532.2935201172307,495.6022222222223,20.591668132512496
2025-05-20 08:00:00,2025-05-20,9,950.0211081794196,979.2622222222222,455.55555555555554,725.6982482696554,979.2622222222222,29.24111404280268
2025-05-20 09:00:00,2025-05-20,10,1134.3535620052771,1403.2111111111112,652.7777777777778,871.8965788703443,1403.2111111111112,268.8575491058341
2025-05-20 10:00:00,2025-05-20,11,1113.084432717678,937.4644444444446,436.1111111111111,959.6145744545408,937.4644444444446,-175.6199882732335
2025-05-20 11:00:00,2025-05-20,12,1361.2242744063324,1421.1244444444446,661.1111111111111,982.3853331229062,1421.1244444444446,59.900170038112265
2025-05-20 12:00:00,2025-05-20,13,1857.5039577836412,1450.98,675.0,938.5700266606137,1450.98,-406.5239577836412
2025-05-20 13:00:00,2025-05-20,14,1276.1477572559368,1164.3666666666666,541.6666666666666,831.3700477848666,1164.3666666666666,-111.7810905892702
2025-05-20 14:00:00,2025-05-20,15,857.8548812664908,913.58,425.0,668.7907233227538,913.58,55.72511873350925
2025-05-20 15:00:00,2025-05-20,16,262.3192612137203,304.52666666666664,141.66666666666666,463.7301536663845,304.52666666666664,42.20740545294632
2025-05-20 16:00:00,2025-05-20,17,475.0105540897098,573.2266666666668,266.6666666666667,235.97606411856057,573.2266666666668,98.21611257695702
2025-05-20 17:00:00,2025-05-20,18,120.52506596306068,85.4334806425784,39.74389683782025,33.11991403151688,85.4334806425784,-35.09158532048228
2025-05-20 18:00:00,2025-05-20,19,0.0,0.0,0.0,0.0,0.0,0.0
2025-05-20 19:00:00,2025-05-20,20,0.0,0.0,0.0,0.0,0.0,0.0
2025-05-20 20:00:00,2025-05-20,21,0.0,0.0,0.0,0.0,0.0,0.0
2025-05-20 21:00:00,2025-05-20,22,0.0,0.0,0.0,0.0,0.0,0.0
2025-05-20 22:00:00,2025-05-20,23,0.0,0.0,0.0,0.0,0.0,0.0
2025-05-20 23:00:00,2025-05-20,24,0.0,0.0,0.0,0.0,0.0,0.0
2025-05-21 00:00:00,2025-05-21,1,0.0,0.0,0.0,0.0,0.0,0.0
2025-05-21 01:00:00,2025-05-21,2,0.0,0.0,0.0,0.0,0.0,0.0
2025-05-21 02:00:00,2025-05-21,3,0.0,0.0,0.0,0.0,0.0,0.0
2025-05-21 03:00:00,2025-05-21,4,0.0,0.0,0.0,0.0,0.0,0.0
2025-05-21 04:00:00,2025-05-21,5,0.0,0.0,0.0,0.0,0.0,0.0
2025-05-21 05:00:00,2025-05-21,6,28.358839050131927,35.826666666666675,16.666666666666668,88.36312558419264,35.826666666666675,7.467827616534748
2025-05-21 06:00:00,2025-05-21,7,177.24274406332455,173.16222222222223,80.55555555555556,309.668329809366,173.16222222222223,-4.080521841102325
2025-05-21 07:00:00,2025-05-21,8,276.4986807387863,244.81555555555556,113.88888888888889,532.6817164429674,244.81555555555556,-31.683125183230715
2025-05-21 08:00:00,2025-05-21,9,595.5356200527705,549.3422222222223,255.55555555555554,725.7980635182871,549.3422222222223,-46.19339783054818
2025-05-21 09:00:00,2025-05-21,10,794.0474934036939,710.5622222222223,330.55555555555554,871.8000092023503,710.5622222222223,-83.4852711814716
2025-05-21 10:00:00,2025-05-21,11,1148.532981530343,1212.1355555555554,563.8888888888888,959.4313943980139,1212.1355555555554,63.602574025212334
2025-05-21 11:00:00,2025-05-21,12,1460.4802110817943,1439.0377777777778,669.4444444444445,982.2320833165597,1439.0377777777778,-21.442433304016504
2025-05-21 12:00:00,2025-05-21,13,1538.467018469657,1731.6222222222223,805.5555555555555,938.561155829808,1731.6222222222223,193.15520375256528
2025-05-21 13:00:00,2025-05-21,14,914.5725593667546,871.7822222222223,405.55555555555554,831.6086329047447,871.7822222222223,-42.79033714453226
2025-05-21 14:00:00,2025-05-21,15,928.7519788918206,1140.4822222222222,530.5555555555555,669.359578978013,1140.4822222222222,211.73024333040155
2025-05-21 15:00:00,2025-05-21,16,638.0738786279684,847.8977777777778,394.44444444444446,464.6782974957945,847.8977777777778,209.82389914980945
2025-05-21 16:00:00,2025-05-21,17,460.83113456464383,423.9488888888889,197.22222222222223,237.27178132600818,423.9488888888889,-36.882245675754916
2025-05-21 17:00:00,2025-05-21,18,148.88390501319262,88.12482430431812,40.99591752154732,34.163264601289434,88.12482430431812,-60.75908070887449
2025-05-21 18:00:00,2025-05-21,19,0.0,0.0,0.0,0.0,0.0,0.0
2025-05-21 19:00:00,2025-05-21,20,0.0,0.0,0.0,0.0,0.0,0.0
2025-05-21 20:00:00,2025-05-21,21,0.0,0.0,0.0,0.0,0.0,0.0
2025-05-21 21:00:00,2025-05-21,22,0.0,0.0,0.0,0.0,0.0,0.0
2025-05-21 22:00:00,2025-05-21,23,0.0,0.0,0.0,0.0,0.0,0.0
2025-05-21 23:00:00,2025-05-21,24,0.0,0.0,0.0,0.0,0.0,0.0
2025-05-22 00:00:00,2025-05-22,1,0.0,0.0,0.0,0.0,0.0,0.0
2025-05-22 01:00:00,2025-05-22,2,0.0,0.0,0.0,0.0,0.0,0.0
2025-05-22 02:00:00,2025-05-22,3,0.0,0.0,0.0,0.0,0.0,0.0
2025-05-22 03:00:00,2025-05-22,4,0.0,0.0,0.0,0.0,0.0,0.0
2025-05-22 04:00:00,2025-05-22,5,0.0,0.0,0.0,0.0,0.0,0.0
2025-05-22 05:00:00,2025-05-22,6,35.44854881266491,47.76888888888889,22.22222222222222,89.2181325597999,47.76888888888889,12.320340076223978
2025-05-22 06:00:00,2025-05-22,7,255.22955145118735,322.44,150.0,310.3222751532659,322.44,67.21044854881265
2025-05-22 07:00:00,2025-05-22,8,673.5224274406332,865.8111111111111,402.77777777777777,533.0070481555431,865.8111111111111,192.2886836704779
2025-05-22 08:00:00,2025-05-22,9,907.4828496042217,973.2911111111111,452.77777777777777,725.8469475196396,973.2911111111111,65.8082615068895
2025-05-22 09:00:00,2025-05-22,10,1396.6728232189973,1188.2511111111114,552.7777777777778,871.6652414796521,1188.2511111111114,-208.42171210788592
2025-05-22 10:00:00,2025-05-22,11,1347.0448548812665,1259.9044444444446,586.1111111111111,959.2222497803093,1259.9044444444446,-87.14041043682187
2025-05-22 11:00:00,2025-05-22,12,1559.736147757256,1677.8822222222223,780.5555555555555,982.063608250911,1677.8822222222223,118.1460744649662
2025-05-22 12:00:00,2025-05-22,13,2531.0263852242742,2269.0222222222224,1055.5555555555557,938.5455039846502,2269.0222222222224,-262.0041630020519
2025-05-22 13:00:00,2025-05-22,14,1701.5303430079157,1665.94,775.0,831.8459794088692,1665.94,-35.590343007915635
2025-05-22 14:00:00,2025-05-22,15,857.8548812664908,734.4466666666668,341.6666666666667,669.9294612890992,734.4466666666668,-123.40821459982396
2025-05-22 15:00:00,2025-05-22,16,638.0738786279684,573.2266666666668,266.6666666666667,465.626416319953,573.2266666666668,-64.84721196130158
2025-05-22 16:00:00,2025-05-22,17,347.3957783641161,316.4688888888889,147.22222222222223,238.56410256381102,316.4688888888889,-30.9268894752272
2025-05-22 17:00:00,2025-05-22,18,77.9868073878628,59.71111111111112,27.77777777777778,35.21232388093237,59.71111111111112,-18.275696276751674
2025-05-22 18:00:00,2025-05-22,19,0.0,0.0,0.0,0.0,0.0,0.0
2025-05-22 19:00:00,2025-05-22,20,0.0,0.0,0.0,0.0,0.0,0.0
2025-05-22 20:00:00,2025-05-22,21,0.0,0.0,0.0,0.0,0.0,0.0
2025-05-22 21:00:00,2025-05-22,22,0.0,0.0,0.0,0.0,0.0,0.0
2025-05-22 22:00:00,2025-05-22,23,0.0,0.0,0.0,0.0,0.0,0.0
2025-05-22 23:00:00,2025-05-22,24,0.0,0.0,0.0,0.0,0.0,0.0
2025-05-23 00:00:00,2025-05-23,1,0.0,0.0,0.0,0.0,0.0,0.0
2025-05-23 01:00:00,2025-05-23,2,0.0,0.0,0.0,0.0,0.0,0.0
2025-05-23 02:00:00,2025-05-23,3,0.0,0.0,0.0,0.0,0.0,0.0
2025-05-23 03:00:00,2025-05-23,4,0.0,0.0,0.0,0.0,0.0,0.0
2025-05-23 04:00:00,2025-05-23,5,0.0,0.0,0.0,0.0,0.0,0.0
2025-05-23 05:00:00,2025-05-23,6,49.62796833773087,65.68222222222222,30.555555555555557,90.00975360897016,65.68222222222222,16.054253884491352
2025-05-23 06:00:00,2025-05-23,7,226.8707124010554,268.7,125.0,310.9054597631115,268.7,41.829287598944575
2025-05-23 07:00:00,2025-05-23,8,673.5224274406332,925.5222222222222,430.55555555555554,533.2706348047659,925.5222222222222,251.999794781589
2025-05-23 08:00:00,2025-05-23,9,1276.1477572559368,1212.1355555555554,563.8888888888888,725.8462079858634,1212.1355555555554,-64.01220170038141
2025-05-23 09:00:00,2025-05-23,10,1814.9656992084433,1767.4488888888889,822.2222222222222,871.4936466723916,1767.4488888888889,-47.51681031955445
2025-05-23 10:00:00,2025-05-23,11,2048.9261213720315,1916.7266666666667,891.6666666666666,958.9884516141001,1916.7266666666667,-132.19945470536481
2025-05-23 11:00:00,2025-05-23,12,2006.3878627968338,1892.8422222222223,880.5555555555555,981.8810418250492,1892.8422222222223,-113.54564057461153
2025-05-23 12:00:00,2025-05-23,13,1736.9788918205804,1671.911111111111,777.7777777777778,938.5239236977517,1671.911111111111,-65.06778070946939
2025-05-23 13:00:00,2025-05-23,14,1169.8021108179419,937.4644444444446,436.1111111111111,832.0825755006481,937.4644444444446,-232.3376663734973
2025-05-23 14:00:00,2025-05-23,15,879.1240105540898,1033.0022222222224,480.55555555555554,670.5004387169809,1033.0022222222224,153.87821166813262
2025-05-23 15:00:00,2025-05-23,16,1070.5461741424801,1074.8,500.0,466.5741399139959,1074.8,4.253825857519814
2025-05-23 16:00:00,2025-05-23,17,467.9208443271768,471.7177777777778,219.44444444444446,239.85225332072238,471.7177777777778,3.7969334506010455
2025-05-23 17:00:00,2025-05-23,18,155.9736147757256,93.54867070136083,43.51910620643879,36.26592183869899,93.54867070136083,-62.42494407436476
2025-05-23 18:00:00,2025-05-23,19,14.179419525065963,0.0,0.0,0.0,0.0,-14.179419525065963
2025-05-23 19:00:00,2025-05-23,20,0.0,0.0,0.0,0.0,0.0,0.0
2025-05-23 20:00:00,2025-05-23,21,0.0,0.0,0.0,0.0,0.0,0.0
2025-05-23 21:00:00,2025-05-23,22,0.0,0.0,0.0,0.0,0.0,0.0
2025-05-23 22:00:00,2025-05-23,23,0.0,0.0,0.0,0.0,0.0,0.0
2025-05-23 23:00:00,2025-05-23,24,0.0,0.0,0.0,0.0,0.0,0.0
2025-05-24 00:00:00,2025-05-24,1,0.0,0.0,0.0,0.0,0.0,0.0
2025-05-24 01:00:00,2025-05-24,2,0.0,0.0,0.0,0.0,0.0,0.0
2025-05-24 02:00:00,2025-05-24,3,0.0,0.0,0.0,0.0,0.0,0.0
2025-05-24 03:00:00,2025-05-24,4,0.0,0.0,0.0,0.0,0.0,0.0
2025-05-24 04:00:00,2025-05-24,5,0.0,0.0,0.0,0.0,0.0,0.0
2025-05-24 05:00:00,2025-05-24,6,21.269129287598943,35.826666666666675,16.666666666666668,90.73806084138636,35.826666666666675,14.557537379067732
2025-05-24 06:00:00,2025-05-24,7,120.52506596306068,131.36444444444444,61.111111111111114,311.41880439314446,131.36444444444444,10.839378481383761
2025-05-24 07:00:00,2025-05-24,8,212.69129287598946,220.9311111111111,102.77777777777777,533.4737062579869,220.9311111111111,8.239818235121646
2025-05-24 08:00:00,2025-05-24,9,404.11345646437996,244.81555555555556,113.88888888888889,725.7972337605602,244.81555555555556,-159.2979009088244
2025-05-24 09:00:00,2025-05-24,10,63.80738786279684,47.76888888888889,22.22222222222222,871.286642991107,47.76888888888889,-16.03849897390795
2025-05-24 10:00:00,2025-05-24,11,49.62796833773087,65.68222222222222,30.555555555555557,958.7313220398829,65.68222222222222,16.054253884491352
2025-05-24 11:00:00,2025-05-24,12,248.13984168865437,256.7577777777778,119.44444444444444,981.6854935307889,256.7577777777778,8.617936089123418
2025-05-24 12:00:00,2025-05-24,13,354.4854881266491,304.52666666666664,141.66666666666666,938.4972107559579,304.52666666666664,-49.95882145998246
2025-05-24 13:00:00,2025-05-24,14,467.9208443271768,453.8044444444445,211.11111111111111,832.3188257280781,453.8044444444445,-14.116399882732253
2025-05-24 14:00:00,2025-05-24,15,354.4854881266491,352.2955555555556,163.88888888888889,671.072477017752,352.2955555555556,-2.189932571093493
2025-05-24 15:00:00,2025-05-24,16,212.69129287598946,208.98888888888888,97.22222222222223,467.5209859603958,208.98888888888888,-3.702403987100581
2025-05-24 16:00:00,2025-05-24,17,92.16622691292876,101.50888888888889,47.22222222222222,241.13535025657066,101.50888888888889,9.342661975960127
2025-05-24 17:00:00,2025-05-24,18,7.089709762532982,29.85555555555556,13.88888888888889,37.32280640354415,29.85555555555556,22.765845793022578
2025-05-24 18:00:00,2025-05-24,19,0.0,0.0,0.0,0.0,0.0,0.0
2025-05-24 19:00:00,2025-05-24,20,0.0,0.0,0.0,0.0,0.0,0.0
2025-05-24 20:00:00,2025-05-24,21,0.0,0.0,0.0,0.0,0.0,0.0
2025-05-24 21:00:00,2025-05-24,22,0.0,0.0,0.0,0.0,0.0,0.0
2025-05-24 22:00:00,2025-05-24,23,0.0,0.0,0.0,0.0,0.0,0.0
2025-05-24 23:00:00,2025-05-24,24,0.0,0.0,0.0,0.0,0.0,0.0
2025-05-25 00:00:00,2025-05-25,1,0.0,0.0,0.0,0.0,0.0,0.0
2025-05-25 01:00:00,2025-05-25,2,0.0,0.0,0.0,0.0,0.0,0.0
2025-05-25 02:00:00,2025-05-25,3,0.0,0.0,0.0,0.0,0.0,0.0
2025-05-25 03:00:00,2025-05-25,4,0.0,0.0,0.0,0.0,0.0,0.0
2025-05-25 04:00:00,2025-05-25,5,0.0,0.0,0.0,0.0,0.0,0.0
2025-05-25 05:00:00,2025-05-25,6,0.0,0.0,0.0,91.4032933970974,0.0,0.0
2025-05-25 06:00:00,2025-05-25,7,14.179419525065963,29.85555555555556,13.88888888888889,311.86336507367184,29.85555555555556,15.676136030489598
2025-05-25 07:00:00,2025-05-25,8,70.89709762532982,95.53777777777778,44.44444444444444,533.6176037562165,95.53777777777778,24.640680152447956
2025-05-25 08:00:00,2025-05-25,9,148.88390501319262,131.36444444444444,61.111111111111114,725.7014947763859,131.36444444444444,-17.519460568748173
2025-05-25 09:00:00,2025-05-25,10,106.34564643799473,179.13333333333333,83.33333333333333,871.0456949892418,179.13333333333333,72.7876868953386
2025-05-25 10:00:00,2025-05-25,11,120.52506596306068,208.98888888888888,97.22222222222223,958.4521931577656,208.98888888888888,88.4638229258282
2025-05-25 11:00:00,2025-05-25,12,411.2031662269129,352.2955555555556,163.88888888888889,981.4780474441596,352.2955555555556,-58.907610671357304
2025-05-25 12:00:00,2025-05-25,13,439.5620052770449,382.1511111111111,177.77777777777777,938.4661037331648,382.1511111111111,-57.41089416593377
2025-05-25 13:00:00,2025-05-25,14,489.18997361477574,334.3822222222222,155.55555555555554,832.5550515994198,334.3822222222222,-154.80775139255354
2025-05-25 14:00:00,2025-05-25,15,418.2928759894459,364.2377777777778,169.44444444444446,671.6454409499896,364.2377777777778,-54.05509821166811
2025-05-25 15:00:00,2025-05-25,16,276.4986807387863,268.7,125.0,468.466363020897,268.7,-7.798680738786288
2025-05-25 16:00:00,2025-05-25,17,205.60158311345646,185.10444444444448,86.11111111111111,242.41240473574942,185.10444444444448,-20.497138669011974
2025-05-25 17:00:00,2025-05-25,18,106.34564643799473,99.00622080720642,46.05797395199405,38.38164495999504,99.00622080720642,-7.339425630788313
2025-05-25 18:00:00,2025-05-25,19,0.0,0.0,0.0,0.0,0.0,0.0
2025-05-25 19:00:00,2025-05-25,20,0.0,0.0,0.0,0.0,0.0,0.0
2025-05-25 20:00:00,2025-05-25,21,0.0,0.0,0.0,0.0,0.0,0.0
2025-05-25 21:00:00,2025-05-25,22,0.0,0.0,0.0,0.0,0.0,0.0
2025-05-25 22:00:00,2025-05-25,23,0.0,0.0,0.0,0.0,0.0,0.0
2025-05-25 23:00:00,2025-05-25,24,0.0,0.0,0.0,0.0,0.0,0.0
2025-05-26 00:00:00,2025-05-26,1,0.0,0.0,0.0,0.0,0.0,0.0
2025-05-26 01:00:00,2025-05-26,2,0.0,0.0,0.0,0.0,0.0,0.0
2025-05-26 02:00:00,2025-05-26,3,0.0,0.0,0.0,0.0,0.0,0.0
2025-05-26 03:00:00,2025-05-26,4,0.0,0.0,0.0,0.0,0.0,0.0
2025-05-26 04:00:00,2025-05-26,5,0.0,0.0,0.0,0.0,0.0,0.0
2025-05-26 05:00:00,2025-05-26,6,0.0,0.0,0.0,92.00584840655146,0.0,0.0
2025-05-26 06:00:00,2025-05-26,7,21.269129287598943,41.797777777777775,19.444444444444443,312.2403235778565,41.797777777777775,20.52864849017883
2025-05-26 07:00:00,2025-05-26,8,63.80738786279684,95.53777777777778,44.44444444444444,533.7037706283695,95.53777777777778,31.73038991498094
2025-05-26 08:00:00,2025-05-26,9,141.79419525065964,167.1911111111111,77.77777777777777,725.5605336949633,167.1911111111111,25.396915860451458
2025-05-26 09:00:00,2025-05-26,10,177.24274406332455,179.13333333333333,83.33333333333333,870.7723069578371,179.13333333333333,1.8905892700087747
2025-05-26 10:00:00,2025-05-26,11,382.844327176781,364.2377777777778,169.44444444444446,958.1524026377178,364.2377777777778,-18.6065493990032
2025-05-26 11:00:00,2025-05-26,12,411.2031662269129,334.3822222222222,155.55555555555554,981.2597604225565,334.3822222222222,-76.82094400469072
2025-05-26 12:00:00,2025-05-26,13,411.2031662269129,262.7288888888889,122.22222222222223,938.4312848972113,262.7288888888889,-148.47427733802402
2025-05-26 13:00:00,2025-05-26,14,397.02374670184696,304.52666666666664,141.66666666666666,832.791494971041,304.52666666666664,-92.49708003518032
2025-05-26 14:00:00,2025-05-26,15,319.0369393139842,268.7,125.0,672.2190998729089,268.7,-50.3369393139842
2025-05-26 15:00:00,2025-05-26,16,212.69129287598946,185.10444444444448,86.11111111111111,469.40957747272256,185.10444444444448,-27.58684843154498
2025-05-26 16:00:00,2025-05-26,17,77.9868073878628,83.59555555555555,38.888888888888886,243.68233014489581,83.59555555555555,5.608748167692752
2025-05-26 17:00:00,2025-05-26,18,21.269129287598943,35.826666666666675,16.666666666666668,39.44102789343432,35.826666666666675,14.557537379067732
2025-05-26 18:00:00,2025-05-26,19,0.0,0.0,0.0,0.0,0.0,0.0
2025-05-26 19:00:00,2025-05-26,20,0.0,0.0,0.0,0.0,0.0,0.0
2025-05-26 20:00:00,2025-05-26,21,0.0,0.0,0.0,0.0,0.0,0.0
2025-05-26 21:00:00,2025-05-26,22,0.0,0.0,0.0,0.0,0.0,0.0
2025-05-26 22:00:00,2025-05-26,23,0.0,0.0,0.0,0.0,0.0,0.0
2025-05-26 23:00:00,2025-05-26,24,0.0,0.0,0.0,0.0,0.0,0.0
2025-05-27 00:00:00,2025-05-27,1,0.0,0.0,0.0,0.0,0.0,0.0
2025-05-27 01:00:00,2025-05-27,2,0.0,0.0,0.0,0.0,0.0,0.0
2025-05-27 02:00:00,2025-05-27,3,0.0,0.0,0.0,0.0,0.0,0.0
2025-05-27 03:00:00,2025-05-27,4,0.0,0.0,0.0,0.0,0.0,0.0
2025-05-27 04:00:00,2025-05-27,5,0.0,0.0,0.0,0.0,0.0,0.0
2025-05-27 05:00:00,2025-05-27,6,49.62796833773087,65.68222222222222,30.555555555555557,92.54625923073344,65.68222222222222,16.054253884491352
2025-05-27 06:00:00,2025-05-27,7,205.60158311345646,250.7866666666667,116.66666666666667,312.5509642448418,250.7866666666667,45.185083553210234
2025-05-27 07:00:00,2025-05-27,8,687.7018469656992,722.5044444444443,336.1111111111111,533.733731095753,722.5044444444443,34.80259747874504
2025-05-27 08:00:00,2025-05-27,9,1070.5461741424801,1074.8,500.0,725.3759483897228,1074.8,4.253825857519814
2025-05-27 09:00:00,2025-05-27,10,1240.6992084432718,1152.4244444444446,536.1111111111111,870.4680100852863,1152.4244444444446,-88.27476399882721
2025-05-27 10:00:00,2025-05-27,11,1545.55672823219,1671.911111111111,777.7777777777778,957.8332862081521,1671.911111111111,126.35438287892111
2025-05-27 11:00:00,2025-05-27,12,2197.8100263852243,2024.206666666667,941.6666666666666,981.0316601640095,2024.206666666667,-173.60335971855739
2025-05-27 12:00:00,2025-05-27,13,2360.873350923483,2185.4266666666667,1016.6666666666666,938.393383656553,2185.4266666666667,-175.4466842568163
2025-05-27 13:00:00,2025-05-27,14,2162.3614775725596,1988.3799999999999,925.0,833.028326311985,1988.3799999999999,-173.9814775725597
2025-05-27 14:00:00,2025-05-27,15,1949.67018469657,1636.0844444444444,761.1111111111111,672.7931397119314,1636.0844444444444,-313.58574025212556
2025-05-27 15:00:00,2025-05-27,16,1269.0580474934038,1104.6555555555556,513.8888888888889,470.34984780793934,1104.6555555555556,-164.40249193784825
2025-05-27 16:00:00,2025-05-27,17,524.6385224274406,471.7177777777778,219.44444444444446,244.94395610519297,471.7177777777778,-52.92074464966282
2025-05-27 17:00:00,2025-05-27,18,177.24274406332455,104.4692106797162,48.59937229238751,40.499476910322926,104.4692106797162,-72.77353338360835
2025-05-27 18:00:00,2025-05-27,19,7.089709762532982,0.0,0.0,0.0,0.0,-7.089709762532982
2025-05-27 19:00:00,2025-05-27,20,0.0,0.0,0.0,0.0,0.0,0.0
2025-05-27 20:00:00,2025-05-27,21,0.0,0.0,0.0,0.0,0.0,0.0
2025-05-27 21:00:00,2025-05-27,22,0.0,0.0,0.0,0.0,0.0,0.0
2025-05-27 22:00:00,2025-05-27,23,0.0,0.0,0.0,0.0,0.0,0.0
2025-05-27 23:00:00,2025-05-27,24,0.0,0.0,0.0,0.0,0.0,0.0
2025-05-28 00:00:00,2025-05-28,1,0.0,0.0,0.0,0.0,0.0,0.0
2025-05-28 01:00:00,2025-05-28,2,0.0,0.0,0.0,0.0,0.0,0.0
2025-05-28 02:00:00,2025-05-28,3,0.0,0.0,0.0,0.0,0.0,0.0
2025-05-28 03:00:00,2025-05-28,4,0.0,0.0,0.0,0.0,0.0,0.0
2025-05-28 04:00:00,2025-05-28,5,0.0,0.0,0.0,0.0,0.0,0.0
2025-05-28 05:00:00,2025-05-28,6,21.269129287598943,29.85555555555556,13.88888888888889,93.02516379095339,29.85555555555556,8.586426267956618
2025-05-28 06:00:00,2025-05-28,7,262.3192612137203,280.6422222222222,130.55555555555554,312.79664010998425,280.6422222222222,18.322961008501863
2025-05-28 07:00:00,2025-05-28,8,510.4591029023747,477.688888888889,222.22222222222223,533.7090596406164,477.688888888889,-32.77021401348571
2025-05-28 08:00:00,2025-05-28,9,772.778364116095,758.3311111111111,352.77777777777777,725.149367031566,758.3311111111111,-14.44725300498385
2025-05-28 09:00:00,2025-05-28,10,1233.6094986807389,1164.3666666666666,541.6666666666666,870.1343447332105,1164.3666666666666,-69.24283201407229
2025-05-28 10:00:00,2025-05-28,11,1049.2770448548813,979.2622222222222,455.55555555555554,957.4961680776042,979.2622222222222,-70.01482263265905
2025-05-28 11:00:00,2025-05-28,12,772.778364116095,567.2555555555556,263.8888888888889,980.7947440217888,567.2555555555556,-205.52280856053937
2025-05-28 12:00:00,2025-05-28,13,673.5224274406332,513.5155555555556,238.88888888888889,938.3529834430399,513.5155555555556,-160.00687188507766
2025-05-28 13:00:00,2025-05-28,14,645.1635883905013,495.6022222222223,230.55555555555554,833.2656587814372,495.6022222222223,-149.56136616827905
2025-05-28 14:00:00,2025-05-28,15,368.66490765171505,352.2955555555556,163.88888888888889,673.3671827548038,352.2955555555556,-16.369352096159446
2025-05-28 15:00:00,2025-05-28,16,262.3192612137203,280.6422222222222,130.55555555555554,471.28632808763,280.6422222222222,18.322961008501863
2025-05-28 16:00:00,2025-05-28,17,177.24274406332455,155.24888888888893,72.22222222222223,246.19605252773783,155.24888888888893,-21.993855174435623
2025-05-28 17:00:00,2025-05-28,18,42.53825857519789,41.797777777777775,19.444444444444443,41.55546061635957,41.797777777777775,-0.740480797420112
2025-05-28 18:00:00,2025-05-28,19,0.0,0.0,0.0,0.0,0.0,0.0
2025-05-28 19:00:00,2025-05-28,20,0.0,0.0,0.0,0.0,0.0,0.0
2025-05-28 20:00:00,2025-05-28,21,0.0,0.0,0.0,0.0,0.0,0.0
2025-05-28 21:00:00,2025-05-28,22,0.0,0.0,0.0,0.0,0.0,0.0
2025-05-28 22:00:00,2025-05-28,23,0.0,0.0,0.0,0.0,0.0,0.0
2025-05-28 23:00:00,2025-05-28,24,0.0,0.0,0.0,0.0,0.0,0.0
2025-05-29 00:00:00,2025-05-29,1,0.0,0.0,0.0,0.0,0.0,0.0
2025-05-29 01:00:00,2025-05-29,2,0.0,0.0,0.0,0.0,0.0,0.0
2025-05-29 02:00:00,2025-05-29,3,0.0,0.0,0.0,0.0,0.0,0.0
2025-05-29 03:00:00,2025-05-29,4,0.0,0.0,0.0,0.0,0.0,0.0
2025-05-29 04:00:00,2025-05-29,5,0.0,0.0,0.0,0.0,0.0,0.0
2025-05-29 05:00:00,2025-05-29,6,0.0,11.942222222222222,5.555555555555555,93.44326993562248,11.942222222222222,11.942222222222222
2025-05-29 06:00:00,2025-05-29,7,28.358839050131927,35.826666666666675,16.666666666666668,312.9787354424898,35.826666666666675,7.467827616534748
2025-05-29 07:00:00,2025-05-29,8,170.15303430079155,89.56666666666666,41.666666666666664,533.6313472031975,89.56666666666666,-80.58636763412488
2025-05-29 08:00:00,2025-05-29,9,233.9604221635884,197.0466666666667,91.66666666666667,724.882420628772,197.0466666666667,-36.91375549692168
2025-05-29 09:00:00,2025-05-29,10,354.4854881266491,328.41111111111115,152.77777777777777,869.7728412863893,328.41111111111115,-26.074377015537948
2025-05-29 10:00:00,2025-05-29,11,177.24274406332455,125.39333333333335,58.333333333333336,957.1423511352459,125.39333333333335,-51.849410729991206
2025-05-29 11:00:00,2025-05-29,12,205.60158311345646,167.1911111111111,77.77777777777777,980.5499790789205,167.1911111111111,-38.41047200234536
2025-05-29 12:00:00,2025-05-29,13,219.78100263852244,179.13333333333333,83.33333333333333,938.3106314786188,179.13333333333333,-40.64766930518911
2025-05-29 13:00:00,2025-05-29,14,226.8707124010554,197.0466666666667,91.66666666666667,833.5035667210719,197.0466666666667,-29.824045734388704
2025-05-29 14:00:00,2025-05-29,15,191.4221635883905,167.1911111111111,77.77777777777777,673.9408134422301,167.1911111111111,-24.231052477279405
2025-05-29 15:00:00,2025-05-29,16,184.33245382585753,179.13333333333333,83.33333333333333,472.2181386721946,179.13333333333333,-5.199120492524202
2025-05-29 16:00:00,2025-05-29,17,106.34564643799473,119.42222222222225,55.55555555555556,247.43736181359455,119.42222222222225,13.076575784227515
2025-05-29 17:00:00,2025-05-29,18,35.44854881266491,53.74,25.0,42.60741715141373,53.74,18.291451187335092
2025-05-29 18:00:00,2025-05-29,19,0.0,0.0,0.0,0.0,0.0,0.0
2025-05-29 19:00:00,2025-05-29,20,0.0,0.0,0.0,0.0,0.0,0.0
2025-05-29 20:00:00,2025-05-29,21,0.0,0.0,0.0,0.0,0.0,0.0
2025-05-29 21:00:00,2025-05-29,22,0.0,0.0,0.0,0.0,0.0,0.0
2025-05-29 22:00:00,2025-05-29,23,0.0,0.0,0.0,0.0,0.0,0.0
2025-05-29 23:00:00,2025-05-29,24,0.0,0.0,0.0,0.0,0.0,0.0
2025-05-30 00:00:00,2025-05-30,1,0.0,0.0,0.0,0.0,0.0,0.0
2025-05-30 01:00:00,2025-05-30,2,0.0,0.0,0.0,0.0,0.0,0.0
2025-05-30 02:00:00,2025-05-30,3,0.0,0.0,0.0,0.0,0.0,0.0
2025-05-30 03:00:00,2025-05-30,4,0.0,0.0,0.0,0.0,0.0,0.0
2025-05-30 04:00:00,2025-05-30,5,0.0,0.0,0.0,0.0,0.0,0.0
2025-05-30 05:00:00,2025-05-30,6,7.089709762532982,23.884444444444444,11.11111111111111,93.80132574460944,23.884444444444444,16.794734681911464
2025-05-30 06:00:00,2025-05-30,7,113.4353562005277,143.3066666666667,66.66666666666667,313.0986335774336,143.3066666666667,29.871310466138993
2025-05-30 07:00:00,2025-05-30,8,560.0870712401055,417.97777777777776,194.44444444444446,533.5021715660024,417.97777777777776,-142.10929346232774
2025-05-30 08:00:00,2025-05-30,9,723.1503957783641,591.14,275.0,724.5767189133026,591.14,-132.0103957783641
2025-05-30 09:00:00,2025-05-30,10,1311.5963060686015,1247.9622222222222,580.5555555555555,869.3850032903435,1247.9622222222222,-63.634083846379326
2025-05-30 10:00:00,2025-05-30,11,2247.4379947229554,1916.7266666666667,891.6666666666666,956.7731087397009,1916.7266666666667,-330.7113280562887
2025-05-30 11:00:00,2025-05-30,12,2474.3087071240107,2185.4266666666667,1016.6666666666666,980.2983031959002,2185.4266666666667,-288.8820404573439
2025-05-30 12:00:00,2025-05-30,13,2389.232189973615,1976.437777777778,919.4444444444445,938.2668490990394,1976.437777777778,-412.7944121958369
2025-05-30 13:00:00,2025-05-30,14,2304.155672823219,2095.86,975.0,833.7421047624531,2095.86,-208.29567282321887
2025-05-30 14:00:00,2025-05-30,15,1666.0817941952507,1701.7666666666669,791.6666666666666,674.5136048746572,1701.7666666666669,35.684872471416156
2025-05-30 15:00:00,2025-05-30,16,1389.5831134564644,1220.4854384277055,567.7732780180988,473.1443983484157,1220.4854384277055,-169.09767502875889
2025-05-30 16:00:00,2025-05-30,17,723.1503957783641,641.44055335609,298.399959693008,248.66663307750667,641.44055335609,-81.70984242227405
2025-05-30 17:00:00,2025-05-30,18,198.51187335092348,112.60579869531227,52.38453605103846,43.65378004253205,112.60579869531227,-85.9060746556112
2025-05-30 18:00:00,2025-05-30,19,14.179419525065963,0.0,0.0,0.0,0.0,-14.179419525065963
2025-05-30 19:00:00,2025-05-30,20,0.0,0.0,0.0,0.0,0.0,0.0
2025-05-30 20:00:00,2025-05-30,21,0.0,0.0,0.0,0.0,0.0,0.0
2025-05-30 21:00:00,2025-05-30,22,0.0,0.0,0.0,0.0,0.0,0.0
2025-05-30 22:00:00,2025-05-30,23,0.0,0.0,0.0,0.0,0.0,0.0
2025-05-30 23:00:00,2025-05-30,24,0.0,0.0,0.0,0.0,0.0,0.0
2025-05-31 00:00:00,2025-05-31,1,0.0,0.0,0.0,0.0,0.0,0.0
2025-05-31 01:00:00,2025-05-31,2,0.0,0.0,0.0,0.0,0.0,0.0
2025-05-31 02:00:00,2025-05-31,3,0.0,0.0,0.0,0.0,0.0,0.0
2025-05-31 03:00:00,2025-05-31,4,0.0,0.0,0.0,0.0,0.0,0.0
2025-05-31 04:00:00,2025-05-31,5,0.0,0.0,0.0,0.0,0.0,0.0
2025-05-31 05:00:00,2025-05-31,6,28.358839050131927,41.797777777777775,19.444444444444443,94.10010028635931,41.797777777777775,13.438938727645848
2025-05-31 06:00:00,2025-05-31,7,191.4221635883905,197.0466666666667,91.66666666666667,313.1576958328862,197.0466666666667,5.624503078276206
2025-05-31 07:00:00,2025-05-31,8,446.6517150395778,435.8911111111112,202.77777777777777,533.3230775321654,435.8911111111112,-10.76060392846665
2025-05-31 08:00:00,2025-05-31,9,680.6121372031662,1027.0311111111112,477.77777777777777,724.2338336734509,1027.0311111111112,346.418973907945
2025-05-31 09:00:00,2025-05-31,10,1375.4036939313985,1468.8933333333337,683.3333333333334,868.9722957431715,1468.8933333333337,93.48963940193516
2025-05-31 10:00:00,2025-05-31,11,2204.8997361477573,2054.0622222222223,955.5555555555555,956.3896790493744,2054.0622222222223,-150.83751392553495
2025-05-31 11:00:00,2025-05-31,12,2353.78364116095,2173.4844444444443,1011.1111111111111,980.040626152743,2173.4844444444443,-180.29919671650578
2025-05-31 12:00:00,2025-05-31,13,2339.6042216358837,2167.513333333334,1008.3333333333334,938.2221399755477,2167.513333333334,-172.09088830254996
2025-05-31 13:00:00,2025-05-31,14,1666.0817941952507,1391.2688888888886,647.2222222222222,833.9813227961057,1391.2688888888886,-274.81290530636215
2025-05-31 14:00:00,2025-05-31,15,1425.0316622691294,1570.4022222222222,730.5555555555555,675.0851399405095,1570.4022222222222,145.37055995309288
2025-05-31 15:00:00,2025-05-31,16,1269.0580474934038,1062.857777777778,494.44444444444446,474.06425014564985,1062.857777777778,-206.20026971562584
2025-05-31 16:00:00,2025-05-31,17,659.3430079155673,644.5772948202778,299.85918069421183,249.88265057850987,644.5772948202778,-14.765713095289584
2025-05-31 17:00:00,2025-05-31,18,141.79419525065964,115.286490955155,53.63160167247628,44.693001393730235,115.286490955155,-26.507704295504638
2025-05-31 18:00:00,2025-05-31,19,21.269129287598943,0.0,0.0,0.0,0.0,-21.269129287598943
2025-05-31 19:00:00,2025-05-31,20,0.0,0.0,0.0,0.0,0.0,0.0
2025-05-31 20:00:00,2025-05-31,21,0.0,0.0,0.0,0.0,0.0,0.0
2025-05-31 21:00:00,2025-05-31,22,0.0,0.0,0.0,0.0,0.0,0.0
2025-05-31 22:00:00,2025-05-31,23,0.0,0.0,0.0,0.0,0.0,0.0
2025-05-31 23:00:00,2025-05-31,24,0.0,0.0,0.0,0.0,0.0,0.0
2025-06-01 00:00:00,2025-06-01,1,0.0,0.0,0.0,0.0,0.0,0.0
2025-06-01 01:00:00,2025-06-01,2,0.0,0.0,0.0,0.0,0.0,0.0
2025-06-01 02:00:00,2025-06-01,3,0.0,0.0,0.0,0.0,0.0,0.0
2025-06-01 03:00:00,2025-06-01,4,0.0,0.0,0.0,0.0,0.0,0.0
2025-06-01 04:00:00,2025-06-01,5,0.0,0.0,0.0,0.0,0.0,0.0
2025-06-01 05:00:00,2025-06-01,6,49.62796833773087,59.71111111111112,27.77777777777778,94.34037514912688,59.71111111111112,10.083142773380253
2025-06-01 06:00:00,2025-06-01,7,198.51187335092348,197.0466666666667,91.66666666666667,313.15725244594,197.0466666666667,-1.4652066842567706
2025-06-01 07:00:00,2025-06-01,8,567.1767810026386,501.5733333333334,233.33333333333334,533.0955676456491,501.5733333333334,-65.60344766930518
2025-06-01 08:00:00,2025-06-01,9,1155.622691292876,1277.817777777778,594.4444444444445,723.8552906287856,1277.817777777778,122.19508648490205
2025-06-01 09:00:00,2025-06-01,10,1524.287598944591,1624.1422222222222,755.5555555555555,868.5361390028039,1624.1422222222222,99.85462327763116
2025-06-01 10:00:00,2025-06-01,11,2013.4775725593668,2018.2355555555557,938.8888888888889,955.9932618620634,2018.2355555555557,4.757982996188957
2025-06-01 11:00:00,2025-06-01,12,2403.4116094986807,1779.3911111111113,827.7777777777778,979.7778299941597,1779.3911111111113,-624.0204983875694
2025-06-01 12:00:00,2025-06-01,13,1049.2770448548813,1068.828888888889,497.22222222222223,938.1769942721484,1068.828888888889,19.551844034007672
2025-06-01 13:00:00,2025-06-01,14,1084.7255936675463,1104.6555555555556,513.8888888888889,834.2212740511943,1104.6555555555556,19.929961888009302
2025-06-01 14:00:00,2025-06-01,15,439.5620052770449,901.637777777778,419.44444444444446,675.6550229468754,901.637777777778,462.0757725007331
2025-06-01 15:00:00,2025-06-01,16,545.9076517150396,806.1,375.0,474.976876110959,806.1,260.1923482849604
2025-06-01 16:00:00,2025-06-01,17,368.66490765171505,388.1222222222222,180.55555555555554,251.08425028908195,388.1222222222222,19.45731457050715
2025-06-01 17:00:00,2025-06-01,18,113.4353562005277,117.94485724269424,54.868281188450986,45.72356765704249,117.94485724269424,4.509501042166534
2025-06-01 18:00:00,2025-06-01,19,0.0,0.0,0.0,0.0,0.0,0.0
2025-06-01 19:00:00,2025-06-01,20,0.0,0.0,0.0,0.0,0.0,0.0
2025-06-01 20:00:00,2025-06-01,21,0.0,0.0,0.0,0.0,0.0,0.0
2025-06-01 21:00:00,2025-06-01,22,0.0,0.0,0.0,0.0,0.0,0.0
2025-06-01 22:00:00,2025-06-01,23,0.0,0.0,0.0,0.0,0.0,0.0
2025-06-01 23:00:00,2025-06-01,24,0.0,0.0,0.0,0.0,0.0,0.0
2025-06-02 00:00:00,2025-06-02,1,0.0,0.0,0.0,0.0,0.0,0.0
2025-06-02 01:00:00,2025-06-02,2,0.0,0.0,0.0,0.0,0.0,0.0
2025-06-02 02:00:00,2025-06-02,3,0.0,0.0,0.0,0.0,0.0,0.0
2025-06-02 03:00:00,2025-06-02,4,0.0,0.0,0.0,0.0,0.0,0.0
2025-06-02 04:00:00,2025-06-02,5,0.0,0.0,0.0,0.0,0.0,0.0
2025-06-02 05:00:00,2025-06-02,6,14.179419525065963,29.85555555555556,13.88888888888889,94.5229433982085,29.85555555555556,15.676136030489598
2025-06-02 06:00:00,2025-06-02,7,191.4221635883905,250.7866666666667,116.66666666666667,313.0986022247247,250.7866666666667,59.364503078276186
2025-06-02 07:00:00,2025-06-02,8,694.7915567282322,501.5733333333334,233.33333333333334,532.8211010738855,501.5733333333334,-193.2182233948988
2025-06-02 08:00:00,2025-06-02,9,1198.1609498680739,931.4933333333333,433.3333333333333,723.4425677752436,931.4933333333333,-266.66761653474055
2025-06-02 09:00:00,2025-06-02,10,1758.2480211081795,1743.5644444444447,811.1111111111111,868.0779070535019,1743.5644444444447,-14.683576663734812
2025-06-02 10:00:00,2025-06-02,11,2013.4775725593668,1982.4088888888891,922.2222222222222,955.58501718266,1982.4088888888891,-31.06868367047764
2025-06-02 11:00:00,2025-06-02,12,2034.7467018469658,1749.5355555555557,813.8888888888889,979.5107681579292,1749.5355555555557,-285.21114629141016
2025-06-02 12:00:00,2025-06-02,13,2084.3746701846967,1851.0444444444445,861.1111111111111,938.1318885828939,1851.0444444444445,-233.33022574025222
2025-06-02 13:00:00,2025-06-02,14,1885.862796833773,1964.4955555555557,913.8888888888889,834.4620159578951,1964.4955555555557,78.6327587217827
2025-06-02 14:00:00,2025-06-02,15,1495.928759894459,1212.1355555555554,563.8888888888888,676.2228815421016,1212.1355555555554,-283.7932043389037
2025-06-02 15:00:00,2025-06-02,16,1318.6860158311347,1227.5458473177546,571.0578002036447,475.88150016970394,1227.5458473177546,-91.1401685133801
2025-06-02 16:00:00,2025-06-02,17,588.4459102902375,650.7363456826502,302.7243885758514,252.27032381320947,650.7363456826502,62.29043539241263
2025-06-02 17:00:00,2025-06-02,18,241.05013192612137,120.57709899174657,56.09280749523007,46.74400624602506,120.57709899174657,-120.4730329343748
2025-06-02 18:00:00,2025-06-02,19,21.269129287598943,0.0,0.0,0.0,0.0,-21.269129287598943
2025-06-02 19:00:00,2025-06-02,20,0.0,0.0,0.0,0.0,0.0,0.0
2025-06-02 20:00:00,2025-06-02,21,0.0,0.0,0.0,0.0,0.0,0.0
2025-06-02 21:00:00,2025-06-02,22,0.0,0.0,0.0,0.0,0.0,0.0
2025-06-02 22:00:00,2025-06-02,23,0.0,0.0,0.0,0.0,0.0,0.0
2025-06-02 23:00:00,2025-06-02,24,0.0,0.0,0.0,0.0,0.0,0.0
2025-06-03 00:00:00,2025-06-03,1,0.0,0.0,0.0,0.0,0.0,0.0
2025-06-03 01:00:00,2025-06-03,2,0.0,0.0,0.0,0.0,0.0,0.0
2025-06-03 02:00:00,2025-06-03,3,0.0,0.0,0.0,0.0,0.0,0.0
2025-06-03 03:00:00,2025-06-03,4,0.0,0.0,0.0,0.0,0.0,0.0
2025-06-03 04:00:00,2025-06-03,5,0.0,0.0,0.0,0.0,0.0,0.0
2025-06-03 05:00:00,2025-06-03,6,49.62796833773087,53.74,25.0,94.64861178778203,53.74,4.112031662269132
2025-06-03 06:00:00,2025-06-03,7,170.15303430079155,220.9311111111111,102.77777777777777,312.9830162584027,220.9311111111111,50.77807681031956
2025-06-03 07:00:00,2025-06-03,8,439.5620052770449,471.7177777777778,219.44444444444446,532.501096697272,471.7177777777778,32.15577250073295
2025-06-03 08:00:00,2025-06-03,9,680.6121372031662,597.1111111111112,277.77777777777777,722.9970973774506,597.1111111111112,-83.50102609205499
2025-06-03 09:00:00,2025-06-03,10,467.9208443271768,352.2955555555556,163.88888888888889,867.5989283074354,352.2955555555556,-115.62528877162117
2025-06-03 10:00:00,2025-06-03,11,127.61477572559367,107.48,50.0,955.1660646591846,107.48,-20.13477572559367
2025-06-03 11:00:00,2025-06-03,12,56.71767810026385,53.74,25.0,979.2402635890257,53.74,-2.9776781002638515
2025-06-03 12:00:00,2025-06-03,13,106.34564643799473,101.50888888888889,47.22222222222222,938.0872827439314,101.50888888888889,-4.83675754910584
2025-06-03 13:00:00,2025-06-03,14,120.52506596306068,149.2777777777778,69.44444444444444,834.7036057273856,149.2777777777778,28.752711814717117
2025-06-03 14:00:00,2025-06-03,15,134.70448548812666,191.07555555555555,88.88888888888889,676.7883612811389,191.07555555555555,56.37107006742889
2025-06-03 15:00:00,2025-06-03,16,92.16622691292876,89.56666666666666,41.666666666666664,476.7773820048374,89.56666666666666,-2.599560246262101
2025-06-03 16:00:00,2025-06-03,17,35.44854881266491,47.76888888888889,22.22222222222222,253.43981234862164,47.76888888888889,12.320340076223978
2025-06-03 17:00:00,2025-06-03,18,21.269129287598943,41.797777777777775,19.444444444444443,47.752884609692245,41.797777777777775,20.52864849017883
2025-06-03 18:00:00,2025-06-03,19,0.0,0.0,0.0,0.0,0.0,0.0
2025-06-03 19:00:00,2025-06-03,20,0.0,0.0,0.0,0.0,0.0,0.0
2025-06-03 20:00:00,2025-06-03,21,0.0,0.0,0.0,0.0,0.0,0.0
2025-06-03 21:00:00,2025-06-03,22,0.0,0.0,0.0,0.0,0.0,0.0
2025-06-03 22:00:00,2025-06-03,23,0.0,0.0,0.0,0.0,0.0,0.0
2025-06-03 23:00:00,2025-06-03,24,0.0,0.0,0.0,0.0,0.0,0.0
2025-06-04 00:00:00,2025-06-04,1,0.0,0.0,0.0,0.0,0.0,0.0
2025-06-04 01:00:00,2025-06-04,2,0.0,0.0,0.0,0.0,0.0,0.0
2025-06-04 02:00:00,2025-06-04,3,0.0,0.0,0.0,0.0,0.0,0.0
2025-06-04 03:00:00,2025-06-04,4,0.0,0.0,0.0,0.0,0.0,0.0
2025-06-04 04:00:00,2025-06-04,5,0.0,0.0,0.0,0.0,0.0,0.0
2025-06-04 05:00:00,2025-06-04,6,7.089709762532982,11.942222222222222,5.555555555555555,94.71820358853776,11.942222222222222,4.85251245968924
2025-06-04 06:00:00,2025-06-04,7,49.62796833773087,65.68222222222222,30.555555555555557,312.81174306013605,65.68222222222222,16.054253884491352
2025-06-04 07:00:00,2025-06-04,8,226.8707124010554,208.98888888888888,97.22222222222223,532.1369377995192,208.98888888888888,-17.881823512166534
2025-06-04 08:00:00,2025-06-04,9,460.83113456464383,274.67111111111114,127.77777777777777,722.5202696301124,274.67111111111114,-186.1600234535327
2025-06-04 09:00:00,2025-06-04,10,404.11345646437996,316.4688888888889,147.22222222222223,867.1004875561152,316.4688888888889,-87.64456757549107
2025-06-04 10:00:00,2025-06-04,11,375.754617414248,286.6133333333334,133.33333333333334,954.7374835444475,286.6133333333334,-89.1412840809146
2025-06-04 11:00:00,2025-06-04,12,581.3562005277045,501.5733333333334,233.33333333333334,978.9671063792717,501.5733333333334,-79.78286719437108
2025-06-04 12:00:00,2025-06-04,13,737.3298153034301,597.1111111111112,277.77777777777777,938.0436150410201,597.1111111111112,-140.2187041923189
2025-06-04 13:00:00,2025-06-04,14,744.4195250659631,644.88,300.0,834.9460932656607,644.88,-99.53952506596306
2025-06-04 14:00:00,2025-06-04,15,552.9973614775726,483.65999999999997,225.0,677.3511163805563,483.65999999999997,-69.33736147757259
2025-06-04 15:00:00,2025-06-04,16,389.934036939314,310.49777777777786,144.44444444444446,477.6638062428522,310.49777777777786,-79.43625916153616
2025-06-04 16:00:00,2025-06-04,17,361.57519788918205,226.90222222222226,105.55555555555556,254.59169521221526,226.90222222222226,-134.6729756669598
2025-06-04 17:00:00,2025-06-04,18,63.80738786279684,59.71111111111112,27.77777777777778,48.74880466203033,59.71111111111112,-4.096276751685714
2025-06-04 18:00:00,2025-06-04,19,7.089709762532982,0.0,0.0,0.0,0.0,-7.089709762532982
2025-06-04 19:00:00,2025-06-04,20,0.0,0.0,0.0,0.0,0.0,0.0
2025-06-04 20:00:00,2025-06-04,21,0.0,0.0,0.0,0.0,0.0,0.0
2025-06-04 21:00:00,2025-06-04,22,0.0,0.0,0.0,0.0,0.0,0.0
2025-06-04 22:00:00,2025-06-04,23,0.0,0.0,0.0,0.0,0.0,0.0
2025-06-04 23:00:00,2025-06-04,24,0.0,0.0,0.0,0.0,0.0,0.0
2025-06-05 00:00:00,2025-06-05,1,0.0,0.0,0.0,0.0,0.0,0.0
2025-06-05 01:00:00,2025-06-05,2,0.0,0.0,0.0,0.0,0.0,0.0
2025-06-05 02:00:00,2025-06-05,3,0.0,0.0,0.0,0.0,0.0,0.0
2025-06-05 03:00:00,2025-06-05,4,0.0,0.0,0.0,0.0,0.0,0.0
2025-06-05 04:00:00,2025-06-05,5,0.0,0.0,0.0,0.0,0.0,0.0
2025-06-05 05:00:00,2025-06-05,6,7.089709762532982,11.942222222222222,5.555555555555555,94.73256187917464,11.942222222222222,4.85251245968924
2025-06-05 06:00:00,2025-06-05,7,155.9736147757256,119.42222222222225,55.55555555555556,312.586014233786,119.42222222222225,-36.55139255350335
2025-06-05 07:00:00,2025-06-05,8,311.9472295514512,238.8444444444445,111.11111111111111,531.7299776853066,238.8444444444445,-73.1027851070067
2025-06-05 08:00:00,2025-06-05,9,333.21635883905014,268.7,125.0,722.0134370568273,268.7,-64.51635883905016
2025-06-05 09:00:00,2025-06-05,10,439.5620052770449,441.8622222222222,205.55555555555554,866.5838286506086,441.8622222222222,2.3002169451773398
2025-06-05 10:00:00,2025-06-05,11,701.8812664907651,650.8511111111111,302.77777777777777,954.300313025953,650.8511111111111,-51.03015537965405
2025-06-05 11:00:00,2025-06-05,12,595.5356200527705,752.3600000000001,350.0,978.6920514522609,752.3600000000001,156.82437994722966
2025-06-05 12:00:00,2025-06-05,13,290.67810026385223,256.7577777777778,119.44444444444444,938.0012970980613,256.7577777777778,-33.92032248607444
2025-06-05 13:00:00,2025-06-05,14,326.12664907651714,328.41111111111115,152.77777777777777,835.1895132344071,328.41111111111115,2.2844620345940143
2025-06-05 14:00:00,2025-06-05,15,319.0369393139842,286.6133333333334,133.33333333333334,677.9107993679733,286.6133333333334,-32.42360598065079
2025-06-05 15:00:00,2025-06-05,16,319.0369393139842,370.20888888888896,172.22222222222223,478.5400700982264,370.20888888888896,51.17194957490477
2025-06-05 16:00:00,2025-06-05,17,127.61477572559367,125.39333333333335,58.333333333333336,255.7249769802524,125.39333333333335,-2.221442392260329
2025-06-05 17:00:00,2025-06-05,18,49.62796833773087,59.71111111111112,27.77777777777778,49.730395591709886,59.71111111111112,10.083142773380253
2025-06-05 18:00:00,2025-06-05,19,28.358839050131927,0.0,0.0,0.0,0.0,-28.358839050131927
2025-06-05 19:00:00,2025-06-05,20,0.0,0.0,0.0,0.0,0.0,0.0
2025-06-05 20:00:00,2025-06-05,21,0.0,0.0,0.0,0.0,0.0,0.0
2025-06-05 21:00:00,2025-06-05,22,0.0,0.0,0.0,0.0,0.0,0.0
2025-06-05 22:00:00,2025-06-05,23,0.0,0.0,0.0,0.0,0.0,0.0
2025-06-05 23:00:00,2025-06-05,24,0.0,0.0,0.0,0.0,0.0,0.0
2025-06-06 00:00:00,2025-06-06,1,0.0,0.0,0.0,0.0,0.0,0.0
2025-06-06 01:00:00,2025-06-06,2,0.0,0.0,0.0,0.0,0.0,0.0
2025-06-06 02:00:00,2025-06-06,3,0.0,0.0,0.0,0.0,0.0,0.0
2025-06-06 03:00:00,2025-06-06,4,0.0,0.0,0.0,0.0,0.0,0.0
2025-06-06 04:00:00,2025-06-06,5,0.0,0.0,0.0,0.0,0.0,0.0
2025-06-06 05:00:00,2025-06-06,6,21.269129287598943,101.50888888888889,47.22222222222222,94.69255323932353,101.50888888888889,80.23975960128995
2025-06-06 06:00:00,2025-06-06,7,304.85751978891824,346.32444444444445,161.11111111111111,312.3070506466019,346.32444444444445,41.46692465552621
2025-06-06 07:00:00,2025-06-06,8,538.8179419525067,513.5155555555556,238.88888888888889,531.2815455916655,513.5155555555556,-25.30238639695108
2025-06-06 08:00:00,2025-06-06,9,1013.8284960422163,847.8977777777778,394.44444444444446,721.4779193840044,847.8977777777778,-165.9307182644385
2025-06-06 09:00:00,2025-06-06,10,1425.0316622691294,1074.8,500.0,866.0501574868592,1074.8,-350.2316622691294
2025-06-06 10:00:00,2025-06-06,11,1814.9656992084433,1767.4488888888889,822.2222222222222,953.8555528991478,1767.4488888888889,-47.51681031955445
2025-06-06 11:00:00,2025-06-06,12,1361.2242744063324,1504.7200000000003,700.0,978.4158165854133,1504.7200000000003,143.49572559366788
2025-06-06 12:00:00,2025-06-06,13,1332.8654353562006,1522.6333333333337,708.3333333333334,937.9607091342301,1522.6333333333337,189.7678979771331
2025-06-06 13:00:00,2025-06-06,14,630.9841688654353,597.1111111111112,277.77777777777777,835.4338777189623,597.1111111111112,-33.87305775432412
2025-06-06 14:00:00,2025-06-06,15,333.21635883905014,244.81555555555556,113.88888888888889,678.4670513673855,244.81555555555556,-88.40080328349458
2025-06-06 15:00:00,2025-06-06,16,311.9472295514512,412.0066666666667,191.66666666666666,479.4054720325212,412.0066666666667,100.05943711521553
2025-06-06 16:00:00,2025-06-06,17,730.2401055408972,489.6311111111111,227.77777777777777,256.83867546920584,489.6311111111111,-240.60899442978604
2025-06-06 17:00:00,2025-06-06,18,77.9868073878628,47.76888888888889,22.22222222222222,50.69630700207809,47.76888888888889,-30.21791849897391
2025-06-06 18:00:00,2025-06-06,19,14.179419525065963,0.0,0.0,0.0,0.0,-14.179419525065963
2025-06-06 19:00:00,2025-06-06,20,0.0,0.0,0.0,0.0,0.0,0.0
2025-06-06 20:00:00,2025-06-06,21,0.0,0.0,0.0,0.0,0.0,0.0
2025-06-06 21:00:00,2025-06-06,22,0.0,0.0,0.0,0.0,0.0,0.0
2025-06-06 22:00:00,2025-06-06,23,0.0,0.0,0.0,0.0,0.0,0.0
2025-06-06 23:00:00,2025-06-06,24,0.0,0.0,0.0,0.0,0.0,0.0
2025-06-07 00:00:00,2025-06-07,1,0.0,0.0,0.0,0.0,0.0,0.0
2025-06-07 01:00:00,2025-06-07,2,0.0,0.0,0.0,0.0,0.0,0.0
2025-06-07 02:00:00,2025-06-07,3,0.0,0.0,0.0,0.0,0.0,0.0
2025-06-07 03:00:00,2025-06-07,4,0.0,0.0,0.0,0.0,0.0,0.0
2025-06-07 04:00:00,2025-06-07,5,0.0,0.0,0.0,0.0,0.0,0.0
2025-06-07 05:00:00,2025-06-07,6,28.358839050131927,59.71111111111112,27.77777777777778,94.5990714564718,59.71111111111112,31.352272060979196
2025-06-07 06:00:00,2025-06-07,7,226.8707124010554,173.16222222222223,80.55555555555556,311.9760682467134,173.16222222222223,-53.70849017883319
2025-06-07 07:00:00,2025-06-07,8,815.3166226912929,758.3311111111111,352.77777777777777,530.7929522096246,758.3311111111111,-56.985511580181765
2025-06-07 08:00:00,2025-06-07,9,1347.0448548812665,1385.2977777777778,644.4444444444445,720.9150078769892,1385.2977777777778,38.252922896511336
2025-06-07 09:00:00,2025-06-07,10,1772.4274406332454,1653.997777777778,769.4444444444445,865.5006446782077,1653.997777777778,-118.42966285546731
2025-06-07 10:00:00,2025-06-07,11,1680.2612137203166,1618.1711111111115,752.7777777777778,953.4041642066404,1618.1711111111115,-62.09010260920513
2025-06-07 11:00:00,2025-06-07,12,992.5593667546175,847.8977777777778,394.44444444444446,978.1390808139031,847.8977777777778,-144.66158897683965
2025-06-07 12:00:00,2025-06-07,13,368.66490765171505,370.20888888888896,172.22222222222223,937.9221961080032,370.20888888888896,1.5439812371739094
2025-06-07 13:00:00,2025-06-07,14,170.15303430079155,71.65333333333335,33.333333333333336,835.6791702348389,71.65333333333335,-98.4997009674582
2025-06-07 14:00:00,2025-06-07,15,42.53825857519789,83.59555555555555,38.888888888888886,679.0194943555248,83.59555555555555,41.05729698035766
2025-06-07 15:00:00,2025-06-07,16,269.40897097625333,310.49777777777786,144.44444444444446,480.25930266206905,310.49777777777786,41.08880680152453
2025-06-07 16:00:00,2025-06-07,17,99.25593667546174,89.56666666666666,41.666666666666664,257.93181238591944,89.56666666666666,-9.689270008795077
2025-06-07 17:00:00,2025-06-07,18,85.07651715039577,77.62444444444446,36.111111111111114,51.645203507619236,77.62444444444446,-7.452072705951309
2025-06-07 18:00:00,2025-06-07,19,14.179419525065963,0.0,0.0,0.0,0.0,-14.179419525065963
2025-06-07 19:00:00,2025-06-07,20,0.0,0.0,0.0,0.0,0.0,0.0
2025-06-07 20:00:00,2025-06-07,21,0.0,0.0,0.0,0.0,0.0,0.0
2025-06-07 21:00:00,2025-06-07,22,0.0,0.0,0.0,0.0,0.0,0.0
2025-06-07 22:00:00,2025-06-07,23,0.0,0.0,0.0,0.0,0.0,0.0
2025-06-07 23:00:00,2025-06-07,24,0.0,0.0,0.0,0.0,0.0,0.0
2025-06-08 00:00:00,2025-06-08,1,0.0,0.0,0.0,0.0,0.0,0.0
2025-06-08 01:00:00,2025-06-08,2,0.0,0.0,0.0,0.0,0.0,0.0
2025-06-08 02:00:00,2025-06-08,3,0.0,0.0,0.0,0.0,0.0,0.0
2025-06-08 03:00:00,2025-06-08,4,0.0,0.0,0.0,0.0,0.0,0.0
2025-06-08 04:00:00,2025-06-08,5,0.0,0.0,0.0,0.0,0.0,0.0
2025-06-08 05:00:00,2025-06-08,6,35.44854881266491,65.68222222222222,30.555555555555557,94.4530395570215,65.68222222222222,30.233673409557312
2025-06-08 06:00:00,2025-06-08,7,177.24274406332455,214.96,100.0,311.5942816319158,214.96,37.71725593667546
2025-06-08 07:00:00,2025-06-08,8,467.9208443271768,537.4,250.0,530.2654931011532,537.4,69.4791556728232
2025-06-08 08:00:00,2025-06-08,9,1020.9182058047494,979.2622222222222,455.55555555555554,720.3259679509313,979.2622222222222,-41.65598358252714
2025-06-08 09:00:00,2025-06-08,10,815.3166226912929,579.1977777777779,269.44444444444446,864.9364270860025,579.1977777777779,-236.11884491351498
2025-06-08 10:00:00,2025-06-08,11,630.9841688654353,913.58,425.0,952.9470694012125,913.58,282.5958311345647
2025-06-08 11:00:00,2025-06-08,12,935.8416886543536,1486.8066666666666,691.6666666666666,977.8624831623363,1486.8066666666666,550.964978012313
2025-06-08 12:00:00,2025-06-08,13,1240.6992084432718,895.6666666666667,416.6666666666667,937.8860650211458,895.6666666666667,-345.03254177660506
2025-06-08 13:00:00,2025-06-08,14,666.4327176781003,949.4066666666669,441.6666666666667,835.9253416756784,949.4066666666669,282.9739489885666
2025-06-08 14:00:00,2025-06-08,15,510.4591029023747,585.1688888888889,272.22222222222223,679.56772598624,585.1688888888889,74.70978598651419
2025-06-08 15:00:00,2025-06-08,16,432.47229551451187,770.2733333333334,358.3333333333333,481.10083878959995,770.2733333333334,337.80103781882156
2025-06-08 16:00:00,2025-06-08,17,297.76781002638523,376.18000000000006,175.0,259.00340722060014,376.18000000000006,78.41218997361483
2025-06-08 17:00:00,2025-06-08,18,63.80738786279684,65.68222222222222,30.555555555555557,52.57576150762121,65.68222222222222,1.8748343594253853
2025-06-08 18:00:00,2025-06-08,19,7.089709762532982,0.0,0.0,0.0,0.0,-7.089709762532982
2025-06-08 19:00:00,2025-06-08,20,0.0,0.0,0.0,0.0,0.0,0.0
2025-06-08 20:00:00,2025-06-08,21,0.0,0.0,0.0,0.0,0.0,0.0
2025-06-08 21:00:00,2025-06-08,22,0.0,0.0,0.0,0.0,0.0,0.0
2025-06-08 22:00:00,2025-06-08,23,0.0,0.0,0.0,0.0,0.0,0.0
2025-06-08 23:00:00,2025-06-08,24,0.0,0.0,0.0,0.0,0.0,0.0
2025-06-09 00:00:00,2025-06-09,1,0.0,0.0,0.0,0.0,0.0,0.0
2025-06-09 01:00:00,2025-06-09,2,0.0,0.0,0.0,0.0,0.0,0.0
2025-06-09 02:00:00,2025-06-09,3,0.0,0.0,0.0,0.0,0.0,0.0
2025-06-09 03:00:00,2025-06-09,4,0.0,0.0,0.0,0.0,0.0,0.0
2025-06-09 04:00:00,2025-06-09,5,0.0,0.0,0.0,0.0,0.0,0.0
2025-06-09 05:00:00,2025-06-09,6,70.89709762532982,95.53777777777778,44.44444444444444,94.25540890129922,95.53777777777778,24.640680152447956
2025-06-09 06:00:00,2025-06-09,7,297.76781002638523,298.5555555555556,138.88888888888889,311.162904317222,298.5555555555556,0.7877455291703654
2025-06-09 07:00:00,2025-06-09,8,439.5620052770449,525.4577777777778,244.44444444444446,529.7004489344513,525.4577777777778,85.8957725007329
2025-06-09 08:00:00,2025-06-09,9,843.6754617414248,871.7822222222223,405.55555555555554,719.7120393227084,871.7822222222223,28.10676048079756
2025-06-09 09:00:00,2025-06-09,10,1297.4168865435356,1719.68,800.0,864.358607601632,1719.68,422.26311345646445
2025-06-09 10:00:00,2025-06-09,11,1609.364116094987,961.348888888889,447.22222222222223,952.485151778797,961.348888888889,-648.015227206098
2025-06-09 11:00:00,2025-06-09,12,1425.0316622691294,1958.5244444444445,911.1111111111111,977.5866216259515,1958.5244444444445,533.4927821753151
2025-06-09 12:00:00,2025-06-09,13,928.7519788918206,1510.6911111111112,702.7777777777778,937.8525834209938,1510.6911111111112,581.9391322192906
2025-06-09 13:00:00,2025-06-09,14,638.0738786279684,1074.8,500.0,836.1723084329252,1074.8,436.72612137203157
2025-06-09 14:00:00,2025-06-09,15,141.79419525065964,256.7577777777778,119.44444444444444,680.1113172597796,256.7577777777778,114.96358252711815
2025-06-09 15:00:00,2025-06-09,16,35.44854881266491,131.36444444444444,61.111111111111114,481.929340804518,131.36444444444444,95.91589563177953
2025-06-09 16:00:00,2025-06-09,17,155.9736147757256,167.1911111111111,77.77777777777777,260.0524744082951,167.1911111111111,11.217496335385505
2025-06-09 17:00:00,2025-06-09,18,141.79419525065964,137.96992988358218,64.18400162057227,53.486668017143565,137.96992988358218,-3.8242653670774587
2025-06-09 18:00:00,2025-06-09,19,70.89709762532982,0.0,0.0,0.0,0.0,-70.89709762532982
2025-06-09 19:00:00,2025-06-09,20,0.0,0.0,0.0,0.0,0.0,0.0
2025-06-09 20:00:00,2025-06-09,21,0.0,0.0,0.0,0.0,0.0,0.0
2025-06-09 21:00:00,2025-06-09,22,0.0,0.0,0.0,0.0,0.0,0.0
2025-06-09 22:00:00,2025-06-09,23,0.0,0.0,0.0,0.0,0.0,0.0
2025-06-09 23:00:00,2025-06-09,24,0.0,0.0,0.0,0.0,0.0,0.0
2025-06-10 00:00:00,2025-06-10,1,0.0,0.0,0.0,0.0,0.0,0.0
2025-06-10 01:00:00,2025-06-10,2,0.0,0.0,0.0,0.0,0.0,0.0
2025-06-10 02:00:00,2025-06-10,3,0.0,0.0,0.0,0.0,0.0,0.0
2025-06-10 03:00:00,2025-06-10,4,0.0,0.0,0.0,0.0,0.0,0.0
2025-06-10 04:00:00,2025-06-10,5,0.0,0.0,0.0,0.0,0.0,0.0
2025-06-10 05:00:00,2025-06-10,6,42.53825857519789,89.56666666666666,41.666666666666664,94.00715561819722,89.56666666666666,47.028408091468776
2025-06-10 06:00:00,2025-06-10,7,248.13984168865437,394.0933333333334,183.33333333333334,310.6831457400547,394.0933333333334,145.95349164467905
2025-06-10 07:00:00,2025-06-10,8,630.9841688654353,758.3311111111111,352.77777777777777,529.0990830062083,758.3311111111111,127.34694224567579
2025-06-10 08:00:00,2025-06-10,9,1176.891820580475,1170.3377777777778,544.4444444444445,719.0744338549731,1170.3377777777778,-6.554042802697268
2025-06-10 09:00:00,2025-06-10,10,1524.287598944591,1761.477777777778,819.4444444444445,863.7682535104261,1761.477777777778,237.19017883318702
2025-06-10 10:00:00,2025-06-10,11,2048.9261213720315,1976.437777777778,919.4444444444445,952.0192542421472,1976.437777777778,-72.48834359425359
2025-06-10 11:00:00,2025-06-10,12,2034.7467018469658,2060.0333333333333,958.3333333333334,977.3120523383923,2060.0333333333333,25.28663148636747
2025-06-10 12:00:00,2025-06-10,13,1687.3509234828496,2161.5422222222223,1005.5555555555555,937.8219789005792,2161.5422222222223,474.19129873937277
2025-06-10 13:00:00,2025-06-10,14,1850.4142480211083,1964.4955555555557,913.8888888888889,836.4199520390355,1964.4955555555557,114.08130753444743
2025-06-10 14:00:00,2025-06-10,15,1822.0554089709763,1719.68,800.0,680.6498123151931,1719.68,-102.3754089709762
2025-06-10 15:00:00,2025-06-10,16,1318.6860158311347,1245.2479378718663,579.292862798598,482.744052332165,1245.2479378718663,-73.43807795926841
2025-06-10 16:00:00,2025-06-10,17,701.8812664907651,673.4559820150101,313.29362765863885,261.0780230488657,673.4559820150101,-28.425284475755006
2025-06-10 17:00:00,2025-06-10,18,127.61477572559367,140.265581702088,65.25194533963901,54.37662111636585,140.265581702088,12.65080597649434
2025-06-10 18:00:00,2025-06-10,19,28.358839050131927,0.0,0.0,0.0,0.0,-28.358839050131927
2025-06-10 19:00:00,2025-06-10,20,0.0,0.0,0.0,0.0,0.0,0.0
2025-06-10 20:00:00,2025-06-10,21,0.0,0.0,0.0,0.0,0.0,0.0
2025-06-10 21:00:00,2025-06-10,22,0.0,0.0,0.0,0.0,0.0,0.0
2025-06-10 22:00:00,2025-06-10,23,0.0,0.0,0.0,0.0,0.0,0.0
2025-06-10 23:00:00,2025-06-10,24,0.0,0.0,0.0,0.0,0.0,0.0
2025-06-11 00:00:00,2025-06-11,1,0.0,0.0,0.0,0.0,0.0,0.0
2025-06-11 01:00:00,2025-06-11,2,0.0,0.0,0.0,0.0,0.0,0.0
2025-06-11 02:00:00,2025-06-11,3,0.0,0.0,0.0,0.0,0.0,0.0
2025-06-11 03:00:00,2025-06-11,4,0.0,0.0,0.0,0.0,0.0,0.0
2025-06-11 04:00:00,2025-06-11,5,0.0,0.0,0.0,0.0,0.0,0.0
2025-06-11 05:00:00,2025-06-11,6,56.71767810026385,95.53777777777778,44.44444444444444,93.70927542028049,95.53777777777778,38.82009967751392
2025-06-11 06:00:00,2025-06-11,7,290.67810026385223,316.4688888888889,147.22222222222223,310.1562066037257,316.4688888888889,25.79078862503667
2025-06-11 07:00:00,2025-06-11,8,801.137203166227,907.608888888889,422.22222222222223,528.4626371702627,907.608888888889,106.47168572266207
2025-06-11 08:00:00,2025-06-11,9,1361.2242744063324,1355.4422222222222,630.5555555555555,718.4143323990899,1355.4422222222222,-5.782052184110171
2025-06-11 09:00:00,2025-06-11,10,1800.7862796833774,1534.5755555555559,713.8888888888889,863.1663941465272,1534.5755555555559,-266.21072412782155
2025-06-11 10:00:00,2025-06-11,11,2162.3614775725596,2024.206666666667,941.6666666666666,951.5501778230606,2024.206666666667,-138.15481090589265
2025-06-11 11:00:00,2025-06-11,12,2367.963060686016,2161.5422222222223,1005.5555555555555,977.0392888761937,2161.5422222222223,-206.42083846379364
2025-06-11 12:00:00,2025-06-11,13,2339.6042216358837,2155.5711111111113,1002.7777777777778,937.7944390356583,2155.5711111111113,-184.03311052477238
2025-06-11 13:00:00,2025-06-11,14,2190.7203166226914,2012.2644444444445,936.1111111111111,836.6681196269972,2012.2644444444445,-178.45587217824686
2025-06-11 14:00:00,2025-06-11,15,1864.5936675461742,1707.737777777778,794.4444444444445,681.1827290783965,1707.737777777778,-156.85588976839608
2025-06-11 15:00:00,2025-06-11,16,1347.0448548812665,1247.3119373793425,580.2530412073606,483.54420100613385,1247.3119373793425,-99.73291750192402
2025-06-11 16:00:00,2025-06-11,17,439.5620052770449,412.0066666666667,191.66666666666666,262.07905740389646,412.0066666666667,-27.555338610378158
2025-06-11 17:00:00,2025-06-11,18,198.51187335092348,142.50385666181066,66.29319718171318,55.24433098476099,142.50385666181066,-56.00801668911282
2025-06-11 18:00:00,2025-06-11,19,14.179419525065963,0.0,0.0,0.0,0.0,-14.179419525065963
2025-06-11 19:00:00,2025-06-11,20,0.0,0.0,0.0,0.0,0.0,0.0
2025-06-11 20:00:00,2025-06-11,21,0.0,0.0,0.0,0.0,0.0,0.0
2025-06-11 21:00:00,2025-06-11,22,0.0,0.0,0.0,0.0,0.0,0.0
2025-06-11 22:00:00,2025-06-11,23,0.0,0.0,0.0,0.0,0.0,0.0
2025-06-11 23:00:00,2025-06-11,24,0.0,0.0,0.0,0.0,0.0,0.0
2025-06-12 00:00:00,2025-06-12,1,0.0,0.0,0.0,0.0,0.0,0.0
2025-06-12 01:00:00,2025-06-12,2,0.0,0.0,0.0,0.0,0.0,0.0
2025-06-12 02:00:00,2025-06-12,3,0.0,0.0,0.0,0.0,0.0,0.0
2025-06-12 03:00:00,2025-06-12,4,0.0,0.0,0.0,0.0,0.0,0.0
2025-06-12 04:00:00,2025-06-12,5,0.0,0.0,0.0,0.0,0.0,0.0
2025-06-12 05:00:00,2025-06-12,6,42.53825857519789,77.62444444444446,36.111111111111114,93.36277875438147,77.62444444444446,35.08618586924658
2025-06-12 06:00:00,2025-06-12,7,177.24274406332455,208.98888888888888,97.22222222222223,309.5832745260367,208.98888888888888,31.74614482556433
2025-06-12 07:00:00,2025-06-12,8,319.0369393139842,388.1222222222222,180.55555555555554,527.7923281741369,388.1222222222222,69.08528290823801
2025-06-12 08:00:00,2025-06-12,9,70.89709762532982,101.50888888888889,47.22222222222222,717.7328818754798,101.50888888888889,30.61179126355907
2025-06-12 09:00:00,2025-06-12,10,42.53825857519789,65.68222222222222,30.555555555555557,862.5540188063275,65.68222222222222,23.143963647024336
2025-06-12 10:00:00,2025-06-12,11,184.33245382585753,179.13333333333333,83.33333333333333,951.0786804012505,179.13333333333333,-5.199120492524202
2025-06-12 11:00:00,2025-06-12,12,482.10026385224273,423.9488888888889,197.22222222222223,976.7688016379999,423.9488888888889,-58.15137496335382
2025-06-12 12:00:00,2025-06-12,13,262.3192612137203,286.6133333333334,133.33333333333334,937.7701112827749,286.6133333333334,24.294072119613077
2025-06-12 13:00:00,2025-06-12,14,127.61477572559367,143.3066666666667,66.66666666666667,836.9166241327399,143.3066666666667,15.691890941073027
2025-06-12 14:00:00,2025-06-12,15,177.24274406332455,173.16222222222223,80.55555555555556,681.7095596274975,173.16222222222223,-4.080521841102325
2025-06-12 15:00:00,2025-06-12,16,85.07651715039577,101.50888888888889,47.22222222222222,484.32899867611206,101.50888888888889,16.432371738493117
2025-06-12 16:00:00,2025-06-12,17,70.89709762532982,77.62444444444446,36.111111111111114,263.05457697523315,77.62444444444446,6.7273468191146435
2025-06-12 17:00:00,2025-06-12,18,35.44854881266491,47.76888888888889,22.22222222222222,56.08852041369566,47.76888888888889,12.320340076223978
2025-06-12 18:00:00,2025-06-12,19,0.0,0.0,0.0,0.0,0.0,0.0
2025-06-12 19:00:00,2025-06-12,20,0.0,0.0,0.0,0.0,0.0,0.0
2025-06-12 20:00:00,2025-06-12,21,0.0,0.0,0.0,0.0,0.0,0.0
2025-06-12 21:00:00,2025-06-12,22,0.0,0.0,0.0,0.0,0.0,0.0
2025-06-12 22:00:00,2025-06-12,23,0.0,0.0,0.0,0.0,0.0,0.0
2025-06-12 23:00:00,2025-06-12,24,0.0,0.0,0.0,0.0,0.0,0.0
2025-06-13 00:00:00,2025-06-13,1,0.0,0.0,0.0,0.0,0.0,0.0
2025-06-13 01:00:00,2025-06-13,2,0.0,0.0,0.0,0.0,0.0,0.0
2025-06-13 02:00:00,2025-06-13,3,0.0,0.0,0.0,0.0,0.0,0.0
2025-06-13 03:00:00,2025-06-13,4,0.0,0.0,0.0,0.0,0.0,0.0
2025-06-13 04:00:00,2025-06-13,5,0.0,0.0,0.0,0.0,0.0,0.0
2025-06-13 05:00:00,2025-06-13,6,35.44854881266491,47.76888888888889,22.22222222222222,92.96868757464651,47.76888888888889,12.320340076223978
2025-06-13 06:00:00,2025-06-13,7,283.5883905013193,340.35333333333335,158.33333333333334,308.9655214437756,340.35333333333335,56.76494283201407
2025-06-13 07:00:00,2025-06-13,8,560.0870712401055,573.2266666666668,266.6666666666667,527.089345698047,573.2266666666668,13.1395954265613
2025-06-13 08:00:00,2025-06-13,9,758.5989445910291,794.1577777777779,369.44444444444446,717.0311938023091,794.1577777777779,35.55883318674887
2025-06-13 09:00:00,2025-06-13,10,999.6490765171504,847.8977777777778,394.44444444444446,861.9320757471825,847.8977777777778,-151.7512987393726
2025-06-13 10:00:00,2025-06-13,11,730.2401055408972,513.5155555555556,238.88888888888889,950.6054759514237,513.5155555555556,-216.72454998534158
2025-06-13 11:00:00,2025-06-13,12,545.9076517150396,483.65999999999997,225.0,976.5010172602343,483.65999999999997,-62.24765171503964
2025-06-13 12:00:00,2025-06-13,13,673.5224274406332,591.14,275.0,937.749102374904,591.14,-82.38242744063325
2025-06-13 13:00:00,2025-06-13,14,552.9973614775726,412.0066666666667,191.66666666666666,837.165243475581,412.0066666666667,-140.99069481090584
2025-06-13 14:00:00,2025-06-13,15,581.3562005277045,477.688888888889,222.22222222222223,682.2297690480701,477.688888888889,-103.66731163881548
2025-06-13 15:00:00,2025-06-13,16,389.934036939314,376.18000000000006,175.0,485.09763990266,376.18000000000006,-13.754036939313949
2025-06-13 16:00:00,2025-06-13,17,262.3192612137203,226.90222222222226,105.55555555555556,264.00357470668985,226.90222222222226,-35.41703899149806
2025-06-13 17:00:00,2025-06-13,18,113.4353562005277,83.59555555555555,38.888888888888886,56.90792402424903,83.59555555555555,-29.839800644972158
2025-06-13 18:00:00,2025-06-13,19,7.089709762532982,0.0,0.0,0.0,0.0,-7.089709762532982
2025-06-13 19:00:00,2025-06-13,20,0.0,0.0,0.0,0.0,0.0,0.0
2025-06-13 20:00:00,2025-06-13,21,0.0,0.0,0.0,0.0,0.0,0.0
2025-06-13 21:00:00,2025-06-13,22,0.0,0.0,0.0,0.0,0.0,0.0
2025-06-13 22:00:00,2025-06-13,23,0.0,0.0,0.0,0.0,0.0,0.0
2025-06-13 23:00:00,2025-06-13,24,0.0,0.0,0.0,0.0,0.0,0.0
2025-06-14 00:00:00,2025-06-14,1,0.0,0.0,0.0,0.0,0.0,0.0
2025-06-14 01:00:00,2025-06-14,2,0.0,0.0,0.0,0.0,0.0,0.0
2025-06-14 02:00:00,2025-06-14,3,0.0,0.0,0.0,0.0,0.0,0.0
2025-06-14 03:00:00,2025-06-14,4,0.0,0.0,0.0,0.0,0.0,0.0
2025-06-14 04:00:00,2025-06-14,5,0.0,0.0,0.0,0.0,0.0,0.0
2025-06-14 05:00:00,2025-06-14,6,28.358839050131927,41.797777777777775,19.444444444444443,92.52803493604037,41.797777777777775,13.438938727645848
2025-06-14 06:00:00,2025-06-14,7,155.9736147757256,155.24888888888893,72.22222222222223,308.304104378251,155.24888888888893,-0.7247258868366657
2025-06-14 07:00:00,2025-06-14,8,588.4459102902375,567.2555555555556,263.8888888888889,526.3548533249709,567.2555555555556,-21.190354734681932
2025-06-14 08:00:00,2025-06-14,9,1162.712401055409,1385.2977777777778,644.4444444444445,716.3103453268062,1385.2977777777778,222.5853767223689
2025-06-14 09:00:00,2025-06-14,10,1814.9656992084433,1922.697777777778,894.4444444444445,861.3014728610787,1922.697777777778,107.73207856933459
2025-06-14 10:00:00,2025-06-14,11,1453.3905013192611,1940.6111111111113,902.7777777777778,950.1312347324703,1940.6111111111113,487.22060979185017
2025-06-14 11:00:00,2025-06-14,12,1247.7889182058047,1230.048888888889,572.2222222222222,976.23631804507,1230.048888888889,-17.740029316915752
2025-06-14 12:00:00,2025-06-14,13,1105.994722955145,1092.7133333333334,508.3333333333333,937.7314768371624,1092.7133333333334,-13.28138962181174
2025-06-14 13:00:00,2025-06-14,14,857.8548812664908,812.0711111111111,377.77777777777777,837.4137181724805,812.0711111111111,-45.78377015537967
2025-06-14 14:00:00,2025-06-14,15,1063.4564643799472,1373.3555555555558,638.8888888888889,682.7427920635561,1373.3555555555558,309.89909117560865
2025-06-14 15:00:00,2025-06-14,16,616.8047493403694,632.9377777777778,294.44444444444446,485.84929778563117,632.9377777777778,16.13302843740837
2025-06-14 16:00:00,2025-06-14,17,226.8707124010554,346.32444444444445,161.11111111111111,264.92503236016154,346.32444444444445,119.45373204338904
2025-06-14 17:00:00,2025-06-14,18,177.24274406332455,148.8416195030582,69.24154238140035,57.70128531783362,148.8416195030582,-28.40112456026634
2025-06-14 18:00:00,2025-06-14,19,14.179419525065963,0.0,0.0,0.0,0.0,-14.179419525065963
2025-06-14 19:00:00,2025-06-14,20,0.0,0.0,0.0,0.0,0.0,0.0
2025-06-14 20:00:00,2025-06-14,21,0.0,0.0,0.0,0.0,0.0,0.0
2025-06-14 21:00:00,2025-06-14,22,0.0,0.0,0.0,0.0,0.0,0.0
2025-06-14 22:00:00,2025-06-14,23,0.0,0.0,0.0,0.0,0.0,0.0
2025-06-14 23:00:00,2025-06-14,24,0.0,0.0,0.0,0.0,0.0,0.0
2025-06-15 00:00:00,2025-06-15,1,0.0,0.0,0.0,0.0,0.0,0.0
2025-06-15 01:00:00,2025-06-15,2,0.0,0.0,0.0,0.0,0.0,0.0
2025-06-15 02:00:00,2025-06-15,3,0.0,0.0,0.0,0.0,0.0,0.0
2025-06-15 03:00:00,2025-06-15,4,0.0,0.0,0.0,0.0,0.0,0.0
2025-06-15 04:00:00,2025-06-15,5,0.0,0.0,0.0,0.0,0.0,0.0
2025-06-15 05:00:00,2025-06-15,6,35.44854881266491,83.59555555555555,38.888888888888886,92.04186871854247,83.59555555555555,48.14700674289064
2025-06-15 06:00:00,2025-06-15,7,283.5883905013193,477.688888888889,222.22222222222223,307.6001707074062,477.688888888889,194.1004983875697
2025-06-15 07:00:00,2025-06-15,8,794.0474934036939,943.4355555555557,438.8888888888889,525.5899937590139,943.4355555555557,149.38806215186173
2025-06-15 08:00:00,2025-06-15,9,1375.4036939313985,1385.2977777777778,644.4444444444445,715.5713835472043,1385.2977777777778,9.894083846379317
2025-06-15 09:00:00,2025-06-15,10,1793.6965699208445,1767.4488888888889,822.2222222222222,860.6630807578787,1767.4488888888889,-26.247681031955608
2025-06-15 10:00:00,2025-06-15,11,1864.5936675461742,1916.7266666666667,891.6666666666666,949.6565846462387,1916.7266666666667,52.132999120492514
2025-06-15 11:00:00,2025-06-15,12,1871.6833773087071,2251.108888888889,1047.2222222222222,975.9750414025344,2251.108888888889,379.4255115801818
2025-06-15 12:00:00,2025-06-15,13,2084.3746701846967,2215.2822222222226,1030.5555555555557,937.7172544097775,2215.2822222222226,130.90755203752587
2025-06-15 13:00:00,2025-06-15,14,1914.221635883905,1880.8999999999999,875.0,837.6617467263411,1880.8999999999999,-33.321635883905174
2025-06-15 14:00:00,2025-06-15,15,921.6622691292877,1265.8755555555556,588.8888888888889,683.2480267576547,1265.8755555555556,344.2132864262679
2025-06-15 15:00:00,2025-06-15,16,928.7519788918206,471.7177777777778,219.44444444444446,486.5831163762043,471.7177777777778,-457.0342011140428
2025-06-15 16:00:00,2025-06-15,17,638.0738786279684,334.3822222222222,155.55555555555554,265.8179125940974,334.3822222222222,-303.6916564057462
2025-06-15 17:00:00,2025-06-15,18,177.24274406332455,150.8177018680164,70.16082148679587,58.467351238996564,150.8177018680164,-26.42504219530815
2025-06-15 18:00:00,2025-06-15,19,0.0,0.0,0.0,0.0,0.0,0.0
2025-06-15 19:00:00,2025-06-15,20,0.0,0.0,0.0,0.0,0.0,0.0
2025-06-15 20:00:00,2025-06-15,21,0.0,0.0,0.0,0.0,0.0,0.0
2025-06-15 21:00:00,2025-06-15,22,0.0,0.0,0.0,0.0,0.0,0.0
2025-06-15 22:00:00,2025-06-15,23,0.0,0.0,0.0,0.0,0.0,0.0
2025-06-15 23:00:00,2025-06-15,24,0.0,0.0,0.0,0.0,0.0,0.0
2025-06-16 00:00:00,2025-06-16,1,0.0,0.0,0.0,0.0,0.0,0.0
2025-06-16 01:00:00,2025-06-16,2,0.0,0.0,0.0,0.0,0.0,0.0
2025-06-16 02:00:00,2025-06-16,3,0.0,0.0,0.0,0.0,0.0,0.0
2025-06-16 03:00:00,2025-06-16,4,0.0,0.0,0.0,0.0,0.0,0.0
2025-06-16 04:00:00,2025-06-16,5,0.0,0.0,0.0,0.0,0.0,0.0
2025-06-16 05:00:00,2025-06-16,6,49.62796833773087,59.71111111111112,27.77777777777778,91.51126013219015,59.71111111111112,10.083142773380253
2025-06-16 06:00:00,2025-06-16,7,248.13984168865437,250.7866666666667,116.66666666666667,306.85486888833617,250.7866666666667,2.6468249780123188
2025-06-16 07:00:00,2025-06-16,8,630.9841688654353,591.14,275.0,524.7958988617394,591.14,-39.844168865435336
2025-06-16 08:00:00,2025-06-16,9,779.868073878628,841.9266666666667,391.6666666666667,714.8153338156106,841.9266666666667,62.05859278803871
2025-06-16 09:00:00,2025-06-16,10,1339.9551451187335,1295.7311111111112,602.7777777777778,860.0177385039493,1295.7311111111112,-44.22403400762232
2025-06-16 10:00:00,2025-06-16,11,1935.490765171504,2071.9755555555557,963.8888888888889,949.1821139864007,2071.9755555555557,136.48479038405162
2025-06-16 11:00:00,2025-06-16,12,1552.646437994723,1892.8422222222223,880.5555555555555,975.7174793434593,1892.8422222222223,340.1957842274992
2025-06-16 12:00:00,2025-06-16,13,2020.5672823218997,1791.3333333333335,833.3333333333334,937.7064062730412,1791.3333333333335,-229.23394898856623
2025-06-16 13:00:00,2025-06-16,14,1850.4142480211083,1307.6733333333336,608.3333333333334,837.9089788829339,1307.6733333333336,-542.7409146877746
2025-06-16 14:00:00,2025-06-16,15,1524.287598944591,1265.8755555555556,588.8888888888889,683.7448252703033,1265.8755555555556,-258.4120433890355
2025-06-16 15:00:00,2025-06-16,16,1162.712401055409,1152.4244444444446,536.1111111111111,487.29819974349795,1152.4244444444446,-10.28795661096433
2025-06-16 16:00:00,2025-06-16,17,255.22955145118735,352.2955555555556,163.88888888888889,266.6811475365702,352.2955555555556,97.06600410436826
2025-06-16 17:00:00,2025-06-16,18,14.179419525065963,53.74,25.0,59.204864324137084,53.74,39.56058047493404
2025-06-16 18:00:00,2025-06-16,19,7.089709762532982,0.0,0.0,0.0,0.0,-7.089709762532982
2025-06-16 19:00:00,2025-06-16,20,0.0,0.0,0.0,0.0,0.0,0.0
2025-06-16 20:00:00,2025-06-16,21,0.0,0.0,0.0,0.0,0.0,0.0
2025-06-16 21:00:00,2025-06-16,22,0.0,0.0,0.0,0.0,0.0,0.0
2025-06-16 22:00:00,2025-06-16,23,0.0,0.0,0.0,0.0,0.0,0.0
2025-06-16 23:00:00,2025-06-16,24,0.0,0.0,0.0,0.0,0.0,0.0
2025-06-17 00:00:00,2025-06-17,1,0.0,0.0,0.0,0.0,0.0,0.0
2025-06-17 01:00:00,2025-06-17,2,0.0,0.0,0.0,0.0,0.0,0.0
2025-06-17 02:00:00,2025-06-17,3,0.0,0.0,0.0,0.0,0.0,0.0
2025-06-17 03:00:00,2025-06-17,4,0.0,0.0,0.0,0.0,0.0,0.0
2025-06-17 04:00:00,2025-06-17,5,0.0,0.0,0.0,0.0,0.0,0.0
2025-06-17 05:00:00,2025-06-17,6,35.44854881266491,53.74,25.0,90.93731684607918,53.74,18.291451187335092
2025-06-17 06:00:00,2025-06-17,7,354.4854881266491,388.1222222222222,180.55555555555554,306.06936439569796,388.1222222222222,33.636734095573104
2025-06-17 07:00:00,2025-06-17,8,716.0606860158312,770.2733333333334,358.3333333333333,523.9737042040582,770.2733333333334,54.212647317502274
2025-06-17 08:00:00,2025-06-17,9,921.6622691292877,782.2155555555556,363.8888888888889,714.0432115220203,782.2155555555556,-139.44671357373204
2025-06-17 09:00:00,2025-06-17,10,1042.1873350923483,1015.088888888889,472.22222222222223,859.3662617588802,1015.088888888889,-27.09844620345939
2025-06-17 10:00:00,2025-06-17,11,1495.928759894459,1331.5577777777778,619.4444444444445,948.7083754200888,1331.5577777777778,-164.37098211668126
2025-06-17 11:00:00,2025-06-17,12,928.7519788918206,1146.4533333333336,533.3333333333334,975.463878077739,1146.4533333333336,217.701354441513
2025-06-17 12:00:00,2025-06-17,13,645.1635883905013,806.1,375.0,937.6988504029658,806.1,160.9364116094987
2025-06-17 13:00:00,2025-06-17,14,255.22955145118735,256.7577777777778,119.44444444444444,838.1550072398226,256.7577777777778,1.5282263265904419
2025-06-17 14:00:00,2025-06-17,15,233.9604221635884,274.67111111111114,127.77777777777777,684.2324824971012,274.67111111111114,40.710688947522755
2025-06-17 15:00:00,2025-06-17,16,730.2401055408972,824.0133333333334,383.3333333333333,487.99359876867214,824.0133333333334,93.77322779243627
2025-06-17 16:00:00,2025-06-17,17,510.4591029023747,620.9955555555557,288.8888888888889,267.5136254527699,620.9955555555557,110.53645265318102
2025-06-17 17:00:00,2025-06-17,18,177.24274406332455,154.54562985666206,71.8950641313091,59.912553442757584,154.54562985666206,-22.69711420666249
2025-06-17 18:00:00,2025-06-17,19,21.269129287598943,0.0,0.0,0.0,0.0,-21.269129287598943
2025-06-17 19:00:00,2025-06-17,20,0.0,0.0,0.0,0.0,0.0,0.0
2025-06-17 20:00:00,2025-06-17,21,0.0,0.0,0.0,0.0,0.0,0.0
2025-06-17 21:00:00,2025-06-17,22,0.0,0.0,0.0,0.0,0.0,0.0
2025-06-17 22:00:00,2025-06-17,23,0.0,0.0,0.0,0.0,0.0,0.0
2025-06-17 23:00:00,2025-06-17,24,0.0,0.0,0.0,0.0,0.0,0.0
2025-06-18 00:00:00,2025-06-18,1,0.0,0.0,0.0,0.0,0.0,0.0
2025-06-18 01:00:00,2025-06-18,2,0.0,0.0,0.0,0.0,0.0,0.0
2025-06-18 02:00:00,2025-06-18,3,0.0,0.0,0.0,0.0,0.0,0.0
2025-06-18 03:00:00,2025-06-18,4,0.0,0.0,0.0,0.0,0.0,0.0
2025-06-18 04:00:00,2025-06-18,5,0.0,0.0,0.0,0.0,0.0,0.0
2025-06-18 05:00:00,2025-06-18,6,21.269129287598943,29.85555555555556,13.88888888888889,90.32119933272774,29.85555555555556,8.586426267956618
2025-06-18 06:00:00,2025-06-18,7,219.78100263852244,220.9311111111111,102.77777777777777,305.244858982087,220.9311111111111,1.1501084725886699
2025-06-18 07:00:00,2025-06-18,8,630.9841688654353,674.7355555555556,313.8888888888889,523.124566550575,674.7355555555556,43.751386690120285
2025-06-18 08:00:00,2025-06-18,9,1113.084432717678,1182.28,550.0,713.2560360243186,1182.28,69.19556728232192
2025-06-18 09:00:00,2025-06-18,10,1772.4274406332454,1761.477777777778,819.4444444444445,858.7094523539685,1761.477777777778,-10.949662855467295
2025-06-18 10:00:00,2025-06-18,11,2091.4643799472296,2012.2644444444445,936.1111111111111,948.2358906650322,2012.2644444444445,-79.19993550278514
2025-06-18 11:00:00,2025-06-18,12,2197.8100263852243,2292.906666666667,1066.6666666666667,975.2144378018227,2292.906666666667,95.09664028144289
2025-06-18 12:00:00,2025-06-18,13,1084.7255936675463,1301.7022222222222,605.5555555555555,937.6944467855634,1301.7022222222222,216.97662855467593
2025-06-18 13:00:00,2025-06-18,14,1439.2110817941953,2030.177777777778,944.4444444444445,838.3993584733191,2030.177777777778,590.9666959835827
2025-06-18 14:00:00,2025-06-18,15,1318.6860158311347,1164.3666666666666,541.6666666666666,684.7102243670531,1164.3666666666666,-154.31934916446812
2025-06-18 15:00:00,2025-06-18,16,616.8047493403694,746.3888888888889,347.22222222222223,488.6682978113824,746.3888888888889,129.5841395485195
2025-06-18 16:00:00,2025-06-18,17,283.5883905013193,304.52666666666664,141.66666666666666,268.3141775549364,304.52666666666664,20.93827616534736
2025-06-18 17:00:00,2025-06-18,18,155.9736147757256,156.29085948139138,72.70694988899858,60.58912490749882,156.29085948139138,0.3172447056657859
2025-06-18 18:00:00,2025-06-18,19,56.71767810026385,0.0,0.0,0.0,0.0,-56.71767810026385
2025-06-18 19:00:00,2025-06-18,20,0.0,0.0,0.0,0.0,0.0,0.0
2025-06-18 20:00:00,2025-06-18,21,0.0,0.0,0.0,0.0,0.0,0.0
2025-06-18 21:00:00,2025-06-18,22,0.0,0.0,0.0,0.0,0.0,0.0
2025-06-18 22:00:00,2025-06-18,23,0.0,0.0,0.0,0.0,0.0,0.0
2025-06-18 23:00:00,2025-06-18,24,0.0,0.0,0.0,0.0,0.0,0.0
2025-06-19 00:00:00,2025-06-19,1,0.0,0.0,0.0,0.0,0.0,0.0
2025-06-19 01:00:00,2025-06-19,2,0.0,0.0,0.0,0.0,0.0,0.0
2025-06-19 02:00:00,2025-06-19,3,0.0,0.0,0.0,0.0,0.0,0.0
2025-06-19 03:00:00,2025-06-19,4,0.0,0.0,0.0,0.0,0.0,0.0
2025-06-19 04:00:00,2025-06-19,5,0.0,0.0,0.0,0.0,0.0,0.0
2025-06-19 05:00:00,2025-06-19,6,63.80738786279684,101.50888888888889,47.22222222222222,89.66413803866533,101.50888888888889,37.70150102609205
2025-06-19 06:00:00,2025-06-19,7,375.754617414248,453.8044444444445,211.11111111111111,304.38261092132075,453.8044444444445,78.04982703019652
2025-06-19 07:00:00,2025-06-19,8,659.3430079155673,764.3022222222222,355.55555555555554,522.2496817813126,764.3022222222222,104.95921430665487
2025-06-19 08:00:00,2025-06-19,9,1375.4036939313985,1307.6733333333336,608.3333333333334,712.454844864132,1307.6733333333336,-67.73036059806486
2025-06-19 09:00:00,2025-06-19,10,1814.9656992084433,1862.9866666666667,866.6666666666666,858.0481078963073,1862.9866666666667,48.02096745822337
2025-06-19 10:00:00,2025-06-19,11,2105.6437994722955,1749.5355555555557,813.8888888888889,947.7651552947367,1749.5355555555557,-356.10824391673987
2025-06-19 11:00:00,2025-06-19,12,1807.8759894459104,1827.16,850.0,974.9693127365939,1827.16,19.28401055408972
2025-06-19 12:00:00,2025-06-19,13,2410.5013192612137,2042.1200000000001,950.0,937.6929931502639,2042.1200000000001,-368.38131926121355
2025-06-19 13:00:00,2025-06-19,14,1637.7229551451187,1612.2,750.0,838.6414856611658,1612.2,-25.522955145118658
2025-06-19 14:00:00,2025-06-19,15,1290.3271767810027,967.3199999999999,450.0,685.1771977066729,967.3199999999999,-323.0071767810027
2025-06-19 15:00:00,2025-06-19,16,460.83113456464383,841.9266666666667,391.6666666666667,489.3212034629604,841.9266666666667,381.0955321020229
2025-06-19 16:00:00,2025-06-19,17,375.754617414248,447.83333333333337,208.33333333333334,269.08156723004396,447.83333333333337,72.07871591908537
2025-06-19 17:00:00,2025-06-19,18,226.8707124010554,157.9524076570326,73.47990679988492,61.23325566657077,157.9524076570326,-68.9183047440228
2025-06-19 18:00:00,2025-06-19,19,7.089709762532982,0.0,0.0,0.0,0.0,-7.089709762532982
2025-06-19 19:00:00,2025-06-19,20,0.0,0.0,0.0,0.0,0.0,0.0
2025-06-19 20:00:00,2025-06-19,21,0.0,0.0,0.0,0.0,0.0,0.0
2025-06-19 21:00:00,2025-06-19,22,0.0,0.0,0.0,0.0,0.0,0.0
2025-06-19 22:00:00,2025-06-19,23,0.0,0.0,0.0,0.0,0.0,0.0
2025-06-19 23:00:00,2025-06-19,24,0.0,0.0,0.0,0.0,0.0,0.0
2025-06-20 00:00:00,2025-06-20,1,0.0,0.0,0.0,0.0,0.0,0.0
2025-06-20 01:00:00,2025-06-20,2,0.0,0.0,0.0,0.0,0.0,0.0
2025-06-20 02:00:00,2025-06-20,3,0.0,0.0,0.0,0.0,0.0,0.0
2025-06-20 03:00:00,2025-06-20,4,0.0,0.0,0.0,0.0,0.0,0.0
2025-06-20 04:00:00,2025-06-20,5,0.0,0.0,0.0,0.0,0.0,0.0
2025-06-20 05:00:00,2025-06-20,6,49.62796833773087,65.68222222222222,30.555555555555557,88.96744919512233,65.68222222222222,16.054253884491352
2025-06-20 06:00:00,2025-06-20,7,340.3060686015831,441.8622222222222,205.55555555555554,303.4839534584496,441.8622222222222,101.55615362063912
2025-06-20 07:00:00,2025-06-20,8,794.0474934036939,883.7244444444444,411.1111111111111,521.3503010970802,883.7244444444444,89.67695104075051
2025-06-20 08:00:00,2025-06-20,9,1240.6992084432718,1277.817777777778,594.4444444444445,711.6407063296211,1277.817777777778,37.11856933450622
2025-06-20 09:00:00,2025-06-20,10,1658.9920844327178,1624.1422222222222,755.5555555555555,857.3830302618023,1624.1422222222222,-34.84986221049553
2025-06-20 10:00:00,2025-06-20,11,2013.4775725593668,1761.477777777778,819.4444444444445,947.2966429900657,1761.477777777778,-251.99979478158866
2025-06-20 11:00:00,2025-06-20,12,1630.6332453825858,1880.8999999999999,875.0,974.7286114170832,1880.8999999999999,250.2667546174141
2025-06-20 12:00:00,2025-06-20,13,1949.67018469657,2179.4555555555557,1013.8888888888889,937.6942218535544,2179.4555555555557,229.78537085898574
2025-06-20 13:00:00,2025-06-20,14,978.3799472295515,1540.5466666666669,716.6666666666666,838.8807624669491,1540.5466666666669,562.1667194371154
2025-06-20 14:00:00,2025-06-20,15,687.7018469656992,871.7822222222223,405.55555555555554,685.6324628375135,871.7822222222223,184.0803752565231
2025-06-20 15:00:00,2025-06-20,16,106.34564643799473,256.7577777777778,119.44444444444444,489.9511366056679,256.7577777777778,150.41213133978306
2025-06-20 16:00:00,2025-06-20,17,70.89709762532982,89.56666666666666,41.666666666666664,269.8144830116858,89.56666666666666,18.669569041336842
2025-06-20 17:00:00,2025-06-20,18,148.88390501319262,101.50888888888889,47.22222222222222,61.84358929617512,101.50888888888889,-47.37501612430373
2025-06-20 18:00:00,2025-06-20,19,49.62796833773087,0.0,0.0,0.0,0.0,-49.62796833773087
2025-06-20 19:00:00,2025-06-20,20,0.0,0.0,0.0,0.0,0.0,0.0
2025-06-20 20:00:00,2025-06-20,21,0.0,0.0,0.0,0.0,0.0,0.0
2025-06-20 21:00:00,2025-06-20,22,0.0,0.0,0.0,0.0,0.0,0.0
2025-06-20 22:00:00,2025-06-20,23,0.0,0.0,0.0,0.0,0.0,0.0
2025-06-20 23:00:00,2025-06-20,24,0.0,0.0,0.0,0.0,0.0,0.0
2025-06-21 00:00:00,2025-06-21,1,0.0,0.0,0.0,0.0,0.0,0.0
2025-06-21 01:00:00,2025-06-21,2,0.0,0.0,0.0,0.0,0.0,0.0
2025-06-21 02:00:00,2025-06-21,3,0.0,0.0,0.0,0.0,0.0,0.0
2025-06-21 03:00:00,2025-06-21,4,0.0,0.0,0.0,0.0,0.0,0.0
2025-06-21 04:00:00,2025-06-21,5,0.0,0.0,0.0,0.0,0.0,0.0
2025-06-21 05:00:00,2025-06-21,6,28.358839050131927,83.59555555555555,38.888888888888886,88.23254667302474,83.59555555555555,55.23671650542362
2025-06-21 06:00:00,2025-06-21,7,255.22955145118735,453.8044444444445,211.11111111111111,302.55030895890206,453.8044444444445,198.57489299325718
2025-06-21 07:00:00,2025-06-21,8,779.868073878628,883.7244444444444,411.1111111111111,520.4277433053361,883.7244444444444,103.8563705658164
2025-06-21 08:00:00,2025-06-21,9,1339.9551451187335,1355.4422222222222,630.5555555555555,710.8147288797181,1355.4422222222222,15.487077103488673
2025-06-21 09:00:00,2025-06-21,10,1694.4406332453825,955.377777777778,444.44444444444446,856.7150318897595,955.377777777778,-739.0628554676045
2025-06-21 10:00:00,2025-06-21,11,751.509234828496,650.8511111111111,302.77777777777777,946.8308087563752,650.8511111111111,-100.65812371738491
2025-06-21 11:00:00,2025-06-21,12,794.0474934036939,609.0533333333333,283.3333333333333,974.492397157512,609.0533333333333,-184.99416007036064
2025-06-21 12:00:00,2025-06-21,13,574.2664907651715,692.6488888888889,322.22222222222223,937.6977981015799,692.6488888888889,118.3823981237174
2025-06-21 13:00:00,2025-06-21,14,609.7150395778365,423.9488888888889,197.22222222222223,839.1164798039362,423.9488888888889,-185.76615068894756
2025-06-21 14:00:00,2025-06-21,15,290.67810026385223,376.18000000000006,175.0,686.0749893398004,376.18000000000006,85.50189973614783
2025-06-21 15:00:00,2025-06-21,16,155.9736147757256,388.1222222222222,180.55555555555554,490.55682813961806,388.1222222222222,232.1486074464966
2025-06-21 16:00:00,2025-06-21,17,262.3192612137203,173.16222222222223,80.55555555555556,270.51153501787127,173.16222222222223,-89.1570389914981
2025-06-21 17:00:00,2025-06-21,18,77.9868073878628,65.68222222222222,30.555555555555557,62.418734594258346,65.68222222222222,-12.304585165640574
2025-06-21 18:00:00,2025-06-21,19,7.089709762532982,0.0,0.0,0.0,0.0,-7.089709762532982
2025-06-21 19:00:00,2025-06-21,20,0.0,0.0,0.0,0.0,0.0,0.0
2025-06-21 20:00:00,2025-06-21,21,0.0,0.0,0.0,0.0,0.0,0.0
2025-06-21 21:00:00,2025-06-21,22,0.0,0.0,0.0,0.0,0.0,0.0
2025-06-21 22:00:00,2025-06-21,23,0.0,0.0,0.0,0.0,0.0,0.0
2025-06-21 23:00:00,2025-06-21,24,0.0,0.0,0.0,0.0,0.0,0.0
2025-06-22 00:00:00,2025-06-22,1,0.0,0.0,0.0,0.0,0.0,0.0
2025-06-22 01:00:00,2025-06-22,2,0.0,0.0,0.0,0.0,0.0,0.0
2025-06-22 02:00:00,2025-06-22,3,0.0,0.0,0.0,0.0,0.0,0.0
2025-06-22 03:00:00,2025-06-22,4,0.0,0.0,0.0,0.0,0.0,0.0
2025-06-22 04:00:00,2025-06-22,5,0.0,0.0,0.0,0.0,0.0,0.0
2025-06-22 05:00:00,2025-06-22,6,77.9868073878628,113.45111111111113,52.77777777777778,87.46094700087217,113.45111111111113,35.464303723248335
2025-06-22 06:00:00,2025-06-22,7,340.3060686015831,364.2377777777778,169.44444444444446,301.5831957360828,364.2377777777778,23.931709176194715
2025-06-22 07:00:00,2025-06-22,8,730.2401055408972,734.4466666666668,341.6666666666667,519.48340046722,734.4466666666668,4.206561125769667
2025-06-22 08:00:00,2025-06-22,9,1162.712401055409,1271.8466666666666,591.6666666666666,709.978065395081,1271.8466666666666,109.13426561125766
2025-06-22 09:00:00,2025-06-22,10,1510.1081794195252,1558.4599999999998,725.0,856.0449385428791,1558.4599999999998,48.35182058047462
2025-06-22 10:00:00,2025-06-22,11,2070.195250659631,1994.3511111111113,927.7777777777778,946.3680904601694,1994.3511111111113,-75.84413954851948
2025-06-22 11:00:00,2025-06-22,12,2325.424802110818,1558.4599999999998,725.0,974.2606885515712,1558.4599999999998,-766.964802110818
2025-06-22 12:00:00,2025-06-22,13,1347.0448548812665,764.3022222222222,355.55555555555554,937.7033197474143,764.3022222222222,-582.7426326590443
2025-06-22 13:00:00,2025-06-22,14,397.02374670184696,220.9311111111111,102.77777777777777,839.3478452719527,220.9311111111111,-176.09263559073585
2025-06-22 14:00:00,2025-06-22,15,262.3192612137203,256.7577777777778,119.44444444444444,686.5036554264369,256.7577777777778,-5.5614834359425345
2025-06-22 15:00:00,2025-06-22,16,1028.0079155672825,501.5733333333334,233.33333333333334,491.13691855125376,501.5733333333334,-526.4345822339491
2025-06-22 16:00:00,2025-06-22,17,276.4986807387863,364.2377777777778,169.44444444444446,271.1712549381464,364.2377777777778,87.73909703899153
2025-06-22 17:00:00,2025-06-22,18,92.16622691292876,162.3995277531217,75.54871964696767,62.95726637247306,162.3995277531217,70.23330084019294
2025-06-22 18:00:00,2025-06-22,19,35.44854881266491,0.0,0.0,0.0,0.0,-35.44854881266491
2025-06-22 19:00:00,2025-06-22,20,0.0,0.0,0.0,0.0,0.0,0.0
2025-06-22 20:00:00,2025-06-22,21,0.0,0.0,0.0,0.0,0.0,0.0
2025-06-22 21:00:00,2025-06-22,22,0.0,0.0,0.0,0.0,0.0,0.0
2025-06-22 22:00:00,2025-06-22,23,0.0,0.0,0.0,0.0,0.0,0.0
2025-06-22 23:00:00,2025-06-22,24,0.0,0.0,0.0,0.0,0.0,0.0
2025-06-23 00:00:00,2025-06-23,1,0.0,0.0,0.0,0.0,0.0,0.0
2025-06-23 01:00:00,2025-06-23,2,0.0,0.0,0.0,0.0,0.0,0.0
2025-06-23 02:00:00,2025-06-23,3,0.0,0.0,0.0,0.0,0.0,0.0
2025-06-23 03:00:00,2025-06-23,4,0.0,0.0,0.0,0.0,0.0,0.0
2025-06-23 04:00:00,2025-06-23,5,0.0,0.0,0.0,0.0,0.0,0.0
2025-06-23 05:00:00,2025-06-23,6,28.358839050131927,77.62444444444446,36.111111111111114,86.65426435206224,77.62444444444446,49.26560539431254
2025-06-23 06:00:00,2025-06-23,7,212.69129287598946,346.32444444444445,161.11111111111111,300.58422386593213,346.32444444444445,133.633151568455
2025-06-23 07:00:00,2025-06-23,8,907.4828496042217,997.1755555555557,463.8888888888889,518.5187341964636,997.1755555555557,89.692705951334
2025-06-23 08:00:00,2025-06-23,9,1276.1477572559368,1319.6155555555556,613.8888888888889,709.1319100214595,1319.6155555555556,43.467798299618835
2025-06-23 09:00:00,2025-06-23,10,1446.3007915567282,1092.7133333333334,508.3333333333333,855.3735871719782,1092.7133333333334,-353.58745822339483
2025-06-23 10:00:00,2025-06-23,11,1226.519788918206,901.637777777778,419.44444444444446,945.9089078507416,901.637777777778,-324.88201114042795
2025-06-23 11:00:00,2025-06-23,12,1552.646437994723,1743.5644444444447,811.1111111111111,974.0334598947777,1743.5644444444447,190.9180064497216
2025-06-23 12:00:00,2025-06-23,13,1978.0290237467018,2227.2244444444445,1036.111111111111,937.7103191600296,2227.2244444444445,249.19542069774275
2025-06-23 13:00:00,2025-06-23,14,1850.4142480211083,1677.8822222222223,780.5555555555555,839.5739862553125,1677.8822222222223,-172.53202579888602
2025-06-23 14:00:00,2025-06-23,15,255.22955145118735,429.92,200.0,686.9172520824769,429.92,174.69044854881267
2025-06-23 15:00:00,2025-06-23,16,163.06332453825857,137.33555555555557,63.888888888888886,491.6899625762876,137.33555555555557,-25.727768982702997
2025-06-23 16:00:00,2025-06-23,17,120.52506596306068,185.10444444444448,86.11111111111111,271.79210071567655,185.10444444444448,64.5793784813838
2025-06-23 17:00:00,2025-06-23,18,92.16622691292876,83.59555555555555,38.888888888888886,63.4577291997822,83.59555555555555,-8.570671357373215
2025-06-23 18:00:00,2025-06-23,19,7.089709762532982,0.0,0.0,0.0,0.0,-7.089709762532982
2025-06-23 19:00:00,2025-06-23,20,0.0,0.0,0.0,0.0,0.0,0.0
2025-06-23 20:00:00,2025-06-23,21,0.0,0.0,0.0,0.0,0.0,0.0
2025-06-23 21:00:00,2025-06-23,22,0.0,0.0,0.0,0.0,0.0,0.0
2025-06-23 22:00:00,2025-06-23,23,0.0,0.0,0.0,0.0,0.0,0.0
2025-06-23 23:00:00,2025-06-23,24,0.0,0.0,0.0,0.0,0.0,0.0
2025-06-24 00:00:00,2025-06-24,1,0.0,0.0,0.0,0.0,0.0,0.0
2025-06-24 01:00:00,2025-06-24,2,0.0,0.0,0.0,0.0,0.0,0.0
2025-06-24 02:00:00,2025-06-24,3,0.0,0.0,0.0,0.0,0.0,0.0
2025-06-24 03:00:00,2025-06-24,4,0.0,0.0,0.0,0.0,0.0,0.0
2025-06-24 04:00:00,2025-06-24,5,0.0,0.0,0.0,0.0,0.0,0.0
2025-06-24 05:00:00,2025-06-24,6,42.53825857519789,77.62444444444446,36.111111111111114,85.81419331992237,77.62444444444446,35.08618586924658
2025-06-24 06:00:00,2025-06-24,7,255.22955145118735,376.18000000000006,175.0,299.55507770870037,376.18000000000006,120.95044854881272
2025-06-24 07:00:00,2025-06-24,8,723.1503957783641,812.0711111111111,377.77777777777777,517.5352601494023,812.0711111111111,88.92071533274702
2025-06-24 08:00:00,2025-06-24,9,1233.6094986807389,997.1755555555557,463.8888888888889,708.2774859233949,997.1755555555557,-236.4339431251832
2025-06-24 09:00:00,2025-06-24,10,1673.1715039577837,1558.4599999999998,725.0,854.7018175147442,1558.4599999999998,-114.71150395778386
2025-06-24 10:00:00,2025-06-24,11,1914.221635883905,1665.94,775.0,945.4536585263251,1665.94,-248.28163588390498
2025-06-24 11:00:00,2025-06-24,12,2247.4379947229554,2137.657777777778,994.4444444444445,973.8106415035102,2137.657777777778,-109.78021694517747
2025-06-24 12:00:00,2025-06-24,13,2134.0026385224273,2036.1488888888891,947.2222222222222,937.7182676409076,2036.1488888888891,-97.8537496335382
2025-06-24 13:00:00,2025-06-24,14,1666.0817941952507,1791.3333333333335,833.3333333333334,839.7939579145948,1791.3333333333335,125.25153913808276
2025-06-24 14:00:00,2025-06-24,15,1332.8654353562006,943.4355555555557,438.8888888888889,687.3144935695524,943.4355555555557,-389.4298798006449
2025-06-24 15:00:00,2025-06-24,16,503.3693931398417,829.9844444444445,386.1111111111111,492.2144410694937,829.9844444444445,326.61505130460284
2025-06-24 16:00:00,2025-06-24,17,319.0369393139842,370.20888888888896,172.22222222222223,272.3724680838124,370.20888888888896,51.17194957490477
2025-06-24 17:00:00,2025-06-24,18,205.60158311345646,164.87942616595012,76.70237540284243,63.91864616903536,164.87942616595012,-40.722156947506335
2025-06-24 18:00:00,2025-06-24,19,28.358839050131927,0.0,0.0,0.0,0.0,-28.358839050131927
2025-06-24 19:00:00,2025-06-24,20,0.0,0.0,0.0,0.0,0.0,0.0
2025-06-24 20:00:00,2025-06-24,21,0.0,0.0,0.0,0.0,0.0,0.0
2025-06-24 21:00:00,2025-06-24,22,0.0,0.0,0.0,0.0,0.0,0.0
2025-06-24 22:00:00,2025-06-24,23,0.0,0.0,0.0,0.0,0.0,0.0
2025-06-24 23:00:00,2025-06-24,24,0.0,0.0,0.0,0.0,0.0,0.0
2025-06-25 00:00:00,2025-06-25,1,0.0,0.0,0.0,0.0,0.0,0.0
2025-06-25 01:00:00,2025-06-25,2,0.0,0.0,0.0,0.0,0.0,0.0
2025-06-25 02:00:00,2025-06-25,3,0.0,0.0,0.0,0.0,0.0,0.0
2025-06-25 03:00:00,2025-06-25,4,0.0,0.0,0.0,0.0,0.0,0.0
2025-06-25 04:00:00,2025-06-25,5,0.0,0.0,0.0,0.0,0.0,0.0
2025-06-25 05:00:00,2025-06-25,6,35.44854881266491,65.68222222222222,30.555555555555557,84.94248092279408,65.68222222222222,30.233673409557312
2025-06-25 06:00:00,2025-06-25,7,155.9736147757256,214.96,100.0,298.49748610013853,214.96,58.986385224274414
2025-06-25 07:00:00,2025-06-25,8,716.0606860158312,835.9555555555555,388.8888888888889,516.5345215742155,835.9555555555555,119.89486953972437
2025-06-25 08:00:00,2025-06-25,9,1276.1477572559368,1271.8466666666666,591.6666666666666,707.4160242204601,1271.8466666666666,-4.3010905892701885
2025-06-25 09:00:00,2025-06-25,10,1481.7493403693932,961.348888888889,447.22222222222223,854.0304577375001,961.348888888889,-520.4004514805042
2025-06-25 10:00:00,2025-06-25,11,1829.1451187335092,1468.8933333333337,683.3333333333334,945.0027108480984,1468.8933333333337,-360.25178540017555
2025-06-25 11:00:00,2025-06-25,12,2041.8364116094988,1821.1888888888889,847.2222222222222,973.5921200213389,1821.1888888888889,-220.6475227206099
2025-06-25 12:00:00,2025-06-25,13,1701.5303430079157,1665.94,775.0,937.7265827059117,1665.94,-35.590343007915635
2025-06-25 13:00:00,2025-06-25,14,701.8812664907651,1612.2,750.0,840.0067564141207,1612.2,910.3187335092349
2025-06-25 14:00:00,2025-06-25,15,127.61477572559367,232.87333333333333,108.33333333333333,687.694035250667,232.87333333333333,105.25855760773966
2025-06-25 15:00:00,2025-06-25,16,319.0369393139842,113.45111111111113,52.77777777777778,492.70878149059683,113.45111111111113,-205.58582820287307
2025-06-25 16:00:00,2025-06-25,17,170.15303430079155,143.3066666666667,66.66666666666667,272.9107112814989,143.3066666666667,-26.846367634124846
2025-06-25 17:00:00,2025-06-25,18,163.06332453825857,161.22,75.0,64.33853474372344,161.22,-1.843324538258571
2025-06-25 18:00:00,2025-06-25,19,21.269129287598943,0.0,0.0,0.0,0.0,-21.269129287598943
2025-06-25 19:00:00,2025-06-25,20,0.0,0.0,0.0,0.0,0.0,0.0
2025-06-25 20:00:00,2025-06-25,21,0.0,0.0,0.0,0.0,0.0,0.0
2025-06-25 21:00:00,2025-06-25,22,0.0,0.0,0.0,0.0,0.0,0.0
2025-06-25 22:00:00,2025-06-25,23,0.0,0.0,0.0,0.0,0.0,0.0
2025-06-25 23:00:00,2025-06-25,24,0.0,0.0,0.0,0.0,0.0,0.0
2025-06-26 00:00:00,2025-06-26,1,0.0,0.0,0.0,0.0,0.0,0.0
2025-06-26 01:00:00,2025-06-26,2,0.0,0.0,0.0,0.0,0.0,0.0
2025-06-26 02:00:00,2025-06-26,3,0.0,0.0,0.0,0.0,0.0,0.0
2025-06-26 03:00:00,2025-06-26,4,0.0,0.0,0.0,0.0,0.0,0.0
2025-06-26 04:00:00,2025-06-26,5,0.0,0.0,0.0,0.0,0.0,0.0
2025-06-26 05:00:00,2025-06-26,6,35.44854881266491,95.53777777777778,44.44444444444444,84.040892997879,95.53777777777778,60.089228965112866
2025-06-26 06:00:00,2025-06-26,7,297.76781002638523,465.74666666666667,216.66666666666666,297.41318545238687,465.74666666666667,167.97885664028144
2025-06-26 07:00:00,2025-06-26,8,680.6121372031662,889.6955555555556,413.8888888888889,515.5180564070131,889.6955555555556,209.08341835238946
2025-06-26 08:00:00,2025-06-26,9,1226.519788918206,1146.4533333333336,533.3333333333334,706.548737664554,1146.4533333333336,-80.0664555848723
2025-06-26 09:00:00,2025-06-26,10,1651.9023746701848,1230.048888888889,572.2222222222222,853.3603063352953,1230.048888888889,-421.85348578129583
2025-06-26 10:00:00,2025-06-26,11,1368.3139841688655,1074.8,500.0,944.5563949781225,1074.8,-293.5139841688656
2025-06-26 11:00:00,2025-06-26,12,779.868073878628,1206.1644444444444,561.1111111111111,973.3777388600923,1206.1644444444444,426.29637056581635
2025-06-26 12:00:00,2025-06-26,13,1148.532981530343,1492.7777777777778,694.4444444444445,937.734637550765,1492.7777777777778,344.2447962474348
2025-06-26 13:00:00,2025-06-26,14,737.3298153034301,1295.7311111111112,602.7777777777778,840.2113363751097,1295.7311111111112,558.4012958076811
2025-06-26 14:00:00,2025-06-26,15,730.2401055408972,1224.0777777777776,569.4444444444443,688.054497402885,1224.0777777777776,493.8376722368804
2025-06-26 15:00:00,2025-06-26,16,326.12664907651714,406.03555555555556,188.88888888888889,493.1713858307255,406.03555555555556,79.90890647903842
2025-06-26 16:00:00,2025-06-26,17,276.4986807387863,417.97777777777776,194.44444444444446,273.40517203728365,417.97777777777776,141.47909703899148
2025-06-26 17:00:00,2025-06-26,18,198.51187335092348,137.33555555555557,63.888888888888886,64.71592990762365,137.33555555555557,-61.17631779536791
2025-06-26 18:00:00,2025-06-26,19,14.179419525065963,0.0,0.0,0.0,0.0,-14.179419525065963
2025-06-26 19:00:00,2025-06-26,20,0.0,0.0,0.0,0.0,0.0,0.0
2025-06-26 20:00:00,2025-06-26,21,0.0,0.0,0.0,0.0,0.0,0.0
2025-06-26 21:00:00,2025-06-26,22,0.0,0.0,0.0,0.0,0.0,0.0
2025-06-26 22:00:00,2025-06-26,23,0.0,0.0,0.0,0.0,0.0,0.0
2025-06-26 23:00:00,2025-06-26,24,0.0,0.0,0.0,0.0,0.0,0.0
2025-06-27 00:00:00,2025-06-27,1,0.0,0.0,0.0,0.0,0.0,0.0
2025-06-27 01:00:00,2025-06-27,2,0.0,0.0,0.0,0.0,0.0,0.0
2025-06-27 02:00:00,2025-06-27,3,0.0,0.0,0.0,0.0,0.0,0.0
2025-06-27 03:00:00,2025-06-27,4,0.0,0.0,0.0,0.0,0.0,0.0
2025-06-27 04:00:00,2025-06-27,5,0.0,0.0,0.0,0.0,0.0,0.0
2025-06-27 05:00:00,2025-06-27,6,28.358839050131927,77.62444444444446,36.111111111111114,83.11118255259935,77.62444444444446,49.26560539431254
2025-06-27 06:00:00,2025-06-27,7,248.13984168865437,435.8911111111112,202.77777777777777,296.3038841974392,435.8911111111112,187.7512694224568
2025-06-27 07:00:00,2025-06-27,8,772.778364116095,901.637777777778,419.44444444444446,514.4873647935631,901.637777777778,128.859413661683
2025-06-27 08:00:00,2025-06-27,9,1332.8654353562006,1331.5577777777778,619.4444444444445,705.6767943948403,1331.5577777777778,-1.307657578422777
2025-06-27 09:00:00,2025-06-27,10,1772.4274406332454,1725.6511111111113,802.7777777777778,852.6921138911765,1725.6511111111113,-46.77632952213412
2025-06-27 10:00:00,2025-06-27,11,2048.9261213720315,1379.3266666666668,641.6666666666666,944.1149938937854,1379.3266666666668,-669.5994547053647
2025-06-27 11:00:00,2025-06-27,12,1850.4142480211083,865.8111111111111,402.77777777777777,973.1672988698825,865.8111111111111,-984.6031369099971
2025-06-27 12:00:00,2025-06-27,13,857.8548812664908,1803.275555555556,838.8888888888889,937.7417712256229,1803.275555555556,945.4206742890651
2025-06-27 13:00:00,2025-06-27,14,1581.005277044855,1337.5288888888888,622.2222222222222,840.4066297569445,1337.5288888888888,-243.4763881559661
2025-06-27 14:00:00,2025-06-27,15,680.6121372031662,501.5733333333334,233.33333333333334,688.3944912740349,501.5733333333334,-179.0388038698328
2025-06-27 15:00:00,2025-06-27,16,56.71767810026385,53.74,25.0,493.60066185785803,53.74,-2.9776781002638515
2025-06-27 16:00:00,2025-06-27,17,85.07651715039577,77.62444444444446,36.111111111111114,273.8542127728229,77.62444444444446,-7.452072705951309
2025-06-27 17:00:00,2025-06-27,18,276.4986807387863,167.7962582121662,78.05929392080675,65.0494116006723,167.7962582121662,-108.70242252662007
2025-06-27 18:00:00,2025-06-27,19,14.179419525065963,0.0,0.0,0.0,0.0,-14.179419525065963
2025-06-27 19:00:00,2025-06-27,20,0.0,0.0,0.0,0.0,0.0,0.0
2025-06-27 20:00:00,2025-06-27,21,0.0,0.0,0.0,0.0,0.0,0.0
2025-06-27 21:00:00,2025-06-27,22,0.0,0.0,0.0,0.0,0.0,0.0
2025-06-27 22:00:00,2025-06-27,23,0.0,0.0,0.0,0.0,0.0,0.0
2025-06-27 23:00:00,2025-06-27,24,0.0,0.0,0.0,0.0,0.0,0.0
2025-06-28 00:00:00,2025-06-28,1,0.0,0.0,0.0,0.0,0.0,0.0
2025-06-28 01:00:00,2025-06-28,2,0.0,0.0,0.0,0.0,0.0,0.0
2025-06-28 02:00:00,2025-06-28,3,0.0,0.0,0.0,0.0,0.0,0.0
2025-06-28 03:00:00,2025-06-28,4,0.0,0.0,0.0,0.0,0.0,0.0
2025-06-28 04:00:00,2025-06-28,5,0.0,0.0,0.0,0.0,0.0,0.0
2025-06-28 05:00:00,2025-06-28,6,21.269129287598943,83.59555555555555,38.888888888888886,82.15506627328185,83.59555555555555,62.326426267956606
2025-06-28 06:00:00,2025-06-28,7,248.13984168865437,453.8044444444445,211.11111111111111,295.17123536712637,453.8044444444445,205.66460275579016
2025-06-28 07:00:00,2025-06-28,8,786.957783641161,937.4644444444446,436.1111111111111,513.4438836869866,937.4644444444446,150.50666080328358
2025-06-28 08:00:00,2025-06-28,9,1311.5963060686015,1361.4133333333334,633.3333333333334,704.8012969825045,1361.4133333333334,49.817027264731905
2025-06-28 09:00:00,2025-06-28,10,1800.7862796833774,1767.4488888888889,822.2222222222222,852.02656844216,1767.4488888888889,-33.337390794488556
2025-06-28 10:00:00,2025-06-28,11,2134.0026385224273,2054.0622222222223,955.5555555555555,943.6787361399247,2054.0622222222223,-79.94041630020502
2025-06-28 11:00:00,2025-06-28,12,2233.258575197889,2298.8777777777777,1069.4444444444443,972.9605591913381,2298.8777777777777,65.61920257988868
2025-06-28 12:00:00,2025-06-28,13,2084.3746701846967,1468.8933333333337,683.3333333333334,937.7472976533139,1468.8933333333337,-615.481336851363
2025-06-28 13:00:00,2025-06-28,14,2006.3878627968338,579.1977777777779,269.44444444444446,840.5915624880864,579.1977777777779,-1427.190085019056
2025-06-28 14:00:00,2025-06-28,15,1006.7387862796834,364.2377777777778,169.44444444444446,688.7126423993406,364.2377777777778,-642.5010085019055
2025-06-28 15:00:00,2025-06-28,16,354.4854881266491,429.92,200.0,493.99505139131,429.92,75.43451187335091
2025-06-28 16:00:00,2025-06-28,17,347.3957783641161,328.41111111111115,152.77777777777777,274.25624744715816,328.41111111111115,-18.984667253004943
2025-06-28 17:00:00,2025-06-28,18,127.61477572559367,95.53777777777778,44.44444444444444,65.33763110733399,95.53777777777778,-32.0769979478159
2025-06-28 18:00:00,2025-06-28,19,0.0,0.0,0.0,0.0,0.0,0.0
2025-06-28 19:00:00,2025-06-28,20,0.0,0.0,0.0,0.0,0.0,0.0
2025-06-28 20:00:00,2025-06-28,21,0.0,0.0,0.0,0.0,0.0,0.0
2025-06-28 21:00:00,2025-06-28,22,0.0,0.0,0.0,0.0,0.0,0.0
2025-06-28 22:00:00,2025-06-28,23,0.0,0.0,0.0,0.0,0.0,0.0
2025-06-28 23:00:00,2025-06-28,24,0.0,0.0,0.0,0.0,0.0,0.0
2025-06-29 00:00:00,2025-06-29,1,0.0,0.0,0.0,0.0,0.0,0.0
2025-06-29 01:00:00,2025-06-29,2,0.0,0.0,0.0,0.0,0.0,0.0
2025-06-29 02:00:00,2025-06-29,3,0.0,0.0,0.0,0.0,0.0,0.0
2025-06-29 03:00:00,2025-06-29,4,0.0,0.0,0.0,0.0,0.0,0.0
2025-06-29 04:00:00,2025-06-29,5,0.0,0.0,0.0,0.0,0.0,0.0
2025-06-29 05:00:00,2025-06-29,6,21.269129287598943,53.74,25.0,81.17421132549703,53.74,32.47087071240106
2025-06-29 06:00:00,2025-06-29,7,248.13984168865437,465.74666666666667,216.66666666666666,294.0168205385947,465.74666666666667,217.6068249780123
2025-06-29 07:00:00,2025-06-29,8,794.0474934036939,889.6955555555556,413.8888888888889,512.3889714105451,889.6955555555556,95.64806215186172
2025-06-29 08:00:00,2025-06-29,9,1198.1609498680739,1319.6155555555556,613.8888888888889,703.9232694405329,1319.6155555555556,121.45460568748172
2025-06-29 09:00:00,2025-06-29,10,1077.6358839050133,1862.9866666666667,866.6666666666666,851.3642862353361,1862.9866666666667,785.3507827616534
2025-06-29 10:00:00,2025-06-29,11,1141.44327176781,1552.4888888888888,722.2222222222222,943.2477913755108,1552.4888888888888,411.04561712107875
2025-06-29 11:00:00,2025-06-29,12,1141.44327176781,1474.8644444444444,686.1111111111111,972.7572381124411,1474.8644444444444,333.42117267663434
2025-06-29 12:00:00,2025-06-29,13,1666.0817941952507,1851.0444444444445,861.1111111111111,937.750512012893,1851.0444444444445,184.96265024919376
2025-06-29 13:00:00,2025-06-29,14,2041.8364116094988,1827.16,850.0,840.7650662066939,1827.16,-214.6764116094987
2025-06-29 14:00:00,2025-06-29,15,1687.3509234828496,1606.2288888888888,747.2222222222222,689.007607027371,1606.2288888888888,-81.12203459396073
2025-06-29 15:00:00,2025-06-29,16,843.6754617414248,668.7644444444444,311.1111111111111,494.3530504536888,668.7644444444444,-174.9110172969804
2025-06-29 16:00:00,2025-06-29,17,212.69129287598946,226.90222222222226,105.55555555555556,274.60976369948486,226.90222222222226,14.210929346232803
2025-06-29 17:00:00,2025-06-29,18,127.61477572559367,131.36444444444444,61.111111111111114,65.57933103427857,131.36444444444444,3.7496687188507707
2025-06-29 18:00:00,2025-06-29,19,14.179419525065963,0.0,0.0,0.0,0.0,-14.179419525065963
2025-06-29 19:00:00,2025-06-29,20,0.0,0.0,0.0,0.0,0.0,0.0
2025-06-29 20:00:00,2025-06-29,21,0.0,0.0,0.0,0.0,0.0,0.0
2025-06-29 21:00:00,2025-06-29,22,0.0,0.0,0.0,0.0,0.0,0.0
2025-06-29 22:00:00,2025-06-29,23,0.0,0.0,0.0,0.0,0.0,0.0
2025-06-29 23:00:00,2025-06-29,24,0.0,0.0,0.0,0.0,0.0,0.0
2025-06-30 00:00:00,2025-06-30,1,0.0,0.0,0.0,0.0,0.0,0.0
2025-06-30 01:00:00,2025-06-30,2,0.0,0.0,0.0,0.0,0.0,0.0
2025-06-30 02:00:00,2025-06-30,3,0.0,0.0,0.0,0.0,0.0,0.0
2025-06-30 03:00:00,2025-06-30,4,0.0,0.0,0.0,0.0,0.0,0.0
2025-06-30 04:00:00,2025-06-30,5,0.0,0.0,0.0,0.0,0.0,0.0
2025-06-30 05:00:00,2025-06-30,6,14.179419525065963,83.59555555555555,38.888888888888886,80.17023055964766,83.59555555555555,69.41613603048958
2025-06-30 06:00:00,2025-06-30,7,241.05013192612137,459.7755555555555,213.88888888888889,292.8421437051714,459.7755555555555,218.72542362943415
2025-06-30 07:00:00,2025-06-30,8,794.0474934036939,931.4933333333333,433.3333333333333,511.3239013417689,931.4933333333333,137.44583992963942
2025-06-30 08:00:00,2025-06-30,9,1361.2242744063324,1385.2977777777778,644.4444444444445,703.0436518145841,1385.2977777777778,24.07350337144544
2025-06-30 09:00:00,2025-06-30,10,1822.0554089709763,1761.477777777778,819.4444444444445,850.7058078804505,1761.477777777778,-60.57763119319816
2025-06-30 10:00:00,2025-06-30,11,2204.8997361477573,2042.1200000000001,950.0,942.8222686154121,2042.1200000000001,-162.77973614775715
2025-06-30 11:00:00,2025-06-30,12,2396.3218997361478,2209.311111111111,1027.7777777777778,972.5570137237428,2209.311111111111,-187.01078862503664
2025-06-30 12:00:00,2025-06-30,13,2417.5910290237466,2197.368888888889,1022.2222222222222,937.750693920089,2197.368888888889,-220.22214013485745
2025-06-30 13:00:00,2025-06-30,14,2304.155672823219,2060.0333333333333,958.3333333333334,840.9260838873186,2060.0333333333333,-244.1223394898857
2025-06-30 14:00:00,2025-06-30,15,1928.401055408971,1778.00659273946,827.1336959152679,689.27807992939,1778.00659273946,-150.39446266951086
2025-06-30 15:00:00,2025-06-30,16,1467.5699208443273,1276.01946158077,593.6078626631792,494.6732188859827,1276.01946158077,-191.5504592635573
2025-06-30 16:00:00,2025-06-30,17,815.3166226912929,709.144442337239,329.89600034296564,274.91333361913803,709.144442337239,-106.17218035405392
2025-06-30 17:00:00,2025-06-30,18,219.78100263852244,169.6636870887137,78.92802711607447,65.77335593006207,169.6636870887137,-50.11731554980875
2025-06-30 18:00:00,2025-06-30,19,14.179419525065963,0.0,0.0,0.0,0.0,-14.179419525065963
2025-06-30 19:00:00,2025-06-30,20,0.0,0.0,0.0,0.0,0.0,0.0
2025-06-30 20:00:00,2025-06-30,21,0.0,0.0,0.0,0.0,0.0,0.0
2025-06-30 21:00:00,2025-06-30,22,0.0,0.0,0.0,0.0,0.0,0.0
2025-06-30 22:00:00,2025-06-30,23,0.0,0.0,0.0,0.0,0.0,0.0
2025-06-30 23:00:00,2025-06-30,24,0.0,0.0,0.0,0.0,0.0,0.0
2025-07-01 00:00:00,2025-07-01,1,0.0,0.0,0.0,0.0,0.0,0.0
2025-07-01 01:00:00,2025-07-01,2,0.0,0.0,0.0,0.0,0.0,0.0
2025-07-01 02:00:00,2025-07-01,3,0.0,0.0,0.0,0.0,0.0,0.0
2025-07-01 03:00:00,2025-07-01,4,0.0,0.0,0.0,0.0,0.0,0.0
2025-07-01 04:00:00,2025-07-01,5,0.0,0.0,0.0,0.0,0.0,0.0
2025-07-01 05:00:00,2025-07-01,6,14.179419525065963,77.62444444444446,36.111111111111114,79.14468264956201,77.62444444444446,63.4450249193785
2025-07-01 06:00:00,2025-07-01,7,241.05013192612137,459.7755555555555,213.88888888888889,291.6486313547967,459.7755555555555,218.72542362943415
2025-07-01 07:00:00,2025-07-01,8,794.0474934036939,937.4644444444446,436.1111111111111,510.24986200701863,937.4644444444446,143.41695104075063
2025-07-01 08:00:00,2025-07-01,9,1382.4934036939314,1391.2688888888886,647.2222222222222,702.1633001809194,1391.2688888888886,8.775485194957128
2025-07-01 09:00:00,2025-07-01,10,1793.6965699208445,1779.3911111111113,827.7777777777778,850.0515984773142,1779.3911111111113,-14.305458809733182
2025-07-01 10:00:00,2025-07-01,11,2126.9129287598944,2048.0911111111113,952.7777777777778,942.4022164499124,2048.0911111111113,-78.82181764878305
2025-07-01 11:00:00,2025-07-01,12,2375.052770448549,2191.397777777778,1019.4444444444445,972.3595242759354,2191.397777777778,-183.65499267077075
2025-07-01 12:00:00,2025-07-01,13,2382.142480211082,2161.5422222222223,1005.5555555555555,937.7471078615664,2161.5422222222223,-220.60025798885954
2025-07-01 13:00:00,2025-07-01,14,2261.6174142480213,2054.0622222222223,955.5555555555555,841.0735702308361,2054.0622222222223,-207.555192025799
2025-07-01 14:00:00,2025-07-01,15,1892.9525065963062,1778.6378394738567,827.4273536815484,689.5227947346237,1778.6378394738567,-114.31466712244946
2025-07-01 15:00:00,2025-07-01,16,1467.5699208443273,1276.7442075190904,593.9450165235813,494.95418043631776,1276.7442075190904,-190.82571332523685
2025-07-01 16:00:00,2025-07-01,17,794.0474934036939,668.7644444444444,311.1111111111111,275.16561380357257,668.7644444444444,-125.28304895924953
2025-07-01 17:00:00,2025-07-01,18,233.9604221635884,170.03848634357612,79.10238478953113,65.91865399127595,170.03848634357612,-63.921935820012266
2025-07-01 18:00:00,2025-07-01,19,14.179419525065963,0.0,0.0,0.0,0.0,-14.179419525065963
2025-07-01 19:00:00,2025-07-01,20,0.0,0.0,0.0,0.0,0.0,0.0
2025-07-01 20:00:00,2025-07-01,21,0.0,0.0,0.0,0.0,0.0,0.0
2025-07-01 21:00:00,2025-07-01,22,0.0,0.0,0.0,0.0,0.0,0.0
2025-07-01 22:00:00,2025-07-01,23,0.0,0.0,0.0,0.0,0.0,0.0
2025-07-01 23:00:00,2025-07-01,24,0.0,0.0,0.0,0.0,0.0,0.0
2025-07-02 00:00:00,2025-07-02,1,0.0,0.0,0.0,0.0,0.0,0.0
2025-07-02 01:00:00,2025-07-02,2,0.0,0.0,0.0,0.0,0.0,0.0
2025-07-02 02:00:00,2025-07-02,3,0.0,0.0,0.0,0.0,0.0,0.0
2025-07-02 03:00:00,2025-07-02,4,0.0,0.0,0.0,0.0,0.0,0.0
2025-07-02 04:00:00,2025-07-02,5,0.0,0.0,0.0,0.0,0.0,0.0
2025-07-02 05:00:00,2025-07-02,6,14.179419525065963,77.62444444444446,36.111111111111114,78.09907442362353,77.62444444444446,63.4450249193785
2025-07-02 06:00:00,2025-07-02,7,233.9604221635884,459.7755555555555,213.88888888888889,290.43763596950623,459.7755555555555,225.81513339196712
2025-07-02 07:00:00,2025-07-02,8,779.868073878628,925.5222222222222,430.55555555555554,509.16796053245815,925.5222222222222,145.65414834359422
2025-07-02 08:00:00,2025-07-02,9,1368.3139841688655,1379.3266666666668,641.6666666666666,701.2829898244888,1379.3266666666668,11.01268249780128
2025-07-02 09:00:00,2025-07-02,10,1822.0554089709763,1779.3911111111113,827.7777777777778,849.4020500585709,1779.3911111111113,-42.66429785986497
2025-07-02 10:00:00,2025-07-02,11,2176.5408970976255,1988.3799999999999,925.0,941.9876245165196,1988.3799999999999,-188.1608970976256
2025-07-02 11:00:00,2025-07-02,12,2367.963060686016,2060.0333333333333,958.3333333333334,972.1643683135215,2060.0333333333333,-307.9297273526827
2025-07-02 12:00:00,2025-07-02,13,2389.232189973615,2083.917777777778,969.4444444444445,937.7390017798608,2083.917777777778,-305.31441219583667
2025-07-02 13:00:00,2025-07-02,14,2240.348284960422,2089.888888888889,972.2222222222222,841.2064886569774,2089.888888888889,-150.45939607153286
2025-07-02 14:00:00,2025-07-02,15,1900.0422163588391,1707.737777777778,794.4444444444445,689.7405192445983,1707.737777777778,-192.30443858106105
2025-07-02 15:00:00,2025-07-02,16,1460.4802110817943,1277.3644178212476,594.2335401103682,495.19461675864017,1277.3644178212476,-183.11579326054675
2025-07-02 16:00:00,2025-07-02,17,680.6121372031662,710.310398073126,330.43840624912815,275.3653385409401,710.310398073126,29.698260869959768
2025-07-02 17:00:00,2025-07-02,18,184.33245382585753,170.28513748307452,79.21712759726206,66.0142729977184,170.28513748307452,-14.047316342783006
2025-07-02 18:00:00,2025-07-02,19,21.269129287598943,0.0,0.0,0.0,0.0,-21.269129287598943
2025-07-02 19:00:00,2025-07-02,20,0.0,0.0,0.0,0.0,0.0,0.0
2025-07-02 20:00:00,2025-07-02,21,0.0,0.0,0.0,0.0,0.0,0.0
2025-07-02 21:00:00,2025-07-02,22,0.0,0.0,0.0,0.0,0.0,0.0
2025-07-02 22:00:00,2025-07-02,23,0.0,0.0,0.0,0.0,0.0,0.0
2025-07-02 23:00:00,2025-07-02,24,0.0,0.0,0.0,0.0,0.0,0.0
2025-07-03 00:00:00,2025-07-03,1,0.0,0.0,0.0,0.0,0.0,0.0
2025-07-03 01:00:00,2025-07-03,2,0.0,0.0,0.0,0.0,0.0,0.0
2025-07-03 02:00:00,2025-07-03,3,0.0,0.0,0.0,0.0,0.0,0.0
2025-07-03 03:00:00,2025-07-03,4,0.0,0.0,0.0,0.0,0.0,0.0
2025-07-03 04:00:00,2025-07-03,5,0.0,0.0,0.0,0.0,0.0,0.0
2025-07-03 05:00:00,2025-07-03,6,14.179419525065963,47.76888888888889,22.22222222222222,77.0348643982443,47.76888888888889,33.58946936382293
2025-07-03 06:00:00,2025-07-03,7,233.9604221635884,423.9488888888889,197.22222222222223,289.2104412602628,423.9488888888889,189.98846672530053
2025-07-03 07:00:00,2025-07-03,8,772.778364116095,919.551111111111,427.77777777777777,508.07922810781474,919.551111111111,146.77274699501606
2025-07-03 08:00:00,2025-07-03,9,1261.9683377308706,1385.2977777777778,644.4444444444445,700.4034201627699,1385.2977777777778,123.32944004690717
2025-07-03 09:00:00,2025-07-03,10,1850.4142480211083,1767.4488888888889,822.2222222222222,848.7574853692073,1767.4488888888889,-82.96535913221942
2025-07-03 10:00:00,2025-07-03,11,2211.98944591029,1886.8711111111113,877.7777777777778,941.5784255876858,1886.8711111111113,-325.1183347991789
2025-07-03 11:00:00,2025-07-03,12,2389.232189973615,2101.831111111111,977.7777777777778,971.9711047659191,2101.831111111111,-287.4010788625037
2025-07-03 12:00:00,2025-07-03,13,2417.5910290237466,2101.831111111111,977.7777777777778,937.7256048901837,2101.831111111111,-315.7599179126355
2025-07-03 13:00:00,2025-07-03,14,2247.4379947229554,2083.917777777778,969.4444444444445,841.3238067416279,2083.917777777778,-163.52021694517725
2025-07-03 14:00:00,2025-07-03,15,1800.7862796833774,1779.688359207104,827.91605843278,689.9300486939834,1779.688359207104,-21.09792047627343
2025-07-03 15:00:00,2025-07-03,16,1439.2110817941953,1277.8768189178945,594.4719105498207,495.3932587915172,1277.8768189178945,-161.33426287630073
2025-07-03 16:00:00,2025-07-03,17,751.509234828496,710.6869351371145,330.61357235630555,275.5113102969213,710.6869351371145,-40.822299691381545
2025-07-03 17:00:00,2025-07-03,18,248.13984168865437,170.40142448042178,79.27122463733801,66.05935386444834,170.40142448042178,-77.73841720823259
2025-07-03 18:00:00,2025-07-03,19,35.44854881266491,0.0,0.0,0.0,0.0,-35.44854881266491
2025-07-03 19:00:00,2025-07-03,20,0.0,0.0,0.0,0.0,0.0,0.0
2025-07-03 20:00:00,2025-07-03,21,0.0,0.0,0.0,0.0,0.0,0.0
2025-07-03 21:00:00,2025-07-03,22,0.0,0.0,0.0,0.0,0.0,0.0
2025-07-03 22:00:00,2025-07-03,23,0.0,0.0,0.0,0.0,0.0,0.0
2025-07-03 23:00:00,2025-07-03,24,0.0,0.0,0.0,0.0,0.0,0.0
2025-07-04 00:00:00,2025-07-04,1,0.0,0.0,0.0,0.0,0.0,0.0
2025-07-04 01:00:00,2025-07-04,2,0.0,0.0,0.0,0.0,0.0,0.0
2025-07-04 02:00:00,2025-07-04,3,0.0,0.0,0.0,0.0,0.0,0.0
2025-07-04 03:00:00,2025-07-04,4,0.0,0.0,0.0,0.0,0.0,0.0
2025-07-04 04:00:00,2025-07-04,5,0.0,0.0,0.0,0.0,0.0,0.0
2025-07-04 05:00:00,2025-07-04,6,14.179419525065963,59.71111111111112,27.77777777777778,75.95346710825129,59.71111111111112,45.531691586045156
2025-07-04 06:00:00,2025-07-04,7,226.8707124010554,417.97777777777776,194.44444444444446,287.96826830438937,417.97777777777776,191.10706537672235
2025-07-04 07:00:00,2025-07-04,8,730.2401055408972,889.6955555555556,413.8888888888889,506.9846262953227,889.6955555555556,159.45545001465848
2025-07-04 08:00:00,2025-07-04,9,1318.6860158311347,1373.3555555555558,638.8888888888889,699.5252202868428,1373.3555555555558,54.669539724421156
2025-07-04 09:00:00,2025-07-04,10,1729.8891820580475,1636.0844444444444,761.1111111111111,848.1181621124615,1636.0844444444444,-93.80473761360304
2025-07-04 10:00:00,2025-07-04,11,1978.0290237467018,1976.437777777778,919.4444444444445,941.1744979775201,1976.437777777778,-1.5912459689238858
2025-07-04 11:00:00,2025-07-04,12,2155.2717678100266,1934.6399999999999,900.0,971.7792531527172,1934.6399999999999,-220.63176781002676
2025-07-04 12:00:00,2025-07-04,13,2318.335092348285,2125.715555555556,988.8888888888889,937.7061255046907,2125.715555555556,-192.61953679272892
2025-07-04 13:00:00,2025-07-04,14,2211.98944591029,2048.0911111111113,952.7777777777778,841.4244916691748,2048.0911111111113,-163.89833479917888
2025-07-04 14:00:00,2025-07-04,15,1878.77308707124,1780.101470194712,828.1082388326721,690.0901990272267,1780.101470194712,-98.6716168765281
2025-07-04 15:00:00,2025-07-04,16,1063.4564643799472,1038.9733333333334,483.3333333333333,495.54887823631617,1038.9733333333334,-24.483131046613835
2025-07-04 16:00:00,2025-07-04,17,446.6517150395778,429.92,200.0,275.60239038652196,429.92,-16.731715039577807
2025-07-04 17:00:00,2025-07-04,18,326.12664907651714,170.38535586290658,79.26374947102093,66.05312455918411,170.38535586290658,-155.74129321361056
2025-07-04 18:00:00,2025-07-04,19,35.44854881266491,0.0,0.0,0.0,0.0,-35.44854881266491
2025-07-04 19:00:00,2025-07-04,20,0.0,0.0,0.0,0.0,0.0,0.0
2025-07-04 20:00:00,2025-07-04,21,0.0,0.0,0.0,0.0,0.0,0.0
2025-07-04 21:00:00,2025-07-04,22,0.0,0.0,0.0,0.0,0.0,0.0
2025-07-04 22:00:00,2025-07-04,23,0.0,0.0,0.0,0.0,0.0,0.0
2025-07-04 23:00:00,2025-07-04,24,0.0,0.0,0.0,0.0,0.0,0.0
2025-07-05 00:00:00,2025-07-05,1,0.0,0.0,0.0,0.0,0.0,0.0
2025-07-05 01:00:00,2025-07-05,2,0.0,0.0,0.0,0.0,0.0,0.0
2025-07-05 02:00:00,2025-07-05,3,0.0,0.0,0.0,0.0,0.0,0.0
2025-07-05 03:00:00,2025-07-05,4,0.0,0.0,0.0,0.0,0.0,0.0
2025-07-05 04:00:00,2025-07-05,5,0.0,0.0,0.0,0.0,0.0,0.0
2025-07-05 05:00:00,2025-07-05,6,21.269129287598943,35.826666666666675,16.666666666666668,74.85625735193103,35.826666666666675,14.557537379067732
2025-07-05 06:00:00,2025-07-05,7,198.51187335092348,208.98888888888888,97.22222222222223,286.7122815991559,208.98888888888888,10.4770155379654
2025-07-05 07:00:00,2025-07-05,8,630.9841688654353,746.3888888888889,347.22222222222223,505.88505292901897,746.3888888888889,115.40472002345359
2025-07-05 08:00:00,2025-07-05,9,1347.0448548812665,1439.0377777777778,669.4444444444445,698.6489542001306,1439.0377777777778,91.99292289651135
2025-07-05 09:00:00,2025-07-05,10,1644.8126649076517,847.8977777777778,394.44444444444446,847.4842768563,847.8977777777778,-796.9148871298738
2025-07-05 10:00:00,2025-07-05,11,794.0474934036939,537.4,250.0,940.7756678166953,537.4,-256.64749340369394
2025-07-05 11:00:00,2025-07-05,12,808.2269129287599,370.20888888888896,172.22222222222223,971.5882939450639,370.20888888888896,-438.01802403987097
2025-07-05 12:00:00,2025-07-05,13,1148.532981530343,1098.6844444444446,511.1111111111111,937.6797493426261,1098.6844444444446,-49.84853708589844
2025-07-05 13:00:00,2025-07-05,14,971.2902374670185,1689.8244444444447,786.1111111111111,841.507506584893,1689.8244444444447,718.5342069774262
2025-07-05 14:00:00,2025-07-05,15,680.6121372031662,561.2844444444444,261.1111111111111,690.2198014233628,561.2844444444444,-119.32769275872181
2025-07-05 15:00:00,2025-07-05,16,666.4327176781003,495.6022222222223,230.55555555555554,495.6602808200088,495.6022222222223,-170.830495455878
2025-07-05 16:00:00,2025-07-05,17,354.4854881266491,567.2555555555556,263.8888888888889,275.63749158579765,567.2555555555556,212.7700674289065
2025-07-05 17:00:00,2025-07-05,18,212.69129287598946,170.2351527390072,79.19387455294341,65.99489546078618,170.2351527390072,-42.45614013698227
2025-07-05 18:00:00,2025-07-05,19,14.179419525065963,0.0,0.0,0.0,0.0,-14.179419525065963
2025-07-05 19:00:00,2025-07-05,20,0.0,0.0,0.0,0.0,0.0,0.0
2025-07-05 20:00:00,2025-07-05,21,0.0,0.0,0.0,0.0,0.0,0.0
2025-07-05 21:00:00,2025-07-05,22,0.0,0.0,0.0,0.0,0.0,0.0
2025-07-05 22:00:00,2025-07-05,23,0.0,0.0,0.0,0.0,0.0,0.0
2025-07-05 23:00:00,2025-07-05,24,0.0,0.0,0.0,0.0,0.0,0.0
2025-07-06 00:00:00,2025-07-06,1,0.0,0.0,0.0,0.0,0.0,0.0
2025-07-06 01:00:00,2025-07-06,2,0.0,0.0,0.0,0.0,0.0,0.0
2025-07-06 02:00:00,2025-07-06,3,0.0,0.0,0.0,0.0,0.0,0.0
2025-07-06 03:00:00,2025-07-06,4,0.0,0.0,0.0,0.0,0.0,0.0
2025-07-06 04:00:00,2025-07-06,5,0.0,0.0,0.0,0.0,0.0,0.0
2025-07-06 05:00:00,2025-07-06,6,35.44854881266491,53.74,25.0,73.74457294072724,53.74,18.291451187335092
2025-07-06 06:00:00,2025-07-06,7,248.13984168865437,268.7,125.0,285.4435930382111,268.7,20.560158311345617
2025-07-06 07:00:00,2025-07-06,8,588.4459102902375,638.908888888889,297.22222222222223,504.7813462538809,638.908888888889,50.46297859865149
2025-07-06 08:00:00,2025-07-06,9,1049.2770448548813,1158.3955555555558,538.8888888888889,697.7751244281858,1158.3955555555558,109.1185107006745
2025-07-06 09:00:00,2025-07-06,10,1758.2480211081795,1743.5644444444447,811.1111111111111,846.8559678629426,1743.5644444444447,-14.683576663734812
2025-07-06 10:00:00,2025-07-06,11,1843.3245382585753,1868.9577777777781,869.4444444444445,940.3817107519994,1868.9577777777781,25.63323951920279
2025-07-06 11:00:00,2025-07-06,12,2027.6569920844327,1743.5644444444447,811.1111111111111,971.3976690194612,1743.5644444444447,-284.09254763998797
2025-07-06 12:00:00,2025-07-06,13,1751.1583113456466,1367.3844444444446,636.1111111111111,937.6456386406627,1367.3844444444446,-383.7738669012019
2025-07-06 13:00:00,2025-07-06,14,942.9313984168865,967.3199999999999,450.0,841.5718083269007,967.3199999999999,24.388601583113427
2025-07-06 14:00:00,2025-07-06,15,503.3693931398417,519.4866666666667,241.66666666666666,690.3176988700671,519.4866666666667,16.117273526824988
2025-07-06 15:00:00,2025-07-06,16,340.3060686015831,340.35333333333335,158.33333333333334,495.7263017722703,340.35333333333335,0.04726473175026058
2025-07-06 16:00:00,2025-07-06,17,106.34564643799473,119.42222222222225,55.55555555555556,275.61557325900355,119.42222222222225,13.076575784227515
2025-07-06 17:00:00,2025-07-06,18,49.62796833773087,59.71111111111112,27.77777777777778,65.8840567230651,59.71111111111112,10.083142773380253
2025-07-06 18:00:00,2025-07-06,19,49.62796833773087,0.0,0.0,0.0,0.0,-49.62796833773087
2025-07-06 19:00:00,2025-07-06,20,0.0,0.0,0.0,0.0,0.0,0.0
2025-07-06 20:00:00,2025-07-06,21,0.0,0.0,0.0,0.0,0.0,0.0
2025-07-06 21:00:00,2025-07-06,22,0.0,0.0,0.0,0.0,0.0,0.0
2025-07-06 22:00:00,2025-07-06,23,0.0,0.0,0.0,0.0,0.0,0.0
2025-07-06 23:00:00,2025-07-06,24,0.0,0.0,0.0,0.0,0.0,0.0
2025-07-07 00:00:00,2025-07-07,1,0.0,0.0,0.0,0.0,0.0,0.0
2025-07-07 01:00:00,2025-07-07,2,0.0,0.0,0.0,0.0,0.0,0.0
2025-07-07 02:00:00,2025-07-07,3,0.0,0.0,0.0,0.0,0.0,0.0
2025-07-07 03:00:00,2025-07-07,4,0.0,0.0,0.0,0.0,0.0,0.0
2025-07-07 04:00:00,2025-07-07,5,0.0,0.0,0.0,0.0,0.0,0.0
2025-07-07 05:00:00,2025-07-07,6,7.089709762532982,11.942222222222222,5.555555555555555,72.61971493988959,11.942222222222222,4.85251245968924
2025-07-07 06:00:00,2025-07-07,7,127.61477572559367,131.36444444444444,61.111111111111114,284.16326290208485,131.36444444444444,3.7496687188507707
2025-07-07 07:00:00,2025-07-07,8,297.76781002638523,250.7866666666667,116.66666666666667,503.6742861056536,250.7866666666667,-46.981143359718544
2025-07-07 08:00:00,2025-07-07,9,467.9208443271768,358.26666666666665,166.66666666666666,696.9041732602924,358.26666666666665,-109.65417766051013
2025-07-07 09:00:00,2025-07-07,10,418.2928759894459,346.32444444444445,161.11111111111111,846.2333162187651,346.32444444444445,-71.96843154500147
2025-07-07 10:00:00,2025-07-07,11,333.21635883905014,214.96,100.0,939.9923528284521,214.96,-118.25635883905014
2025-07-07 11:00:00,2025-07-07,12,134.70448548812666,143.3066666666667,66.66666666666667,971.2067821274655,143.3066666666667,8.602181178540036
2025-07-07 12:00:00,2025-07-07,13,70.89709762532982,71.65333333333335,33.333333333333336,937.6029321009344,71.65333333333335,0.7562357080035298
2025-07-07 13:00:00,2025-07-07,14,35.44854881266491,47.76888888888889,22.22222222222222,841.6163468265912,47.76888888888889,12.320340076223978
2025-07-07 14:00:00,2025-07-07,15,42.53825857519789,53.74,25.0,690.3827449066247,53.74,11.201741424802115
2025-07-07 15:00:00,2025-07-07,16,28.358839050131927,35.826666666666675,16.666666666666668,495.7458040477349,35.826666666666675,7.467827616534748
2025-07-07 16:00:00,2025-07-07,17,77.9868073878628,59.71111111111112,27.77777777777778,275.53563916537956,59.71111111111112,-18.275696276751674
2025-07-07 17:00:00,2025-07-07,18,99.25593667546174,95.53777777777778,44.44444444444444,65.72007768861674,95.53777777777778,-3.7181588976839635
2025-07-07 18:00:00,2025-07-07,19,0.0,0.0,0.0,0.0,0.0,0.0
2025-07-07 19:00:00,2025-07-07,20,0.0,0.0,0.0,0.0,0.0,0.0
2025-07-07 20:00:00,2025-07-07,21,0.0,0.0,0.0,0.0,0.0,0.0
2025-07-07 21:00:00,2025-07-07,22,0.0,0.0,0.0,0.0,0.0,0.0
2025-07-07 22:00:00,2025-07-07,23,0.0,0.0,0.0,0.0,0.0,0.0
2025-07-07 23:00:00,2025-07-07,24,0.0,0.0,0.0,0.0,0.0,0.0
2025-07-08 00:00:00,2025-07-08,1,0.0,0.0,0.0,0.0,0.0,0.0
2025-07-08 01:00:00,2025-07-08,2,0.0,0.0,0.0,0.0,0.0,0.0
2025-07-08 02:00:00,2025-07-08,3,0.0,0.0,0.0,0.0,0.0,0.0
2025-07-08 03:00:00,2025-07-08,4,0.0,0.0,0.0,0.0,0.0,0.0
2025-07-08 04:00:00,2025-07-08,5,0.0,0.0,0.0,0.0,0.0,0.0
2025-07-08 05:00:00,2025-07-08,6,7.089709762532982,11.942222222222222,5.555555555555555,71.48294529216332,11.942222222222222,4.85251245968924
2025-07-08 06:00:00,2025-07-08,7,63.80738786279684,71.65333333333335,33.333333333333336,282.87229769827786,71.65333333333335,7.845945470536513
2025-07-08 07:00:00,2025-07-08,8,184.33245382585753,167.1911111111111,77.77777777777777,502.56459224547797,167.1911111111111,-17.14134271474643
2025-07-08 08:00:00,2025-07-08,9,389.934036939314,340.35333333333335,158.33333333333334,696.0364817426357,340.35333333333335,-49.58070360598066
2025-07-08 09:00:00,2025-07-08,10,765.688654353562,674.7355555555556,313.8888888888889,845.6163453590207,674.7355555555556,-90.95309879800641
2025-07-08 10:00:00,2025-07-08,11,978.3799472295515,901.637777777778,419.44444444444446,939.6072705291189,901.637777777778,-76.74216945177352
2025-07-08 11:00:00,2025-07-08,12,1233.6094986807389,1116.597777777778,519.4444444444445,971.0149993459898,1116.597777777778,-117.01172090296086
2025-07-08 12:00:00,2025-07-08,13,1538.467018469657,1439.0377777777778,669.4444444444445,937.5507455790441,1439.0377777777778,-99.42924069187916
2025-07-08 13:00:00,2025-07-08,14,1105.994722955145,1062.857777777778,494.44444444444446,841.6400658788293,1062.857777777778,-43.136945177367124
2025-07-08 14:00:00,2025-07-08,15,829.4960422163589,722.5044444444443,336.1111111111111,690.4138043072388,722.5044444444443,-106.9915977719146
2025-07-08 15:00:00,2025-07-08,16,708.9709762532982,686.6777777777779,319.44444444444446,495.7176788010478,686.6777777777779,-22.293198475520285
2025-07-08 16:00:00,2025-07-08,17,503.3693931398417,453.8044444444445,211.11111111111111,275.3967376685436,453.8044444444445,-49.56494869539716
2025-07-08 17:00:00,2025-07-08,18,148.88390501319262,137.33555555555557,63.888888888888886,65.50250812819931,137.33555555555557,-11.548349457637045
2025-07-08 18:00:00,2025-07-08,19,14.179419525065963,0.0,0.0,0.0,0.0,-14.179419525065963
2025-07-08 19:00:00,2025-07-08,20,0.0,0.0,0.0,0.0,0.0,0.0
2025-07-08 20:00:00,2025-07-08,21,0.0,0.0,0.0,0.0,0.0,0.0
2025-07-08 21:00:00,2025-07-08,22,0.0,0.0,0.0,0.0,0.0,0.0
2025-07-08 22:00:00,2025-07-08,23,0.0,0.0,0.0,0.0,0.0,0.0
2025-07-08 23:00:00,2025-07-08,24,0.0,0.0,0.0,0.0,0.0,0.0
2025-07-09 00:00:00,2025-07-09,1,0.0,0.0,0.0,0.0,0.0,0.0
2025-07-09 01:00:00,2025-07-09,2,0.0,0.0,0.0,0.0,0.0,0.0
2025-07-09 02:00:00,2025-07-09,3,0.0,0.0,0.0,0.0,0.0,0.0
2025-07-09 03:00:00,2025-07-09,4,0.0,0.0,0.0,0.0,0.0,0.0
2025-07-09 04:00:00,2025-07-09,5,0.0,0.0,0.0,0.0,0.0,0.0
2025-07-09 05:00:00,2025-07-09,6,7.089709762532982,11.942222222222222,5.555555555555555,70.33548298544031,11.942222222222222,4.85251245968924
2025-07-09 06:00:00,2025-07-09,7,70.89709762532982,71.65333333333335,33.333333333333336,281.57164594961233,71.65333333333335,0.7562357080035298
2025-07-09 07:00:00,2025-07-09,8,141.79419525065964,113.45111111111113,52.77777777777778,501.4529209412124,113.45111111111113,-28.34308413954851
2025-07-09 08:00:00,2025-07-09,9,70.89709762532982,83.59555555555555,38.888888888888886,695.1723671296343,83.59555555555555,12.698457930225729
2025-07-09 09:00:00,2025-07-09,10,141.79419525065964,143.3066666666667,66.66666666666667,845.0050196126332,143.3066666666667,1.5124714160070596
2025-07-09 10:00:00,2025-07-09,11,219.78100263852244,208.98888888888888,97.22222222222223,939.226090291861,208.98888888888888,-10.792113749633558
2025-07-09 11:00:00,2025-07-09,12,212.69129287598946,220.9311111111111,102.77777777777777,970.8216494996285,220.9311111111111,8.239818235121646
2025-07-09 12:00:00,2025-07-09,13,439.5620052770449,412.0066666666667,191.66666666666666,937.4881732519752,412.0066666666667,-27.555338610378158
2025-07-09 13:00:00,2025-07-09,14,609.7150395778365,501.5733333333334,233.33333333333334,841.6419047964681,501.5733333333334,-108.1417062445031
2025-07-09 14:00:00,2025-07-09,15,283.5883905013193,250.7866666666667,116.66666666666667,690.4097550285841,250.7866666666667,-32.80172383465259
2025-07-09 15:00:00,2025-07-09,16,191.4221635883905,167.1911111111111,77.77777777777777,495.6408471822568,167.1911111111111,-24.231052477279405
2025-07-09 16:00:00,2025-07-09,17,49.62796833773087,53.74,25.0,275.19796337330365,53.74,4.112031662269132
2025-07-09 17:00:00,2025-07-09,18,28.358839050131927,41.797777777777775,19.444444444444443,65.2309805593284,41.797777777777775,13.438938727645848
2025-07-09 18:00:00,2025-07-09,19,0.0,0.0,0.0,0.0,0.0,0.0
2025-07-09 19:00:00,2025-07-09,20,0.0,0.0,0.0,0.0,0.0,0.0
2025-07-09 20:00:00,2025-07-09,21,0.0,0.0,0.0,0.0,0.0,0.0
2025-07-09 21:00:00,2025-07-09,22,0.0,0.0,0.0,0.0,0.0,0.0
2025-07-09 22:00:00,2025-07-09,23,0.0,0.0,0.0,0.0,0.0,0.0
2025-07-09 23:00:00,2025-07-09,24,0.0,0.0,0.0,0.0,0.0,0.0
2025-07-10 00:00:00,2025-07-10,1,0.0,0.0,0.0,0.0,0.0,0.0
2025-07-10 01:00:00,2025-07-10,2,0.0,0.0,0.0,0.0,0.0,0.0
2025-07-10 02:00:00,2025-07-10,3,0.0,0.0,0.0,0.0,0.0,0.0
2025-07-10 03:00:00,2025-07-10,4,0.0,0.0,0.0,0.0,0.0,0.0
2025-07-10 04:00:00,2025-07-10,5,0.0,0.0,0.0,0.0,0.0,0.0
2025-07-10 05:00:00,2025-07-10,6,0.0,11.942222222222222,5.555555555555555,69.17849988010069,11.942222222222222,11.942222222222222
2025-07-10 06:00:00,2025-07-10,7,134.70448548812666,125.39333333333335,58.333333333333336,280.2621935921572,125.39333333333335,-9.31115215479332
2025-07-10 07:00:00,2025-07-10,8,212.69129287598946,173.16222222222223,80.55555555555556,500.33986102002643,173.16222222222223,-39.529070653767235
2025-07-10 08:00:00,2025-07-10,9,198.51187335092348,173.16222222222223,80.55555555555556,694.3120800572377,173.16222222222223,-25.349651128701254
2025-07-10 09:00:00,2025-07-10,10,404.11345646437996,328.41111111111115,152.77777777777777,844.3992424757722,328.41111111111115,-75.70234535326881
2025-07-10 10:00:00,2025-07-10,11,552.9973614775726,453.8044444444445,211.11111111111111,938.8483879118237,453.8044444444445,-99.19291703312803
2025-07-10 11:00:00,2025-07-10,12,595.5356200527705,459.7755555555555,213.88888888888889,970.6260245286555,459.7755555555555,-135.76006449721496
2025-07-10 12:00:00,2025-07-10,13,432.47229551451187,340.35333333333335,158.33333333333334,937.4142887265814,340.35333333333335,-92.11896218117852
2025-07-10 13:00:00,2025-07-10,14,475.0105540897098,400.0644444444444,186.11111111111111,841.6208000355168,400.0644444444444,-74.94610964526538
2025-07-10 14:00:00,2025-07-10,15,368.66490765171505,316.4688888888889,147.22222222222223,690.3694899606793,316.4688888888889,-52.19601876282616
2025-07-10 15:00:00,2025-07-10,16,304.85751978891824,244.81555555555556,113.88888888888889,495.5142621309628,244.81555555555556,-60.04196423336268
2025-07-10 16:00:00,2025-07-10,17,148.88390501319262,137.33555555555557,63.888888888888886,274.9384585291155,137.33555555555557,-11.548349457637045
2025-07-10 17:00:00,2025-07-10,18,99.25593667546174,95.53777777777778,44.44444444444444,64.9052124138729,95.53777777777778,-3.7181588976839635
2025-07-10 18:00:00,2025-07-10,19,14.179419525065963,0.0,0.0,0.0,0.0,-14.179419525065963
2025-07-10 19:00:00,2025-07-10,20,0.0,0.0,0.0,0.0,0.0,0.0
2025-07-10 20:00:00,2025-07-10,21,0.0,0.0,0.0,0.0,0.0,0.0
2025-07-10 21:00:00,2025-07-10,22,0.0,0.0,0.0,0.0,0.0,0.0
2025-07-10 22:00:00,2025-07-10,23,0.0,0.0,0.0,0.0,0.0,0.0
2025-07-10 23:00:00,2025-07-10,24,0.0,0.0,0.0,0.0,0.0,0.0
2025-07-11 00:00:00,2025-07-11,1,0.0,0.0,0.0,0.0,0.0,0.0
2025-07-11 01:00:00,2025-07-11,2,0.0,0.0,0.0,0.0,0.0,0.0
2025-07-11 02:00:00,2025-07-11,3,0.0,0.0,0.0,0.0,0.0,0.0
2025-07-11 03:00:00,2025-07-11,4,0.0,0.0,0.0,0.0,0.0,0.0
2025-07-11 04:00:00,2025-07-11,5,0.0,0.0,0.0,0.0,0.0,0.0
2025-07-11 05:00:00,2025-07-11,6,14.179419525065963,23.884444444444444,11.11111111111111,68.01311739676056,23.884444444444444,9.70502491937848
2025-07-11 06:00:00,2025-07-11,7,212.69129287598946,214.96,100.0,278.94476025017826,214.96,2.2687071240105467
2025-07-11 07:00:00,2025-07-11,8,290.67810026385223,292.58444444444444,136.11111111111111,499.2259309461027,292.58444444444444,1.9063441805922139
2025-07-11 08:00:00,2025-07-11,9,503.3693931398417,417.97777777777776,194.44444444444446,693.4558025466023,417.97777777777776,-85.39161536206393
2025-07-11 09:00:00,2025-07-11,10,602.6253298153034,525.4577777777778,244.44444444444446,843.7988555032872,525.4577777777778,-77.16755203752564
2025-07-11 10:00:00,2025-07-11,11,609.7150395778365,453.8044444444445,211.11111111111111,938.4736882238999,453.8044444444445,-155.91059513339195
2025-07-11 11:00:00,2025-07-11,12,836.5857519788918,626.9666666666667,291.6666666666667,970.4273797681658,626.9666666666667,-209.61908531222514
2025-07-11 12:00:00,2025-07-11,13,517.5488126649077,382.1511111111111,177.77777777777777,937.3281456657503,382.1511111111111,-135.3977015537966
2025-07-11 13:00:00,2025-07-11,14,638.0738786279684,537.4,250.0,841.5756859023829,537.4,-100.6738786279684
2025-07-11 14:00:00,2025-07-11,15,822.4063324538258,704.5911111111112,327.77777777777777,690.2919175025697,704.5911111111112,-117.81522134271461
2025-07-11 15:00:00,2025-07-11,16,574.2664907651715,507.5444444444445,236.11111111111111,495.3369084583679,507.5444444444445,-66.72204632072703
2025-07-11 16:00:00,2025-07-11,17,361.57519788918205,310.49777777777786,144.44444444444446,274.61741272802436,310.49777777777786,-51.077420111404194
2025-07-11 17:00:00,2025-07-11,18,92.16622691292876,89.56666666666666,41.666666666666664,64.52500685713586,89.56666666666666,-2.599560246262101
2025-07-11 18:00:00,2025-07-11,19,7.089709762532982,0.0,0.0,0.0,0.0,-7.089709762532982
2025-07-11 19:00:00,2025-07-11,20,0.0,0.0,0.0,0.0,0.0,0.0
2025-07-11 20:00:00,2025-07-11,21,0.0,0.0,0.0,0.0,0.0,0.0
2025-07-11 21:00:00,2025-07-11,22,0.0,0.0,0.0,0.0,0.0,0.0
2025-07-11 22:00:00,2025-07-11,23,0.0,0.0,0.0,0.0,0.0,0.0
2025-07-11 23:00:00,2025-07-11,24,0.0,0.0,0.0,0.0,0.0,0.0
2025-07-12 00:00:00,2025-07-12,1,0.0,0.0,0.0,0.0,0.0,0.0
2025-07-12 01:00:00,2025-07-12,2,0.0,0.0,0.0,0.0,0.0,0.0
2025-07-12 02:00:00,2025-07-12,3,0.0,0.0,0.0,0.0,0.0,0.0
2025-07-12 03:00:00,2025-07-12,4,0.0,0.0,0.0,0.0,0.0,0.0
2025-07-12 04:00:00,2025-07-12,5,0.0,0.0,0.0,0.0,0.0,0.0
2025-07-12 05:00:00,2025-07-12,6,63.80738786279684,83.59555555555555,38.888888888888886,66.84040534994266,83.59555555555555,19.788167692758712
2025-07-12 06:00:00,2025-07-12,7,304.85751978891824,423.9488888888889,197.22222222222223,277.6200980300914,423.9488888888889,119.09136909997068
2025-07-12 07:00:00,2025-07-12,8,794.0474934036939,812.0711111111111,377.77777777777777,498.11157820590137,812.0711111111111,18.023617707417202
2025-07-12 08:00:00,2025-07-12,9,751.509234828496,668.7644444444444,311.1111111111111,692.6036478859623,668.7644444444444,-82.74479038405161
2025-07-12 09:00:00,2025-07-12,10,1049.2770448548813,967.3199999999999,450.0,843.203638630394,967.3199999999999,-81.95704485488136
2025-07-12 10:00:00,2025-07-12,11,1269.0580474934038,1194.2222222222224,555.5555555555555,938.1014654924675,1194.2222222222224,-74.83582527118142
2025-07-12 11:00:00,2025-07-12,12,1822.0554089709763,1630.1133333333335,758.3333333333334,970.2249341813595,1630.1133333333335,-191.9420756376428
2025-07-12 12:00:00,2025-07-12,13,1573.915567282322,1247.9622222222222,580.5555555555555,937.2287776204206,1247.9622222222222,-325.95334506009976
2025-07-12 13:00:00,2025-07-12,14,673.5224274406332,620.9955555555557,288.8888888888889,841.5054937335877,620.9955555555557,-52.526871885077526
2025-07-12 14:00:00,2025-07-12,15,659.3430079155673,579.1977777777779,269.44444444444446,690.1759599680616,579.1977777777779,-80.14523013778944
2025-07-12 15:00:00,2025-07-12,16,524.6385224274406,286.6133333333334,133.33333333333334,495.10780044972154,286.6133333333334,-238.02518909410725
2025-07-12 16:00:00,2025-07-12,17,134.70448548812666,35.826666666666675,16.666666666666668,274.2340599539563,35.826666666666675,-98.87781882145998
2025-07-12 17:00:00,2025-07-12,18,49.62796833773087,35.826666666666675,16.666666666666668,64.0902516626498,35.826666666666675,-13.801301671064195
2025-07-12 18:00:00,2025-07-12,19,0.0,0.0,0.0,0.0,0.0,0.0
2025-07-12 19:00:00,2025-07-12,20,0.0,0.0,0.0,0.0,0.0,0.0
2025-07-12 20:00:00,2025-07-12,21,0.0,0.0,0.0,0.0,0.0,0.0
2025-07-12 21:00:00,2025-07-12,22,0.0,0.0,0.0,0.0,0.0,0.0
2025-07-12 22:00:00,2025-07-12,23,0.0,0.0,0.0,0.0,0.0,0.0
2025-07-12 23:00:00,2025-07-12,24,0.0,0.0,0.0,0.0,0.0,0.0
2025-07-13 00:00:00,2025-07-13,1,0.0,0.0,0.0,0.0,0.0,0.0
2025-07-13 01:00:00,2025-07-13,2,0.0,0.0,0.0,0.0,0.0,0.0
2025-07-13 02:00:00,2025-07-13,3,0.0,0.0,0.0,0.0,0.0,0.0
2025-07-13 03:00:00,2025-07-13,4,0.0,0.0,0.0,0.0,0.0,0.0
2025-07-13 04:00:00,2025-07-13,5,0.0,0.0,0.0,0.0,0.0,0.0
2025-07-13 05:00:00,2025-07-13,6,49.62796833773087,71.65333333333335,33.333333333333336,65.66138436926765,71.65333333333335,22.02536499560248
2025-07-13 06:00:00,2025-07-13,7,226.8707124010554,292.58444444444444,136.11111111111111,276.2888947673112,292.58444444444444,65.71373204338903
2025-07-13 07:00:00,2025-07-13,8,673.5224274406332,794.1577777777779,369.44444444444446,496.99718275269527,794.1577777777779,120.6353503371447
2025-07-13 08:00:00,2025-07-13,9,1290.3271767810027,1277.817777777778,594.4444444444445,691.7556639158859,1277.817777777778,-12.509399003224644
2025-07-13 09:00:00,2025-07-13,10,1517.1978891820581,1271.8466666666666,591.6666666666666,842.6133127536754,1271.8466666666666,-245.35122251539156
2025-07-13 10:00:00,2025-07-13,11,1822.0554089709763,1642.0555555555557,763.8888888888889,937.7311450575137,1642.0555555555557,-179.9998534154206
2025-07-13 11:00:00,2025-07-13,12,1361.2242744063324,1594.2866666666669,741.6666666666666,970.0178707304946,1594.2866666666669,233.0623922603345
2025-07-13 12:00:00,2025-07-13,13,1368.3139841688655,1056.8866666666668,491.6666666666667,937.1151969199618,1056.8866666666668,-311.4273175021988
2025-07-13 13:00:00,2025-07-13,14,1077.6358839050133,1618.1711111111115,752.7777777777778,841.4091493088745,1618.1711111111115,540.5352272060982
2025-07-13 14:00:00,2025-07-13,15,850.7651715039578,1594.2866666666669,741.6666666666666,690.0205495377069,1594.2866666666669,743.521495162709
2025-07-13 15:00:00,2025-07-13,16,942.9313984168865,1276.4135035959214,593.7911721231491,494.82597676929095,1276.4135035959214,333.4821051790349
2025-07-13 16:00:00,2025-07-13,17,723.1503957783641,706.2407781545214,328.54520755234523,273.7876729602877,706.2407781545214,-16.909617623842678
2025-07-13 17:00:00,2025-07-13,18,191.4221635883905,164.0598360488902,76.32109976223026,63.60091646852522,164.0598360488902,-27.362327539500313
2025-07-13 18:00:00,2025-07-13,19,14.179419525065963,0.0,0.0,0.0,0.0,-14.179419525065963
2025-07-13 19:00:00,2025-07-13,20,0.0,0.0,0.0,0.0,0.0,0.0
2025-07-13 20:00:00,2025-07-13,21,0.0,0.0,0.0,0.0,0.0,0.0
2025-07-13 21:00:00,2025-07-13,22,0.0,0.0,0.0,0.0,0.0,0.0
2025-07-13 22:00:00,2025-07-13,23,0.0,0.0,0.0,0.0,0.0,0.0
2025-07-13 23:00:00,2025-07-13,24,0.0,0.0,0.0,0.0,0.0,0.0
2025-07-14 00:00:00,2025-07-14,1,0.0,0.0,0.0,0.0,0.0,0.0
2025-07-14 01:00:00,2025-07-14,2,0.0,0.0,0.0,0.0,0.0,0.0
2025-07-14 02:00:00,2025-07-14,3,0.0,0.0,0.0,0.0,0.0,0.0
2025-07-14 03:00:00,2025-07-14,4,0.0,0.0,0.0,0.0,0.0,0.0
2025-07-14 04:00:00,2025-07-14,5,0.0,0.0,0.0,0.0,0.0,0.0
2025-07-14 05:00:00,2025-07-14,6,14.179419525065963,17.913333333333338,8.333333333333334,64.47703354112237,17.913333333333338,3.733913808267374
2025-07-14 06:00:00,2025-07-14,7,99.25593667546174,107.48,50.0,274.9517835453093,107.48,8.224063324538264
2025-07-14 07:00:00,2025-07-14,8,262.3192612137203,250.7866666666667,116.66666666666667,495.883066097618,250.7866666666667,-11.532594547053634
2025-07-14 08:00:00,2025-07-14,9,467.9208443271768,412.0066666666667,191.66666666666666,690.9118407909087,412.0066666666667,-55.91417766051006
2025-07-14 09:00:00,2025-07-14,10,552.9973614775726,531.428888888889,247.22222222222223,842.0275455576069,531.428888888889,-21.568472588683562
2025-07-14 10:00:00,2025-07-14,11,567.1767810026386,519.4866666666667,241.66666666666666,937.3621067402808,519.4866666666667,-47.690114335971884
2025-07-14 11:00:00,2025-07-14,12,623.8944591029024,549.3422222222223,255.55555555555554,969.8053371603822,549.3422222222223,-74.55223688068008
2025-07-14 12:00:00,2025-07-14,13,1020.9182058047494,853.868888888889,397.22222222222223,936.9863928269809,853.868888888889,-167.04931691586035
2025-07-14 13:00:00,2025-07-14,14,1332.8654353562006,1074.8,500.0,841.2855685344215,1074.8,-258.0654353562006
2025-07-14 14:00:00,2025-07-14,15,744.4195250659631,632.9377777777778,294.44444444444446,689.8246219681188,632.9377777777778,-111.48174728818526
2025-07-14 15:00:00,2025-07-14,16,744.4195250659631,656.8222222222223,305.55555555555554,494.49049270991065,656.8222222222223,-87.59730284374075
2025-07-14 16:00:00,2025-07-14,17,602.6253298153034,662.7933333333333,308.3333333333333,273.2775553617601,662.7933333333333,60.16800351802988
2025-07-14 17:00:00,2025-07-14,18,233.9604221635884,162.65691845851845,75.66845853113064,63.05704877594221,162.65691845851845,-71.30350370506994
2025-07-14 18:00:00,2025-07-14,19,14.179419525065963,0.0,0.0,0.0,0.0,-14.179419525065963
2025-07-14 19:00:00,2025-07-14,20,0.0,0.0,0.0,0.0,0.0,0.0
2025-07-14 20:00:00,2025-07-14,21,0.0,0.0,0.0,0.0,0.0,0.0
2025-07-14 21:00:00,2025-07-14,22,0.0,0.0,0.0,0.0,0.0,0.0
2025-07-14 22:00:00,2025-07-14,23,0.0,0.0,0.0,0.0,0.0,0.0
2025-07-14 23:00:00,2025-07-14,24,0.0,0.0,0.0,0.0,0.0,0.0
2025-07-15 00:00:00,2025-07-15,1,0.0,0.0,0.0,0.0,0.0,0.0
2025-07-15 01:00:00,2025-07-15,2,0.0,0.0,0.0,0.0,0.0,0.0
2025-07-15 02:00:00,2025-07-15,3,0.0,0.0,0.0,0.0,0.0,0.0
2025-07-15 03:00:00,2025-07-15,4,0.0,0.0,0.0,0.0,0.0,0.0
2025-07-15 04:00:00,2025-07-15,5,0.0,0.0,0.0,0.0,0.0,0.0
2025-07-15 05:00:00,2025-07-15,6,21.269129287598943,35.826666666666675,16.666666666666668,63.288303767531644,35.826666666666675,14.557537379067732
2025-07-15 06:00:00,2025-07-15,7,163.06332453825857,191.07555555555555,88.88888888888889,273.6093592015264,191.07555555555555,28.012231017296983
2025-07-15 07:00:00,2025-07-15,8,453.7414248021108,603.0822222222222,280.55555555555554,494.76950663340733,603.0822222222222,149.34079742011136
2025-07-15 08:00:00,2025-07-15,9,1134.3535620052771,1218.1066666666666,566.6666666666666,690.0721236488826,1218.1066666666666,83.75310466138944
2025-07-15 09:00:00,2025-07-15,10,1779.5171503957783,1701.7666666666669,791.6666666666666,841.4459608298168,1701.7666666666669,-77.75048372911147
2025-07-15 10:00:00,2025-07-15,11,1978.0290237467018,1964.4955555555557,913.8888888888889,936.9936902846882,1964.4955555555557,-13.533468191146085
2025-07-15 11:00:00,2025-07-15,12,2183.6306068601584,2179.4555555555557,1013.8888888888889,969.58644741738,2179.4555555555557,-4.175051304602675
2025-07-15 12:00:00,2025-07-15,13,1162.712401055409,1898.8133333333337,883.3333333333334,936.8413290924194,1898.8133333333337,736.1009322779248
2025-07-15 13:00:00,2025-07-15,14,1793.6965699208445,1713.7088888888889,797.2222222222222,841.1336516134807,1713.7088888888889,-79.98768103195562
2025-07-15 14:00:00,2025-07-15,15,1375.4036939313985,1701.7666666666669,791.6666666666666,689.587108153061,1701.7666666666669,326.3629727352684
2025-07-15 15:00:00,2025-07-15,16,1035.0976253298154,1274.5418903491598,592.9204923470226,494.1004102891855,1274.5418903491598,239.44426501934436
2025-07-15 16:00:00,2025-07-15,17,304.85751978891824,603.0822222222222,280.55555555555554,272.7030317889247,603.0822222222222,298.22470243330395
2025-07-15 17:00:00,2025-07-15,18,155.9736147757256,143.3066666666667,66.66666666666667,62.45876904654864,143.3066666666667,-12.666948109058893
2025-07-15 18:00:00,2025-07-15,19,14.179419525065963,0.0,0.0,0.0,0.0,-14.179419525065963
2025-07-15 19:00:00,2025-07-15,20,0.0,0.0,0.0,0.0,0.0,0.0
2025-07-15 20:00:00,2025-07-15,21,0.0,0.0,0.0,0.0,0.0,0.0
2025-07-15 21:00:00,2025-07-15,22,0.0,0.0,0.0,0.0,0.0,0.0
2025-07-15 22:00:00,2025-07-15,23,0.0,0.0,0.0,0.0,0.0,0.0
2025-07-15 23:00:00,2025-07-15,24,0.0,0.0,0.0,0.0,0.0,0.0
2025-07-16 00:00:00,2025-07-16,1,0.0,0.0,0.0,0.0,0.0,0.0
2025-07-16 01:00:00,2025-07-16,2,0.0,0.0,0.0,0.0,0.0,0.0
2025-07-16 02:00:00,2025-07-16,3,0.0,0.0,0.0,0.0,0.0,0.0
2025-07-16 03:00:00,2025-07-16,4,0.0,0.0,0.0,0.0,0.0,0.0
2025-07-16 04:00:00,2025-07-16,5,0.0,0.0,0.0,0.0,0.0,0.0
2025-07-16 05:00:00,2025-07-16,6,28.358839050131927,59.71111111111112,27.77777777777778,62.09613557739364,59.71111111111112,31.352272060979196
2025-07-16 06:00:00,2025-07-16,7,262.3192612137203,364.2377777777778,169.44444444444446,272.2622007733817,364.2377777777778,101.91851656405748
2025-07-16 07:00:00,2025-07-16,8,446.6517150395778,609.0533333333333,283.3333333333333,493.71125245776915,609.0533333333333,162.40161829375546
2025-07-16 08:00:00,2025-07-16,9,1191.071240105541,1176.3088888888888,547.2222222222222,689.2948797351986,1176.3088888888888,-14.762351216652178
2025-07-16 09:00:00,2025-07-16,10,1602.274406332454,1570.4022222222222,730.5555555555555,840.9286833334221,1570.4022222222222,-31.87218411023173
2025-07-16 10:00:00,2025-07-16,11,1658.9920844327178,1510.6911111111112,702.7777777777778,936.6867765406016,1510.6911111111112,-148.30097332160653
2025-07-16 11:00:00,2025-07-16,12,1283.2374670184697,1815.217777777778,844.4444444444445,969.422177673833,1815.217777777778,531.9803107593084
2025-07-16 12:00:00,2025-07-16,13,971.2902374670185,961.348888888889,447.22222222222223,936.7405157283151,961.348888888889,-9.941348578129578
2025-07-16 13:00:00,2025-07-16,14,134.70448548812666,125.39333333333335,58.333333333333336,841.012809846411,125.39333333333335,-9.31115215479332
2025-07-16 14:00:00,2025-07-16,15,21.269129287598943,29.85555555555556,13.88888888888889,689.3653755028209,29.85555555555556,8.586426267956618
2025-07-16 15:00:00,2025-07-16,16,49.62796833773087,89.56666666666666,41.666666666666664,493.7092788807747,89.56666666666666,39.93869832893579
2025-07-16 16:00:00,2025-07-16,17,106.34564643799473,155.24888888888893,72.22222222222223,272.109661028353,155.24888888888893,48.9032424508942
2025-07-16 17:00:00,2025-07-16,18,113.4353562005277,159.49342667845872,74.19679320732169,61.830661006101415,159.49342667845872,46.05807047793101
2025-07-16 18:00:00,2025-07-16,19,21.269129287598943,0.0,0.0,0.0,0.0,-21.269129287598943
2025-07-16 19:00:00,2025-07-16,20,0.0,0.0,0.0,0.0,0.0,0.0
2025-07-16 20:00:00,2025-07-16,21,0.0,0.0,0.0,0.0,0.0,0.0
2025-07-16 21:00:00,2025-07-16,22,0.0,0.0,0.0,0.0,0.0,0.0
2025-07-16 22:00:00,2025-07-16,23,0.0,0.0,0.0,0.0,0.0,0.0
2025-07-16 23:00:00,2025-07-16,24,0.0,0.0,0.0,0.0,0.0,0.0
2025-07-17 00:00:00,2025-07-17,1,0.0,0.0,0.0,0.0,0.0,0.0
2025-07-17 01:00:00,2025-07-17,2,0.0,0.0,0.0,0.0,0.0,0.0
2025-07-17 02:00:00,2025-07-17,3,0.0,0.0,0.0,0.0,0.0,0.0
2025-07-17 03:00:00,2025-07-17,4,0.0,0.0,0.0,0.0,0.0,0.0
2025-07-17 04:00:00,2025-07-17,5,0.0,0.0,0.0,0.0,0.0,0.0
2025-07-17 05:00:00,2025-07-17,6,28.358839050131927,47.76888888888889,22.22222222222222,60.925683139752294,47.76888888888889,19.41004983875696
2025-07-17 06:00:00,2025-07-17,7,233.9604221635884,334.3822222222222,155.55555555555554,270.957058561097,334.3822222222222,100.4218000586338
2025-07-17 07:00:00,2025-07-17,8,538.8179419525067,656.8222222222223,305.55555555555554,492.7084789216617,656.8222222222223,118.00428026971565
2025-07-17 08:00:00,2025-07-17,9,1105.994722955145,1122.5688888888888,522.2222222222222,688.5799842026773,1122.5688888888888,16.574165933743643
2025-07-17 09:00:00,2025-07-17,10,1616.4538258575199,1594.2866666666669,741.6666666666666,840.4752757050354,1594.2866666666669,-22.167159190853
2025-07-17 10:00:00,2025-07-17,11,1666.0817941952507,1689.8244444444447,786.1111111111111,936.440646153298,1689.8244444444447,23.742650249193957
2025-07-17 11:00:00,2025-07-17,12,2006.3878627968338,1534.5755555555559,713.8888888888889,969.3115840102763,1534.5755555555559,-471.81230724127795
2025-07-17 12:00:00,2025-07-17,13,2176.5408970976255,1982.4088888888891,922.2222222222222,936.682861371305,1982.4088888888891,-194.13200820873635
2025-07-17 13:00:00,2025-07-17,14,1439.2110817941953,1050.9155555555556,488.8888888888889,840.9218923117245,1050.9155555555556,-388.2955262386397
2025-07-17 14:00:00,2025-07-17,15,432.47229551451187,495.6022222222223,230.55555555555554,689.1583063685775,495.6022222222223,63.12992670771041
2025-07-17 15:00:00,2025-07-17,16,694.7915567282322,806.1,375.0,493.3161043253074,806.1,111.30844327176783
2025-07-17 16:00:00,2025-07-17,17,467.9208443271768,501.5733333333334,233.33333333333334,271.49666144475,501.5733333333334,33.6524890061566
2025-07-17 17:00:00,2025-07-17,18,141.79419525065964,137.33555555555557,63.888888888888886,61.172531774476305,137.33555555555557,-4.458639695104068
2025-07-17 18:00:00,2025-07-17,19,14.179419525065963,0.0,0.0,0.0,0.0,-14.179419525065963
2025-07-17 19:00:00,2025-07-17,20,0.0,0.0,0.0,0.0,0.0,0.0
2025-07-17 20:00:00,2025-07-17,21,0.0,0.0,0.0,0.0,0.0,0.0
2025-07-17 21:00:00,2025-07-17,22,0.0,0.0,0.0,0.0,0.0,0.0
2025-07-17 22:00:00,2025-07-17,23,0.0,0.0,0.0,0.0,0.0,0.0
2025-07-17 23:00:00,2025-07-17,24,0.0,0.0,0.0,0.0,0.0,0.0
2025-07-18 00:00:00,2025-07-18,1,0.0,0.0,0.0,0.0,0.0,0.0
2025-07-18 01:00:00,2025-07-18,2,0.0,0.0,0.0,0.0,0.0,0.0
2025-07-18 02:00:00,2025-07-18,3,0.0,0.0,0.0,0.0,0.0,0.0
2025-07-18 03:00:00,2025-07-18,4,0.0,0.0,0.0,0.0,0.0,0.0
2025-07-18 04:00:00,2025-07-18,5,0.0,0.0,0.0,0.0,0.0,0.0
2025-07-18 05:00:00,2025-07-18,6,35.44854881266491,71.65333333333335,33.333333333333336,59.777161303028,71.65333333333335,36.20478452066844
2025-07-18 06:00:00,2025-07-18,7,219.78100263852244,292.58444444444444,136.11111111111111,269.6943346057048,292.58444444444444,72.803441805922
2025-07-18 07:00:00,2025-07-18,8,552.9973614775726,626.9666666666667,291.6666666666667,491.70694839983724,626.9666666666667,73.96930518909414
2025-07-18 08:00:00,2025-07-18,9,1297.4168865435356,1307.6733333333336,608.3333333333334,687.8688961982174,1307.6733333333336,10.25644678979802
2025-07-18 09:00:00,2025-07-18,10,1786.6068601583113,1719.68,800.0,840.0247745400197,1719.68,-66.92686015831123
2025-07-18 10:00:00,2025-07-18,11,2112.7335092348285,1940.6111111111113,902.7777777777778,936.1929931487366,1940.6111111111113,-172.12239812371718
2025-07-18 11:00:00,2025-07-18,12,1843.3245382585753,1803.275555555556,838.8888888888889,969.1918025625479,1803.275555555556,-40.04898270301942
2025-07-18 12:00:00,2025-07-18,13,2353.78364116095,2048.0911111111113,952.7777777777778,936.605666068349,2048.0911111111113,-305.69253004983875
2025-07-18 13:00:00,2025-07-18,14,2098.5540897097626,1665.94,775.0,840.7991783100967,1665.94,-432.61408970976254
2025-07-18 14:00:00,2025-07-18,15,1524.287598944591,1343.5,625.0,688.9063013327192,1343.5,-180.78759894459108
2025-07-18 15:00:00,2025-07-18,16,1240.6992084432718,1122.5688888888888,522.2222222222222,492.86538869896754,1122.5688888888888,-118.13031955438305
2025-07-18 16:00:00,2025-07-18,17,567.1767810026386,698.5780509179873,324.9804851683975,270.81707097366456,698.5780509179873,131.40126991534873
2025-07-18 17:00:00,2025-07-18,18,233.9604221635884,155.9579896512426,72.5520979025133,60.46008158542775,155.9579896512426,-78.00243251234579
2025-07-18 18:00:00,2025-07-18,19,28.358839050131927,0.0,0.0,0.0,0.0,-28.358839050131927
2025-07-18 19:00:00,2025-07-18,20,0.0,0.0,0.0,0.0,0.0,0.0
2025-07-18 20:00:00,2025-07-18,21,0.0,0.0,0.0,0.0,0.0,0.0
2025-07-18 21:00:00,2025-07-18,22,0.0,0.0,0.0,0.0,0.0,0.0
2025-07-18 22:00:00,2025-07-18,23,0.0,0.0,0.0,0.0,0.0,0.0
2025-07-18 23:00:00,2025-07-18,24,0.0,0.0,0.0,0.0,0.0,0.0
2025-07-19 00:00:00,2025-07-19,1,0.0,0.0,0.0,0.0,0.0,0.0
2025-07-19 01:00:00,2025-07-19,2,0.0,0.0,0.0,0.0,0.0,0.0
2025-07-19 02:00:00,2025-07-19,3,0.0,0.0,0.0,0.0,0.0,0.0
2025-07-19 03:00:00,2025-07-19,4,0.0,0.0,0.0,0.0,0.0,0.0
2025-07-19 04:00:00,2025-07-19,5,0.0,0.0,0.0,0.0,0.0,0.0
2025-07-19 05:00:00,2025-07-19,6,0.0,5.971111111111111,2.7777777777777777,58.62711415990983,5.971111111111111,5.971111111111111
2025-07-19 06:00:00,2025-07-19,7,28.358839050131927,41.797777777777775,19.444444444444443,268.42846989038526,41.797777777777775,13.438938727645848
2025-07-19 07:00:00,2025-07-19,8,226.8707124010554,214.96,100.0,490.7069851797334,214.96,-11.910712401055406
2025-07-19 08:00:00,2025-07-19,9,205.60158311345646,208.98888888888888,97.22222222222223,687.1615618305647,208.98888888888888,3.3873057754324236
2025-07-19 09:00:00,2025-07-19,10,255.22955145118735,191.07555555555555,88.88888888888889,839.576761158263,191.07555555555555,-64.1539958956318
2025-07-19 10:00:00,2025-07-19,11,510.4591029023747,429.92,200.0,935.943077589398,429.92,-80.53910290237468
2025-07-19 11:00:00,2025-07-19,12,765.688654353562,662.7933333333333,308.3333333333333,969.0618395759257,662.7933333333333,-102.89532102022872
2025-07-19 12:00:00,2025-07-19,13,680.6121372031662,561.2844444444444,261.1111111111111,936.5077691944767,561.2844444444444,-119.32769275872181
2025-07-19 13:00:00,2025-07-19,14,765.688654353562,662.7933333333333,308.3333333333333,840.6434398364056,662.7933333333333,-102.89532102022872
2025-07-19 14:00:00,2025-07-19,15,893.3034300791556,740.4177777777779,344.44444444444446,688.6081725822064,740.4177777777779,-152.88565230137772
2025-07-19 15:00:00,2025-07-19,16,808.2269129287599,764.3022222222222,355.55555555555554,492.35609874327946,764.3022222222222,-43.92469070653772
2025-07-19 16:00:00,2025-07-19,17,297.76781002638523,274.67111111111114,127.77777777777777,270.07016290828665,274.67111111111114,-23.09669891527409
2025-07-19 17:00:00,2025-07-19,18,198.51187335092348,153.98081810004146,71.63231210459688,59.6935934204974,153.98081810004146,-44.53105525088202
2025-07-19 18:00:00,2025-07-19,19,21.269129287598943,0.0,0.0,0.0,0.0,-21.269129287598943
2025-07-19 19:00:00,2025-07-19,20,0.0,0.0,0.0,0.0,0.0,0.0
2025-07-19 20:00:00,2025-07-19,21,0.0,0.0,0.0,0.0,0.0,0.0
2025-07-19 21:00:00,2025-07-19,22,0.0,0.0,0.0,0.0,0.0,0.0
2025-07-19 22:00:00,2025-07-19,23,0.0,0.0,0.0,0.0,0.0,0.0
2025-07-19 23:00:00,2025-07-19,24,0.0,0.0,0.0,0.0,0.0,0.0
2025-07-20 00:00:00,2025-07-20,1,0.0,0.0,0.0,0.0,0.0,0.0
2025-07-20 01:00:00,2025-07-20,2,0.0,0.0,0.0,0.0,0.0,0.0
2025-07-20 02:00:00,2025-07-20,3,0.0,0.0,0.0,0.0,0.0,0.0
2025-07-20 03:00:00,2025-07-20,4,0.0,0.0,0.0,0.0,0.0,0.0
2025-07-20 04:00:00,2025-07-20,5,0.0,0.0,0.0,0.0,0.0,0.0
2025-07-20 05:00:00,2025-07-20,6,35.44854881266491,59.71111111111112,27.77777777777778,57.47659100739411,59.71111111111112,24.262562298446213
2025-07-20 06:00:00,2025-07-20,7,290.67810026385223,340.35333333333335,158.33333333333334,267.1602073758873,340.35333333333335,49.67523306948112
2025-07-20 07:00:00,2025-07-20,8,652.2532981530343,692.6488888888889,322.22222222222223,489.7089672981479,692.6488888888889,40.395590735854626
2025-07-20 08:00:00,2025-07-20,9,673.5224274406332,644.88,300.0,686.4579622501554,644.88,-28.64242744063324
2025-07-20 09:00:00,2025-07-20,10,560.0870712401055,531.428888888889,247.22222222222223,839.1308320609576,531.428888888889,-28.65818235121651
2025-07-20 10:00:00,2025-07-20,11,843.6754617414248,812.0711111111111,377.77777777777777,935.6901556329744,812.0711111111111,-31.60435063031366
2025-07-20 11:00:00,2025-07-20,12,999.6490765171504,907.608888888889,422.22222222222223,968.9206806368567,907.608888888889,-92.04018762826138
2025-07-20 12:00:00,2025-07-20,13,921.6622691292877,788.1866666666668,366.6666666666667,936.3879762680009,788.1866666666668,-133.47560246262083
2025-07-20 13:00:00,2025-07-20,14,794.0474934036939,620.9955555555557,288.8888888888889,840.4534063994623,620.9955555555557,-173.0519378481382
2025-07-20 14:00:00,2025-07-20,15,843.6754617414248,835.9555555555555,388.8888888888889,688.2626866850599,835.9555555555555,-7.719906185869263
2025-07-20 15:00:00,2025-07-20,16,354.4854881266491,334.3822222222222,155.55555555555554,491.7871588183533,334.3822222222222,-20.103265904426905
2025-07-20 16:00:00,2025-07-20,17,226.8707124010554,203.01777777777778,94.44444444444444,269.25518227209955,203.01777777777778,-23.852934623277633
2025-07-20 17:00:00,2025-07-20,18,70.89709762532982,77.62444444444446,36.111111111111114,58.873402169278656,77.62444444444446,6.7273468191146435
2025-07-20 18:00:00,2025-07-20,19,7.089709762532982,0.0,0.0,0.0,0.0,-7.089709762532982
2025-07-20 19:00:00,2025-07-20,20,0.0,0.0,0.0,0.0,0.0,0.0
2025-07-20 20:00:00,2025-07-20,21,0.0,0.0,0.0,0.0,0.0,0.0
2025-07-20 21:00:00,2025-07-20,22,0.0,0.0,0.0,0.0,0.0,0.0
2025-07-20 22:00:00,2025-07-20,23,0.0,0.0,0.0,0.0,0.0,0.0
2025-07-20 23:00:00,2025-07-20,24,0.0,0.0,0.0,0.0,0.0,0.0
2025-07-21 00:00:00,2025-07-21,1,0.0,0.0,0.0,0.0,0.0,0.0
2025-07-21 01:00:00,2025-07-21,2,0.0,0.0,0.0,0.0,0.0,0.0
2025-07-21 02:00:00,2025-07-21,3,0.0,0.0,0.0,0.0,0.0,0.0
2025-07-21 03:00:00,2025-07-21,4,0.0,0.0,0.0,0.0,0.0,0.0
2025-07-21 04:00:00,2025-07-21,5,0.0,0.0,0.0,0.0,0.0,0.0
2025-07-21 05:00:00,2025-07-21,6,0.0,5.971111111111111,2.7777777777777777,56.3266895011992,5.971111111111111,5.971111111111111
2025-07-21 06:00:00,2025-07-21,7,42.53825857519789,47.76888888888889,22.22222222222222,265.890358131968,47.76888888888889,5.230630313691002
2025-07-21 07:00:00,2025-07-21,8,85.07651715039577,89.56666666666666,41.666666666666664,488.71332811126814,89.56666666666666,4.49014951627089
2025-07-21 08:00:00,2025-07-21,9,148.88390501319262,143.3066666666667,66.66666666666667,685.7581153694583,143.3066666666667,-5.577238346525917
2025-07-21 09:00:00,2025-07-21,10,326.12664907651714,286.6133333333334,133.33333333333334,838.686600723343,286.6133333333334,-39.51331574318374
2025-07-21 10:00:00,2025-07-21,11,737.3298153034301,626.9666666666667,291.6666666666667,935.4334813996945,626.9666666666667,-110.36314863676341
2025-07-21 11:00:00,2025-07-21,12,999.6490765171504,889.6955555555556,413.8888888888889,968.7672925815892,889.6955555555556,-109.95352096159479
2025-07-21 12:00:00,2025-07-21,13,914.5725593667546,901.637777777778,419.44444444444446,936.245060844349,901.637777777778,-12.934781588976648
2025-07-21 13:00:00,2025-07-21,14,510.4591029023747,471.7177777777778,219.44444444444446,840.2277668519682,471.7177777777778,-38.74132512459687
2025-07-21 14:00:00,2025-07-21,15,425.3825857519789,376.18000000000006,175.0,687.8685661225226,376.18000000000006,-49.20258575197886
2025-07-21 15:00:00,2025-07-21,16,255.22955145118735,220.9311111111111,102.77777777777777,491.1574521252352,220.9311111111111,-34.29844034007624
2025-07-21 16:00:00,2025-07-21,17,148.88390501319262,143.3066666666667,66.66666666666667,268.3713466613487,143.3066666666667,-5.577238346525917
2025-07-21 17:00:00,2025-07-21,18,56.71767810026385,59.71111111111112,27.77777777777778,57.99989907785475,59.71111111111112,2.9934330108472693
2025-07-21 18:00:00,2025-07-21,19,7.089709762532982,0.0,0.0,0.0,0.0,-7.089709762532982
2025-07-21 19:00:00,2025-07-21,20,0.0,0.0,0.0,0.0,0.0,0.0
2025-07-21 20:00:00,2025-07-21,21,0.0,0.0,0.0,0.0,0.0,0.0
2025-07-21 21:00:00,2025-07-21,22,0.0,0.0,0.0,0.0,0.0,0.0
2025-07-21 22:00:00,2025-07-21,23,0.0,0.0,0.0,0.0,0.0,0.0
2025-07-21 23:00:00,2025-07-21,24,0.0,0.0,0.0,0.0,0.0,0.0
2025-07-22 00:00:00,2025-07-22,1,0.0,0.0,0.0,0.0,0.0,0.0
2025-07-22 01:00:00,2025-07-22,2,0.0,0.0,0.0,0.0,0.0,0.0
2025-07-22 02:00:00,2025-07-22,3,0.0,0.0,0.0,0.0,0.0,0.0
2025-07-22 03:00:00,2025-07-22,4,0.0,0.0,0.0,0.0,0.0,0.0
2025-07-22 04:00:00,2025-07-22,5,0.0,0.0,0.0,0.0,0.0,0.0
2025-07-22 05:00:00,2025-07-22,6,14.179419525065963,23.884444444444444,11.11111111111111,55.17854373265106,23.884444444444444,9.70502491937848
2025-07-22 06:00:00,2025-07-22,7,184.33245382585753,173.16222222222223,80.55555555555556,264.6197898972959,173.16222222222223,-11.170231603635301
2025-07-22 07:00:00,2025-07-22,8,475.0105540897098,406.03555555555556,188.88888888888889,487.7205462694799,406.03555555555556,-68.97499853415422
2025-07-22 08:00:00,2025-07-22,9,552.9973614775726,435.8911111111112,202.77777777777777,685.0620682033748,435.8911111111112,-117.10625036646138
2025-07-22 09:00:00,2025-07-22,10,730.2401055408972,585.1688888888889,272.22222222222223,838.2436926864048,585.1688888888889,-145.07121665200827
2025-07-22 10:00:00,2025-07-22,11,999.6490765171504,835.9555555555555,388.8888888888889,935.1723050282955,835.9555555555555,-163.6935209615949
2025-07-22 11:00:00,2025-07-22,12,1304.5065963060686,997.1755555555557,463.8888888888889,968.6006244528614,997.1755555555557,-307.3310407505129
2025-07-22 12:00:00,2025-07-22,13,1446.3007915567282,1462.9222222222224,680.5555555555555,936.0777681248012,1462.9222222222224,16.621430665494245
2025-07-22 13:00:00,2025-07-22,14,794.0474934036939,650.8511111111111,302.77777777777777,839.9651751700468,650.8511111111111,-143.19638229258283
2025-07-22 14:00:00,2025-07-22,15,907.4828496042217,991.2044444444446,461.1111111111111,687.4244965537957,991.2044444444446,83.7215948402229
2025-07-22 15:00:00,2025-07-22,16,786.957783641161,973.2911111111111,452.77777777777777,490.46582860127086,973.2911111111111,186.33332746995018
2025-07-22 16:00:00,2025-07-22,17,538.8179419525067,513.5155555555556,238.88888888888889,267.417853902147,513.5155555555556,-25.30238639695108
2025-07-22 17:00:00,2025-07-22,18,319.0369393139842,147.22234109038382,68.48824948380341,57.07354123650285,147.22234109038382,-171.81459822360037
2025-07-22 18:00:00,2025-07-22,19,49.62796833773087,0.0,0.0,0.0,0.0,-49.62796833773087
2025-07-22 19:00:00,2025-07-22,20,0.0,0.0,0.0,0.0,0.0,0.0
2025-07-22 20:00:00,2025-07-22,21,0.0,0.0,0.0,0.0,0.0,0.0
2025-07-22 21:00:00,2025-07-22,22,0.0,0.0,0.0,0.0,0.0,0.0
2025-07-22 22:00:00,2025-07-22,23,0.0,0.0,0.0,0.0,0.0,0.0
2025-07-22 23:00:00,2025-07-22,24,0.0,0.0,0.0,0.0,0.0,0.0
2025-07-23 00:00:00,2025-07-23,1,0.0,0.0,0.0,0.0,0.0,0.0
2025-07-23 01:00:00,2025-07-23,2,0.0,0.0,0.0,0.0,0.0,0.0
2025-07-23 02:00:00,2025-07-23,3,0.0,0.0,0.0,0.0,0.0,0.0
2025-07-23 03:00:00,2025-07-23,4,0.0,0.0,0.0,0.0,0.0,0.0
2025-07-23 04:00:00,2025-07-23,5,0.0,0.0,0.0,0.0,0.0,0.0
2025-07-23 05:00:00,2025-07-23,6,35.44854881266491,47.76888888888889,22.22222222222222,54.033303546471394,47.76888888888889,12.320340076223978
2025-07-23 06:00:00,2025-07-23,7,276.4986807387863,376.18000000000006,175.0,263.34940385384317,376.18000000000006,99.68131926121379
2025-07-23 07:00:00,2025-07-23,8,680.6121372031662,812.0711111111111,377.77777777777777,486.73112508141264,812.0711111111111,131.45897390794494
2025-07-23 08:00:00,2025-07-23,9,1339.9551451187335,1355.4422222222222,630.5555555555555,684.3698804292036,1355.4422222222222,15.487077103488673
2025-07-23 09:00:00,2025-07-23,10,1807.8759894459104,1671.911111111111,777.7777777777778,837.8017343112673,1671.911111111111,-135.96487833479932
2025-07-23 10:00:00,2025-07-23,11,1935.490765171504,1570.4022222222222,730.5555555555555,934.9058670731051,1570.4022222222222,-365.0885429492819
2025-07-23 11:00:00,2025-07-23,12,2247.4379947229554,1898.8133333333337,883.3333333333334,968.4196076034422,1898.8133333333337,-348.6246613896217
2025-07-23 12:00:00,2025-07-23,13,2162.3614775725596,2257.08,1050.0,935.8848203518022,2257.08,94.71852242744035
2025-07-23 13:00:00,2025-07-23,14,1609.364116094987,2095.86,975.0,839.6642603157977,2095.86,486.4958839050132
2025-07-23 14:00:00,2025-07-23,15,1800.7862796833774,1771.9474554332999,824.314968102577,686.9291400854809,1771.9474554332999,-28.83882425007755
2025-07-23 15:00:00,2025-07-23,16,1474.6596306068602,1086.7422222222222,505.55555555555554,489.7111200017216,1086.7422222222222,-387.91740838463807
2025-07-23 16:00:00,2025-07-23,17,836.5857519788918,615.0244444444445,286.1111111111111,266.3938973180016,615.0244444444445,-221.56130753444734
2025-07-23 17:00:00,2025-07-23,18,262.3192612137203,144.69783121315885,67.31384034851082,56.09486695709235,144.69783121315885,-117.62143000056147
2025-07-23 18:00:00,2025-07-23,19,21.269129287598943,0.0,0.0,0.0,0.0,-21.269129287598943
2025-07-23 19:00:00,2025-07-23,20,0.0,0.0,0.0,0.0,0.0,0.0
2025-07-23 20:00:00,2025-07-23,21,0.0,0.0,0.0,0.0,0.0,0.0
2025-07-23 21:00:00,2025-07-23,22,0.0,0.0,0.0,0.0,0.0,0.0
2025-07-23 22:00:00,2025-07-23,23,0.0,0.0,0.0,0.0,0.0,0.0
2025-07-23 23:00:00,2025-07-23,24,0.0,0.0,0.0,0.0,0.0,0.0
2025-07-24 00:00:00,2025-07-24,1,0.0,0.0,0.0,0.0,0.0,0.0
2025-07-24 01:00:00,2025-07-24,2,0.0,0.0,0.0,0.0,0.0,0.0
2025-07-24 02:00:00,2025-07-24,3,0.0,0.0,0.0,0.0,0.0,0.0
2025-07-24 03:00:00,2025-07-24,4,0.0,0.0,0.0,0.0,0.0,0.0
2025-07-24 04:00:00,2025-07-24,5,0.0,0.0,0.0,0.0,0.0,0.0
2025-07-24 05:00:00,2025-07-24,6,63.80738786279684,65.68222222222222,30.555555555555557,52.892108704776874,65.68222222222222,1.8748343594253853
2025-07-24 06:00:00,2025-07-24,7,177.24274406332455,161.22,75.0,262.0801037708361,161.22,-16.022744063324552
2025-07-24 07:00:00,2025-07-24,8,276.4986807387863,728.4755555555556,338.8888888888889,485.74556459702404,728.4755555555556,451.97687481676934
2025-07-24 08:00:00,2025-07-24,9,581.3562005277045,1158.3955555555558,538.8888888888889,683.681601959335,1158.3955555555558,577.0393550278513
2025-07-24 09:00:00,2025-07-24,10,602.6253298153034,1313.6444444444446,611.1111111111111,837.3603372419279,1313.6444444444446,711.0191146291412
2025-07-24 10:00:00,2025-07-24,11,1297.4168865435356,1630.1133333333335,758.3333333333334,934.6333905520754,1630.1133333333335,332.69644678979785
2025-07-24 11:00:00,2025-07-24,12,1687.3509234828496,2066.0044444444447,961.1111111111111,968.223155479608,2066.0044444444447,378.6535209615952
2025-07-24 12:00:00,2025-07-24,13,1935.490765171504,2030.177777777778,944.4444444444445,935.6649239459009,2030.177777777778,94.68701260627381
2025-07-24 13:00:00,2025-07-24,14,1772.4274406332454,1307.6733333333336,608.3333333333334,839.3236398359564,1307.6733333333336,-464.75410729991177
2025-07-24 14:00:00,2025-07-24,15,1162.712401055409,722.5044444444443,336.1111111111111,686.3811537936552,722.5044444444443,-440.20795661096463
2025-07-24 15:00:00,2025-07-24,16,999.6490765171504,949.4066666666669,441.6666666666667,488.89216161081873,949.4066666666669,-50.24240985048357
2025-07-24 16:00:00,2025-07-24,17,233.9604221635884,292.58444444444444,136.11111111111111,265.2986881221386,292.58444444444444,58.62402228085605
2025-07-24 17:00:00,2025-07-24,18,141.79419525065964,119.42222222222225,55.55555555555556,55.0645169623898,119.42222222222225,-22.371973028437395
2025-07-24 18:00:00,2025-07-24,19,35.44854881266491,0.0,0.0,0.0,0.0,-35.44854881266491
2025-07-24 19:00:00,2025-07-24,20,0.0,0.0,0.0,0.0,0.0,0.0
2025-07-24 20:00:00,2025-07-24,21,0.0,0.0,0.0,0.0,0.0,0.0
2025-07-24 21:00:00,2025-07-24,22,0.0,0.0,0.0,0.0,0.0,0.0
2025-07-24 22:00:00,2025-07-24,23,0.0,0.0,0.0,0.0,0.0,0.0
2025-07-24 23:00:00,2025-07-24,24,0.0,0.0,0.0,0.0,0.0,0.0
2025-07-25 00:00:00,2025-07-25,1,0.0,0.0,0.0,0.0,0.0,0.0
2025-07-25 01:00:00,2025-07-25,2,0.0,0.0,0.0,0.0,0.0,0.0
2025-07-25 02:00:00,2025-07-25,3,0.0,0.0,0.0,0.0,0.0,0.0
2025-07-25 03:00:00,2025-07-25,4,0.0,0.0,0.0,0.0,0.0,0.0
2025-07-25 04:00:00,2025-07-25,5,0.0,0.0,0.0,0.0,0.0,0.0
2025-07-25 05:00:00,2025-07-25,6,14.179419525065963,41.797777777777775,19.444444444444443,51.75606298661912,41.797777777777775,27.61835825271181
2025-07-25 06:00:00,2025-07-25,7,106.34564643799473,149.2777777777778,69.44444444444444,260.81276357657254,149.2777777777778,42.93213133978307
2025-07-25 07:00:00,2025-07-25,8,460.83113456464383,447.83333333333337,208.33333333333334,484.7643318809653,447.83333333333337,-12.997801231310461
2025-07-25 08:00:00,2025-07-25,9,680.6121372031662,573.2266666666668,266.6666666666667,682.997248966609,573.2266666666668,-107.38547053649938
2025-07-25 09:00:00,2025-07-25,10,772.778364116095,459.7755555555555,213.88888888888889,836.9190817242683,459.7755555555555,-313.00280856053945
2025-07-25 10:00:00,2025-07-25,11,1127.2638522427442,1230.048888888889,572.2222222222222,934.3540725720741,1230.048888888889,102.78503664614482
2025-07-25 11:00:00,2025-07-25,12,460.83113456464383,316.4688888888889,147.22222222222223,968.0101638226695,316.4688888888889,-144.36224567575493
2025-07-25 12:00:00,2025-07-25,13,361.57519788918205,453.8044444444445,211.11111111111111,935.4167779789806,453.8044444444445,92.22924655526248
2025-07-25 13:00:00,2025-07-25,14,460.83113456464383,370.20888888888896,172.22222222222223,838.9419357378289,370.20888888888896,-90.62224567575487
2025-07-25 14:00:00,2025-07-25,15,283.5883905013193,286.6133333333334,133.33333333333334,685.7792116425526,286.6133333333334,3.024942832014119
2025-07-25 15:00:00,2025-07-25,16,170.15303430079155,167.1911111111111,77.77777777777777,488.0078182116125,167.1911111111111,-2.961923189680448
2025-07-25 16:00:00,2025-07-25,17,77.9868073878628,101.50888888888889,47.22222222222222,264.13148276724905,101.50888888888889,23.522081501026094
2025-07-25 17:00:00,2025-07-25,18,85.07651715039577,77.62444444444446,36.111111111111114,53.98325948838966,77.62444444444446,-7.452072705951309
2025-07-25 18:00:00,2025-07-25,19,0.0,0.0,0.0,0.0,0.0,0.0
2025-07-25 19:00:00,2025-07-25,20,0.0,0.0,0.0,0.0,0.0,0.0
2025-07-25 20:00:00,2025-07-25,21,0.0,0.0,0.0,0.0,0.0,0.0
2025-07-25 21:00:00,2025-07-25,22,0.0,0.0,0.0,0.0,0.0,0.0
2025-07-25 22:00:00,2025-07-25,23,0.0,0.0,0.0,0.0,0.0,0.0
2025-07-25 23:00:00,2025-07-25,24,0.0,0.0,0.0,0.0,0.0,0.0
2025-07-26 00:00:00,2025-07-26,1,0.0,0.0,0.0,0.0,0.0,0.0
2025-07-26 01:00:00,2025-07-26,2,0.0,0.0,0.0,0.0,0.0,0.0
2025-07-26 02:00:00,2025-07-26,3,0.0,0.0,0.0,0.0,0.0,0.0
2025-07-26 03:00:00,2025-07-26,4,0.0,0.0,0.0,0.0,0.0,0.0
2025-07-26 04:00:00,2025-07-26,5,0.0,0.0,0.0,0.0,0.0,0.0
2025-07-26 05:00:00,2025-07-26,6,42.53825857519789,29.85555555555556,13.88888888888889,50.62621292735426,29.85555555555556,-12.682703019642325
2025-07-26 06:00:00,2025-07-26,7,198.51187335092348,250.7866666666667,116.66666666666667,259.5481994165883,250.7866666666667,52.27479331574321
2025-07-26 07:00:00,2025-07-26,8,411.2031662269129,406.03555555555556,188.88888888888889,483.787835227311,406.03555555555556,-5.167610671357352
2025-07-26 08:00:00,2025-07-26,9,545.9076517150396,531.428888888889,247.22222222222223,682.3167829523442,531.428888888889,-14.478762826150614
2025-07-26 09:00:00,2025-07-26,10,758.5989445910291,716.5333333333333,333.3333333333333,836.477502262729,716.5333333333333,-42.065611257695764
2025-07-26 10:00:00,2025-07-26,11,864.9445910290237,1086.7422222222222,505.55555555555554,934.0670774832663,1086.7422222222222,221.7976311931984
2025-07-26 11:00:00,2025-07-26,12,921.6622691292877,877.7533333333333,408.3333333333333,967.7795117889963,877.7533333333333,-43.908935795954335
2025-07-26 12:00:00,2025-07-26,13,1829.1451187335092,1725.6511111111113,802.7777777777778,935.1390831088252,1725.6511111111113,-103.49400762239793
2025-07-26 13:00:00,2025-07-26,14,1623.5435356200528,1486.8066666666666,691.6666666666666,838.517790507875,1486.8066666666666,-136.7368689533862
2025-07-26 14:00:00,2025-07-26,15,1276.1477572559368,1301.7022222222222,605.5555555555555,685.1220264165324,1301.7022222222222,25.554464966285423
2025-07-26 15:00:00,2025-07-26,16,879.1240105540898,704.5911111111112,327.77777777777777,487.0570101194869,704.5911111111112,-174.53289944297853
2025-07-26 16:00:00,2025-07-26,17,340.3060686015831,268.7,125.0,262.8916106974911,268.7,-71.6060686015831
2025-07-26 17:00:00,2025-07-26,18,198.51187335092348,136.33283184252434,63.42241898144973,52.85201581787478,136.33283184252434,-62.17904150839914
2025-07-26 18:00:00,2025-07-26,19,49.62796833773087,0.0,0.0,0.0,0.0,-49.62796833773087
2025-07-26 19:00:00,2025-07-26,20,0.0,0.0,0.0,0.0,0.0,0.0
2025-07-26 20:00:00,2025-07-26,21,0.0,0.0,0.0,0.0,0.0,0.0
2025-07-26 21:00:00,2025-07-26,22,0.0,0.0,0.0,0.0,0.0,0.0
2025-07-26 22:00:00,2025-07-26,23,0.0,0.0,0.0,0.0,0.0,0.0
2025-07-26 23:00:00,2025-07-26,24,0.0,0.0,0.0,0.0,0.0,0.0
2025-07-27 00:00:00,2025-07-27,1,0.0,0.0,0.0,0.0,0.0,0.0
2025-07-27 01:00:00,2025-07-27,2,0.0,0.0,0.0,0.0,0.0,0.0
2025-07-27 02:00:00,2025-07-27,3,0.0,0.0,0.0,0.0,0.0,0.0
2025-07-27 03:00:00,2025-07-27,4,0.0,0.0,0.0,0.0,0.0,0.0
2025-07-27 04:00:00,2025-07-27,5,0.0,0.0,0.0,0.0,0.0,0.0
2025-07-27 05:00:00,2025-07-27,6,14.179419525065963,23.884444444444444,11.11111111111111,49.50353379890751,23.884444444444444,9.70502491937848
2025-07-27 06:00:00,2025-07-27,7,148.88390501319262,155.24888888888893,72.22222222222223,258.28715000493565,155.24888888888893,6.364983875696311
2025-07-27 07:00:00,2025-07-27,8,397.02374670184696,370.20888888888896,172.22222222222223,482.81640581811723,370.20888888888896,-26.814857812957996
2025-07-27 08:00:00,2025-07-27,9,957.1108179419525,1050.9155555555556,488.8888888888889,681.6400959690618,1050.9155555555556,93.80473761360304
2025-07-27 09:00:00,2025-07-27,10,1198.1609498680739,1265.8755555555556,588.8888888888889,836.035077751639,1265.8755555555556,67.71460568748171
2025-07-27 10:00:00,2025-07-27,11,581.3562005277045,519.4866666666667,241.66666666666666,933.7715327714101,519.4866666666667,-61.86953386103778
2025-07-27 11:00:00,2025-07-27,12,801.137203166227,722.5044444444443,336.1111111111111,967.5300639360391,722.5044444444443,-78.6327587217827
2025-07-27 12:00:00,2025-07-27,13,1098.9050131926122,853.868888888889,397.22222222222223,934.8305495970528,853.868888888889,-245.0361243037231
2025-07-27 13:00:00,2025-07-27,14,687.7018469656992,561.2844444444444,261.1111111111111,838.04988069638,561.2844444444444,-126.41740252125487
2025-07-27 14:00:00,2025-07-27,15,630.9841688654353,519.4866666666667,241.66666666666666,684.408367893865,519.4866666666667,-111.49750219876864
2025-07-27 15:00:00,2025-07-27,16,425.3825857519789,340.35333333333335,158.33333333333334,486.03873471684847,340.35333333333335,-85.02925241864557
2025-07-27 16:00:00,2025-07-27,17,184.33245382585753,161.22,75.0,261.5784972036839,161.22,-23.11245382585753
2025-07-27 17:00:00,2025-07-27,18,28.358839050131927,47.76888888888889,22.22222222222222,51.67188191826003,47.76888888888889,19.41004983875696
2025-07-27 18:00:00,2025-07-27,19,0.0,0.0,0.0,0.0,0.0,0.0
2025-07-27 19:00:00,2025-07-27,20,0.0,0.0,0.0,0.0,0.0,0.0
2025-07-27 20:00:00,2025-07-27,21,0.0,0.0,0.0,0.0,0.0,0.0
2025-07-27 21:00:00,2025-07-27,22,0.0,0.0,0.0,0.0,0.0,0.0
2025-07-27 22:00:00,2025-07-27,23,0.0,0.0,0.0,0.0,0.0,0.0
2025-07-27 23:00:00,2025-07-27,24,0.0,0.0,0.0,0.0,0.0,0.0
2025-07-28 00:00:00,2025-07-28,1,0.0,0.0,0.0,0.0,0.0,0.0
2025-07-28 01:00:00,2025-07-28,2,0.0,0.0,0.0,0.0,0.0,0.0
2025-07-28 02:00:00,2025-07-28,3,0.0,0.0,0.0,0.0,0.0,0.0
2025-07-28 03:00:00,2025-07-28,4,0.0,0.0,0.0,0.0,0.0,0.0
2025-07-28 04:00:00,2025-07-28,5,0.0,0.0,0.0,0.0,0.0,0.0
2025-07-28 05:00:00,2025-07-28,6,0.0,11.942222222222222,5.555555555555555,48.388922669526046,11.942222222222222,11.942222222222222
2025-07-28 06:00:00,2025-07-28,7,63.80738786279684,65.68222222222222,30.555555555555557,257.0302659975592,65.68222222222222,1.8748343594253853
2025-07-28 07:00:00,2025-07-28,8,283.5883905013193,214.96,100.0,481.85028774707655,214.96,-68.62839050131927
2025-07-28 08:00:00,2025-07-28,9,368.66490765171505,412.0066666666667,191.66666666666666,680.9670028533586,412.0066666666667,43.34175901495166
2025-07-28 09:00:00,2025-07-28,10,815.3166226912929,776.2444444444444,361.1111111111111,835.5912266470804,776.2444444444444,-39.072178246848466
2025-07-28 10:00:00,2025-07-28,11,1581.005277044855,1295.7311111111112,602.7777777777778,933.4665277155917,1295.7311111111112,-285.2741659337437
2025-07-28 11:00:00,2025-07-28,12,1091.8153034300792,1152.4244444444446,536.1111111111111,967.2606725554888,1152.4244444444446,60.60914101436538
2025-07-28 12:00:00,2025-07-28,13,716.0606860158312,620.9955555555557,288.8888888888889,934.4899032023242,620.9955555555557,-95.06513046027544
2025-07-28 13:00:00,2025-07-28,14,687.7018469656992,1116.597777777778,519.4444444444445,837.5369260121137,1116.597777777778,428.89593081207875
2025-07-28 14:00:00,2025-07-28,15,836.5857519788918,525.4577777777778,244.44444444444446,683.6370745724937,525.4577777777778,-311.12797420111406
2025-07-28 15:00:00,2025-07-28,16,347.3957783641161,370.20888888888896,172.22222222222223,484.95207996222985,370.20888888888896,22.813110524772867
2025-07-28 16:00:00,2025-07-28,17,446.6517150395778,459.7755555555555,213.88888888888889,260.1916775942417,459.7755555555555,13.12384051597769
2025-07-28 17:00:00,2025-07-28,18,219.78100263852244,130.12167615199118,60.53297178637476,50.444143155312304,130.12167615199118,-89.65932648653126
2025-07-28 18:00:00,2025-07-28,19,14.179419525065963,0.0,0.0,0.0,0.0,-14.179419525065963
2025-07-28 19:00:00,2025-07-28,20,0.0,0.0,0.0,0.0,0.0,0.0
2025-07-28 20:00:00,2025-07-28,21,0.0,0.0,0.0,0.0,0.0,0.0
2025-07-28 21:00:00,2025-07-28,22,0.0,0.0,0.0,0.0,0.0,0.0
2025-07-28 22:00:00,2025-07-28,23,0.0,0.0,0.0,0.0,0.0,0.0
2025-07-28 23:00:00,2025-07-28,24,0.0,0.0,0.0,0.0,0.0,0.0
2025-07-29 00:00:00,2025-07-29,1,0.0,0.0,0.0,0.0,0.0,0.0
2025-07-29 01:00:00,2025-07-29,2,0.0,0.0,0.0,0.0,0.0,0.0
2025-07-29 02:00:00,2025-07-29,3,0.0,0.0,0.0,0.0,0.0,0.0
2025-07-29 03:00:00,2025-07-29,4,0.0,0.0,0.0,0.0,0.0,0.0
2025-07-29 04:00:00,2025-07-29,5,0.0,0.0,0.0,0.0,0.0,0.0
2025-07-29 05:00:00,2025-07-29,6,7.089709762532982,17.913333333333338,8.333333333333334,47.28319695674994,17.913333333333338,10.823623570800356
2025-07-29 06:00:00,2025-07-29,7,35.44854881266491,65.68222222222222,30.555555555555557,255.77810654236958,65.68222222222222,30.233673409557312
2025-07-29 07:00:00,2025-07-29,8,127.61477572559367,167.1911111111111,77.77777777777777,480.88963505890894,167.1911111111111,39.576335385517424
2025-07-29 08:00:00,2025-07-29,9,368.66490765171505,334.3822222222222,155.55555555555554,680.2972392546393,334.3822222222222,-34.28268542949286
2025-07-29 09:00:00,2025-07-29,10,829.4960422163589,704.5911111111112,327.77777777777777,835.1453063714623,704.5911111111112,-124.90493110524767
2025-07-29 10:00:00,2025-07-29,11,1417.9419525065964,1158.3955555555558,538.8888888888889,933.1511141567427,1158.3955555555558,-259.5463969510406
2025-07-29 11:00:00,2025-07-29,12,1481.7493403693932,1212.1355555555554,563.8888888888888,966.970179784705,1212.1355555555554,-269.6137848138378
2025-07-29 12:00:00,2025-07-29,13,886.2137203166227,1164.3666666666666,541.6666666666666,934.115888477236,1164.3666666666666,278.15294635004386
2025-07-29 13:00:00,2025-07-29,14,1318.6860158311347,1277.817777777778,594.4444444444445,836.977693495547,1277.817777777778,-40.86823805335666
2025-07-29 14:00:00,2025-07-29,15,1261.9683377308706,925.5222222222222,430.55555555555554,682.807058394187,925.5222222222222,-336.4461155086484
2025-07-29 15:00:00,2025-07-29,16,822.4063324538258,650.8511111111111,302.77777777777777,483.7962292339284,650.8511111111111,-171.55522134271473
2025-07-29 16:00:00,2025-07-29,17,588.4459102902375,667.4012783197599,310.4769623742835,258.7308019785696,667.4012783197599,78.95536802952233
2025-07-29 17:00:00,2025-07-29,18,212.69129287598946,126.83572503176957,59.004338031154425,49.17028169262869,126.83572503176957,-85.85556784421989
2025-07-29 18:00:00,2025-07-29,19,35.44854881266491,0.0,0.0,0.0,0.0,-35.44854881266491
2025-07-29 19:00:00,2025-07-29,20,0.0,0.0,0.0,0.0,0.0,0.0
2025-07-29 20:00:00,2025-07-29,21,0.0,0.0,0.0,0.0,0.0,0.0
2025-07-29 21:00:00,2025-07-29,22,0.0,0.0,0.0,0.0,0.0,0.0
2025-07-29 22:00:00,2025-07-29,23,0.0,0.0,0.0,0.0,0.0,0.0
2025-07-29 23:00:00,2025-07-29,24,0.0,0.0,0.0,0.0,0.0,0.0
2025-07-30 00:00:00,2025-07-30,1,0.0,0.0,0.0,0.0,0.0,0.0
2025-07-30 01:00:00,2025-07-30,2,0.0,0.0,0.0,0.0,0.0,0.0
2025-07-30 02:00:00,2025-07-30,3,0.0,0.0,0.0,0.0,0.0,0.0
2025-07-30 03:00:00,2025-07-30,4,0.0,0.0,0.0,0.0,0.0,0.0
2025-07-30 04:00:00,2025-07-30,5,0.0,0.0,0.0,0.0,0.0,0.0
2025-07-30 05:00:00,2025-07-30,6,14.179419525065963,41.797777777777775,19.444444444444443,46.187096465523325,41.797777777777775,27.61835825271181
2025-07-30 06:00:00,2025-07-30,7,113.4353562005277,316.4688888888889,147.22222222222223,254.5311407920065,316.4688888888889,203.0335326883612
2025-07-30 07:00:00,2025-07-30,8,609.7150395778365,841.9266666666667,391.6666666666667,479.9345135826127,841.9266666666667,232.21162708883026
2025-07-30 08:00:00,2025-07-30,9,1290.3271767810027,1206.1644444444444,561.1111111111111,679.6304637533855,1206.1644444444444,-84.16273233655829
2025-07-30 09:00:00,2025-07-30,10,1708.6200527704486,1648.0266666666669,766.6666666666666,834.6966154892725,1648.0266666666669,-60.59338610378177
2025-07-30 10:00:00,2025-07-30,11,1857.5039577836412,1934.6399999999999,900.0,932.8243085591533,1934.6399999999999,77.13604221635865
2025-07-30 11:00:00,2025-07-30,12,1949.67018469657,1857.015555555556,863.8888888888889,966.6574192614296,1857.015555555556,-92.65462914101408
2025-07-30 12:00:00,2025-07-30,13,1311.5963060686015,1588.3155555555559,738.8888888888889,933.7072697638778,1588.3155555555559,276.71924948695437
2025-07-30 13:00:00,2025-07-30,14,1729.8891820580475,1761.477777777778,819.4444444444445,836.3709976915233,1761.477777777778,31.58859571973062
2025-07-30 14:00:00,2025-07-30,15,1566.825857519789,1247.9622222222222,580.5555555555555,681.9173039529923,1247.9622222222222,-318.8636352975668
2025-07-30 15:00:00,2025-07-30,16,1183.981530343008,1062.857777777778,494.44444444444446,482.5704596156432,1062.857777777778,-121.12375256523
2025-07-30 16:00:00,2025-07-30,17,510.4591029023747,567.2555555555556,263.8888888888889,257.19563284462976,567.2555555555556,56.79645265318089
2025-07-30 17:00:00,2025-07-30,18,184.33245382585753,123.43513570877583,57.42237425975801,47.85197854979834,123.43513570877583,-60.897318117081696
2025-07-30 18:00:00,2025-07-30,19,14.179419525065963,0.0,0.0,0.0,0.0,-14.179419525065963
2025-07-30 19:00:00,2025-07-30,20,0.0,0.0,0.0,0.0,0.0,0.0
2025-07-30 20:00:00,2025-07-30,21,0.0,0.0,0.0,0.0,0.0,0.0
2025-07-30 21:00:00,2025-07-30,22,0.0,0.0,0.0,0.0,0.0,0.0
2025-07-30 22:00:00,2025-07-30,23,0.0,0.0,0.0,0.0,0.0,0.0
2025-07-30 23:00:00,2025-07-30,24,0.0,0.0,0.0,0.0,0.0,0.0
2025-07-31 00:00:00,2025-07-31,1,0.0,0.0,0.0,0.0,0.0,0.0
2025-07-31 01:00:00,2025-07-31,2,0.0,0.0,0.0,0.0,0.0,0.0
2025-07-31 02:00:00,2025-07-31,3,0.0,0.0,0.0,0.0,0.0,0.0
2025-07-31 03:00:00,2025-07-31,4,0.0,0.0,0.0,0.0,0.0,0.0
2025-07-31 04:00:00,2025-07-31,5,0.0,0.0,0.0,0.0,0.0,0.0
2025-07-31 05:00:00,2025-07-31,6,42.53825857519789,59.71111111111112,27.77777777777778,45.101287335702395,59.71111111111112,17.172852535913236
2025-07-31 06:00:00,2025-07-31,7,177.24274406332455,220.9311111111111,102.77777777777777,253.28975237352577,220.9311111111111,43.688367047786556
2025-07-31 07:00:00,2025-07-31,8,368.66490765171505,459.7755555555555,213.88888888888889,478.98490557838426,459.7755555555555,91.11064790384046
2025-07-31 08:00:00,2025-07-31,9,701.8812664907651,632.9377777777778,294.44444444444446,678.9662623722119,632.9377777777778,-68.94348871298735
2025-07-31 09:00:00,2025-07-31,10,843.6754617414248,674.7355555555556,313.8888888888889,834.2443975364199,674.7355555555556,-168.93990618586918
2025-07-31 10:00:00,2025-07-31,11,1063.4564643799472,609.0533333333333,283.3333333333333,932.4850947673542,609.0533333333333,-454.4031310466139
2025-07-31 11:00:00,2025-07-31,12,2176.5408970976255,1707.737777777778,794.4444444444445,966.3212174622894,1707.737777777778,-468.8031193198474
2025-07-31 12:00:00,2025-07-31,13,1956.759894459103,1815.217777777778,844.4444444444445,933.2628308679609,1815.217777777778,-141.54211668132484
2025-07-31 13:00:00,2025-07-31,14,1077.6358839050133,1851.0444444444445,861.1111111111111,835.7156985375551,1851.0444444444445,773.4085605394312
2025-07-31 14:00:00,2025-07-31,15,1361.2242744063324,1241.9911111111114,577.7777777777778,680.9668645963053,1241.9911111111114,-119.23316329522095
2025-07-31 15:00:00,2025-07-31,16,1013.8284960422163,841.9266666666667,391.6666666666667,481.2741364526234,841.9266666666667,-171.9018293755496
2025-07-31 16:00:00,2025-07-31,17,694.7915567282322,659.2892988048118,306.7032465597375,255.58603879978128,659.2892988048118,-35.502257923420416
2025-07-31 17:00:00,2025-07-31,18,170.15303430079155,119.92475620117746,55.78933578394932,46.4911131532911,119.92475620117746,-50.22827809961409
2025-07-31 18:00:00,2025-07-31,19,7.089709762532982,0.0,0.0,0.0,0.0,-7.089709762532982
2025-07-31 19:00:00,2025-07-31,20,0.0,0.0,0.0,0.0,0.0,0.0
2025-07-31 20:00:00,2025-07-31,21,0.0,0.0,0.0,0.0,0.0,0.0
2025-07-31 21:00:00,2025-07-31,22,0.0,0.0,0.0,0.0,0.0,0.0
2025-07-31 22:00:00,2025-07-31,23,0.0,0.0,0.0,0.0,0.0,0.0
2025-07-31 23:00:00,2025-07-31,24,0.0,0.0,0.0,0.0,0.0,0.0
2025-08-01 00:00:00,2025-08-01,1,0.0,0.0,0.0,0.0,0.0,0.0
2025-08-01 01:00:00,2025-08-01,2,0.0,0.0,0.0,0.0,0.0,0.0
2025-08-01 02:00:00,2025-08-01,3,0.0,0.0,0.0,0.0,0.0,0.0
2025-08-01 03:00:00,2025-08-01,4,0.0,0.0,0.0,0.0,0.0,0.0
2025-08-01 04:00:00,2025-08-01,5,0.0,0.0,0.0,0.0,0.0,0.0
2025-08-01 05:00:00,2025-08-01,6,14.179419525065963,23.884444444444444,11.11111111111111,44.02636709213456,23.884444444444444,9.70502491937848
2025-08-01 06:00:00,2025-08-01,7,170.15303430079155,334.3822222222222,155.55555555555554,252.05424517067885,334.3822222222222,164.22918792143065
2025-08-01 07:00:00,2025-08-01,8,673.5224274406332,824.0133333333334,383.3333333333333,478.04071575460813,824.0133333333334,150.4909058927002
2025-08-01 08:00:00,2025-08-01,9,928.7519788918206,1021.0600000000001,475.0,678.3041540447538,1021.0600000000001,92.30802110817945
2025-08-01 09:00:00,2025-08-01,10,772.778364116095,680.7066666666667,316.6666666666667,833.7878455731899,680.7066666666667,-92.07169744942826
2025-08-01 10:00:00,2025-08-01,11,1141.44327176781,1104.6555555555556,513.8888888888889,932.1324270659388,1104.6555555555556,-36.78771621225451
2025-08-01 11:00:00,2025-08-01,12,1928.401055408971,1630.1133333333335,758.3333333333334,965.9603949692929,1630.1133333333335,-298.2877220756375
2025-08-01 12:00:00,2025-08-01,13,1084.7255936675463,877.7533333333333,408.3333333333333,932.7813743397778,877.7533333333333,-206.97226033421293
2025-08-01 13:00:00,2025-08-01,14,2006.3878627968338,2077.9466666666667,966.6666666666666,835.0106985727155,2077.9466666666667,71.5588038698329
2025-08-01 14:00:00,2025-08-01,15,1063.4564643799472,555.3133333333333,258.3333333333333,679.9548577492939,555.3133333333333,-508.1431310466139
2025-08-01 15:00:00,2025-08-01,16,177.24274406332455,125.39333333333335,58.333333333333336,479.9067070187399,125.39333333333335,-51.849410729991206
2025-08-01 16:00:00,2025-08-01,17,21.269129287598943,35.826666666666675,16.666666666666668,253.90198755634268,35.826666666666675,14.557537379067732
2025-08-01 17:00:00,2025-08-01,18,49.62796833773087,101.50888888888889,47.22222222222222,45.08976259610725,101.50888888888889,51.88092055115802
2025-08-01 18:00:00,2025-08-01,19,21.269129287598943,0.0,0.0,0.0,0.0,-21.269129287598943
2025-08-01 19:00:00,2025-08-01,20,0.0,0.0,0.0,0.0,0.0,0.0
2025-08-01 20:00:00,2025-08-01,21,0.0,0.0,0.0,0.0,0.0,0.0
2025-08-01 21:00:00,2025-08-01,22,0.0,0.0,0.0,0.0,0.0,0.0
2025-08-01 22:00:00,2025-08-01,23,0.0,0.0,0.0,0.0,0.0,0.0
2025-08-01 23:00:00,2025-08-01,24,0.0,0.0,0.0,0.0,0.0,0.0
2025-08-02 00:00:00,2025-08-02,1,0.0,0.0,0.0,0.0,0.0,0.0
2025-08-02 01:00:00,2025-08-02,2,0.0,0.0,0.0,0.0,0.0,0.0
2025-08-02 02:00:00,2025-08-02,3,0.0,0.0,0.0,0.0,0.0,0.0
2025-08-02 03:00:00,2025-08-02,4,0.0,0.0,0.0,0.0,0.0,0.0
2025-08-02 04:00:00,2025-08-02,5,0.0,0.0,0.0,0.0,0.0,0.0
2025-08-02 05:00:00,2025-08-02,6,14.179419525065963,29.85555555555556,13.88888888888889,42.96286970212884,29.85555555555556,15.676136030489598
2025-08-02 06:00:00,2025-08-02,7,241.05013192612137,208.98888888888888,97.22222222222223,250.82484927501358,208.98888888888888,-32.06124303723249
2025-08-02 07:00:00,2025-08-02,8,666.4327176781003,656.8222222222223,305.55555555555554,477.101777204368,656.8222222222223,-9.610495455877981
2025-08-02 08:00:00,2025-08-02,9,411.2031662269129,1056.8866666666668,491.6666666666667,677.6435960788133,1056.8866666666668,645.6835004397539
2025-08-02 09:00:00,2025-08-02,10,0.0,1152.4244444444446,536.1111111111111,833.3261065369385,1152.4244444444446,1152.4244444444446
2025-08-02 10:00:00,2025-08-02,11,0.0,1033.0022222222224,480.55555555555554,931.7652331520136,1033.0022222222224,1033.0022222222224
2025-08-02 11:00:00,2025-08-02,12,0.0,1689.8244444444447,786.1111111111111,965.5737677453866,1689.8244444444447,1689.8244444444447
2025-08-02 12:00:00,2025-08-02,13,0.0,943.4355555555557,438.8888888888889,932.2617208798106,943.4355555555557,943.4355555555557
2025-08-02 13:00:00,2025-08-02,14,0.0,203.01777777777778,94.44444444444444,834.2549404945647,203.01777777777778,203.01777777777778
2025-08-02 14:00:00,2025-08-02,15,0.0,644.88,300.0,678.8804607168603,644.88,644.88
2025-08-02 15:00:00,2025-08-02,16,0.0,662.7933333333333,308.3333333333333,478.46769495535153,662.7933333333333,662.7933333333333
2025-08-02 16:00:00,2025-08-02,17,0.0,477.688888888889,222.22222222222223,252.14353971222667,477.688888888889,477.688888888889
2025-08-02 17:00:00,2025-08-02,18,212.69129287598946,112.59656892187863,52.38024233433132,43.6502019452761,112.59656892187863,-100.09472395411083
2025-08-02 18:00:00,2025-08-02,19,7.089709762532982,0.0,0.0,0.0,0.0,-7.089709762532982
2025-08-02 19:00:00,2025-08-02,20,0.0,0.0,0.0,0.0,0.0,0.0
2025-08-02 20:00:00,2025-08-02,21,0.0,0.0,0.0,0.0,0.0,0.0
2025-08-02 21:00:00,2025-08-02,22,0.0,0.0,0.0,0.0,0.0,0.0
2025-08-02 22:00:00,2025-08-02,23,0.0,0.0,0.0,0.0,0.0,0.0
2025-08-02 23:00:00,2025-08-02,24,0.0,0.0,0.0,0.0,0.0,0.0
2025-08-03 00:00:00,2025-08-03,1,0.0,0.0,0.0,0.0,0.0,0.0
2025-08-03 01:00:00,2025-08-03,2,0.0,0.0,0.0,0.0,0.0,0.0
2025-08-03 02:00:00,2025-08-03,3,0.0,0.0,0.0,0.0,0.0,0.0
2025-08-03 03:00:00,2025-08-03,4,0.0,0.0,0.0,0.0,0.0,0.0
2025-08-03 04:00:00,2025-08-03,5,0.0,0.0,0.0,0.0,0.0,0.0
2025-08-03 05:00:00,2025-08-03,6,0.0,11.942222222222222,5.555555555555555,41.911269559461275,11.942222222222222,11.942222222222222
2025-08-03 06:00:00,2025-08-03,7,106.34564643799473,107.48,50.0,249.60172541725672,107.48,1.1343535620052734
2025-08-03 07:00:00,2025-08-03,8,595.5356200527705,674.7355555555556,313.8888888888889,476.16785591118537,674.7355555555556,79.19993550278514
2025-08-03 08:00:00,2025-08-03,9,808.2269129287599,859.84,400.0,676.9839883112585,859.84,51.6130870712401
2025-08-03 09:00:00,2025-08-03,10,1226.519788918206,895.6666666666667,416.6666666666667,832.8582846987933,895.6666666666667,-330.85312225153916
2025-08-03 10:00:00,2025-08-03,11,1722.7994722955145,1379.3266666666668,641.6666666666666,931.3824165660567,1379.3266666666668,-343.4728056288477
2025-08-03 11:00:00,2025-08-03,12,1857.5039577836412,1612.2,750.0,965.1601483206297,1612.2,-245.30395778364118
2025-08-03 12:00:00,2025-08-03,13,1524.287598944591,1122.5688888888888,522.2222222222222,931.7027091747343,1122.5688888888888,-401.71871005570233
2025-08-03 13:00:00,2025-08-03,14,1836.2348284960422,1749.5355555555557,813.8888888888889,833.4474056170463,1749.5355555555557,-86.69927294048648
2025-08-03 14:00:00,2025-08-03,15,1446.3007915567282,1134.5111111111112,527.7777777777778,677.7429077831795,1134.5111111111112,-311.789680445617
2025-08-03 15:00:00,2025-08-03,16,1233.6094986807389,1062.857777777778,494.44444444444446,476.9566962679278,1062.857777777778,-170.75172090296087
2025-08-03 16:00:00,2025-08-03,17,205.60158311345646,286.6133333333334,133.33333333333334,250.31084429444124,286.6133333333334,81.01175021987694
2025-08-03 17:00:00,2025-08-03,18,77.9868073878628,95.53777777777778,44.44444444444444,42.17490604658325,95.53777777777778,17.55097038991498
2025-08-03 18:00:00,2025-08-03,19,14.179419525065963,0.0,0.0,0.0,0.0,-14.179419525065963
2025-08-03 19:00:00,2025-08-03,20,0.0,0.0,0.0,0.0,0.0,0.0
2025-08-03 20:00:00,2025-08-03,21,0.0,0.0,0.0,0.0,0.0,0.0
2025-08-03 21:00:00,2025-08-03,22,0.0,0.0,0.0,0.0,0.0,0.0
2025-08-03 22:00:00,2025-08-03,23,0.0,0.0,0.0,0.0,0.0,0.0
2025-08-03 23:00:00,2025-08-03,24,0.0,0.0,0.0,0.0,0.0,0.0
2025-08-04 00:00:00,2025-08-04,1,0.0,0.0,0.0,0.0,0.0,0.0
2025-08-04 01:00:00,2025-08-04,2,0.0,0.0,0.0,0.0,0.0,0.0
2025-08-04 02:00:00,2025-08-04,3,0.0,0.0,0.0,0.0,0.0,0.0
2025-08-04 03:00:00,2025-08-04,4,0.0,0.0,0.0,0.0,0.0,0.0
2025-08-04 04:00:00,2025-08-04,5,0.0,0.0,0.0,0.0,0.0,0.0
2025-08-04 05:00:00,2025-08-04,6,14.179419525065963,29.85555555555556,13.88888888888889,40.87198367789332,29.85555555555556,15.676136030489598
2025-08-04 06:00:00,2025-08-04,7,177.24274406332455,167.1911111111111,77.77777777777777,248.38496661319658,167.1911111111111,-10.051632952213453
2025-08-04 07:00:00,2025-08-04,8,389.934036939314,358.26666666666665,166.66666666666666,475.23865261058353,358.26666666666665,-31.66737027264736
2025-08-04 08:00:00,2025-08-04,9,857.8548812664908,824.0133333333334,383.3333333333333,676.3246750063835,824.0133333333334,-33.84154793315736
2025-08-04 09:00:00,2025-08-04,10,1354.1345646437994,1540.5466666666669,716.6666666666666,832.3834434704569,1540.5466666666669,186.41210202286743
2025-08-04 10:00:00,2025-08-04,11,1694.4406332453825,1767.4488888888889,822.2222222222222,930.9828581514874,1767.4488888888889,73.00825564350635
2025-08-04 11:00:00,2025-08-04,12,2105.6437994722955,1928.6688888888891,897.2222222222222,964.7183467865945,1928.6688888888891,-176.97491058340643
2025-08-04 12:00:00,2025-08-04,13,1056.3667546174142,764.3022222222222,355.55555555555554,931.1031962963784,764.3022222222222,-292.06453239519203
2025-08-04 13:00:00,2025-08-04,14,503.3693931398417,692.6488888888889,322.22222222222223,832.5871135573404,692.6488888888889,189.27949574904721
2025-08-04 14:00:00,2025-08-04,15,432.47229551451187,310.49777777777786,144.44444444444446,676.5414892825992,310.49777777777786,-121.97451773673401
2025-08-04 15:00:00,2025-08-04,16,397.02374670184696,352.2955555555556,163.88888888888889,475.373377675373,352.2955555555556,-44.72819114629135
2025-08-04 16:00:00,2025-08-04,17,368.66490765171505,358.26666666666665,166.66666666666666,248.40413688574188,358.26666666666665,-10.398240985048403
2025-08-04 17:00:00,2025-08-04,18,134.70448548812666,104.9001872146059,48.79986379540654,40.66655316283878,104.9001872146059,-29.80429827352077
2025-08-04 18:00:00,2025-08-04,19,7.089709762532982,0.0,0.0,0.0,0.0,-7.089709762532982
2025-08-04 19:00:00,2025-08-04,20,0.0,0.0,0.0,0.0,0.0,0.0
2025-08-04 20:00:00,2025-08-04,21,0.0,0.0,0.0,0.0,0.0,0.0
2025-08-04 21:00:00,2025-08-04,22,0.0,0.0,0.0,0.0,0.0,0.0
2025-08-04 22:00:00,2025-08-04,23,0.0,0.0,0.0,0.0,0.0,0.0
2025-08-04 23:00:00,2025-08-04,24,0.0,0.0,0.0,0.0,0.0,0.0
2025-08-05 00:00:00,2025-08-05,1,0.0,0.0,0.0,0.0,0.0,0.0
2025-08-05 01:00:00,2025-08-05,2,0.0,0.0,0.0,0.0,0.0,0.0
2025-08-05 02:00:00,2025-08-05,3,0.0,0.0,0.0,0.0,0.0,0.0
2025-08-05 03:00:00,2025-08-05,4,0.0,0.0,0.0,0.0,0.0,0.0
2025-08-05 04:00:00,2025-08-05,5,0.0,0.0,0.0,0.0,0.0,0.0
2025-08-05 05:00:00,2025-08-05,6,14.179419525065963,23.884444444444444,11.11111111111111,39.84537179675412,23.884444444444444,9.70502491937848
2025-08-05 06:00:00,2025-08-05,7,99.25593667546174,95.53777777777778,44.44444444444444,247.17459679353874,95.53777777777778,-3.7181588976839635
2025-08-05 07:00:00,2025-08-05,8,659.3430079155673,728.4755555555556,338.8888888888889,474.3138017695675,728.4755555555556,69.13254763998827
2025-08-05 08:00:00,2025-08-05,9,1276.1477572559368,1516.6622222222222,705.5555555555555,675.6649443563305,1516.6622222222222,240.51446496628546
2025-08-05 09:00:00,2025-08-05,10,1637.7229551451187,1570.4022222222222,730.5555555555555,831.9006053651952,1570.4022222222222,-67.32073292289647
2025-08-05 10:00:00,2025-08-05,11,1651.9023746701848,1433.0666666666666,666.6666666666666,930.5654165072054,1433.0666666666666,-218.83570800351822
2025-08-05 11:00:00,2025-08-05,12,1488.8390501319261,644.88,300.0,964.2471716018536,644.88,-843.9590501319261
2025-08-05 12:00:00,2025-08-05,13,21.269129287598943,656.8222222222223,305.55555555555554,930.4620587312734,656.8222222222223,635.5530929346234
2025-08-05 13:00:00,2025-08-05,14,0.0,11.942222222222222,5.555555555555555,831.6731233763785,11.942222222222222,11.942222222222222
2025-08-05 14:00:00,2025-08-05,15,7.089709762532982,23.884444444444444,11.11111111111111,675.275552590055,23.884444444444444,16.794734681911464
2025-08-05 15:00:00,2025-08-05,16,28.358839050131927,41.797777777777775,19.444444444444443,473.7174774197261,41.797777777777775,13.438938727645848
2025-08-05 16:00:00,2025-08-05,17,77.9868073878628,89.56666666666666,41.666666666666664,246.42374022536146,89.56666666666666,11.579859278803866
2025-08-05 17:00:00,2025-08-05,18,70.89709762532982,71.65333333333335,33.333333333333336,39.128030489152124,71.65333333333335,0.7562357080035298
2025-08-05 18:00:00,2025-08-05,19,7.089709762532982,0.0,0.0,0.0,0.0,-7.089709762532982
2025-08-05 19:00:00,2025-08-05,20,0.0,0.0,0.0,0.0,0.0,0.0
2025-08-05 20:00:00,2025-08-05,21,0.0,0.0,0.0,0.0,0.0,0.0
2025-08-05 21:00:00,2025-08-05,22,0.0,0.0,0.0,0.0,0.0,0.0
2025-08-05 22:00:00,2025-08-05,23,0.0,0.0,0.0,0.0,0.0,0.0
2025-08-05 23:00:00,2025-08-05,24,0.0,0.0,0.0,0.0,0.0,0.0
2025-08-06 00:00:00,2025-08-06,1,0.0,0.0,0.0,0.0,0.0,0.0
2025-08-06 01:00:00,2025-08-06,2,0.0,0.0,0.0,0.0,0.0,0.0
2025-08-06 02:00:00,2025-08-06,3,0.0,0.0,0.0,0.0,0.0,0.0
2025-08-06 03:00:00,2025-08-06,4,0.0,0.0,0.0,0.0,0.0,0.0
2025-08-06 04:00:00,2025-08-06,5,0.0,0.0,0.0,0.0,0.0,0.0
2025-08-06 05:00:00,2025-08-06,6,7.089709762532982,23.884444444444444,11.11111111111111,38.83173496140275,23.884444444444444,16.794734681911464
2025-08-06 06:00:00,2025-08-06,7,155.9736147757256,250.7866666666667,116.66666666666667,245.97056683589085,250.7866666666667,94.8130518909411
2025-08-06 07:00:00,2025-08-06,8,630.9841688654353,788.1866666666668,366.6666666666667,473.3928680400912,788.1866666666668,157.20249780123152
2025-08-06 08:00:00,2025-08-06,9,1233.6094986807389,1301.7022222222222,605.5555555555555,675.0040259424604,1301.7022222222222,68.09272354148334
2025-08-06 09:00:00,2025-08-06,10,1758.2480211081795,1791.3333333333335,833.3333333333334,831.4087505790562,1791.3333333333335,33.085312225153984
2025-08-06 10:00:00,2025-08-06,11,2063.105540897098,2048.0911111111113,952.7777777777778,930.1289276329345,2048.0911111111113,-15.014429785986522
2025-08-06 11:00:00,2025-08-06,12,2204.8997361477573,1289.76,600.0,963.7454302255302,1289.76,-915.1397361477573
2025-08-06 12:00:00,2025-08-06,13,1758.2480211081795,1558.4599999999998,725.0,929.7781938574037,1558.4599999999998,-199.7880211081797
2025-08-06 13:00:00,2025-08-06,14,1226.519788918206,459.7755555555555,213.88888888888889,830.7045356756097,459.7755555555555,-766.7442333626504
2025-08-06 14:00:00,2025-08-06,15,652.2532981530343,161.22,75.0,673.9445045623074,161.22,-491.03329815303425
2025-08-06 15:00:00,2025-08-06,16,297.76781002638523,173.16222222222223,80.55555555555556,471.98880774292235,173.16222222222223,-124.60558780416301
2025-08-06 16:00:00,2025-08-06,17,326.12664907651714,376.18000000000006,175.0,244.37006659270193,376.18000000000006,50.053350923482924
2025-08-06 17:00:00,2025-08-06,18,85.07651715039577,96.89306661225282,45.07492864358617,37.56244053632181,96.89306661225282,11.81654946185705
2025-08-06 18:00:00,2025-08-06,19,7.089709762532982,0.0,0.0,0.0,0.0,-7.089709762532982
2025-08-06 19:00:00,2025-08-06,20,0.0,0.0,0.0,0.0,0.0,0.0
2025-08-06 20:00:00,2025-08-06,21,0.0,0.0,0.0,0.0,0.0,0.0
2025-08-06 21:00:00,2025-08-06,22,0.0,0.0,0.0,0.0,0.0,0.0
2025-08-06 22:00:00,2025-08-06,23,0.0,0.0,0.0,0.0,0.0,0.0
2025-08-06 23:00:00,2025-08-06,24,0.0,0.0,0.0,0.0,0.0,0.0
2025-08-07 00:00:00,2025-08-07,1,0.0,0.0,0.0,0.0,0.0,0.0
2025-08-07 01:00:00,2025-08-07,2,0.0,0.0,0.0,0.0,0.0,0.0
2025-08-07 02:00:00,2025-08-07,3,0.0,0.0,0.0,0.0,0.0,0.0
2025-08-07 03:00:00,2025-08-07,4,0.0,0.0,0.0,0.0,0.0,0.0
2025-08-07 04:00:00,2025-08-07,5,0.0,0.0,0.0,0.0,0.0,0.0
2025-08-07 05:00:00,2025-08-07,6,14.179419525065963,29.85555555555556,13.88888888888889,37.831313488196166,29.85555555555556,15.676136030489598
2025-08-07 06:00:00,2025-08-07,7,170.15303430079155,328.41111111111115,152.77777777777777,244.77274930725386,328.41111111111115,158.2580768103196
2025-08-07 07:00:00,2025-08-07,8,659.3430079155673,800.1288888888888,372.22222222222223,472.4753416408442,800.1288888888888,140.78588097332147
2025-08-07 08:00:00,2025-08-07,9,1254.8786279683377,1265.8755555555556,588.8888888888889,674.3410872120961,1265.8755555555556,10.996927587217897
2025-08-07 09:00:00,2025-08-07,10,1453.3905013192611,1719.68,800.0,830.9068147700262,1719.68,266.2894986807389
2025-08-07 10:00:00,2025-08-07,11,1992.208443271768,1582.3444444444444,736.1111111111111,929.6722040446076,1582.3444444444444,-409.8639988273235
2025-08-07 11:00:00,2025-08-07,12,2176.5408970976255,1409.1822222222224,655.5555555555555,963.2119294784261,1409.1822222222224,-767.358674875403
2025-08-07 12:00:00,2025-08-07,13,1566.825857519789,1355.4422222222222,630.5555555555555,929.0505213249214,1355.4422222222222,-211.3836352975668
2025-08-07 13:00:00,2025-08-07,14,1141.44327176781,1719.68,800.0,829.6804946742059,1719.68,578.23672823219
2025-08-07 14:00:00,2025-08-07,15,1269.0580474934038,1331.5577777777778,619.4444444444445,672.547814066941,1331.5577777777778,62.49973028437398
2025-08-07 15:00:00,2025-08-07,16,574.2664907651715,591.14,275.0,470.18725736907965,591.14,16.873509234828475
2025-08-07 16:00:00,2025-08-07,17,432.47229551451187,382.1511111111111,177.77777777777777,242.2436201717483,382.1511111111111,-50.321184403400764
2025-08-07 17:00:00,2025-08-07,18,113.4353562005277,92.7933490958279,43.167728459168174,35.97310704930681,92.7933490958279,-20.6420071046998
2025-08-07 18:00:00,2025-08-07,19,7.089709762532982,0.0,0.0,0.0,0.0,-7.089709762532982
2025-08-07 19:00:00,2025-08-07,20,0.0,0.0,0.0,0.0,0.0,0.0
2025-08-07 20:00:00,2025-08-07,21,0.0,0.0,0.0,0.0,0.0,0.0
2025-08-07 21:00:00,2025-08-07,22,0.0,0.0,0.0,0.0,0.0,0.0
2025-08-07 22:00:00,2025-08-07,23,0.0,0.0,0.0,0.0,0.0,0.0
2025-08-07 23:00:00,2025-08-07,24,0.0,0.0,0.0,0.0,0.0,0.0
2025-08-08 00:00:00,2025-08-08,1,0.0,0.0,0.0,0.0,0.0,0.0
2025-08-08 01:00:00,2025-08-08,2,0.0,0.0,0.0,0.0,0.0,0.0
2025-08-08 02:00:00,2025-08-08,3,0.0,0.0,0.0,0.0,0.0,0.0
2025-08-08 03:00:00,2025-08-08,4,0.0,0.0,0.0,0.0,0.0,0.0
2025-08-08 04:00:00,2025-08-08,5,0.0,0.0,0.0,0.0,0.0,0.0
2025-08-08 05:00:00,2025-08-08,6,21.269129287598943,29.85555555555556,13.88888888888889,36.84428529464615,29.85555555555556,8.586426267956618
2025-08-08 06:00:00,2025-08-08,7,255.22955145118735,328.41111111111115,152.77777777777777,243.58093341873766,328.41111111111115,73.1815596599238
2025-08-08 07:00:00,2025-08-08,8,567.1767810026386,656.8222222222223,305.55555555555554,471.5606339207662,656.8222222222223,89.64544121958374
2025-08-08 08:00:00,2025-08-08,9,1098.9050131926122,1050.9155555555556,488.8888888888889,673.6752301640827,1050.9155555555556,-47.9894576370566
2025-08-08 09:00:00,2025-08-08,10,1581.005277044855,1397.24,650.0,830.3936869685933,1397.24,-183.76527704485488
2025-08-08 10:00:00,2025-08-08,11,1970.9393139841688,1946.5822222222223,905.5555555555555,929.1940337936693,1946.5822222222223,-24.35709176194655
2025-08-08 11:00:00,2025-08-08,12,1673.1715039577837,1839.102222222222,855.5555555555555,962.6454754918769,1839.102222222222,165.93071826443838
2025-08-08 12:00:00,2025-08-08,13,1644.8126649076517,1665.94,775.0,928.2779836941093,1665.94,21.127335092348403
2025-08-08 13:00:00,2025-08-08,14,1928.401055408971,1630.1133333333335,758.3333333333334,828.6001892568586,1630.1133333333335,-298.2877220756375
2025-08-08 14:00:00,2025-08-08,15,1361.2242744063324,1176.3088888888888,547.2222222222222,671.0850129687133,1176.3088888888888,-184.9153855174436
2025-08-08 15:00:00,2025-08-08,16,574.2664907651715,656.8222222222223,305.55555555555554,468.31279224350993,656.8222222222223,82.5557314570508
2025-08-08 16:00:00,2025-08-08,17,319.0369393139842,400.0644444444444,186.11111111111111,240.04499739101811,400.0644444444444,81.02750513046021
2025-08-08 17:00:00,2025-08-08,18,241.05013192612137,88.64153975053392,41.23629500862203,34.36357917385169,88.64153975053392,-152.40859217558744
2025-08-08 18:00:00,2025-08-08,19,14.179419525065963,0.0,0.0,0.0,0.0,-14.179419525065963
2025-08-08 19:00:00,2025-08-08,20,0.0,0.0,0.0,0.0,0.0,0.0
2025-08-08 20:00:00,2025-08-08,21,0.0,0.0,0.0,0.0,0.0,0.0
2025-08-08 21:00:00,2025-08-08,22,0.0,0.0,0.0,0.0,0.0,0.0
2025-08-08 22:00:00,2025-08-08,23,0.0,0.0,0.0,0.0,0.0,0.0
2025-08-08 23:00:00,2025-08-08,24,0.0,0.0,0.0,0.0,0.0,0.0
2025-08-09 00:00:00,2025-08-09,1,0.0,0.0,0.0,0.0,0.0,0.0
2025-08-09 01:00:00,2025-08-09,2,0.0,0.0,0.0,0.0,0.0,0.0
2025-08-09 02:00:00,2025-08-09,3,0.0,0.0,0.0,0.0,0.0,0.0
2025-08-09 03:00:00,2025-08-09,4,0.0,0.0,0.0,0.0,0.0,0.0
2025-08-09 04:00:00,2025-08-09,5,0.0,0.0,0.0,0.0,0.0,0.0
2025-08-09 05:00:00,2025-08-09,6,14.179419525065963,29.85555555555556,13.88888888888889,35.87076568449838,29.85555555555556,15.676136030489598
2025-08-09 06:00:00,2025-08-09,7,170.15303430079155,280.6422222222222,130.55555555555554,242.39482185179574,280.6422222222222,110.48918792143064
2025-08-09 07:00:00,2025-08-09,8,638.0738786279684,782.2155555555556,363.8888888888889,470.64807466445734,782.2155555555556,144.14167692758724
2025-08-09 08:00:00,2025-08-09,9,1212.3403693931398,1200.1933333333334,558.3333333333333,673.0054895335675,1200.1933333333334,-12.147036059806396
2025-08-09 09:00:00,2025-08-09,10,1708.6200527704486,1683.8533333333335,783.3333333333334,829.8682084386129,1683.8533333333335,-24.76671943711517
2025-08-09 10:00:00,2025-08-09,11,1978.0290237467018,1701.7666666666669,791.6666666666666,928.6931798779508,1701.7666666666669,-276.2623570800349
2025-08-09 11:00:00,2025-08-09,12,2119.8232189973614,1934.6399999999999,900.0,962.0448733723445,1934.6399999999999,-185.18321899736156
2025-08-09 12:00:00,2025-08-09,13,1474.6596306068602,2054.0622222222223,955.5555555555555,927.4595460636191,2054.0622222222223,579.4025916153621
2025-08-09 13:00:00,2025-08-09,14,822.4063324538258,1916.7266666666667,891.6666666666666,827.4628522929997,1916.7266666666667,1094.3203342128409
2025-08-09 14:00:00,2025-08-09,15,269.40897097625333,1116.597777777778,519.4444444444445,669.5556949655572,1116.597777777778,847.1888068015246
2025-08-09 15:00:00,2025-08-09,16,297.76781002638523,292.58444444444444,136.11111111111111,466.36545369326217,292.58444444444444,-5.183365581940791
2025-08-09 16:00:00,2025-08-09,17,99.25593667546174,191.07555555555555,88.88888888888889,237.77488467982465,191.07555555555555,91.81961888009381
2025-08-09 17:00:00,2025-08-09,18,35.44854881266491,59.71111111111112,27.77777777777778,32.737633362716196,59.71111111111112,24.262562298446213
2025-08-09 18:00:00,2025-08-09,19,0.0,0.0,0.0,0.0,0.0,0.0
2025-08-09 19:00:00,2025-08-09,20,0.0,0.0,0.0,0.0,0.0,0.0
2025-08-09 20:00:00,2025-08-09,21,0.0,0.0,0.0,0.0,0.0,0.0
2025-08-09 21:00:00,2025-08-09,22,0.0,0.0,0.0,0.0,0.0,0.0
2025-08-09 22:00:00,2025-08-09,23,0.0,0.0,0.0,0.0,0.0,0.0
2025-08-09 23:00:00,2025-08-09,24,0.0,0.0,0.0,0.0,0.0,0.0
2025-08-10 00:00:00,2025-08-10,1,0.0,0.0,0.0,0.0,0.0,0.0
2025-08-10 01:00:00,2025-08-10,2,0.0,0.0,0.0,0.0,0.0,0.0
2025-08-10 02:00:00,2025-08-10,3,0.0,0.0,0.0,0.0,0.0,0.0
2025-08-10 03:00:00,2025-08-10,4,0.0,0.0,0.0,0.0,0.0,0.0
2025-08-10 04:00:00,2025-08-10,5,0.0,0.0,0.0,0.0,0.0,0.0
2025-08-10 05:00:00,2025-08-10,6,14.179419525065963,35.826666666666675,16.666666666666668,34.91080997042034,35.826666666666675,21.64724714160071
2025-08-10 06:00:00,2025-08-10,7,177.24274406332455,322.44,150.0,241.214031546793,322.44,145.19725593667545
2025-08-10 07:00:00,2025-08-10,8,666.4327176781003,752.3600000000001,350.0,469.7369132457027,752.3600000000001,85.92728232189984
2025-08-10 08:00:00,2025-08-10,9,1098.9050131926122,1015.088888888889,472.22222222222223,672.3308340433608,1015.088888888889,-83.8161243037232
2025-08-10 09:00:00,2025-08-10,10,992.5593667546175,1021.0600000000001,475.0,829.3291738597354,1021.0600000000001,28.500633245382573
2025-08-10 10:00:00,2025-08-10,11,1127.2638522427442,800.1288888888888,372.22222222222223,928.1683809645908,800.1288888888888,-327.13496335385537
2025-08-10 11:00:00,2025-08-10,12,829.4960422163589,907.608888888889,422.22222222222223,961.4089272173256,907.608888888889,78.11284667253017
2025-08-10 12:00:00,2025-08-10,13,241.05013192612137,591.14,275.0,926.5941951568905,591.14,350.0898680738786
2025-08-10 13:00:00,2025-08-10,14,184.33245382585753,304.52666666666664,141.66666666666666,826.2677586221711,304.52666666666664,120.19421284080912
2025-08-10 14:00:00,2025-08-10,15,219.78100263852244,203.01777777777778,94.44444444444444,667.9595124936515,203.01777777777778,-16.763224860744657
2025-08-10 15:00:00,2025-08-10,16,127.61477572559367,107.48,50.0,464.34535430776066,107.48,-20.13477572559367
2025-08-10 16:00:00,2025-08-10,17,77.9868073878628,59.71111111111112,27.77777777777778,235.4340541221888,59.71111111111112,-18.275696276751674
2025-08-10 17:00:00,2025-08-10,18,85.07651715039577,80.2211982724174,37.31912833662886,31.099273613857385,80.2211982724174,-4.855318877978377
2025-08-10 18:00:00,2025-08-10,19,0.0,0.0,0.0,0.0,0.0,0.0
2025-08-10 19:00:00,2025-08-10,20,0.0,0.0,0.0,0.0,0.0,0.0
2025-08-10 20:00:00,2025-08-10,21,0.0,0.0,0.0,0.0,0.0,0.0
2025-08-10 21:00:00,2025-08-10,22,0.0,0.0,0.0,0.0,0.0,0.0
2025-08-10 22:00:00,2025-08-10,23,0.0,0.0,0.0,0.0,0.0,0.0
2025-08-10 23:00:00,2025-08-10,24,0.0,0.0,0.0,0.0,0.0,0.0
2025-08-11 00:00:00,2025-08-11,1,0.0,0.0,0.0,0.0,0.0,0.0
2025-08-11 01:00:00,2025-08-11,2,0.0,0.0,0.0,0.0,0.0,0.0
2025-08-11 02:00:00,2025-08-11,3,0.0,0.0,0.0,0.0,0.0,0.0
2025-08-11 03:00:00,2025-08-11,4,0.0,0.0,0.0,0.0,0.0,0.0
2025-08-11 04:00:00,2025-08-11,5,0.0,0.0,0.0,0.0,0.0,0.0
2025-08-11 05:00:00,2025-08-11,6,7.089709762532982,23.884444444444444,11.11111111111111,33.964420481469766,23.884444444444444,16.794734681911464
2025-08-11 06:00:00,2025-08-11,7,155.9736147757256,292.58444444444444,136.11111111111111,240.0381009226339,292.58444444444444,136.61082966871885
2025-08-11 07:00:00,2025-08-11,8,616.8047493403694,728.4755555555556,338.8888888888889,468.8263257131545,728.4755555555556,111.67080621518619
2025-08-11 08:00:00,2025-08-11,9,1240.6992084432718,1265.8755555555556,588.8888888888889,671.6501727727712,1265.8755555555556,25.176347112283793
2025-08-11 09:00:00,2025-08-11,10,1368.3139841688655,1313.6444444444446,611.1111111111111,828.7753363776491,1313.6444444444446,-54.66953972442093
2025-08-11 10:00:00,2025-08-11,11,1503.018469656992,1038.9733333333334,483.3333333333333,927.618354720335,1038.9733333333334,-464.04513632365865
2025-08-11 11:00:00,2025-08-11,12,1871.6833773087071,1773.42,825.0,960.7364414690255,1773.42,-98.26337730870705
2025-08-11 12:00:00,2025-08-11,13,751.509234828496,1098.6844444444446,511.1111111111111,925.6809386225754,1098.6844444444446,347.1752096159486
2025-08-11 13:00:00,2025-08-11,14,482.10026385224273,579.1977777777779,269.44444444444446,825.014222428636,579.1977777777779,97.09751392553517
2025-08-11 14:00:00,2025-08-11,15,92.16622691292876,191.07555555555555,88.88888888888889,666.2961723874911,191.07555555555555,98.90932864262679
2025-08-11 15:00:00,2025-08-11,16,113.4353562005277,89.56666666666666,41.666666666666664,462.25267248214766,89.56666666666666,-23.868689533861044
2025-08-11 16:00:00,2025-08-11,17,70.89709762532982,65.68222222222222,30.555555555555557,233.0233578841417,65.68222222222222,-5.214875403107598
2025-08-11 17:00:00,2025-08-11,18,177.24274406332455,75.97390747105156,35.34327664265517,29.452730535545978,75.97390747105156,-101.26883659227299
2025-08-11 18:00:00,2025-08-11,19,21.269129287598943,0.0,0.0,0.0,0.0,-21.269129287598943
2025-08-11 19:00:00,2025-08-11,20,0.0,0.0,0.0,0.0,0.0,0.0
2025-08-11 20:00:00,2025-08-11,21,0.0,0.0,0.0,0.0,0.0,0.0
2025-08-11 21:00:00,2025-08-11,22,0.0,0.0,0.0,0.0,0.0,0.0
2025-08-11 22:00:00,2025-08-11,23,0.0,0.0,0.0,0.0,0.0,0.0
2025-08-11 23:00:00,2025-08-11,24,0.0,0.0,0.0,0.0,0.0,0.0
2025-08-12 00:00:00,2025-08-12,1,0.0,0.0,0.0,0.0,0.0,0.0
2025-08-12 01:00:00,2025-08-12,2,0.0,0.0,0.0,0.0,0.0,0.0
2025-08-12 02:00:00,2025-08-12,3,0.0,0.0,0.0,0.0,0.0,0.0
2025-08-12 03:00:00,2025-08-12,4,0.0,0.0,0.0,0.0,0.0,0.0
2025-08-12 04:00:00,2025-08-12,5,0.0,0.0,0.0,0.0,0.0,0.0
2025-08-12 05:00:00,2025-08-12,6,14.179419525065963,35.826666666666675,16.666666666666668,33.03155884076654,35.826666666666675,21.64724714160071
2025-08-12 06:00:00,2025-08-12,7,191.4221635883905,340.35333333333335,158.33333333333334,238.86650554660295,340.35333333333335,148.93116974494285
2025-08-12 07:00:00,2025-08-12,8,652.2532981530343,776.2444444444444,361.1111111111111,467.9154297061008,776.2444444444444,123.99114629141013
2025-08-12 08:00:00,2025-08-12,9,1276.1477572559368,1271.8466666666666,591.6666666666666,670.9623680758259,1271.8466666666666,-4.3010905892701885
2025-08-12 09:00:00,2025-08-12,10,1772.4274406332454,1427.0955555555558,663.8888888888889,828.2054177248783,1427.0955555555558,-345.33188507768955
2025-08-12 10:00:00,2025-08-12,11,2254.5277044854884,1564.4311111111112,727.7777777777778,927.0418047307619,1564.4311111111112,-690.0965933743771
2025-08-12 11:00:00,2025-08-12,12,1283.2374670184697,1253.9333333333334,583.3333333333334,960.0262243961507,1253.9333333333334,-29.30413368513632
2025-08-12 12:00:00,2025-08-12,13,1481.7493403693932,1851.0444444444445,861.1111111111111,924.718805136393,1851.0444444444445,369.2951040750513
2025-08-12 13:00:00,2025-08-12,14,2006.3878627968338,1994.3511111111113,927.7777777777778,823.7015943148411,1994.3511111111113,-12.036751685722493
2025-08-12 14:00:00,2025-08-12,15,1637.7229551451187,1695.7955555555557,788.8888888888889,664.5654305859937,1695.7955555555557,58.07260041043696
2025-08-12 15:00:00,2025-08-12,16,1191.071240105541,1186.805283649605,552.1051747532587,460.0876456277156,1186.805283649605,-4.265956455936021
2025-08-12 16:00:00,2025-08-12,17,496.27968337730874,495.6022222222223,230.55555555555554,230.54372154505464,495.6022222222223,-0.677461155086462
2025-08-12 17:00:00,2025-08-12,18,77.9868073878628,71.71699918683042,33.36295086845479,27.80245905704566,71.71699918683042,-6.269808201032376
2025-08-12 18:00:00,2025-08-12,19,0.0,0.0,0.0,0.0,0.0,0.0
2025-08-12 19:00:00,2025-08-12,20,0.0,0.0,0.0,0.0,0.0,0.0
2025-08-12 20:00:00,2025-08-12,21,0.0,0.0,0.0,0.0,0.0,0.0
2025-08-12 21:00:00,2025-08-12,22,0.0,0.0,0.0,0.0,0.0,0.0
2025-08-12 22:00:00,2025-08-12,23,0.0,0.0,0.0,0.0,0.0,0.0
2025-08-12 23:00:00,2025-08-12,24,0.0,0.0,0.0,0.0,0.0,0.0
2025-08-13 00:00:00,2025-08-13,1,0.0,0.0,0.0,0.0,0.0,0.0
2025-08-13 01:00:00,2025-08-13,2,0.0,0.0,0.0,0.0,0.0,0.0
2025-08-13 02:00:00,2025-08-13,3,0.0,0.0,0.0,0.0,0.0,0.0
2025-08-13 03:00:00,2025-08-13,4,0.0,0.0,0.0,0.0,0.0,0.0
2025-08-13 04:00:00,2025-08-13,5,0.0,0.0,0.0,0.0,0.0,0.0
2025-08-13 05:00:00,2025-08-13,6,7.089709762532982,17.913333333333338,8.333333333333334,32.11216328768845,17.913333333333338,10.823623570800356
2025-08-13 06:00:00,2025-08-13,7,70.89709762532982,155.24888888888893,72.22222222222223,237.69868224164793,155.24888888888893,84.35179126355911
2025-08-13 07:00:00,2025-08-13,8,489.18997361477574,686.6777777777779,319.44444444444446,467.00330741534617,686.6777777777779,197.48780416300218
2025-08-13 08:00:00,2025-08-13,9,914.5725593667546,937.4644444444446,436.1111111111111,670.2662553087644,937.4644444444446,22.89188507768995
2025-08-13 09:00:00,2025-08-13,10,1616.4538258575199,1600.2577777777776,744.4444444444445,827.618123732021,1600.2577777777776,-16.19604807974224
2025-08-13 10:00:00,2025-08-13,11,1836.2348284960422,1612.2,750.0,926.4374311494335,1612.2,-224.0348284960421
2025-08-13 11:00:00,2025-08-13,12,1807.8759894459104,1630.1133333333335,758.3333333333334,959.2770937417573,1630.1133333333335,-177.7626561125769
2025-08-13 12:00:00,2025-08-13,13,2141.0923482849603,1755.5066666666667,816.6666666666666,923.7068452792967,1755.5066666666667,-385.5856816182936
2025-08-13 13:00:00,2025-08-13,14,1907.131926121372,1552.4888888888888,722.2222222222222,822.3292579694762,1552.4888888888888,-354.64303723248327
2025-08-13 14:00:00,2025-08-13,15,1588.0949868073878,1403.2111111111112,652.7777777777778,662.767085490064,1403.2111111111112,-184.88387569627662
2025-08-13 15:00:00,2025-08-13,16,694.7915567282322,710.5622222222223,330.55555555555554,457.8505614904213,710.5622222222223,15.770665493990123
2025-08-13 16:00:00,2025-08-13,17,368.66490765171505,286.6133333333334,133.33333333333334,227.99613558407805,286.6133333333334,-82.05157431838165
2025-08-13 17:00:00,2025-08-13,18,106.34564643799473,67.46253202046763,31.383760709186653,26.153133924322212,67.46253202046763,-38.883114417527096
2025-08-13 18:00:00,2025-08-13,19,7.089709762532982,0.0,0.0,0.0,0.0,-7.089709762532982
2025-08-13 19:00:00,2025-08-13,20,0.0,0.0,0.0,0.0,0.0,0.0
2025-08-13 20:00:00,2025-08-13,21,0.0,0.0,0.0,0.0,0.0,0.0
2025-08-13 21:00:00,2025-08-13,22,0.0,0.0,0.0,0.0,0.0,0.0
2025-08-13 22:00:00,2025-08-13,23,0.0,0.0,0.0,0.0,0.0,0.0
2025-08-13 23:00:00,2025-08-13,24,0.0,0.0,0.0,0.0,0.0,0.0
2025-08-14 00:00:00,2025-08-14,1,0.0,0.0,0.0,0.0,0.0,0.0
2025-08-14 01:00:00,2025-08-14,2,0.0,0.0,0.0,0.0,0.0,0.0
2025-08-14 02:00:00,2025-08-14,3,0.0,0.0,0.0,0.0,0.0,0.0
2025-08-14 03:00:00,2025-08-14,4,0.0,0.0,0.0,0.0,0.0,0.0
2025-08-14 04:00:00,2025-08-14,5,0.0,0.0,0.0,0.0,0.0,0.0
2025-08-14 05:00:00,2025-08-14,6,7.089709762532982,29.85555555555556,13.88888888888889,31.206168942313262,29.85555555555556,22.765845793022578
2025-08-14 06:00:00,2025-08-14,7,205.60158311345646,388.1222222222222,180.55555555555554,236.53405931145335,388.1222222222222,182.52063910876575
2025-08-14 07:00:00,2025-08-14,8,340.3060686015831,740.4177777777779,344.44444444444446,466.0890343107754,740.4177777777779,400.11170917619484
2025-08-14 08:00:00,2025-08-14,9,1113.084432717678,1355.4422222222222,630.5555555555555,669.5606674758161,1355.4422222222222,242.35778950454414
2025-08-14 09:00:00,2025-08-14,10,1410.8522427440635,1707.737777777778,794.4444444444445,827.0121636082026,1707.737777777778,296.88553503371463
2025-08-14 10:00:00,2025-08-14,11,2126.9129287598944,1988.3799999999999,925.0,925.8039439211082,1988.3799999999999,-138.5329287598945
2025-08-14 11:00:00,2025-08-14,12,2396.3218997361478,2137.657777777778,994.4444444444445,958.4878836883514,2137.657777777778,-258.66412195836983
2025-08-14 12:00:00,2025-08-14,13,2431.7704485488125,2155.5711111111113,1002.7777777777778,922.6441324988888,2155.5711111111113,-276.19933743770116
2025-08-14 13:00:00,2025-08-14,14,2219.079155672823,2012.2644444444445,936.1111111111111,820.8966258240932,2012.2644444444445,-206.81471122837866
2025-08-14 14:00:00,2025-08-14,15,1928.401055408971,1704.8072688289587,793.081163392705,660.9009694939208,1704.8072688289587,-223.5937865800122
2025-08-14 15:00:00,2025-08-14,16,1396.6728232189973,1175.079047304512,546.6500964386453,455.54174703220446,1175.079047304512,-221.59377591448538
2025-08-14 16:00:00,2025-08-14,17,723.1503957783641,581.3764586207953,270.4579729348694,225.38164411239117,581.3764586207953,-141.77393715756875
2025-08-14 17:00:00,2025-08-14,18,134.70448548812666,63.22311222475641,29.41157062930611,24.509642191088425,63.22311222475641,-71.48137326337024
2025-08-14 18:00:00,2025-08-14,19,7.089709762532982,0.0,0.0,0.0,0.0,-7.089709762532982
2025-08-14 19:00:00,2025-08-14,20,0.0,0.0,0.0,0.0,0.0,0.0
2025-08-14 20:00:00,2025-08-14,21,0.0,0.0,0.0,0.0,0.0,0.0
2025-08-14 21:00:00,2025-08-14,22,0.0,0.0,0.0,0.0,0.0,0.0
2025-08-14 22:00:00,2025-08-14,23,0.0,0.0,0.0,0.0,0.0,0.0
2025-08-14 23:00:00,2025-08-14,24,0.0,0.0,0.0,0.0,0.0,0.0
2025-08-15 00:00:00,2025-08-15,1,0.0,0.0,0.0,0.0,0.0,0.0
2025-08-15 01:00:00,2025-08-15,2,0.0,0.0,0.0,0.0,0.0,0.0
2025-08-15 02:00:00,2025-08-15,3,0.0,0.0,0.0,0.0,0.0,0.0
2025-08-15 03:00:00,2025-08-15,4,0.0,0.0,0.0,0.0,0.0,0.0
2025-08-15 04:00:00,2025-08-15,5,0.0,0.0,0.0,0.0,0.0,0.0
2025-08-15 05:00:00,2025-08-15,6,0.0,17.913333333333338,8.333333333333334,30.313527496732192,17.913333333333338,17.913333333333338
2025-08-15 06:00:00,2025-08-15,7,155.9736147757256,334.3822222222222,155.55555555555554,235.37208803868026,334.3822222222222,178.4086074464966
2025-08-15 07:00:00,2025-08-15,8,708.9709762532982,829.9844444444445,386.1111111111111,465.1717091293338,829.9844444444445,121.01346819114633
2025-08-15 08:00:00,2025-08-15,9,1339.9551451187335,1301.7022222222222,605.5555555555555,668.8444609702158,1301.7022222222222,-38.252922896511336
2025-08-15 09:00:00,2025-08-15,10,1850.4142480211083,1719.68,800.0,826.3862699707042,1719.68,-130.73424802110821
2025-08-15 10:00:00,2025-08-15,11,2190.7203166226914,2018.2355555555557,938.8888888888889,925.1400764071691,2018.2355555555557,-172.48476106713565
2025-08-15 11:00:00,2025-08-15,12,2396.3218997361478,2155.5711111111113,1002.7777777777778,957.6574517920947,2155.5711111111113,-240.75078862503642
2025-08-15 12:00:00,2025-08-15,13,2382.142480211082,2239.166666666667,1041.6666666666667,921.5297635859047,2239.166666666667,-142.9758135444149
2025-08-15 13:00:00,2025-08-15,14,1042.1873350923483,2113.6667716963893,983.2837605584245,819.4031337986871,2113.6667716963893,1071.479436604041
2025-08-15 14:00:00,2025-08-15,15,1602.274406332454,1504.7200000000003,700.0,658.9669390153825,1504.7200000000003,-97.55440633245371
2025-08-15 15:00:00,2025-08-15,16,1318.6860158311347,1168.9392954906527,543.79386652896,453.16155544080004,1168.9392954906527,-149.74672034048194
2025-08-15 16:00:00,2025-08-15,17,489.18997361477574,574.4625388823819,267.24159791699935,222.7013315974995,574.4625388823819,85.27256526760613
2025-08-15 17:00:00,2025-08-15,18,63.80738786279684,59.011866591595386,27.45248724953265,22.877072707943874,59.011866591595386,-4.795521271201451
2025-08-15 18:00:00,2025-08-15,19,7.089709762532982,0.0,0.0,0.0,0.0,-7.089709762532982
2025-08-15 19:00:00,2025-08-15,20,0.0,0.0,0.0,0.0,0.0,0.0
2025-08-15 20:00:00,2025-08-15,21,0.0,0.0,0.0,0.0,0.0,0.0
2025-08-15 21:00:00,2025-08-15,22,0.0,0.0,0.0,0.0,0.0,0.0
2025-08-15 22:00:00,2025-08-15,23,0.0,0.0,0.0,0.0,0.0,0.0
2025-08-15 23:00:00,2025-08-15,24,0.0,0.0,0.0,0.0,0.0,0.0
2025-08-16 00:00:00,2025-08-16,1,0.0,0.0,0.0,0.0,0.0,0.0
2025-08-16 01:00:00,2025-08-16,2,0.0,0.0,0.0,0.0,0.0,0.0
2025-08-16 02:00:00,2025-08-16,3,0.0,0.0,0.0,0.0,0.0,0.0
2025-08-16 03:00:00,2025-08-16,4,0.0,0.0,0.0,0.0,0.0,0.0
2025-08-16 04:00:00,2025-08-16,5,0.0,0.0,0.0,0.0,0.0,0.0
2025-08-16 05:00:00,2025-08-16,6,7.089709762532982,23.884444444444444,11.11111111111111,29.434222856044332,23.884444444444444,16.794734681911464
2025-08-16 06:00:00,2025-08-16,7,113.4353562005277,262.7288888888889,122.22222222222223,234.21226959128873,262.7288888888889,149.29353268836118
2025-08-16 07:00:00,2025-08-16,8,389.934036939314,394.0933333333334,183.33333333333334,464.38555094657335,394.0933333333334,4.159296394019407
2025-08-16 08:00:00,2025-08-16,9,1354.1345646437994,1355.4422222222222,630.5555555555555,668.2627263263223,1355.4422222222222,1.307657578422777
2025-08-16 09:00:00,2025-08-16,10,1793.6965699208445,1642.0555555555557,763.8888888888889,825.8910828344505,1642.0555555555557,-151.6410143652888
2025-08-16 10:00:00,2025-08-16,11,2119.8232189973614,1940.6111111111113,902.7777777777778,924.5992440789618,1940.6111111111113,-179.21210788625012
2025-08-16 11:00:00,2025-08-16,12,2318.335092348285,2066.0044444444447,961.1111111111111,956.9401454103557,2066.0044444444447,-252.33064790384014
2025-08-16 12:00:00,2025-08-16,13,2297.065963060686,1671.911111111111,777.7777777777778,920.5173997943523,1671.911111111111,-625.154851949575
2025-08-16 13:00:00,2025-08-16,14,2105.6437994722955,1713.7088888888889,797.2222222222222,817.9998581340566,1713.7088888888889,-391.9349105834067
2025-08-16 14:00:00,2025-08-16,15,1942.580474934037,1630.1133333333335,758.3333333333334,657.1105762792008,1630.1133333333335,-312.4671416007036
2025-08-16 15:00:00,2025-08-16,16,1396.6728232189973,1162.9622769749133,541.0133406098405,450.84445050820045,1162.9622769749133,-233.71054624408407
2025-08-16 16:00:00,2025-08-16,17,694.7915567282322,567.6606278516281,264.0773296667417,220.06444138895142,567.6606278516281,-127.13092887660412
2025-08-16 17:00:00,2025-08-16,18,127.61477572559367,54.92621102235037,25.551828722716024,21.293190602263355,54.92621102235037,-72.6885647032433
2025-08-16 18:00:00,2025-08-16,19,7.089709762532982,0.0,0.0,0.0,0.0,-7.089709762532982
2025-08-16 19:00:00,2025-08-16,20,0.0,0.0,0.0,0.0,0.0,0.0
2025-08-16 20:00:00,2025-08-16,21,0.0,0.0,0.0,0.0,0.0,0.0
2025-08-16 21:00:00,2025-08-16,22,0.0,0.0,0.0,0.0,0.0,0.0
2025-08-16 22:00:00,2025-08-16,23,0.0,0.0,0.0,0.0,0.0,0.0
2025-08-16 23:00:00,2025-08-16,24,0.0,0.0,0.0,0.0,0.0,0.0
2025-08-17 00:00:00,2025-08-17,1,0.0,0.0,0.0,0.0,0.0,0.0
2025-08-17 01:00:00,2025-08-17,2,0.0,0.0,0.0,0.0,0.0,0.0
2025-08-17 02:00:00,2025-08-17,3,0.0,0.0,0.0,0.0,0.0,0.0
2025-08-17 03:00:00,2025-08-17,4,0.0,0.0,0.0,0.0,0.0,0.0
2025-08-17 04:00:00,2025-08-17,5,0.0,0.0,0.0,0.0,0.0,0.0
2025-08-17 05:00:00,2025-08-17,6,7.089709762532982,23.884444444444444,11.11111111111111,28.607455373953275,23.884444444444444,16.794734681911464
2025-08-17 06:00:00,2025-08-17,7,148.88390501319262,328.41111111111115,152.77777777777777,233.16451698493057,328.41111111111115,179.52720609791854
2025-08-17 07:00:00,2025-08-17,8,687.7018469656992,806.1,375.0,463.7298131497216,806.1,118.39815303430078
2025-08-17 08:00:00,2025-08-17,9,1311.5963060686015,1277.817777777778,594.4444444444445,667.8145632738044,1277.817777777778,-33.77852829082349
2025-08-17 09:00:00,2025-08-17,10,1800.7862796833774,1689.8244444444447,786.1111111111111,825.5255947890231,1689.8244444444447,-110.96183523893274
2025-08-17 10:00:00,2025-08-17,11,2119.8232189973614,1982.4088888888891,922.2222222222222,924.1804289676287,1982.4088888888891,-137.4143301084723
2025-08-17 11:00:00,2025-08-17,12,2339.6042216358837,2137.657777777778,994.4444444444445,956.3350431923737,2137.657777777778,-201.9464438581058
2025-08-17 12:00:00,2025-08-17,13,2375.052770448549,2149.6,1000.0,919.6063158124457,2149.6,-225.45277044854902
2025-08-17 13:00:00,2025-08-17,14,2190.7203166226914,1934.6399999999999,900.0,816.6863436145829,1934.6399999999999,-256.0803166226915
2025-08-17 14:00:00,2025-08-17,15,1715.7097625329816,1690.4412791811587,786.3980643753064,655.3317203127554,1690.4412791811587,-25.26848335182285
2025-08-17 15:00:00,2025-08-17,16,1325.7757255936676,1157.148116281081,538.3085766101046,448.59048050842057,1157.148116281081,-168.62760931258663
2025-08-17 16:00:00,2025-08-17,17,652.2532981530343,560.970439474228,260.9650351108243,217.47086259235363,560.970439474228,-91.28285867880629
2025-08-17 17:00:00,2025-08-17,18,141.79419525065964,50.96818542308806,23.7105440189282,19.758786682440167,50.96818542308806,-90.82600982757158
2025-08-17 18:00:00,2025-08-17,19,7.089709762532982,0.0,0.0,0.0,0.0,-7.089709762532982
2025-08-17 19:00:00,2025-08-17,20,0.0,0.0,0.0,0.0,0.0,0.0
2025-08-17 20:00:00,2025-08-17,21,0.0,0.0,0.0,0.0,0.0,0.0
2025-08-17 21:00:00,2025-08-17,22,0.0,0.0,0.0,0.0,0.0,0.0
2025-08-17 22:00:00,2025-08-17,23,0.0,0.0,0.0,0.0,0.0,0.0
2025-08-17 23:00:00,2025-08-17,24,0.0,0.0,0.0,0.0,0.0,0.0
2025-08-18 00:00:00,2025-08-18,1,0.0,0.0,0.0,0.0,0.0,0.0
2025-08-18 01:00:00,2025-08-18,2,0.0,0.0,0.0,0.0,0.0,0.0
2025-08-18 02:00:00,2025-08-18,3,0.0,0.0,0.0,0.0,0.0,0.0
2025-08-18 03:00:00,2025-08-18,4,0.0,0.0,0.0,0.0,0.0,0.0
2025-08-18 04:00:00,2025-08-18,5,0.0,0.0,0.0,0.0,0.0,0.0
2025-08-18 05:00:00,2025-08-18,6,7.089709762532982,23.884444444444444,11.11111111111111,27.83127736902418,23.884444444444444,16.794734681911464
2025-08-18 06:00:00,2025-08-18,7,163.06332453825857,292.58444444444444,136.11111111111111,232.2281426334797,292.58444444444444,129.52111990618587
2025-08-18 07:00:00,2025-08-18,8,645.1635883905013,758.3311111111111,352.77777777777777,463.0687262369402,758.3311111111111,113.16752272060978
2025-08-18 08:00:00,2025-08-18,9,1269.0580474934038,1247.9622222222222,580.5555555555555,667.3528595694321,1247.9622222222222,-21.09582527118164
2025-08-18 09:00:00,2025-08-18,10,1758.2480211081795,1588.3155555555559,738.8888888888889,825.1368788574797,1588.3155555555559,-169.93246555262363
2025-08-18 10:00:00,2025-08-18,11,2056.015831134565,1188.2511111111114,552.7777777777778,923.7278988401825,1188.2511111111114,-867.7647200234535
2025-08-18 11:00:00,2025-08-18,12,1914.221635883905,1337.5288888888888,622.2222222222222,955.6856906080916,1337.5288888888888,-576.6927469950163
2025-08-18 12:00:00,2025-08-18,13,1325.7757255936676,453.8044444444445,211.11111111111111,918.6411774175353,453.8044444444445,-871.9712811492232
2025-08-18 13:00:00,2025-08-18,14,453.7414248021108,358.26666666666665,166.66666666666666,815.3104677801555,358.26666666666665,-95.47475813544418
2025-08-18 14:00:00,2025-08-18,15,1205.2506596306068,531.428888888889,247.22222222222223,653.4845152903919,531.428888888889,-673.8217707417178
2025-08-18 15:00:00,2025-08-18,16,304.85751978891824,143.3066666666667,66.66666666666667,446.26578109263954,143.3066666666667,-161.55085312225154
2025-08-18 16:00:00,2025-08-18,17,304.85751978891824,554.114698405847,257.7757249748078,214.81310414567318,554.114698405847,249.25717861692874
2025-08-18 17:00:00,2025-08-18,18,163.06332453825857,47.06397953193151,21.89429639557662,18.245246996313853,47.06397953193151,-115.99934500632706
2025-08-18 18:00:00,2025-08-18,19,7.089709762532982,0.0,0.0,0.0,0.0,-7.089709762532982
2025-08-18 19:00:00,2025-08-18,20,0.0,0.0,0.0,0.0,0.0,0.0
2025-08-18 20:00:00,2025-08-18,21,0.0,0.0,0.0,0.0,0.0,0.0
2025-08-18 21:00:00,2025-08-18,22,0.0,0.0,0.0,0.0,0.0,0.0
2025-08-18 22:00:00,2025-08-18,23,0.0,0.0,0.0,0.0,0.0,0.0
2025-08-18 23:00:00,2025-08-18,24,0.0,0.0,0.0,0.0,0.0,0.0
2025-08-19 00:00:00,2025-08-19,1,0.0,0.0,0.0,0.0,0.0,0.0
2025-08-19 01:00:00,2025-08-19,2,0.0,0.0,0.0,0.0,0.0,0.0
2025-08-19 02:00:00,2025-08-19,3,0.0,0.0,0.0,0.0,0.0,0.0
2025-08-19 03:00:00,2025-08-19,4,0.0,0.0,0.0,0.0,0.0,0.0
2025-08-19 04:00:00,2025-08-19,5,0.0,0.0,0.0,0.0,0.0,0.0
2025-08-19 05:00:00,2025-08-19,6,7.089709762532982,17.913333333333338,8.333333333333334,27.065938828849006,17.913333333333338,10.823623570800356
2025-08-19 06:00:00,2025-08-19,7,170.15303430079155,304.52666666666664,141.66666666666666,231.29240149939332,304.52666666666664,134.3736323658751
2025-08-19 07:00:00,2025-08-19,8,652.2532981530343,776.2444444444444,361.1111111111111,462.40164650084847,776.2444444444444,123.99114629141013
2025-08-19 08:00:00,2025-08-19,9,1276.1477572559368,1218.1066666666666,566.6666666666666,666.8767081401345,1218.1066666666666,-58.0410905892702
2025-08-19 09:00:00,2025-08-19,10,1729.8891820580475,1313.6444444444446,611.1111111111111,824.7238733876969,1313.6444444444446,-416.24473761360287
2025-08-19 10:00:00,2025-08-19,11,1609.364116094987,1755.5066666666667,816.6666666666666,923.2405560530868,1755.5066666666667,146.14255057167975
2025-08-19 11:00:00,2025-08-19,12,1963.849604221636,1259.9044444444446,586.1111111111111,954.9910744647817,1259.9044444444446,-703.9451597771913
2025-08-19 12:00:00,2025-08-19,13,1084.7255936675463,1785.3622222222223,830.5555555555555,917.6211703594756,1785.3622222222223,700.636628554676
2025-08-19 13:00:00,2025-08-19,14,1545.55672823219,2048.0911111111113,952.7777777777778,813.871716877492,2048.0911111111113,502.5343828789214
2025-08-19 14:00:00,2025-08-19,15,1616.4538258575199,1680.7348342133423,781.8825987222469,651.5688322685392,1680.7348342133423,64.28100835582245
2025-08-19 15:00:00,2025-08-19,16,1134.3535620052771,1128.54,525.0,443.87068675969914,1128.54,-5.813562005277163
2025-08-19 16:00:00,2025-08-19,17,467.9208443271768,547.0961086576958,254.51065717235568,212.0922143102964,547.0961086576958,79.17526433051904
2025-08-19 17:00:00,2025-08-19,18,198.51187335092348,43.22792511775337,20.109753032077304,16.758127526731087,43.22792511775337,-155.28394823317012
2025-08-19 18:00:00,2025-08-19,19,28.358839050131927,0.0,0.0,0.0,0.0,-28.358839050131927
2025-08-19 19:00:00,2025-08-19,20,0.0,0.0,0.0,0.0,0.0,0.0
2025-08-19 20:00:00,2025-08-19,21,0.0,0.0,0.0,0.0,0.0,0.0
2025-08-19 21:00:00,2025-08-19,22,0.0,0.0,0.0,0.0,0.0,0.0
2025-08-19 22:00:00,2025-08-19,23,0.0,0.0,0.0,0.0,0.0,0.0
2025-08-19 23:00:00,2025-08-19,24,0.0,0.0,0.0,0.0,0.0,0.0
2025-08-20 00:00:00,2025-08-20,1,0.0,0.0,0.0,0.0,0.0,0.0
2025-08-20 01:00:00,2025-08-20,2,0.0,0.0,0.0,0.0,0.0,0.0
2025-08-20 02:00:00,2025-08-20,3,0.0,0.0,0.0,0.0,0.0,0.0
2025-08-20 03:00:00,2025-08-20,4,0.0,0.0,0.0,0.0,0.0,0.0
2025-08-20 04:00:00,2025-08-20,5,0.0,0.0,0.0,0.0,0.0,0.0
2025-08-20 05:00:00,2025-08-20,6,14.179419525065963,29.85555555555556,13.88888888888889,26.311560293675875,29.85555555555556,15.676136030489598
2025-08-20 06:00:00,2025-08-20,7,219.78100263852244,364.2377777777778,169.44444444444446,230.3570537865244,364.2377777777778,144.45677513925537
2025-08-20 07:00:00,2025-08-20,8,815.3166226912929,919.551111111111,427.77777777777777,461.72798289638297,919.551111111111,104.23448841981815
2025-08-20 08:00:00,2025-08-20,9,1446.3007915567282,1349.4711111111112,627.7777777777778,666.3852519051827,1349.4711111111112,-96.82968044561699
2025-08-20 09:00:00,2025-08-20,10,1545.55672823219,1689.8244444444447,786.1111111111111,824.2855620778508,1689.8244444444447,144.26771621225475
2025-08-20 10:00:00,2025-08-20,11,1928.401055408971,1713.7088888888889,797.2222222222222,922.7173422634316,1713.7088888888889,-214.69216652008208
2025-08-20 11:00:00,2025-08-20,12,2162.3614775725596,2042.1200000000001,950.0,954.2502140126886,2042.1200000000001,-120.24147757255946
2025-08-20 12:00:00,2025-08-20,13,1098.9050131926122,1218.1066666666666,566.6666666666666,916.5455056575678,1218.1066666666666,119.20165347405441
2025-08-20 13:00:00,2025-08-20,14,205.60158311345646,203.01777777777778,94.44444444444444,812.3695954670739,203.01777777777778,-2.583805335678676
2025-08-20 14:00:00,2025-08-20,15,7.089709762532982,17.913333333333338,8.333333333333334,649.5845545569612,17.913333333333338,10.823623570800356
2025-08-20 15:00:00,2025-08-20,16,70.89709762532982,71.65333333333335,33.333333333333336,441.40554063838925,71.65333333333335,0.7562357080035298
2025-08-20 16:00:00,2025-08-20,17,226.8707124010554,197.0466666666667,91.66666666666667,209.30926216258356,197.0466666666667,-29.824045734388704
2025-08-20 17:00:00,2025-08-20,18,106.34564643799473,39.47475185926524,18.363766216628786,15.303138513857323,39.47475185926524,-66.87089457872949
2025-08-20 18:00:00,2025-08-20,19,0.0,0.0,0.0,0.0,0.0,0.0
2025-08-20 19:00:00,2025-08-20,20,0.0,0.0,0.0,0.0,0.0,0.0
2025-08-20 20:00:00,2025-08-20,21,0.0,0.0,0.0,0.0,0.0,0.0
2025-08-20 21:00:00,2025-08-20,22,0.0,0.0,0.0,0.0,0.0,0.0
2025-08-20 22:00:00,2025-08-20,23,0.0,0.0,0.0,0.0,0.0,0.0
2025-08-20 23:00:00,2025-08-20,24,0.0,0.0,0.0,0.0,0.0,0.0
2025-08-21 00:00:00,2025-08-21,1,0.0,0.0,0.0,0.0,0.0,0.0
2025-08-21 01:00:00,2025-08-21,2,0.0,0.0,0.0,0.0,0.0,0.0
2025-08-21 02:00:00,2025-08-21,3,0.0,0.0,0.0,0.0,0.0,0.0
2025-08-21 03:00:00,2025-08-21,4,0.0,0.0,0.0,0.0,0.0,0.0
2025-08-21 04:00:00,2025-08-21,5,0.0,0.0,0.0,0.0,0.0,0.0
2025-08-21 05:00:00,2025-08-21,6,14.179419525065963,23.884444444444444,11.11111111111111,25.56827202502342,23.884444444444444,9.70502491937848
2025-08-21 06:00:00,2025-08-21,7,198.51187335092348,214.96,100.0,229.42188807337533,214.96,16.448126649076528
2025-08-21 07:00:00,2025-08-21,8,779.868073878628,740.4177777777779,344.44444444444446,461.04717574555525,740.4177777777779,-39.450296100850096
2025-08-21 08:00:00,2025-08-21,9,1318.6860158311347,1283.7888888888888,597.2222222222222,665.8776663898296,1283.7888888888888,-34.897126942245905
2025-08-21 09:00:00,2025-08-21,10,1779.5171503957783,1648.0266666666669,766.6666666666666,823.8209614007186,1648.0266666666669,-131.49048372911147
2025-08-21 10:00:00,2025-08-21,11,2077.2849604221637,1940.6111111111113,902.7777777777778,922.1572313005354,1940.6111111111113,-136.67384931105244
2025-08-21 11:00:00,2025-08-21,12,2282.88654353562,2083.917777777778,969.4444444444445,953.4621594009799,2083.917777777778,-198.968765757842
2025-08-21 12:00:00,2025-08-21,13,1963.849604221636,1809.2466666666667,841.6666666666666,915.413423396914,1809.2466666666667,-154.60293755496923
2025-08-21 13:00:00,2025-08-21,14,1013.8284960422163,1295.7311111111112,602.7777777777778,810.803634929617,1295.7311111111112,281.9026150688949
2025-08-21 14:00:00,2025-08-21,15,382.844327176781,340.35333333333335,158.33333333333334,647.5315898835227,340.35333333333335,-42.490993843447654
2025-08-21 15:00:00,2025-08-21,16,99.25593667546174,149.2777777777778,69.44444444444444,438.8707089812532,149.2777777777778,50.02184110231606
2025-08-21 16:00:00,2025-08-21,17,574.2664907651715,532.5815071607974,247.75842350241783,206.46535291868153,532.5815071607974,-41.68498360437411
2025-08-21 17:00:00,2025-08-21,18,233.9604221635884,35.819534959507365,16.663348976324603,13.88612414693717,35.819534959507365,-198.14088720408103
2025-08-21 18:00:00,2025-08-21,19,7.089709762532982,0.0,0.0,0.0,0.0,-7.089709762532982
2025-08-21 19:00:00,2025-08-21,20,0.0,0.0,0.0,0.0,0.0,0.0
2025-08-21 20:00:00,2025-08-21,21,0.0,0.0,0.0,0.0,0.0,0.0
2025-08-21 21:00:00,2025-08-21,22,0.0,0.0,0.0,0.0,0.0,0.0
2025-08-21 22:00:00,2025-08-21,23,0.0,0.0,0.0,0.0,0.0,0.0
2025-08-21 23:00:00,2025-08-21,24,0.0,0.0,0.0,0.0,0.0,0.0
2025-08-22 00:00:00,2025-08-22,1,0.0,0.0,0.0,0.0,0.0,0.0
2025-08-22 01:00:00,2025-08-22,2,0.0,0.0,0.0,0.0,0.0,0.0
2025-08-22 02:00:00,2025-08-22,3,0.0,0.0,0.0,0.0,0.0,0.0
2025-08-22 03:00:00,2025-08-22,4,0.0,0.0,0.0,0.0,0.0,0.0
2025-08-22 04:00:00,2025-08-22,5,0.0,0.0,0.0,0.0,0.0,0.0
2025-08-22 05:00:00,2025-08-22,6,7.089709762532982,23.884444444444444,11.11111111111111,24.83619823752526,23.884444444444444,16.794734681911464
2025-08-22 06:00:00,2025-08-22,7,148.88390501319262,322.44,150.0,228.48669571070187,322.44,173.55609498680738
2025-08-22 07:00:00,2025-08-22,8,666.4327176781003,800.1288888888888,372.22222222222223,460.35867287715513,800.1288888888888,133.69617121078852
2025-08-22 08:00:00,2025-08-22,9,1297.4168865435356,1259.9044444444446,586.1111111111111,665.3531401377986,1259.9044444444446,-37.512442099091004
2025-08-22 09:00:00,2025-08-22,10,1765.3377308707124,1636.0844444444444,761.1111111111111,823.3291066745232,1636.0844444444444,-129.253286426268
2025-08-22 10:00:00,2025-08-22,11,2056.015831134565,1910.755555555556,888.8888888888889,921.5592216207009,1910.755555555556,-145.26027557900898
2025-08-22 11:00:00,2025-08-22,12,2275.796833773087,2066.0044444444447,961.1111111111111,952.6259907375487,2066.0044444444447,-209.79238932864246
2025-08-22 12:00:00,2025-08-22,13,2311.245382585752,2083.917777777778,969.4444444444445,914.2241981195253,2083.917777777778,-227.32760480797378
2025-08-22 13:00:00,2025-08-22,14,2134.0026385224273,1791.3333333333335,833.3333333333334,809.1734044796551,1791.3333333333335,-342.66930518909385
2025-08-22 14:00:00,2025-08-22,15,1751.1583113456466,1086.7422222222222,505.55555555555554,645.4098858992601,1086.7422222222222,-664.4160891234244
2025-08-22 15:00:00,2025-08-22,16,1183.981530343008,776.2444444444444,361.1111111111111,436.26659955527697,776.2444444444444,-407.7370858985636
2025-08-22 16:00:00,2025-08-22,17,638.0738786279684,358.26666666666665,166.66666666666666,203.56164743153641,358.26666666666665,-279.80721196130173
2025-08-22 17:00:00,2025-08-22,18,92.16622691292876,32.277617599265156,15.015639002263283,12.51303250188607,32.277617599265156,-59.88860931366361
2025-08-22 18:00:00,2025-08-22,19,0.0,0.0,0.0,0.0,0.0,0.0
2025-08-22 19:00:00,2025-08-22,20,0.0,0.0,0.0,0.0,0.0,0.0
2025-08-22 20:00:00,2025-08-22,21,0.0,0.0,0.0,0.0,0.0,0.0
2025-08-22 21:00:00,2025-08-22,22,0.0,0.0,0.0,0.0,0.0,0.0
2025-08-22 22:00:00,2025-08-22,23,0.0,0.0,0.0,0.0,0.0,0.0
2025-08-22 23:00:00,2025-08-22,24,0.0,0.0,0.0,0.0,0.0,0.0
2025-08-23 00:00:00,2025-08-23,1,0.0,0.0,0.0,0.0,0.0,0.0
2025-08-23 01:00:00,2025-08-23,2,0.0,0.0,0.0,0.0,0.0,0.0
2025-08-23 02:00:00,2025-08-23,3,0.0,0.0,0.0,0.0,0.0,0.0
2025-08-23 03:00:00,2025-08-23,4,0.0,0.0,0.0,0.0,0.0,0.0
2025-08-23 04:00:00,2025-08-23,5,0.0,0.0,0.0,0.0,0.0,0.0
2025-08-23 05:00:00,2025-08-23,6,7.089709762532982,17.913333333333338,8.333333333333334,24.11544314378797,17.913333333333338,10.823623570800356
2025-08-23 06:00:00,2025-08-23,7,148.88390501319262,304.52666666666664,141.66666666666666,227.55124648899718,304.52666666666664,155.64276165347403
2025-08-23 07:00:00,2025-08-23,8,652.2532981530343,776.2444444444444,361.1111111111111,459.6619070360061,776.2444444444444,123.99114629141013
2025-08-23 08:00:00,2025-08-23,9,1276.1477572559368,1241.9911111111114,577.7777777777778,664.8108563889407,1241.9911111111114,-34.156646144825345
2025-08-23 09:00:00,2025-08-23,10,1751.1583113456466,1618.1711111111115,752.7777777777778,822.8090394033728,1618.1711111111115,-132.98720023453507
2025-08-23 10:00:00,2025-08-23,11,2013.4775725593668,1946.5822222222223,905.5555555555555,920.9223299757256,1946.5822222222223,-66.89535033714446
2025-08-23 11:00:00,2025-08-23,12,2240.348284960422,2054.0622222222223,955.5555555555555,951.7408183546584,2054.0622222222223,-186.2860627381997
2025-08-23 12:00:00,2025-08-23,13,2141.0923482849603,2083.917777777778,969.4444444444445,912.9771454634272,2083.917777777778,-57.174570507182125
2025-08-23 13:00:00,2025-08-23,14,1035.0976253298154,1809.2466666666667,841.6666666666666,807.478523431801,1809.2466666666667,774.1490413368513
2025-08-23 14:00:00,2025-08-23,15,602.6253298153034,1230.048888888889,572.2222222222222,643.2194469426706,1230.048888888889,627.4235590735856
2025-08-23 15:00:00,2025-08-23,16,666.4327176781003,1062.857777777778,494.44444444444446,433.5936812457083,1062.857777777778,396.4250600996777
2025-08-23 16:00:00,2025-08-23,17,397.02374670184696,517.4501198197684,240.71925931325285,200.59938276104404,517.4501198197684,120.4263731179214
2025-08-23 17:00:00,2025-08-23,18,85.07651715039577,28.86449758058564,13.427845915791606,11.189871596493004,28.86449758058564,-56.21201956981014
2025-08-23 18:00:00,2025-08-23,19,0.0,0.0,0.0,0.0,0.0,0.0
2025-08-23 19:00:00,2025-08-23,20,0.0,0.0,0.0,0.0,0.0,0.0
2025-08-23 20:00:00,2025-08-23,21,0.0,0.0,0.0,0.0,0.0,0.0
2025-08-23 21:00:00,2025-08-23,22,0.0,0.0,0.0,0.0,0.0,0.0
2025-08-23 22:00:00,2025-08-23,23,0.0,0.0,0.0,0.0,0.0,0.0
2025-08-23 23:00:00,2025-08-23,24,0.0,0.0,0.0,0.0,0.0,0.0
2025-08-24 00:00:00,2025-08-24,1,0.0,0.0,0.0,0.0,0.0,0.0
2025-08-24 01:00:00,2025-08-24,2,0.0,0.0,0.0,0.0,0.0,0.0
2025-08-24 02:00:00,2025-08-24,3,0.0,0.0,0.0,0.0,0.0,0.0
2025-08-24 03:00:00,2025-08-24,4,0.0,0.0,0.0,0.0,0.0,0.0
2025-08-24 04:00:00,2025-08-24,5,0.0,0.0,0.0,0.0,0.0,0.0
2025-08-24 05:00:00,2025-08-24,6,14.179419525065963,23.884444444444444,11.11111111111111,23.406080680113117,23.884444444444444,9.70502491937848
2025-08-24 06:00:00,2025-08-24,7,276.4986807387863,382.1511111111111,177.77777777777777,226.615269139935,382.1511111111111,105.65243037232483
2025-08-24 07:00:00,2025-08-24,8,659.3430079155673,794.1577777777779,369.44444444444446,458.9562777914261,794.1577777777779,134.8147698622106
2025-08-24 08:00:00,2025-08-24,9,1269.0580474934038,1230.048888888889,572.2222222222222,664.2499787614953,1230.048888888889,-39.00915860451482
2025-08-24 09:00:00,2025-08-24,10,1800.7862796833774,1671.911111111111,777.7777777777778,822.25979775443,1671.911111111111,-128.87516857226638
2025-08-24 10:00:00,2025-08-24,11,1963.849604221636,1540.5466666666669,716.6666666666666,920.2455873627497,1540.5466666666669,-423.30293755496905
2025-08-24 11:00:00,2025-08-24,12,2339.6042216358837,2125.715555555556,988.8888888888889,950.8057843652929,2125.715555555556,-213.88866608032777
2025-08-24 12:00:00,2025-08-24,13,2360.873350923483,2143.628888888889,997.2222222222222,911.6716290723169,2143.628888888889,-217.2444620345941
2025-08-24 13:00:00,2025-08-24,14,2141.0923482849603,2030.177777777778,944.4444444444445,805.7186728716723,2030.177777777778,-110.91457050718236
2025-08-24 14:00:00,2025-08-24,15,1878.77308707124,1653.3700406352962,769.1524193502493,640.960349458541,1653.3700406352962,-225.4030464359439
2025-08-24 15:00:00,2025-08-24,16,1283.2374670184697,1111.3926456710528,517.0230022660276,430.8525018883563,1111.3926456710528,-171.84482134741688
2025-08-24 16:00:00,2025-08-24,17,645.1635883905013,509.6612792834975,237.09586866556452,197.5798905546371,509.6612792834975,-135.50230910700384
2025-08-24 17:00:00,2025-08-24,18,85.07651715039577,25.595667639982718,11.90717698175601,9.922647484796675,25.595667639982718,-59.48084951041305
2025-08-24 18:00:00,2025-08-24,19,0.0,0.0,0.0,0.0,0.0,0.0
2025-08-24 19:00:00,2025-08-24,20,0.0,0.0,0.0,0.0,0.0,0.0
2025-08-24 20:00:00,2025-08-24,21,0.0,0.0,0.0,0.0,0.0,0.0
2025-08-24 21:00:00,2025-08-24,22,0.0,0.0,0.0,0.0,0.0,0.0
2025-08-24 22:00:00,2025-08-24,23,0.0,0.0,0.0,0.0,0.0,0.0
2025-08-24 23:00:00,2025-08-24,24,0.0,0.0,0.0,0.0,0.0,0.0
2025-08-25 00:00:00,2025-08-25,1,0.0,0.0,0.0,0.0,0.0,0.0
2025-08-25 01:00:00,2025-08-25,2,0.0,0.0,0.0,0.0,0.0,0.0
2025-08-25 02:00:00,2025-08-25,3,0.0,0.0,0.0,0.0,0.0,0.0
2025-08-25 03:00:00,2025-08-25,4,0.0,0.0,0.0,0.0,0.0,0.0
2025-08-25 04:00:00,2025-08-25,5,0.0,0.0,0.0,0.0,0.0,0.0
2025-08-25 05:00:00,2025-08-25,6,7.089709762532982,23.884444444444444,11.11111111111111,22.708148637124957,23.884444444444444,16.794734681911464
2025-08-25 06:00:00,2025-08-25,7,184.33245382585753,286.6133333333334,133.33333333333334,225.67843845041173,286.6133333333334,102.28087950747587
2025-08-25 07:00:00,2025-08-25,8,638.0738786279684,764.3022222222222,355.55555555555554,458.2411398328916,764.3022222222222,126.22834359425383
2025-08-25 08:00:00,2025-08-25,9,1297.4168865435356,1259.9044444444446,586.1111111111111,663.6696422728031,1259.9044444444446,-37.512442099091004
2025-08-25 09:00:00,2025-08-25,10,1793.6965699208445,1659.968888888889,772.2222222222222,821.6804111094615,1659.968888888889,-133.7276810319554
2025-08-25 10:00:00,2025-08-25,11,2126.9129287598944,1946.5822222222223,905.5555555555555,919.5280374698337,1946.5822222222223,-180.33070653767209
2025-08-25 11:00:00,2025-08-25,12,2339.6042216358837,2137.657777777778,994.4444444444445,949.820065057955,2137.657777777778,-201.9464438581058
2025-08-25 12:00:00,2025-08-25,13,2311.245382585752,2131.6866666666665,991.6666666666666,910.3070666962387,2131.6866666666665,-179.55871591908544
2025-08-25 13:00:00,2025-08-25,14,2155.2717678100266,1964.4955555555557,913.8888888888889,803.8936049442934,1964.4955555555557,-190.77621225447092
2025-08-25 14:00:00,2025-08-25,15,1871.6833773087071,1647.365960795799,766.3593044267766,638.6327536889805,1647.365960795799,-224.31741651290804
2025-08-25 15:00:00,2025-08-25,16,1283.2374670184697,1104.1472885054084,513.652441619561,428.04370134963426,1104.1472885054084,-179.09017851306135
2025-08-25 16:00:00,2025-08-25,17,645.1635883905013,501.72853278409315,233.40553255679805,194.50461046399838,501.72853278409315,-143.43505560640818
2025-08-25 17:00:00,2025-08-25,18,85.07651715039577,22.48640068715438,10.460737200946399,8.717281000788667,22.48640068715438,-62.590116463241394
2025-08-25 18:00:00,2025-08-25,19,0.0,0.0,0.0,0.0,0.0,0.0
2025-08-25 19:00:00,2025-08-25,20,0.0,0.0,0.0,0.0,0.0,0.0
2025-08-25 20:00:00,2025-08-25,21,0.0,0.0,0.0,0.0,0.0,0.0
2025-08-25 21:00:00,2025-08-25,22,0.0,0.0,0.0,0.0,0.0,0.0
2025-08-25 22:00:00,2025-08-25,23,0.0,0.0,0.0,0.0,0.0,0.0
2025-08-25 23:00:00,2025-08-25,24,0.0,0.0,0.0,0.0,0.0,0.0
2025-08-26 00:00:00,2025-08-26,1,0.0,0.0,0.0,0.0,0.0,0.0
2025-08-26 01:00:00,2025-08-26,2,0.0,0.0,0.0,0.0,0.0,0.0
2025-08-26 02:00:00,2025-08-26,3,0.0,0.0,0.0,0.0,0.0,0.0
2025-08-26 03:00:00,2025-08-26,4,0.0,0.0,0.0,0.0,0.0,0.0
2025-08-26 04:00:00,2025-08-26,5,0.0,0.0,0.0,0.0,0.0,0.0
2025-08-26 05:00:00,2025-08-26,6,0.0,11.942222222222222,5.555555555555555,22.021646902128218,11.942222222222222,11.942222222222222
2025-08-26 06:00:00,2025-08-26,7,113.4353562005277,250.7866666666667,116.66666666666667,224.74036881635885,250.7866666666667,137.35131046613898
2025-08-26 07:00:00,2025-08-26,8,652.2532981530343,794.1577777777779,369.44444444444446,457.51579741039166,794.1577777777779,141.90447962474366
2025-08-26 08:00:00,2025-08-26,9,1297.4168865435356,1253.9333333333334,583.3333333333334,663.0689495482108,1253.9333333333334,-43.48355321020222
2025-08-26 09:00:00,2025-08-26,10,1765.3377308707124,1636.0844444444444,761.1111111111111,821.069898352847,1636.0844444444444,-129.253286426268
2025-08-26 10:00:00,2025-08-26,11,2112.7335092348285,1862.9866666666667,866.6666666666666,918.768737116084,1862.9866666666667,-249.7468425681618
2025-08-26 11:00:00,2025-08-26,12,2141.0923482849603,2036.1488888888891,947.2222222222222,948.7828734224368,2036.1488888888891,-104.94345939607115
2025-08-26 12:00:00,2025-08-26,13,1595.1846965699208,1976.437777777778,919.4444444444445,908.8829345717006,1976.437777777778,381.2530812078571
2025-08-26 13:00:00,2025-08-26,14,2275.796833773087,853.868888888889,397.22222222222223,802.0031486854364,853.868888888889,-1421.927944884198
2025-08-26 14:00:00,2025-08-26,15,1375.4036939313985,1182.28,550.0,636.2369104999308,1182.28,-193.12369393139852
2025-08-26 15:00:00,2025-08-26,16,737.3298153034301,818.0422222222222,380.55555555555554,425.16801864228887,818.0422222222222,80.71240691879211
2025-08-26 16:00:00,2025-08-26,17,425.3825857519789,441.8622222222222,205.55555555555554,191.3750972379297,441.8622222222222,16.479636470243292
2025-08-26 17:00:00,2025-08-26,18,155.9736147757256,19.55147425513597,9.095401123528084,7.579500936273404,19.55147425513597,-136.4221405205896
2025-08-26 18:00:00,2025-08-26,19,7.089709762532982,0.0,0.0,0.0,0.0,-7.089709762532982
2025-08-26 19:00:00,2025-08-26,20,0.0,0.0,0.0,0.0,0.0,0.0
2025-08-26 20:00:00,2025-08-26,21,0.0,0.0,0.0,0.0,0.0,0.0
2025-08-26 21:00:00,2025-08-26,22,0.0,0.0,0.0,0.0,0.0,0.0
2025-08-26 22:00:00,2025-08-26,23,0.0,0.0,0.0,0.0,0.0,0.0
2025-08-26 23:00:00,2025-08-26,24,0.0,0.0,0.0,0.0,0.0,0.0
2025-08-27 00:00:00,2025-08-27,1,0.0,0.0,0.0,0.0,0.0,0.0
2025-08-27 01:00:00,2025-08-27,2,0.0,0.0,0.0,0.0,0.0,0.0
2025-08-27 02:00:00,2025-08-27,3,0.0,0.0,0.0,0.0,0.0,0.0
2025-08-27 03:00:00,2025-08-27,4,0.0,0.0,0.0,0.0,0.0,0.0
2025-08-27 04:00:00,2025-08-27,5,0.0,0.0,0.0,0.0,0.0,0.0
2025-08-27 05:00:00,2025-08-27,6,7.089709762532982,11.942222222222222,5.555555555555555,21.346538871128054,11.942222222222222,4.85251245968924
2025-08-27 06:00:00,2025-08-27,7,191.4221635883905,208.98888888888888,97.22222222222223,223.8006132336278,208.98888888888888,17.566725300498376
2025-08-27 07:00:00,2025-08-27,8,659.3430079155673,334.3822222222222,155.55555555555554,456.77950389174504,334.3822222222222,-324.96078569334514
2025-08-27 08:00:00,2025-08-27,9,1205.2506596306068,1134.5111111111112,527.7777777777778,662.4469710928164,1134.5111111111112,-70.73954851949566
2025-08-27 09:00:00,2025-08-27,10,1013.8284960422163,1498.7488888888886,697.2222222222222,820.4272689064875,1498.7488888888886,484.92039284667226
2025-08-27 10:00:00,2025-08-27,11,786.957783641161,800.1288888888888,372.22222222222223,917.9667579111023,800.1288888888888,13.171105247727837
2025-08-27 11:00:00,2025-08-27,12,964.2005277044855,991.2044444444446,461.1111111111111,947.6934612429404,991.2044444444446,27.003916739959095
2025-08-27 12:00:00,2025-08-27,13,1843.3245382585753,1636.0844444444444,761.1111111111111,907.3987696969441,1636.0844444444444,-207.2400938141309
2025-08-27 13:00:00,2025-08-27,14,893.3034300791556,800.1288888888888,372.22222222222223,800.0472122477428,800.1288888888888,-93.17454119026684
2025-08-27 14:00:00,2025-08-27,15,439.5620052770449,250.7866666666667,116.66666666666667,633.7731633081785,250.7866666666667,-188.77533861037818
2025-08-27 15:00:00,2025-08-27,16,467.9208443271768,459.7755555555555,213.88888888888889,422.226293376454,459.7755555555555,-8.145288771621267
2025-08-27 16:00:00,2025-08-27,17,368.66490765171505,322.44,150.0,188.19302187644226,322.44,-46.22490765171506
2025-08-27 17:00:00,2025-08-27,18,113.4353562005277,16.804832019973464,7.8176553870364085,6.514712822530341,16.804832019973464,-96.63052418055425
2025-08-27 18:00:00,2025-08-27,19,0.0,0.0,0.0,0.0,0.0,0.0
2025-08-27 19:00:00,2025-08-27,20,0.0,0.0,0.0,0.0,0.0,0.0
2025-08-27 20:00:00,2025-08-27,21,0.0,0.0,0.0,0.0,0.0,0.0
2025-08-27 21:00:00,2025-08-27,22,0.0,0.0,0.0,0.0,0.0,0.0
2025-08-27 22:00:00,2025-08-27,23,0.0,0.0,0.0,0.0,0.0,0.0
2025-08-27 23:00:00,2025-08-27,24,0.0,0.0,0.0,0.0,0.0,0.0
2025-08-28 00:00:00,2025-08-28,1,0.0,0.0,0.0,0.0,0.0,0.0
2025-08-28 01:00:00,2025-08-28,2,0.0,0.0,0.0,0.0,0.0,0.0
2025-08-28 02:00:00,2025-08-28,3,0.0,0.0,0.0,0.0,0.0,0.0
2025-08-28 03:00:00,2025-08-28,4,0.0,0.0,0.0,0.0,0.0,0.0
2025-08-28 04:00:00,2025-08-28,5,0.0,0.0,0.0,0.0,0.0,0.0
2025-08-28 05:00:00,2025-08-28,6,7.089709762532982,23.884444444444444,11.11111111111111,20.682754801251146,23.884444444444444,16.794734681911464
2025-08-28 06:00:00,2025-08-28,7,177.24274406332455,322.44,150.0,222.85866578755872,322.44,145.19725593667545
2025-08-28 07:00:00,2025-08-28,8,730.2401055408972,847.8977777777778,394.44444444444446,456.0314645623248,847.8977777777778,117.65767223688067
2025-08-28 08:00:00,2025-08-28,9,1297.4168865435356,1253.9333333333334,583.3333333333334,661.8027482734452,1253.9333333333334,-43.48355321020222
2025-08-28 09:00:00,2025-08-28,10,1786.6068601583113,1659.968888888889,772.2222222222222,819.7515254581631,1659.968888888889,-126.63797126942222
2025-08-28 10:00:00,2025-08-28,11,2141.0923482849603,1898.8133333333337,883.3333333333334,917.1211885120453,1898.8133333333337,-242.27901495162655
2025-08-28 11:00:00,2025-08-28,12,2332.514511873351,2119.7444444444445,986.1111111111111,946.5511205910441,2119.7444444444445,-212.77006742890626
2025-08-28 12:00:00,2025-08-28,13,2438.860158311346,1797.3044444444445,836.1111111111111,905.854170372306,1797.3044444444445,-641.5557138669014
2025-08-28 13:00:00,2025-08-28,14,2162.3614775725596,1940.6111111111113,902.7777777777778,798.0257823481567,1940.6111111111113,-221.75036646144827
2025-08-28 14:00:00,2025-08-28,15,1885.862796833773,1628.3012253969569,757.4903355959046,631.2419463299206,1628.3012253969569,-257.56157143681617
2025-08-28 15:00:00,2025-08-28,16,1311.5963060686015,1081.3849889222367,503.0633554718258,419.21946289318817,1081.3849889222367,-230.21131714636476
2025-08-28 16:00:00,2025-08-28,17,638.0738786279684,477.1084539880713,221.95220226464053,184.9601685538671,477.1084539880713,-160.9654246398971
2025-08-28 17:00:00,2025-08-28,18,77.9868073878628,14.259182976240238,6.633412251693449,5.527843543077874,14.259182976240238,-63.72762441162256
2025-08-28 18:00:00,2025-08-28,19,0.0,0.0,0.0,0.0,0.0,0.0
2025-08-28 19:00:00,2025-08-28,20,0.0,0.0,0.0,0.0,0.0,0.0
2025-08-28 20:00:00,2025-08-28,21,0.0,0.0,0.0,0.0,0.0,0.0
2025-08-28 21:00:00,2025-08-28,22,0.0,0.0,0.0,0.0,0.0,0.0
2025-08-28 22:00:00,2025-08-28,23,0.0,0.0,0.0,0.0,0.0,0.0
2025-08-28 23:00:00,2025-08-28,24,0.0,0.0,0.0,0.0,0.0,0.0
2025-08-29 00:00:00,2025-08-29,1,0.0,0.0,0.0,0.0,0.0,0.0
2025-08-29 01:00:00,2025-08-29,2,0.0,0.0,0.0,0.0,0.0,0.0
2025-08-29 02:00:00,2025-08-29,3,0.0,0.0,0.0,0.0,0.0,0.0
2025-08-29 03:00:00,2025-08-29,4,0.0,0.0,0.0,0.0,0.0,0.0
2025-08-29 04:00:00,2025-08-29,5,0.0,0.0,0.0,0.0,0.0,0.0
2025-08-29 05:00:00,2025-08-29,6,0.0,11.942222222222222,5.555555555555555,20.030196222219875,11.942222222222222,11.942222222222222
2025-08-29 06:00:00,2025-08-29,7,134.70448548812666,292.58444444444444,136.11111111111111,221.9139661715819,292.58444444444444,157.87995895631778
2025-08-29 07:00:00,2025-08-29,8,645.1635883905013,770.2733333333334,358.3333333333333,455.2708413054275,770.2733333333334,125.1097449428321
2025-08-29 08:00:00,2025-08-29,9,1276.1477572559368,1247.9622222222222,580.5555555555555,661.1352976065152,1247.9622222222222,-28.185535033714586
2025-08-29 09:00:00,2025-08-29,10,1772.4274406332454,1659.968888888889,772.2222222222222,819.0416675273771,1659.968888888889,-112.45855174435633
2025-08-29 10:00:00,2025-08-29,11,2119.8232189973614,1946.5822222222223,905.5555555555555,916.2311370407107,1946.5822222222223,-173.24099677513914
2025-08-29 11:00:00,2025-08-29,12,2325.424802110818,2101.831111111111,977.7777777777778,945.3551848596684,2101.831111111111,-223.59369099970672
2025-08-29 12:00:00,2025-08-29,13,2360.873350923483,2101.831111111111,977.7777777777778,904.2487956775991,2101.831111111111,-259.0422398123719
2025-08-29 13:00:00,2025-08-29,14,2148.1820580474932,1940.6111111111113,902.7777777777778,795.9389221396304,1940.6111111111113,-207.57094693638192
2025-08-29 14:00:00,2025-08-29,15,1843.3245382585753,1621.5992058822383,754.3725371614432,628.6437809678694,1621.5992058822383,-221.72533237633706
2025-08-29 15:00:00,2025-08-29,16,1233.6094986807389,1073.4635265580503,499.3782687746791,416.1485573122326,1073.4635265580503,-160.1459721226886
2025-08-29 16:00:00,2025-08-29,17,595.5356200527705,468.64314236173436,218.01411535250017,181.67842946041682,468.64314236173436,-126.8924776910361
2025-08-29 17:00:00,2025-08-29,18,70.89709762532982,11.925542264041626,5.547795991831794,4.6231633265264955,11.925542264041626,-58.971555361288196
2025-08-29 18:00:00,2025-08-29,19,0.0,0.0,0.0,0.0,0.0,0.0
2025-08-29 19:00:00,2025-08-29,20,0.0,0.0,0.0,0.0,0.0,0.0
2025-08-29 20:00:00,2025-08-29,21,0.0,0.0,0.0,0.0,0.0,0.0
2025-08-29 21:00:00,2025-08-29,22,0.0,0.0,0.0,0.0,0.0,0.0
2025-08-29 22:00:00,2025-08-29,23,0.0,0.0,0.0,0.0,0.0,0.0
2025-08-29 23:00:00,2025-08-29,24,0.0,0.0,0.0,0.0,0.0,0.0
2025-08-30 00:00:00,2025-08-30,1,0.0,0.0,0.0,0.0,0.0,0.0
2025-08-30 01:00:00,2025-08-30,2,0.0,0.0,0.0,0.0,0.0,0.0
2025-08-30 02:00:00,2025-08-30,3,0.0,0.0,0.0,0.0,0.0,0.0
2025-08-30 03:00:00,2025-08-30,4,0.0,0.0,0.0,0.0,0.0,0.0
2025-08-30 04:00:00,2025-08-30,5,0.0,0.0,0.0,0.0,0.0,0.0
2025-08-30 05:00:00,2025-08-30,6,0.0,17.913333333333338,8.333333333333334,19.388740566969478,17.913333333333338,17.913333333333338
2025-08-30 06:00:00,2025-08-30,7,134.70448548812666,304.52666666666664,141.66666666666666,220.9659046975847,304.52666666666664,169.82218117853998
2025-08-30 07:00:00,2025-08-30,8,638.0738786279684,770.2733333333334,358.3333333333333,454.4967577342276,770.2733333333334,132.19945470536504
2025-08-30 08:00:00,2025-08-30,9,1269.0580474934038,1230.048888888889,572.2222222222222,660.4436153463158,1230.048888888889,-39.00915860451482
2025-08-30 09:00:00,2025-08-30,10,1744.0686015831136,1624.1422222222222,755.5555555555555,818.2966950880656,1624.1422222222222,-119.92637936089136
2025-08-30 10:00:00,2025-08-30,11,1999.2981530343009,1988.3799999999999,925.0,915.2957334073724,1988.3799999999999,-10.918153034300985
2025-08-30 11:00:00,2025-08-30,12,1729.8891820580475,1988.3799999999999,925.0,944.1050295483267,1988.3799999999999,258.4908179419524
2025-08-30 12:00:00,2025-08-30,13,1488.8390501319261,1379.3266666666668,641.6666666666666,902.5823645987691,1379.3266666666668,-109.51238346525929
2025-08-30 13:00:00,2025-08-30,14,1361.2242744063324,1110.6266666666666,516.6666666666666,793.7867686625956,1110.6266666666666,-250.59760773966582
2025-08-30 14:00:00,2025-08-30,15,772.778364116095,895.6666666666667,416.6666666666667,625.9792717174175,895.6666666666667,122.88830255057178
2025-08-30 15:00:00,2025-08-30,16,170.15303430079155,220.9311111111111,102.77777777777777,413.0146941634726,220.9311111111111,50.77807681031956
2025-08-30 16:00:00,2025-08-30,17,42.53825857519789,89.56666666666666,41.666666666666664,178.3497994963351,89.56666666666666,47.028408091468776
2025-08-30 17:00:00,2025-08-30,18,141.79419525065964,9.812721984822579,4.564906021968077,3.804088351640064,9.812721984822579,-131.98147326583705
2025-08-30 18:00:00,2025-08-30,19,21.269129287598943,0.0,0.0,0.0,0.0,-21.269129287598943
2025-08-30 19:00:00,2025-08-30,20,0.0,0.0,0.0,0.0,0.0,0.0
2025-08-30 20:00:00,2025-08-30,21,0.0,0.0,0.0,0.0,0.0,0.0
2025-08-30 21:00:00,2025-08-30,22,0.0,0.0,0.0,0.0,0.0,0.0
2025-08-30 22:00:00,2025-08-30,23,0.0,0.0,0.0,0.0,0.0,0.0
2025-08-30 23:00:00,2025-08-30,24,0.0,0.0,0.0,0.0,0.0,0.0
2025-08-31 00:00:00,2025-08-31,1,0.0,0.0,0.0,0.0,0.0,0.0
2025-08-31 01:00:00,2025-08-31,2,0.0,0.0,0.0,0.0,0.0,0.0
2025-08-31 02:00:00,2025-08-31,3,0.0,0.0,0.0,0.0,0.0,0.0
2025-08-31 03:00:00,2025-08-31,4,0.0,0.0,0.0,0.0,0.0,0.0
2025-08-31 04:00:00,2025-08-31,5,0.0,0.0,0.0,0.0,0.0,0.0
2025-08-31 05:00:00,2025-08-31,6,0.0,5.971111111111111,2.7777777777777777,18.75824515445441,5.971111111111111,5.971111111111111
2025-08-31 06:00:00,2025-08-31,7,141.79419525065964,268.7,125.0,220.01382631947456,268.7,126.90580474934035
2025-08-31 07:00:00,2025-08-31,8,609.7150395778365,722.5044444444443,336.1111111111111,453.70830316563064,722.5044444444443,112.78940486660781
2025-08-31 08:00:00,2025-08-31,9,1233.6094986807389,1068.828888888889,497.22222222222223,659.7266811201099,1068.828888888889,-164.78060979184988
2025-08-31 09:00:00,2025-08-31,10,1616.4538258575199,1462.9222222222224,680.5555555555555,817.5156114088608,1462.9222222222224,-153.53160363529742
2025-08-31 10:00:00,2025-08-31,11,1807.8759894459104,1044.9444444444446,486.1111111111111,914.3141311298433,1044.9444444444446,-762.9315450014658
2025-08-31 11:00:00,2025-08-31,12,1247.7889182058047,1241.9911111111114,577.7777777777778,942.800072875968,1241.9911111111114,-5.797807094693326
2025-08-31 12:00:00,2025-08-31,13,460.83113456464383,973.2911111111111,452.77777777777777,900.8546553646071,973.2911111111111,512.4599765464673
2025-08-31 13:00:00,2025-08-31,14,361.57519788918205,585.1688888888889,272.22222222222223,791.5695309358181,585.1688888888889,223.59369099970684
2025-08-31 14:00:00,2025-08-31,15,475.0105540897098,483.65999999999997,225.0,623.2491030742061,483.65999999999997,8.649445910290183
2025-08-31 15:00:00,2025-08-31,16,446.6517150395778,286.6133333333334,133.33333333333334,409.8190743495884,286.6133333333334,-160.03838170624442
2025-08-31 16:00:00,2025-08-31,17,340.3060686015831,316.4688888888889,147.22222222222223,174.9763722673082,316.4688888888889,-23.837179712694194
2025-08-31 17:00:00,2025-08-31,18,127.61477572559367,7.9267871516561375,3.6875638033383593,3.0729698361152997,7.9267871516561375,-119.68798857393753
2025-08-31 18:00:00,2025-08-31,19,0.0,0.0,0.0,0.0,0.0,0.0
2025-08-31 19:00:00,2025-08-31,20,0.0,0.0,0.0,0.0,0.0,0.0
2025-08-31 20:00:00,2025-08-31,21,0.0,0.0,0.0,0.0,0.0,0.0
2025-08-31 21:00:00,2025-08-31,22,0.0,0.0,0.0,0.0,0.0,0.0
2025-08-31 22:00:00,2025-08-31,23,0.0,0.0,0.0,0.0,0.0,0.0
2025-08-31 23:00:00,2025-08-31,24,0.0,0.0,0.0,0.0,0.0,0.0
2025-09-01 00:00:00,2025-09-01,1,0.0,0.0,0.0,0.0,0.0,0.0
2025-09-01 01:00:00,2025-09-01,2,0.0,0.0,0.0,0.0,0.0,0.0
2025-09-01 02:00:00,2025-09-01,3,0.0,0.0,0.0,0.0,0.0,0.0
2025-09-01 03:00:00,2025-09-01,4,0.0,0.0,0.0,0.0,0.0,0.0
2025-09-01 04:00:00,2025-09-01,5,0.0,0.0,0.0,0.0,0.0,0.0
2025-09-01 05:00:00,2025-09-01,6,0.0,5.971111111111111,2.7777777777777777,18.138550010022733,5.971111111111111,5.971111111111111
2025-09-01 06:00:00,2025-09-01,7,134.70448548812666,143.3066666666667,66.66666666666667,219.05703232912865,143.3066666666667,8.602181178540036
2025-09-01 07:00:00,2025-09-01,8,333.21635883905014,316.4688888888889,147.22222222222223,452.90453435587597,316.4688888888889,-16.747469950161246
2025-09-01 08:00:00,2025-09-01,9,616.8047493403694,585.1688888888889,272.22222222222223,658.9834594863606,585.1688888888889,-31.63586045148054
2025-09-01 09:00:00,2025-09-01,10,999.6490765171504,931.4933333333333,433.3333333333333,816.6974243334345,931.4933333333333,-68.1557431838171
2025-09-01 10:00:00,2025-09-01,11,1347.0448548812665,1062.857777777778,494.44444444444446,913.2855082162949,1062.857777777778,-284.1870771034885
2025-09-01 11:00:00,2025-09-01,12,864.9445910290237,698.62,325.0,941.439776168952,698.62,-166.32459102902374
2025-09-01 12:00:00,2025-09-01,13,510.4591029023747,388.1222222222222,180.55555555555554,899.0655052659943,388.1222222222222,-122.33688068015249
2025-09-01 13:00:00,2025-09-01,14,418.2928759894459,334.3822222222222,155.55555555555554,789.287489214252,334.3822222222222,-83.91065376722372
2025-09-01 14:00:00,2025-09-01,15,368.66490765171505,328.41111111111115,152.77777777777777,620.4540382154349,328.41111111111115,-40.2537965406039
2025-09-01 15:00:00,2025-09-01,16,212.69129287598946,197.0466666666667,91.66666666666667,406.562980286461,197.0466666666667,-15.644626209322752
2025-09-01 16:00:00,2025-09-01,17,141.79419525065964,137.33555555555557,63.888888888888886,171.56033853545108,137.33555555555557,-4.458639695104068
2025-09-01 17:00:00,2025-09-01,18,35.44854881266491,6.270501928814886,2.9170552329805015,2.4308793608170847,6.270501928814886,-29.178046883850023
2025-09-01 18:00:00,2025-09-01,19,0.0,0.0,0.0,0.0,0.0,0.0
2025-09-01 19:00:00,2025-09-01,20,0.0,0.0,0.0,0.0,0.0,0.0
2025-09-01 20:00:00,2025-09-01,21,0.0,0.0,0.0,0.0,0.0,0.0
2025-09-01 21:00:00,2025-09-01,22,0.0,0.0,0.0,0.0,0.0,0.0
2025-09-01 22:00:00,2025-09-01,23,0.0,0.0,0.0,0.0,0.0,0.0
2025-09-01 23:00:00,2025-09-01,24,0.0,0.0,0.0,0.0,0.0,0.0
2025-09-02 00:00:00,2025-09-02,1,0.0,0.0,0.0,0.0,0.0,0.0
2025-09-02 01:00:00,2025-09-02,2,0.0,0.0,0.0,0.0,0.0,0.0
2025-09-02 02:00:00,2025-09-02,3,0.0,0.0,0.0,0.0,0.0,0.0
2025-09-02 03:00:00,2025-09-02,4,0.0,0.0,0.0,0.0,0.0,0.0
2025-09-02 04:00:00,2025-09-02,5,0.0,0.0,0.0,0.0,0.0,0.0
2025-09-02 05:00:00,2025-09-02,6,7.089709762532982,11.942222222222222,5.555555555555555,17.52947910107448,11.942222222222222,4.85251245968924
2025-09-02 06:00:00,2025-09-02,7,170.15303430079155,185.10444444444448,86.11111111111111,218.09477871771986,185.10444444444448,14.951410143652936
2025-09-02 07:00:00,2025-09-02,8,411.2031662269129,394.0933333333334,183.33333333333334,452.0844740185894,394.0933333333334,-17.109832893579494
2025-09-02 08:00:00,2025-09-02,9,666.4327176781003,662.7933333333333,308.3333333333333,658.2128988207272,662.7933333333333,-3.639384344766995
2025-09-02 09:00:00,2025-09-02,10,723.1503957783641,764.3022222222222,355.55555555555554,815.8411456121811,764.3022222222222,41.15182644385811
2025-09-02 10:00:00,2025-09-02,11,1191.071240105541,1110.6266666666666,516.6666666666666,912.2090668752827,1110.6266666666666,-80.44457343887439
2025-09-02 11:00:00,2025-09-02,12,1028.0079155672825,818.0422222222222,380.55555555555554,940.0236439609403,818.0422222222222,-209.96569334506023
2025-09-02 12:00:00,2025-09-02,13,1680.2612137203166,1176.3088888888888,547.2222222222222,897.2148111135173,1176.3088888888888,-503.95232483142786
2025-09-02 13:00:00,2025-09-02,14,581.3562005277045,298.5555555555556,138.88888888888889,786.9409956275734,298.5555555555556,-282.80064497214886
2025-09-02 14:00:00,2025-09-02,15,552.9973614775726,429.92,200.0,617.5949197884029,429.92,-123.07736147757254
2025-09-02 15:00:00,2025-09-02,16,510.4591029023747,579.1977777777779,269.44444444444446,403.2477765380515,579.1977777777779,68.7386748754032
2025-09-02 16:00:00,2025-09-02,17,269.40897097625333,208.98888888888888,97.22222222222223,168.1039871645807,208.98888888888888,-60.42008208736445
2025-09-02 17:00:00,2025-09-02,18,28.358839050131927,4.842804671170247,2.2528864305778966,1.8774053588149138,4.842804671170247,-23.51603437896168
2025-09-02 18:00:00,2025-09-02,19,0.0,0.0,0.0,0.0,0.0,0.0
2025-09-02 19:00:00,2025-09-02,20,0.0,0.0,0.0,0.0,0.0,0.0
2025-09-02 20:00:00,2025-09-02,21,0.0,0.0,0.0,0.0,0.0,0.0
2025-09-02 21:00:00,2025-09-02,22,0.0,0.0,0.0,0.0,0.0,0.0
2025-09-02 22:00:00,2025-09-02,23,0.0,0.0,0.0,0.0,0.0,0.0
2025-09-02 23:00:00,2025-09-02,24,0.0,0.0,0.0,0.0,0.0,0.0
2025-09-03 00:00:00,2025-09-03,1,0.0,0.0,0.0,0.0,0.0,0.0
2025-09-03 01:00:00,2025-09-03,2,0.0,0.0,0.0,0.0,0.0,0.0
2025-09-03 02:00:00,2025-09-03,3,0.0,0.0,0.0,0.0,0.0,0.0
2025-09-03 03:00:00,2025-09-03,4,0.0,0.0,0.0,0.0,0.0,0.0
2025-09-03 04:00:00,2025-09-03,5,0.0,0.0,0.0,0.0,0.0,0.0
2025-09-03 05:00:00,2025-09-03,6,7.089709762532982,17.913333333333338,8.333333333333334,16.930840272381097,17.913333333333338,10.823623570800356
2025-09-03 06:00:00,2025-09-03,7,155.9736147757256,280.6422222222222,130.55555555555554,217.12627152707702,280.6422222222222,124.6686074464966
2025-09-03 07:00:00,2025-09-03,8,602.6253298153034,728.4755555555556,338.8888888888889,451.24710641562956,728.4755555555556,125.8502257402522
2025-09-03 08:00:00,2025-09-03,9,1212.3403693931398,1158.3955555555558,538.8888888888889,657.4139277177769,1158.3955555555558,-53.94481383758398
2025-09-03 09:00:00,2025-09-03,10,1425.0316622691294,1134.5111111111112,527.7777777777778,814.9457883068343,1134.5111111111112,-290.5205511580182
2025-09-03 10:00:00,2025-09-03,11,1765.3377308707124,1671.911111111111,777.7777777777778,911.0840320953963,1671.911111111111,-93.42661975960141
2025-09-03 11:00:00,2025-09-03,12,1900.0422163588391,2077.9466666666667,966.6666666666666,938.5512237183227,2077.9466666666667,177.90445030782757
2025-09-03 12:00:00,2025-09-03,13,2126.9129287598944,2000.3222222222223,930.5555555555555,895.3025300132242,2000.3222222222223,-126.59070653767208
2025-09-03 13:00:00,2025-09-03,14,1609.364116094987,1827.16,850.0,784.5304759195692,1827.16,217.79588390501317
2025-09-03 14:00:00,2025-09-03,15,1056.3667546174142,1409.1822222222224,655.5555555555555,614.6726722399264,1409.1822222222224,352.8154676048082
2025-09-03 15:00:00,2025-09-03,16,446.6517150395778,710.5622222222223,330.55555555555554,399.87491243742187,710.5622222222223,263.9105071826445
2025-09-03 16:00:00,2025-09-03,17,581.3562005277045,424.6140336450179,197.53164944409096,164.6097078700758,424.6140336450179,-156.74216688268655
2025-09-03 17:00:00,2025-09-03,18,120.52506596306068,3.6383663371371333,1.6925783109123247,1.4104819257602705,3.6383663371371333,-116.88669962592355
2025-09-03 18:00:00,2025-09-03,19,0.0,0.0,0.0,0.0,0.0,0.0
2025-09-03 19:00:00,2025-09-03,20,0.0,0.0,0.0,0.0,0.0,0.0
2025-09-03 20:00:00,2025-09-03,21,0.0,0.0,0.0,0.0,0.0,0.0
2025-09-03 21:00:00,2025-09-03,22,0.0,0.0,0.0,0.0,0.0,0.0
2025-09-03 22:00:00,2025-09-03,23,0.0,0.0,0.0,0.0,0.0,0.0
2025-09-03 23:00:00,2025-09-03,24,0.0,0.0,0.0,0.0,0.0,0.0
2025-09-04 00:00:00,2025-09-04,1,0.0,0.0,0.0,0.0,0.0,0.0
2025-09-04 01:00:00,2025-09-04,2,0.0,0.0,0.0,0.0,0.0,0.0
2025-09-04 02:00:00,2025-09-04,3,0.0,0.0,0.0,0.0,0.0,0.0
2025-09-04 03:00:00,2025-09-04,4,0.0,0.0,0.0,0.0,0.0,0.0
2025-09-04 04:00:00,2025-09-04,5,0.0,0.0,0.0,0.0,0.0,0.0
2025-09-04 05:00:00,2025-09-04,6,7.089709762532982,11.942222222222222,5.555555555555555,16.342424479162815,11.942222222222222,4.85251245968924
2025-09-04 06:00:00,2025-09-04,7,155.9736147757256,250.7866666666667,116.66666666666667,216.1506601867836,250.7866666666667,94.8130518909411
2025-09-04 07:00:00,2025-09-04,8,581.3562005277045,662.7933333333333,308.3333333333333,450.3913709305216,662.7933333333333,81.43713280562883
2025-09-04 08:00:00,2025-09-04,9,1191.071240105541,1164.3666666666666,541.6666666666666,656.5854496946581,1164.3666666666666,-26.704573438874377
2025-09-04 09:00:00,2025-09-04,10,1588.0949868073878,1439.0377777777778,669.4444444444445,814.0103628965663,1439.0377777777778,-149.05720902961002
2025-09-04 10:00:00,2025-09-04,11,1354.1345646437994,1325.5866666666666,616.6666666666666,909.9096492731902,1325.5866666666666,-28.547897977132834
2025-09-04 11:00:00,2025-09-04,12,1715.7097625329816,1373.3555555555558,638.8888888888889,937.022104989498,1373.3555555555558,-342.35420697742575
2025-09-04 12:00:00,2025-09-04,13,1474.6596306068602,1671.911111111111,777.7777777777778,893.3286799122412,1671.911111111111,197.25148050425082
2025-09-04 13:00:00,2025-09-04,14,1368.3139841688655,1910.755555555556,888.8888888888889,782.0564311236201,1910.755555555556,542.4415713866904
2025-09-04 14:00:00,2025-09-04,15,368.66490765171505,859.84,400.0,611.6883042884658,859.84,491.175092348285
2025-09-04 15:00:00,2025-09-04,16,56.71767810026385,208.98888888888888,97.22222222222223,396.4459248388819,208.98888888888888,152.271210788625
2025-09-04 16:00:00,2025-09-04,17,460.83113456464383,415.50906652630783,193.29599298767576,161.07999415639648,415.50906652630783,-45.322068038336
2025-09-04 17:00:00,2025-09-04,18,177.24274406332455,2.6473036801642182,1.2315331597340053,1.0262776331116712,2.6473036801642182,-174.59544038316034
2025-09-04 18:00:00,2025-09-04,19,0.0,0.0,0.0,0.0,0.0,0.0
2025-09-04 19:00:00,2025-09-04,20,0.0,0.0,0.0,0.0,0.0,0.0
2025-09-04 20:00:00,2025-09-04,21,0.0,0.0,0.0,0.0,0.0,0.0
2025-09-04 21:00:00,2025-09-04,22,0.0,0.0,0.0,0.0,0.0,0.0
2025-09-04 22:00:00,2025-09-04,23,0.0,0.0,0.0,0.0,0.0,0.0
2025-09-04 23:00:00,2025-09-04,24,0.0,0.0,0.0,0.0,0.0,0.0
2025-09-05 00:00:00,2025-09-05,1,0.0,0.0,0.0,0.0,0.0,0.0
2025-09-05 01:00:00,2025-09-05,2,0.0,0.0,0.0,0.0,0.0,0.0
2025-09-05 02:00:00,2025-09-05,3,0.0,0.0,0.0,0.0,0.0,0.0
2025-09-05 03:00:00,2025-09-05,4,0.0,0.0,0.0,0.0,0.0,0.0
2025-09-05 04:00:00,2025-09-05,5,0.0,0.0,0.0,0.0,0.0,0.0
2025-09-05 05:00:00,2025-09-05,6,7.089709762532982,17.913333333333338,8.333333333333334,15.764005125007262,17.913333333333338,10.823623570800356
2025-09-05 06:00:00,2025-09-05,7,155.9736147757256,268.7,125.0,215.16703012387757,268.7,112.7263852242744
2025-09-05 07:00:00,2025-09-05,8,602.6253298153034,722.5044444444443,336.1111111111111,449.5161550262453,722.5044444444443,119.87911462914087
2025-09-05 08:00:00,2025-09-05,9,1254.8786279683377,1206.1644444444444,561.1111111111111,655.7263372629981,1206.1644444444444,-48.714183523893325
2025-09-05 09:00:00,2025-09-05,10,1736.9788918205804,1576.3733333333337,733.3333333333334,813.0338727391119,1576.3733333333337,-160.60555848724675
2025-09-05 10:00:00,2025-09-05,11,1900.0422163588391,1833.1311111111113,852.7777777777778,908.6851811103975,1833.1311111111113,-66.91110524772785
2025-09-05 11:00:00,2025-09-05,12,2282.88654353562,2089.888888888889,972.2222222222222,935.4359177018649,2089.888888888889,-192.997654646731
2025-09-05 12:00:00,2025-09-05,13,2297.065963060686,2066.0044444444447,961.1111111111111,891.2933391411988,2066.0044444444447,-231.0615186162413
2025-09-05 13:00:00,2025-09-05,14,2134.0026385224273,1904.7844444444445,886.1111111111111,779.5194380649147,1904.7844444444445,-229.21819407798284
2025-09-05 14:00:00,2025-09-05,15,1779.5171503957783,1570.0065593510267,730.3714920687695,608.642910057308,1570.0065593510267,-209.51059104475166
2025-09-05 15:00:00,2025-09-05,16,1105.994722955145,1013.6544715444869,471.55492721645277,392.962439347044,1013.6544715444869,-92.3402514106582
2025-09-05 16:00:00,2025-09-05,17,510.4591029023747,406.31939859027227,189.0209334714702,157.5174445595585,406.31939859027227,-104.13970431210242
2025-09-05 17:00:00,2025-09-05,18,56.71767810026385,1.855131937222795,0.8630126243128,0.7191771869273333,1.855131937222795,-54.86254616304106
2025-09-05 18:00:00,2025-09-05,19,0.0,0.0,0.0,0.0,0.0,0.0
2025-09-05 19:00:00,2025-09-05,20,0.0,0.0,0.0,0.0,0.0,0.0
2025-09-05 20:00:00,2025-09-05,21,0.0,0.0,0.0,0.0,0.0,0.0
2025-09-05 21:00:00,2025-09-05,22,0.0,0.0,0.0,0.0,0.0,0.0
2025-09-05 22:00:00,2025-09-05,23,0.0,0.0,0.0,0.0,0.0,0.0
2025-09-05 23:00:00,2025-09-05,24,0.0,0.0,0.0,0.0,0.0,0.0
2025-09-06 00:00:00,2025-09-06,1,0.0,0.0,0.0,0.0,0.0,0.0
2025-09-06 01:00:00,2025-09-06,2,0.0,0.0,0.0,0.0,0.0,0.0
2025-09-06 02:00:00,2025-09-06,3,0.0,0.0,0.0,0.0,0.0,0.0
2025-09-06 03:00:00,2025-09-06,4,0.0,0.0,0.0,0.0,0.0,0.0
2025-09-06 04:00:00,2025-09-06,5,0.0,0.0,0.0,0.0,0.0,0.0
2025-09-06 05:00:00,2025-09-06,6,0.0,11.942222222222222,5.555555555555555,15.195338378720622,11.942222222222222,11.942222222222222
2025-09-06 06:00:00,2025-09-06,7,127.61477572559367,292.58444444444444,136.11111111111111,214.17439665483153,292.58444444444444,164.96966871885076
2025-09-06 07:00:00,2025-09-06,8,616.8047493403694,758.3311111111111,352.77777777777777,448.6202883025568,758.3311111111111,141.5263617707417
2025-09-06 08:00:00,2025-09-06,9,1290.3271767810027,1236.02,574.9999999999999,654.835426744532,1236.02,-54.30717678100268
2025-09-06 09:00:00,2025-09-06,10,1793.6965699208445,1653.997777777778,769.4444444444445,812.0153098301683,1653.997777777778,-139.69879214306638
2025-09-06 10:00:00,2025-09-06,11,2141.0923482849603,1928.6688888888891,897.2222222222222,907.4099042907238,1928.6688888888891,-212.42345939607117
2025-09-06 11:00:00,2025-09-06,12,2297.065963060686,2066.0044444444447,961.1111111111111,933.7923296344279,2066.0044444444447,-231.0615186162413
2025-09-06 12:00:00,2025-09-06,13,2289.976253298153,2066.0044444444447,961.1111111111111,889.1966444784399,2066.0044444444447,-223.97180885370835
2025-09-06 13:00:00,2025-09-06,14,2141.0923482849603,1886.8711111111113,877.7777777777778,776.9201478057938,1886.8711111111113,-254.22123717384898
2025-09-06 14:00:00,2025-09-06,15,1694.4406332453825,1561.996524393597,726.6452011507243,605.5376676256036,1561.996524393597,-132.4441088517856
2025-09-06 15:00:00,2025-09-06,16,1035.0976253298154,1004.532590523385,467.311402364805,389.4261686373375,1004.532590523385,-30.56503480643039
2025-09-06 16:00:00,2025-09-06,17,340.3060686015831,304.52666666666664,141.66666666666666,153.92476098093675,304.52666666666664,-35.77940193491645
2025-09-06 17:00:00,2025-09-06,18,92.16622691292876,1.2430442860788833,0.5782677177516204,0.48188976479301704,1.2430442860788833,-90.92318262684988
2025-09-06 18:00:00,2025-09-06,19,0.0,0.0,0.0,0.0,0.0,0.0
2025-09-06 19:00:00,2025-09-06,20,0.0,0.0,0.0,0.0,0.0,0.0
2025-09-06 20:00:00,2025-09-06,21,0.0,0.0,0.0,0.0,0.0,0.0
2025-09-06 21:00:00,2025-09-06,22,0.0,0.0,0.0,0.0,0.0,0.0
2025-09-06 22:00:00,2025-09-06,23,0.0,0.0,0.0,0.0,0.0,0.0
2025-09-06 23:00:00,2025-09-06,24,0.0,0.0,0.0,0.0,0.0,0.0
2025-09-07 00:00:00,2025-09-07,1,0.0,0.0,0.0,0.0,0.0,0.0
2025-09-07 01:00:00,2025-09-07,2,0.0,0.0,0.0,0.0,0.0,0.0
2025-09-07 02:00:00,2025-09-07,3,0.0,0.0,0.0,0.0,0.0,0.0
2025-09-07 03:00:00,2025-09-07,4,0.0,0.0,0.0,0.0,0.0,0.0
2025-09-07 04:00:00,2025-09-07,5,0.0,0.0,0.0,0.0,0.0,0.0
2025-09-07 05:00:00,2025-09-07,6,0.0,11.942222222222222,5.555555555555555,14.636165385393262,11.942222222222222,11.942222222222222
2025-09-07 06:00:00,2025-09-07,7,148.88390501319262,250.7866666666667,116.66666666666667,213.17170226608457,250.7866666666667,101.90276165347407
2025-09-07 07:00:00,2025-09-07,8,630.9841688654353,728.4755555555556,338.8888888888889,447.70253977515443,728.4755555555556,97.4913866901203
2025-09-07 08:00:00,2025-09-07,9,1028.0079155672825,788.1866666666668,366.6666666666667,653.91151587726,788.1866666666668,-239.82124890061561
2025-09-07 09:00:00,2025-09-07,10,1949.67018469657,841.9266666666667,391.6666666666667,810.9536525513224,841.9266666666667,-1107.7435180299033
2025-09-07 10:00:00,2025-09-07,11,1460.4802110817943,997.1755555555557,463.8888888888889,906.0831072305346,997.1755555555557,-463.30465552623866
2025-09-07 11:00:00,2025-09-07,12,1744.0686015831136,1725.6511111111113,802.7777777777778,932.0910439735283,1725.6511111111113,-18.417490472002328
2025-09-07 12:00:00,2025-09-07,13,1247.7889182058047,1827.16,850.0,887.0387883578311,1827.16,579.3710817941953
2025-09-07 13:00:00,2025-09-07,14,1070.5461741424801,704.5911111111112,327.77777777777777,774.2592823424981,704.5911111111112,-365.9550630313689
2025-09-07 14:00:00,2025-09-07,15,453.7414248021108,400.0644444444444,186.11111111111111,602.3738350821839,400.0644444444444,-53.67698035766642
2025-09-07 15:00:00,2025-09-07,16,233.9604221635884,298.5555555555556,138.88888888888889,385.8389079174653,298.5555555555556,64.59513339196721
2025-09-07 16:00:00,2025-09-07,17,7.089709762532982,35.826666666666675,16.666666666666668,150.3047441810106,35.826666666666675,28.73695690413369
2025-09-07 17:00:00,2025-09-07,18,0.0,0.7885879818379762,0.366853359619453,0.30571113301621083,0.7885879818379762,0.7885879818379762
2025-09-07 18:00:00,2025-09-07,19,0.0,0.0,0.0,0.0,0.0,0.0
2025-09-07 19:00:00,2025-09-07,20,0.0,0.0,0.0,0.0,0.0,0.0
2025-09-07 20:00:00,2025-09-07,21,0.0,0.0,0.0,0.0,0.0,0.0
2025-09-07 21:00:00,2025-09-07,22,0.0,0.0,0.0,0.0,0.0,0.0
2025-09-07 22:00:00,2025-09-07,23,0.0,0.0,0.0,0.0,0.0,0.0
2025-09-07 23:00:00,2025-09-07,24,0.0,0.0,0.0,0.0,0.0,0.0
2025-09-08 00:00:00,2025-09-08,1,0.0,0.0,0.0,0.0,0.0,0.0
2025-09-08 01:00:00,2025-09-08,2,0.0,0.0,0.0,0.0,0.0,0.0
2025-09-08 02:00:00,2025-09-08,3,0.0,0.0,0.0,0.0,0.0,0.0
2025-09-08 03:00:00,2025-09-08,4,0.0,0.0,0.0,0.0,0.0,0.0
2025-09-08 04:00:00,2025-09-08,5,0.0,0.0,0.0,0.0,0.0,0.0
2025-09-08 05:00:00,2025-09-08,6,7.089709762532982,11.942222222222222,5.555555555555555,14.086217664512345,11.942222222222222,4.85251245968924
2025-09-08 06:00:00,2025-09-08,7,205.60158311345646,316.4688888888889,147.22222222222223,212.15782057055685,316.4688888888889,110.86730577543244
2025-09-08 07:00:00,2025-09-08,8,460.83113456464383,537.4,250.0,446.7616217122706,537.4,76.56886543535614
2025-09-08 08:00:00,2025-09-08,9,460.83113456464383,435.8911111111112,202.77777777777777,652.9533671232755,435.8911111111112,-24.94002345353266
2025-09-08 09:00:00,2025-09-08,10,978.3799472295515,895.6666666666667,416.6666666666667,809.847868025397,895.6666666666667,-82.71328056288473
2025-09-08 10:00:00,2025-09-08,11,2041.8364116094988,1719.68,800.0,904.7040911437297,1719.68,-322.1564116094987
2025-09-08 11:00:00,2025-09-08,12,2084.3746701846967,1677.8822222222223,780.5555555555555,930.3317988395416,1677.8822222222223,-406.49244796247444
2025-09-08 12:00:00,2025-09-08,13,1503.018469656992,1510.6911111111112,702.7777777777778,884.82001672851,1510.6911111111112,7.67264145411923
2025-09-08 13:00:00,2025-09-08,14,1233.6094986807389,1630.1133333333335,758.3333333333334,771.5376308701702,1630.1133333333335,396.5038346525946
2025-09-08 14:00:00,2025-09-08,15,992.5593667546175,1247.9622222222222,580.5555555555555,599.1527453861048,1247.9622222222222,255.4028554676047
2025-09-08 15:00:00,2025-09-08,16,680.6121372031662,985.8990664951815,458.6430342832069,382.20252856933905,985.8990664951815,305.2869292920153
2025-09-08 16:00:00,2025-09-08,17,134.70448548812666,238.8444444444445,111.11111111111111,146.66028747533107,238.8444444444445,104.13995895631783
2025-09-08 17:00:00,2025-09-08,18,49.62796833773087,0.46676148084343155,0.21713876109203178,0.18094896757669315,0.46676148084343155,-49.16120685688744
2025-09-08 18:00:00,2025-09-08,19,0.0,0.0,0.0,0.0,0.0,0.0
2025-09-08 19:00:00,2025-09-08,20,0.0,0.0,0.0,0.0,0.0,0.0
2025-09-08 20:00:00,2025-09-08,21,0.0,0.0,0.0,0.0,0.0,0.0
2025-09-08 21:00:00,2025-09-08,22,0.0,0.0,0.0,0.0,0.0,0.0
2025-09-08 22:00:00,2025-09-08,23,0.0,0.0,0.0,0.0,0.0,0.0
2025-09-08 23:00:00,2025-09-08,24,0.0,0.0,0.0,0.0,0.0,0.0
2025-09-09 00:00:00,2025-09-09,1,0.0,0.0,0.0,0.0,0.0,0.0
2025-09-09 01:00:00,2025-09-09,2,0.0,0.0,0.0,0.0,0.0,0.0
2025-09-09 02:00:00,2025-09-09,3,0.0,0.0,0.0,0.0,0.0,0.0
2025-09-09 03:00:00,2025-09-09,4,0.0,0.0,0.0,0.0,0.0,0.0
2025-09-09 04:00:00,2025-09-09,5,0.0,0.0,0.0,0.0,0.0,0.0
2025-09-09 05:00:00,2025-09-09,6,7.089709762532982,11.942222222222222,5.555555555555555,13.545226676532483,11.942222222222222,4.85251245968924
2025-09-09 06:00:00,2025-09-09,7,170.15303430079155,197.0466666666667,91.66666666666667,211.13157006979014,197.0466666666667,26.893632365875163
2025-09-09 07:00:00,2025-09-09,8,538.8179419525067,591.14,275.0,445.7962032017022,591.14,52.32205804749333
2025-09-09 08:00:00,2025-09-09,9,1020.9182058047494,883.7244444444444,411.1111111111111,651.9597196459431,883.7244444444444,-137.19376136030496
2025-09-09 09:00:00,2025-09-09,10,1495.928759894459,1415.1533333333334,658.3333333333334,808.6969218036184,1415.1533333333334,-80.77542656112564
2025-09-09 10:00:00,2025-09-09,11,1928.401055408971,1558.4599999999998,725.0,903.2721768317743,1558.4599999999998,-369.9410554089711
2025-09-09 11:00:00,2025-09-09,12,1247.7889182058047,1391.2688888888886,647.2222222222222,928.514370911713,1391.2688888888886,143.47997068308382
2025-09-09 12:00:00,2025-09-09,13,978.3799472295515,728.4755555555556,338.8888888888889,882.5406294764438,728.4755555555556,-249.90439167399586
2025-09-09 13:00:00,2025-09-09,14,1155.622691292876,1194.2222222222224,555.5555555555555,768.756047148879,1194.2222222222224,38.59953092934643
2025-09-09 14:00:00,2025-09-09,15,333.21635883905014,579.1977777777779,269.44444444444446,595.8758011744959,579.1977777777779,245.98141893872776
2025-09-09 15:00:00,2025-09-09,16,517.5488126649077,322.44,150.0,378.51897110230345,322.44,-195.1088126649077
2025-09-09 16:00:00,2025-09-09,17,205.60158311345646,179.13333333333333,83.33333333333333,142.99436965380423,179.13333333333333,-26.46824978012313
2025-09-09 17:00:00,2025-09-09,18,21.269129287598943,0.25148048175227294,0.11698943140690032,0.09749119283908361,0.25148048175227294,-21.01764880584667
2025-09-09 18:00:00,2025-09-09,19,0.0,0.0,0.0,0.0,0.0,0.0
2025-09-09 19:00:00,2025-09-09,20,0.0,0.0,0.0,0.0,0.0,0.0
2025-09-09 20:00:00,2025-09-09,21,0.0,0.0,0.0,0.0,0.0,0.0
2025-09-09 21:00:00,2025-09-09,22,0.0,0.0,0.0,0.0,0.0,0.0
2025-09-09 22:00:00,2025-09-09,23,0.0,0.0,0.0,0.0,0.0,0.0
2025-09-09 23:00:00,2025-09-09,24,0.0,0.0,0.0,0.0,0.0,0.0
2025-09-10 00:00:00,2025-09-10,1,0.0,0.0,0.0,0.0,0.0,0.0
2025-09-10 01:00:00,2025-09-10,2,0.0,0.0,0.0,0.0,0.0,0.0
2025-09-10 02:00:00,2025-09-10,3,0.0,0.0,0.0,0.0,0.0,0.0
2025-09-10 03:00:00,2025-09-10,4,0.0,0.0,0.0,0.0,0.0,0.0
2025-09-10 04:00:00,2025-09-10,5,0.0,0.0,0.0,0.0,0.0,0.0
2025-09-10 05:00:00,2025-09-10,6,7.089709762532982,11.942222222222222,5.555555555555555,13.01293756599819,11.942222222222222,4.85251245968924
2025-09-10 06:00:00,2025-09-10,7,248.13984168865437,340.35333333333335,158.33333333333334,210.09173911225963,340.35333333333335,92.21349164467898
2025-09-10 07:00:00,2025-09-10,8,673.5224274406332,758.3311111111111,352.77777777777777,444.80493480640115,758.3311111111111,84.80868367047788
2025-09-10 08:00:00,2025-09-10,9,1276.1477572559368,1224.0777777777776,569.4444444444443,650.9293113822519,1224.0777777777776,-52.06997947815921
2025-09-10 09:00:00,2025-09-10,10,1779.5171503957783,1636.0844444444444,761.1111111111111,807.4997960371596,1636.0844444444444,-143.4327059513339
2025-09-10 10:00:00,2025-09-10,11,2034.7467018469658,1886.8711111111113,877.7777777777778,901.7867182671874,1886.8711111111113,-147.87559073585453
2025-09-10 11:00:00,2025-09-10,12,2226.168865435356,1821.1888888888889,847.2222222222222,926.6385840497508,1821.1888888888889,-404.97997654646724
2025-09-10 12:00:00,2025-09-10,13,1325.7757255936676,1636.0844444444444,761.1111111111111,880.2009841055818,1636.0844444444444,310.3087188507768
2025-09-10 13:00:00,2025-09-10,14,319.0369393139842,1409.1822222222224,655.5555555555555,765.9154486922478,1409.1822222222224,1090.1452829082382
2025-09-10 14:00:00,2025-09-10,15,141.79419525065964,113.45111111111113,52.77777777777778,592.5444701671931,113.45111111111113,-28.34308413954851
2025-09-10 15:00:00,2025-09-10,16,63.80738786279684,77.62444444444446,36.111111111111114,374.79023789323026,77.62444444444446,13.817056581647627
2025-09-10 16:00:00,2025-09-10,17,155.9736147757256,244.81555555555556,113.88888888888889,139.31004723098255,244.81555555555556,88.84194077982997
2025-09-10 17:00:00,2025-09-10,18,56.71767810026385,0.0,0.0,0.0,0.0,-56.71767810026385
2025-09-10 18:00:00,2025-09-10,19,0.0,0.0,0.0,0.0,0.0,0.0
2025-09-10 19:00:00,2025-09-10,20,0.0,0.0,0.0,0.0,0.0,0.0
2025-09-10 20:00:00,2025-09-10,21,0.0,0.0,0.0,0.0,0.0,0.0
2025-09-10 21:00:00,2025-09-10,22,0.0,0.0,0.0,0.0,0.0,0.0
2025-09-10 22:00:00,2025-09-10,23,0.0,0.0,0.0,0.0,0.0,0.0
2025-09-10 23:00:00,2025-09-10,24,0.0,0.0,0.0,0.0,0.0,0.0
2025-09-11 00:00:00,2025-09-11,1,0.0,0.0,0.0,0.0,0.0,0.0
2025-09-11 01:00:00,2025-09-11,2,0.0,0.0,0.0,0.0,0.0,0.0
2025-09-11 02:00:00,2025-09-11,3,0.0,0.0,0.0,0.0,0.0,0.0
2025-09-11 03:00:00,2025-09-11,4,0.0,0.0,0.0,0.0,0.0,0.0
2025-09-11 04:00:00,2025-09-11,5,0.0,0.0,0.0,0.0,0.0,0.0
2025-09-11 05:00:00,2025-09-11,6,7.089709762532982,11.942222222222222,5.555555555555555,12.489125490877742,11.942222222222222,4.85251245968924
2025-09-11 06:00:00,2025-09-11,7,191.4221635883905,232.87333333333333,108.33333333333333,209.03711983823797,232.87333333333333,41.45116974494283
2025-09-11 07:00:00,2025-09-11,8,602.6253298153034,704.5911111111112,327.77777777777777,443.7864820511029,704.5911111111112,101.9657812958078
2025-09-11 08:00:00,2025-09-11,9,1226.519788918206,1194.2222222222224,555.5555555555555,649.8609089341237,1194.2222222222224,-32.297566695983505
2025-09-11 09:00:00,2025-09-11,10,1744.0686015831136,1409.1822222222224,655.5555555555555,806.2555142264561,1409.1822222222224,-334.88637936089117
2025-09-11 10:00:00,2025-09-11,11,1935.490765171504,1259.9044444444446,586.1111111111111,900.247121286986,1259.9044444444446,-675.5863207270595
2025-09-11 11:00:00,2025-09-11,12,1219.430079155673,1546.5177777777778,719.4444444444445,924.7043214791328,1546.5177777777778,327.0876986221049
2025-09-11 12:00:00,2025-09-11,13,1907.131926121372,1068.828888888889,497.22222222222223,877.8015014845656,1068.828888888889,-838.3030372324831
2025-09-11 13:00:00,2025-09-11,14,1807.8759894459104,1588.3155555555559,738.8888888888889,763.0168166343858,1588.3155555555559,-219.5604338903545
2025-09-11 14:00:00,2025-09-11,15,1644.8126649076517,1519.7507257829502,706.9923361476323,589.160280123027,1519.7507257829502,-125.06193912470144
2025-09-11 15:00:00,2025-09-11,16,999.6490765171504,957.0493434622513,445.22206152877334,371.01838460731113,957.0493434622513,-42.59973305489916
2025-09-11 16:00:00,2025-09-11,17,439.5620052770449,349.80985546064954,162.73253417410194,135.61044514508495,349.80985546064954,-89.75214981639533
2025-09-11 17:00:00,2025-09-11,18,42.53825857519789,0.0,0.0,0.0,0.0,-42.53825857519789
2025-09-11 18:00:00,2025-09-11,19,0.0,0.0,0.0,0.0,0.0,0.0
2025-09-11 19:00:00,2025-09-11,20,0.0,0.0,0.0,0.0,0.0,0.0
2025-09-11 20:00:00,2025-09-11,21,0.0,0.0,0.0,0.0,0.0,0.0
2025-09-11 21:00:00,2025-09-11,22,0.0,0.0,0.0,0.0,0.0,0.0
2025-09-11 22:00:00,2025-09-11,23,0.0,0.0,0.0,0.0,0.0,0.0
2025-09-11 23:00:00,2025-09-11,24,0.0,0.0,0.0,0.0,0.0,0.0
2025-09-12 00:00:00,2025-09-12,1,0.0,0.0,0.0,0.0,0.0,0.0
2025-09-12 01:00:00,2025-09-12,2,0.0,0.0,0.0,0.0,0.0,0.0
2025-09-12 02:00:00,2025-09-12,3,0.0,0.0,0.0,0.0,0.0,0.0
2025-09-12 03:00:00,2025-09-12,4,0.0,0.0,0.0,0.0,0.0,0.0
2025-09-12 04:00:00,2025-09-12,5,0.0,0.0,0.0,0.0,0.0,0.0
2025-09-12 05:00:00,2025-09-12,6,0.0,5.971111111111111,2.7777777777777777,11.97361156454791,5.971111111111111,5.971111111111111
2025-09-12 06:00:00,2025-09-12,7,134.70448548812666,203.01777777777778,94.44444444444444,207.96654496235203,203.01777777777778,68.31329228965112
2025-09-12 07:00:00,2025-09-12,8,567.1767810026386,704.5911111111112,327.77777777777777,442.7395617756184,704.5911111111112,137.41433010847265
2025-09-12 08:00:00,2025-09-12,9,1212.3403693931398,985.2333333333335,458.3333333333333,648.7533397992264,985.2333333333335,-227.10703605980632
2025-09-12 09:00:00,2025-09-12,10,1453.3905013192611,1021.0600000000001,475.0,804.9631676501696,1021.0600000000001,-432.3305013192611
2025-09-12 10:00:00,2025-09-12,11,850.7651715039578,1206.1644444444444,561.1111111111111,898.6528631587153,1206.1644444444444,355.3992729404865
2025-09-12 11:00:00,2025-09-12,12,935.8416886543536,1391.2688888888886,647.2222222222222,922.7115380942707,1391.2688888888886,455.427200234535
2025-09-12 12:00:00,2025-09-12,13,765.688654353562,567.2555555555556,263.8888888888889,875.3426709665234,567.2555555555556,-198.43309879800643
2025-09-12 13:00:00,2025-09-12,14,1113.084432717678,925.5222222222222,430.55555555555554,760.0611941861666,925.5222222222222,-187.56221049545582
2025-09-12 14:00:00,2025-09-12,15,191.4221635883905,220.9311111111111,102.77777777777777,585.7248117529991,220.9311111111111,29.508947522720604
2025-09-12 15:00:00,2025-09-12,16,212.69129287598946,447.83333333333337,208.33333333333334,367.2055090456132,447.83333333333337,235.1420404573439
2025-09-12 16:00:00,2025-09-12,17,241.05013192612137,340.23545055517775,158.2784939315118,131.8987449429265,340.23545055517775,99.18531862905638
2025-09-12 17:00:00,2025-09-12,18,56.71767810026385,0.0,0.0,0.0,0.0,-56.71767810026385
2025-09-12 18:00:00,2025-09-12,19,0.0,0.0,0.0,0.0,0.0,0.0
2025-09-12 19:00:00,2025-09-12,20,0.0,0.0,0.0,0.0,0.0,0.0
2025-09-12 20:00:00,2025-09-12,21,0.0,0.0,0.0,0.0,0.0,0.0
2025-09-12 21:00:00,2025-09-12,22,0.0,0.0,0.0,0.0,0.0,0.0
2025-09-12 22:00:00,2025-09-12,23,0.0,0.0,0.0,0.0,0.0,0.0
2025-09-12 23:00:00,2025-09-12,24,0.0,0.0,0.0,0.0,0.0,0.0
2025-09-13 00:00:00,2025-09-13,1,0.0,0.0,0.0,0.0,0.0,0.0
2025-09-13 01:00:00,2025-09-13,2,0.0,0.0,0.0,0.0,0.0,0.0
2025-09-13 02:00:00,2025-09-13,3,0.0,0.0,0.0,0.0,0.0,0.0
2025-09-13 03:00:00,2025-09-13,4,0.0,0.0,0.0,0.0,0.0,0.0
2025-09-13 04:00:00,2025-09-13,5,0.0,0.0,0.0,0.0,0.0,0.0
2025-09-13 05:00:00,2025-09-13,6,0.0,11.942222222222222,5.555555555555555,11.46627519267093,11.942222222222222,11.942222222222222
2025-09-13 06:00:00,2025-09-13,7,127.61477572559367,244.81555555555556,113.88888888888889,206.87892012480344,244.81555555555556,117.20077982996189
2025-09-13 07:00:00,2025-09-13,8,574.2664907651715,716.5333333333333,333.3333333333333,441.66297390399563,716.5333333333333,142.2668425681618
2025-09-13 08:00:00,2025-09-13,9,1219.430079155673,1194.2222222222224,555.5555555555555,647.6055201914157,1194.2222222222224,-25.207856933450557
2025-09-13 09:00:00,2025-09-13,10,1729.8891820580475,1594.2866666666669,741.6666666666666,803.6219375976491,1594.2866666666669,-135.60251539138062
2025-09-13 10:00:00,2025-09-13,11,1942.580474934037,1403.2111111111112,652.7777777777778,897.00350826802,1403.2111111111112,-539.3693638229258
2025-09-13 11:00:00,2025-09-13,12,2190.7203166226914,1540.5466666666669,716.6666666666666,920.6602691401758,1540.5466666666669,-650.1736499560245
2025-09-13 12:00:00,2025-09-13,13,1552.646437994723,1594.2866666666669,741.6666666666666,872.8250521238025,1594.2866666666669,41.64022867194376
2025-09-13 13:00:00,2025-09-13,14,687.7018469656992,668.7644444444444,311.1111111111111,757.0496820060871,668.7644444444444,-18.937402521254853
2025-09-13 14:00:00,2025-09-13,15,1162.712401055409,603.0822222222222,280.55555555555554,582.2396886922284,603.0822222222222,-559.6301788331867
2025-09-13 15:00:00,2025-09-13,16,737.3298153034301,937.2782321480504,436.0244846241395,363.35373718678295,937.2782321480504,199.94841684462028
2025-09-13 16:00:00,2025-09-13,17,283.5883905013193,330.63815428371817,153.81380456071741,128.17817046726452,330.63815428371817,47.049763782398884
2025-09-13 17:00:00,2025-09-13,18,77.9868073878628,0.0,0.0,0.0,0.0,-77.9868073878628
2025-09-13 18:00:00,2025-09-13,19,0.0,0.0,0.0,0.0,0.0,0.0
2025-09-13 19:00:00,2025-09-13,20,0.0,0.0,0.0,0.0,0.0,0.0
2025-09-13 20:00:00,2025-09-13,21,0.0,0.0,0.0,0.0,0.0,0.0
2025-09-13 21:00:00,2025-09-13,22,0.0,0.0,0.0,0.0,0.0,0.0
2025-09-13 22:00:00,2025-09-13,23,0.0,0.0,0.0,0.0,0.0,0.0
2025-09-13 23:00:00,2025-09-13,24,0.0,0.0,0.0,0.0,0.0,0.0
2025-09-14 00:00:00,2025-09-14,1,0.0,0.0,0.0,0.0,0.0,0.0
2025-09-14 01:00:00,2025-09-14,2,0.0,0.0,0.0,0.0,0.0,0.0
2025-09-14 02:00:00,2025-09-14,3,0.0,0.0,0.0,0.0,0.0,0.0
2025-09-14 03:00:00,2025-09-14,4,0.0,0.0,0.0,0.0,0.0,0.0
2025-09-14 04:00:00,2025-09-14,5,0.0,0.0,0.0,0.0,0.0,0.0
2025-09-14 05:00:00,2025-09-14,6,0.0,11.942222222222222,5.555555555555555,10.967060739434764,11.942222222222222,11.942222222222222
2025-09-14 06:00:00,2025-09-14,7,134.70448548812666,238.8444444444445,111.11111111111111,205.7732460070588,238.8444444444445,104.13995895631783
2025-09-14 07:00:00,2025-09-14,8,560.0870712401055,698.62,325.0,440.55562295945975,698.62,138.5329287598945
2025-09-14 08:00:00,2025-09-14,9,1212.3403693931398,1188.2511111111114,552.7777777777778,646.4164733931041,1188.2511111111114,-24.089258282028368
2025-09-14 09:00:00,2025-09-14,10,1715.7097625329816,1528.6044444444444,711.1111111111111,802.2311092665267,1528.6044444444444,-187.10531808853716
2025-09-14 10:00:00,2025-09-14,11,2041.8364116094988,1880.8999999999999,875.0,895.2987168202438,1880.8999999999999,-160.93641160949892
2025-09-14 11:00:00,2025-09-14,12,2204.8997361477573,2000.3222222222223,930.5555555555555,918.5506333461162,2000.3222222222223,-204.57751392553496
2025-09-14 12:00:00,2025-09-14,13,999.6490765171504,722.5044444444443,336.1111111111111,870.2492723468542,722.5044444444443,-277.14463207270614
2025-09-14 13:00:00,2025-09-14,14,638.0738786279684,1027.0311111111112,477.77777777777777,753.9834306757166,1027.0311111111112,388.9572324831428
2025-09-14 14:00:00,2025-09-14,15,623.8944591029024,1170.3377777777778,544.4444444444445,578.7065656063069,1170.3377777777778,546.4433186748754
2025-09-14 15:00:00,2025-09-14,16,524.6385224274406,692.6488888888889,322.22222222222223,359.4652081776485,692.6488888888889,168.01036646144826
2025-09-14 16:00:00,2025-09-14,17,141.79419525065964,214.96,100.0,124.4519733155305,214.96,73.16580474934037
2025-09-14 17:00:00,2025-09-14,18,49.62796833773087,0.0,0.0,0.0,0.0,-49.62796833773087
2025-09-14 18:00:00,2025-09-14,19,0.0,0.0,0.0,0.0,0.0,0.0
2025-09-14 19:00:00,2025-09-14,20,0.0,0.0,0.0,0.0,0.0,0.0
2025-09-14 20:00:00,2025-09-14,21,0.0,0.0,0.0,0.0,0.0,0.0
2025-09-14 21:00:00,2025-09-14,22,0.0,0.0,0.0,0.0,0.0,0.0
2025-09-14 22:00:00,2025-09-14,23,0.0,0.0,0.0,0.0,0.0,0.0
2025-09-14 23:00:00,2025-09-14,24,0.0,0.0,0.0,0.0,0.0,0.0
2025-09-15 00:00:00,2025-09-15,1,0.0,0.0,0.0,0.0,0.0,0.0
2025-09-15 01:00:00,2025-09-15,2,0.0,0.0,0.0,0.0,0.0,0.0
2025-09-15 02:00:00,2025-09-15,3,0.0,0.0,0.0,0.0,0.0,0.0
2025-09-15 03:00:00,2025-09-15,4,0.0,0.0,0.0,0.0,0.0,0.0
2025-09-15 04:00:00,2025-09-15,5,0.0,0.0,0.0,0.0,0.0,0.0
2025-09-15 05:00:00,2025-09-15,6,0.0,11.942222222222222,5.555555555555555,10.475978298751107,11.942222222222222,11.942222222222222
2025-09-15 06:00:00,2025-09-15,7,134.70448548812666,244.81555555555556,113.88888888888889,204.6486282056623,244.81555555555556,110.1110700674289
2025-09-15 07:00:00,2025-09-15,8,545.9076517150396,692.6488888888889,322.22222222222223,439.4165274924571,692.6488888888889,146.7412371738493
2025-09-15 08:00:00,2025-09-15,9,1212.3403693931398,1158.3955555555558,538.8888888888889,645.1853373228449,1158.3955555555558,-53.94481383758398
2025-09-15 09:00:00,2025-09-15,10,1701.5303430079157,1450.98,675.0,800.7900766243484,1450.98,-250.55034300791567
2025-09-15 10:00:00,2025-09-15,11,1921.311345646438,1624.1422222222222,755.5555555555555,893.5382465152419,1624.1422222222222,-297.16912342421574
2025-09-15 11:00:00,2025-09-15,12,2226.168865435356,2048.0911111111113,952.7777777777778,916.3828312140301,2048.0911111111113,-178.07775432424478
2025-09-15 12:00:00,2025-09-15,13,2240.348284960422,1988.3799999999999,925.0,867.6160217690195,1988.3799999999999,-251.96828496042212
2025-09-15 13:00:00,2025-09-15,14,2077.2849604221637,1839.102222222222,855.5555555555555,750.8636325179085,1839.102222222222,-238.1827381999417
2025-09-15 14:00:00,2025-09-15,15,1644.8126649076517,1483.5519017867546,690.1525408386465,575.1271173655388,1483.5519017867546,-161.26076312089708
2025-09-15 15:00:00,2025-09-15,16,1070.5461741424801,917.1278588437443,426.65047396899155,355.5420616408263,917.1278588437443,-153.41831529873582
2025-09-15 16:00:00,2025-09-15,17,432.47229551451187,311.4084798377653,144.86810561861057,120.72342134884214,311.4084798377653,-121.06381567674657
2025-09-15 17:00:00,2025-09-15,18,28.358839050131927,0.0,0.0,0.0,0.0,-28.358839050131927
2025-09-15 18:00:00,2025-09-15,19,0.0,0.0,0.0,0.0,0.0,0.0
2025-09-15 19:00:00,2025-09-15,20,0.0,0.0,0.0,0.0,0.0,0.0
2025-09-15 20:00:00,2025-09-15,21,0.0,0.0,0.0,0.0,0.0,0.0
2025-09-15 21:00:00,2025-09-15,22,0.0,0.0,0.0,0.0,0.0,0.0
2025-09-15 22:00:00,2025-09-15,23,0.0,0.0,0.0,0.0,0.0,0.0
2025-09-15 23:00:00,2025-09-15,24,0.0,0.0,0.0,0.0,0.0,0.0
2025-09-16 00:00:00,2025-09-16,1,0.0,0.0,0.0,0.0,0.0,0.0
2025-09-16 01:00:00,2025-09-16,2,0.0,0.0,0.0,0.0,0.0,0.0
2025-09-16 02:00:00,2025-09-16,3,0.0,0.0,0.0,0.0,0.0,0.0
2025-09-16 03:00:00,2025-09-16,4,0.0,0.0,0.0,0.0,0.0,0.0
2025-09-16 04:00:00,2025-09-16,5,0.0,0.0,0.0,0.0,0.0,0.0
2025-09-16 05:00:00,2025-09-16,6,7.089709762532982,11.942222222222222,5.555555555555555,9.993099772154459,11.942222222222222,4.85251245968924
2025-09-16 06:00:00,2025-09-16,7,148.88390501319262,238.8444444444445,111.11111111111111,203.50427630231363,238.8444444444445,89.96053943125187
2025-09-16 07:00:00,2025-09-16,8,560.0870712401055,620.9955555555557,288.8888888888889,438.6821804119398,620.9955555555557,60.90848431545021
2025-09-16 08:00:00,2025-09-16,9,1134.3535620052771,1152.4244444444446,536.1111111111111,644.3869339924316,1152.4244444444446,18.070882439167463
2025-09-16 09:00:00,2025-09-16,10,1800.7862796833774,1618.1711111111115,752.7777777777778,799.7926337359986,1618.1711111111115,-182.61516857226593
2025-09-16 10:00:00,2025-09-16,11,2105.6437994722955,1898.8133333333337,883.3333333333334,892.2249368956359,1898.8133333333337,-206.8304661389618
2025-09-16 11:00:00,2025-09-16,12,2169.4511873350925,1994.3511111111113,927.7777777777778,914.662029872199,1994.3511111111113,-175.1000762239812
2025-09-16 12:00:00,2025-09-16,13,1814.9656992084433,1564.4311111111112,727.7777777777778,865.4266644459681,1564.4311111111112,-250.53458809733206
2025-09-16 13:00:00,2025-09-16,14,1361.2242744063324,1331.5577777777778,619.4444444444445,748.1802477175032,1331.5577777777778,-29.66649662855457
2025-09-16 14:00:00,2025-09-16,15,964.2005277044855,829.9844444444445,386.1111111111111,571.967405308031,829.9844444444445,-134.21608326004093
2025-09-16 15:00:00,2025-09-16,16,595.5356200527705,597.1111111111112,277.77777777777777,351.9994126734206,597.1111111111112,1.5754910583407309
2025-09-16 16:00:00,2025-09-16,17,319.0369393139842,302.5095496489312,140.7282981247354,117.27358177061284,302.5095496489312,-16.527389665052965
2025-09-16 17:00:00,2025-09-16,18,77.9868073878628,0.0,0.0,0.0,0.0,-77.9868073878628
2025-09-16 18:00:00,2025-09-16,19,0.0,0.0,0.0,0.0,0.0,0.0
2025-09-16 19:00:00,2025-09-16,20,0.0,0.0,0.0,0.0,0.0,0.0
2025-09-16 20:00:00,2025-09-16,21,0.0,0.0,0.0,0.0,0.0,0.0
2025-09-16 21:00:00,2025-09-16,22,0.0,0.0,0.0,0.0,0.0,0.0
2025-09-16 22:00:00,2025-09-16,23,0.0,0.0,0.0,0.0,0.0,0.0
2025-09-16 23:00:00,2025-09-16,24,0.0,0.0,0.0,0.0,0.0,0.0
2025-09-17 00:00:00,2025-09-17,1,0.0,0.0,0.0,0.0,0.0,0.0
2025-09-17 01:00:00,2025-09-17,2,0.0,0.0,0.0,0.0,0.0,0.0
2025-09-17 02:00:00,2025-09-17,3,0.0,0.0,0.0,0.0,0.0,0.0
2025-09-17 03:00:00,2025-09-17,4,0.0,0.0,0.0,0.0,0.0,0.0
2025-09-17 04:00:00,2025-09-17,5,0.0,0.0,0.0,0.0,0.0,0.0
2025-09-17 05:00:00,2025-09-17,6,0.0,5.971111111111111,2.7777777777777777,9.581442327826704,5.971111111111111,5.971111111111111
2025-09-17 06:00:00,2025-09-17,7,113.4353562005277,250.7866666666667,116.66666666666667,202.6858256675518,250.7866666666667,137.35131046613898
2025-09-17 07:00:00,2025-09-17,8,567.1767810026386,728.4755555555556,338.8888888888889,437.9150841988767,728.4755555555556,161.29877455291705
2025-09-17 08:00:00,2025-09-17,9,1226.519788918206,1176.3088888888888,547.2222222222222,643.5458072771986,1176.3088888888888,-50.210900029317145
2025-09-17 09:00:00,2025-09-17,10,1786.6068601583113,1612.2,750.0,798.7448533524733,1612.2,-174.40686015831125
2025-09-17 10:00:00,2025-09-17,11,2070.195250659631,1886.8711111111113,877.7777777777778,890.8564745035117,1886.8711111111113,-183.3241395485195
2025-09-17 11:00:00,2025-09-17,12,2233.258575197889,2012.2644444444445,936.1111111111111,912.8843635034897,2012.2644444444445,-220.99413075344455
2025-09-17 12:00:00,2025-09-17,13,2219.079155672823,1982.4088888888891,922.2222222222222,863.1819529500162,1982.4088888888891,-236.67026678393404
2025-09-17 13:00:00,2025-09-17,14,2056.015831134565,1815.217777777778,844.4444444444445,745.446172645361,1815.217777777778,-240.7980533567868
2025-09-17 14:00:00,2025-09-17,15,1602.274406332454,1467.139860248479,682.5176126946776,568.7646772455647,1467.139860248479,-135.134546083975
2025-09-17 15:00:00,2025-09-17,16,666.4327176781003,898.7693996038996,418.11006680494023,348.42505567078354,898.7693996038996,232.33668192579933
2025-09-17 16:00:00,2025-09-17,17,191.4221635883905,293.6043029899204,136.5855521910683,113.82129349255692,293.6043029899204,102.18213940152992
2025-09-17 17:00:00,2025-09-17,18,21.269129287598943,0.0,0.0,0.0,0.0,-21.269129287598943
2025-09-17 18:00:00,2025-09-17,19,0.0,0.0,0.0,0.0,0.0,0.0
2025-09-17 19:00:00,2025-09-17,20,0.0,0.0,0.0,0.0,0.0,0.0
2025-09-17 20:00:00,2025-09-17,21,0.0,0.0,0.0,0.0,0.0,0.0
2025-09-17 21:00:00,2025-09-17,22,0.0,0.0,0.0,0.0,0.0,0.0
2025-09-17 22:00:00,2025-09-17,23,0.0,0.0,0.0,0.0,0.0,0.0
2025-09-17 23:00:00,2025-09-17,24,0.0,0.0,0.0,0.0,0.0,0.0
2025-09-18 00:00:00,2025-09-18,1,0.0,0.0,0.0,0.0,0.0,0.0
2025-09-18 01:00:00,2025-09-18,2,0.0,0.0,0.0,0.0,0.0,0.0
2025-09-18 02:00:00,2025-09-18,3,0.0,0.0,0.0,0.0,0.0,0.0
2025-09-18 03:00:00,2025-09-18,4,0.0,0.0,0.0,0.0,0.0,0.0
2025-09-18 04:00:00,2025-09-18,5,0.0,0.0,0.0,0.0,0.0,0.0
2025-09-18 05:00:00,2025-09-18,6,0.0,5.971111111111111,2.7777777777777777,9.174463001815544,5.971111111111111,5.971111111111111
2025-09-18 06:00:00,2025-09-18,7,163.06332453825857,250.7866666666667,116.66666666666667,201.84617476873802,250.7866666666667,87.72334212840812
2025-09-18 07:00:00,2025-09-18,8,524.6385224274406,740.4177777777779,344.44444444444446,437.11454619911257,740.4177777777779,215.77925535033728
2025-09-18 08:00:00,2025-09-18,9,1191.071240105541,1188.2511111111114,552.7777777777778,642.6613944850268,1188.2511111111114,-2.820128994429524
2025-09-18 09:00:00,2025-09-18,10,1588.0949868073878,1403.2111111111112,652.7777777777778,797.6464167811396,1403.2111111111112,-184.88387569627662
2025-09-18 10:00:00,2025-09-18,11,2126.9129287598944,1946.5822222222223,905.5555555555555,889.4328747199281,1946.5822222222223,-180.33070653767209
2025-09-18 11:00:00,2025-09-18,12,2289.976253298153,2083.917777777778,969.4444444444445,911.0502462039052,2083.917777777778,-206.05847552037494
2025-09-18 12:00:00,2025-09-18,13,2233.258575197889,2036.1488888888891,947.2222222222222,860.8827354555157,2036.1488888888891,-197.10968630899993
2025-09-18 13:00:00,2025-09-18,14,2084.3746701846967,1833.1311111111113,852.7777777777778,742.6626929993002,1833.1311111111113,-251.2435590735854
2025-09-18 14:00:00,2025-09-18,15,1637.7229551451187,1158.3955555555558,538.8888888888889,565.5206266781464,1158.3955555555558,-479.3273995895629
2025-09-18 15:00:00,2025-09-18,16,616.8047493403694,877.7533333333333,408.3333333333333,344.82104621814307,877.7533333333333,260.9485839929639
2025-09-18 16:00:00,2025-09-18,17,205.60158311345646,214.96,100.0,110.36954169708392,214.96,9.358416886543552
2025-09-18 17:00:00,2025-09-18,18,28.358839050131927,0.0,0.0,0.0,0.0,-28.358839050131927
2025-09-18 18:00:00,2025-09-18,19,0.0,0.0,0.0,0.0,0.0,0.0
2025-09-18 19:00:00,2025-09-18,20,0.0,0.0,0.0,0.0,0.0,0.0
2025-09-18 20:00:00,2025-09-18,21,0.0,0.0,0.0,0.0,0.0,0.0
2025-09-18 21:00:00,2025-09-18,22,0.0,0.0,0.0,0.0,0.0,0.0
2025-09-18 22:00:00,2025-09-18,23,0.0,0.0,0.0,0.0,0.0,0.0
2025-09-18 23:00:00,2025-09-18,24,0.0,0.0,0.0,0.0,0.0,0.0
2025-09-19 00:00:00,2025-09-19,1,0.0,0.0,0.0,0.0,0.0,0.0
2025-09-19 01:00:00,2025-09-19,2,0.0,0.0,0.0,0.0,0.0,0.0
2025-09-19 02:00:00,2025-09-19,3,0.0,0.0,0.0,0.0,0.0,0.0
2025-09-19 03:00:00,2025-09-19,4,0.0,0.0,0.0,0.0,0.0,0.0
2025-09-19 04:00:00,2025-09-19,5,0.0,0.0,0.0,0.0,0.0,0.0
2025-09-19 05:00:00,2025-09-19,6,0.0,0.0,0.0,8.772329546534216,0.0,0.0
2025-09-19 06:00:00,2025-09-19,7,77.9868073878628,101.50888888888889,47.22222222222222,200.9847280897125,101.50888888888889,23.522081501026094
2025-09-19 07:00:00,2025-09-19,8,255.22955145118735,292.58444444444444,136.11111111111111,436.27994613450676,292.58444444444444,37.354892993257096
2025-09-19 08:00:00,2025-09-19,9,453.7414248021108,447.83333333333337,208.33333333333334,641.7332108861422,447.83333333333337,-5.908091468777457
2025-09-19 09:00:00,2025-09-19,10,985.4696569920844,865.8111111111111,402.77777777777777,796.4970840447583,865.8111111111111,-119.65854588097329
2025-09-19 10:00:00,2025-09-19,11,1028.0079155672825,1033.0022222222224,480.55555555555554,887.954227958602,1033.0022222222224,4.994306654939919
2025-09-19 11:00:00,2025-09-19,12,1892.9525065963062,1809.2466666666667,841.6666666666666,909.1601594457177,1809.2466666666667,-83.70583992963952
2025-09-19 12:00:00,2025-09-19,13,2176.5408970976255,2030.177777777778,944.4444444444445,858.5299164636048,2030.177777777778,-146.36311931984756
2025-09-19 13:00:00,2025-09-19,14,1935.490765171504,1689.8244444444447,786.1111111111111,739.8311370613147,1689.8244444444447,-245.66632072705943
2025-09-19 14:00:00,2025-09-19,15,1517.1978891820581,1355.4422222222222,630.5555555555555,562.2369740474511,1355.4422222222222,-161.75566695983593
2025-09-19 15:00:00,2025-09-19,16,177.24274406332455,173.16222222222223,80.55555555555556,341.1894500540122,173.16222222222223,-4.080521841102325
2025-09-19 16:00:00,2025-09-19,17,127.61477572559367,155.24888888888893,72.22222222222223,106.92133357651652,155.24888888888893,27.634113163295254
2025-09-19 17:00:00,2025-09-19,18,21.269129287598943,0.0,0.0,0.0,0.0,-21.269129287598943
2025-09-19 18:00:00,2025-09-19,19,0.0,0.0,0.0,0.0,0.0,0.0
2025-09-19 19:00:00,2025-09-19,20,0.0,0.0,0.0,0.0,0.0,0.0
2025-09-19 20:00:00,2025-09-19,21,0.0,0.0,0.0,0.0,0.0,0.0
2025-09-19 21:00:00,2025-09-19,22,0.0,0.0,0.0,0.0,0.0,0.0
2025-09-19 22:00:00,2025-09-19,23,0.0,0.0,0.0,0.0,0.0,0.0
2025-09-19 23:00:00,2025-09-19,24,0.0,0.0,0.0,0.0,0.0,0.0
2025-09-20 00:00:00,2025-09-20,1,0.0,0.0,0.0,0.0,0.0,0.0
2025-09-20 01:00:00,2025-09-20,2,0.0,0.0,0.0,0.0,0.0,0.0
2025-09-20 02:00:00,2025-09-20,3,0.0,0.0,0.0,0.0,0.0,0.0
2025-09-20 03:00:00,2025-09-20,4,0.0,0.0,0.0,0.0,0.0,0.0
2025-09-20 04:00:00,2025-09-20,5,0.0,0.0,0.0,0.0,0.0,0.0
2025-09-20 05:00:00,2025-09-20,6,0.0,5.971111111111111,2.7777777777777777,8.375240550107328,5.971111111111111,5.971111111111111
2025-09-20 06:00:00,2025-09-20,7,63.80738786279684,107.48,50.0,200.10093216188324,107.48,43.67261213720317
2025-09-20 07:00:00,2025-09-20,8,453.7414248021108,573.2266666666668,266.6666666666667,435.410718106143,573.2266666666668,119.48524186455597
2025-09-20 08:00:00,2025-09-20,9,1183.981530343008,1158.3955555555558,538.8888888888889,640.7608345718867,1158.3955555555558,-25.585974787452187
2025-09-20 09:00:00,2025-09-20,10,1715.7097625329816,1618.1711111111115,752.7777777777778,795.2966826392081,1618.1711111111115,-97.5386514218701
2025-09-20 10:00:00,2025-09-20,11,2048.9261213720315,1015.088888888889,472.22222222222223,886.4206929249073,1015.088888888889,-1033.8372324831425
2025-09-20 11:00:00,2025-09-20,12,1545.55672823219,1307.6733333333336,608.3333333333334,907.2146500888224,1307.6733333333336,-237.8833948988563
2025-09-20 12:00:00,2025-09-20,13,808.2269129287599,1003.1466666666668,466.6666666666667,856.1244594429248,1003.1466666666668,194.91975373790683
2025-09-20 13:00:00,2025-09-20,14,758.5989445910291,579.1977777777779,269.44444444444446,736.9528824922378,579.1977777777779,-179.40116681325117
2025-09-20 14:00:00,2025-09-20,15,652.2532981530343,316.4688888888889,147.22222222222223,558.915476846712,316.4688888888889,-335.7844092641454
2025-09-20 15:00:00,2025-09-20,16,361.57519788918205,274.67111111111114,127.77777777777777,337.5323551248939,274.67111111111114,-86.9040867780709
2025-09-20 16:00:00,2025-09-20,17,163.06332453825857,220.9311111111111,102.77777777777777,103.47970991241714,220.9311111111111,57.86778657285254
2025-09-20 17:00:00,2025-09-20,18,35.44854881266491,0.0,0.0,0.0,0.0,-35.44854881266491
2025-09-20 18:00:00,2025-09-20,19,0.0,0.0,0.0,0.0,0.0,0.0
2025-09-20 19:00:00,2025-09-20,20,0.0,0.0,0.0,0.0,0.0,0.0
2025-09-20 20:00:00,2025-09-20,21,0.0,0.0,0.0,0.0,0.0,0.0
2025-09-20 21:00:00,2025-09-20,22,0.0,0.0,0.0,0.0,0.0,0.0
2025-09-20 22:00:00,2025-09-20,23,0.0,0.0,0.0,0.0,0.0,0.0
2025-09-20 23:00:00,2025-09-20,24,0.0,0.0,0.0,0.0,0.0,0.0
2025-09-21 00:00:00,2025-09-21,1,0.0,0.0,0.0,0.0,0.0,0.0
2025-09-21 01:00:00,2025-09-21,2,0.0,0.0,0.0,0.0,0.0,0.0
2025-09-21 02:00:00,2025-09-21,3,0.0,0.0,0.0,0.0,0.0,0.0
2025-09-21 03:00:00,2025-09-21,4,0.0,0.0,0.0,0.0,0.0,0.0
2025-09-21 04:00:00,2025-09-21,5,0.0,0.0,0.0,0.0,0.0,0.0
2025-09-21 05:00:00,2025-09-21,6,0.0,5.971111111111111,2.7777777777777777,7.98341860699898,5.971111111111111,5.971111111111111
2025-09-21 06:00:00,2025-09-21,7,113.4353562005277,226.90222222222226,105.55555555555556,199.19425814224076,226.90222222222226,113.46686602169456
2025-09-21 07:00:00,2025-09-21,8,524.6385224274406,668.7644444444444,311.1111111111111,434.5063337776136,668.7644444444444,144.12592201700375
2025-09-21 08:00:00,2025-09-21,9,1155.622691292876,1259.9044444444446,586.1111111111111,639.7438925045797,1259.9044444444446,104.28175315156864
2025-09-21 09:00:00,2025-09-21,10,1347.0448548812665,1295.7311111111112,602.7777777777778,794.0450973865334,1295.7311111111112,-51.31374377015527
2025-09-21 10:00:00,2025-09-21,11,1857.5039577836412,1642.0555555555557,763.8888888888889,884.8324908599235,1642.0555555555557,-215.44840222808557
2025-09-21 11:00:00,2025-09-21,12,2197.8100263852243,1504.7200000000003,700.0,905.2143291412832,1504.7200000000003,-693.0900263852241
2025-09-21 12:00:00,2025-09-21,13,1680.2612137203166,877.7533333333333,408.3333333333333,853.6673899429203,877.7533333333333,-802.5078803869833
2025-09-21 13:00:00,2025-09-21,14,1439.2110817941953,1050.9155555555556,488.8888888888889,734.0293633529153,1050.9155555555556,-388.2955262386397
2025-09-21 14:00:00,2025-09-21,15,517.5488126649077,525.4577777777778,244.44444444444446,555.5579396697567,525.4577777777778,7.908965112870078
2025-09-21 15:00:00,2025-09-21,16,233.9604221635884,274.67111111111114,127.77777777777777,333.8518833444212,274.67111111111114,40.710688947522755
2025-09-21 16:00:00,2025-09-21,17,290.67810026385223,258.0751869694953,120.0573069266353,100.0477557721961,258.0751869694953,-32.60291329435694
2025-09-21 17:00:00,2025-09-21,18,28.358839050131927,0.0,0.0,0.0,0.0,-28.358839050131927
2025-09-21 18:00:00,2025-09-21,19,0.0,0.0,0.0,0.0,0.0,0.0
2025-09-21 19:00:00,2025-09-21,20,0.0,0.0,0.0,0.0,0.0,0.0
2025-09-21 20:00:00,2025-09-21,21,0.0,0.0,0.0,0.0,0.0,0.0
2025-09-21 21:00:00,2025-09-21,22,0.0,0.0,0.0,0.0,0.0,0.0
2025-09-21 22:00:00,2025-09-21,23,0.0,0.0,0.0,0.0,0.0,0.0
2025-09-21 23:00:00,2025-09-21,24,0.0,0.0,0.0,0.0,0.0,0.0
2025-09-22 00:00:00,2025-09-22,1,0.0,0.0,0.0,0.0,0.0,0.0
2025-09-22 01:00:00,2025-09-22,2,0.0,0.0,0.0,0.0,0.0,0.0
2025-09-22 02:00:00,2025-09-22,3,0.0,0.0,0.0,0.0,0.0,0.0
2025-09-22 03:00:00,2025-09-22,4,0.0,0.0,0.0,0.0,0.0,0.0
2025-09-22 04:00:00,2025-09-22,5,0.0,0.0,0.0,0.0,0.0,0.0
2025-09-22 05:00:00,2025-09-22,6,0.0,0.0,0.0,7.597105395464775,0.0,0.0
2025-09-22 06:00:00,2025-09-22,7,77.9868073878628,71.65333333333335,33.333333333333336,198.2641880396276,71.65333333333335,-6.333474054529447
2025-09-22 07:00:00,2025-09-22,8,397.02374670184696,292.58444444444444,136.11111111111111,433.5662893821081,292.58444444444444,-104.43930225740252
2025-09-22 08:00:00,2025-09-22,9,1056.3667546174142,644.88,300.0,638.6820499582744,644.88,-411.48675461741425
2025-09-22 09:00:00,2025-09-22,10,1510.1081794195252,1212.1355555555554,563.8888888888888,792.7422630640955,1212.1355555555554,-297.97262386396983
2025-09-22 10:00:00,2025-09-22,11,1701.5303430079157,1247.9622222222222,580.5555555555555,883.1899017283496,1247.9622222222222,-453.5681207856935
2025-09-22 11:00:00,2025-09-22,12,985.4696569920844,865.8111111111111,402.77777777777777,903.1598716407376,865.8111111111111,-119.65854588097329
2025-09-22 12:00:00,2025-09-22,13,1559.736147757256,1188.2511111111114,552.7777777777778,851.1597989858717,1188.2511111111114,-371.48503664614464
2025-09-22 13:00:00,2025-09-22,14,1148.532981530343,1050.9155555555556,488.8888888888889,731.0620765148352,1050.9155555555556,-97.61742597478747
2025-09-22 14:00:00,2025-09-22,15,1006.7387862796834,973.2911111111111,452.77777777777777,552.1662229502999,973.2911111111111,-33.44767516857223
2025-09-22 15:00:00,2025-09-22,16,503.3693931398417,531.428888888889,247.22222222222223,330.15020051362313,531.428888888889,28.0594957490473
2025-09-22 16:00:00,2025-09-22,17,170.15303430079155,179.13333333333333,83.33333333333333,96.62860881050707,179.13333333333333,8.98029903254178
2025-09-22 17:00:00,2025-09-22,18,35.44854881266491,0.0,0.0,0.0,0.0,-35.44854881266491
2025-09-22 18:00:00,2025-09-22,19,0.0,0.0,0.0,0.0,0.0,0.0
2025-09-22 19:00:00,2025-09-22,20,0.0,0.0,0.0,0.0,0.0,0.0
2025-09-22 20:00:00,2025-09-22,21,0.0,0.0,0.0,0.0,0.0,0.0
2025-09-22 21:00:00,2025-09-22,22,0.0,0.0,0.0,0.0,0.0,0.0
2025-09-22 22:00:00,2025-09-22,23,0.0,0.0,0.0,0.0,0.0,0.0
2025-09-22 23:00:00,2025-09-22,24,0.0,0.0,0.0,0.0,0.0,0.0
2025-09-23 00:00:00,2025-09-23,1,0.0,0.0,0.0,0.0,0.0,0.0
2025-09-23 01:00:00,2025-09-23,2,0.0,0.0,0.0,0.0,0.0,0.0
2025-09-23 02:00:00,2025-09-23,3,0.0,0.0,0.0,0.0,0.0,0.0
2025-09-23 03:00:00,2025-09-23,4,0.0,0.0,0.0,0.0,0.0,0.0
2025-09-23 04:00:00,2025-09-23,5,0.0,0.0,0.0,0.0,0.0,0.0
2025-09-23 05:00:00,2025-09-23,6,0.0,5.971111111111111,2.7777777777777777,7.216558891185331,5.971111111111111,5.971111111111111
2025-09-23 06:00:00,2025-09-23,7,14.179419525065963,23.884444444444444,11.11111111111111,197.31020591592699,23.884444444444444,9.70502491937848
2025-09-23 07:00:00,2025-09-23,8,28.358839050131927,35.826666666666675,16.666666666666668,432.59009759947037,35.826666666666675,7.467827616534748
2025-09-23 08:00:00,2025-09-23,9,70.89709762532982,65.68222222222222,30.555555555555557,637.5750041587328,65.68222222222222,-5.214875403107598
2025-09-23 09:00:00,2025-09-23,10,163.06332453825857,101.50888888888889,47.22222222222222,791.3881603225652,101.50888888888889,-61.55443564936968
2025-09-23 10:00:00,2025-09-23,11,49.62796833773087,59.71111111111112,27.77777777777778,881.4932626022695,59.71111111111112,10.083142773380253
2025-09-23 11:00:00,2025-09-23,12,56.71767810026385,59.71111111111112,27.77777777777778,901.0520174993351,59.71111111111112,2.9934330108472693
2025-09-23 12:00:00,2025-09-23,13,42.53825857519789,53.74,25.0,848.6028461930114,53.74,11.201741424802115
2025-09-23 13:00:00,2025-09-23,14,127.61477572559367,95.53777777777778,44.44444444444444,728.0525867369003,95.53777777777778,-32.0769979478159
2025-09-23 14:00:00,2025-09-23,15,354.4854881266491,238.8444444444445,111.11111111111111,548.7422494588659,238.8444444444445,-115.64104368220461
2025-09-23 15:00:00,2025-09-23,16,304.85751978891824,268.7,125.0,326.4295231934501,268.7,-36.15751978891825
2025-09-23 16:00:00,2025-09-23,17,148.88390501319262,131.36444444444444,61.111111111111114,93.22546407950215,131.36444444444444,-17.519460568748173
2025-09-23 17:00:00,2025-09-23,18,7.089709762532982,0.0,0.0,0.0,0.0,-7.089709762532982
2025-09-23 18:00:00,2025-09-23,19,0.0,0.0,0.0,0.0,0.0,0.0
2025-09-23 19:00:00,2025-09-23,20,0.0,0.0,0.0,0.0,0.0,0.0
2025-09-23 20:00:00,2025-09-23,21,0.0,0.0,0.0,0.0,0.0,0.0
2025-09-23 21:00:00,2025-09-23,22,0.0,0.0,0.0,0.0,0.0,0.0
2025-09-23 22:00:00,2025-09-23,23,0.0,0.0,0.0,0.0,0.0,0.0
2025-09-23 23:00:00,2025-09-23,24,0.0,0.0,0.0,0.0,0.0,0.0
2025-09-24 00:00:00,2025-09-24,1,0.0,0.0,0.0,0.0,0.0,0.0
2025-09-24 01:00:00,2025-09-24,2,0.0,0.0,0.0,0.0,0.0,0.0
2025-09-24 02:00:00,2025-09-24,3,0.0,0.0,0.0,0.0,0.0,0.0
2025-09-24 03:00:00,2025-09-24,4,0.0,0.0,0.0,0.0,0.0,0.0
2025-09-24 04:00:00,2025-09-24,5,0.0,0.0,0.0,0.0,0.0,0.0
2025-09-24 05:00:00,2025-09-24,6,0.0,5.971111111111111,2.7777777777777777,6.842052456810394,5.971111111111111,5.971111111111111
2025-09-24 06:00:00,2025-09-24,7,127.61477572559367,203.01777777777778,94.44444444444444,196.33179410341222,203.01777777777778,75.4030020521841
2025-09-24 07:00:00,2025-09-24,8,347.3957783641161,567.2555555555556,263.8888888888889,431.57728416688803,567.2555555555556,219.8597771914395
2025-09-24 08:00:00,2025-09-24,9,432.47229551451187,537.4,250.0,636.4224818783163,537.4,104.9277044854881
2025-09-24 09:00:00,2025-09-24,10,971.2902374670185,1325.5866666666666,616.6666666666666,789.9828144311255,1325.5866666666666,354.29642919964806
2025-09-24 10:00:00,2025-09-24,11,1389.5831134564644,1707.737777777778,794.4444444444445,879.7429675816236,1707.737777777778,318.1546643213137
2025-09-24 11:00:00,2025-09-24,12,2219.079155672823,2024.206666666667,941.6666666666666,898.8915725222862,2024.206666666667,-194.87248900615623
2025-09-24 12:00:00,2025-09-24,13,2148.1820580474932,1952.5533333333337,908.3333333333334,845.9977617379997,1952.5533333333337,-195.6287247141595
2025-09-24 13:00:00,2025-09-24,14,2013.4775725593668,1821.1888888888889,847.2222222222222,725.0025292943699,1821.1888888888889,-192.2886836704779
2025-09-24 14:00:00,2025-09-24,15,1510.1081794195252,1406.581320596203,654.3456087626549,545.2880073022125,1406.581320596203,-103.52685882332207
2025-09-24 15:00:00,2025-09-24,16,992.5593667546175,832.3907814297125,387.2305458828212,322.6921215690177,832.3907814297125,-160.16858532490494
2025-09-24 16:00:00,2025-09-24,17,354.4854881266491,231.7481383981529,107.80988946694869,89.84157455579057,231.7481383981529,-122.73734972849621
2025-09-24 17:00:00,2025-09-24,18,21.269129287598943,0.0,0.0,0.0,0.0,-21.269129287598943
2025-09-24 18:00:00,2025-09-24,19,0.0,0.0,0.0,0.0,0.0,0.0
2025-09-24 19:00:00,2025-09-24,20,0.0,0.0,0.0,0.0,0.0,0.0
2025-09-24 20:00:00,2025-09-24,21,0.0,0.0,0.0,0.0,0.0,0.0
2025-09-24 21:00:00,2025-09-24,22,0.0,0.0,0.0,0.0,0.0,0.0
2025-09-24 22:00:00,2025-09-24,23,0.0,0.0,0.0,0.0,0.0,0.0
2025-09-24 23:00:00,2025-09-24,24,0.0,0.0,0.0,0.0,0.0,0.0
2025-09-25 00:00:00,2025-09-25,1,0.0,0.0,0.0,0.0,0.0,0.0
2025-09-25 01:00:00,2025-09-25,2,0.0,0.0,0.0,0.0,0.0,0.0
2025-09-25 02:00:00,2025-09-25,3,0.0,0.0,0.0,0.0,0.0,0.0
2025-09-25 03:00:00,2025-09-25,4,0.0,0.0,0.0,0.0,0.0,0.0
2025-09-25 04:00:00,2025-09-25,5,0.0,0.0,0.0,0.0,0.0,0.0
2025-09-25 05:00:00,2025-09-25,6,0.0,5.971111111111111,2.7777777777777777,6.473875114323263,5.971111111111111,5.971111111111111
2025-09-25 06:00:00,2025-09-25,7,113.4353562005277,226.90222222222226,105.55555555555556,195.32843306014456,226.90222222222226,113.46686602169456
2025-09-25 07:00:00,2025-09-25,8,517.5488126649077,716.5333333333333,333.3333333333333,430.5273879374294,716.5333333333333,198.9845206684256
2025-09-25 08:00:00,2025-09-25,9,1219.430079155673,1200.1933333333334,558.3333333333333,635.2242397451791,1200.1933333333334,-19.23674582233957
2025-09-25 09:00:00,2025-09-25,10,1744.0686015831136,1588.3155555555559,738.8888888888889,788.5262957134263,1588.3155555555559,-155.75304602755773
2025-09-25 10:00:00,2025-09-25,11,2084.3746701846967,1862.9866666666667,866.6666666666666,877.939468269712,1862.9866666666667,-221.38800351803002
2025-09-25 11:00:00,2025-09-25,12,2233.258575197889,1988.3799999999999,925.0,896.6794088066633,1988.3799999999999,-244.87857519788918
2025-09-25 12:00:00,2025-09-25,13,2233.258575197889,1952.5533333333337,908.3333333333334,843.3458465452568,1952.5533333333337,-280.7052418645553
2025-09-25 13:00:00,2025-09-25,14,2041.8364116094988,1773.42,825.0,721.9136098892044,1773.42,-268.4164116094987
2025-09-25 14:00:00,2025-09-25,15,1545.55672823219,1397.5982507920419,650.1666592817463,541.8055494014553,1397.5982507920419,-147.95847744014804
2025-09-25 15:00:00,2025-09-25,16,1006.7387862796834,822.7129297066973,382.72838188811744,318.9403182400979,822.7129297066973,-184.02585657298607
2025-09-25 16:00:00,2025-09-25,17,340.3060686015831,223.07752811600045,103.77629703944942,86.48024753287451,223.07752811600045,-117.22854048558264
2025-09-25 17:00:00,2025-09-25,18,14.179419525065963,0.0,0.0,0.0,0.0,-14.179419525065963
2025-09-25 18:00:00,2025-09-25,19,0.0,0.0,0.0,0.0,0.0,0.0
2025-09-25 19:00:00,2025-09-25,20,0.0,0.0,0.0,0.0,0.0,0.0
2025-09-25 20:00:00,2025-09-25,21,0.0,0.0,0.0,0.0,0.0,0.0
2025-09-25 21:00:00,2025-09-25,22,0.0,0.0,0.0,0.0,0.0,0.0
2025-09-25 22:00:00,2025-09-25,23,0.0,0.0,0.0,0.0,0.0,0.0
2025-09-25 23:00:00,2025-09-25,24,0.0,0.0,0.0,0.0,0.0,0.0
2025-09-26 00:00:00,2025-09-26,1,0.0,0.0,0.0,0.0,0.0,0.0
2025-09-26 01:00:00,2025-09-26,2,0.0,0.0,0.0,0.0,0.0,0.0
2025-09-26 02:00:00,2025-09-26,3,0.0,0.0,0.0,0.0,0.0,0.0
2025-09-26 03:00:00,2025-09-26,4,0.0,0.0,0.0,0.0,0.0,0.0
2025-09-26 04:00:00,2025-09-26,5,0.0,0.0,0.0,0.0,0.0,0.0
2025-09-26 05:00:00,2025-09-26,6,0.0,0.0,0.0,6.112332448107,0.0,0.0
2025-09-26 06:00:00,2025-09-26,7,28.358839050131927,41.797777777777775,19.444444444444443,194.29960370013248,41.797777777777775,13.438938727645848
2025-09-26 07:00:00,2025-09-26,8,127.61477572559367,161.22,75.0,429.43996303380015,161.22,33.605224274406325
2025-09-26 08:00:00,2025-09-26,9,127.61477572559367,149.2777777777778,69.44444444444444,633.9800660499238,149.2777777777778,21.663002052184126
2025-09-26 09:00:00,2025-09-26,10,198.51187335092348,208.98888888888888,97.22222222222223,787.0187207811521,208.98888888888888,10.4770155379654
2025-09-26 10:00:00,2025-09-26,11,262.3192612137203,268.7,125.0,876.0832742697464,268.7,6.3807387862796645
2025-09-26 11:00:00,2025-09-26,12,460.83113456464383,483.65999999999997,225.0,894.4164643366031,483.65999999999997,22.828865435356136
2025-09-26 12:00:00,2025-09-26,13,482.10026385224273,489.6311111111111,227.77777777777777,840.6484709229505,489.6311111111111,7.530847258868391
2025-09-26 13:00:00,2025-09-26,14,545.9076517150396,447.83333333333337,208.33333333333334,718.7876023533751,447.83333333333337,-98.07431838170623
2025-09-26 14:00:00,2025-09-26,15,623.8944591029024,501.5733333333334,233.33333333333334,538.2969903132642,501.5733333333334,-122.321125769569
2025-09-26 15:00:00,2025-09-26,16,439.5620052770449,406.03555555555556,188.88888888888889,315.1764841312774,406.03555555555556,-33.526449721489314
2025-09-26 16:00:00,2025-09-26,17,191.4221635883905,179.13333333333333,83.33333333333333,83.14483816171534,179.13333333333333,-12.288830255057178
2025-09-26 17:00:00,2025-09-26,18,42.53825857519789,0.0,0.0,0.0,0.0,-42.53825857519789
2025-09-26 18:00:00,2025-09-26,19,0.0,0.0,0.0,0.0,0.0,0.0
2025-09-26 19:00:00,2025-09-26,20,0.0,0.0,0.0,0.0,0.0,0.0
2025-09-26 20:00:00,2025-09-26,21,0.0,0.0,0.0,0.0,0.0,0.0
2025-09-26 21:00:00,2025-09-26,22,0.0,0.0,0.0,0.0,0.0,0.0
2025-09-26 22:00:00,2025-09-26,23,0.0,0.0,0.0,0.0,0.0,0.0
2025-09-26 23:00:00,2025-09-26,24,0.0,0.0,0.0,0.0,0.0,0.0
2025-09-27 00:00:00,2025-09-27,1,0.0,0.0,0.0,0.0,0.0,0.0
2025-09-27 01:00:00,2025-09-27,2,0.0,0.0,0.0,0.0,0.0,0.0
2025-09-27 02:00:00,2025-09-27,3,0.0,0.0,0.0,0.0,0.0,0.0
2025-09-27 03:00:00,2025-09-27,4,0.0,0.0,0.0,0.0,0.0,0.0
2025-09-27 04:00:00,2025-09-27,5,0.0,0.0,0.0,0.0,0.0,0.0
2025-09-27 05:00:00,2025-09-27,6,0.0,5.971111111111111,2.7777777777777777,5.757747498119618,5.971111111111111,5.971111111111111
2025-09-27 06:00:00,2025-09-27,7,77.9868073878628,191.07555555555555,88.88888888888889,193.2447906045919,191.07555555555555,113.08874816769276
2025-09-27 07:00:00,2025-09-27,8,531.7282321899736,626.9666666666667,291.6666666666667,428.3145818464523,626.9666666666667,95.2384344766931
2025-09-27 08:00:00,2025-09-27,9,1233.6094986807389,1224.0777777777776,569.4444444444443,632.6897830737896,1224.0777777777776,-9.531720902961297
2025-09-27 09:00:00,2025-09-27,10,1623.5435356200528,1606.2288888888888,747.2222222222222,785.4602539758412,1606.2288888888888,-17.314646731163975
2025-09-27 10:00:00,2025-09-27,11,2027.6569920844327,1868.9577777777781,869.4444444444445,874.1749535177406,1868.9577777777781,-158.69921430665454
2025-09-27 11:00:00,2025-09-27,12,1361.2242744063324,2018.2355555555557,938.8888888888889,892.1037421714802,2018.2355555555557,657.0112811492234
2025-09-27 12:00:00,2025-09-27,13,630.9841688654353,2024.206666666667,941.6666666666666,837.9070726073599,2024.206666666667,1393.2224978012316
2025-09-27 13:00:00,2025-09-27,14,2006.3878627968338,1773.42,825.0,715.6263455609395,1773.42,-232.96786279683374
2025-09-27 14:00:00,2025-09-27,15,1503.018469656992,1379.4357287671287,641.7174026642764,534.7645022202304,1379.4357287671287,-123.58274088986332
2025-09-27 15:00:00,2025-09-27,16,971.2902374670185,803.2703532430428,373.6836403251967,311.4030336043306,803.2703532430428,-168.01988422397574
2025-09-27 16:00:00,2025-09-27,17,311.9472295514512,205.94563183267417,95.80649043202185,79.83874202668487,205.94563183267417,-106.00159771877702
2025-09-27 17:00:00,2025-09-27,18,14.179419525065963,0.0,0.0,0.0,0.0,-14.179419525065963
2025-09-27 18:00:00,2025-09-27,19,0.0,0.0,0.0,0.0,0.0,0.0
2025-09-27 19:00:00,2025-09-27,20,0.0,0.0,0.0,0.0,0.0,0.0
2025-09-27 20:00:00,2025-09-27,21,0.0,0.0,0.0,0.0,0.0,0.0
2025-09-27 21:00:00,2025-09-27,22,0.0,0.0,0.0,0.0,0.0,0.0
2025-09-27 22:00:00,2025-09-27,23,0.0,0.0,0.0,0.0,0.0,0.0
2025-09-27 23:00:00,2025-09-27,24,0.0,0.0,0.0,0.0,0.0,0.0
2025-09-28 00:00:00,2025-09-28,1,0.0,0.0,0.0,0.0,0.0,0.0
2025-09-28 01:00:00,2025-09-28,2,0.0,0.0,0.0,0.0,0.0,0.0
2025-09-28 02:00:00,2025-09-28,3,0.0,0.0,0.0,0.0,0.0,0.0
2025-09-28 03:00:00,2025-09-28,4,0.0,0.0,0.0,0.0,0.0,0.0
2025-09-28 04:00:00,2025-09-28,5,0.0,0.0,0.0,0.0,0.0,0.0
2025-09-28 05:00:00,2025-09-28,6,0.0,5.971111111111111,2.7777777777777777,5.4104611676341365,5.971111111111111,5.971111111111111
2025-09-28 06:00:00,2025-09-28,7,134.70448548812666,214.96,100.0,192.16348478132264,214.96,80.25551451187334
2025-09-28 07:00:00,2025-09-28,8,531.7282321899736,674.7355555555556,313.8888888888889,427.15083743152405,674.7355555555556,143.007323365582
2025-09-28 08:00:00,2025-09-28,9,1191.071240105541,1164.3666666666666,541.6666666666666,631.3532488531572,1164.3666666666666,-26.704573438874377
2025-09-28 09:00:00,2025-09-28,10,1687.3509234828496,1534.5755555555559,713.8888888888889,783.8511083127424,1534.5755555555559,-152.7753679272937
2025-09-28 10:00:00,2025-09-28,11,1949.67018469657,1821.1888888888889,847.2222222222222,872.2151323123334,1821.1888888888889,-128.48129580768114
2025-09-28 11:00:00,2025-09-28,12,1885.862796833773,1880.8999999999999,875.0,889.7423095129975,1880.8999999999999,-4.9627968337731545
2025-09-28 12:00:00,2025-09-28,13,2183.6306068601584,2018.2355555555557,938.8888888888889,835.1231549115312,2018.2355555555557,-165.3950513046027
2025-09-28 13:00:00,2025-09-28,14,815.3166226912929,937.4644444444446,436.1111111111111,712.4317408115697,937.4644444444446,122.14782175315167
2025-09-28 14:00:00,2025-09-28,15,545.9076517150396,931.4933333333333,433.3333333333333,531.2103116596097,931.4933333333333,385.58568161829373
2025-09-28 15:00:00,2025-09-28,16,368.66490765171505,597.1111111111112,277.77777777777777,307.62242044919014,597.1111111111112,228.44620345939614
2025-09-28 16:00:00,2025-09-28,17,241.05013192612137,197.50194994912775,91.8784657374059,76.56538811450493,197.50194994912775,-43.54818197699362
2025-09-28 17:00:00,2025-09-28,18,21.269129287598943,0.0,0.0,0.0,0.0,-21.269129287598943
2025-09-28 18:00:00,2025-09-28,19,0.0,0.0,0.0,0.0,0.0,0.0
2025-09-28 19:00:00,2025-09-28,20,0.0,0.0,0.0,0.0,0.0,0.0
2025-09-28 20:00:00,2025-09-28,21,0.0,0.0,0.0,0.0,0.0,0.0
2025-09-28 21:00:00,2025-09-28,22,0.0,0.0,0.0,0.0,0.0,0.0
2025-09-28 22:00:00,2025-09-28,23,0.0,0.0,0.0,0.0,0.0,0.0
2025-09-28 23:00:00,2025-09-28,24,0.0,0.0,0.0,0.0,0.0,0.0
2025-09-29 00:00:00,2025-09-29,1,0.0,0.0,0.0,0.0,0.0,0.0
2025-09-29 01:00:00,2025-09-29,2,0.0,0.0,0.0,0.0,0.0,0.0
2025-09-29 02:00:00,2025-09-29,3,0.0,0.0,0.0,0.0,0.0,0.0
2025-09-29 03:00:00,2025-09-29,4,0.0,0.0,0.0,0.0,0.0,0.0
2025-09-29 04:00:00,2025-09-29,5,0.0,0.0,0.0,0.0,0.0,0.0
2025-09-29 05:00:00,2025-09-29,6,0.0,5.971111111111111,2.7777777777777777,5.070831680396618,5.971111111111111,5.971111111111111
2025-09-29 06:00:00,2025-09-29,7,127.61477572559367,185.10444444444448,86.11111111111111,191.05518425946514,185.10444444444448,57.48966871885081
2025-09-29 07:00:00,2025-09-29,8,496.27968337730874,626.9666666666667,291.6666666666667,425.9483436530959,626.9666666666667,130.68698328935795
2025-09-29 08:00:00,2025-09-29,9,1134.3535620052771,1104.6555555555556,513.8888888888889,629.9703569986137,1104.6555555555556,-29.69800644972156
2025-09-29 09:00:00,2025-09-29,10,1680.2612137203166,1516.6622222222222,705.5555555555555,782.1915449198432,1516.6622222222222,-163.5989914980944
2025-09-29 10:00:00,2025-09-29,11,2013.4775725593668,1146.4533333333336,533.3333333333334,870.2044944214213,1146.4533333333336,-867.0242392260332
2025-09-29 11:00:00,2025-09-29,12,1892.9525065963062,1325.5866666666666,616.6666666666666,887.3332965157732,1325.5866666666666,-567.3658399296396
2025-09-29 12:00:00,2025-09-29,13,1942.580474934037,1665.94,775.0,832.2982853049683,1665.94,-276.640474934037
2025-09-29 13:00:00,2025-09-29,14,1446.3007915567282,1439.0377777777778,669.4444444444445,709.2057502540677,1439.0377777777778,-7.263013778950381
2025-09-29 14:00:00,2025-09-29,15,1205.2506596306068,1212.1355555555554,563.8888888888888,527.636697817461,1212.1355555555554,6.884895924948523
2025-09-29 15:00:00,2025-09-29,16,418.2928759894459,783.7539690046012,364.6045631766847,303.83713598057057,783.7539690046012,365.4610930151553
2025-09-29 16:00:00,2025-09-29,17,56.71767810026385,65.68222222222222,30.555555555555557,73.32823306415479,65.68222222222222,8.964544121958369
2025-09-29 17:00:00,2025-09-29,18,7.089709762532982,0.0,0.0,0.0,0.0,-7.089709762532982
2025-09-29 18:00:00,2025-09-29,19,0.0,0.0,0.0,0.0,0.0,0.0
2025-09-29 19:00:00,2025-09-29,20,0.0,0.0,0.0,0.0,0.0,0.0
2025-09-29 20:00:00,2025-09-29,21,0.0,0.0,0.0,0.0,0.0,0.0
2025-09-29 21:00:00,2025-09-29,22,0.0,0.0,0.0,0.0,0.0,0.0
2025-09-29 22:00:00,2025-09-29,23,0.0,0.0,0.0,0.0,0.0,0.0
2025-09-29 23:00:00,2025-09-29,24,0.0,0.0,0.0,0.0,0.0,0.0
2025-09-30 00:00:00,2025-09-30,1,0.0,0.0,0.0,0.0,0.0,0.0
2025-09-30 01:00:00,2025-09-30,2,0.0,0.0,0.0,0.0,0.0,0.0
2025-09-30 02:00:00,2025-09-30,3,0.0,0.0,0.0,0.0,0.0,0.0
2025-09-30 03:00:00,2025-09-30,4,0.0,0.0,0.0,0.0,0.0,0.0
2025-09-30 04:00:00,2025-09-30,5,0.0,0.0,0.0,0.0,0.0,0.0
2025-09-30 05:00:00,2025-09-30,6,7.089709762532982,5.971111111111111,2.7777777777777777,4.739232882897994,5.971111111111111,-1.1185986514218706
2025-09-30 06:00:00,2025-09-30,7,177.24274406332455,185.10444444444448,86.11111111111111,189.9193912646654,185.10444444444448,7.861700381119931
2025-09-30 07:00:00,2025-09-30,8,531.7282321899736,555.3133333333333,258.3333333333333,424.7067320529091,555.3133333333333,23.58510114335968
2025-09-30 08:00:00,2025-09-30,9,999.6490765171504,1015.088888888889,472.22222222222223,628.541033641305,1015.088888888889,15.439812371738526
2025-09-30 09:00:00,2025-09-30,10,1573.915567282322,1606.2288888888888,747.2222222222222,780.4818702611182,1606.2288888888888,32.31332160656689
2025-09-30 10:00:00,2025-09-30,11,1680.2612137203166,1606.2288888888888,747.2222222222222,868.1437787308681,1606.2288888888888,-74.03232483142779
2025-09-30 11:00:00,2025-09-30,12,1892.9525065963062,1570.4022222222222,730.5555555555555,884.8778945025406,1570.4022222222222,-322.55028437408396
2025-09-30 12:00:00,2025-09-30,13,1581.005277044855,1558.4599999999998,725.0,829.4340942728528,1558.4599999999998,-22.545277044855084
2025-09-30 13:00:00,2025-09-30,14,1382.4934036939314,841.9266666666667,391.6666666666667,705.950396407431,841.9266666666667,-540.5667370272647
2025-09-30 14:00:00,2025-09-30,15,1070.5461741424801,1301.7022222222222,605.5555555555555,524.0459926309645,1301.7022222222222,231.15604807974205
2025-09-30 15:00:00,2025-09-30,16,808.2269129287599,773.9842260051857,360.0596511002911,300.0497092502426,773.9842260051857,-34.24268692357418
2025-09-30 16:00:00,2025-09-30,17,255.22955145118735,180.9036895105948,84.15690803432955,70.13075669527463,180.9036895105948,-74.32586194059255
2025-09-30 17:00:00,2025-09-30,18,28.358839050131927,0.0,0.0,0.0,0.0,-28.358839050131927
2025-09-30 18:00:00,2025-09-30,19,0.0,0.0,0.0,0.0,0.0,0.0
2025-09-30 19:00:00,2025-09-30,20,0.0,0.0,0.0,0.0,0.0,0.0
2025-09-30 20:00:00,2025-09-30,21,0.0,0.0,0.0,0.0,0.0,0.0
2025-09-30 21:00:00,2025-09-30,22,0.0,0.0,0.0,0.0,0.0,0.0
2025-09-30 22:00:00,2025-09-30,23,0.0,0.0,0.0,0.0,0.0,0.0
2025-09-30 23:00:00,2025-09-30,24,0.0,0.0,0.0,0.0,0.0,0.0
2025-10-01 00:00:00,2025-10-01,1,0.0,0.0,0.0,0.0,0.0,0.0
2025-10-01 01:00:00,2025-10-01,2,0.0,0.0,0.0,0.0,0.0,0.0
2025-10-01 02:00:00,2025-10-01,3,0.0,0.0,0.0,0.0,0.0,0.0
2025-10-01 03:00:00,2025-10-01,4,0.0,0.0,0.0,0.0,0.0,0.0
2025-10-01 04:00:00,2025-10-01,5,0.0,0.0,0.0,0.0,0.0,0.0
2025-10-01 05:00:00,2025-10-01,6,0.0,0.0,0.0,4.416051521617713,0.0,0.0
2025-10-01 06:00:00,2025-10-01,7,191.4221635883905,238.8444444444445,111.11111111111111,188.75560578907772,238.8444444444445,47.42228085605399
2025-10-01 07:00:00,2025-10-01,8,496.27968337730874,585.1688888888889,272.22222222222223,423.42564503691,585.1688888888889,88.88920551158014
2025-10-01 08:00:00,2025-10-01,9,1120.174142480211,1110.6266666666666,516.6666666666666,627.0652311907447,1110.6266666666666,-9.547475813544452
2025-10-01 09:00:00,2025-10-01,10,1644.8126649076517,1433.0666666666666,666.6666666666666,778.7224309315991,1433.0666666666666,-211.74599824098505
2025-10-01 10:00:00,2025-10-01,11,1942.580474934037,1582.3444444444444,736.1111111111111,866.0337753506041,1582.3444444444444,-360.2360304895926
2025-10-01 11:00:00,2025-10-01,12,2126.9129287598944,1606.2288888888888,747.2222222222222,882.3773535366165,1606.2288888888888,-520.6840398710056
2025-10-01 12:00:00,2025-10-01,13,2126.9129287598944,1027.0311111111112,477.77777777777777,826.5322744262023,1027.0311111111112,-1099.8818176487832
2025-10-01 13:00:00,2025-10-01,14,1857.5039577836412,1050.9155555555556,488.8888888888889,702.6677627516189,1050.9155555555556,-806.5884022280857
2025-10-01 14:00:00,2025-10-01,15,1297.4168865435356,1313.6444444444446,611.1111111111111,520.4405826537071,1313.6444444444446,16.227557900909005
2025-10-01 15:00:00,2025-10-01,16,623.8944591029024,764.215584138156,355.51525127379796,296.26270939483163,764.215584138156,140.32112503525366
2025-10-01 16:00:00,2025-10-01,17,255.22955145118735,172.76711399242416,80.37175008951625,66.97645840793021,172.76711399242416,-82.46243745876319
2025-10-01 17:00:00,2025-10-01,18,14.179419525065963,0.0,0.0,0.0,0.0,-14.179419525065963
2025-10-01 18:00:00,2025-10-01,19,0.0,0.0,0.0,0.0,0.0,0.0
2025-10-01 19:00:00,2025-10-01,20,0.0,0.0,0.0,0.0,0.0,0.0
2025-10-01 20:00:00,2025-10-01,21,0.0,0.0,0.0,0.0,0.0,0.0
2025-10-01 21:00:00,2025-10-01,22,0.0,0.0,0.0,0.0,0.0,0.0
2025-10-01 22:00:00,2025-10-01,23,0.0,0.0,0.0,0.0,0.0,0.0
2025-10-01 23:00:00,2025-10-01,24,0.0,0.0,0.0,0.0,0.0,0.0
2025-10-02 00:00:00,2025-10-02,1,0.0,0.0,0.0,0.0,0.0,0.0
2025-10-02 01:00:00,2025-10-02,2,0.0,0.0,0.0,0.0,0.0,0.0
2025-10-02 02:00:00,2025-10-02,3,0.0,0.0,0.0,0.0,0.0,0.0
2025-10-02 03:00:00,2025-10-02,4,0.0,0.0,0.0,0.0,0.0,0.0
2025-10-02 04:00:00,2025-10-02,5,0.0,0.0,0.0,0.0,0.0,0.0
2025-10-02 05:00:00,2025-10-02,6,0.0,5.971111111111111,2.7777777777777777,4.101683872121188,5.971111111111111,5.971111111111111
2025-10-02 06:00:00,2025-10-02,7,141.79419525065964,226.90222222222226,105.55555555555556,187.56331640481056,226.90222222222226,85.10802697156262
2025-10-02 07:00:00,2025-10-02,8,524.6385224274406,615.0244444444445,286.1111111111111,422.10472641492845,615.0244444444445,90.38592201700385
2025-10-02 08:00:00,2025-10-02,9,1155.622691292876,1158.3955555555558,538.8888888888889,625.5429198437806,1158.3955555555558,2.772864262679832
2025-10-02 09:00:00,2025-10-02,10,1736.9788918205804,1630.1133333333335,758.3333333333334,776.9136066950691,1630.1133333333335,-106.86555848724697
2025-10-02 10:00:00,2025-10-02,11,1736.9788918205804,1606.2288888888888,747.2222222222222,863.8753205266452,1606.2288888888888,-130.7500029316916
2025-10-02 11:00:00,2025-10-02,12,2070.195250659631,1833.1311111111113,852.7777777777778,879.8329794508147,1833.1311111111113,-237.0641395485195
2025-10-02 12:00:00,2025-10-02,13,2063.105540897098,1719.68,800.0,823.594579690407,1719.68,-343.4255408970978
2025-10-02 13:00:00,2025-10-02,14,1694.4406332453825,1653.997777777778,769.4444444444445,699.359994896878,1653.997777777778,-40.44285546760443
2025-10-02 14:00:00,2025-10-02,15,1304.5065963060686,1271.8466666666666,591.6666666666666,516.8229119017097,1271.8466666666666,-32.65992963940198
2025-10-02 15:00:00,2025-10-02,16,560.0870712401055,316.4688888888889,147.22222222222223,292.4787493558575,316.4688888888889,-243.6181823512166
2025-10-02 16:00:00,2025-10-02,17,127.61477572559367,164.7509851553281,76.64262428141426,63.868853567845214,164.7509851553281,37.13620942973442
2025-10-02 17:00:00,2025-10-02,18,21.269129287598943,0.0,0.0,0.0,0.0,-21.269129287598943
2025-10-02 18:00:00,2025-10-02,19,0.0,0.0,0.0,0.0,0.0,0.0
2025-10-02 19:00:00,2025-10-02,20,0.0,0.0,0.0,0.0,0.0,0.0
2025-10-02 20:00:00,2025-10-02,21,0.0,0.0,0.0,0.0,0.0,0.0
2025-10-02 21:00:00,2025-10-02,22,0.0,0.0,0.0,0.0,0.0,0.0
2025-10-02 22:00:00,2025-10-02,23,0.0,0.0,0.0,0.0,0.0,0.0
2025-10-02 23:00:00,2025-10-02,24,0.0,0.0,0.0,0.0,0.0,0.0
2025-10-03 00:00:00,2025-10-03,1,0.0,0.0,0.0,0.0,0.0,0.0
2025-10-03 01:00:00,2025-10-03,2,0.0,0.0,0.0,0.0,0.0,0.0
2025-10-03 02:00:00,2025-10-03,3,0.0,0.0,0.0,0.0,0.0,0.0
2025-10-03 03:00:00,2025-10-03,4,0.0,0.0,0.0,0.0,0.0,0.0
2025-10-03 04:00:00,2025-10-03,5,0.0,0.0,0.0,0.0,0.0,0.0
2025-10-03 05:00:00,2025-10-03,6,0.0,5.971111111111111,2.7777777777777777,3.7965321523999074,5.971111111111111,5.971111111111111
2025-10-03 06:00:00,2025-10-03,7,113.4353562005277,167.1911111111111,77.77777777777777,186.34198957222847,167.1911111111111,53.75575491058339
2025-10-03 07:00:00,2025-10-03,8,496.27968337730874,603.0822222222222,280.55555555555554,420.74361032617486,603.0822222222222,106.80253884491344
2025-10-03 08:00:00,2025-10-03,9,1176.891820580475,1134.5111111111112,527.7777777777778,623.9740776513651,1134.5111111111112,-42.380709469363865
2025-10-03 09:00:00,2025-10-03,10,1708.6200527704486,1534.5755555555559,713.8888888888889,775.0558022621576,1534.5755555555559,-174.04449721489277
2025-10-03 10:00:00,2025-10-03,11,2013.4775725593668,1803.275555555556,838.8888888888889,861.6692905413628,1803.275555555556,-210.20201700381085
2025-10-03 11:00:00,2025-10-03,12,2126.9129287598944,1934.6399999999999,900.0,877.2461300285706,1934.6399999999999,-192.2729287598945
2025-10-03 12:00:00,2025-10-03,13,1892.9525065963062,1612.2,750.0,820.6228237768862,1612.2,-280.75250659630615
2025-10-03 13:00:00,2025-10-03,14,964.2005277044855,1128.54,525.0,696.0293012492441,1128.54,164.3394722955145
2025-10-03 14:00:00,2025-10-03,15,397.02374670184696,1104.6555555555556,513.8888888888889,513.1954842281034,1104.6555555555556,707.6318088537087
2025-10-03 15:00:00,2025-10-03,16,297.76781002638523,453.8044444444445,211.11111111111111,288.7004889569122,453.8044444444445,156.0366344180593
2025-10-03 16:00:00,2025-10-03,17,120.52506596306068,156.86439803163518,72.97376164478749,60.8114680373229,156.86439803163518,36.33933206857449
2025-10-03 17:00:00,2025-10-03,18,14.179419525065963,0.0,0.0,0.0,0.0,-14.179419525065963
2025-10-03 18:00:00,2025-10-03,19,0.0,0.0,0.0,0.0,0.0,0.0
2025-10-03 19:00:00,2025-10-03,20,0.0,0.0,0.0,0.0,0.0,0.0
2025-10-03 20:00:00,2025-10-03,21,0.0,0.0,0.0,0.0,0.0,0.0
2025-10-03 21:00:00,2025-10-03,22,0.0,0.0,0.0,0.0,0.0,0.0
2025-10-03 22:00:00,2025-10-03,23,0.0,0.0,0.0,0.0,0.0,0.0
2025-10-03 23:00:00,2025-10-03,24,0.0,0.0,0.0,0.0,0.0,0.0
2025-10-04 00:00:00,2025-10-04,1,0.0,0.0,0.0,0.0,0.0,0.0
2025-10-04 01:00:00,2025-10-04,2,0.0,0.0,0.0,0.0,0.0,0.0
2025-10-04 02:00:00,2025-10-04,3,0.0,0.0,0.0,0.0,0.0,0.0
2025-10-04 03:00:00,2025-10-04,4,0.0,0.0,0.0,0.0,0.0,0.0
2025-10-04 04:00:00,2025-10-04,5,0.0,0.0,0.0,0.0,0.0,0.0
2025-10-04 05:00:00,2025-10-04,6,0.0,5.971111111111111,2.7777777777777777,3.5010011744087164,5.971111111111111,5.971111111111111
2025-10-04 06:00:00,2025-10-04,7,99.25593667546174,208.98888888888888,97.22222222222223,185.09105920278188,208.98888888888888,109.73295221342714
2025-10-04 07:00:00,2025-10-04,8,489.18997361477574,656.8222222222223,305.55555555555554,419.3419102104112,656.8222222222223,167.63224860744657
2025-10-04 08:00:00,2025-10-04,9,1141.44327176781,1116.597777777778,519.4444444444445,622.3586803377259,1116.597777777778,-24.845493990032082
2025-10-04 09:00:00,2025-10-04,10,1637.7229551451187,1498.7488888888886,697.2222222222222,773.149438477162,1498.7488888888886,-138.97406625623012
2025-10-04 10:00:00,2025-10-04,11,1949.67018469657,1761.477777777778,819.4444444444445,859.416594564799,1761.477777777778,-188.1924069187919
2025-10-04 11:00:00,2025-10-04,12,2034.7467018469658,1868.9577777777781,869.4444444444445,874.6182096617166,1868.9577777777781,-165.78892406918771
2025-10-04 12:00:00,2025-10-04,13,2020.5672823218997,1922.697777777778,894.4444444444445,817.6188766451514,1922.697777777778,-97.86950454412181
2025-10-04 13:00:00,2025-10-04,14,1269.0580474934038,1600.2577777777776,744.4444444444445,692.677951117619,1600.2577777777776,331.1997302843738
2025-10-04 14:00:00,2025-10-04,15,1247.7889182058047,1247.9622222222222,580.5555555555555,509.5608628411703,1247.9622222222222,0.17330401641743265
2025-10-04 15:00:00,2025-10-04,16,737.3298153034301,734.9842716427726,341.91676202213085,284.9306350184424,734.9842716427726,-2.3455436606575404
2025-10-04 16:00:00,2025-10-04,17,269.40897097625333,149.11645084624348,69.36939469959223,57.80782891632687,149.11645084624348,-120.29252013000985
2025-10-04 17:00:00,2025-10-04,18,28.358839050131927,0.0,0.0,0.0,0.0,-28.358839050131927
2025-10-04 18:00:00,2025-10-04,19,0.0,0.0,0.0,0.0,0.0,0.0
2025-10-04 19:00:00,2025-10-04,20,0.0,0.0,0.0,0.0,0.0,0.0
2025-10-04 20:00:00,2025-10-04,21,0.0,0.0,0.0,0.0,0.0,0.0
2025-10-04 21:00:00,2025-10-04,22,0.0,0.0,0.0,0.0,0.0,0.0
2025-10-04 22:00:00,2025-10-04,23,0.0,0.0,0.0,0.0,0.0,0.0
2025-10-04 23:00:00,2025-10-04,24,0.0,0.0,0.0,0.0,0.0,0.0
2025-10-05 00:00:00,2025-10-05,1,0.0,0.0,0.0,0.0,0.0,0.0
2025-10-05 01:00:00,2025-10-05,2,0.0,0.0,0.0,0.0,0.0,0.0
2025-10-05 02:00:00,2025-10-05,3,0.0,0.0,0.0,0.0,0.0,0.0
2025-10-05 03:00:00,2025-10-05,4,0.0,0.0,0.0,0.0,0.0,0.0
2025-10-05 04:00:00,2025-10-05,5,0.0,0.0,0.0,0.0,0.0,0.0
2025-10-05 05:00:00,2025-10-05,6,0.0,5.971111111111111,2.7777777777777777,3.2154956057094073,5.971111111111111,5.971111111111111
2025-10-05 06:00:00,2025-10-05,7,99.25593667546174,191.07555555555555,88.88888888888889,183.80991874263094,191.07555555555555,91.81961888009381
2025-10-05 07:00:00,2025-10-05,8,475.0105540897098,644.88,300.0,417.8992101623887,644.88,169.8694459102902
2025-10-05 08:00:00,2025-10-05,9,1120.174142480211,1116.597777777778,519.4444444444445,620.6966928310898,1116.597777777778,-3.576364702433011
2025-10-05 09:00:00,2025-10-05,10,1630.6332453825858,1498.7488888888886,697.2222222222222,771.194944342245,1498.7488888888886,-131.88435649369717
2025-10-05 10:00:00,2025-10-05,11,1935.490765171504,1767.4488888888889,822.2222222222222,857.1181672683153,1767.4488888888889,-168.04187628261525
2025-10-05 11:00:00,2025-10-05,12,2020.5672823218997,1880.8999999999999,875.0,871.9506626436184,1880.8999999999999,-139.66728232189985
2025-10-05 12:00:00,2025-10-05,13,1978.0290237467018,1827.16,850.0,814.5846584790537,1827.16,-150.8690237467017
2025-10-05 13:00:00,2025-10-05,14,1729.8891820580475,1582.3444444444444,736.1111111111111,689.308269288683,1582.3444444444444,-147.54473761360305
2025-10-05 14:00:00,2025-10-05,15,1290.3271767810027,1283.7888888888888,597.2222222222222,505.92166539852855,1283.7888888888888,-6.538287892113885
2025-10-05 15:00:00,2025-10-05,16,822.4063324538258,725.2886336297795,337.4063237950221,281.17193649585175,725.2886336297795,-97.11769882404633
2025-10-05 16:00:00,2025-10-05,17,233.9604221635884,141.51620734245094,65.83373992484692,54.861449937372434,141.51620734245094,-92.44421482113745
2025-10-05 17:00:00,2025-10-05,18,14.179419525065963,0.0,0.0,0.0,0.0,-14.179419525065963
2025-10-05 18:00:00,2025-10-05,19,0.0,0.0,0.0,0.0,0.0,0.0
2025-10-05 19:00:00,2025-10-05,20,0.0,0.0,0.0,0.0,0.0,0.0
2025-10-05 20:00:00,2025-10-05,21,0.0,0.0,0.0,0.0,0.0,0.0
2025-10-05 21:00:00,2025-10-05,22,0.0,0.0,0.0,0.0,0.0,0.0
2025-10-05 22:00:00,2025-10-05,23,0.0,0.0,0.0,0.0,0.0,0.0
2025-10-05 23:00:00,2025-10-05,24,0.0,0.0,0.0,0.0,0.0,0.0
2025-10-06 00:00:00,2025-10-06,1,0.0,0.0,0.0,0.0,0.0,0.0
2025-10-06 01:00:00,2025-10-06,2,0.0,0.0,0.0,0.0,0.0,0.0
2025-10-06 02:00:00,2025-10-06,3,0.0,0.0,0.0,0.0,0.0,0.0
2025-10-06 03:00:00,2025-10-06,4,0.0,0.0,0.0,0.0,0.0,0.0
2025-10-06 04:00:00,2025-10-06,5,0.0,0.0,0.0,0.0,0.0,0.0
2025-10-06 05:00:00,2025-10-06,6,0.0,0.0,0.0,2.9404183431057644,0.0,0.0
2025-10-06 06:00:00,2025-10-06,7,113.4353562005277,173.16222222222223,80.55555555555556,182.49792001398495,173.16222222222223,59.72686602169452
2025-10-06 07:00:00,2025-10-06,8,467.9208443271768,626.9666666666667,291.6666666666667,416.41506275741483,626.9666666666667,159.04582233948992
2025-10-06 08:00:00,2025-10-06,9,1105.994722955145,1092.7133333333334,508.3333333333333,618.9880663811889,1092.7133333333334,-13.28138962181174
2025-10-06 09:00:00,2025-10-06,10,1545.55672823219,1385.2977777777778,644.4444444444445,769.1927532989708,1385.2977777777778,-160.25895045441212
2025-10-06 10:00:00,2025-10-06,11,1949.67018469657,1450.98,675.0,854.7749641618634,1450.98,-498.69018469657
2025-10-06 11:00:00,2025-10-06,12,2091.4643799472296,1415.1533333333334,658.3333333333334,869.2449674537166,1415.1533333333334,-676.3110466138962
2025-10-06 12:00:00,2025-10-06,13,2048.9261213720315,1773.42,825.0,811.5221329422333,1773.42,-275.50612137203143
2025-10-06 13:00:00,2025-10-06,14,1829.1451187335092,1618.1711111111115,752.7777777777778,685.9226284007756,1618.1711111111115,-210.97400762239772
2025-10-06 14:00:00,2025-10-06,15,1354.1345646437994,1295.6427388725076,602.7366667624244,502.2805556353537,1295.6427388725076,-58.491825771291815
2025-10-06 15:00:00,2025-10-06,16,836.5857519788918,715.6289476372081,332.9126105495013,277.42717545791777,715.6289476372081,-120.95680434168378
2025-10-06 16:00:00,2025-10-06,17,226.8707124010554,134.07264726858253,62.37097472487092,51.97581227072577,134.07264726858253,-92.79806513247289
2025-10-06 17:00:00,2025-10-06,18,7.089709762532982,0.0,0.0,0.0,0.0,-7.089709762532982
2025-10-06 18:00:00,2025-10-06,19,0.0,0.0,0.0,0.0,0.0,0.0
2025-10-06 19:00:00,2025-10-06,20,0.0,0.0,0.0,0.0,0.0,0.0
2025-10-06 20:00:00,2025-10-06,21,0.0,0.0,0.0,0.0,0.0,0.0
2025-10-06 21:00:00,2025-10-06,22,0.0,0.0,0.0,0.0,0.0,0.0
2025-10-06 22:00:00,2025-10-06,23,0.0,0.0,0.0,0.0,0.0,0.0
2025-10-06 23:00:00,2025-10-06,24,0.0,0.0,0.0,0.0,0.0,0.0
2025-10-07 00:00:00,2025-10-07,1,0.0,0.0,0.0,0.0,0.0,0.0
2025-10-07 01:00:00,2025-10-07,2,0.0,0.0,0.0,0.0,0.0,0.0
2025-10-07 02:00:00,2025-10-07,3,0.0,0.0,0.0,0.0,0.0,0.0
2025-10-07 03:00:00,2025-10-07,4,0.0,0.0,0.0,0.0,0.0,0.0
2025-10-07 04:00:00,2025-10-07,5,0.0,0.0,0.0,0.0,0.0,0.0
2025-10-07 05:00:00,2025-10-07,6,0.0,5.971111111111111,2.7777777777777777,2.676170152900145,5.971111111111111,5.971111111111111
2025-10-07 06:00:00,2025-10-07,7,92.16622691292876,208.98888888888888,97.22222222222223,181.15438316976392,208.98888888888888,116.82266197596012
2025-10-07 07:00:00,2025-10-07,8,482.10026385224273,674.7355555555556,313.8888888888889,414.8889983368461,674.7355555555556,192.63529170331287
2025-10-07 08:00:00,2025-10-07,9,1155.622691292876,1134.5111111111112,527.7777777777778,617.2327462422036,1134.5111111111112,-21.111580181764793
2025-10-07 09:00:00,2025-10-07,10,1694.4406332453825,1546.5177777777778,719.4444444444445,767.1433085798516,1546.5177777777778,-147.92285546760468
2025-10-07 10:00:00,2025-10-07,11,2041.8364116094988,1725.6511111111113,802.7777777777778,852.387964165023,1725.6511111111113,-316.1853004983875
2025-10-07 11:00:00,2025-10-07,12,2105.6437994722955,1874.928888888889,872.2222222222222,866.5026363288114,1874.928888888889,-230.71491058340644
2025-10-07 12:00:00,2025-10-07,13,2077.2849604221637,1845.0733333333335,858.3333333333334,808.4333037029706,1845.0733333333335,-232.21162708883026
2025-10-07 13:00:00,2025-10-07,14,1864.5936675461742,1558.4599999999998,725.0,682.5234426380842,1558.4599999999998,-306.13366754617437
2025-10-07 14:00:00,2025-10-07,15,1389.5831134564644,1286.2524582814976,598.3682816717052,498.640234726421,1286.2524582814976,-103.33065517496675
2025-10-07 15:00:00,2025-10-07,16,843.6754617414248,706.0124486137528,328.43898800416486,273.69915667013737,706.0124486137528,-137.663013127672
2025-10-07 16:00:00,2025-10-07,17,212.69129287598946,126.79461050063594,58.985211434981366,49.15434286248448,126.79461050063594,-85.89668237535352
2025-10-07 17:00:00,2025-10-07,18,7.089709762532982,0.0,0.0,0.0,0.0,-7.089709762532982
2025-10-07 18:00:00,2025-10-07,19,0.0,0.0,0.0,0.0,0.0,0.0
2025-10-07 19:00:00,2025-10-07,20,0.0,0.0,0.0,0.0,0.0,0.0
2025-10-07 20:00:00,2025-10-07,21,0.0,0.0,0.0,0.0,0.0,0.0
2025-10-07 21:00:00,2025-10-07,22,0.0,0.0,0.0,0.0,0.0,0.0
2025-10-07 22:00:00,2025-10-07,23,0.0,0.0,0.0,0.0,0.0,0.0
2025-10-07 23:00:00,2025-10-07,24,0.0,0.0,0.0,0.0,0.0,0.0
2025-10-08 00:00:00,2025-10-08,1,0.0,0.0,0.0,0.0,0.0,0.0
2025-10-08 01:00:00,2025-10-08,2,0.0,0.0,0.0,0.0,0.0,0.0
2025-10-08 02:00:00,2025-10-08,3,0.0,0.0,0.0,0.0,0.0,0.0
2025-10-08 03:00:00,2025-10-08,4,0.0,0.0,0.0,0.0,0.0,0.0
2025-10-08 04:00:00,2025-10-08,5,0.0,0.0,0.0,0.0,0.0,0.0
2025-10-08 05:00:00,2025-10-08,6,0.0,0.0,0.0,2.4231501260547446,0.0,0.0
2025-10-08 06:00:00,2025-10-08,7,99.25593667546174,173.16222222222223,80.55555555555556,179.77862048052393,173.16222222222223,73.90628554676049
2025-10-08 07:00:00,2025-10-08,8,460.83113456464383,615.0244444444445,286.1111111111111,413.3205487751251,615.0244444444445,154.19330987980067
2025-10-08 08:00:00,2025-10-08,9,1091.8153034300792,1074.8,500.0,615.4306930526539,1074.8,-17.015303430079257
2025-10-08 09:00:00,2025-10-08,10,1630.6332453825858,1433.0666666666666,666.6666666666666,765.0470809294413,1433.0666666666666,-197.56657871591915
2025-10-08 10:00:00,2025-10-08,11,1963.849604221636,1516.6622222222222,705.5555555555555,849.9581828506269,1516.6622222222222,-447.1873819994137
2025-10-08 11:00:00,2025-10-08,12,1637.7229551451187,1707.737777777778,794.4444444444445,863.7252235587191,1707.737777777778,70.01482263265939
2025-10-08 12:00:00,2025-10-08,13,836.5857519788918,722.5044444444443,336.1111111111111,805.320217738539,722.5044444444443,-114.08130753444755
2025-10-08 13:00:00,2025-10-08,14,283.5883905013193,256.7577777777778,119.44444444444444,679.113166373695,256.7577777777778,-26.830612723541492
2025-10-08 14:00:00,2025-10-08,15,411.2031662269129,328.41111111111115,152.77777777777777,495.00343596768005,328.41111111111115,-82.79205511580176
2025-10-08 15:00:00,2025-10-08,16,340.3060686015831,274.67111111111114,127.77777777777777,269.9906990016255,274.67111111111114,-65.63495749047195
2025-10-08 16:00:00,2025-10-08,17,141.79419525065964,119.69074064009415,55.680471083035975,46.40039256919665,119.69074064009415,-22.103454610565493
2025-10-08 17:00:00,2025-10-08,18,14.179419525065963,0.0,0.0,0.0,0.0,-14.179419525065963
2025-10-08 18:00:00,2025-10-08,19,0.0,0.0,0.0,0.0,0.0,0.0
2025-10-08 19:00:00,2025-10-08,20,0.0,0.0,0.0,0.0,0.0,0.0
2025-10-08 20:00:00,2025-10-08,21,0.0,0.0,0.0,0.0,0.0,0.0
2025-10-08 21:00:00,2025-10-08,22,0.0,0.0,0.0,0.0,0.0,0.0
2025-10-08 22:00:00,2025-10-08,23,0.0,0.0,0.0,0.0,0.0,0.0
2025-10-08 23:00:00,2025-10-08,24,0.0,0.0,0.0,0.0,0.0,0.0
2025-10-09 00:00:00,2025-10-09,1,0.0,0.0,0.0,0.0,0.0,0.0
2025-10-09 01:00:00,2025-10-09,2,0.0,0.0,0.0,0.0,0.0,0.0
2025-10-09 02:00:00,2025-10-09,3,0.0,0.0,0.0,0.0,0.0,0.0
2025-10-09 03:00:00,2025-10-09,4,0.0,0.0,0.0,0.0,0.0,0.0
2025-10-09 04:00:00,2025-10-09,5,0.0,0.0,0.0,0.0,0.0,0.0
2025-10-09 05:00:00,2025-10-09,6,0.0,0.0,0.0,2.181755545150613,0.0,0.0
2025-10-09 06:00:00,2025-10-09,7,77.9868073878628,77.62444444444446,36.111111111111114,178.36997173462285,77.62444444444446,-0.36236294341833286
2025-10-09 07:00:00,2025-10-09,8,347.3957783641161,167.1911111111111,77.77777777777777,411.70928352808005,167.1911111111111,-180.204667253005
2025-10-09 08:00:00,2025-10-09,9,602.6253298153034,603.0822222222222,280.55555555555554,613.5819159566057,603.0822222222222,0.45689240691876876
2025-10-09 09:00:00,2025-10-09,10,1049.2770448548813,1033.0022222222224,480.55555555555554,762.9045971010747,1033.0022222222224,-16.274822632658925
2025-10-09 10:00:00,2025-10-09,11,1786.6068601583113,1803.275555555556,838.8888888888889,847.4866951746758,1803.275555555556,16.66869539724462
2025-10-09 11:00:00,2025-10-09,12,2041.8364116094988,2018.2355555555557,938.8888888888889,860.9143418385407,2018.2355555555557,-23.600856053943062
2025-10-09 12:00:00,2025-10-09,13,2034.7467018469658,1862.9866666666667,866.6666666666666,802.184975159219,1862.9866666666667,-171.76003518029916
2025-10-09 13:00:00,2025-10-09,14,1857.5039577836412,1558.4599999999998,725.0,675.6942977814894,1558.4599999999998,-299.0439577836414
2025-10-09 14:00:00,2025-10-09,15,1247.7889182058047,1267.5062822166851,589.6475075440477,491.37292295337306,1267.5062822166851,19.717364010880374
2025-10-09 15:00:00,2025-10-09,16,836.5857519788918,686.9381172714832,319.5655551132691,266.3046292610576,686.9381172714832,-149.64763470740866
2025-10-09 16:00:00,2025-10-09,17,191.4221635883905,112.76942897794275,52.46065732133548,43.717214434446234,112.76942897794275,-78.65273461044775
2025-10-09 17:00:00,2025-10-09,18,14.179419525065963,0.0,0.0,0.0,0.0,-14.179419525065963
2025-10-09 18:00:00,2025-10-09,19,0.0,0.0,0.0,0.0,0.0,0.0
2025-10-09 19:00:00,2025-10-09,20,0.0,0.0,0.0,0.0,0.0,0.0
2025-10-09 20:00:00,2025-10-09,21,0.0,0.0,0.0,0.0,0.0,0.0
2025-10-09 21:00:00,2025-10-09,22,0.0,0.0,0.0,0.0,0.0,0.0
2025-10-09 22:00:00,2025-10-09,23,0.0,0.0,0.0,0.0,0.0,0.0
2025-10-09 23:00:00,2025-10-09,24,0.0,0.0,0.0,0.0,0.0,0.0
2025-10-10 00:00:00,2025-10-10,1,0.0,0.0,0.0,0.0,0.0,0.0
2025-10-10 01:00:00,2025-10-10,2,0.0,0.0,0.0,0.0,0.0,0.0
2025-10-10 02:00:00,2025-10-10,3,0.0,0.0,0.0,0.0,0.0,0.0
2025-10-10 03:00:00,2025-10-10,4,0.0,0.0,0.0,0.0,0.0,0.0
2025-10-10 04:00:00,2025-10-10,5,0.0,0.0,0.0,0.0,0.0,0.0
2025-10-10 05:00:00,2025-10-10,6,0.0,0.0,0.0,1.9523792980319696,0.0,0.0
2025-10-10 06:00:00,2025-10-10,7,92.16622691292876,191.07555555555555,88.88888888888889,176.92784408560715,191.07555555555555,98.90932864262679
2025-10-10 07:00:00,2025-10-10,8,460.83113456464383,650.8511111111111,302.77777777777777,410.05485040436145,650.8511111111111,190.01997654646726
2025-10-10 08:00:00,2025-10-10,9,1113.084432717678,1110.6266666666666,516.6666666666666,611.6865100932567,1110.6266666666666,-2.457766051011504
2025-10-10 09:00:00,2025-10-10,10,1644.8126649076517,1504.7200000000003,700.0,760.7164721184953,1504.7200000000003,-140.0926649076514
2025-10-10 10:00:00,2025-10-10,11,1800.7862796833774,1713.7088888888889,797.2222222222222,844.974661273686,1713.7088888888889,-87.07739079448857
2025-10-10 11:00:00,2025-10-10,12,1963.849604221636,1892.8422222222223,880.5555555555555,858.0716809375995,1892.8422222222223,-71.00738199941361
2025-10-10 12:00:00,2025-10-10,13,1985.118733509235,1827.16,850.0,799.0297405931631,1827.16,-157.9587335092349
2025-10-10 13:00:00,2025-10-10,14,1793.6965699208445,1618.1711111111115,752.7777777777778,672.2693833012596,1618.1711111111115,-175.52545880973298
2025-10-10 14:00:00,2025-10-10,15,1347.0448548812665,1258.1647183555174,585.3017856138432,487.751488011536,1258.1647183555174,-88.8801365257491
2025-10-10 15:00:00,2025-10-10,16,801.137203166227,677.4948722467667,315.17253081818325,262.64377568181936,677.4948722467667,-123.64233091946028
2025-10-10 16:00:00,2025-10-10,17,198.51187335092348,106.03875451463506,49.32952852374165,41.10794043645138,106.03875451463506,-92.47311883628842
2025-10-10 17:00:00,2025-10-10,18,7.089709762532982,0.0,0.0,0.0,0.0,-7.089709762532982
2025-10-10 18:00:00,2025-10-10,19,0.0,0.0,0.0,0.0,0.0,0.0
2025-10-10 19:00:00,2025-10-10,20,0.0,0.0,0.0,0.0,0.0,0.0
2025-10-10 20:00:00,2025-10-10,21,0.0,0.0,0.0,0.0,0.0,0.0
2025-10-10 21:00:00,2025-10-10,22,0.0,0.0,0.0,0.0,0.0,0.0
2025-10-10 22:00:00,2025-10-10,23,0.0,0.0,0.0,0.0,0.0,0.0
2025-10-10 23:00:00,2025-10-10,24,0.0,0.0,0.0,0.0,0.0,0.0
2025-10-11 00:00:00,2025-10-11,1,0.0,0.0,0.0,0.0,0.0,0.0
2025-10-11 01:00:00,2025-10-11,2,0.0,0.0,0.0,0.0,0.0,0.0
2025-10-11 02:00:00,2025-10-11,3,0.0,0.0,0.0,0.0,0.0,0.0
2025-10-11 03:00:00,2025-10-11,4,0.0,0.0,0.0,0.0,0.0,0.0
2025-10-11 04:00:00,2025-10-11,5,0.0,0.0,0.0,0.0,0.0,0.0
2025-10-11 05:00:00,2025-10-11,6,0.0,0.0,0.0,1.7354033711813686,0.0,0.0
2025-10-11 06:00:00,2025-10-11,7,85.07651715039577,125.39333333333335,58.333333333333336,175.4517471895882,125.39333333333335,40.31681618293757
2025-10-11 07:00:00,2025-10-11,8,446.6517150395778,555.3133333333333,258.3333333333333,408.357010959352,555.3133333333333,108.66161829375545
2025-10-11 08:00:00,2025-10-11,9,900.3931398416887,901.637777777778,419.44444444444446,609.744688510127,901.637777777778,1.2446379360892479
2025-10-11 09:00:00,2025-10-11,10,1446.3007915567282,1337.5288888888888,622.2222222222222,758.483435872284,1337.5288888888888,-108.77190266783941
2025-10-11 10:00:00,2025-10-11,11,1857.5039577836412,1671.911111111111,777.7777777777778,842.4233466804404,1671.911111111111,-185.5928466725302
2025-10-11 11:00:00,2025-10-11,12,1900.0422163588391,1636.0844444444444,761.1111111111111,855.1990209032256,1636.0844444444444,-263.9577719143947
2025-10-11 12:00:00,2025-10-11,13,1914.221635883905,1630.1133333333335,758.3333333333334,795.856749315605,1630.1133333333335,-284.1083025505716
2025-10-11 13:00:00,2025-10-11,14,1063.4564643799472,1289.76,600.0,668.8410171419392,1289.76,226.3035356200528
2025-10-11 14:00:00,2025-10-11,15,652.2532981530343,417.97777777777776,194.44444444444446,484.1419459473502,417.97777777777776,-234.27552037525652
2025-10-11 15:00:00,2025-10-11,16,524.6385224274406,668.1239441599072,310.8131485671321,259.01095713927674,668.1239441599072,143.48542173246653
2025-10-11 16:00:00,2025-10-11,17,177.24274406332455,99.5064150769543,46.290665741046844,38.57555478420571,99.5064150769543,-77.73632898637025
2025-10-11 17:00:00,2025-10-11,18,21.269129287598943,0.0,0.0,0.0,0.0,-21.269129287598943
2025-10-11 18:00:00,2025-10-11,19,0.0,0.0,0.0,0.0,0.0,0.0
2025-10-11 19:00:00,2025-10-11,20,0.0,0.0,0.0,0.0,0.0,0.0
2025-10-11 20:00:00,2025-10-11,21,0.0,0.0,0.0,0.0,0.0,0.0
2025-10-11 21:00:00,2025-10-11,22,0.0,0.0,0.0,0.0,0.0,0.0
2025-10-11 22:00:00,2025-10-11,23,0.0,0.0,0.0,0.0,0.0,0.0
2025-10-11 23:00:00,2025-10-11,24,0.0,0.0,0.0,0.0,0.0,0.0
2025-10-12 00:00:00,2025-10-12,1,0.0,0.0,0.0,0.0,0.0,0.0
2025-10-12 01:00:00,2025-10-12,2,0.0,0.0,0.0,0.0,0.0,0.0
2025-10-12 02:00:00,2025-10-12,3,0.0,0.0,0.0,0.0,0.0,0.0
2025-10-12 03:00:00,2025-10-12,4,0.0,0.0,0.0,0.0,0.0,0.0
2025-10-12 04:00:00,2025-10-12,5,0.0,0.0,0.0,0.0,0.0,0.0
2025-10-12 05:00:00,2025-10-12,6,0.0,0.0,0.0,1.5311880767665313,0.0,0.0
2025-10-12 06:00:00,2025-10-12,7,85.07651715039577,179.13333333333333,83.33333333333333,173.941317074865,179.13333333333333,94.05681618293755
2025-10-12 07:00:00,2025-10-12,8,439.5620052770449,609.0533333333333,283.3333333333333,406.6156637813802,609.0533333333333,169.4913280562884
2025-10-12 08:00:00,2025-10-12,9,1091.8153034300792,1080.7711111111112,502.77777777777777,607.7568018591876,1080.7711111111112,-11.044192318968044
2025-10-12 09:00:00,2025-10-12,10,1602.274406332454,1480.8355555555559,688.8888888888889,756.2063478353679,1480.8355555555559,-121.43885077689811
2025-10-12 10:00:00,2025-10-12,11,1907.131926121372,1731.6222222222223,805.5555555555555,839.8341312257274,1731.6222222222223,-175.50970389914983
2025-10-12 11:00:00,2025-10-12,12,1963.849604221636,1845.0733333333335,858.3333333333334,852.2982348324967,1845.0733333333335,-118.7762708883024
2025-10-12 12:00:00,2025-10-12,13,1914.221635883905,1797.3044444444445,836.1111111111111,792.6683039528368,1797.3044444444445,-116.91719143946057
2025-10-12 13:00:00,2025-10-12,14,1623.5435356200528,1510.6911111111112,702.7777777777778,665.41183245379,1510.6911111111112,-112.85242450894157
2025-10-12 14:00:00,2025-10-12,15,836.5857519788918,1194.2222222222224,555.5555555555555,480.54712065196765,1194.2222222222224,357.63647024333056
2025-10-12 15:00:00,2025-10-12,16,446.6517150395778,658.8325376591199,306.49075998284326,255.40896665236937,658.8325376591199,212.18082261954208
2025-10-12 16:00:00,2025-10-12,17,255.22955145118735,93.17964955041462,43.34743652326694,36.12286376938912,93.17964955041462,-162.04990190077274
2025-10-12 17:00:00,2025-10-12,18,14.179419525065963,0.0,0.0,0.0,0.0,-14.179419525065963
2025-10-12 18:00:00,2025-10-12,19,0.0,0.0,0.0,0.0,0.0,0.0
2025-10-12 19:00:00,2025-10-12,20,0.0,0.0,0.0,0.0,0.0,0.0
2025-10-12 20:00:00,2025-10-12,21,0.0,0.0,0.0,0.0,0.0,0.0
2025-10-12 21:00:00,2025-10-12,22,0.0,0.0,0.0,0.0,0.0,0.0
2025-10-12 22:00:00,2025-10-12,23,0.0,0.0,0.0,0.0,0.0,0.0
2025-10-12 23:00:00,2025-10-12,24,0.0,0.0,0.0,0.0,0.0,0.0
2025-10-13 00:00:00,2025-10-13,1,0.0,0.0,0.0,0.0,0.0,0.0
2025-10-13 01:00:00,2025-10-13,2,0.0,0.0,0.0,0.0,0.0,0.0
2025-10-13 02:00:00,2025-10-13,3,0.0,0.0,0.0,0.0,0.0,0.0
2025-10-13 03:00:00,2025-10-13,4,0.0,0.0,0.0,0.0,0.0,0.0
2025-10-13 04:00:00,2025-10-13,5,0.0,0.0,0.0,0.0,0.0,0.0
2025-10-13 05:00:00,2025-10-13,6,0.0,0.0,0.0,1.3400578374869496,0.0,0.0
2025-10-13 06:00:00,2025-10-13,7,85.07651715039577,173.16222222222223,80.55555555555556,172.39632750687107,173.16222222222223,88.08570507182645
2025-10-13 07:00:00,2025-10-13,8,439.5620052770449,615.0244444444445,286.1111111111111,404.8308544056985,615.0244444444445,175.46243916739962
2025-10-13 08:00:00,2025-10-13,9,1049.2770448548813,1056.8866666666668,491.6666666666667,605.7233449846057,1056.8866666666668,7.609621811785473
2025-10-13 09:00:00,2025-10-13,10,1566.825857519789,1433.0666666666666,666.6666666666666,753.8861995010299,1433.0666666666666,-133.7591908531224
2025-10-13 10:00:00,2025-10-13,11,1871.6833773087071,1707.737777777778,794.4444444444445,837.2085068625913,1707.737777777778,-163.94559953092903
2025-10-13 11:00:00,2025-10-13,12,1949.67018469657,1845.0733333333335,858.3333333333334,849.3712819907815,1845.0733333333335,-104.59685136323651
2025-10-13 12:00:00,2025-10-13,13,1673.1715039577837,1761.477777777778,819.4444444444445,789.4667631891235,1761.477777777778,88.30627381999443
2025-10-13 13:00:00,2025-10-13,14,1602.274406332454,1558.4599999999998,725.0,661.9844861853637,1558.4599999999998,-43.814406332454155
2025-10-13 14:00:00,2025-10-13,15,893.3034300791556,1170.3377777777778,544.4444444444445,476.9698270843051,1170.3377777777778,277.0343476986221
2025-10-13 15:00:00,2025-10-13,16,524.6385224274406,649.6277399856074,302.20866206996993,251.84055172497494,649.6277399856074,124.98921755816673
2025-10-13 16:00:00,2025-10-13,17,326.12664907651714,87.06515742527453,40.50295749221927,33.75246457684939,87.06515742527453,-239.0614916512426
2025-10-13 17:00:00,2025-10-13,18,21.269129287598943,0.0,0.0,0.0,0.0,-21.269129287598943
2025-10-13 18:00:00,2025-10-13,19,0.0,0.0,0.0,0.0,0.0,0.0
2025-10-13 19:00:00,2025-10-13,20,0.0,0.0,0.0,0.0,0.0,0.0
2025-10-13 20:00:00,2025-10-13,21,0.0,0.0,0.0,0.0,0.0,0.0
2025-10-13 21:00:00,2025-10-13,22,0.0,0.0,0.0,0.0,0.0,0.0
2025-10-13 22:00:00,2025-10-13,23,0.0,0.0,0.0,0.0,0.0,0.0
2025-10-13 23:00:00,2025-10-13,24,0.0,0.0,0.0,0.0,0.0,0.0
2025-10-14 00:00:00,2025-10-14,1,0.0,0.0,0.0,0.0,0.0,0.0
2025-10-14 01:00:00,2025-10-14,2,0.0,0.0,0.0,0.0,0.0,0.0
2025-10-14 02:00:00,2025-10-14,3,0.0,0.0,0.0,0.0,0.0,0.0
2025-10-14 03:00:00,2025-10-14,4,0.0,0.0,0.0,0.0,0.0,0.0
2025-10-14 04:00:00,2025-10-14,5,0.0,0.0,0.0,0.0,0.0,0.0
2025-10-14 05:00:00,2025-10-14,6,0.0,0.0,0.0,1.1622849945148406,0.0,0.0
2025-10-14 06:00:00,2025-10-14,7,99.25593667546174,149.2777777777778,69.44444444444444,170.8166922040246,149.2777777777778,50.02184110231606
2025-10-14 07:00:00,2025-10-14,8,418.2928759894459,531.428888888889,247.22222222222223,403.00277571014306,531.428888888889,113.13601289944307
2025-10-14 08:00:00,2025-10-14,9,971.2902374670185,973.2911111111111,452.77777777777777,603.6449546977245,973.2911111111111,2.0008736440926214
2025-10-14 09:00:00,2025-10-14,10,1510.1081794195252,1385.2977777777778,644.4444444444445,751.5241091587328,1385.2977777777778,-124.81040164174738
2025-10-14 10:00:00,2025-10-14,11,1843.3245382585753,1665.94,775.0,834.5480693288787,1665.94,-177.38453825857528
2025-10-14 11:00:00,2025-10-14,12,1907.131926121372,1761.477777777778,819.4444444444445,846.4201964890565,1761.477777777778,-145.654148343594
2025-10-14 12:00:00,2025-10-14,13,1545.55672823219,1648.0266666666669,766.6666666666666,786.2545277974756,1648.0266666666669,102.46993843447694
2025-10-14 13:00:00,2025-10-14,14,1708.6200527704486,1385.2977777777778,644.4444444444445,658.5616430359244,1385.2977777777778,-323.3222749926708
2025-10-14 14:00:00,2025-10-14,15,1240.6992084432718,1027.0311111111112,477.77777777777777,473.4128539382064,1027.0311111111112,-213.66809733216064
2025-10-14 15:00:00,2025-10-14,16,730.2401055408972,640.5164759987044,297.9700762926612,248.30839691055098,640.5164759987044,-89.72362954219273
2025-10-14 16:00:00,2025-10-14,17,170.15303430079155,81.16902557822071,37.760060280154775,31.46671690012898,81.16902557822071,-88.98400872257083
2025-10-14 17:00:00,2025-10-14,18,7.089709762532982,0.0,0.0,0.0,0.0,-7.089709762532982
2025-10-14 18:00:00,2025-10-14,19,0.0,0.0,0.0,0.0,0.0,0.0
2025-10-14 19:00:00,2025-10-14,20,0.0,0.0,0.0,0.0,0.0,0.0
2025-10-14 20:00:00,2025-10-14,21,0.0,0.0,0.0,0.0,0.0,0.0
2025-10-14 21:00:00,2025-10-14,22,0.0,0.0,0.0,0.0,0.0,0.0
2025-10-14 22:00:00,2025-10-14,23,0.0,0.0,0.0,0.0,0.0,0.0
2025-10-14 23:00:00,2025-10-14,24,0.0,0.0,0.0,0.0,0.0,0.0
2025-10-15 00:00:00,2025-10-15,1,0.0,0.0,0.0,0.0,0.0,0.0
2025-10-15 01:00:00,2025-10-15,2,0.0,0.0,0.0,0.0,0.0,0.0
2025-10-15 02:00:00,2025-10-15,3,0.0,0.0,0.0,0.0,0.0,0.0
2025-10-15 03:00:00,2025-10-15,4,0.0,0.0,0.0,0.0,0.0,0.0
2025-10-15 04:00:00,2025-10-15,5,0.0,0.0,0.0,0.0,0.0,0.0
2025-10-15 05:00:00,2025-10-15,6,0.0,0.0,0.0,0.9980729955055123,0.0,0.0
2025-10-15 06:00:00,2025-10-15,7,77.9868073878628,167.1911111111111,77.77777777777777,169.2024616453325,167.1911111111111,89.2043037232483
2025-10-15 07:00:00,2025-10-15,8,439.5620052770449,609.0533333333333,283.3333333333333,401.1317632751688,609.0533333333333,169.4913280562884
2025-10-15 08:00:00,2025-10-15,9,914.5725593667546,967.3199999999999,450.0,601.5224035941337,967.3199999999999,52.74744063324533
2025-10-15 09:00:00,2025-10-15,10,1581.005277044855,1391.2688888888886,647.2222222222222,749.1213141417604,1391.2688888888886,-189.73638815596632
2025-10-15 10:00:00,2025-10-15,11,1907.131926121372,1743.5644444444447,811.1111111111111,831.8545089912018,1743.5644444444447,-163.5674816769274
2025-10-15 11:00:00,2025-10-15,12,1942.580474934037,1868.9577777777781,869.4444444444445,843.4470769863692,1868.9577777777781,-73.62269715625894
2025-10-15 12:00:00,2025-10-15,13,1921.311345646438,1695.7955555555557,788.8888888888889,783.034029543179,1695.7955555555557,-225.51579009088232
2025-10-15 13:00:00,2025-10-15,14,1715.7097625329816,1474.8644444444444,686.1111111111111,655.1459640047937,1474.8644444444444,-240.84531808853717
2025-10-15 14:00:00,2025-10-15,15,1290.3271767810027,1212.0621550306396,563.8547427570894,469.87895229757453,1212.0621550306396,-78.26502175036308
2025-10-15 15:00:00,2025-10-15,16,708.9709762532982,631.5054807495553,293.77813581575884,244.81511317979906,631.5054807495553,-77.46549550374289
2025-10-15 16:00:00,2025-10-15,17,163.06332453825857,75.49666861793253,35.121263778345984,29.26771981528832,75.49666861793253,-87.56665592032604
2025-10-15 17:00:00,2025-10-15,18,7.089709762532982,0.0,0.0,0.0,0.0,-7.089709762532982
2025-10-15 18:00:00,2025-10-15,19,0.0,0.0,0.0,0.0,0.0,0.0
2025-10-15 19:00:00,2025-10-15,20,0.0,0.0,0.0,0.0,0.0,0.0
2025-10-15 20:00:00,2025-10-15,21,0.0,0.0,0.0,0.0,0.0,0.0
2025-10-15 21:00:00,2025-10-15,22,0.0,0.0,0.0,0.0,0.0,0.0
2025-10-15 22:00:00,2025-10-15,23,0.0,0.0,0.0,0.0,0.0,0.0
2025-10-15 23:00:00,2025-10-15,24,0.0,0.0,0.0,0.0,0.0,0.0
2025-10-16 00:00:00,2025-10-16,1,0.0,0.0,0.0,0.0,0.0,0.0
2025-10-16 01:00:00,2025-10-16,2,0.0,0.0,0.0,0.0,0.0,0.0
2025-10-16 02:00:00,2025-10-16,3,0.0,0.0,0.0,0.0,0.0,0.0
2025-10-16 03:00:00,2025-10-16,4,0.0,0.0,0.0,0.0,0.0,0.0
2025-10-16 04:00:00,2025-10-16,5,0.0,0.0,0.0,0.0,0.0,0.0
2025-10-16 05:00:00,2025-10-16,6,0.0,0.0,0.0,0.8475400253887798,0.0,0.0
2025-10-16 06:00:00,2025-10-16,7,77.9868073878628,167.1911111111111,77.77777777777777,167.55381660662962,167.1911111111111,89.2043037232483
2025-10-16 07:00:00,2025-10-16,8,425.3825857519789,603.0822222222222,280.55555555555554,399.07744097124163,603.0822222222222,177.69963647024326
2025-10-16 08:00:00,2025-10-16,9,1056.3667546174142,1062.857777777778,494.44444444444446,599.2032065108777,1062.857777777778,6.4910231603637385
2025-10-16 09:00:00,2025-10-16,10,1581.005277044855,1450.98,675.0,746.5199469591464,1450.98,-130.02527704485487
2025-10-16 10:00:00,2025-10-16,11,1914.221635883905,1725.6511111111113,802.7777777777778,828.9678496793514,1725.6511111111113,-188.57052477279376
2025-10-16 11:00:00,2025-10-16,12,2006.3878627968338,1821.1888888888889,847.2222222222222,840.2920087489797,1821.1888888888889,-185.19897390794495
2025-10-16 12:00:00,2025-10-16,13,1978.0290237467018,1851.0444444444445,861.1111111111111,779.6474385855745,1851.0444444444445,-126.98457930225732
2025-10-16 13:00:00,2025-10-16,14,1729.8891820580475,1480.8355555555559,688.8888888888889,651.5844121464839,1480.8355555555559,-249.05362650249162
2025-10-16 14:00:00,2025-10-16,15,1254.8786279683377,1202.6365265028014,559.4699137061785,466.22492808848216,1202.6365265028014,-52.24210146553628
2025-10-16 15:00:00,2025-10-16,16,737.3298153034301,622.2849588943897,289.4887229691057,241.24060247425476,622.2849588943897,-115.04485640904045
2025-10-16 16:00:00,2025-10-16,17,163.06332453825857,69.94044299440495,32.53649190286795,27.11374325238996,69.94044299440495,-93.12288154385362
2025-10-16 17:00:00,2025-10-16,18,7.089709762532982,0.0,0.0,0.0,0.0,-7.089709762532982
2025-10-16 18:00:00,2025-10-16,19,0.0,0.0,0.0,0.0,0.0,0.0
2025-10-16 19:00:00,2025-10-16,20,0.0,0.0,0.0,0.0,0.0,0.0
2025-10-16 20:00:00,2025-10-16,21,0.0,0.0,0.0,0.0,0.0,0.0
2025-10-16 21:00:00,2025-10-16,22,0.0,0.0,0.0,0.0,0.0,0.0
2025-10-16 22:00:00,2025-10-16,23,0.0,0.0,0.0,0.0,0.0,0.0
2025-10-16 23:00:00,2025-10-16,24,0.0,0.0,0.0,0.0,0.0,0.0
2025-10-17 00:00:00,2025-10-17,1,0.0,0.0,0.0,0.0,0.0,0.0
2025-10-17 01:00:00,2025-10-17,2,0.0,0.0,0.0,0.0,0.0,0.0
2025-10-17 02:00:00,2025-10-17,3,0.0,0.0,0.0,0.0,0.0,0.0
2025-10-17 03:00:00,2025-10-17,4,0.0,0.0,0.0,0.0,0.0,0.0
2025-10-17 04:00:00,2025-10-17,5,0.0,0.0,0.0,0.0,0.0,0.0
2025-10-17 05:00:00,2025-10-17,6,0.0,0.0,0.0,0.7078274073210685,0.0,0.0
2025-10-17 06:00:00,2025-10-17,7,28.358839050131927,47.76888888888889,22.22222222222222,165.7632224698117,47.76888888888889,19.41004983875696
2025-10-17 07:00:00,2025-10-17,8,191.4221635883905,203.01777777777778,94.44444444444444,396.8402678839118,203.01777777777778,11.595614189387277
2025-10-17 08:00:00,2025-10-17,9,453.7414248021108,435.8911111111112,202.77777777777777,596.6880909452186,435.8911111111112,-17.850313690999656
2025-10-17 09:00:00,2025-10-17,10,1006.7387862796834,1086.7422222222222,505.55555555555554,743.721128088423,1086.7422222222222,80.00343594253877
2025-10-17 10:00:00,2025-10-17,11,1588.0949868073878,704.5911111111112,327.77777777777777,825.8896154388694,704.5911111111112,-883.5038756962766
2025-10-17 11:00:00,2025-10-17,12,1176.891820580475,1086.7422222222222,505.55555555555554,836.9568852644549,1086.7422222222222,-90.14959835825289
2025-10-17 12:00:00,2025-10-17,13,1339.9551451187335,1295.7311111111112,602.7777777777778,776.0969625520456,1295.7311111111112,-44.22403400762232
2025-10-17 13:00:00,2025-10-17,14,1247.7889182058047,1230.048888888889,572.2222222222222,647.8794587756225,1230.048888888889,-17.740029316915752
2025-10-17 14:00:00,2025-10-17,15,1084.7255936675463,1104.6555555555556,513.8888888888889,462.4535392328997,1104.6555555555556,19.929961888009302
2025-10-17 15:00:00,2025-10-17,16,779.868073878628,612.8638807995699,285.1060107925055,237.58834232708796,612.8638807995699,-167.00419307905815
2025-10-17 16:00:00,2025-10-17,17,170.15303430079155,64.51940570800565,30.014610024193175,25.01217502016098,64.51940570800565,-105.6336285927859
2025-10-17 17:00:00,2025-10-17,18,7.089709762532982,0.0,0.0,0.0,0.0,-7.089709762532982
2025-10-17 18:00:00,2025-10-17,19,0.0,0.0,0.0,0.0,0.0,0.0
2025-10-17 19:00:00,2025-10-17,20,0.0,0.0,0.0,0.0,0.0,0.0
2025-10-17 20:00:00,2025-10-17,21,0.0,0.0,0.0,0.0,0.0,0.0
2025-10-17 21:00:00,2025-10-17,22,0.0,0.0,0.0,0.0,0.0,0.0
2025-10-17 22:00:00,2025-10-17,23,0.0,0.0,0.0,0.0,0.0,0.0
2025-10-17 23:00:00,2025-10-17,24,0.0,0.0,0.0,0.0,0.0,0.0
2025-10-18 00:00:00,2025-10-18,1,0.0,0.0,0.0,0.0,0.0,0.0
2025-10-18 01:00:00,2025-10-18,2,0.0,0.0,0.0,0.0,0.0,0.0
2025-10-18 02:00:00,2025-10-18,3,0.0,0.0,0.0,0.0,0.0,0.0
2025-10-18 03:00:00,2025-10-18,4,0.0,0.0,0.0,0.0,0.0,0.0
2025-10-18 04:00:00,2025-10-18,5,0.0,0.0,0.0,0.0,0.0,0.0
2025-10-18 05:00:00,2025-10-18,6,0.0,0.0,0.0,0.5801267307435639,0.0,0.0
2025-10-18 06:00:00,2025-10-18,7,70.89709762532982,161.22,75.0,163.83174453849298,161.22,90.32290237467018
2025-10-18 07:00:00,2025-10-18,8,418.2928759894459,603.0822222222222,280.55555555555554,394.56177138577846,603.0822222222222,184.78934623277627
2025-10-18 08:00:00,2025-10-18,9,1006.7387862796834,955.377777777778,444.44444444444446,594.1314793236819,955.377777777778,-51.36100850190542
2025-10-18 09:00:00,2025-10-18,10,1588.0949868073878,1397.24,650.0,740.8855126062012,1397.24,-190.85498680738783
2025-10-18 10:00:00,2025-10-18,11,1921.311345646438,1719.68,800.0,822.7833831035208,1719.68,-201.63134564643792
2025-10-18 11:00:00,2025-10-18,12,1850.4142480211083,1857.015555555556,863.8888888888889,833.6059327442994,1857.015555555556,6.601307534447642
2025-10-18 12:00:00,2025-10-18,13,1751.1583113456466,1761.477777777778,819.4444444444445,772.5452997750729,1761.477777777778,10.319466432131549
2025-10-18 13:00:00,2025-10-18,14,1694.4406332453825,1570.4022222222222,730.5555555555555,644.189373059765,1570.4022222222222,-124.03841102316028
2025-10-18 14:00:00,2025-10-18,15,1233.6094986807389,1183.2602718879864,550.4560252549248,458.7133543791041,1183.2602718879864,-50.34922679275246
2025-10-18 15:00:00,2025-10-18,16,723.1503957783641,603.5656594364108,280.7804519149659,233.98370992913829,603.5656594364108,-119.58473634195332
2025-10-18 16:00:00,2025-10-18,17,148.88390501319262,59.35411643181113,27.611702843231825,23.009752369359855,59.35411643181113,-89.5297885813815
2025-10-18 17:00:00,2025-10-18,18,0.0,0.0,0.0,0.0,0.0,0.0
2025-10-18 18:00:00,2025-10-18,19,0.0,0.0,0.0,0.0,0.0,0.0
2025-10-18 19:00:00,2025-10-18,20,0.0,0.0,0.0,0.0,0.0,0.0
2025-10-18 20:00:00,2025-10-18,21,0.0,0.0,0.0,0.0,0.0,0.0
2025-10-18 21:00:00,2025-10-18,22,0.0,0.0,0.0,0.0,0.0,0.0
2025-10-18 22:00:00,2025-10-18,23,0.0,0.0,0.0,0.0,0.0,0.0
2025-10-18 23:00:00,2025-10-18,24,0.0,0.0,0.0,0.0,0.0,0.0
2025-10-19 00:00:00,2025-10-19,1,0.0,0.0,0.0,0.0,0.0,0.0
2025-10-19 01:00:00,2025-10-19,2,0.0,0.0,0.0,0.0,0.0,0.0
2025-10-19 02:00:00,2025-10-19,3,0.0,0.0,0.0,0.0,0.0,0.0
2025-10-19 03:00:00,2025-10-19,4,0.0,0.0,0.0,0.0,0.0,0.0
2025-10-19 04:00:00,2025-10-19,5,0.0,0.0,0.0,0.0,0.0,0.0
2025-10-19 05:00:00,2025-10-19,6,0.0,0.0,0.0,0.4673698974850214,0.0,0.0
2025-10-19 06:00:00,2025-10-19,7,56.71767810026385,59.71111111111112,27.77777777777778,161.8680002351355,59.71111111111112,2.9934330108472693
2025-10-19 07:00:00,2025-10-19,8,290.67810026385223,262.7288888888889,122.22222222222223,392.2427762477394,262.7288888888889,-27.94921137496334
2025-10-19 08:00:00,2025-10-19,9,77.9868073878628,101.50888888888889,47.22222222222222,591.5345987362455,101.50888888888889,23.522081501026094
2025-10-19 09:00:00,2025-10-19,10,56.71767810026385,71.65333333333335,33.333333333333336,738.0147320387985,71.65333333333335,14.935655233069497
2025-10-19 10:00:00,2025-10-19,11,262.3192612137203,226.90222222222226,105.55555555555556,819.6511530382309,226.90222222222226,-35.41703899149806
2025-10-19 11:00:00,2025-10-19,12,397.02374670184696,370.20888888888896,172.22222222222223,830.2414570784174,370.20888888888896,-26.814857812957996
2025-10-19 12:00:00,2025-10-19,13,467.9208443271768,453.8044444444445,211.11111111111111,768.9949747016734,453.8044444444445,-14.116399882732253
2025-10-19 13:00:00,2025-10-19,14,1134.3535620052771,1003.1466666666668,466.6666666666667,640.516789671151,1003.1466666666668,-131.20689533861037
2025-10-19 14:00:00,2025-10-19,15,659.3430079155673,728.4755555555556,338.8888888888889,455.0069813290764,728.4755555555556,69.13254763998827
2025-10-19 15:00:00,2025-10-19,16,404.11345646437996,358.26666666666665,166.66666666666666,230.42905396842366,358.26666666666665,-45.84678979771331
2025-10-19 16:00:00,2025-10-19,17,148.88390501319262,54.44685730228285,25.328832016320636,21.10736001360053,54.44685730228285,-94.43704771090977
2025-10-19 17:00:00,2025-10-19,18,0.0,0.0,0.0,0.0,0.0,0.0
2025-10-19 18:00:00,2025-10-19,19,0.0,0.0,0.0,0.0,0.0,0.0
2025-10-19 19:00:00,2025-10-19,20,0.0,0.0,0.0,0.0,0.0,0.0
2025-10-19 20:00:00,2025-10-19,21,0.0,0.0,0.0,0.0,0.0,0.0
2025-10-19 21:00:00,2025-10-19,22,0.0,0.0,0.0,0.0,0.0,0.0
2025-10-19 22:00:00,2025-10-19,23,0.0,0.0,0.0,0.0,0.0,0.0
2025-10-19 23:00:00,2025-10-19,24,0.0,0.0,0.0,0.0,0.0,0.0
2025-10-20 00:00:00,2025-10-20,1,0.0,0.0,0.0,0.0,0.0,0.0
2025-10-20 01:00:00,2025-10-20,2,0.0,0.0,0.0,0.0,0.0,0.0
2025-10-20 02:00:00,2025-10-20,3,0.0,0.0,0.0,0.0,0.0,0.0
2025-10-20 03:00:00,2025-10-20,4,0.0,0.0,0.0,0.0,0.0,0.0
2025-10-20 04:00:00,2025-10-20,5,0.0,0.0,0.0,0.0,0.0,0.0
2025-10-20 05:00:00,2025-10-20,6,0.0,0.0,0.0,0.36901239854036755,0.0,0.0
2025-10-20 06:00:00,2025-10-20,7,14.179419525065963,17.913333333333338,8.333333333333334,159.87264260768703,17.913333333333338,3.733913808267374
2025-10-20 07:00:00,2025-10-20,8,77.9868073878628,83.59555555555555,38.888888888888886,389.88418717765194,83.59555555555555,5.608748167692752
2025-10-20 08:00:00,2025-10-20,9,63.80738786279684,83.59555555555555,38.888888888888886,588.8987545575377,83.59555555555555,19.788167692758712
2025-10-20 09:00:00,2025-10-20,10,198.51187335092348,137.33555555555557,63.888888888888886,735.1104886476561,137.33555555555557,-61.17631779536791
2025-10-20 10:00:00,2025-10-20,11,120.52506596306068,83.59555555555555,38.888888888888886,816.4949838035346,83.59555555555555,-36.929510407505134
2025-10-20 11:00:00,2025-10-20,12,163.06332453825857,89.56666666666666,41.666666666666664,826.8658057911407,89.56666666666666,-73.4966578715919
2025-10-20 12:00:00,2025-10-20,13,184.33245382585753,101.50888888888889,47.22222222222222,765.4485339884903,101.50888888888889,-82.82356493696864
2025-10-20 13:00:00,2025-10-20,14,184.33245382585753,107.48,50.0,636.8643443928788,107.48,-76.85245382585752
2025-10-20 14:00:00,2025-10-20,15,155.9736147757256,155.24888888888893,72.22222222222223,451.33700672072064,155.24888888888893,-0.7247258868366657
2025-10-20 15:00:00,2025-10-20,16,77.9868073878628,71.65333333333335,33.333333333333336,226.9266720039707,71.65333333333335,-6.333474054529447
2025-10-20 16:00:00,2025-10-20,17,14.179419525065963,17.913333333333338,8.333333333333334,19.305512691167312,17.913333333333338,3.733913808267374
2025-10-20 17:00:00,2025-10-20,18,0.0,0.0,0.0,0.0,0.0,0.0
2025-10-20 18:00:00,2025-10-20,19,0.0,0.0,0.0,0.0,0.0,0.0
2025-10-20 19:00:00,2025-10-20,20,0.0,0.0,0.0,0.0,0.0,0.0
2025-10-20 20:00:00,2025-10-20,21,0.0,0.0,0.0,0.0,0.0,0.0
2025-10-20 21:00:00,2025-10-20,22,0.0,0.0,0.0,0.0,0.0,0.0
2025-10-20 22:00:00,2025-10-20,23,0.0,0.0,0.0,0.0,0.0,0.0
2025-10-20 23:00:00,2025-10-20,24,0.0,0.0,0.0,0.0,0.0,0.0
2025-10-21 00:00:00,2025-10-21,1,0.0,0.0,0.0,0.0,0.0,0.0
2025-10-21 01:00:00,2025-10-21,2,0.0,0.0,0.0,0.0,0.0,0.0
2025-10-21 02:00:00,2025-10-21,3,0.0,0.0,0.0,0.0,0.0,0.0
2025-10-21 03:00:00,2025-10-21,4,0.0,0.0,0.0,0.0,0.0,0.0
2025-10-21 04:00:00,2025-10-21,5,0.0,0.0,0.0,0.0,0.0,0.0
2025-10-21 05:00:00,2025-10-21,6,0.0,0.0,0.0,0.28437051467721536,0.0,0.0
2025-10-21 06:00:00,2025-10-21,7,0.0,5.971111111111111,2.7777777777777777,157.84639088205628,5.971111111111111,5.971111111111111
2025-10-21 07:00:00,2025-10-21,8,14.179419525065963,29.85555555555556,13.88888888888889,387.48697711012255,29.85555555555556,15.676136030489598
2025-10-21 08:00:00,2025-10-21,9,92.16622691292876,83.59555555555555,38.888888888888886,586.2253203468479,83.59555555555555,-8.570671357373215
2025-10-21 09:00:00,2025-10-21,10,155.9736147757256,167.1911111111111,77.77777777777777,732.1745476927977,167.1911111111111,11.217496335385505
2025-10-21 10:00:00,2025-10-21,11,170.15303430079155,95.53777777777778,44.44444444444444,813.3169871022506,95.53777777777778,-74.61525652301377
2025-10-21 11:00:00,2025-10-21,12,205.60158311345646,155.24888888888893,72.22222222222223,823.4813658655414,155.24888888888893,-50.35269422456753
2025-10-21 12:00:00,2025-10-21,13,212.69129287598946,167.1911111111111,77.77777777777777,761.9085471942702,167.1911111111111,-45.50018176487836
2025-10-21 13:00:00,2025-10-21,14,113.4353562005277,83.59555555555555,38.888888888888886,633.2346774148511,83.59555555555555,-29.839800644972158
2025-10-21 14:00:00,2025-10-21,15,85.07651715039577,77.62444444444446,36.111111111111114,447.7060015078027,77.62444444444446,-7.452072705951309
2025-10-21 15:00:00,2025-10-21,16,56.71767810026385,53.74,25.0,223.47881699566898,53.74,-2.9776781002638515
2025-10-21 16:00:00,2025-10-21,17,7.089709762532982,17.913333333333338,8.333333333333334,17.60433998067424,17.913333333333338,10.823623570800356
2025-10-21 17:00:00,2025-10-21,18,0.0,0.0,0.0,0.0,0.0,0.0
2025-10-21 18:00:00,2025-10-21,19,0.0,0.0,0.0,0.0,0.0,0.0
2025-10-21 19:00:00,2025-10-21,20,0.0,0.0,0.0,0.0,0.0,0.0
2025-10-21 20:00:00,2025-10-21,21,0.0,0.0,0.0,0.0,0.0,0.0
2025-10-21 21:00:00,2025-10-21,22,0.0,0.0,0.0,0.0,0.0,0.0
2025-10-21 22:00:00,2025-10-21,23,0.0,0.0,0.0,0.0,0.0,0.0
2025-10-21 23:00:00,2025-10-21,24,0.0,0.0,0.0,0.0,0.0,0.0
2025-10-22 00:00:00,2025-10-22,1,0.0,0.0,0.0,0.0,0.0,0.0
2025-10-22 01:00:00,2025-10-22,2,0.0,0.0,0.0,0.0,0.0,0.0
2025-10-22 02:00:00,2025-10-22,3,0.0,0.0,0.0,0.0,0.0,0.0
2025-10-22 03:00:00,2025-10-22,4,0.0,0.0,0.0,0.0,0.0,0.0
2025-10-22 04:00:00,2025-10-22,5,0.0,0.0,0.0,0.0,0.0,0.0
2025-10-22 05:00:00,2025-10-22,6,0.0,0.0,0.0,0.21262963167118756,0.0,0.0
2025-10-22 06:00:00,2025-10-22,7,0.0,5.971111111111111,2.7777777777777777,155.79002305008524,5.971111111111111,5.971111111111111
2025-10-22 07:00:00,2025-10-22,8,49.62796833773087,23.884444444444444,11.11111111111111,385.05217981930736,23.884444444444444,-25.743523893286426
2025-10-22 08:00:00,2025-10-22,9,99.25593667546174,47.76888888888889,22.22222222222222,583.5157314925326,47.76888888888889,-51.48704778657285
2025-10-22 09:00:00,2025-10-22,10,191.4221635883905,77.62444444444446,36.111111111111114,729.208732475599,77.62444444444446,-113.79771914394604
2025-10-22 10:00:00,2025-10-22,11,262.3192612137203,179.13333333333333,83.33333333333333,810.1193245137262,179.13333333333333,-83.185927880387
2025-10-22 11:00:00,2025-10-22,12,304.85751978891824,155.24888888888893,72.22222222222223,820.0905622691745,155.24888888888893,-149.6086309000293
2025-10-22 12:00:00,2025-10-22,13,177.24274406332455,161.22,75.0,758.3776070372347,161.22,-16.022744063324552
2025-10-22 13:00:00,2025-10-22,14,269.40897097625333,155.24888888888893,72.22222222222223,629.6304351794013,155.24888888888893,-114.1600820873644
2025-10-22 14:00:00,2025-10-22,15,56.71767810026385,59.71111111111112,27.77777777777778,444.1165241159437,59.71111111111112,2.9934330108472693
2025-10-22 15:00:00,2025-10-22,16,35.44854881266491,35.826666666666675,16.666666666666668,220.08770106351895,35.826666666666675,0.3781178540017649
2025-10-22 16:00:00,2025-10-22,17,7.089709762532982,17.913333333333338,8.333333333333334,16.003571277884223,17.913333333333338,10.823623570800356
2025-10-22 17:00:00,2025-10-22,18,0.0,0.0,0.0,0.0,0.0,0.0
2025-10-22 18:00:00,2025-10-22,19,0.0,0.0,0.0,0.0,0.0,0.0
2025-10-22 19:00:00,2025-10-22,20,0.0,0.0,0.0,0.0,0.0,0.0
2025-10-22 20:00:00,2025-10-22,21,0.0,0.0,0.0,0.0,0.0,0.0
2025-10-22 21:00:00,2025-10-22,22,0.0,0.0,0.0,0.0,0.0,0.0
2025-10-22 22:00:00,2025-10-22,23,0.0,0.0,0.0,0.0,0.0,0.0
2025-10-22 23:00:00,2025-10-22,24,0.0,0.0,0.0,0.0,0.0,0.0
2025-10-23 00:00:00,2025-10-23,1,0.0,0.0,0.0,0.0,0.0,0.0
2025-10-23 01:00:00,2025-10-23,2,0.0,0.0,0.0,0.0,0.0,0.0
2025-10-23 02:00:00,2025-10-23,3,0.0,0.0,0.0,0.0,0.0,0.0
2025-10-23 03:00:00,2025-10-23,4,0.0,0.0,0.0,0.0,0.0,0.0
2025-10-23 04:00:00,2025-10-23,5,0.0,0.0,0.0,0.0,0.0,0.0
2025-10-23 05:00:00,2025-10-23,6,0.0,0.0,0.0,0.15285823278840283,0.0,0.0
2025-10-23 06:00:00,2025-10-23,7,14.179419525065963,23.884444444444444,11.11111111111111,153.70437211349454,23.884444444444444,9.70502491937848
2025-10-23 07:00:00,2025-10-23,8,99.25593667546174,131.36444444444444,61.111111111111114,382.58088595382236,131.36444444444444,32.108507768982705
2025-10-23 08:00:00,2025-10-23,9,226.8707124010554,286.6133333333334,133.33333333333334,580.771481662206,286.6133333333334,59.74262093227799
2025-10-23 09:00:00,2025-10-23,10,319.0369393139842,274.67111111111114,127.77777777777777,726.2149213519195,274.67111111111114,-44.36582820287305
2025-10-23 10:00:00,2025-10-23,11,524.6385224274406,412.0066666666667,191.66666666666666,806.9042051877964,412.0066666666667,-112.63185576077393
2025-10-23 11:00:00,2025-10-23,12,467.9208443271768,226.90222222222226,105.55555555555556,816.6958563759085,226.90222222222226,-241.01862210495452
2025-10-23 12:00:00,2025-10-23,13,467.9208443271768,441.8622222222222,205.55555555555554,754.8583285767635,441.8622222222222,-26.058622104954566
2025-10-23 13:00:00,2025-10-23,14,489.18997361477574,388.1222222222222,180.55555555555554,626.0542703003467,388.1222222222222,-101.06775139255353
2025-10-23 14:00:00,2025-10-23,15,248.13984168865437,185.10444444444448,86.11111111111111,440.57112097823205,185.10444444444448,-63.03539724420989
2025-10-23 15:00:00,2025-10-23,16,56.71767810026385,77.62444444444446,36.111111111111114,216.75549623471025,77.62444444444446,20.90676634418061
2025-10-23 16:00:00,2025-10-23,17,14.179419525065963,17.913333333333338,8.333333333333334,14.502522085122346,17.913333333333338,3.733913808267374
2025-10-23 17:00:00,2025-10-23,18,0.0,0.0,0.0,0.0,0.0,0.0
2025-10-23 18:00:00,2025-10-23,19,0.0,0.0,0.0,0.0,0.0,0.0
2025-10-23 19:00:00,2025-10-23,20,0.0,0.0,0.0,0.0,0.0,0.0
2025-10-23 20:00:00,2025-10-23,21,0.0,0.0,0.0,0.0,0.0,0.0
2025-10-23 21:00:00,2025-10-23,22,0.0,0.0,0.0,0.0,0.0,0.0
2025-10-23 22:00:00,2025-10-23,23,0.0,0.0,0.0,0.0,0.0,0.0
2025-10-23 23:00:00,2025-10-23,24,0.0,0.0,0.0,0.0,0.0,0.0
2025-10-24 00:00:00,2025-10-24,1,0.0,0.0,0.0,0.0,0.0,0.0
2025-10-24 01:00:00,2025-10-24,2,0.0,0.0,0.0,0.0,0.0,0.0
2025-10-24 02:00:00,2025-10-24,3,0.0,0.0,0.0,0.0,0.0,0.0
2025-10-24 03:00:00,2025-10-24,4,0.0,0.0,0.0,0.0,0.0,0.0
2025-10-24 04:00:00,2025-10-24,5,0.0,0.0,0.0,0.0,0.0,0.0
2025-10-24 05:00:00,2025-10-24,6,0.0,0.0,0.0,0.0,0.0,0.0
2025-10-24 06:00:00,2025-10-24,7,0.0,17.913333333333338,8.333333333333334,151.5903249388022,17.913333333333338,17.913333333333338
2025-10-24 07:00:00,2025-10-24,8,63.80738786279684,41.797777777777775,19.444444444444443,380.0742415390877,41.797777777777775,-22.009610085019062
2025-10-24 08:00:00,2025-10-24,9,177.24274406332455,131.36444444444444,61.111111111111114,577.9941211072331,131.36444444444444,-45.878299618880106
2025-10-24 09:00:00,2025-10-24,10,184.33245382585753,155.24888888888893,72.22222222222223,723.1950459166227,155.24888888888893,-29.0835649369686
2025-10-24 10:00:00,2025-10-24,11,177.24274406332455,113.45111111111113,52.77777777777778,803.6738839275392,113.45111111111113,-63.79163295221342
2025-10-24 11:00:00,2025-10-24,12,432.47229551451187,173.16222222222223,80.55555555555556,813.2997440012493,173.16222222222223,-259.31007329228964
2025-10-24 12:00:00,2025-10-24,13,333.21635883905014,250.7866666666667,116.66666666666667,751.3533472497875,250.7866666666667,-82.42969217238345
2025-10-24 13:00:00,2025-10-24,14,311.9472295514512,185.10444444444448,86.11111111111111,622.5088396817204,185.10444444444448,-126.8427851070067
2025-10-24 14:00:00,2025-10-24,15,276.4986807387863,191.07555555555555,88.88888888888889,437.0723248313707,191.07555555555555,-85.42312518323072
2025-10-24 15:00:00,2025-10-24,16,155.9736147757256,137.33555555555557,63.888888888888886,213.48433293164487,137.33555555555557,-18.63805922017002
2025-10-24 16:00:00,2025-10-24,17,70.89709762532982,33.791926913780316,15.720099978498473,13.100083315415395,33.791926913780316,-37.105170711549505
2025-10-24 17:00:00,2025-10-24,18,0.0,0.0,0.0,0.0,0.0,0.0
2025-10-24 18:00:00,2025-10-24,19,0.0,0.0,0.0,0.0,0.0,0.0
2025-10-24 19:00:00,2025-10-24,20,0.0,0.0,0.0,0.0,0.0,0.0
2025-10-24 20:00:00,2025-10-24,21,0.0,0.0,0.0,0.0,0.0,0.0
2025-10-24 21:00:00,2025-10-24,22,0.0,0.0,0.0,0.0,0.0,0.0
2025-10-24 22:00:00,2025-10-24,23,0.0,0.0,0.0,0.0,0.0,0.0
2025-10-24 23:00:00,2025-10-24,24,0.0,0.0,0.0,0.0,0.0,0.0
2025-10-25 00:00:00,2025-10-25,1,0.0,0.0,0.0,0.0,0.0,0.0
2025-10-25 01:00:00,2025-10-25,2,0.0,0.0,0.0,0.0,0.0,0.0
2025-10-25 02:00:00,2025-10-25,3,0.0,0.0,0.0,0.0,0.0,0.0
2025-10-25 03:00:00,2025-10-25,4,0.0,0.0,0.0,0.0,0.0,0.0
2025-10-25 04:00:00,2025-10-25,5,0.0,0.0,0.0,0.0,0.0,0.0
2025-10-25 05:00:00,2025-10-25,6,0.0,0.0,0.0,0.0,0.0,0.0
2025-10-25 06:00:00,2025-10-25,7,7.089709762532982,11.942222222222222,5.555555555555555,149.44882244756752,11.942222222222222,4.85251245968924
2025-10-25 07:00:00,2025-10-25,8,49.62796833773087,71.65333333333335,33.333333333333336,377.533447748293,71.65333333333335,22.02536499560248
2025-10-25 08:00:00,2025-10-25,9,106.34564643799473,95.53777777777778,44.44444444444444,575.1852559820617,95.53777777777778,-10.807868660216954
2025-10-25 09:00:00,2025-10-25,10,120.52506596306068,143.3066666666667,66.66666666666667,720.1510897706288,143.3066666666667,22.781600703606017
2025-10-25 10:00:00,2025-10-25,11,290.67810026385223,334.3822222222222,155.55555555555554,800.4306594815001,334.3822222222222,43.70412195836997
2025-10-25 11:00:00,2025-10-25,12,482.10026385224273,495.6022222222223,230.55555555555554,809.9047533110208,495.6022222222223,13.501958369979548
2025-10-25 12:00:00,2025-10-25,13,730.2401055408972,674.7355555555556,313.8888888888889,747.8653165172407,674.7355555555556,-55.504549985341555
2025-10-25 13:00:00,2025-10-25,14,560.0870712401055,489.6311111111111,227.77777777777777,618.9968020184426,489.6311111111111,-70.45596012899438
2025-10-25 14:00:00,2025-10-25,15,269.40897097625333,280.6422222222222,130.55555555555554,433.62265230645437,280.6422222222222,11.233251245968859
2025-10-25 15:00:00,2025-10-25,16,191.4221635883905,214.96,100.0,210.27629767083425,214.96,23.537836411609504
2025-10-25 16:00:00,2025-10-25,17,77.9868073878628,30.424704373152657,14.15365852863447,11.794715440528725,30.424704373152657,-47.56210301471014
2025-10-25 17:00:00,2025-10-25,18,0.0,0.0,0.0,0.0,0.0,0.0
2025-10-25 18:00:00,2025-10-25,19,0.0,0.0,0.0,0.0,0.0,0.0
2025-10-25 19:00:00,2025-10-25,20,0.0,0.0,0.0,0.0,0.0,0.0
2025-10-25 20:00:00,2025-10-25,21,0.0,0.0,0.0,0.0,0.0,0.0
2025-10-25 21:00:00,2025-10-25,22,0.0,0.0,0.0,0.0,0.0,0.0
2025-10-25 22:00:00,2025-10-25,23,0.0,0.0,0.0,0.0,0.0,0.0
2025-10-25 23:00:00,2025-10-25,24,0.0,0.0,0.0,0.0,0.0,0.0
2025-10-26 00:00:00,2025-10-26,1,0.0,0.0,0.0,0.0,0.0,0.0
2025-10-26 01:00:00,2025-10-26,2,0.0,0.0,0.0,0.0,0.0,0.0
2025-10-26 02:00:00,2025-10-26,3,0.0,0.0,0.0,0.0,0.0,0.0
2025-10-26 03:00:00,2025-10-26,4,0.0,0.0,0.0,0.0,0.0,0.0
2025-10-26 04:00:00,2025-10-26,5,0.0,0.0,0.0,0.0,0.0,0.0
2025-10-26 05:00:00,2025-10-26,6,0.0,0.0,0.0,0.0,0.0,0.0
2025-10-26 06:00:00,2025-10-26,7,7.089709762532982,17.913333333333338,8.333333333333334,147.2808596475652,17.913333333333338,10.823623570800356
2025-10-26 07:00:00,2025-10-26,8,77.9868073878628,59.71111111111112,27.77777777777778,374.9597603839718,59.71111111111112,-18.275696276751674
2025-10-26 08:00:00,2025-10-26,9,283.5883905013193,179.13333333333333,83.33333333333333,572.3465472976798,179.13333333333333,-104.45505716798596
2025-10-26 09:00:00,2025-10-26,10,404.11345646437996,214.96,100.0,717.0850870440523,214.96,-189.15345646437996
2025-10-26 10:00:00,2025-10-26,11,340.3060686015831,203.01777777777778,94.44444444444444,797.1768726444024,203.01777777777778,-137.2882908238053
2025-10-26 11:00:00,2025-10-26,12,255.22955145118735,203.01777777777778,94.44444444444444,806.5134426100975,203.01777777777778,-52.21177367340957
2025-10-26 12:00:00,2025-10-26,13,184.33245382585753,208.98888888888888,97.22222222222223,744.396905503026,208.98888888888888,24.656435063031353
2025-10-26 13:00:00,2025-10-26,14,255.22955145118735,244.81555555555556,113.88888888888889,615.5208154891394,244.81555555555556,-10.413995895631786
2025-10-26 14:00:00,2025-10-26,15,326.12664907651714,238.8444444444445,111.11111111111111,430.2246018255302,238.8444444444445,-87.28220463207265
2025-10-26 15:00:00,2025-10-26,16,141.79419525065964,107.48,50.0,207.13343134779598,107.48,-34.31419525065964
2025-10-26 16:00:00,2025-10-26,17,14.179419525065963,23.884444444444444,11.11111111111111,10.584448964645318,23.884444444444444,9.70502491937848
2025-10-26 17:00:00,2025-10-26,18,0.0,0.0,0.0,0.0,0.0,0.0
2025-10-26 18:00:00,2025-10-26,19,0.0,0.0,0.0,0.0,0.0,0.0
2025-10-26 19:00:00,2025-10-26,20,0.0,0.0,0.0,0.0,0.0,0.0
2025-10-26 20:00:00,2025-10-26,21,0.0,0.0,0.0,0.0,0.0,0.0
2025-10-26 21:00:00,2025-10-26,22,0.0,0.0,0.0,0.0,0.0,0.0
2025-10-26 22:00:00,2025-10-26,23,0.0,0.0,0.0,0.0,0.0,0.0
2025-10-26 23:00:00,2025-10-26,24,0.0,0.0,0.0,0.0,0.0,0.0
2025-10-27 00:00:00,2025-10-27,1,0.0,0.0,0.0,0.0,0.0,0.0
2025-10-27 01:00:00,2025-10-27,2,0.0,0.0,0.0,0.0,0.0,0.0
2025-10-27 02:00:00,2025-10-27,3,0.0,0.0,0.0,0.0,0.0,0.0
2025-10-27 03:00:00,2025-10-27,4,0.0,0.0,0.0,0.0,0.0,0.0
2025-10-27 04:00:00,2025-10-27,5,0.0,0.0,0.0,0.0,0.0,0.0
2025-10-27 05:00:00,2025-10-27,6,0.0,0.0,0.0,0.0,0.0,0.0
2025-10-27 06:00:00,2025-10-27,7,21.269129287598943,35.826666666666675,16.666666666666668,145.08748364645749,35.826666666666675,14.557537379067732
2025-10-27 07:00:00,2025-10-27,8,177.24274406332455,179.13333333333333,83.33333333333333,372.3544872977816,179.13333333333333,1.8905892700087747
2025-10-27 08:00:00,2025-10-27,9,276.4986807387863,280.6422222222222,130.55555555555554,569.4797079941399,280.6422222222222,4.143541483435911
2025-10-27 09:00:00,2025-10-27,10,567.1767810026386,656.8222222222223,305.55555555555554,713.999119248112,656.8222222222223,89.64544121958374
2025-10-27 10:00:00,2025-10-27,11,432.47229551451187,615.0244444444445,286.1111111111111,793.9149031328351,615.0244444444445,182.55214892993263
2025-10-27 11:00:00,2025-10-27,12,475.0105540897098,376.18000000000006,175.0,803.1283974632281,376.18000000000006,-98.83055408970972
2025-10-27 12:00:00,2025-10-27,13,751.509234828496,537.4,250.0,740.9507965366565,537.4,-214.10923482849603
2025-10-27 13:00:00,2025-10-27,14,368.66490765171505,358.26666666666665,166.66666666666666,612.0835358768237,358.26666666666665,-10.398240985048403
2025-10-27 14:00:00,2025-10-27,15,205.60158311345646,232.87333333333333,108.33333333333333,426.8806525390004,232.87333333333333,27.27175021987688
2025-10-27 15:00:00,2025-10-27,16,155.9736147757256,161.22,75.0,204.05772902229202,161.22,5.246385224274405
2025-10-27 16:00:00,2025-10-27,17,49.62796833773087,24.42003788012996,11.360270692282265,9.466892243568555,24.42003788012996,-25.20793045760091
2025-10-27 17:00:00,2025-10-27,18,0.0,0.0,0.0,0.0,0.0,0.0
2025-10-27 18:00:00,2025-10-27,19,0.0,0.0,0.0,0.0,0.0,0.0
2025-10-27 19:00:00,2025-10-27,20,0.0,0.0,0.0,0.0,0.0,0.0
2025-10-27 20:00:00,2025-10-27,21,0.0,0.0,0.0,0.0,0.0,0.0
2025-10-27 21:00:00,2025-10-27,22,0.0,0.0,0.0,0.0,0.0,0.0
2025-10-27 22:00:00,2025-10-27,23,0.0,0.0,0.0,0.0,0.0,0.0
2025-10-27 23:00:00,2025-10-27,24,0.0,0.0,0.0,0.0,0.0,0.0
2025-10-28 00:00:00,2025-10-28,1,0.0,0.0,0.0,0.0,0.0,0.0
2025-10-28 01:00:00,2025-10-28,2,0.0,0.0,0.0,0.0,0.0,0.0
2025-10-28 02:00:00,2025-10-28,3,0.0,0.0,0.0,0.0,0.0,0.0
2025-10-28 03:00:00,2025-10-28,4,0.0,0.0,0.0,0.0,0.0,0.0
2025-10-28 04:00:00,2025-10-28,5,0.0,0.0,0.0,0.0,0.0,0.0
2025-10-28 05:00:00,2025-10-28,6,0.0,0.0,0.0,0.0,0.0,0.0
2025-10-28 06:00:00,2025-10-28,7,7.089709762532982,17.913333333333338,8.333333333333334,142.86978800812403,17.913333333333338,10.823623570800356
2025-10-28 07:00:00,2025-10-28,8,49.62796833773087,47.76888888888889,22.22222222222222,369.7189819192244,47.76888888888889,-1.8590794488419817
2025-10-28 08:00:00,2025-10-28,9,85.07651715039577,107.48,50.0,566.5864965355902,107.48,22.40348284960423
2025-10-28 09:00:00,2025-10-28,10,177.24274406332455,167.1911111111111,77.77777777777777,710.8953093277397,167.1911111111111,-10.051632952213453
2025-10-28 10:00:00,2025-10-28,11,262.3192612137203,262.7288888888889,122.22222222222223,790.6471644643617,262.7288888888889,0.409627675168565
2025-10-28 11:00:00,2025-10-28,12,219.78100263852244,220.9311111111111,102.77777777777777,799.752226699921,220.9311111111111,1.1501084725886699
2025-10-28 12:00:00,2025-10-28,13,361.57519788918205,262.7288888888889,122.22222222222223,737.5296825417585,262.7288888888889,-98.84630900029316
2025-10-28 13:00:00,2025-10-28,14,241.05013192612137,208.98888888888888,97.22222222222223,608.6876155033466,208.98888888888888,-32.06124303723249
2025-10-28 14:00:00,2025-10-28,15,297.76781002638523,286.6133333333334,133.33333333333334,423.59326473524965,286.6133333333334,-11.154476693051834
2025-10-28 15:00:00,2025-10-28,16,77.9868073878628,83.59555555555555,38.888888888888886,201.05114168762776,83.59555555555555,5.608748167692752
2025-10-28 16:00:00,2025-10-28,17,28.358839050131927,21.76920697701681,10.127096658455903,8.43924721537992,21.76920697701681,-6.589632073115116
2025-10-28 17:00:00,2025-10-28,18,0.0,0.0,0.0,0.0,0.0,0.0
2025-10-28 18:00:00,2025-10-28,19,0.0,0.0,0.0,0.0,0.0,0.0
2025-10-28 19:00:00,2025-10-28,20,0.0,0.0,0.0,0.0,0.0,0.0
2025-10-28 20:00:00,2025-10-28,21,0.0,0.0,0.0,0.0,0.0,0.0
2025-10-28 21:00:00,2025-10-28,22,0.0,0.0,0.0,0.0,0.0,0.0
2025-10-28 22:00:00,2025-10-28,23,0.0,0.0,0.0,0.0,0.0,0.0
2025-10-28 23:00:00,2025-10-28,24,0.0,0.0,0.0,0.0,0.0,0.0
2025-10-29 00:00:00,2025-10-29,1,0.0,0.0,0.0,0.0,0.0,0.0
2025-10-29 01:00:00,2025-10-29,2,0.0,0.0,0.0,0.0,0.0,0.0
2025-10-29 02:00:00,2025-10-29,3,0.0,0.0,0.0,0.0,0.0,0.0
2025-10-29 03:00:00,2025-10-29,4,0.0,0.0,0.0,0.0,0.0,0.0
2025-10-29 04:00:00,2025-10-29,5,0.0,0.0,0.0,0.0,0.0,0.0
2025-10-29 05:00:00,2025-10-29,6,0.0,0.0,0.0,0.0,0.0,0.0
2025-10-29 06:00:00,2025-10-29,7,21.269129287598943,47.76888888888889,22.22222222222222,140.62890312928013,47.76888888888889,26.499759601289945
2025-10-29 07:00:00,2025-10-29,8,276.4986807387863,280.6422222222222,130.55555555555554,367.05463271374254,280.6422222222222,4.143541483435911
2025-10-29 08:00:00,2025-10-29,9,595.5356200527705,501.5733333333334,233.33333333333334,563.6687069408321,501.5733333333334,-93.96228671943709
2025-10-29 09:00:00,2025-10-29,10,701.8812664907651,573.2266666666668,266.6666666666667,707.7758129509077,573.2266666666668,-128.65459982409834
2025-10-29 10:00:00,2025-10-29,11,1176.891820580475,1164.3666666666666,541.6666666666666,787.3760970440861,1164.3666666666666,-12.52515391380848
2025-10-29 11:00:00,2025-10-29,12,616.8047493403694,632.9377777777778,294.44444444444446,796.3875577001883,632.9377777777778,16.13302843740837
2025-10-29 12:00:00,2025-10-29,13,304.85751978891824,328.41111111111115,152.77777777777777,734.136264751031,328.41111111111115,23.553591322192915
2025-10-29 13:00:00,2025-10-29,14,226.8707124010554,322.44,150.0,605.3357034486716,322.44,95.56928759894458
2025-10-29 14:00:00,2025-10-29,15,361.57519788918205,370.20888888888896,172.22222222222223,420.3648825163534,370.20888888888896,8.633690999706914
2025-10-29 15:00:00,2025-10-29,16,297.76781002638523,358.26666666666665,166.66666666666666,198.11558093152016,358.26666666666665,60.49885664028142
2025-10-29 16:00:00,2025-10-29,17,28.358839050131927,19.342100748048257,8.997999975831902,7.498333313193252,19.342100748048257,-9.01673830208367
2025-10-29 17:00:00,2025-10-29,18,0.0,0.0,0.0,0.0,0.0,0.0
2025-10-29 18:00:00,2025-10-29,19,0.0,0.0,0.0,0.0,0.0,0.0
2025-10-29 19:00:00,2025-10-29,20,0.0,0.0,0.0,0.0,0.0,0.0
2025-10-29 20:00:00,2025-10-29,21,0.0,0.0,0.0,0.0,0.0,0.0
2025-10-29 21:00:00,2025-10-29,22,0.0,0.0,0.0,0.0,0.0,0.0
2025-10-29 22:00:00,2025-10-29,23,0.0,0.0,0.0,0.0,0.0,0.0
2025-10-29 23:00:00,2025-10-29,24,0.0,0.0,0.0,0.0,0.0,0.0
2025-10-30 00:00:00,2025-10-30,1,0.0,0.0,0.0,0.0,0.0,0.0
2025-10-30 01:00:00,2025-10-30,2,0.0,0.0,0.0,0.0,0.0,0.0
2025-10-30 02:00:00,2025-10-30,3,0.0,0.0,0.0,0.0,0.0,0.0
2025-10-30 03:00:00,2025-10-30,4,0.0,0.0,0.0,0.0,0.0,0.0
2025-10-30 04:00:00,2025-10-30,5,0.0,0.0,0.0,0.0,0.0,0.0
2025-10-30 05:00:00,2025-10-30,6,0.0,0.0,0.0,0.0,0.0,0.0
2025-10-30 06:00:00,2025-10-30,7,42.53825857519789,53.74,25.0,138.36598338549996,53.74,11.201741424802115
2025-10-30 07:00:00,2025-10-30,8,311.9472295514512,406.03555555555556,188.88888888888889,364.36284940704303,406.03555555555556,94.08832600410437
2025-10-30 08:00:00,2025-10-30,9,701.8812664907651,597.1111111111112,277.77777777777777,560.7281561358776,597.1111111111112,-104.77015537965394
2025-10-30 09:00:00,2025-10-30,10,886.2137203166227,740.4177777777779,344.44444444444446,704.642807929519,740.4177777777779,-145.79594253884477
2025-10-30 10:00:00,2025-10-30,11,1382.4934036939314,1301.7022222222222,605.5555555555555,784.1041603147887,1301.7022222222222,-80.79118147170925
2025-10-30 11:00:00,2025-10-30,12,1098.9050131926122,925.5222222222222,430.55555555555554,793.0370317291743,925.5222222222222,-173.38279097038992
2025-10-30 12:00:00,2025-10-30,13,1084.7255936675463,865.8111111111111,402.77777777777777,730.7732514446764,865.8111111111111,-218.91448255643513
2025-10-30 13:00:00,2025-10-30,14,538.8179419525067,483.65999999999997,225.0,602.0304476341463,483.65999999999997,-55.15794195250669
2025-10-30 14:00:00,2025-10-30,15,872.0343007915568,901.637777777778,419.44444444444446,417.19793893664104,901.637777777778,29.603476986221153
2025-10-30 15:00:00,2025-10-30,16,623.8944591029024,503.65882855163807,234.3035116075726,195.25292633964384,503.65882855163807,-120.23563055126431
2025-10-30 16:00:00,2025-10-30,17,141.79419525065964,17.12961005719748,7.968743048566003,6.640619207138336,17.12961005719748,-124.66458519346216
2025-10-30 17:00:00,2025-10-30,18,0.0,0.0,0.0,0.0,0.0,0.0
2025-10-30 18:00:00,2025-10-30,19,0.0,0.0,0.0,0.0,0.0,0.0
2025-10-30 19:00:00,2025-10-30,20,0.0,0.0,0.0,0.0,0.0,0.0
2025-10-30 20:00:00,2025-10-30,21,0.0,0.0,0.0,0.0,0.0,0.0
2025-10-30 21:00:00,2025-10-30,22,0.0,0.0,0.0,0.0,0.0,0.0
2025-10-30 22:00:00,2025-10-30,23,0.0,0.0,0.0,0.0,0.0,0.0
2025-10-30 23:00:00,2025-10-30,24,0.0,0.0,0.0,0.0,0.0,0.0
2025-10-31 00:00:00,2025-10-31,1,0.0,0.0,0.0,0.0,0.0,0.0
2025-10-31 01:00:00,2025-10-31,2,0.0,0.0,0.0,0.0,0.0,0.0
2025-10-31 02:00:00,2025-10-31,3,0.0,0.0,0.0,0.0,0.0,0.0
2025-10-31 03:00:00,2025-10-31,4,0.0,0.0,0.0,0.0,0.0,0.0
2025-10-31 04:00:00,2025-10-31,5,0.0,0.0,0.0,0.0,0.0,0.0
2025-10-31 05:00:00,2025-10-31,6,0.0,0.0,0.0,0.0,0.0,0.0
2025-10-31 06:00:00,2025-10-31,7,14.179419525065963,35.826666666666675,16.666666666666668,136.08219233464885,35.826666666666675,21.64724714160071
2025-10-31 07:00:00,2025-10-31,8,49.62796833773087,95.53777777777778,44.44444444444444,361.6450471308848,95.53777777777778,45.90980944004691
2025-10-31 08:00:00,2025-10-31,9,155.9736147757256,214.96,100.0,557.7666695945188,214.96,58.986385224274414
2025-10-31 09:00:00,2025-10-31,10,382.844327176781,507.5444444444445,236.11111111111111,701.4984824254433,507.5444444444445,124.70011726766347
2025-10-31 10:00:00,2025-10-31,11,170.15303430079155,179.13333333333333,83.33333333333333,780.8338241770925,179.13333333333333,8.98029903254178
2025-10-31 11:00:00,2025-10-31,12,269.40897097625333,507.5444444444445,236.11111111111111,789.7032990134087,507.5444444444445,238.13547346819115
2025-10-31 12:00:00,2025-10-31,13,163.06332453825857,107.48,50.0,727.4433568683928,107.48,-55.583324538258566
2025-10-31 13:00:00,2025-10-31,14,127.61477572559367,143.3066666666667,66.66666666666667,598.7744974692301,143.3066666666667,15.691890941073027
2025-10-31 14:00:00,2025-10-31,15,70.89709762532982,77.62444444444446,36.111111111111114,414.0948619839571,77.62444444444446,6.7273468191146435
2025-10-31 15:00:00,2025-10-31,16,49.62796833773087,65.68222222222222,30.555555555555557,192.46503392531932,65.68222222222222,16.054253884491352
2025-10-31 16:00:00,2025-10-31,17,49.62796833773087,15.121820240677643,7.034713547021606,5.862261289184672,15.121820240677643,-34.50614809705323
2025-10-31 17:00:00,2025-10-31,18,0.0,0.0,0.0,0.0,0.0,0.0
2025-10-31 18:00:00,2025-10-31,19,0.0,0.0,0.0,0.0,0.0,0.0
2025-10-31 19:00:00,2025-10-31,20,0.0,0.0,0.0,0.0,0.0,0.0
2025-10-31 20:00:00,2025-10-31,21,0.0,0.0,0.0,0.0,0.0,0.0
2025-10-31 21:00:00,2025-10-31,22,0.0,0.0,0.0,0.0,0.0,0.0
2025-10-31 22:00:00,2025-10-31,23,0.0,0.0,0.0,0.0,0.0,0.0
2025-10-31 23:00:00,2025-10-31,24,0.0,0.0,0.0,0.0,0.0,0.0
